INFO - 11/13/25 19:08:42 - 0:00:00 - Namespace(backbone='gcn', coef_dis=1.0, dataset='airport', devices='0,1', downstream_task='LP', drop_cls=0.0, drop_edge_cls=0.0, edge_split_method='random', embed_features=16, epochs_cls=5000, epochs_lp=5000, eval_freq=1, exp_iters=1, gpu=0, hidden_features=32, hidden_features_cls=32, in_features=None, init_curvs=[-3, -1, 0, 1, 3], log_path='./results/Train/LP_gcn_airport_20251113_190842.log', lr_Riemann=0.01, lr_cls=0.01, lr_gating=0.001, min_epoch_cls=200, min_epoch_lp=200, n_heads=8, n_layers=2, num_factors=5, num_factors_cls=5, patience_cls=100, patience_lp=100, r=2.0, rl_actor_c_lr=0.0005, rl_actor_d_lr=0.0005, rl_aux_lp_coef=0.2, rl_batch_size=4, rl_critic_lr=0.001, rl_enable=True, rl_ensemble_num=3, rl_entropy_coef=0.01, rl_eps_clip_c=0.2, rl_eps_clip_d=0.2, rl_gamma=0.95, rl_init_log_std=0.0, rl_lambda=0.9, rl_max_action=1.0, rl_max_grad_norm=0.5, rl_min_hop_scale=0.2, rl_penalty_alpha_c=0.01, rl_penalty_alpha_d=0.01, rl_reward_scale=1.0, rl_state_dim=5, rl_target_log_std=-5.0, rl_temperature=1.0, root_path='./datasets', sample_hop=[2, 3], sample_node_cap=None, sample_node_ratio=None, t=1.0, version='Train', w_decay=0.0, w_decay_cls=0.0005, w_decay_gating=0.0)
INFO - 11/13/25 19:08:53 - 0:00:11 - Using RandomLinkSplit edge splitting method
INFO - 11/13/25 19:11:46 - 0:03:03 - 
                                     train iters 0
INFO - 11/13/25 19:11:46 - 0:03:04 - --------------------------Training Start-------------------------
INFO - 11/13/25 19:11:55 - 0:03:12 - Epoch 0: train_loss=3.3279709815979004, train_AUC=0.9177062151635245, train_AP=0.9038341628348425, time=8.580393314361572
INFO - 11/13/25 19:11:55 - 0:03:13 - Epoch 0: val_AUC=0.881572890335398, val_AP=0.8876811381140037
INFO - 11/13/25 19:11:58 - 0:03:15 - Epoch 1: train_loss=3.5881600379943848, train_AUC=0.8986769752115192, train_AP=0.8986525894391555, time=2.1131632328033447
INFO - 11/13/25 19:11:58 - 0:03:15 - Epoch 1: val_AUC=0.945059826180458, val_AP=0.9418477197042959
INFO - 11/13/25 19:11:58 - 0:03:16 - Epoch 2: train_loss=1.3036686182022095, train_AUC=0.9581319318325856, train_AP=0.9489245706184632, time=0.4546678066253662
INFO - 11/13/25 19:11:58 - 0:03:16 - Epoch 2: val_AUC=0.9471895943633827, val_AP=0.9449397053678377
INFO - 11/13/25 19:11:58 - 0:03:16 - Epoch 3: train_loss=1.3512253761291504, train_AUC=0.9591806117229453, train_AP=0.9510834117965223, time=0.24955034255981445
INFO - 11/13/25 19:11:59 - 0:03:16 - Epoch 3: val_AUC=0.9297753359922747, val_AP=0.9299433865039232
INFO - 11/13/25 19:11:59 - 0:03:16 - Epoch 4: train_loss=1.4702057838439941, train_AUC=0.9374976638245257, train_AP=0.9304490663602156, time=0.23591375350952148
INFO - 11/13/25 19:11:59 - 0:03:17 - Epoch 4: val_AUC=0.9322500666273632, val_AP=0.931966275009592
INFO - 11/13/25 19:11:59 - 0:03:17 - Epoch 5: train_loss=1.5587453842163086, train_AUC=0.9347751629238559, train_AP=0.9296257249220855, time=0.2387070655822754
INFO - 11/13/25 19:11:59 - 0:03:17 - Epoch 5: val_AUC=0.9429865903057475, val_AP=0.9402155813967894
INFO - 11/13/25 19:11:59 - 0:03:17 - Epoch 6: train_loss=1.4800171852111816, train_AUC=0.9542048505140945, train_AP=0.9443873332370856, time=0.2614309787750244
INFO - 11/13/25 19:12:00 - 0:03:17 - Epoch 6: val_AUC=0.9483040884396046, val_AP=0.9435576255154585
INFO - 11/13/25 19:12:00 - 0:03:18 - Epoch 7: train_loss=1.4700422286987305, train_AUC=0.957599042606534, train_AP=0.9469473379183371, time=0.24749541282653809
INFO - 11/13/25 19:12:00 - 0:03:18 - Epoch 7: val_AUC=0.9474826393896357, val_AP=0.9406943340907479
INFO - 11/13/25 19:12:00 - 0:03:18 - Epoch 8: train_loss=1.4223357439041138, train_AUC=0.9543301173643922, train_AP=0.9410086540859297, time=0.2311098575592041
INFO - 11/13/25 19:12:00 - 0:03:18 - Epoch 8: val_AUC=0.9451775056791895, val_AP=0.9369353636082218
INFO - 11/13/25 19:12:01 - 0:03:18 - Epoch 9: train_loss=1.3389711380004883, train_AUC=0.9526226225339013, train_AP=0.9396759079411062, time=0.23834466934204102
INFO - 11/13/25 19:12:01 - 0:03:18 - Epoch 9: val_AUC=0.9418144102007359, val_AP=0.9320769740127396
INFO - 11/13/25 19:12:01 - 0:03:19 - Epoch 10: train_loss=1.27150297164917, train_AUC=0.9490279245369441, train_AP=0.9337981291805382, time=0.2228696346282959
INFO - 11/13/25 19:12:01 - 0:03:19 - Epoch 10: val_AUC=0.9402441964970737, val_AP=0.9293108971680233
INFO - 11/13/25 19:12:01 - 0:03:19 - Epoch 11: train_loss=1.2630066871643066, train_AUC=0.9471522071304739, train_AP=0.9329388875868581, time=0.23900723457336426
INFO - 11/13/25 19:12:01 - 0:03:19 - Epoch 11: val_AUC=0.9384928486630109, val_AP=0.927109702505576
INFO - 11/13/25 19:12:02 - 0:03:19 - Epoch 12: train_loss=1.2511533498764038, train_AUC=0.945700273699391, train_AP=0.929012536102512, time=0.22938823699951172
INFO - 11/13/25 19:12:02 - 0:03:19 - Epoch 12: val_AUC=0.9394342846528627, val_AP=0.9284247328451437
INFO - 11/13/25 19:12:02 - 0:03:20 - Epoch 13: train_loss=1.2571965456008911, train_AUC=0.9488363696108835, train_AP=0.9344227682222204, time=0.2326211929321289
INFO - 11/13/25 19:12:02 - 0:03:20 - Epoch 13: val_AUC=0.9403826429661695, val_AP=0.9301512042948967
INFO - 11/13/25 19:12:02 - 0:03:20 - Epoch 14: train_loss=1.245013952255249, train_AUC=0.9487030977151525, train_AP=0.9328164392695817, time=0.260516881942749
INFO - 11/13/25 19:12:02 - 0:03:20 - Epoch 14: val_AUC=0.9418167176418876, val_AP=0.9319471496223679
INFO - 11/13/25 19:12:03 - 0:03:20 - Epoch 15: train_loss=1.236659049987793, train_AUC=0.9525293359946088, train_AP=0.9393588534070187, time=0.23462462425231934
INFO - 11/13/25 19:12:03 - 0:03:20 - Epoch 15: val_AUC=0.943569219196526, val_AP=0.9342692620031926
INFO - 11/13/25 19:12:03 - 0:03:21 - Epoch 16: train_loss=1.2122324705123901, train_AUC=0.953236886919227, train_AP=0.9394822687551444, time=0.2332315444946289
INFO - 11/13/25 19:12:03 - 0:03:21 - Epoch 16: val_AUC=0.9456459162329638, val_AP=0.936825955863367
INFO - 11/13/25 19:12:03 - 0:03:21 - Epoch 17: train_loss=1.204880714416504, train_AUC=0.9548235634759075, train_AP=0.9406067938340068, time=0.23461675643920898
INFO - 11/13/25 19:12:03 - 0:03:21 - Epoch 17: val_AUC=0.9465042843413584, val_AP=0.9377944473098059
INFO - 11/13/25 19:12:04 - 0:03:21 - Epoch 18: train_loss=1.1990022659301758, train_AUC=0.9565051263848455, train_AP=0.9430076457637204, time=0.23299121856689453
INFO - 11/13/25 19:12:04 - 0:03:21 - Epoch 18: val_AUC=0.9494774222651918, val_AP=0.9418651711297865
INFO - 11/13/25 19:12:04 - 0:03:22 - Epoch 19: train_loss=1.161476969718933, train_AUC=0.9603274094880746, train_AP=0.9482881622518974, time=0.2648429870605469
INFO - 11/13/25 19:12:04 - 0:03:22 - Epoch 19: val_AUC=0.9511503171001001, val_AP=0.9439756114281534
INFO - 11/13/25 19:12:04 - 0:03:22 - Epoch 20: train_loss=1.1692367792129517, train_AUC=0.9601589018363895, train_AP=0.9480207514824425, time=0.2485189437866211
INFO - 11/13/25 19:12:04 - 0:03:22 - Epoch 20: val_AUC=0.9523709534692955, val_AP=0.945195848926708
INFO - 11/13/25 19:12:05 - 0:03:22 - Epoch 21: train_loss=1.1543132066726685, train_AUC=0.9604692476097368, train_AP=0.9472806368413049, time=0.23620963096618652
INFO - 11/13/25 19:12:05 - 0:03:22 - Epoch 21: val_AUC=0.9532327827394171, val_AP=0.9459667401878004
INFO - 11/13/25 19:12:05 - 0:03:23 - Epoch 22: train_loss=1.1522135734558105, train_AUC=0.9619861912597472, train_AP=0.9498552562572273, time=0.22945833206176758
INFO - 11/13/25 19:12:05 - 0:03:23 - Epoch 22: val_AUC=0.9541765261704206, val_AP=0.947335644102057
INFO - 11/13/25 19:12:05 - 0:03:23 - Epoch 23: train_loss=1.1404955387115479, train_AUC=0.9621370770463824, train_AP=0.9492725542802473, time=0.23592042922973633
INFO - 11/13/25 19:12:05 - 0:03:23 - Epoch 23: val_AUC=0.954484569564159, val_AP=0.9475078990227258
INFO - 11/13/25 19:12:06 - 0:03:23 - Epoch 24: train_loss=1.1284382343292236, train_AUC=0.9635377835692402, train_AP=0.9518207228872495, time=0.23527741432189941
INFO - 11/13/25 19:12:06 - 0:03:23 - Epoch 24: val_AUC=0.9548179948105647, val_AP=0.9477057785267173
INFO - 11/13/25 19:12:06 - 0:03:24 - Epoch 25: train_loss=1.1236577033996582, train_AUC=0.9633183659816186, train_AP=0.9503996679566842, time=0.2767047882080078
INFO - 11/13/25 19:12:06 - 0:03:24 - Epoch 25: val_AUC=0.9550545075286034, val_AP=0.9477951779361641
INFO - 11/13/25 19:12:06 - 0:03:24 - Epoch 26: train_loss=1.1141765117645264, train_AUC=0.9633613825101606, train_AP=0.9507783470767268, time=0.2646498680114746
INFO - 11/13/25 19:12:06 - 0:03:24 - Epoch 26: val_AUC=0.9541822947732996, val_AP=0.9462099246536039
INFO - 11/13/25 19:12:07 - 0:03:24 - Epoch 27: train_loss=1.1209930181503296, train_AUC=0.9634153754501469, train_AP=0.9514015091335714, time=0.25565338134765625
INFO - 11/13/25 19:12:07 - 0:03:25 - Epoch 27: val_AUC=0.9553325541873712, val_AP=0.9483858581681384
INFO - 11/13/25 19:12:07 - 0:03:25 - Epoch 28: train_loss=1.117729902267456, train_AUC=0.963186312136631, train_AP=0.9507052670208646, time=0.26025915145874023
INFO - 11/13/25 19:12:07 - 0:03:25 - Epoch 28: val_AUC=0.9554929213474073, val_AP=0.9484832271327894
INFO - 11/13/25 19:12:07 - 0:03:25 - Epoch 29: train_loss=1.118947982788086, train_AUC=0.9614471699157144, train_AP=0.9478209217078326, time=0.25699925422668457
INFO - 11/13/25 19:12:08 - 0:03:25 - Epoch 29: val_AUC=0.9539411671729577, val_AP=0.9455976555239131
INFO - 11/13/25 19:12:08 - 0:03:26 - Epoch 30: train_loss=1.0962378978729248, train_AUC=0.9651799960630845, train_AP=0.9527511769496628, time=0.2648653984069824
INFO - 11/13/25 19:12:08 - 0:03:26 - Epoch 30: val_AUC=0.9543403544921841, val_AP=0.9475184311139844
INFO - 11/13/25 19:12:08 - 0:03:26 - Epoch 31: train_loss=1.0911853313446045, train_AUC=0.9659011080190963, train_AP=0.9541160341429977, time=0.26176023483276367
INFO - 11/13/25 19:12:08 - 0:03:26 - Epoch 31: val_AUC=0.9552483325853379, val_AP=0.9489224935456602
INFO - 11/13/25 19:12:09 - 0:03:26 - Epoch 32: train_loss=1.0855730772018433, train_AUC=0.9659993225803815, train_AP=0.9537441181270578, time=0.24923181533813477
INFO - 11/13/25 19:12:09 - 0:03:26 - Epoch 32: val_AUC=0.9562936034270116, val_AP=0.9499938264037953
INFO - 11/13/25 19:12:09 - 0:03:27 - Epoch 33: train_loss=1.0860177278518677, train_AUC=0.9661928222012048, train_AP=0.9542524494753841, time=0.25626492500305176
INFO - 11/13/25 19:12:09 - 0:03:27 - Epoch 33: val_AUC=0.9570539052864631, val_AP=0.9503295910474768
INFO - 11/13/25 19:12:09 - 0:03:27 - Epoch 34: train_loss=1.0854506492614746, train_AUC=0.9668034134957049, train_AP=0.9538686133687484, time=0.24710988998413086
INFO - 11/13/25 19:12:09 - 0:03:27 - Epoch 34: val_AUC=0.957192351755559, val_AP=0.9508503021241604
INFO - 11/13/25 19:12:10 - 0:03:27 - Epoch 35: train_loss=1.0858094692230225, train_AUC=0.9655204821133355, train_AP=0.9519035383252774, time=0.24082183837890625
INFO - 11/13/25 19:12:10 - 0:03:27 - Epoch 35: val_AUC=0.9573665635625045, val_AP=0.9510174043327144
INFO - 11/13/25 19:12:10 - 0:03:28 - Epoch 36: train_loss=1.070845365524292, train_AUC=0.9684711821294899, train_AP=0.9567171694681175, time=0.24625873565673828
INFO - 11/13/25 19:12:10 - 0:03:28 - Epoch 36: val_AUC=0.9568116239655453, val_AP=0.9501532390710041
INFO - 11/13/25 19:12:10 - 0:03:28 - Epoch 37: train_loss=1.0777539014816284, train_AUC=0.9660107664761131, train_AP=0.9539573356779143, time=0.22983694076538086
INFO - 11/13/25 19:12:10 - 0:03:28 - Epoch 37: val_AUC=0.9569096902144882, val_AP=0.9498820812578417
INFO - 11/13/25 19:12:11 - 0:03:28 - Epoch 38: train_loss=1.0686652660369873, train_AUC=0.9676231277558324, train_AP=0.9557047272906019, time=0.2452695369720459
INFO - 11/13/25 19:12:11 - 0:03:28 - Epoch 38: val_AUC=0.9558748028579966, val_AP=0.9489891106349064
INFO - 11/13/25 19:12:11 - 0:03:29 - Epoch 39: train_loss=1.0682098865509033, train_AUC=0.9676035661798607, train_AP=0.955754097311915, time=0.2476212978363037
INFO - 11/13/25 19:12:11 - 0:03:29 - Epoch 39: val_AUC=0.9567377858486942, val_AP=0.9489452342559622
INFO - 11/13/25 19:12:11 - 0:03:29 - Epoch 40: train_loss=1.0656890869140625, train_AUC=0.9670984937640327, train_AP=0.9550113871984949, time=0.23616623878479004
INFO - 11/13/25 19:12:11 - 0:03:29 - Epoch 40: val_AUC=0.9565497293948391, val_AP=0.9492473359241279
INFO - 11/13/25 19:12:12 - 0:03:29 - Epoch 41: train_loss=1.0653451681137085, train_AUC=0.9665660291612352, train_AP=0.9538787996914566, time=0.23845672607421875
INFO - 11/13/25 19:12:12 - 0:03:30 - Epoch 41: val_AUC=0.9568220074507274, val_AP=0.949247986775523
INFO - 11/13/25 19:12:12 - 0:03:30 - Epoch 42: train_loss=1.0582375526428223, train_AUC=0.9682787430700339, train_AP=0.9560412072029514, time=0.23713469505310059
INFO - 11/13/25 19:12:12 - 0:03:30 - Epoch 42: val_AUC=0.9561540032373399, val_AP=0.9487667976851527
INFO - 11/13/25 19:12:12 - 0:03:30 - Epoch 43: train_loss=1.0627691745758057, train_AUC=0.967439025665621, train_AP=0.9551003148851727, time=0.24745845794677734
INFO - 11/13/25 19:12:13 - 0:03:30 - Epoch 43: val_AUC=0.9566708700552977, val_AP=0.9489481147218597
INFO - 11/13/25 19:12:13 - 0:03:30 - Epoch 44: train_loss=1.0668222904205322, train_AUC=0.9675492762029498, train_AP=0.9562525031482156, time=0.2593808174133301
INFO - 11/13/25 19:12:13 - 0:03:31 - Epoch 44: val_AUC=0.9564816598808668, val_AP=0.9482753954015447
INFO - 11/13/25 19:12:13 - 0:03:31 - Epoch 45: train_loss=1.0567879676818848, train_AUC=0.9694499516884394, train_AP=0.9589593854610103, time=0.2476205825805664
INFO - 11/13/25 19:12:13 - 0:03:31 - Epoch 45: val_AUC=0.9563201390002549, val_AP=0.9494412732368291
INFO - 11/13/25 19:12:13 - 0:03:31 - Epoch 46: train_loss=1.0523797273635864, train_AUC=0.9696420119759785, train_AP=0.9590438315923872, time=0.25726771354675293
INFO - 11/13/25 19:12:14 - 0:03:31 - Epoch 46: val_AUC=0.9580911000841064, val_AP=0.9505713875563178
INFO - 11/13/25 19:12:14 - 0:03:32 - Epoch 47: train_loss=1.053126335144043, train_AUC=0.9687560076465518, train_AP=0.9564300085678484, time=0.2331087589263916
INFO - 11/13/25 19:12:14 - 0:03:32 - Epoch 47: val_AUC=0.9579226568800396, val_AP=0.9510357509145966
INFO - 11/13/25 19:12:14 - 0:03:32 - Epoch 48: train_loss=1.050793170928955, train_AUC=0.9698603809634514, train_AP=0.9586643228523847, time=0.23339629173278809
INFO - 11/13/25 19:12:14 - 0:03:32 - Epoch 48: val_AUC=0.9588923590239986, val_AP=0.9530734719086474
INFO - 11/13/25 19:12:14 - 0:03:32 - Epoch 49: train_loss=1.0498963594436646, train_AUC=0.9694414323106136, train_AP=0.9577420788277028, time=0.23243236541748047
INFO - 11/13/25 19:12:15 - 0:03:32 - Epoch 49: val_AUC=0.9595170987157937, val_AP=0.9533555466762362
INFO - 11/13/25 19:12:15 - 0:03:33 - Epoch 50: train_loss=1.050276279449463, train_AUC=0.9693836606223719, train_AP=0.9571051494089295, time=0.23431086540222168
INFO - 11/13/25 19:12:15 - 0:03:33 - Epoch 50: val_AUC=0.9599012876675348, val_AP=0.9536475799459134
INFO - 11/13/25 19:12:15 - 0:03:33 - Epoch 51: train_loss=1.0470523834228516, train_AUC=0.9704458945667477, train_AP=0.9589229713641221, time=0.23411250114440918
INFO - 11/13/25 19:12:15 - 0:03:33 - Epoch 51: val_AUC=0.9586471934016412, val_AP=0.9531119968384802
INFO - 11/13/25 19:12:16 - 0:03:33 - Epoch 52: train_loss=1.0445966720581055, train_AUC=0.9697213527313517, train_AP=0.9572433847836825, time=0.23705554008483887
INFO - 11/13/25 19:12:16 - 0:03:33 - Epoch 52: val_AUC=0.9605289116607693, val_AP=0.9544307506239366
INFO - 11/13/25 19:12:16 - 0:03:34 - Epoch 53: train_loss=1.044066071510315, train_AUC=0.9700432699867605, train_AP=0.9587901549708617, time=0.23567914962768555
INFO - 11/13/25 19:12:16 - 0:03:34 - Epoch 53: val_AUC=0.9603085510307917, val_AP=0.9534726418187834
INFO - 11/13/25 19:12:16 - 0:03:34 - Epoch 54: train_loss=1.0377984046936035, train_AUC=0.971212085364712, train_AP=0.9599336606078968, time=0.2482919692993164
INFO - 11/13/25 19:12:16 - 0:03:34 - Epoch 54: val_AUC=0.9608692592306298, val_AP=0.9542352634934066
INFO - 11/13/25 19:12:17 - 0:03:34 - Epoch 55: train_loss=1.0413806438446045, train_AUC=0.9702841151004287, train_AP=0.9585625341455581, time=0.2361011505126953
INFO - 11/13/25 19:12:17 - 0:03:34 - Epoch 55: val_AUC=0.960932713862299, val_AP=0.9544906999803766
INFO - 11/13/25 19:12:17 - 0:03:35 - Epoch 56: train_loss=1.0396344661712646, train_AUC=0.9707000594939044, train_AP=0.958939407814752, time=0.23504900932312012
INFO - 11/13/25 19:12:17 - 0:03:35 - Epoch 56: val_AUC=0.960914254333086, val_AP=0.9543178394631671
INFO - 11/13/25 19:12:17 - 0:03:35 - Epoch 57: train_loss=1.0390478372573853, train_AUC=0.9710871604059078, train_AP=0.9597569587768812, time=0.24126982688903809
INFO - 11/13/25 19:12:17 - 0:03:35 - Epoch 57: val_AUC=0.9607977285549303, val_AP=0.9541050993781811
INFO - 11/13/25 19:12:18 - 0:03:35 - Epoch 58: train_loss=1.039473295211792, train_AUC=0.9702975455551877, train_AP=0.9583394611719063, time=0.22882986068725586
INFO - 11/13/25 19:12:18 - 0:03:35 - Epoch 58: val_AUC=0.9602197145464552, val_AP=0.9534782830752222
INFO - 11/13/25 19:12:18 - 0:03:36 - Epoch 59: train_loss=1.0458152294158936, train_AUC=0.9688976005632363, train_AP=0.9572334318018093, time=0.22903990745544434
INFO - 11/13/25 19:12:18 - 0:03:36 - Epoch 59: val_AUC=0.9604435363381599, val_AP=0.9527389808693554
INFO - 11/13/25 19:12:18 - 0:03:36 - Epoch 60: train_loss=1.043558120727539, train_AUC=0.9702872210301473, train_AP=0.9588962662255245, time=0.21851754188537598
INFO - 11/13/25 19:12:18 - 0:03:36 - Epoch 60: val_AUC=0.9601654896793926, val_AP=0.9539486239211692
INFO - 11/13/25 19:12:19 - 0:03:36 - Epoch 61: train_loss=1.0319068431854248, train_AUC=0.9713036953398883, train_AP=0.9600039011611871, time=0.21929001808166504
INFO - 11/13/25 19:12:19 - 0:03:36 - Epoch 61: val_AUC=0.9595990128766753, val_AP=0.9530382186123361
INFO - 11/13/25 19:12:19 - 0:03:37 - Epoch 62: train_loss=1.039882779121399, train_AUC=0.970949525655755, train_AP=0.9597786727477058, time=0.2192542552947998
INFO - 11/13/25 19:12:19 - 0:03:37 - Epoch 62: val_AUC=0.9566720237758736, val_AP=0.9511908907236136
INFO - 11/13/25 19:12:19 - 0:03:37 - Epoch 63: train_loss=1.0296757221221924, train_AUC=0.9720726950306469, train_AP=0.9606518135086752, time=0.21878433227539062
INFO - 11/13/25 19:12:19 - 0:03:37 - Epoch 63: val_AUC=0.9606731267327442, val_AP=0.9541217859741743
INFO - 11/13/25 19:12:19 - 0:03:37 - Epoch 64: train_loss=1.0301769971847534, train_AUC=0.9707036069919367, train_AP=0.958889389805274, time=0.21827077865600586
INFO - 11/13/25 19:12:20 - 0:03:37 - Epoch 64: val_AUC=0.9601793343263023, val_AP=0.953543742311966
INFO - 11/13/25 19:12:20 - 0:03:37 - Epoch 65: train_loss=1.0297467708587646, train_AUC=0.97121982726334, train_AP=0.9594028989090506, time=0.23857688903808594
INFO - 11/13/25 19:12:20 - 0:03:38 - Epoch 65: val_AUC=0.961683785957144, val_AP=0.954576025128178
INFO - 11/13/25 19:12:20 - 0:03:38 - Epoch 66: train_loss=1.0326995849609375, train_AUC=0.9704606596941296, train_AP=0.958532918772057, time=0.2329094409942627
INFO - 11/13/25 19:12:20 - 0:03:38 - Epoch 66: val_AUC=0.9617103215303874, val_AP=0.9537712867748936
INFO - 11/13/25 19:12:20 - 0:03:38 - Epoch 67: train_loss=1.026147484779358, train_AUC=0.9717419743184746, train_AP=0.9606988319169195, time=0.23514819145202637
INFO - 11/13/25 19:12:21 - 0:03:38 - Epoch 67: val_AUC=0.9620875881586736, val_AP=0.954822332209179
INFO - 11/13/25 19:12:21 - 0:03:39 - Epoch 68: train_loss=1.027411937713623, train_AUC=0.9716362800085989, train_AP=0.9601483893290413, time=0.22889494895935059
INFO - 11/13/25 19:12:21 - 0:03:39 - Epoch 68: val_AUC=0.9621118162907653, val_AP=0.9551477915656867
INFO - 11/13/25 19:12:21 - 0:03:39 - Epoch 69: train_loss=1.0298348665237427, train_AUC=0.9709037580469746, train_AP=0.9597144167933493, time=0.24265527725219727
INFO - 11/13/25 19:12:21 - 0:03:39 - Epoch 69: val_AUC=0.9619606788953357, val_AP=0.9548227771410411
INFO - 11/13/25 19:12:22 - 0:03:39 - Epoch 70: train_loss=1.0275380611419678, train_AUC=0.9723280082347726, train_AP=0.9618041477927932, time=0.2585787773132324
INFO - 11/13/25 19:12:22 - 0:03:39 - Epoch 70: val_AUC=0.9616872471188713, val_AP=0.9547378419892552
INFO - 11/13/25 19:12:22 - 0:03:40 - Epoch 71: train_loss=1.0241913795471191, train_AUC=0.970703589050109, train_AP=0.9579728942862666, time=0.22917842864990234
INFO - 11/13/25 19:12:22 - 0:03:40 - Epoch 71: val_AUC=0.9618066571984665, val_AP=0.9543803538149364
INFO - 11/13/25 19:12:22 - 0:03:40 - Epoch 72: train_loss=1.018384337425232, train_AUC=0.9730892241626389, train_AP=0.9630936554386121, time=0.23624372482299805
INFO - 11/13/25 19:12:22 - 0:03:40 - Epoch 72: val_AUC=0.9611715340214892, val_AP=0.9537844656191312
INFO - 11/13/25 19:12:23 - 0:03:40 - Epoch 73: train_loss=1.0217416286468506, train_AUC=0.9705892547534549, train_AP=0.9575925282158761, time=0.22687697410583496
INFO - 11/13/25 19:12:23 - 0:03:40 - Epoch 73: val_AUC=0.960960403156118, val_AP=0.9532273722150002
INFO - 11/13/25 19:12:23 - 0:03:41 - Epoch 74: train_loss=1.0160503387451172, train_AUC=0.9729711759076628, train_AP=0.9621007077134291, time=0.22509765625
INFO - 11/13/25 19:12:23 - 0:03:41 - Epoch 74: val_AUC=0.961000783376271, val_AP=0.9536383380678948
INFO - 11/13/25 19:12:23 - 0:03:41 - Epoch 75: train_loss=1.0180660486221313, train_AUC=0.97274099621376, train_AP=0.9620514327287405, time=0.23698925971984863
INFO - 11/13/25 19:12:23 - 0:03:41 - Epoch 75: val_AUC=0.9595309433627034, val_AP=0.9526479343006339
INFO - 11/13/25 19:12:24 - 0:03:41 - Epoch 76: train_loss=1.0166983604431152, train_AUC=0.9722513966307378, train_AP=0.9612566218560831, time=0.229874849319458
INFO - 11/13/25 19:12:24 - 0:03:41 - Epoch 76: val_AUC=0.9615118815913499, val_AP=0.9537067363591346
INFO - 11/13/25 19:12:24 - 0:03:42 - Epoch 77: train_loss=1.018601894378662, train_AUC=0.9711123208288723, train_AP=0.9588626138791884, time=0.24002385139465332
INFO - 11/13/25 19:12:24 - 0:03:42 - Epoch 77: val_AUC=0.9615511080909271, val_AP=0.9538500608068281
INFO - 11/13/25 19:12:24 - 0:03:42 - Epoch 78: train_loss=1.0153977870941162, train_AUC=0.9717655757959706, train_AP=0.9600605247616953, time=0.25718069076538086
INFO - 11/13/25 19:12:24 - 0:03:42 - Epoch 78: val_AUC=0.9623125636709542, val_AP=0.9547490633115715
INFO - 11/13/25 19:12:25 - 0:03:42 - Epoch 79: train_loss=1.011657953262329, train_AUC=0.9726446874732779, train_AP=0.9617338855933563, time=0.2464463710784912
INFO - 11/13/25 19:12:25 - 0:03:42 - Epoch 79: val_AUC=0.9616964768834777, val_AP=0.9544773523654222
INFO - 11/13/25 19:12:25 - 0:03:43 - Epoch 80: train_loss=1.0086607933044434, train_AUC=0.9729183372252547, train_AP=0.9609911347362183, time=0.22840213775634766
INFO - 11/13/25 19:12:25 - 0:03:43 - Epoch 80: val_AUC=0.9626702170494519, val_AP=0.9550200171132297
INFO - 11/13/25 19:12:25 - 0:03:43 - Epoch 81: train_loss=1.0072685480117798, train_AUC=0.9732375642032852, train_AP=0.9626644625437397, time=0.24152374267578125
INFO - 11/13/25 19:12:25 - 0:03:43 - Epoch 81: val_AUC=0.9629747992814627, val_AP=0.9551827140784415
INFO - 11/13/25 19:12:26 - 0:03:43 - Epoch 82: train_loss=1.004863977432251, train_AUC=0.973079862515682, train_AP=0.9616896946417783, time=0.2418382167816162
INFO - 11/13/25 19:12:26 - 0:03:43 - Epoch 82: val_AUC=0.9622756446125289, val_AP=0.9548289514716326
INFO - 11/13/25 19:12:26 - 0:03:44 - Epoch 83: train_loss=1.001708745956421, train_AUC=0.9738263511933583, train_AP=0.9628828959284035, time=0.24949169158935547
INFO - 11/13/25 19:12:26 - 0:03:44 - Epoch 83: val_AUC=0.9631190143534376, val_AP=0.9552504556850453
INFO - 11/13/25 19:12:26 - 0:03:44 - Epoch 84: train_loss=1.003750205039978, train_AUC=0.9735417220396323, train_AP=0.962818682737669, time=0.23627281188964844
INFO - 11/13/25 19:12:26 - 0:03:44 - Epoch 84: val_AUC=0.962268722289074, val_AP=0.9549864915193323
INFO - 11/13/25 19:12:27 - 0:03:44 - Epoch 85: train_loss=1.0015919208526611, train_AUC=0.9730420780234346, train_AP=0.9608122432441013, time=0.24035406112670898
INFO - 11/13/25 19:12:27 - 0:03:44 - Epoch 85: val_AUC=0.9635003190037393, val_AP=0.9556041681888234
INFO - 11/13/25 19:12:27 - 0:03:45 - Epoch 86: train_loss=1.0000534057617188, train_AUC=0.9733394548457007, train_AP=0.9617997425601456, time=0.2398691177368164
INFO - 11/13/25 19:12:27 - 0:03:45 - Epoch 86: val_AUC=0.9642461993559932, val_AP=0.9561865906214335
INFO - 11/13/25 19:12:27 - 0:03:45 - Epoch 87: train_loss=0.9985477328300476, train_AUC=0.9734230049531925, train_AP=0.9617642600676957, time=0.24617767333984375
INFO - 11/13/25 19:12:27 - 0:03:45 - Epoch 87: val_AUC=0.963805478096038, val_AP=0.9560979618960695
INFO - 11/13/25 19:12:28 - 0:03:45 - Epoch 88: train_loss=0.9981855154037476, train_AUC=0.9736521191018869, train_AP=0.9625895865660044, time=0.25219178199768066
INFO - 11/13/25 19:12:28 - 0:03:45 - Epoch 88: val_AUC=0.9642946556201768, val_AP=0.9564656317574227
INFO - 11/13/25 19:12:28 - 0:03:46 - Epoch 89: train_loss=0.9944002628326416, train_AUC=0.9735135683217562, train_AP=0.9613471319425415, time=0.24161696434020996
INFO - 11/13/25 19:12:28 - 0:03:46 - Epoch 89: val_AUC=0.9658625618826874, val_AP=0.9574568957060912
INFO - 11/13/25 19:12:28 - 0:03:46 - Epoch 90: train_loss=1.0112228393554688, train_AUC=0.9724453756970666, train_AP=0.9604115823354897, time=0.24526762962341309
INFO - 11/13/25 19:12:28 - 0:03:46 - Epoch 90: val_AUC=0.9642496605177205, val_AP=0.9569468345378065
INFO - 11/13/25 19:12:29 - 0:03:46 - Epoch 91: train_loss=0.9932540059089661, train_AUC=0.9733850829069328, train_AP=0.9613787438380401, time=0.24055933952331543
INFO - 11/13/25 19:12:29 - 0:03:47 - Epoch 91: val_AUC=0.9648519026582877, val_AP=0.9556789704049939
INFO - 11/13/25 19:12:29 - 0:03:47 - Epoch 92: train_loss=0.9835367202758789, train_AUC=0.9750414096385229, train_AP=0.9635168704685708, time=0.24052810668945312
INFO - 11/13/25 19:12:29 - 0:03:47 - Epoch 92: val_AUC=0.9652337841688771, val_AP=0.9563390153278363
INFO - 11/13/25 19:12:29 - 0:03:47 - Epoch 93: train_loss=0.9875432252883911, train_AUC=0.9747575021449755, train_AP=0.9639894701675189, time=0.23541879653930664
INFO - 11/13/25 19:12:29 - 0:03:47 - Epoch 93: val_AUC=0.964401951633726, val_AP=0.955555349755984
INFO - 11/13/25 19:12:30 - 0:03:47 - Epoch 94: train_loss=0.9907601475715637, train_AUC=0.9755815762692202, train_AP=0.965519100627305, time=0.23627090454101562
INFO - 11/13/25 19:12:30 - 0:03:48 - Epoch 94: val_AUC=0.9614715013711969, val_AP=0.9543667450111026
INFO - 11/13/25 19:12:30 - 0:03:48 - Epoch 95: train_loss=0.9836219549179077, train_AUC=0.9755747553844114, train_AP=0.9649205535821841, time=0.24678277969360352
INFO - 11/13/25 19:12:30 - 0:03:48 - Epoch 95: val_AUC=0.9642381233119626, val_AP=0.9558729760732507
INFO - 11/13/25 19:12:30 - 0:03:48 - Epoch 96: train_loss=0.9861115217208862, train_AUC=0.9748853117509574, train_AP=0.9643107057919388, time=0.23785018920898438
INFO - 11/13/25 19:12:31 - 0:03:48 - Epoch 96: val_AUC=0.9655695168564344, val_AP=0.9564229966690124
INFO - 11/13/25 19:12:31 - 0:03:48 - Epoch 97: train_loss=0.98271644115448, train_AUC=0.9744988697027357, train_AP=0.9629314727577729, time=0.24393868446350098
INFO - 11/13/25 19:12:31 - 0:03:49 - Epoch 97: val_AUC=0.9659006346616887, val_AP=0.9566299482115926
INFO - 11/13/25 19:12:31 - 0:03:49 - Epoch 98: train_loss=0.9780405759811401, train_AUC=0.9754207168199519, train_AP=0.9639184901650889, time=0.23769307136535645
INFO - 11/13/25 19:12:31 - 0:03:49 - Epoch 98: val_AUC=0.9658706379267179, val_AP=0.9568558862880181
INFO - 11/13/25 19:12:31 - 0:03:49 - Epoch 99: train_loss=0.9798531532287598, train_AUC=0.9748583073068184, train_AP=0.9630634161278446, time=0.23285603523254395
INFO - 11/13/25 19:12:32 - 0:03:49 - Epoch 99: val_AUC=0.9665986356100471, val_AP=0.957259751772789
INFO - 11/13/25 19:12:32 - 0:03:49 - Epoch 100: train_loss=0.9807088971138, train_AUC=0.9739308324363316, train_AP=0.9616186226328333, time=0.23745226860046387
INFO - 11/13/25 19:12:32 - 0:03:50 - Epoch 100: val_AUC=0.9670462791934571, val_AP=0.9573807816048568
INFO - 11/13/25 19:12:32 - 0:03:50 - Epoch 101: train_loss=0.9809167981147766, train_AUC=0.9741739432041239, train_AP=0.9611660488622857, time=0.22614169120788574
INFO - 11/13/25 19:12:32 - 0:03:50 - Epoch 101: val_AUC=0.9669505203856656, val_AP=0.9580594302961042
INFO - 11/13/25 19:12:32 - 0:03:50 - Epoch 102: train_loss=0.976004421710968, train_AUC=0.9743813945894761, train_AP=0.9626918518553333, time=0.22381067276000977
INFO - 11/13/25 19:12:33 - 0:03:50 - Epoch 102: val_AUC=0.9677050536422381, val_AP=0.9587144431297677
INFO - 11/13/25 19:12:33 - 0:03:50 - Epoch 103: train_loss=0.9752956628799438, train_AUC=0.9753457329383916, train_AP=0.9636447639353687, time=0.24356365203857422
INFO - 11/13/25 19:12:33 - 0:03:51 - Epoch 103: val_AUC=0.9677246668920267, val_AP=0.9596334942953062
INFO - 11/13/25 19:12:33 - 0:03:51 - Epoch 104: train_loss=0.9711880087852478, train_AUC=0.9763904626363652, train_AP=0.96525455008883, time=0.24369001388549805
INFO - 11/13/25 19:12:33 - 0:03:51 - Epoch 104: val_AUC=0.9666551679182613, val_AP=0.9590839613373789
INFO - 11/13/25 19:12:33 - 0:03:51 - Epoch 105: train_loss=0.9737318754196167, train_AUC=0.9756567425593616, train_AP=0.9642175869293688, time=0.23611021041870117
INFO - 11/13/25 19:12:34 - 0:03:51 - Epoch 105: val_AUC=0.9678031198911811, val_AP=0.959263412058345
INFO - 11/13/25 19:12:34 - 0:03:52 - Epoch 106: train_loss=0.9725157618522644, train_AUC=0.9757955505056887, train_AP=0.9630862745416318, time=0.23283910751342773
INFO - 11/13/25 19:12:34 - 0:03:52 - Epoch 106: val_AUC=0.9676831329512979, val_AP=0.9593851213241728
INFO - 11/13/25 19:12:34 - 0:03:52 - Epoch 107: train_loss=0.9662124514579773, train_AUC=0.9765857703947078, train_AP=0.9654380694709251, time=0.23955941200256348
INFO - 11/13/25 19:12:34 - 0:03:52 - Epoch 107: val_AUC=0.967739665259512, val_AP=0.9593097145408073
INFO - 11/13/25 19:12:34 - 0:03:52 - Epoch 108: train_loss=0.9678184986114502, train_AUC=0.9765000911903358, train_AP=0.9654947889387664, time=0.23764777183532715
INFO - 11/13/25 19:12:35 - 0:03:52 - Epoch 108: val_AUC=0.96749853765917, val_AP=0.9592117283142982
INFO - 11/13/25 19:12:35 - 0:03:53 - Epoch 109: train_loss=0.9698594808578491, train_AUC=0.9759312455449196, train_AP=0.9644179432142381, time=0.22863125801086426
INFO - 11/13/25 19:12:35 - 0:03:53 - Epoch 109: val_AUC=0.9669839782823639, val_AP=0.9571708765802571
INFO - 11/13/25 19:12:35 - 0:03:53 - Epoch 110: train_loss=0.9675573110580444, train_AUC=0.9758731947615812, train_AP=0.9641394604607978, time=0.23059916496276855
INFO - 11/13/25 19:12:35 - 0:03:53 - Epoch 110: val_AUC=0.9681503897844964, val_AP=0.9577336147694739
INFO - 11/13/25 19:12:35 - 0:03:53 - Epoch 111: train_loss=0.9672529697418213, train_AUC=0.9759114507251886, train_AP=0.964090336305628, time=0.2288510799407959
INFO - 11/13/25 19:12:36 - 0:03:53 - Epoch 111: val_AUC=0.9672620249411314, val_AP=0.9574091289529888
INFO - 11/13/25 19:12:36 - 0:03:53 - Epoch 112: train_loss=0.9663246870040894, train_AUC=0.976477647957491, train_AP=0.9645058073029025, time=0.22501611709594727
INFO - 11/13/25 19:12:36 - 0:03:54 - Epoch 112: val_AUC=0.9674327755863497, val_AP=0.9573565320562435
INFO - 11/13/25 19:12:36 - 0:03:54 - Epoch 113: train_loss=0.967968761920929, train_AUC=0.9772460166939776, train_AP=0.966901219787127, time=0.2270357608795166
INFO - 11/13/25 19:12:36 - 0:03:54 - Epoch 113: val_AUC=0.9652176320808159, val_AP=0.9560732901823024
INFO - 11/13/25 19:12:36 - 0:03:54 - Epoch 114: train_loss=0.976588785648346, train_AUC=0.9745370489151914, train_AP=0.9632583316019353, time=0.22255563735961914
INFO - 11/13/25 19:12:37 - 0:03:54 - Epoch 114: val_AUC=0.9675769906583244, val_AP=0.9565865455967445
INFO - 11/13/25 19:12:37 - 0:03:54 - Epoch 115: train_loss=0.9640439748764038, train_AUC=0.9758309347801051, train_AP=0.9638923059729158, time=0.22180914878845215
INFO - 11/13/25 19:12:37 - 0:03:55 - Epoch 115: val_AUC=0.9667243911528092, val_AP=0.9570870881938364
INFO - 11/13/25 19:12:37 - 0:03:55 - Epoch 116: train_loss=0.9597020149230957, train_AUC=0.9763356912204127, train_AP=0.9650326655676549, time=0.2247319221496582
INFO - 11/13/25 19:12:37 - 0:03:55 - Epoch 116: val_AUC=0.9671743421773707, val_AP=0.9574273123956469
INFO - 11/13/25 19:12:37 - 0:03:55 - Epoch 117: train_loss=0.9627363085746765, train_AUC=0.976138471660658, train_AP=0.9645413491581919, time=0.22825360298156738
INFO - 11/13/25 19:12:37 - 0:03:55 - Epoch 117: val_AUC=0.9680142507565523, val_AP=0.9580151810852605
INFO - 11/13/25 19:12:38 - 0:03:55 - Epoch 118: train_loss=0.9583802223205566, train_AUC=0.9773436262169639, train_AP=0.9669509624518957, time=0.23372459411621094
INFO - 11/13/25 19:12:38 - 0:03:56 - Epoch 118: val_AUC=0.9667659250935379, val_AP=0.9576362601331277
INFO - 11/13/25 19:12:38 - 0:03:56 - Epoch 119: train_loss=0.9598585367202759, train_AUC=0.9771319146443148, train_AP=0.9661872810909484, time=0.23207688331604004
INFO - 11/13/25 19:12:38 - 0:03:56 - Epoch 119: val_AUC=0.9667243911528092, val_AP=0.9575655520181742
INFO - 11/13/25 19:12:38 - 0:03:56 - Epoch 120: train_loss=0.9616164565086365, train_AUC=0.9781792997327796, train_AP=0.9676902332282858, time=0.22891879081726074
INFO - 11/13/25 19:12:38 - 0:03:56 - Epoch 120: val_AUC=0.9659963934694801, val_AP=0.956502688823865
INFO - 11/13/25 19:12:39 - 0:03:56 - Epoch 121: train_loss=0.9558051824569702, train_AUC=0.9779818708517025, train_AP=0.9678778447087999, time=0.23164749145507812
INFO - 11/13/25 19:12:39 - 0:03:57 - Epoch 121: val_AUC=0.9658129518979282, val_AP=0.9562137466897218
INFO - 11/13/25 19:12:39 - 0:03:57 - Epoch 122: train_loss=0.9582323431968689, train_AUC=0.9765966810194511, train_AP=0.964909685896609, time=0.22803664207458496
INFO - 11/13/25 19:12:39 - 0:03:57 - Epoch 122: val_AUC=0.966489032155346, val_AP=0.9571396729993624
INFO - 11/13/25 19:12:39 - 0:03:57 - Epoch 123: train_loss=0.9625404477119446, train_AUC=0.9777415520316451, train_AP=0.9671197294951437, time=0.22751879692077637
INFO - 11/13/25 19:12:39 - 0:03:57 - Epoch 123: val_AUC=0.9677535099064217, val_AP=0.9577962146913807
INFO - 11/13/25 19:12:40 - 0:03:57 - Epoch 124: train_loss=0.9565228223800659, train_AUC=0.9776632309701431, train_AP=0.9670077505636596, time=0.23241925239562988
INFO - 11/13/25 19:12:40 - 0:03:58 - Epoch 124: val_AUC=0.9667278523145364, val_AP=0.9576431382281652
INFO - 11/13/25 19:12:40 - 0:03:58 - Epoch 125: train_loss=0.9502735137939453, train_AUC=0.9776322733433136, train_AP=0.9666641553214709, time=0.22907257080078125
INFO - 11/13/25 19:12:40 - 0:03:58 - Epoch 125: val_AUC=0.9669101401655128, val_AP=0.9574142947486062
INFO - 11/13/25 19:12:40 - 0:03:58 - Epoch 126: train_loss=0.9508039951324463, train_AUC=0.977925987042436, train_AP=0.9674530051594079, time=0.24135351181030273
INFO - 11/13/25 19:12:40 - 0:03:58 - Epoch 126: val_AUC=0.9667278523145365, val_AP=0.9569908220399759
INFO - 11/13/25 19:12:41 - 0:03:58 - Epoch 127: train_loss=0.9513822793960571, train_AUC=0.9771746540712963, train_AP=0.9660339715845676, time=0.22708368301391602
INFO - 11/13/25 19:12:41 - 0:03:59 - Epoch 127: val_AUC=0.9655637482535554, val_AP=0.9563205719370522
INFO - 11/13/25 19:12:41 - 0:03:59 - Epoch 128: train_loss=0.9501614570617676, train_AUC=0.9773435006241702, train_AP=0.9665643274837373, time=0.236281156539917
INFO - 11/13/25 19:12:41 - 0:03:59 - Epoch 128: val_AUC=0.9668905269157242, val_AP=0.9568339078573124
INFO - 11/13/25 19:12:41 - 0:03:59 - Epoch 129: train_loss=0.9522368907928467, train_AUC=0.9769804726610226, train_AP=0.965300548156333, time=0.23468422889709473
INFO - 11/13/25 19:12:41 - 0:03:59 - Epoch 129: val_AUC=0.9671443454423999, val_AP=0.9572238842566331
INFO - 11/13/25 19:12:42 - 0:03:59 - Epoch 130: train_loss=0.9493484497070312, train_AUC=0.9769336763874572, train_AP=0.9656261970315098, time=0.23052096366882324
INFO - 11/13/25 19:12:42 - 0:04:00 - Epoch 130: val_AUC=0.9684988133983878, val_AP=0.9584085821535251
INFO - 11/13/25 19:12:42 - 0:04:00 - Epoch 131: train_loss=0.9405426979064941, train_AUC=0.9781430343152724, train_AP=0.967604732215761, time=0.2341601848602295
INFO - 11/13/25 19:12:42 - 0:04:00 - Epoch 131: val_AUC=0.9682680692832281, val_AP=0.9587955606948869
INFO - 11/13/25 19:12:42 - 0:04:00 - Epoch 132: train_loss=0.9560929536819458, train_AUC=0.9781572282944744, train_AP=0.9672200981543495, time=0.2326641082763672
INFO - 11/13/25 19:12:42 - 0:04:00 - Epoch 132: val_AUC=0.9667117002264753, val_AP=0.9582878612290221
INFO - 11/13/25 19:12:43 - 0:04:00 - Epoch 133: train_loss=0.9436570405960083, train_AUC=0.9793636098724372, train_AP=0.9689396974529967, time=0.24240469932556152
INFO - 11/13/25 19:12:43 - 0:04:01 - Epoch 133: val_AUC=0.9677269743331783, val_AP=0.958749111880505
INFO - 11/13/25 19:12:43 - 0:04:01 - Epoch 134: train_loss=0.9495506286621094, train_AUC=0.9774501328929245, train_AP=0.9658253723319155, time=0.2291114330291748
INFO - 11/13/25 19:12:43 - 0:04:01 - Epoch 134: val_AUC=0.9669701336354544, val_AP=0.9581617068143411
INFO - 11/13/25 19:12:43 - 0:04:01 - Epoch 135: train_loss=0.9491276144981384, train_AUC=0.9786815782073363, train_AP=0.9690118331148369, time=0.23635458946228027
INFO - 11/13/25 19:12:44 - 0:04:01 - Epoch 135: val_AUC=0.9648022926735281, val_AP=0.9569392077997291
INFO - 11/13/25 19:12:44 - 0:04:01 - Epoch 136: train_loss=0.9542535543441772, train_AUC=0.9784888012434596, train_AP=0.9679657167136254, time=0.23630952835083008
INFO - 11/13/25 19:12:44 - 0:04:02 - Epoch 136: val_AUC=0.9629055760469148, val_AP=0.9562402332444139
INFO - 11/13/25 19:12:44 - 0:04:02 - Epoch 137: train_loss=0.9446165561676025, train_AUC=0.9777641328185018, train_AP=0.9659220750108647, time=0.2316577434539795
INFO - 11/13/25 19:12:44 - 0:04:02 - Epoch 137: val_AUC=0.9685703440740874, val_AP=0.9594780093811572
INFO - 11/13/25 19:12:44 - 0:04:02 - Epoch 138: train_loss=0.9358503818511963, train_AUC=0.9787482809386714, train_AP=0.9686465221527158, time=0.23332834243774414
INFO - 11/13/25 19:12:45 - 0:04:02 - Epoch 138: val_AUC=0.968285375091865, val_AP=0.9595868962021558
INFO - 11/13/25 19:12:45 - 0:04:02 - Epoch 139: train_loss=0.9373159408569336, train_AUC=0.9785630235941134, train_AP=0.9683740786084242, time=0.24386215209960938
INFO - 11/13/25 19:12:45 - 0:04:03 - Epoch 139: val_AUC=0.9695094726227876, val_AP=0.9614899064795998
INFO - 11/13/25 19:12:45 - 0:04:03 - Epoch 140: train_loss=0.9506495594978333, train_AUC=0.9786368751469959, train_AP=0.9684075091313453, time=0.23687338829040527
INFO - 11/13/25 19:12:45 - 0:04:03 - Epoch 140: val_AUC=0.9668201499606005, val_AP=0.9600371141500044
INFO - 11/13/25 19:12:45 - 0:04:03 - Epoch 141: train_loss=0.9448025822639465, train_AUC=0.9780879489173362, train_AP=0.9670239805015711, time=0.25213122367858887
INFO - 11/13/25 19:12:46 - 0:04:03 - Epoch 141: val_AUC=0.9685172729276006, val_AP=0.9603944273986423
INFO - 11/13/25 19:12:46 - 0:04:04 - Epoch 142: train_loss=0.9385595917701721, train_AUC=0.9782154226124339, train_AP=0.9668146202737137, time=0.26397085189819336
INFO - 11/13/25 19:12:46 - 0:04:04 - Epoch 142: val_AUC=0.9692937268751132, val_AP=0.9607791460907926
INFO - 11/13/25 19:12:46 - 0:04:04 - Epoch 143: train_loss=0.9374694228172302, train_AUC=0.9786485074319177, train_AP=0.967872254312248, time=0.252826452255249
INFO - 11/13/25 19:12:46 - 0:04:04 - Epoch 143: val_AUC=0.9685068894424183, val_AP=0.9605584662200323
INFO - 11/13/25 19:12:47 - 0:04:04 - Epoch 144: train_loss=0.9378684759140015, train_AUC=0.9786968696283289, train_AP=0.9673888092930066, time=0.25832295417785645
INFO - 11/13/25 19:12:47 - 0:04:04 - Epoch 144: val_AUC=0.9695083189022119, val_AP=0.9616170895206511
INFO - 11/13/25 19:12:47 - 0:04:05 - Epoch 145: train_loss=0.9389247894287109, train_AUC=0.9779168855519801, train_AP=0.9667054263941126, time=0.24843454360961914
INFO - 11/13/25 19:12:47 - 0:04:05 - Epoch 145: val_AUC=0.9681665418725577, val_AP=0.9610786447931974
INFO - 11/13/25 19:12:47 - 0:04:05 - Epoch 146: train_loss=0.9317412376403809, train_AUC=0.9795534354056668, train_AP=0.9698029479844963, time=0.2637443542480469
INFO - 11/13/25 19:12:47 - 0:04:05 - Epoch 146: val_AUC=0.9686614879995753, val_AP=0.9617216651329248
INFO - 11/13/25 19:12:48 - 0:04:05 - Epoch 147: train_loss=0.9314677715301514, train_AUC=0.9786583774306576, train_AP=0.9675432436279879, time=0.2519383430480957
INFO - 11/13/25 19:12:48 - 0:04:05 - Epoch 147: val_AUC=0.969449479152846, val_AP=0.9623053556142915
INFO - 11/13/25 19:12:48 - 0:04:06 - Epoch 148: train_loss=0.9299705028533936, train_AUC=0.9793378055372141, train_AP=0.9692408898554752, time=0.2552640438079834
INFO - 11/13/25 19:12:48 - 0:04:06 - Epoch 148: val_AUC=0.9684768927074476, val_AP=0.9616169138847351
INFO - 11/13/25 19:12:48 - 0:04:06 - Epoch 149: train_loss=0.9291684031486511, train_AUC=0.9792493473430939, train_AP=0.9680318921743805, time=0.2545478343963623
INFO - 11/13/25 19:12:48 - 0:04:06 - Epoch 149: val_AUC=0.9672389505296154, val_AP=0.9609141546785249
INFO - 11/13/25 19:12:49 - 0:04:06 - Epoch 150: train_loss=0.9311244487762451, train_AUC=0.9787070665670393, train_AP=0.9678843216490771, time=0.24750947952270508
INFO - 11/13/25 19:12:49 - 0:04:07 - Epoch 150: val_AUC=0.9671235784720356, val_AP=0.9608648867999083
INFO - 11/13/25 19:12:49 - 0:04:07 - Epoch 151: train_loss=0.9303088188171387, train_AUC=0.9790304351169508, train_AP=0.9683577630436975, time=0.25359487533569336
INFO - 11/13/25 19:12:49 - 0:04:07 - Epoch 151: val_AUC=0.9677604322298765, val_AP=0.9613095883863689
INFO - 11/13/25 19:12:49 - 0:04:07 - Epoch 152: train_loss=0.943151593208313, train_AUC=0.9789018510220755, train_AP=0.9686066775435015, time=0.2461686134338379
INFO - 11/13/25 19:12:50 - 0:04:07 - Epoch 152: val_AUC=0.9690675976422566, val_AP=0.9620155051517608
INFO - 11/13/25 19:12:50 - 0:04:07 - Epoch 153: train_loss=0.942253828048706, train_AUC=0.9795813359444195, train_AP=0.9699890558065697, time=0.24563908576965332
INFO - 11/13/25 19:12:50 - 0:04:08 - Epoch 153: val_AUC=0.963960076653195, val_AP=0.9602176152170168
INFO - 11/13/25 19:12:50 - 0:04:08 - Epoch 154: train_loss=0.9391118288040161, train_AUC=0.9802163630114009, train_AP=0.970427803870364, time=0.254030704498291
INFO - 11/13/25 19:12:50 - 0:04:08 - Epoch 154: val_AUC=0.9677488950241184, val_AP=0.9624475211690573
INFO - 11/13/25 19:12:51 - 0:04:08 - Epoch 155: train_loss=0.9303520917892456, train_AUC=0.9810009710954406, train_AP=0.9713612005991108, time=0.251209020614624
INFO - 11/13/25 19:12:51 - 0:04:08 - Epoch 155: val_AUC=0.9692095052730799, val_AP=0.96259712276284
INFO - 11/13/25 19:12:51 - 0:04:09 - Epoch 156: train_loss=0.9347858428955078, train_AUC=0.9791518614193646, train_AP=0.9687039342712682, time=0.24518465995788574
INFO - 11/13/25 19:12:51 - 0:04:09 - Epoch 156: val_AUC=0.9695971553865483, val_AP=0.9625640806648976
INFO - 11/13/25 19:12:51 - 0:04:09 - Epoch 157: train_loss=0.9490877985954285, train_AUC=0.9787343072452421, train_AP=0.9681168120754015, time=0.22856378555297852
INFO - 11/13/25 19:12:51 - 0:04:09 - Epoch 157: val_AUC=0.9696110000334579, val_AP=0.9629908701900982
INFO - 11/13/25 19:12:52 - 0:04:09 - Epoch 158: train_loss=0.9275385141372681, train_AUC=0.979502037053311, train_AP=0.9691968593816052, time=0.23483705520629883
INFO - 11/13/25 19:12:52 - 0:04:09 - Epoch 158: val_AUC=0.9678308091850003, val_AP=0.9619921451204092
INFO - 11/13/25 19:12:52 - 0:04:10 - Epoch 159: train_loss=0.9287832975387573, train_AUC=0.9802001027317153, train_AP=0.9703649152426461, time=0.2307126522064209
INFO - 11/13/25 19:12:52 - 0:04:10 - Epoch 159: val_AUC=0.9674258532628949, val_AP=0.961247249999801
INFO - 11/13/25 19:12:52 - 0:04:10 - Epoch 160: train_loss=0.9349561929702759, train_AUC=0.9803683203238537, train_AP=0.9705046706803218, time=0.24763154983520508
INFO - 11/13/25 19:12:52 - 0:04:10 - Epoch 160: val_AUC=0.9671893405448562, val_AP=0.9606735270576827
INFO - 11/13/25 19:12:53 - 0:04:10 - Epoch 161: train_loss=0.9307254552841187, train_AUC=0.9793386727255502, train_AP=0.9695606769753624, time=0.22945594787597656
INFO - 11/13/25 19:12:53 - 0:04:10 - Epoch 161: val_AUC=0.9668662987836324, val_AP=0.9600305265649453
INFO - 11/13/25 19:12:53 - 0:04:11 - Epoch 162: train_loss=0.9264940023422241, train_AUC=0.9787022491863173, train_AP=0.9678083700137167, time=0.23137164115905762
INFO - 11/13/25 19:12:53 - 0:04:11 - Epoch 162: val_AUC=0.967109733825126, val_AP=0.9597963026604966
INFO - 11/13/25 19:12:53 - 0:04:11 - Epoch 163: train_loss=0.9366596937179565, train_AUC=0.9785988374756249, train_AP=0.9673009935562353, time=0.24160981178283691
INFO - 11/13/25 19:12:53 - 0:04:11 - Epoch 163: val_AUC=0.9679600258894897, val_AP=0.9605648911358404
INFO - 11/13/25 19:12:54 - 0:04:11 - Epoch 164: train_loss=0.9381909370422363, train_AUC=0.9783747719578756, train_AP=0.9667838640405293, time=0.23714661598205566
INFO - 11/13/25 19:12:54 - 0:04:11 - Epoch 164: val_AUC=0.9685218878099039, val_AP=0.9619250801428718
INFO - 11/13/25 19:12:54 - 0:04:12 - Epoch 165: train_loss=0.9216181039810181, train_AUC=0.9793318857308602, train_AP=0.9688847629934313, time=0.22447419166564941
INFO - 11/13/25 19:12:54 - 0:04:12 - Epoch 165: val_AUC=0.9683649818115951, val_AP=0.962529537258541
INFO - 11/13/25 19:12:54 - 0:04:12 - Epoch 166: train_loss=0.9371020197868347, train_AUC=0.97988301880532, train_AP=0.9702634954932161, time=0.2235724925994873
INFO - 11/13/25 19:12:54 - 0:04:12 - Epoch 166: val_AUC=0.9673081737641633, val_AP=0.9623117114924652
INFO - 11/13/25 19:12:55 - 0:04:12 - Epoch 167: train_loss=0.9351980686187744, train_AUC=0.9793128175551487, train_AP=0.9687808263773727, time=0.24957823753356934
INFO - 11/13/25 19:12:55 - 0:04:12 - Epoch 167: val_AUC=0.9680627070207358, val_AP=0.9620753413196687
INFO - 11/13/25 19:12:55 - 0:04:13 - Epoch 168: train_loss=0.9253969192504883, train_AUC=0.9796533414825912, train_AP=0.9695064499634962, time=0.2348799705505371
INFO - 11/13/25 19:12:55 - 0:04:13 - Epoch 168: val_AUC=0.967390087925045, val_AP=0.960833911785024
INFO - 11/13/25 19:12:55 - 0:04:13 - Epoch 169: train_loss=0.9235204458236694, train_AUC=0.9795275612966694, train_AP=0.9696382792700518, time=0.2287607192993164
INFO - 11/13/25 19:12:55 - 0:04:13 - Epoch 169: val_AUC=0.9665271049343475, val_AP=0.9601228928886509
INFO - 11/13/25 19:12:56 - 0:04:13 - Epoch 170: train_loss=0.9380240440368652, train_AUC=0.9783338227265854, train_AP=0.9673881593205859, time=0.2606945037841797
INFO - 11/13/25 19:12:56 - 0:04:13 - Epoch 170: val_AUC=0.9681330839758595, val_AP=0.9612694181537681
INFO - 11/13/25 19:12:56 - 0:04:14 - Epoch 171: train_loss=0.9586336612701416, train_AUC=0.9776587504970735, train_AP=0.9662236594009403, time=0.23056554794311523
INFO - 11/13/25 19:12:56 - 0:04:14 - Epoch 171: val_AUC=0.9691887383027156, val_AP=0.9613304050496412
INFO - 11/13/25 19:12:56 - 0:04:14 - Epoch 172: train_loss=0.9167190790176392, train_AUC=0.9804675725208374, train_AP=0.9707474249877409, time=0.23233628273010254
INFO - 11/13/25 19:12:56 - 0:04:14 - Epoch 172: val_AUC=0.9674166234982885, val_AP=0.961473437695012
INFO - 11/13/25 19:12:57 - 0:04:14 - Epoch 173: train_loss=0.9391295909881592, train_AUC=0.9808910395239365, train_AP=0.9713800887104393, time=0.25989198684692383
INFO - 11/13/25 19:12:57 - 0:04:14 - Epoch 173: val_AUC=0.9670382031494266, val_AP=0.961585875190017
INFO - 11/13/25 19:12:57 - 0:04:15 - Epoch 174: train_loss=0.9333482980728149, train_AUC=0.9805120353600411, train_AP=0.9704884488309058, time=0.24051547050476074
INFO - 11/13/25 19:12:57 - 0:04:15 - Epoch 174: val_AUC=0.966707085344172, val_AP=0.9612571336464044
INFO - 11/13/25 19:12:57 - 0:04:15 - Epoch 175: train_loss=0.9228078126907349, train_AUC=0.9795506504353093, train_AP=0.9681856283037522, time=0.23007822036743164
INFO - 11/13/25 19:12:57 - 0:04:15 - Epoch 175: val_AUC=0.9685172729276006, val_AP=0.9623127891332267
INFO - 11/13/25 19:12:58 - 0:04:15 - Epoch 176: train_loss=0.921258807182312, train_AUC=0.9803026173510256, train_AP=0.9703407111257905, time=0.21879196166992188
INFO - 11/13/25 19:12:58 - 0:04:15 - Epoch 176: val_AUC=0.9674627723213204, val_AP=0.9608809692034247
INFO - 11/13/25 19:12:58 - 0:04:16 - Epoch 177: train_loss=0.9269125461578369, train_AUC=0.9803540675353279, train_AP=0.9707733875917759, time=0.22492432594299316
INFO - 11/13/25 19:12:58 - 0:04:16 - Epoch 177: val_AUC=0.9671328082366418, val_AP=0.9604743469482288
INFO - 11/13/25 19:12:58 - 0:04:16 - Epoch 178: train_loss=0.9241783618927002, train_AUC=0.9807173815709497, train_AP=0.9715469623048361, time=0.22723126411437988
INFO - 11/13/25 19:12:58 - 0:04:16 - Epoch 178: val_AUC=0.9641365959012922, val_AP=0.959170210259008
INFO - 11/13/25 19:12:59 - 0:04:16 - Epoch 179: train_loss=0.9139629602432251, train_AUC=0.9811809944101678, train_AP=0.9718969976327674, time=0.21943426132202148
INFO - 11/13/25 19:12:59 - 0:04:16 - Epoch 179: val_AUC=0.9672747158674653, val_AP=0.9612444268675147
INFO - 11/13/25 19:12:59 - 0:04:17 - Epoch 180: train_loss=0.9211357831954956, train_AUC=0.9798120578802244, train_AP=0.9695187859363055, time=0.22040486335754395
INFO - 11/13/25 19:12:59 - 0:04:17 - Epoch 180: val_AUC=0.96702897338482, val_AP=0.9611113898216014
INFO - 11/13/25 19:12:59 - 0:04:17 - Epoch 181: train_loss=0.917814314365387, train_AUC=0.9807024140996228, train_AP=0.9710952153944021, time=0.2222304344177246
INFO - 11/13/25 19:12:59 - 0:04:17 - Epoch 181: val_AUC=0.9680569384178568, val_AP=0.9621147864953804
INFO - 11/13/25 19:13:00 - 0:04:17 - Epoch 182: train_loss=0.9181066155433655, train_AUC=0.9804681207433488, train_AP=0.9709322980125668, time=0.22417116165161133
INFO - 11/13/25 19:13:00 - 0:04:17 - Epoch 182: val_AUC=0.9680753979470695, val_AP=0.9618757371289757
INFO - 11/13/25 19:13:00 - 0:04:18 - Epoch 183: train_loss=0.921065092086792, train_AUC=0.9815886237632993, train_AP=0.9727527278032134, time=0.22404766082763672
INFO - 11/13/25 19:13:00 - 0:04:18 - Epoch 183: val_AUC=0.9628351990917912, val_AP=0.9592385424008554
INFO - 11/13/25 19:13:00 - 0:04:18 - Epoch 184: train_loss=0.9205626249313354, train_AUC=0.9788734471153806, train_AP=0.9677666136070545, time=0.2259058952331543
INFO - 11/13/25 19:13:00 - 0:04:18 - Epoch 184: val_AUC=0.9688956932764625, val_AP=0.9621396112428174
INFO - 11/13/25 19:13:01 - 0:04:18 - Epoch 185: train_loss=0.914736270904541, train_AUC=0.9807003966407812, train_AP=0.9707104515750965, time=0.23030376434326172
INFO - 11/13/25 19:13:01 - 0:04:18 - Epoch 185: val_AUC=0.9686430284703627, val_AP=0.962338270634936
INFO - 11/13/25 19:13:01 - 0:04:19 - Epoch 186: train_loss=0.921853244304657, train_AUC=0.9794540237257705, train_AP=0.9687350696196564, time=0.2569544315338135
INFO - 11/13/25 19:13:01 - 0:04:19 - Epoch 186: val_AUC=0.9692810359487795, val_AP=0.9635017879064127
INFO - 11/13/25 19:13:01 - 0:04:19 - Epoch 187: train_loss=0.9146732091903687, train_AUC=0.9806603275558137, train_AP=0.9705474809979597, time=0.23269200325012207
INFO - 11/13/25 19:13:01 - 0:04:19 - Epoch 187: val_AUC=0.9686141854559676, val_AP=0.9633064677157486
INFO - 11/13/25 19:13:02 - 0:04:19 - Epoch 188: train_loss=0.9186172485351562, train_AUC=0.9803041852674079, train_AP=0.97081602267688, time=0.23394346237182617
INFO - 11/13/25 19:13:02 - 0:04:19 - Epoch 188: val_AUC=0.9690202950986488, val_AP=0.9634783701493799
INFO - 11/13/25 19:13:02 - 0:04:20 - Epoch 189: train_loss=0.9194708466529846, train_AUC=0.9799814277364045, train_AP=0.9697420953261573, time=0.2355031967163086
INFO - 11/13/25 19:13:02 - 0:04:20 - Epoch 189: val_AUC=0.9676935164364802, val_AP=0.9619390750569157
INFO - 11/13/25 19:13:02 - 0:04:20 - Epoch 190: train_loss=0.913522481918335, train_AUC=0.9809649020412693, train_AP=0.9708108295942057, time=0.22766399383544922
INFO - 11/13/25 19:13:02 - 0:04:20 - Epoch 190: val_AUC=0.9664728800672849, val_AP=0.9606162308756696
INFO - 11/13/25 19:13:03 - 0:04:20 - Epoch 191: train_loss=0.9161276817321777, train_AUC=0.9805070246062877, train_AP=0.9709391605051974, time=0.2530338764190674
INFO - 11/13/25 19:13:03 - 0:04:20 - Epoch 191: val_AUC=0.9661152266887874, val_AP=0.960486297508613
INFO - 11/13/25 19:13:03 - 0:04:21 - Epoch 192: train_loss=0.9211293458938599, train_AUC=0.98017185432086, train_AP=0.9702985351169522, time=0.2316434383392334
INFO - 11/13/25 19:13:03 - 0:04:21 - Epoch 192: val_AUC=0.9674777706888059, val_AP=0.961542213157913
INFO - 11/13/25 19:13:03 - 0:04:21 - Epoch 193: train_loss=0.9109536409378052, train_AUC=0.9811568367360151, train_AP=0.9719750830591636, time=0.22467947006225586
INFO - 11/13/25 19:13:03 - 0:04:21 - Epoch 193: val_AUC=0.9675343029970199, val_AP=0.9618945750871531
INFO - 11/13/25 19:13:04 - 0:04:21 - Epoch 194: train_loss=0.9087324738502502, train_AUC=0.9820640463121793, train_AP=0.9731482846214206, time=0.22919869422912598
INFO - 11/13/25 19:13:04 - 0:04:21 - Epoch 194: val_AUC=0.9682357651071057, val_AP=0.9626569480766114
INFO - 11/13/25 19:13:04 - 0:04:22 - Epoch 195: train_loss=0.91337651014328, train_AUC=0.9809186639578973, train_AP=0.9713789439672869, time=0.2313237190246582
INFO - 11/13/25 19:13:04 - 0:04:22 - Epoch 195: val_AUC=0.9689014618793417, val_AP=0.963553261346219
INFO - 11/13/25 19:13:04 - 0:04:22 - Epoch 196: train_loss=0.909553587436676, train_AUC=0.9819522996257786, train_AP=0.9724247672200295, time=0.24966120719909668
INFO - 11/13/25 19:13:04 - 0:04:22 - Epoch 196: val_AUC=0.9675573774085358, val_AP=0.9616947672530864
INFO - 11/13/25 19:13:05 - 0:04:22 - Epoch 197: train_loss=0.9094946980476379, train_AUC=0.9815705593331675, train_AP=0.9727945837897961, time=0.22343850135803223
INFO - 11/13/25 19:13:05 - 0:04:22 - Epoch 197: val_AUC=0.9684122843552029, val_AP=0.962459687084847
INFO - 11/13/25 19:13:05 - 0:04:23 - Epoch 198: train_loss=0.911923885345459, train_AUC=0.9811875830479856, train_AP=0.9722817821048724, time=0.22977733612060547
INFO - 11/13/25 19:13:05 - 0:04:23 - Epoch 198: val_AUC=0.9684792001485991, val_AP=0.9625329880240518
INFO - 11/13/25 19:13:05 - 0:04:23 - Epoch 199: train_loss=0.911696195602417, train_AUC=0.98103099176016, train_AP=0.9710403157718575, time=0.237687349319458
INFO - 11/13/25 19:13:05 - 0:04:23 - Epoch 199: val_AUC=0.9677950438471505, val_AP=0.9618388650657864
INFO - 11/13/25 19:13:06 - 0:04:23 - Epoch 200: train_loss=0.9092169404029846, train_AUC=0.9816234767602637, train_AP=0.9733370489251743, time=0.23627233505249023
INFO - 11/13/25 19:13:06 - 0:04:23 - Epoch 200: val_AUC=0.9668951417980273, val_AP=0.9615383854677171
INFO - 11/13/25 19:13:06 - 0:04:24 - Epoch 201: train_loss=0.9112269878387451, train_AUC=0.980628127955804, train_AP=0.9707729981566944, time=0.2569451332092285
INFO - 11/13/25 19:13:06 - 0:04:24 - Epoch 201: val_AUC=0.9686568731172722, val_AP=0.9624036714575801
INFO - 11/13/25 19:13:06 - 0:04:24 - Epoch 202: train_loss=0.9151269197463989, train_AUC=0.9809264527046307, train_AP=0.9705603741618224, time=0.23403644561767578
INFO - 11/13/25 19:13:06 - 0:04:24 - Epoch 202: val_AUC=0.9682784527684102, val_AP=0.9631791174798063
INFO - 11/13/25 19:13:07 - 0:04:24 - Epoch 203: train_loss=0.9134293794631958, train_AUC=0.9824173567821219, train_AP=0.9738561997544362, time=0.22804927825927734
INFO - 11/13/25 19:13:07 - 0:04:24 - Epoch 203: val_AUC=0.9669839782823639, val_AP=0.9617656602445828
INFO - 11/13/25 19:13:07 - 0:04:25 - Epoch 204: train_loss=0.908473551273346, train_AUC=0.981270718499905, train_AP=0.9717486629977072, time=0.23061847686767578
INFO - 11/13/25 19:13:07 - 0:04:25 - Epoch 204: val_AUC=0.965262627183272, val_AP=0.9605253547871109
INFO - 11/13/25 19:13:07 - 0:04:25 - Epoch 205: train_loss=0.9228627681732178, train_AUC=0.9804493625625482, train_AP=0.970401396763168, time=0.2393205165863037
INFO - 11/13/25 19:13:07 - 0:04:25 - Epoch 205: val_AUC=0.9687376335575782, val_AP=0.9629315110031714
INFO - 11/13/25 19:13:08 - 0:04:25 - Epoch 206: train_loss=0.91900634765625, train_AUC=0.9800233308748645, train_AP=0.9699950255213035, time=0.2540099620819092
INFO - 11/13/25 19:13:08 - 0:04:25 - Epoch 206: val_AUC=0.9674535425567141, val_AP=0.9617861301423766
INFO - 11/13/25 19:13:08 - 0:04:26 - Epoch 207: train_loss=0.9124462604522705, train_AUC=0.9823954687491658, train_AP=0.9740892319211205, time=0.23082828521728516
INFO - 11/13/25 19:13:08 - 0:04:26 - Epoch 207: val_AUC=0.9654576059605819, val_AP=0.9621134837324917
INFO - 11/13/25 19:13:08 - 0:04:26 - Epoch 208: train_loss=0.9155942797660828, train_AUC=0.9821963184494031, train_AP=0.9727561915658356, time=0.23166775703430176
INFO - 11/13/25 19:13:08 - 0:04:26 - Epoch 208: val_AUC=0.9684111306346272, val_AP=0.9640056762516608
INFO - 11/13/25 19:13:09 - 0:04:26 - Epoch 209: train_loss=0.9121582508087158, train_AUC=0.9825943030734083, train_AP=0.9736571000826664, time=0.2301928997039795
INFO - 11/13/25 19:13:09 - 0:04:26 - Epoch 209: val_AUC=0.966794768107933, val_AP=0.961630680564117
INFO - 11/13/25 19:13:09 - 0:04:27 - Epoch 210: train_loss=0.9270975589752197, train_AUC=0.9799762355708383, train_AP=0.9702046792317685, time=0.2473306655883789
INFO - 11/13/25 19:13:09 - 0:04:27 - Epoch 210: val_AUC=0.9681573121079513, val_AP=0.9619237519418653
INFO - 11/13/25 19:13:09 - 0:04:27 - Epoch 211: train_loss=0.9186829924583435, train_AUC=0.9816649762076015, train_AP=0.9718055187544444, time=0.26064181327819824
INFO - 11/13/25 19:13:09 - 0:04:27 - Epoch 211: val_AUC=0.9680569384178568, val_AP=0.9630556674912631
INFO - 11/13/25 19:13:10 - 0:04:27 - Epoch 212: train_loss=0.9075859785079956, train_AUC=0.981678488397353, train_AP=0.9721649103479567, time=0.23348093032836914
INFO - 11/13/25 19:13:10 - 0:04:27 - Epoch 212: val_AUC=0.965836026309444, val_AP=0.9617342652532765
INFO - 11/13/25 19:13:10 - 0:04:28 - Epoch 213: train_loss=0.9076481461524963, train_AUC=0.983063410098958, train_AP=0.9747376583691152, time=0.23087525367736816
INFO - 11/13/25 19:13:10 - 0:04:28 - Epoch 213: val_AUC=0.9661036894830295, val_AP=0.9619275221050415
INFO - 11/13/25 19:13:10 - 0:04:28 - Epoch 214: train_loss=0.9095245003700256, train_AUC=0.9816915789541549, train_AP=0.9726207437864479, time=0.24499106407165527
INFO - 11/13/25 19:13:10 - 0:04:28 - Epoch 214: val_AUC=0.9666413232713518, val_AP=0.9621176548253872
INFO - 11/13/25 19:13:11 - 0:04:28 - Epoch 215: train_loss=0.9046709537506104, train_AUC=0.9817384459982625, train_AP=0.9721408306377485, time=0.23287129402160645
INFO - 11/13/25 19:13:11 - 0:04:28 - Epoch 215: val_AUC=0.9668028441519635, val_AP=0.9619502689528581
INFO - 11/13/25 19:13:11 - 0:04:29 - Epoch 216: train_loss=0.9061242341995239, train_AUC=0.9818466561510811, train_AP=0.9730576797325997, time=0.2365877628326416
INFO - 11/13/25 19:13:11 - 0:04:29 - Epoch 216: val_AUC=0.9662011788716843, val_AP=0.961520825441168
INFO - 11/13/25 19:13:11 - 0:04:29 - Epoch 217: train_loss=0.9066120386123657, train_AUC=0.9815966028927593, train_AP=0.9722283517453842, time=0.22533369064331055
INFO - 11/13/25 19:13:11 - 0:04:29 - Epoch 217: val_AUC=0.9661706052764255, val_AP=0.9614187334658252
INFO - 11/13/25 19:13:12 - 0:04:29 - Epoch 218: train_loss=0.9060510396957397, train_AUC=0.9810268342399877, train_AP=0.971153239802821, time=0.23106980323791504
INFO - 11/13/25 19:13:12 - 0:04:30 - Epoch 218: val_AUC=0.9654356852696419, val_AP=0.961309045056795
INFO - 11/13/25 19:13:12 - 0:04:30 - Epoch 219: train_loss=0.9094420075416565, train_AUC=0.9826614752825668, train_AP=0.9737576878814307, time=0.2594156265258789
INFO - 11/13/25 19:13:12 - 0:04:30 - Epoch 219: val_AUC=0.9597536114338324, val_AP=0.9586157695692873
INFO - 11/13/25 19:13:12 - 0:04:30 - Epoch 220: train_loss=0.9078719615936279, train_AUC=0.9813021784979086, train_AP=0.9714721076778898, time=0.22848844528198242
INFO - 11/13/25 19:13:12 - 0:04:30 - Epoch 220: val_AUC=0.9690295248632552, val_AP=0.9639173198838268
INFO - 11/13/25 19:13:13 - 0:04:30 - Epoch 221: train_loss=0.9065154790878296, train_AUC=0.9814004468846765, train_AP=0.9716438761803851, time=0.23021578788757324
INFO - 11/13/25 19:13:13 - 0:04:31 - Epoch 221: val_AUC=0.9668951417980273, val_AP=0.9623951765985417
INFO - 11/13/25 19:13:13 - 0:04:31 - Epoch 222: train_loss=0.8998218178749084, train_AUC=0.9821061079367832, train_AP=0.9725977533976977, time=0.25136399269104004
INFO - 11/13/25 19:13:13 - 0:04:31 - Epoch 222: val_AUC=0.9688645428209159, val_AP=0.9633393072730627
INFO - 11/13/25 19:13:13 - 0:04:31 - Epoch 223: train_loss=0.9014159440994263, train_AUC=0.981832578793759, train_AP=0.9725826566488831, time=0.2424919605255127
INFO - 11/13/25 19:13:14 - 0:04:31 - Epoch 223: val_AUC=0.9679461812425803, val_AP=0.9624716836767546
INFO - 11/13/25 19:13:14 - 0:04:31 - Epoch 224: train_loss=0.900285005569458, train_AUC=0.9821122569998237, train_AP=0.9730943327134556, time=0.23329401016235352
INFO - 11/13/25 19:13:14 - 0:04:32 - Epoch 224: val_AUC=0.9687641691308216, val_AP=0.9631364486617876
INFO - 11/13/25 19:13:14 - 0:04:32 - Epoch 225: train_loss=0.9022496938705444, train_AUC=0.981911841801212, train_AP=0.9728761794181333, time=0.23471522331237793
INFO - 11/13/25 19:13:14 - 0:04:32 - Epoch 225: val_AUC=0.969225657361141, val_AP=0.9635162122533178
INFO - 11/13/25 19:13:14 - 0:04:32 - Epoch 226: train_loss=0.9066296219825745, train_AUC=0.981040936516515, train_AP=0.9714279935301868, time=0.24383854866027832
INFO - 11/13/25 19:13:15 - 0:04:32 - Epoch 226: val_AUC=0.9690214488192247, val_AP=0.9637508035209958
INFO - 11/13/25 19:13:15 - 0:04:32 - Epoch 227: train_loss=0.9041177034378052, train_AUC=0.9822327563078094, train_AP=0.9733272049653972, time=0.2567555904388428
INFO - 11/13/25 19:13:15 - 0:04:33 - Epoch 227: val_AUC=0.9661890648056386, val_AP=0.9616762256521264
INFO - 11/13/25 19:13:15 - 0:04:33 - Epoch 228: train_loss=0.9012938141822815, train_AUC=0.9819056060193381, train_AP=0.9725886259025505, time=0.22781896591186523
INFO - 11/13/25 19:13:15 - 0:04:33 - Epoch 228: val_AUC=0.9686407210292112, val_AP=0.963310666541822
INFO - 11/13/25 19:13:16 - 0:04:33 - Epoch 229: train_loss=0.9046186208724976, train_AUC=0.9810626431376582, train_AP=0.9713108100266408, time=0.2761874198913574
INFO - 11/13/25 19:13:16 - 0:04:33 - Epoch 229: val_AUC=0.9677442801418153, val_AP=0.9621550712939506
INFO - 11/13/25 19:13:16 - 0:04:34 - Epoch 230: train_loss=0.9050397872924805, train_AUC=0.9818097019667461, train_AP=0.9729193667742925, time=0.25121045112609863
INFO - 11/13/25 19:13:16 - 0:04:34 - Epoch 230: val_AUC=0.9670428180317296, val_AP=0.9617846563685033
INFO - 11/13/25 19:13:16 - 0:04:34 - Epoch 231: train_loss=0.89967942237854, train_AUC=0.9817850080313003, train_AP=0.9718410042584877, time=0.2264869213104248
INFO - 11/13/25 19:13:16 - 0:04:34 - Epoch 231: val_AUC=0.967930029154519, val_AP=0.9627561501281544
INFO - 11/13/25 19:13:17 - 0:04:34 - Epoch 232: train_loss=0.9003409147262573, train_AUC=0.9818243763882215, train_AP=0.9730180638311757, time=0.2563295364379883
INFO - 11/13/25 19:13:17 - 0:04:34 - Epoch 232: val_AUC=0.9673600911900744, val_AP=0.9626425465044781
INFO - 11/13/25 19:13:17 - 0:04:35 - Epoch 233: train_loss=0.8983093500137329, train_AUC=0.9823698587837422, train_AP=0.9735090323860064, time=0.2676568031311035
INFO - 11/13/25 19:13:17 - 0:04:35 - Epoch 233: val_AUC=0.9682253816219234, val_AP=0.9627574038844207
INFO - 11/13/25 19:13:17 - 0:04:35 - Epoch 234: train_loss=0.8956031799316406, train_AUC=0.9828226925716197, train_AP=0.9740421602021356, time=0.23610758781433105
INFO - 11/13/25 19:13:17 - 0:04:35 - Epoch 234: val_AUC=0.9683072957828054, val_AP=0.9634488715623938
INFO - 11/13/25 19:13:18 - 0:04:35 - Epoch 235: train_loss=0.9001580476760864, train_AUC=0.981729961507324, train_AP=0.9726306995140342, time=0.2364492416381836
INFO - 11/13/25 19:13:18 - 0:04:35 - Epoch 235: val_AUC=0.9690987480978033, val_AP=0.9640193134458585
INFO - 11/13/25 19:13:18 - 0:04:36 - Epoch 236: train_loss=0.9126194715499878, train_AUC=0.9820937559852193, train_AP=0.9734596265689625, time=0.23433208465576172
INFO - 11/13/25 19:13:18 - 0:04:36 - Epoch 236: val_AUC=0.9688403146888243, val_AP=0.963131467223212
INFO - 11/13/25 19:13:18 - 0:04:36 - Epoch 237: train_loss=0.9048271179199219, train_AUC=0.9830031345289919, train_AP=0.9747170362842864, time=0.23198390007019043
INFO - 11/13/25 19:13:18 - 0:04:36 - Epoch 237: val_AUC=0.9676046799521436, val_AP=0.964657216705962
INFO - 11/13/25 19:13:19 - 0:04:36 - Epoch 238: train_loss=0.905127763748169, train_AUC=0.9831050052360434, train_AP=0.9742944166247652, time=0.2343900203704834
INFO - 11/13/25 19:13:19 - 0:04:36 - Epoch 238: val_AUC=0.9695729272544565, val_AP=0.9656466712860661
INFO - 11/13/25 19:13:19 - 0:04:37 - Epoch 239: train_loss=0.8992582559585571, train_AUC=0.9837596835881348, train_AP=0.9761043462615215, time=0.24416089057922363
INFO - 11/13/25 19:13:19 - 0:04:37 - Epoch 239: val_AUC=0.9649361242603209, val_AP=0.9628669029479827
INFO - 11/13/25 19:13:19 - 0:04:37 - Epoch 240: train_loss=0.9089676141738892, train_AUC=0.9823463659539803, train_AP=0.9733641535242133, time=0.234893798828125
INFO - 11/13/25 19:13:19 - 0:04:37 - Epoch 240: val_AUC=0.9698382829868905, val_AP=0.9654247080175984
INFO - 11/13/25 19:13:20 - 0:04:37 - Epoch 241: train_loss=0.9052413105964661, train_AUC=0.9821954592352127, train_AP=0.9736527732964133, time=0.2318575382232666
INFO - 11/13/25 19:13:20 - 0:04:37 - Epoch 241: val_AUC=0.968578420118118, val_AP=0.9646447256459499
INFO - 11/13/25 19:13:20 - 0:04:38 - Epoch 242: train_loss=0.8988388776779175, train_AUC=0.9818883061104176, train_AP=0.9724569707922982, time=0.22572779655456543
INFO - 11/13/25 19:13:20 - 0:04:38 - Epoch 242: val_AUC=0.968514965486449, val_AP=0.964642968750495
INFO - 11/13/25 19:13:20 - 0:04:38 - Epoch 243: train_loss=0.9125974178314209, train_AUC=0.9831632533794857, train_AP=0.9749442770733465, time=0.230607271194458
INFO - 11/13/25 19:13:20 - 0:04:38 - Epoch 243: val_AUC=0.9685455390817076, val_AP=0.9651885317992372
INFO - 11/13/25 19:13:21 - 0:04:38 - Epoch 244: train_loss=0.9045706987380981, train_AUC=0.9821638387575287, train_AP=0.973498054436789, time=0.22911787033081055
INFO - 11/13/25 19:13:21 - 0:04:38 - Epoch 244: val_AUC=0.9694425568293912, val_AP=0.9652557061285824
INFO - 11/13/25 19:13:21 - 0:04:39 - Epoch 245: train_loss=0.8937047123908997, train_AUC=0.9832479118932187, train_AP=0.9750077467987814, time=0.2278907299041748
INFO - 11/13/25 19:13:21 - 0:04:39 - Epoch 245: val_AUC=0.9689729925550411, val_AP=0.9650195926169456
INFO - 11/13/25 19:13:21 - 0:04:39 - Epoch 246: train_loss=0.9073635935783386, train_AUC=0.98126703942847, train_AP=0.9716322004017885, time=0.23558497428894043
INFO - 11/13/25 19:13:21 - 0:04:39 - Epoch 246: val_AUC=0.9692983417574165, val_AP=0.9653070693715041
INFO - 11/13/25 19:13:22 - 0:04:39 - Epoch 247: train_loss=0.8968029022216797, train_AUC=0.9821858394252916, train_AP=0.9729018778590124, time=0.2301013469696045
INFO - 11/13/25 19:13:22 - 0:04:39 - Epoch 247: val_AUC=0.9689972206871328, val_AP=0.9653532276343606
INFO - 11/13/25 19:13:22 - 0:04:40 - Epoch 248: train_loss=0.897484302520752, train_AUC=0.9836512112852789, train_AP=0.9760650937386256, time=0.24103379249572754
INFO - 11/13/25 19:13:22 - 0:04:40 - Epoch 248: val_AUC=0.9669955154881218, val_AP=0.9641978753633641
INFO - 11/13/25 19:13:22 - 0:04:40 - Epoch 249: train_loss=0.8951579332351685, train_AUC=0.983124960535455, train_AP=0.9744655604613002, time=0.25661540031433105
INFO - 11/13/25 19:13:22 - 0:04:40 - Epoch 249: val_AUC=0.9689060767616448, val_AP=0.9649096269766029
INFO - 11/13/25 19:13:23 - 0:04:40 - Epoch 250: train_loss=0.8953293561935425, train_AUC=0.9829858505683626, train_AP=0.9742304740653148, time=0.2547624111175537
INFO - 11/13/25 19:13:23 - 0:04:41 - Epoch 250: val_AUC=0.9683153718268358, val_AP=0.9648178012712799
INFO - 11/13/25 19:13:23 - 0:04:41 - Epoch 251: train_loss=0.9001301527023315, train_AUC=0.9816873107927123, train_AP=0.9714509000952626, time=0.2573695182800293
INFO - 11/13/25 19:13:23 - 0:04:41 - Epoch 251: val_AUC=0.969076827406863, val_AP=0.9650157090676664
INFO - 11/13/25 19:13:23 - 0:04:41 - Epoch 252: train_loss=0.8950481414794922, train_AUC=0.982897326587541, train_AP=0.9743770865489289, time=0.2607748508453369
INFO - 11/13/25 19:13:24 - 0:04:41 - Epoch 252: val_AUC=0.968302680900502, val_AP=0.9651062591654932
INFO - 11/13/25 19:13:24 - 0:04:41 - Epoch 253: train_loss=0.9003078937530518, train_AUC=0.9829148388080887, train_AP=0.9742251101191666, time=0.25210094451904297
INFO - 11/13/25 19:13:24 - 0:04:42 - Epoch 253: val_AUC=0.9686176466176951, val_AP=0.9656428070444623
INFO - 11/13/25 19:13:24 - 0:04:42 - Epoch 254: train_loss=0.897710919380188, train_AUC=0.9824549788011525, train_AP=0.9728942750470544, time=0.2567446231842041
INFO - 11/13/25 19:13:24 - 0:04:42 - Epoch 254: val_AUC=0.9691483580825626, val_AP=0.9656492573329558
INFO - 11/13/25 19:13:25 - 0:04:42 - Epoch 255: train_loss=0.8973444700241089, train_AUC=0.9823526725063967, train_AP=0.9734146089751945, time=0.24740219116210938
INFO - 11/13/25 19:13:25 - 0:04:42 - Epoch 255: val_AUC=0.9678619596405468, val_AP=0.9642848062962953
INFO - 11/13/25 19:13:25 - 0:04:43 - Epoch 256: train_loss=0.895078182220459, train_AUC=0.9822576386324455, train_AP=0.9728943054230976, time=0.24065351486206055
INFO - 11/13/25 19:13:25 - 0:04:43 - Epoch 256: val_AUC=0.9681261616524048, val_AP=0.9644320492258452
INFO - 11/13/25 19:13:25 - 0:04:43 - Epoch 257: train_loss=0.8943431377410889, train_AUC=0.9828277441928694, train_AP=0.9732621541045827, time=0.24115824699401855
INFO - 11/13/25 19:13:25 - 0:04:43 - Epoch 257: val_AUC=0.9669632113119996, val_AP=0.9638621354881157
INFO - 11/13/25 19:13:26 - 0:04:43 - Epoch 258: train_loss=0.8960897922515869, train_AUC=0.9828672401361204, train_AP=0.9734004085880104, time=0.26110124588012695
INFO - 11/13/25 19:13:26 - 0:04:43 - Epoch 258: val_AUC=0.9671103106854138, val_AP=0.964074177897299
INFO - 11/13/25 19:13:26 - 0:04:44 - Epoch 259: train_loss=0.8930379152297974, train_AUC=0.9822063070635593, train_AP=0.972493878512305, time=0.25519561767578125
INFO - 11/13/25 19:13:26 - 0:04:44 - Epoch 259: val_AUC=0.9684815075897508, val_AP=0.9647930987610457
INFO - 11/13/25 19:13:26 - 0:04:44 - Epoch 260: train_loss=0.8955398797988892, train_AUC=0.981973283589975, train_AP=0.9729146119885763, time=0.24154424667358398
INFO - 11/13/25 19:13:26 - 0:04:44 - Epoch 260: val_AUC=0.9690318323044068, val_AP=0.9649944174414028
INFO - 11/13/25 19:13:27 - 0:04:44 - Epoch 261: train_loss=0.8934705853462219, train_AUC=0.9824796089434333, train_AP=0.973535096027723, time=0.22008943557739258
INFO - 11/13/25 19:13:27 - 0:04:44 - Epoch 261: val_AUC=0.9690918257743485, val_AP=0.9653789044714572
INFO - 11/13/25 19:13:27 - 0:04:45 - Epoch 262: train_loss=0.8919563293457031, train_AUC=0.9828402636014912, train_AP=0.9740709801072691, time=0.22194194793701172
INFO - 11/13/25 19:13:27 - 0:04:45 - Epoch 262: val_AUC=0.9695890793425177, val_AP=0.966237048402242
INFO - 11/13/25 19:13:27 - 0:04:45 - Epoch 263: train_loss=0.9029442071914673, train_AUC=0.9815786660489575, train_AP=0.9716961807208564, time=0.25313639640808105
INFO - 11/13/25 19:13:27 - 0:04:45 - Epoch 263: val_AUC=0.97006902710205, val_AP=0.9655202855205198
INFO - 11/13/25 19:13:28 - 0:04:45 - Epoch 264: train_loss=0.8986343741416931, train_AUC=0.9829472277940569, train_AP=0.9736269394860066, time=0.2437894344329834
INFO - 11/13/25 19:13:28 - 0:04:45 - Epoch 264: val_AUC=0.968962609069859, val_AP=0.9659854646876733
INFO - 11/13/25 19:13:28 - 0:04:46 - Epoch 265: train_loss=0.8931679725646973, train_AUC=0.983581879079426, train_AP=0.9745104651457124, time=0.2742331027984619
INFO - 11/13/25 19:13:28 - 0:04:46 - Epoch 265: val_AUC=0.969914428544893, val_AP=0.9666831384354408
INFO - 11/13/25 19:13:28 - 0:04:46 - Epoch 266: train_loss=0.8937959671020508, train_AUC=0.9831668257967231, train_AP=0.9750113824637261, time=0.22802472114562988
INFO - 11/13/25 19:13:28 - 0:04:46 - Epoch 266: val_AUC=0.9702501612324506, val_AP=0.9662248225433413
INFO - 11/13/25 19:13:29 - 0:04:46 - Epoch 267: train_loss=0.8926669359207153, train_AUC=0.9828997616922595, train_AP=0.9746361891987312, time=0.2295691967010498
INFO - 11/13/25 19:13:29 - 0:04:46 - Epoch 267: val_AUC=0.9689949132459813, val_AP=0.9654075570734384
INFO - 11/13/25 19:13:29 - 0:04:47 - Epoch 268: train_loss=0.893532931804657, train_AUC=0.9827121699165716, train_AP=0.9734902396604459, time=0.2273387908935547
INFO - 11/13/25 19:13:29 - 0:04:47 - Epoch 268: val_AUC=0.9666217100215629, val_AP=0.9644531486597219
INFO - 11/13/25 19:13:29 - 0:04:47 - Epoch 269: train_loss=0.8959362506866455, train_AUC=0.982430182198582, train_AP=0.9734540222515777, time=0.23619294166564941
INFO - 11/13/25 19:13:29 - 0:04:47 - Epoch 269: val_AUC=0.9699478864415911, val_AP=0.9667652874758041
INFO - 11/13/25 19:13:30 - 0:04:47 - Epoch 270: train_loss=0.8893376588821411, train_AUC=0.9836269190474187, train_AP=0.9749911132888278, time=0.23431015014648438
INFO - 11/13/25 19:13:30 - 0:04:47 - Epoch 270: val_AUC=0.9693894856829046, val_AP=0.9660066928242302
INFO - 11/13/25 19:13:30 - 0:04:48 - Epoch 271: train_loss=0.8924560546875, train_AUC=0.9824474093434237, train_AP=0.9735505068729555, time=0.22654461860656738
INFO - 11/13/25 19:13:30 - 0:04:48 - Epoch 271: val_AUC=0.9683061420622295, val_AP=0.9651817545698643
INFO - 11/13/25 19:13:30 - 0:04:48 - Epoch 272: train_loss=0.9056129455566406, train_AUC=0.9806725838176301, train_AP=0.970536360263735, time=0.23198246955871582
INFO - 11/13/25 19:13:30 - 0:04:48 - Epoch 272: val_AUC=0.9700817180283838, val_AP=0.9657584390053321
INFO - 11/13/25 19:13:31 - 0:04:48 - Epoch 273: train_loss=0.8918456435203552, train_AUC=0.9831346102484223, train_AP=0.9747027989521155, time=0.2363438606262207
INFO - 11/13/25 19:13:31 - 0:04:48 - Epoch 273: val_AUC=0.9690583678776502, val_AP=0.9667011952947409
INFO - 11/13/25 19:13:31 - 0:04:49 - Epoch 274: train_loss=0.8980562090873718, train_AUC=0.982726834370365, train_AP=0.9734702654890854, time=0.23159408569335938
INFO - 11/13/25 19:13:31 - 0:04:49 - Epoch 274: val_AUC=0.9689418420994945, val_AP=0.9661306997428094
INFO - 11/13/25 19:13:31 - 0:04:49 - Epoch 275: train_loss=0.892058253288269, train_AUC=0.9827978142340565, train_AP=0.9743218465999753, time=0.23973774909973145
INFO - 11/13/25 19:13:31 - 0:04:49 - Epoch 275: val_AUC=0.9703609184077273, val_AP=0.9669556847049394
INFO - 11/13/25 19:13:32 - 0:04:49 - Epoch 276: train_loss=0.8925360441207886, train_AUC=0.9830677998661213, train_AP=0.9746500467612407, time=0.2733743190765381
INFO - 11/13/25 19:13:32 - 0:04:50 - Epoch 276: val_AUC=0.969559082607547, val_AP=0.9670051251180655
INFO - 11/13/25 19:13:32 - 0:04:50 - Epoch 277: train_loss=0.8947430849075317, train_AUC=0.9829166997743225, train_AP=0.9744363210016477, time=0.251662015914917
INFO - 11/13/25 19:13:32 - 0:04:50 - Epoch 277: val_AUC=0.9685957259267548, val_AP=0.965739643141
INFO - 11/13/25 19:13:32 - 0:04:50 - Epoch 278: train_loss=0.8904148936271667, train_AUC=0.9838758908122408, train_AP=0.9757075283874834, time=0.24054884910583496
INFO - 11/13/25 19:13:33 - 0:04:50 - Epoch 278: val_AUC=0.9689153065262511, val_AP=0.9659664586867596
INFO - 11/13/25 19:13:33 - 0:04:50 - Epoch 279: train_loss=0.8914000391960144, train_AUC=0.9827695807747241, train_AP=0.9734694487169626, time=0.22458386421203613
INFO - 11/13/25 19:13:33 - 0:04:51 - Epoch 279: val_AUC=0.9685864961621484, val_AP=0.965710863677138
INFO - 11/13/25 19:13:33 - 0:04:51 - Epoch 280: train_loss=0.891383707523346, train_AUC=0.9827885243544102, train_AP=0.9732692656382484, time=0.22407865524291992
INFO - 11/13/25 19:13:33 - 0:04:51 - Epoch 280: val_AUC=0.9679669482129445, val_AP=0.9650256236946243
INFO - 11/13/25 19:13:33 - 0:04:51 - Epoch 281: train_loss=0.8935059309005737, train_AUC=0.9822891614268456, train_AP=0.9726191447640845, time=0.24391484260559082
INFO - 11/13/25 19:13:34 - 0:04:51 - Epoch 281: val_AUC=0.9693467980215998, val_AP=0.9660317035254834
INFO - 11/13/25 19:13:34 - 0:04:51 - Epoch 282: train_loss=0.8981548547744751, train_AUC=0.984074240707137, train_AP=0.9771477217101667, time=0.2277390956878662
INFO - 11/13/25 19:13:34 - 0:04:52 - Epoch 282: val_AUC=0.9631940061908645, val_AP=0.9631486660852638
INFO - 11/13/25 19:13:34 - 0:04:52 - Epoch 283: train_loss=0.8919243812561035, train_AUC=0.9828365227304278, train_AP=0.9741890341886882, time=0.23723745346069336
INFO - 11/13/25 19:13:34 - 0:04:52 - Epoch 283: val_AUC=0.9700817180283838, val_AP=0.9664970567586819
INFO - 11/13/25 19:13:34 - 0:04:52 - Epoch 284: train_loss=0.8900406956672668, train_AUC=0.9835400776113227, train_AP=0.9753937904003185, time=0.23319268226623535
INFO - 11/13/25 19:13:35 - 0:04:52 - Epoch 284: val_AUC=0.9697194497675831, val_AP=0.966458687044588
INFO - 11/13/25 19:13:35 - 0:04:52 - Epoch 285: train_loss=0.8926512002944946, train_AUC=0.982633825929401, train_AP=0.9731028811177873, time=0.23255634307861328
INFO - 11/13/25 19:13:35 - 0:04:53 - Epoch 285: val_AUC=0.9700447989699583, val_AP=0.9667430902088834
INFO - 11/13/25 19:13:35 - 0:04:53 - Epoch 286: train_loss=0.8877333998680115, train_AUC=0.9827702266805193, train_AP=0.9737782775442818, time=0.24252033233642578
INFO - 11/13/25 19:13:35 - 0:04:53 - Epoch 286: val_AUC=0.9693018029191439, val_AP=0.9662598246077
INFO - 11/13/25 19:13:35 - 0:04:53 - Epoch 287: train_loss=0.8936563730239868, train_AUC=0.9820254275249461, train_AP=0.9724887008170193, time=0.23291230201721191
INFO - 11/13/25 19:13:36 - 0:04:53 - Epoch 287: val_AUC=0.9702259331003587, val_AP=0.9665145135463002
INFO - 11/13/25 19:13:36 - 0:04:53 - Epoch 288: train_loss=0.8993865251541138, train_AUC=0.9825537076948301, train_AP=0.9734828584453952, time=0.224884033203125
INFO - 11/13/25 19:13:36 - 0:04:54 - Epoch 288: val_AUC=0.9675262269529893, val_AP=0.9653869180612956
INFO - 11/13/25 19:13:36 - 0:04:54 - Epoch 289: train_loss=0.8930968046188354, train_AUC=0.9820604360177502, train_AP=0.9719746023501874, time=0.23454785346984863
INFO - 11/13/25 19:13:36 - 0:04:54 - Epoch 289: val_AUC=0.9690410620690134, val_AP=0.9663231176306791
INFO - 11/13/25 19:13:36 - 0:04:54 - Epoch 290: train_loss=0.8952575922012329, train_AUC=0.9818565141886026, train_AP=0.9723773619873258, time=0.24507951736450195
INFO - 11/13/25 19:13:37 - 0:04:54 - Epoch 290: val_AUC=0.9658175667802312, val_AP=0.9642777468337602
INFO - 11/13/25 19:13:37 - 0:04:54 - Epoch 291: train_loss=0.8915464282035828, train_AUC=0.9822552314372367, train_AP=0.9724947341911496, time=0.23351454734802246
INFO - 11/13/25 19:13:37 - 0:04:55 - Epoch 291: val_AUC=0.9673566300283469, val_AP=0.9649820521347983
INFO - 11/13/25 19:13:37 - 0:04:55 - Epoch 292: train_loss=0.8915953636169434, train_AUC=0.9826448302503552, train_AP=0.9729004120629875, time=0.23407912254333496
INFO - 11/13/25 19:13:37 - 0:04:55 - Epoch 292: val_AUC=0.9690237562603763, val_AP=0.9670811178876512
INFO - 11/13/25 19:13:37 - 0:04:55 - Epoch 293: train_loss=0.8944410681724548, train_AUC=0.9830277816163322, train_AP=0.9745104353426378, time=0.23195147514343262
INFO - 11/13/25 19:13:38 - 0:04:55 - Epoch 293: val_AUC=0.9668051515931151, val_AP=0.9650646371550929
INFO - 11/13/25 19:13:38 - 0:04:56 - Epoch 294: train_loss=0.8945006132125854, train_AUC=0.9832309608531689, train_AP=0.9742966578002841, time=0.24480795860290527
INFO - 11/13/25 19:13:38 - 0:04:56 - Epoch 294: val_AUC=0.9690295248632553, val_AP=0.9668708904787192
INFO - 11/13/25 19:13:38 - 0:04:56 - Epoch 295: train_loss=0.8892949819564819, train_AUC=0.9831716651063457, train_AP=0.9747835843726155, time=0.25100255012512207
INFO - 11/13/25 19:13:38 - 0:04:56 - Epoch 295: val_AUC=0.9681423137404658, val_AP=0.9658629773569348
INFO - 11/13/25 19:13:38 - 0:04:56 - Epoch 296: train_loss=0.8918604850769043, train_AUC=0.9837030860928352, train_AP=0.9759263924344064, time=0.22930169105529785
INFO - 11/13/25 19:13:39 - 0:04:56 - Epoch 296: val_AUC=0.9699409641181362, val_AP=0.9672228932662108
INFO - 11/13/25 19:13:39 - 0:04:57 - Epoch 297: train_loss=0.8909304141998291, train_AUC=0.983767211181599, train_AP=0.9750721519400818, time=0.2208724021911621
INFO - 11/13/25 19:13:39 - 0:04:57 - Epoch 297: val_AUC=0.9675989113492648, val_AP=0.9654305696503077
INFO - 11/13/25 19:13:39 - 0:04:57 - Epoch 298: train_loss=0.8920432329177856, train_AUC=0.9839638595931738, train_AP=0.9761943911774359, time=0.24365496635437012
INFO - 11/13/25 19:13:39 - 0:04:57 - Epoch 298: val_AUC=0.9679161845076094, val_AP=0.9666390906701281
INFO - 11/13/25 19:13:40 - 0:04:57 - Epoch 299: train_loss=0.8876274824142456, train_AUC=0.9822363307185831, train_AP=0.9723538174899693, time=0.24023723602294922
INFO - 11/13/25 19:13:40 - 0:04:57 - Epoch 299: val_AUC=0.9686153391765435, val_AP=0.9669566687325843
INFO - 11/13/25 19:13:40 - 0:04:58 - Epoch 300: train_loss=0.8872406482696533, train_AUC=0.9830747533211012, train_AP=0.9741763946419111, time=0.23316431045532227
INFO - 11/13/25 19:13:40 - 0:04:58 - Epoch 300: val_AUC=0.9680915500351308, val_AP=0.966693722472082
INFO - 11/13/25 19:13:40 - 0:04:58 - Epoch 301: train_loss=0.8879091739654541, train_AUC=0.983649763977849, train_AP=0.9753262851978421, time=0.23388671875
INFO - 11/13/25 19:13:40 - 0:04:58 - Epoch 301: val_AUC=0.9673127886464666, val_AP=0.9661206462696538
INFO - 11/13/25 19:13:41 - 0:04:58 - Epoch 302: train_loss=0.8873488903045654, train_AUC=0.9839586076215153, train_AP=0.9760686574263596, time=0.22781109809875488
INFO - 11/13/25 19:13:41 - 0:04:58 - Epoch 302: val_AUC=0.966701316741293, val_AP=0.9655451202346544
INFO - 11/13/25 19:13:41 - 0:04:59 - Epoch 303: train_loss=0.8891116976737976, train_AUC=0.9836286823303686, train_AP=0.9753655844075921, time=0.24715662002563477
INFO - 11/13/25 19:13:41 - 0:04:59 - Epoch 303: val_AUC=0.9685449622214197, val_AP=0.9668628753266906
INFO - 11/13/25 19:13:41 - 0:04:59 - Epoch 304: train_loss=0.9028071165084839, train_AUC=0.9818696884739335, train_AP=0.9732076464256718, time=0.24061179161071777
INFO - 11/13/25 19:13:41 - 0:04:59 - Epoch 304: val_AUC=0.968686869852243, val_AP=0.9671455687208639
INFO - 11/13/25 19:13:42 - 0:04:59 - Epoch 305: train_loss=0.8902034759521484, train_AUC=0.9823567492883444, train_AP=0.9727397097625613, time=0.22987794876098633
INFO - 11/13/25 19:13:42 - 0:04:59 - Epoch 305: val_AUC=0.9675043062620491, val_AP=0.9662084824741369
INFO - 11/13/25 19:13:42 - 0:05:00 - Epoch 306: train_loss=0.8976829051971436, train_AUC=0.9838159441757816, train_AP=0.9759677344776506, time=0.23022747039794922
INFO - 11/13/25 19:13:42 - 0:05:00 - Epoch 306: val_AUC=0.9631801615439551, val_AP=0.9631736289796202
INFO - 11/13/25 19:13:42 - 0:05:00 - Epoch 307: train_loss=0.8896070718765259, train_AUC=0.9830826138351451, train_AP=0.9742898499473731, time=0.23088550567626953
INFO - 11/13/25 19:13:42 - 0:05:00 - Epoch 307: val_AUC=0.9683707504144742, val_AP=0.9665479850624523
INFO - 11/13/25 19:13:43 - 0:05:00 - Epoch 308: train_loss=0.885021984577179, train_AUC=0.9831660493142935, train_AP=0.9743537293478817, time=0.2416534423828125
INFO - 11/13/25 19:13:43 - 0:05:00 - Epoch 308: val_AUC=0.9670693536049728, val_AP=0.9651428575301038
INFO - 11/13/25 19:13:43 - 0:05:01 - Epoch 309: train_loss=0.8940593600273132, train_AUC=0.9819444301408208, train_AP=0.9720274949252873, time=0.23602008819580078
INFO - 11/13/25 19:13:43 - 0:05:01 - Epoch 309: val_AUC=0.96839382482599, val_AP=0.9666732005447847
INFO - 11/13/25 19:13:43 - 0:05:01 - Epoch 310: train_loss=0.9108951091766357, train_AUC=0.9808928207487142, train_AP=0.9707642964371048, time=0.24181175231933594
INFO - 11/13/25 19:13:43 - 0:05:01 - Epoch 310: val_AUC=0.966542103301833, val_AP=0.9641793182539727
INFO - 11/13/25 19:13:44 - 0:05:01 - Epoch 311: train_loss=0.9055908918380737, train_AUC=0.9825726143940928, train_AP=0.9736318997487546, time=0.22962737083435059
INFO - 11/13/25 19:13:44 - 0:05:01 - Epoch 311: val_AUC=0.9657079633255304, val_AP=0.9650880372105
INFO - 11/13/25 19:13:44 - 0:05:02 - Epoch 312: train_loss=0.9036696553230286, train_AUC=0.9827874328932287, train_AP=0.9743895106935245, time=0.23202180862426758
INFO - 11/13/25 19:13:44 - 0:05:02 - Epoch 312: val_AUC=0.9681446211816175, val_AP=0.9667785798678489
INFO - 11/13/25 19:13:44 - 0:05:02 - Epoch 313: train_loss=0.8924134969711304, train_AUC=0.9838839167898065, train_AP=0.9759159625559423, time=0.24785828590393066
INFO - 11/13/25 19:13:44 - 0:05:02 - Epoch 313: val_AUC=0.9687468633221845, val_AP=0.9667651862055225
INFO - 11/13/25 19:13:45 - 0:05:02 - Epoch 314: train_loss=0.8995815515518188, train_AUC=0.983068345098328, train_AP=0.9746245634061521, time=0.23144173622131348
INFO - 11/13/25 19:13:45 - 0:05:02 - Epoch 314: val_AUC=0.9672401042501911, val_AP=0.965258009192198
INFO - 11/13/25 19:13:45 - 0:05:03 - Epoch 315: train_loss=0.9042410254478455, train_AUC=0.9826429662938168, train_AP=0.9737725619336169, time=0.23041915893554688
INFO - 11/13/25 19:13:45 - 0:05:03 - Epoch 315: val_AUC=0.9642519679588721, val_AP=0.9631573243859274
INFO - 11/13/25 19:13:45 - 0:05:03 - Epoch 316: train_loss=0.8937397003173828, train_AUC=0.9833024381041933, train_AP=0.9745396471182527, time=0.2288966178894043
INFO - 11/13/25 19:13:45 - 0:05:03 - Epoch 316: val_AUC=0.9653318504178199, val_AP=0.9639781844143442
INFO - 11/13/25 19:13:46 - 0:05:03 - Epoch 317: train_loss=0.8972088098526001, train_AUC=0.9821901534380715, train_AP=0.9726675800536473, time=0.23485732078552246
INFO - 11/13/25 19:13:46 - 0:05:03 - Epoch 317: val_AUC=0.9671201173103081, val_AP=0.9659786490079195
INFO - 11/13/25 19:13:46 - 0:05:04 - Epoch 318: train_loss=0.890320897102356, train_AUC=0.9836780223563865, train_AP=0.9751182962383715, time=0.24045586585998535
INFO - 11/13/25 19:13:46 - 0:05:04 - Epoch 318: val_AUC=0.965629510326376, val_AP=0.9638270453994537
INFO - 11/13/25 19:13:46 - 0:05:04 - Epoch 319: train_loss=0.8980690836906433, train_AUC=0.9834168760647403, train_AP=0.9755722422920574, time=0.23024702072143555
INFO - 11/13/25 19:13:46 - 0:05:04 - Epoch 319: val_AUC=0.9631178606328619, val_AP=0.9623985418102811
INFO - 11/13/25 19:13:47 - 0:05:04 - Epoch 320: train_loss=0.8915448188781738, train_AUC=0.9823829483437758, train_AP=0.9732848093202155, time=0.22391867637634277
INFO - 11/13/25 19:13:47 - 0:05:04 - Epoch 320: val_AUC=0.967005898973304, val_AP=0.9652293896300723
INFO - 11/13/25 19:13:47 - 0:05:05 - Epoch 321: train_loss=0.8930399417877197, train_AUC=0.9827791826428176, train_AP=0.9741402861450423, time=0.24152088165283203
INFO - 11/13/25 19:13:47 - 0:05:05 - Epoch 321: val_AUC=0.9655406738420393, val_AP=0.9644045415776383
INFO - 11/13/25 19:13:47 - 0:05:05 - Epoch 322: train_loss=0.8900113105773926, train_AUC=0.9829098599509178, train_AP=0.9741310534132358, time=0.2397911548614502
INFO - 11/13/25 19:13:47 - 0:05:05 - Epoch 322: val_AUC=0.9674512351155625, val_AP=0.9660521693019832
INFO - 11/13/25 19:13:48 - 0:05:05 - Epoch 323: train_loss=0.889602780342102, train_AUC=0.9831567993053755, train_AP=0.974659478053431, time=0.23336529731750488
INFO - 11/13/25 19:13:48 - 0:05:05 - Epoch 323: val_AUC=0.9675400715998989, val_AP=0.9666015339458134
INFO - 11/13/25 19:13:48 - 0:05:06 - Epoch 324: train_loss=0.8988808393478394, train_AUC=0.9821956984595813, train_AP=0.9724262544861115, time=0.2494950294494629
INFO - 11/13/25 19:13:48 - 0:05:06 - Epoch 324: val_AUC=0.9677165908479962, val_AP=0.9664054625455135
INFO - 11/13/25 19:13:48 - 0:05:06 - Epoch 325: train_loss=0.9013447165489197, train_AUC=0.9814438362045261, train_AP=0.9715982499925053, time=0.23338556289672852
INFO - 11/13/25 19:13:48 - 0:05:06 - Epoch 325: val_AUC=0.9682230741807719, val_AP=0.9660074160602643
INFO - 11/13/25 19:13:49 - 0:05:06 - Epoch 326: train_loss=0.8907200694084167, train_AUC=0.9832519767139478, train_AP=0.9735532333299315, time=0.22715187072753906
INFO - 11/13/25 19:13:49 - 0:05:06 - Epoch 326: val_AUC=0.9675250732324134, val_AP=0.9670742963282772
INFO - 11/13/25 19:13:49 - 0:05:07 - Epoch 327: train_loss=0.900779664516449, train_AUC=0.9830208351387297, train_AP=0.9743466567914036, time=0.2310476303100586
INFO - 11/13/25 19:13:49 - 0:05:07 - Epoch 327: val_AUC=0.9673600911900744, val_AP=0.9663030710722491
INFO - 11/13/25 19:13:49 - 0:05:07 - Epoch 328: train_loss=0.883412778377533, train_AUC=0.9840116416704912, train_AP=0.9754185271914808, time=0.2375473976135254
INFO - 11/13/25 19:13:49 - 0:05:07 - Epoch 328: val_AUC=0.9670774296490037, val_AP=0.9658163624382994
INFO - 11/13/25 19:13:50 - 0:05:07 - Epoch 329: train_loss=0.8905197381973267, train_AUC=0.9838342408529045, train_AP=0.9759067447272893, time=0.23673081398010254
INFO - 11/13/25 19:13:50 - 0:05:07 - Epoch 329: val_AUC=0.9664474982146174, val_AP=0.9653614304473577
INFO - 11/13/25 19:13:50 - 0:05:08 - Epoch 330: train_loss=0.8901816606521606, train_AUC=0.9829653111627844, train_AP=0.973815276296282, time=0.2283937931060791
INFO - 11/13/25 19:13:50 - 0:05:08 - Epoch 330: val_AUC=0.9663309724364619, val_AP=0.9651821884764303
INFO - 11/13/25 19:13:50 - 0:05:08 - Epoch 331: train_loss=0.8908946514129639, train_AUC=0.9840015523827467, train_AP=0.9763180343626298, time=0.22695636749267578
INFO - 11/13/25 19:13:50 - 0:05:08 - Epoch 331: val_AUC=0.9625375391832351, val_AP=0.9626343520848553
INFO - 11/13/25 19:13:51 - 0:05:08 - Epoch 332: train_loss=0.8846213817596436, train_AUC=0.9836319347850131, train_AP=0.9748546697312628, time=0.225541353225708
INFO - 11/13/25 19:13:51 - 0:05:08 - Epoch 332: val_AUC=0.9673220184110729, val_AP=0.9662071570382896
INFO - 11/13/25 19:13:51 - 0:05:09 - Epoch 333: train_loss=0.8869181871414185, train_AUC=0.9829335630987704, train_AP=0.9740900261680243, time=0.24692344665527344
INFO - 11/13/25 19:13:51 - 0:05:09 - Epoch 333: val_AUC=0.9678619596405468, val_AP=0.9668591065173335
INFO - 11/13/25 19:13:51 - 0:05:09 - Epoch 334: train_loss=0.8847893476486206, train_AUC=0.9829497765303503, train_AP=0.9739354448314275, time=0.24344801902770996
INFO - 11/13/25 19:13:51 - 0:05:09 - Epoch 334: val_AUC=0.9677396652595122, val_AP=0.9664629139170414
INFO - 11/13/25 19:13:52 - 0:05:09 - Epoch 335: train_loss=0.8927338719367981, train_AUC=0.9818506621624865, train_AP=0.9717075261089829, time=0.23668432235717773
INFO - 11/13/25 19:13:52 - 0:05:09 - Epoch 335: val_AUC=0.9683811338996564, val_AP=0.9670019642782275
INFO - 11/13/25 19:13:52 - 0:05:10 - Epoch 336: train_loss=0.8936452865600586, train_AUC=0.9827865796596474, train_AP=0.9741862327474702, time=0.250901460647583
INFO - 11/13/25 19:13:52 - 0:05:10 - Epoch 336: val_AUC=0.9681330839758596, val_AP=0.9671906417724032
INFO - 11/13/25 19:13:52 - 0:05:10 - Epoch 337: train_loss=0.887887716293335, train_AUC=0.9839135088441987, train_AP=0.9753327637742021, time=0.25698065757751465
INFO - 11/13/25 19:13:52 - 0:05:10 - Epoch 337: val_AUC=0.9658487172357778, val_AP=0.9650541941976974
INFO - 11/13/25 19:13:53 - 0:05:10 - Epoch 338: train_loss=0.8861509561538696, train_AUC=0.9832441899607508, train_AP=0.9742478013351697, time=0.25795817375183105
INFO - 11/13/25 19:13:53 - 0:05:11 - Epoch 338: val_AUC=0.9664809561113156, val_AP=0.9654329544914158
INFO - 11/13/25 19:13:53 - 0:05:11 - Epoch 339: train_loss=0.8827037811279297, train_AUC=0.9828746092434406, train_AP=0.973519307643425, time=0.2570629119873047
INFO - 11/13/25 19:13:53 - 0:05:11 - Epoch 339: val_AUC=0.9679542572866108, val_AP=0.9668528651308534
INFO - 11/13/25 19:13:53 - 0:05:11 - Epoch 340: train_loss=0.8907232880592346, train_AUC=0.9832085186170922, train_AP=0.9737970309452022, time=0.2452399730682373
INFO - 11/13/25 19:13:54 - 0:05:11 - Epoch 340: val_AUC=0.9665328735372266, val_AP=0.9651879758629325
INFO - 11/13/25 19:13:54 - 0:05:11 - Epoch 341: train_loss=0.88332200050354, train_AUC=0.9833105717327248, train_AP=0.9742707623198605, time=0.2530059814453125
INFO - 11/13/25 19:13:54 - 0:05:12 - Epoch 341: val_AUC=0.967814080236651, val_AP=0.9670585251158882
INFO - 11/13/25 19:13:54 - 0:05:12 - Epoch 342: train_loss=0.888386607170105, train_AUC=0.9826392353904353, train_AP=0.9731440264727389, time=0.25334668159484863
INFO - 11/13/25 19:13:54 - 0:05:12 - Epoch 342: val_AUC=0.9675735294965971, val_AP=0.9668355357505855
INFO - 11/13/25 19:13:55 - 0:05:12 - Epoch 343: train_loss=0.8855178356170654, train_AUC=0.9836126253913965, train_AP=0.9753052524226304, time=0.2627828121185303
INFO - 11/13/25 19:13:55 - 0:05:12 - Epoch 343: val_AUC=0.9680465549326746, val_AP=0.9676413450236097
INFO - 11/13/25 19:13:55 - 0:05:13 - Epoch 344: train_loss=0.8841756582260132, train_AUC=0.9829230103138118, train_AP=0.9737468701002646, time=0.253765344619751
INFO - 11/13/25 19:13:55 - 0:05:13 - Epoch 344: val_AUC=0.9689314586143124, val_AP=0.9678662289528258
INFO - 11/13/25 19:13:55 - 0:05:13 - Epoch 345: train_loss=0.8840894103050232, train_AUC=0.9831719511788198, train_AP=0.9745168846978608, time=0.2399458885192871
INFO - 11/13/25 19:13:55 - 0:05:13 - Epoch 345: val_AUC=0.9681353914170111, val_AP=0.9667677866801975
INFO - 11/13/25 19:13:56 - 0:05:13 - Epoch 346: train_loss=0.8829225301742554, train_AUC=0.983415795568009, train_AP=0.9742334130817442, time=0.2304518222808838
INFO - 11/13/25 19:13:56 - 0:05:13 - Epoch 346: val_AUC=0.9679681019335203, val_AP=0.9671909483309773
INFO - 11/13/25 19:13:56 - 0:05:14 - Epoch 347: train_loss=0.8854528665542603, train_AUC=0.9827708367026591, train_AP=0.9735280268980266, time=0.22272181510925293
INFO - 11/13/25 19:13:56 - 0:05:14 - Epoch 347: val_AUC=0.9666932406972627, val_AP=0.9658171695464056
INFO - 11/13/25 19:13:56 - 0:05:14 - Epoch 348: train_loss=0.8864976763725281, train_AUC=0.983827969187375, train_AP=0.9756872101466385, time=0.22360849380493164
INFO - 11/13/25 19:13:56 - 0:05:14 - Epoch 348: val_AUC=0.9647192247920706, val_AP=0.964946962173638
INFO - 11/13/25 19:13:57 - 0:05:14 - Epoch 349: train_loss=0.8803478479385376, train_AUC=0.9837287189839277, train_AP=0.9755573354527426, time=0.22858500480651855
INFO - 11/13/25 19:13:57 - 0:05:14 - Epoch 349: val_AUC=0.9677488950241185, val_AP=0.9671267194523905
INFO - 11/13/25 19:13:57 - 0:05:15 - Epoch 350: train_loss=0.8778533935546875, train_AUC=0.9836531380382141, train_AP=0.9750111427035622, time=0.2451934814453125
INFO - 11/13/25 19:13:57 - 0:05:15 - Epoch 350: val_AUC=0.9669435980622108, val_AP=0.9666468306078189
INFO - 11/13/25 19:13:57 - 0:05:15 - Epoch 351: train_loss=0.8797519207000732, train_AUC=0.9832453402312564, train_AP=0.974175520834011, time=0.26932835578918457
INFO - 11/13/25 19:13:57 - 0:05:15 - Epoch 351: val_AUC=0.9678469612730614, val_AP=0.9672950989969565
INFO - 11/13/25 19:13:58 - 0:05:15 - Epoch 352: train_loss=0.8818873167037964, train_AUC=0.9835428067626608, train_AP=0.9742616057805337, time=0.2539200782775879
INFO - 11/13/25 19:13:58 - 0:05:15 - Epoch 352: val_AUC=0.9684595868988106, val_AP=0.9676763421235866
INFO - 11/13/25 19:13:58 - 0:05:16 - Epoch 353: train_loss=0.878702700138092, train_AUC=0.9834486301093636, train_AP=0.9738618603049769, time=0.2640268802642822
INFO - 11/13/25 19:13:58 - 0:05:16 - Epoch 353: val_AUC=0.9661256101739695, val_AP=0.9659949908506053
INFO - 11/13/25 19:13:58 - 0:05:16 - Epoch 354: train_loss=0.8808724880218506, train_AUC=0.9832299640849665, train_AP=0.9739047346319345, time=0.2468576431274414
INFO - 11/13/25 19:13:58 - 0:05:16 - Epoch 354: val_AUC=0.9665005693611043, val_AP=0.9659865797306558
INFO - 11/13/25 19:13:59 - 0:05:16 - Epoch 355: train_loss=0.8784357309341431, train_AUC=0.9840530215056448, train_AP=0.975350005743244, time=0.24882841110229492
INFO - 11/13/25 19:13:59 - 0:05:16 - Epoch 355: val_AUC=0.9689129990850996, val_AP=0.9683675511030111
INFO - 11/13/25 19:13:59 - 0:05:17 - Epoch 356: train_loss=0.8765698075294495, train_AUC=0.984729877950239, train_AP=0.9771263995292266, time=0.24580883979797363
INFO - 11/13/25 19:13:59 - 0:05:17 - Epoch 356: val_AUC=0.9674616186007446, val_AP=0.9668859012180563
INFO - 11/13/25 19:13:59 - 0:05:17 - Epoch 357: train_loss=0.877892255783081, train_AUC=0.9840379384092064, train_AP=0.9762382832133185, time=0.2448740005493164
INFO - 11/13/25 19:13:59 - 0:05:17 - Epoch 357: val_AUC=0.9683476760029581, val_AP=0.9682583213362701
INFO - 11/13/25 19:14:00 - 0:05:17 - Epoch 358: train_loss=0.8792532086372375, train_AUC=0.9830460264615085, train_AP=0.9738736706429711, time=0.24275875091552734
INFO - 11/13/25 19:14:00 - 0:05:18 - Epoch 358: val_AUC=0.9680257879623103, val_AP=0.9679018493172074
INFO - 11/13/25 19:14:00 - 0:05:18 - Epoch 359: train_loss=0.8782621622085571, train_AUC=0.9844405928922397, train_AP=0.9764726842436849, time=0.221785306930542
INFO - 11/13/25 19:14:00 - 0:05:18 - Epoch 359: val_AUC=0.9664878784347704, val_AP=0.9664727743848555
INFO - 11/13/25 19:14:00 - 0:05:18 - Epoch 360: train_loss=0.8841785192489624, train_AUC=0.9838941874893637, train_AP=0.9757829733097628, time=0.22782421112060547
INFO - 11/13/25 19:14:00 - 0:05:18 - Epoch 360: val_AUC=0.9677512024652701, val_AP=0.9674468591988431
INFO - 11/13/25 19:14:01 - 0:05:18 - Epoch 361: train_loss=0.8784518241882324, train_AUC=0.9835390997817162, train_AP=0.9744455791207454, time=0.21950221061706543
INFO - 11/13/25 19:14:01 - 0:05:18 - Epoch 361: val_AUC=0.9675008451003217, val_AP=0.9673853782803175
INFO - 11/13/25 19:14:01 - 0:05:19 - Epoch 362: train_loss=0.8813272714614868, train_AUC=0.9832868307076804, train_AP=0.9743612028054058, time=0.2228245735168457
INFO - 11/13/25 19:14:01 - 0:05:19 - Epoch 362: val_AUC=0.967603526231568, val_AP=0.9671765173585967
INFO - 11/13/25 19:14:01 - 0:05:19 - Epoch 363: train_loss=0.8812566995620728, train_AUC=0.98375245004129, train_AP=0.9744774021118369, time=0.23988676071166992
INFO - 11/13/25 19:14:01 - 0:05:19 - Epoch 363: val_AUC=0.9687572468073667, val_AP=0.9688729096597966
INFO - 11/13/25 19:14:02 - 0:05:19 - Epoch 364: train_loss=0.8758836984634399, train_AUC=0.984914460482724, train_AP=0.9767664864116998, time=0.2405683994293213
INFO - 11/13/25 19:14:02 - 0:05:19 - Epoch 364: val_AUC=0.9671189635897323, val_AP=0.9678128508723769
INFO - 11/13/25 19:14:02 - 0:05:20 - Epoch 365: train_loss=0.8810964822769165, train_AUC=0.9846351012424839, train_AP=0.9767732509821945, time=0.232621431350708
INFO - 11/13/25 19:14:02 - 0:05:20 - Epoch 365: val_AUC=0.9682576857980458, val_AP=0.9682140674177149
INFO - 11/13/25 19:14:02 - 0:05:20 - Epoch 366: train_loss=0.8790175914764404, train_AUC=0.9832553059197437, train_AP=0.974185860166246, time=0.22887253761291504
INFO - 11/13/25 19:14:02 - 0:05:20 - Epoch 366: val_AUC=0.9687572468073666, val_AP=0.9683914833116216
INFO - 11/13/25 19:14:03 - 0:05:20 - Epoch 367: train_loss=0.8794844150543213, train_AUC=0.9836085216967073, train_AP=0.9751349298705543, time=0.23538947105407715
INFO - 11/13/25 19:14:03 - 0:05:20 - Epoch 367: val_AUC=0.9679415663602768, val_AP=0.967881723363916
INFO - 11/13/25 19:14:03 - 0:05:21 - Epoch 368: train_loss=0.8764427900314331, train_AUC=0.9844698819290985, train_AP=0.9763858956738065, time=0.23149514198303223
INFO - 11/13/25 19:14:03 - 0:05:21 - Epoch 368: val_AUC=0.9678238868615454, val_AP=0.9678370927649985
INFO - 11/13/25 19:14:03 - 0:05:21 - Epoch 369: train_loss=0.8781793713569641, train_AUC=0.9837729286440079, train_AP=0.9750691400754208, time=0.24776983261108398
INFO - 11/13/25 19:14:03 - 0:05:21 - Epoch 369: val_AUC=0.9675792980994761, val_AP=0.9675802348105944
INFO - 11/13/25 19:14:04 - 0:05:21 - Epoch 370: train_loss=0.8795208930969238, train_AUC=0.9842327766897255, train_AP=0.9764100894230692, time=0.24756336212158203
INFO - 11/13/25 19:14:04 - 0:05:22 - Epoch 370: val_AUC=0.9670278196642442, val_AP=0.9675007454024148
INFO - 11/13/25 19:14:04 - 0:05:22 - Epoch 371: train_loss=0.88105708360672, train_AUC=0.9839655979569187, train_AP=0.975405441249565, time=0.2626364231109619
INFO - 11/13/25 19:14:04 - 0:05:22 - Epoch 371: val_AUC=0.9674039325719546, val_AP=0.9674907147083049
INFO - 11/13/25 19:14:04 - 0:05:22 - Epoch 372: train_loss=0.8740202188491821, train_AUC=0.9850697121140857, train_AP=0.976922982991711, time=0.25295448303222656
INFO - 11/13/25 19:14:05 - 0:05:22 - Epoch 372: val_AUC=0.9677996587294537, val_AP=0.9678785099652287
INFO - 11/13/25 19:14:05 - 0:05:23 - Epoch 373: train_loss=0.884109377861023, train_AUC=0.9833734857481226, train_AP=0.9749204306753327, time=0.25420331954956055
INFO - 11/13/25 19:14:05 - 0:05:23 - Epoch 373: val_AUC=0.9680661681824633, val_AP=0.9680123351054825
INFO - 11/13/25 19:14:05 - 0:05:23 - Epoch 374: train_loss=0.8790832757949829, train_AUC=0.9836115448946652, train_AP=0.9746610072763175, time=0.26114892959594727
INFO - 11/13/25 19:14:05 - 0:05:23 - Epoch 374: val_AUC=0.9679081084635788, val_AP=0.9678748002419629
INFO - 11/13/25 19:14:06 - 0:05:23 - Epoch 375: train_loss=0.8811206817626953, train_AUC=0.9836083592234903, train_AP=0.9746552688334478, time=0.26715850830078125
INFO - 11/13/25 19:14:06 - 0:05:23 - Epoch 375: val_AUC=0.9681630807108303, val_AP=0.968704378634345
INFO - 11/13/25 19:14:06 - 0:05:24 - Epoch 376: train_loss=0.8800346255302429, train_AUC=0.9844521573969237, train_AP=0.97581910218031, time=0.26494717597961426
INFO - 11/13/25 19:14:06 - 0:05:24 - Epoch 376: val_AUC=0.9674143160571369, val_AP=0.9676417882265818
INFO - 11/13/25 19:14:06 - 0:05:24 - Epoch 377: train_loss=0.8764504790306091, train_AUC=0.9839684796137917, train_AP=0.9756864020645599, time=0.2578315734863281
INFO - 11/13/25 19:14:06 - 0:05:24 - Epoch 377: val_AUC=0.9675008451003217, val_AP=0.9677474063094564
INFO - 11/13/25 19:14:07 - 0:05:24 - Epoch 378: train_loss=0.880949854850769, train_AUC=0.9834057102673373, train_AP=0.974616708344211, time=0.27608704566955566
INFO - 11/13/25 19:14:07 - 0:05:25 - Epoch 378: val_AUC=0.9670451254728811, val_AP=0.9670377832407607
INFO - 11/13/25 19:14:07 - 0:05:25 - Epoch 379: train_loss=0.8806024789810181, train_AUC=0.9839062583522946, train_AP=0.9757924229920615, time=0.2616286277770996
INFO - 11/13/25 19:14:07 - 0:05:25 - Epoch 379: val_AUC=0.9687007144991526, val_AP=0.9687172287436057
INFO - 11/13/25 19:14:07 - 0:05:25 - Epoch 380: train_loss=0.8779716491699219, train_AUC=0.9833959857967548, train_AP=0.9745550900190167, time=0.25267910957336426
INFO - 11/13/25 19:14:08 - 0:05:25 - Epoch 380: val_AUC=0.968187308842922, val_AP=0.9684859386460641
INFO - 11/13/25 19:14:08 - 0:05:26 - Epoch 381: train_loss=0.8763598203659058, train_AUC=0.984472938020407, train_AP=0.9759964751191028, time=0.24676871299743652
INFO - 11/13/25 19:14:08 - 0:05:26 - Epoch 381: val_AUC=0.9683246015914422, val_AP=0.9685349382472891
INFO - 11/13/25 19:14:08 - 0:05:26 - Epoch 382: train_loss=0.8781415224075317, train_AUC=0.9839523509075091, train_AP=0.9755994884639441, time=0.22992229461669922
INFO - 11/13/25 19:14:08 - 0:05:26 - Epoch 382: val_AUC=0.9685311175745102, val_AP=0.9686567594491559
INFO - 11/13/25 19:14:08 - 0:05:26 - Epoch 383: train_loss=0.8775724172592163, train_AUC=0.9841862575177205, train_AP=0.9760244633754729, time=0.2209310531616211
INFO - 11/13/25 19:14:09 - 0:05:26 - Epoch 383: val_AUC=0.9693641038302369, val_AP=0.969153218189212
INFO - 11/13/25 19:14:09 - 0:05:26 - Epoch 384: train_loss=0.8791235089302063, train_AUC=0.9834945741461159, train_AP=0.9747512205846675, time=0.22288155555725098
INFO - 11/13/25 19:14:09 - 0:05:27 - Epoch 384: val_AUC=0.9683199867091389, val_AP=0.9679728512981116
INFO - 11/13/25 19:14:09 - 0:05:27 - Epoch 385: train_loss=0.8717023730278015, train_AUC=0.9846334884715325, train_AP=0.9764265114655613, time=0.2236785888671875
INFO - 11/13/25 19:14:09 - 0:05:27 - Epoch 385: val_AUC=0.9666020967717746, val_AP=0.9667100781560465
INFO - 11/13/25 19:14:09 - 0:05:27 - Epoch 386: train_loss=0.8714189529418945, train_AUC=0.9847307371644295, train_AP=0.9758696409888674, time=0.22034668922424316
INFO - 11/13/25 19:14:10 - 0:05:27 - Epoch 386: val_AUC=0.9675469939233536, val_AP=0.9677015793657158
INFO - 11/13/25 19:14:10 - 0:05:27 - Epoch 387: train_loss=0.8743011951446533, train_AUC=0.9836289813608294, train_AP=0.9739522941470573, time=0.22387957572937012
INFO - 11/13/25 19:14:10 - 0:05:28 - Epoch 387: val_AUC=0.9680546309767052, val_AP=0.968030736591436
INFO - 11/13/25 19:14:10 - 0:05:28 - Epoch 388: train_loss=0.8750051259994507, train_AUC=0.9841356077382848, train_AP=0.9756664048597625, time=0.22359180450439453
INFO - 11/13/25 19:14:10 - 0:05:28 - Epoch 388: val_AUC=0.9687434021604573, val_AP=0.9685789244944861
INFO - 11/13/25 19:14:10 - 0:05:28 - Epoch 389: train_loss=0.8794432282447815, train_AUC=0.9838102436584321, train_AP=0.9749529705008357, time=0.2503674030303955
INFO - 11/13/25 19:14:10 - 0:05:28 - Epoch 389: val_AUC=0.9684665092222654, val_AP=0.9680895425254106
INFO - 11/13/25 19:14:11 - 0:05:28 - Epoch 390: train_loss=0.873894989490509, train_AUC=0.9844247861420865, train_AP=0.9751812510962236, time=0.23189020156860352
INFO - 11/13/25 19:14:11 - 0:05:29 - Epoch 390: val_AUC=0.9675769906583244, val_AP=0.9680864190259745
INFO - 11/13/25 19:14:11 - 0:05:29 - Epoch 391: train_loss=0.8761805295944214, train_AUC=0.9843387760106713, train_AP=0.9759878253729806, time=0.22501397132873535
INFO - 11/13/25 19:14:11 - 0:05:29 - Epoch 391: val_AUC=0.9682876825330167, val_AP=0.968845120632153
INFO - 11/13/25 19:14:11 - 0:05:29 - Epoch 392: train_loss=0.8757163286209106, train_AUC=0.9839634359666877, train_AP=0.9751917961075305, time=0.2256159782409668
INFO - 11/13/25 19:14:11 - 0:05:29 - Epoch 392: val_AUC=0.9679450275220043, val_AP=0.9686353556548776
INFO - 11/13/25 19:14:12 - 0:05:29 - Epoch 393: train_loss=0.8751063346862793, train_AUC=0.984098073434856, train_AP=0.9755453373292916, time=0.22132134437561035
INFO - 11/13/25 19:14:12 - 0:05:29 - Epoch 393: val_AUC=0.9695210098285456, val_AP=0.9692469997862733
INFO - 11/13/25 19:14:12 - 0:05:30 - Epoch 394: train_loss=0.8820749521255493, train_AUC=0.9837663340255809, train_AP=0.9755107408468146, time=0.23926806449890137
INFO - 11/13/25 19:14:12 - 0:05:30 - Epoch 394: val_AUC=0.9679058010224272, val_AP=0.9674745289800768
INFO - 11/13/25 19:14:12 - 0:05:30 - Epoch 395: train_loss=0.8721684813499451, train_AUC=0.9848377990402789, train_AP=0.9769694973923226, time=0.22256827354431152
INFO - 11/13/25 19:14:12 - 0:05:30 - Epoch 395: val_AUC=0.9665363346989538, val_AP=0.9672895169585964
INFO - 11/13/25 19:14:13 - 0:05:30 - Epoch 396: train_loss=0.8712112903594971, train_AUC=0.9844111204500318, train_AP=0.9756569407058511, time=0.278918981552124
INFO - 11/13/25 19:14:13 - 0:05:31 - Epoch 396: val_AUC=0.96850919688357, val_AP=0.9683885930353233
INFO - 11/13/25 19:14:13 - 0:05:31 - Epoch 397: train_loss=0.8751007318496704, train_AUC=0.9833685487552162, train_AP=0.9742550064092328, time=0.29484105110168457
INFO - 11/13/25 19:14:13 - 0:05:31 - Epoch 397: val_AUC=0.9681746179165883, val_AP=0.9679159748105493
INFO - 11/13/25 19:14:14 - 0:05:31 - Epoch 398: train_loss=0.8709514141082764, train_AUC=0.9838883324729429, train_AP=0.9749270165124175, time=0.281144380569458
INFO - 11/13/25 19:14:14 - 0:05:31 - Epoch 398: val_AUC=0.9682749916066827, val_AP=0.9680448235551643
INFO - 11/13/25 19:14:14 - 0:05:32 - Epoch 399: train_loss=0.8779465556144714, train_AUC=0.9840973567585184, train_AP=0.9753253895582217, time=0.2851855754852295
INFO - 11/13/25 19:14:14 - 0:05:32 - Epoch 399: val_AUC=0.9685864961621485, val_AP=0.9685626123998848
INFO - 11/13/25 19:14:14 - 0:05:32 - Epoch 400: train_loss=0.870893120765686, train_AUC=0.9845982726509425, train_AP=0.9768272378946014, time=0.2940492630004883
INFO - 11/13/25 19:14:15 - 0:05:32 - Epoch 400: val_AUC=0.9665917132865923, val_AP=0.9667144758165963
INFO - 11/13/25 19:14:15 - 0:05:33 - Epoch 401: train_loss=0.8783177733421326, train_AUC=0.9830805983698399, train_AP=0.9728071089909245, time=0.2805197238922119
INFO - 11/13/25 19:14:15 - 0:05:33 - Epoch 401: val_AUC=0.9675331492764442, val_AP=0.9676511276510867
INFO - 11/13/25 19:14:15 - 0:05:33 - Epoch 402: train_loss=0.8764206767082214, train_AUC=0.9842400720361988, train_AP=0.9757281814395222, time=0.27895355224609375
INFO - 11/13/25 19:14:15 - 0:05:33 - Epoch 402: val_AUC=0.9690006818488602, val_AP=0.9691221778187535
INFO - 11/13/25 19:14:16 - 0:05:33 - Epoch 403: train_loss=0.8682194948196411, train_AUC=0.9850647711341064, train_AP=0.9769213709199249, time=0.2869091033935547
INFO - 11/13/25 19:14:16 - 0:05:34 - Epoch 403: val_AUC=0.9682634544009248, val_AP=0.9682337909021277
INFO - 11/13/25 19:14:16 - 0:05:34 - Epoch 404: train_loss=0.8777455687522888, train_AUC=0.9831719970301571, train_AP=0.9744838021083092, time=0.28038811683654785
INFO - 11/13/25 19:14:16 - 0:05:34 - Epoch 404: val_AUC=0.9660748464686344, val_AP=0.9669588807928007
INFO - 11/13/25 19:14:17 - 0:05:34 - Epoch 405: train_loss=0.8767369985580444, train_AUC=0.9831487384409228, train_AP=0.973595762477915, time=0.27925944328308105
INFO - 11/13/25 19:14:17 - 0:05:34 - Epoch 405: val_AUC=0.9687249426312444, val_AP=0.9685463633883744
INFO - 11/13/25 19:14:17 - 0:05:35 - Epoch 406: train_loss=0.8722333908081055, train_AUC=0.9839847628191458, train_AP=0.9751279557574817, time=0.28081393241882324
INFO - 11/13/25 19:14:17 - 0:05:35 - Epoch 406: val_AUC=0.9681526972256481, val_AP=0.9685726801801907
INFO - 11/13/25 19:14:17 - 0:05:35 - Epoch 407: train_loss=0.8741710186004639, train_AUC=0.9836390547002826, train_AP=0.9746500329345845, time=0.29114603996276855
INFO - 11/13/25 19:14:18 - 0:05:35 - Epoch 407: val_AUC=0.9691898920232913, val_AP=0.9693923078439743
INFO - 11/13/25 19:14:18 - 0:05:36 - Epoch 408: train_loss=0.8759492039680481, train_AUC=0.9843961888623601, train_AP=0.9757594668538118, time=0.2799875736236572
INFO - 11/13/25 19:14:18 - 0:05:36 - Epoch 408: val_AUC=0.9697229109293103, val_AP=0.9697703480542946
INFO - 11/13/25 19:14:18 - 0:05:36 - Epoch 409: train_loss=0.8729442358016968, train_AUC=0.9847081583711091, train_AP=0.97675079462347, time=0.29004693031311035
INFO - 11/13/25 19:14:18 - 0:05:36 - Epoch 409: val_AUC=0.9671916479860075, val_AP=0.9676868825653314
INFO - 11/13/25 19:14:19 - 0:05:36 - Epoch 410: train_loss=0.8736821413040161, train_AUC=0.9847456518070418, train_AP=0.9764472573441411, time=0.2796194553375244
INFO - 11/13/25 19:14:19 - 0:05:37 - Epoch 410: val_AUC=0.9685749589563903, val_AP=0.9689884360783576
INFO - 11/13/25 19:14:19 - 0:05:37 - Epoch 411: train_loss=0.8714303374290466, train_AUC=0.9840808642318418, train_AP=0.9752623327181137, time=0.2957749366760254
INFO - 11/13/25 19:14:19 - 0:05:37 - Epoch 411: val_AUC=0.968123854211253, val_AP=0.9686282394038158
INFO - 11/13/25 19:14:20 - 0:05:37 - Epoch 412: train_loss=0.8717268705368042, train_AUC=0.9846218960573389, train_AP=0.9765254001704295, time=0.27980661392211914
INFO - 11/13/25 19:14:20 - 0:05:37 - Epoch 412: val_AUC=0.9669620575914237, val_AP=0.9677385252448085
INFO - 11/13/25 19:14:20 - 0:05:38 - Epoch 413: train_loss=0.8701774477958679, train_AUC=0.9841954537011556, train_AP=0.9753934142068355, time=0.28864455223083496
INFO - 11/13/25 19:14:20 - 0:05:38 - Epoch 413: val_AUC=0.9683834413408079, val_AP=0.9681302847986994
INFO - 11/13/25 19:14:20 - 0:05:38 - Epoch 414: train_loss=0.8710744380950928, train_AUC=0.9839500085022335, train_AP=0.9752091811665597, time=0.2793262004852295
INFO - 11/13/25 19:14:21 - 0:05:38 - Epoch 414: val_AUC=0.9676762106278431, val_AP=0.9675636686311878
INFO - 11/13/25 19:14:21 - 0:05:38 - Epoch 415: train_loss=0.871117353439331, train_AUC=0.9839397298285305, train_AP=0.9750382092479959, time=0.257556676864624
INFO - 11/13/25 19:14:21 - 0:05:39 - Epoch 415: val_AUC=0.968904923041069, val_AP=0.9686461392965633
INFO - 11/13/25 19:14:21 - 0:05:39 - Epoch 416: train_loss=0.8711544871330261, train_AUC=0.9836411299716801, train_AP=0.9744765039825721, time=0.25885677337646484
INFO - 11/13/25 19:14:21 - 0:05:39 - Epoch 416: val_AUC=0.9681838476811947, val_AP=0.968287840087764
INFO - 11/13/25 19:14:22 - 0:05:39 - Epoch 417: train_loss=0.8701640367507935, train_AUC=0.9846002871194796, train_AP=0.9766425225519708, time=0.24877548217773438
INFO - 11/13/25 19:14:22 - 0:05:39 - Epoch 417: val_AUC=0.9681619269902545, val_AP=0.9686248488828757
INFO - 11/13/25 19:14:22 - 0:05:40 - Epoch 418: train_loss=0.8723586797714233, train_AUC=0.9841394104089769, train_AP=0.9752320928955036, time=0.2514932155609131
INFO - 11/13/25 19:14:22 - 0:05:40 - Epoch 418: val_AUC=0.9689522255846766, val_AP=0.9692918866975132
INFO - 11/13/25 19:14:22 - 0:05:40 - Epoch 419: train_loss=0.871452808380127, train_AUC=0.9838577137473024, train_AP=0.9750235745725042, time=0.247727632522583
INFO - 11/13/25 19:14:22 - 0:05:40 - Epoch 419: val_AUC=0.9685784201181179, val_AP=0.9688324162831179
INFO - 11/13/25 19:14:23 - 0:05:40 - Epoch 420: train_loss=0.8714882135391235, train_AUC=0.9843856241161831, train_AP=0.9763928226451173, time=0.2641923427581787
INFO - 11/13/25 19:14:23 - 0:05:40 - Epoch 420: val_AUC=0.9675008451003216, val_AP=0.9677559951481549
INFO - 11/13/25 19:14:23 - 0:05:41 - Epoch 421: train_loss=0.8706648945808411, train_AUC=0.9846020344541382, train_AP=0.9763889036985509, time=0.25010085105895996
INFO - 11/13/25 19:14:23 - 0:05:41 - Epoch 421: val_AUC=0.9680396326092197, val_AP=0.9680186869269898
INFO - 11/13/25 19:14:23 - 0:05:41 - Epoch 422: train_loss=0.8706744313240051, train_AUC=0.9838705491314443, train_AP=0.9746578349562551, time=0.2726316452026367
INFO - 11/13/25 19:14:24 - 0:05:41 - Epoch 422: val_AUC=0.9679427200808527, val_AP=0.9681588799124365
INFO - 11/13/25 19:14:24 - 0:05:42 - Epoch 423: train_loss=0.8735575675964355, train_AUC=0.9834338470401541, train_AP=0.9742337150747788, time=0.29459333419799805
INFO - 11/13/25 19:14:24 - 0:05:42 - Epoch 423: val_AUC=0.9684295901638398, val_AP=0.9682371350572775
INFO - 11/13/25 19:14:24 - 0:05:42 - Epoch 424: train_loss=0.8706592321395874, train_AUC=0.9843871152814139, train_AP=0.9759209966796507, time=0.2696828842163086
INFO - 11/13/25 19:14:24 - 0:05:42 - Epoch 424: val_AUC=0.9694275584619058, val_AP=0.9692392862014969
INFO - 11/13/25 19:14:25 - 0:05:42 - Epoch 425: train_loss=0.8699290752410889, train_AUC=0.984178266427042, train_AP=0.9759651405453047, time=0.2808537483215332
INFO - 11/13/25 19:14:25 - 0:05:42 - Epoch 425: val_AUC=0.9694217898590269, val_AP=0.969583788601219
INFO - 11/13/25 19:14:25 - 0:05:43 - Epoch 426: train_loss=0.8694028854370117, train_AUC=0.9844786096314786, train_AP=0.9757354957858646, time=0.24319887161254883
INFO - 11/13/25 19:14:25 - 0:05:43 - Epoch 426: val_AUC=0.9679346440368222, val_AP=0.9685740250818987
INFO - 11/13/25 19:14:25 - 0:05:43 - Epoch 427: train_loss=0.8701274394989014, train_AUC=0.9840724455276046, train_AP=0.9752823611105157, time=0.2599952220916748
INFO - 11/13/25 19:14:25 - 0:05:43 - Epoch 427: val_AUC=0.9688287774830662, val_AP=0.9690464868587157
INFO - 11/13/25 19:14:26 - 0:05:43 - Epoch 428: train_loss=0.8734130859375, train_AUC=0.9842655135477963, train_AP=0.9757510759359987, time=0.2511911392211914
INFO - 11/13/25 19:14:26 - 0:05:44 - Epoch 428: val_AUC=0.9687134054254863, val_AP=0.9690768234107758
INFO - 11/13/25 19:14:26 - 0:05:44 - Epoch 429: train_loss=0.8729085326194763, train_AUC=0.9842914514499586, train_AP=0.9760634916880166, time=0.2533562183380127
INFO - 11/13/25 19:14:26 - 0:05:44 - Epoch 429: val_AUC=0.9676289080842355, val_AP=0.9677935916714283
INFO - 11/13/25 19:14:26 - 0:05:44 - Epoch 430: train_loss=0.8685992956161499, train_AUC=0.9851737886691689, train_AP=0.9773911363193198, time=0.25537705421447754
INFO - 11/13/25 19:14:27 - 0:05:44 - Epoch 430: val_AUC=0.9670139750173345, val_AP=0.9672709684341936
INFO - 11/13/25 19:14:27 - 0:05:45 - Epoch 431: train_loss=0.8768987655639648, train_AUC=0.984088725742654, train_AP=0.9756478883006062, time=0.2587471008300781
INFO - 11/13/25 19:14:27 - 0:05:45 - Epoch 431: val_AUC=0.968663795440727, val_AP=0.9685031598786548
INFO - 11/13/25 19:14:27 - 0:05:45 - Epoch 432: train_loss=0.8716937303543091, train_AUC=0.9835354426391816, train_AP=0.9752035649431017, time=0.2626349925994873
INFO - 11/13/25 19:14:27 - 0:05:45 - Epoch 432: val_AUC=0.9675077674237765, val_AP=0.9675180828748013
INFO - 11/13/25 19:14:28 - 0:05:45 - Epoch 433: train_loss=0.8762776851654053, train_AUC=0.9839244842588751, train_AP=0.9751529381179932, time=0.251129150390625
INFO - 11/13/25 19:14:28 - 0:05:45 - Epoch 433: val_AUC=0.9675746832171731, val_AP=0.9676812592147019
INFO - 11/13/25 19:14:28 - 0:05:46 - Epoch 434: train_loss=0.8677881956100464, train_AUC=0.9850671892937654, train_AP=0.9774841960926748, time=0.25435590744018555
INFO - 11/13/25 19:14:28 - 0:05:46 - Epoch 434: val_AUC=0.9686695640436059, val_AP=0.9686473014580226
INFO - 11/13/25 19:14:28 - 0:05:46 - Epoch 435: train_loss=0.8697479963302612, train_AUC=0.9850874605686972, train_AP=0.9776891269511514, time=0.2629973888397217
INFO - 11/13/25 19:14:28 - 0:05:46 - Epoch 435: val_AUC=0.9682149981367412, val_AP=0.9683046330609243
INFO - 11/13/25 19:14:29 - 0:05:46 - Epoch 436: train_loss=0.8687360286712646, train_AUC=0.9853037971458054, train_AP=0.9773041551671704, time=0.25157618522644043
INFO - 11/13/25 19:14:29 - 0:05:47 - Epoch 436: val_AUC=0.9688253163213388, val_AP=0.9696475881088971
INFO - 11/13/25 19:14:29 - 0:05:47 - Epoch 437: train_loss=0.8700412511825562, train_AUC=0.9842681539867645, train_AP=0.9747641079764295, time=0.2524681091308594
INFO - 11/13/25 19:14:29 - 0:05:47 - Epoch 437: val_AUC=0.9680511698149779, val_AP=0.9685635333640237
INFO - 11/13/25 19:14:29 - 0:05:47 - Epoch 438: train_loss=0.8668392896652222, train_AUC=0.9854255812880038, train_AP=0.9777900820033665, time=0.2504134178161621
INFO - 11/13/25 19:14:30 - 0:05:47 - Epoch 438: val_AUC=0.9681976923281042, val_AP=0.9683098598617432
INFO - 11/13/25 19:14:30 - 0:05:48 - Epoch 439: train_loss=0.8716325759887695, train_AUC=0.9845272579003639, train_AP=0.9764968469431003, time=0.2596454620361328
INFO - 11/13/25 19:14:30 - 0:05:48 - Epoch 439: val_AUC=0.9684734315457202, val_AP=0.968461710409623
INFO - 11/13/25 19:14:30 - 0:05:48 - Epoch 440: train_loss=0.8717321753501892, train_AUC=0.9835255616759915, train_AP=0.9742560436547555, time=0.2504730224609375
INFO - 11/13/25 19:14:30 - 0:05:48 - Epoch 440: val_AUC=0.9676462138928724, val_AP=0.9676173724426396
INFO - 11/13/25 19:14:31 - 0:05:48 - Epoch 441: train_loss=0.867806613445282, train_AUC=0.9844139512717266, train_AP=0.9756705387876278, time=0.2588460445404053
INFO - 11/13/25 19:14:31 - 0:05:48 - Epoch 441: val_AUC=0.9684815075897508, val_AP=0.9681942053366865
INFO - 11/13/25 19:14:31 - 0:05:49 - Epoch 442: train_loss=0.8746099472045898, train_AUC=0.9845547218546441, train_AP=0.9762885999195176, time=0.2540414333343506
INFO - 11/13/25 19:14:31 - 0:05:49 - Epoch 442: val_AUC=0.9686257226617256, val_AP=0.9682299384726136
INFO - 11/13/25 19:14:31 - 0:05:49 - Epoch 443: train_loss=0.874391496181488, train_AUC=0.9836955943830262, train_AP=0.975217991586636, time=0.2521991729736328
INFO - 11/13/25 19:14:31 - 0:05:49 - Epoch 443: val_AUC=0.9690549067159229, val_AP=0.9690010721617215
INFO - 11/13/25 19:14:32 - 0:05:49 - Epoch 444: train_loss=0.8674296140670776, train_AUC=0.9847076081550614, train_AP=0.9761941521324387, time=0.25134897232055664
INFO - 11/13/25 19:14:32 - 0:05:49 - Epoch 444: val_AUC=0.968296912297623, val_AP=0.968516617383439
INFO - 11/13/25 19:14:32 - 0:05:50 - Epoch 445: train_loss=0.866741418838501, train_AUC=0.9851511819663389, train_AP=0.9773785863688168, time=0.24952077865600586
INFO - 11/13/25 19:14:32 - 0:05:50 - Epoch 445: val_AUC=0.9684653555016896, val_AP=0.9688531379022016
INFO - 11/13/25 19:14:32 - 0:05:50 - Epoch 446: train_loss=0.8685272932052612, train_AUC=0.9846169490967505, train_AP=0.9761932038046782, time=0.2647264003753662
INFO - 11/13/25 19:14:33 - 0:05:50 - Epoch 446: val_AUC=0.9683580594881404, val_AP=0.9685421232147177
INFO - 11/13/25 19:14:33 - 0:05:50 - Epoch 447: train_loss=0.8677096366882324, train_AUC=0.9848438025751619, train_AP=0.9760037656501199, time=0.2509620189666748
INFO - 11/13/25 19:14:33 - 0:05:51 - Epoch 447: val_AUC=0.9686234152205739, val_AP=0.9686244928212187
INFO - 11/13/25 19:14:33 - 0:05:51 - Epoch 448: train_loss=0.8665484189987183, train_AUC=0.9844639372035395, train_AP=0.9758595483239167, time=0.252718448638916
INFO - 11/13/25 19:14:33 - 0:05:51 - Epoch 448: val_AUC=0.9678769580080322, val_AP=0.967895357803438
INFO - 11/13/25 19:14:34 - 0:05:51 - Epoch 449: train_loss=0.8625506162643433, train_AUC=0.9852665190118045, train_AP=0.9773707749645442, time=0.247847318649292
INFO - 11/13/25 19:14:34 - 0:05:51 - Epoch 449: val_AUC=0.9677985050088778, val_AP=0.9676588651564978
INFO - 11/13/25 19:14:34 - 0:05:52 - Epoch 450: train_loss=0.8682907819747925, train_AUC=0.9843868441604628, train_AP=0.976351611945338, time=0.2561604976654053
INFO - 11/13/25 19:14:34 - 0:05:52 - Epoch 450: val_AUC=0.9685299638539344, val_AP=0.9683802678200865
INFO - 11/13/25 19:14:34 - 0:05:52 - Epoch 451: train_loss=0.8689998388290405, train_AUC=0.984610819969074, train_AP=0.9766723894000389, time=0.259918212890625
INFO - 11/13/25 19:14:34 - 0:05:52 - Epoch 451: val_AUC=0.9686661028818786, val_AP=0.9684665281188031
INFO - 11/13/25 19:14:35 - 0:05:52 - Epoch 452: train_loss=0.8680687546730042, train_AUC=0.9843268367211432, train_AP=0.9755268527221397, time=0.25425267219543457
INFO - 11/13/25 19:14:35 - 0:05:52 - Epoch 452: val_AUC=0.9685184266481764, val_AP=0.9684196130366893
INFO - 11/13/25 19:14:35 - 0:05:53 - Epoch 453: train_loss=0.8662561178207397, train_AUC=0.9844055435319395, train_AP=0.9751959083774271, time=0.2630350589752197
INFO - 11/13/25 19:14:35 - 0:05:53 - Epoch 453: val_AUC=0.9689049230410689, val_AP=0.968665093782102
INFO - 11/13/25 19:14:35 - 0:05:53 - Epoch 454: train_loss=0.8706883192062378, train_AUC=0.984840951818103, train_AP=0.9770924296279174, time=0.24890899658203125
INFO - 11/13/25 19:14:35 - 0:05:53 - Epoch 454: val_AUC=0.9679969449479153, val_AP=0.9681657094989383
INFO - 11/13/25 19:14:36 - 0:05:53 - Epoch 455: train_loss=0.862533450126648, train_AUC=0.9851016724897267, train_AP=0.9770548962665645, time=0.2534010410308838
INFO - 11/13/25 19:14:36 - 0:05:54 - Epoch 455: val_AUC=0.9690825960097419, val_AP=0.9690323103457489
INFO - 11/13/25 19:14:36 - 0:05:54 - Epoch 456: train_loss=0.8656617999076843, train_AUC=0.9848798556810419, train_AP=0.9765046533020598, time=0.2513883113861084
INFO - 11/13/25 19:14:36 - 0:05:54 - Epoch 456: val_AUC=0.9683361387972002, val_AP=0.9686854873921213
INFO - 11/13/25 19:14:36 - 0:05:54 - Epoch 457: train_loss=0.871222972869873, train_AUC=0.9842038135960691, train_AP=0.974666038366567, time=0.2528667449951172
INFO - 11/13/25 19:14:37 - 0:05:54 - Epoch 457: val_AUC=0.9688518518945821, val_AP=0.9693809395031917
INFO - 11/13/25 19:14:37 - 0:05:55 - Epoch 458: train_loss=0.866654634475708, train_AUC=0.9849947840515445, train_AP=0.9768387226889552, time=0.26268577575683594
INFO - 11/13/25 19:14:37 - 0:05:55 - Epoch 458: val_AUC=0.9682646081215006, val_AP=0.9688791740329543
INFO - 11/13/25 19:14:37 - 0:05:55 - Epoch 459: train_loss=0.8687199950218201, train_AUC=0.9843509615019453, train_AP=0.9756059956306927, time=0.26583266258239746
INFO - 11/13/25 19:14:37 - 0:05:55 - Epoch 459: val_AUC=0.9673750895575596, val_AP=0.9678467572455123
INFO - 11/13/25 19:14:38 - 0:05:55 - Epoch 460: train_loss=0.8708045482635498, train_AUC=0.9842641190690812, train_AP=0.9759221131599365, time=0.2736668586730957
INFO - 11/13/25 19:14:38 - 0:05:55 - Epoch 460: val_AUC=0.965990624866601, val_AP=0.9664734181863327
INFO - 11/13/25 19:14:38 - 0:05:56 - Epoch 461: train_loss=0.8708486557006836, train_AUC=0.9842916687454268, train_AP=0.9758021759550645, time=0.25995755195617676
INFO - 11/13/25 19:14:38 - 0:05:56 - Epoch 461: val_AUC=0.9665905595660165, val_AP=0.9664726713041933
INFO - 11/13/25 19:14:38 - 0:05:56 - Epoch 462: train_loss=0.8686274290084839, train_AUC=0.9844635016158351, train_AP=0.9763080049204371, time=0.25233030319213867
INFO - 11/13/25 19:14:38 - 0:05:56 - Epoch 462: val_AUC=0.9677938901265747, val_AP=0.9676123852084109
INFO - 11/13/25 19:14:39 - 0:05:56 - Epoch 463: train_loss=0.8717176914215088, train_AUC=0.9839326826773397, train_AP=0.9755703621967187, time=0.2626795768737793
INFO - 11/13/25 19:14:39 - 0:05:57 - Epoch 463: val_AUC=0.9682865288124407, val_AP=0.9685320135738424
INFO - 11/13/25 19:14:39 - 0:05:57 - Epoch 464: train_loss=0.8692806959152222, train_AUC=0.984332539232029, train_AP=0.9758209588755973, time=0.25357890129089355
INFO - 11/13/25 19:14:39 - 0:05:57 - Epoch 464: val_AUC=0.9687907047040649, val_AP=0.9687851679379227
INFO - 11/13/25 19:14:39 - 0:05:57 - Epoch 465: train_loss=0.8679578304290771, train_AUC=0.9847612492358726, train_AP=0.9762487262038524, time=0.25127339363098145
INFO - 11/13/25 19:14:40 - 0:05:57 - Epoch 465: val_AUC=0.9681469286227691, val_AP=0.9682439050314492
INFO - 11/13/25 19:14:40 - 0:05:58 - Epoch 466: train_loss=0.8752553462982178, train_AUC=0.9838159501563908, train_AP=0.9744227722043745, time=0.2527952194213867
INFO - 11/13/25 19:14:40 - 0:05:58 - Epoch 466: val_AUC=0.9685230415304796, val_AP=0.9689163655257602
INFO - 11/13/25 19:14:40 - 0:05:58 - Epoch 467: train_loss=0.8660709857940674, train_AUC=0.984366090449721, train_AP=0.9760436419003468, time=0.25342226028442383
INFO - 11/13/25 19:14:40 - 0:05:58 - Epoch 467: val_AUC=0.9674858467328364, val_AP=0.9675461043398473
INFO - 11/13/25 19:14:41 - 0:05:58 - Epoch 468: train_loss=0.8685351610183716, train_AUC=0.9841158179023948, train_AP=0.9748492547900064, time=0.2542717456817627
INFO - 11/13/25 19:14:41 - 0:05:58 - Epoch 468: val_AUC=0.968113470726071, val_AP=0.9681587528076038
INFO - 11/13/25 19:14:41 - 0:05:59 - Epoch 469: train_loss=0.8639395236968994, train_AUC=0.9855143395093531, train_AP=0.9776000750465762, time=0.2564046382904053
INFO - 11/13/25 19:14:41 - 0:05:59 - Epoch 469: val_AUC=0.9682611469597733, val_AP=0.9680821761070476
INFO - 11/13/25 19:14:41 - 0:05:59 - Epoch 470: train_loss=0.8674723505973816, train_AUC=0.9840273447567515, train_AP=0.9750737087520204, time=0.25366902351379395
INFO - 11/13/25 19:14:41 - 0:05:59 - Epoch 470: val_AUC=0.9687064831020316, val_AP=0.968422997100851
INFO - 11/13/25 19:14:42 - 0:05:59 - Epoch 471: train_loss=0.8659130334854126, train_AUC=0.9851219746644728, train_AP=0.9769868998677391, time=0.2589583396911621
INFO - 11/13/25 19:14:42 - 0:05:59 - Epoch 471: val_AUC=0.9687353261164265, val_AP=0.9687202437569754
INFO - 11/13/25 19:14:42 - 0:06:00 - Epoch 472: train_loss=0.86625075340271, train_AUC=0.9847347551370533, train_AP=0.9764471774564968, time=0.2507941722869873
INFO - 11/13/25 19:14:42 - 0:06:00 - Epoch 472: val_AUC=0.9675873741435066, val_AP=0.967897706121706
INFO - 11/13/25 19:14:42 - 0:06:00 - Epoch 473: train_loss=0.8657684922218323, train_AUC=0.984795142345058, train_AP=0.9758060787903127, time=0.258101224899292
INFO - 11/13/25 19:14:43 - 0:06:00 - Epoch 473: val_AUC=0.9677119759656929, val_AP=0.9680568760723224
INFO - 11/13/25 19:14:43 - 0:06:00 - Epoch 474: train_loss=0.8671223521232605, train_AUC=0.984755065285945, train_AP=0.9767359294870372, time=0.2609858512878418
INFO - 11/13/25 19:14:43 - 0:06:01 - Epoch 474: val_AUC=0.9669205236506949, val_AP=0.967374579991231
INFO - 11/13/25 19:14:43 - 0:06:01 - Epoch 475: train_loss=0.8695023059844971, train_AUC=0.9841264255096045, train_AP=0.9756080418482607, time=0.2553141117095947
INFO - 11/13/25 19:14:43 - 0:06:01 - Epoch 475: val_AUC=0.9669839782823638, val_AP=0.9667607845422086
INFO - 11/13/25 19:14:44 - 0:06:01 - Epoch 476: train_loss=0.8696497678756714, train_AUC=0.9843041751960621, train_AP=0.9751785032405108, time=0.2584223747253418
INFO - 11/13/25 19:14:44 - 0:06:01 - Epoch 476: val_AUC=0.9683926711054144, val_AP=0.968539342133285
INFO - 11/13/25 19:14:44 - 0:06:02 - Epoch 477: train_loss=0.8679882287979126, train_AUC=0.985105938657633, train_AP=0.9773423909385843, time=0.24498534202575684
INFO - 11/13/25 19:14:44 - 0:06:02 - Epoch 477: val_AUC=0.9676116022755984, val_AP=0.9678968598045169
INFO - 11/13/25 19:14:44 - 0:06:02 - Epoch 478: train_loss=0.8695157766342163, train_AUC=0.9839345356694279, train_AP=0.9752558736053034, time=0.2582814693450928
INFO - 11/13/25 19:14:44 - 0:06:02 - Epoch 478: val_AUC=0.9683903636642627, val_AP=0.9686274071889308
INFO - 11/13/25 19:14:45 - 0:06:02 - Epoch 479: train_loss=0.8648050427436829, train_AUC=0.9849648221961492, train_AP=0.97650430163932, time=0.2455613613128662
INFO - 11/13/25 19:14:45 - 0:06:02 - Epoch 479: val_AUC=0.9671351156777934, val_AP=0.9676977456282444
INFO - 11/13/25 19:14:45 - 0:06:03 - Epoch 480: train_loss=0.8665317893028259, train_AUC=0.9844024565408167, train_AP=0.9755048083667319, time=0.2697322368621826
INFO - 11/13/25 19:14:45 - 0:06:03 - Epoch 480: val_AUC=0.9675469939233539, val_AP=0.9679209262121127
INFO - 11/13/25 19:14:45 - 0:06:03 - Epoch 481: train_loss=0.8644830584526062, train_AUC=0.9846489832332386, train_AP=0.9764252513641642, time=0.24737215042114258
INFO - 11/13/25 19:14:46 - 0:06:03 - Epoch 481: val_AUC=0.9679750242569751, val_AP=0.9681227578785616
INFO - 11/13/25 19:14:46 - 0:06:03 - Epoch 482: train_loss=0.8648025989532471, train_AUC=0.9856255329894014, train_AP=0.9781861280529889, time=0.2409217357635498
INFO - 11/13/25 19:14:46 - 0:06:04 - Epoch 482: val_AUC=0.9673820118810145, val_AP=0.9676749394382881
INFO - 11/13/25 19:14:46 - 0:06:04 - Epoch 483: train_loss=0.8697181940078735, train_AUC=0.984559631934809, train_AP=0.9760136495654391, time=0.25037336349487305
INFO - 11/13/25 19:14:46 - 0:06:04 - Epoch 483: val_AUC=0.968308449503381, val_AP=0.968276011995839
INFO - 11/13/25 19:14:46 - 0:06:04 - Epoch 484: train_loss=0.863170325756073, train_AUC=0.9855161087729123, train_AP=0.9777597985757518, time=0.2624785900115967
INFO - 11/13/25 19:14:47 - 0:06:04 - Epoch 484: val_AUC=0.9677004387599349, val_AP=0.9679342794803176
INFO - 11/13/25 19:14:47 - 0:06:05 - Epoch 485: train_loss=0.864800751209259, train_AUC=0.9845800666797261, train_AP=0.9762775025755025, time=0.24985289573669434
INFO - 11/13/25 19:14:47 - 0:06:05 - Epoch 485: val_AUC=0.9675735294965969, val_AP=0.9678316119252317
INFO - 11/13/25 19:14:47 - 0:06:05 - Epoch 486: train_loss=0.8650045394897461, train_AUC=0.9845999581859727, train_AP=0.97582832548217, time=0.2571697235107422
INFO - 11/13/25 19:14:47 - 0:06:05 - Epoch 486: val_AUC=0.9679819465804299, val_AP=0.9683204554187848
INFO - 11/13/25 19:14:48 - 0:06:05 - Epoch 487: train_loss=0.8601188659667969, train_AUC=0.9855996818060726, train_AP=0.9774511713263778, time=0.2537519931793213
INFO - 11/13/25 19:14:48 - 0:06:05 - Epoch 487: val_AUC=0.9675596848496875, val_AP=0.9679964557246379
INFO - 11/13/25 19:14:48 - 0:06:06 - Epoch 488: train_loss=0.8630637526512146, train_AUC=0.9853647196183348, train_AP=0.9773148000485375, time=0.24976015090942383
INFO - 11/13/25 19:14:48 - 0:06:06 - Epoch 488: val_AUC=0.9679669482129446, val_AP=0.9681623514017087
INFO - 11/13/25 19:14:48 - 0:06:06 - Epoch 489: train_loss=0.8690078258514404, train_AUC=0.985531455016156, train_AP=0.9774909890789323, time=0.2623786926269531
INFO - 11/13/25 19:14:48 - 0:06:06 - Epoch 489: val_AUC=0.967906954743003, val_AP=0.9680188438751217
INFO - 11/13/25 19:14:49 - 0:06:06 - Epoch 490: train_loss=0.8691197633743286, train_AUC=0.9846303107745034, train_AP=0.9761218712751335, time=0.2536439895629883
INFO - 11/13/25 19:14:49 - 0:06:07 - Epoch 490: val_AUC=0.9688114716744293, val_AP=0.9685759483611723
INFO - 11/13/25 19:14:49 - 0:06:07 - Epoch 491: train_loss=0.8743676543235779, train_AUC=0.9837765269772184, train_AP=0.9747946927849944, time=0.2582383155822754
INFO - 11/13/25 19:14:49 - 0:06:07 - Epoch 491: val_AUC=0.9679773316981266, val_AP=0.9682176870511039
INFO - 11/13/25 19:14:49 - 0:06:07 - Epoch 492: train_loss=0.8654123544692993, train_AUC=0.985294876070394, train_AP=0.9770210664165478, time=0.2536611557006836
INFO - 11/13/25 19:14:50 - 0:06:07 - Epoch 492: val_AUC=0.9676219857607804, val_AP=0.9680618705070416
INFO - 11/13/25 19:14:50 - 0:06:08 - Epoch 493: train_loss=0.8671651482582092, train_AUC=0.9854042923127374, train_AP=0.9774400005056342, time=0.24635100364685059
INFO - 11/13/25 19:14:50 - 0:06:08 - Epoch 493: val_AUC=0.9683372925177759, val_AP=0.9683630351340288
INFO - 11/13/25 19:14:50 - 0:06:08 - Epoch 494: train_loss=0.8675858974456787, train_AUC=0.9846105020000174, train_AP=0.9757364443600203, time=0.24793148040771484
INFO - 11/13/25 19:14:50 - 0:06:08 - Epoch 494: val_AUC=0.9683984397082932, val_AP=0.9683235072400315
INFO - 11/13/25 19:14:51 - 0:06:08 - Epoch 495: train_loss=0.8700786232948303, train_AUC=0.98482762901431, train_AP=0.9771906666177141, time=0.24376606941223145
INFO - 11/13/25 19:14:51 - 0:06:08 - Epoch 495: val_AUC=0.9672147223975236, val_AP=0.9677218889914739
INFO - 11/13/25 19:14:51 - 0:06:09 - Epoch 496: train_loss=0.8688467741012573, train_AUC=0.985208497134744, train_AP=0.9770781780376664, time=0.2560255527496338
INFO - 11/13/25 19:14:51 - 0:06:09 - Epoch 496: val_AUC=0.9675723757760213, val_AP=0.9682412097762916
INFO - 11/13/25 19:14:51 - 0:06:09 - Epoch 497: train_loss=0.8718507289886475, train_AUC=0.9843086586594363, train_AP=0.9754745561543476, time=0.2461862564086914
INFO - 11/13/25 19:14:51 - 0:06:09 - Epoch 497: val_AUC=0.9666032504923503, val_AP=0.967665322955828
INFO - 11/13/25 19:14:52 - 0:06:09 - Epoch 498: train_loss=0.8662035465240479, train_AUC=0.984485950829289, train_AP=0.9753623657319022, time=0.2512197494506836
INFO - 11/13/25 19:14:52 - 0:06:09 - Epoch 498: val_AUC=0.9682034609309833, val_AP=0.9684891899954565
INFO - 11/13/25 19:14:52 - 0:06:10 - Epoch 499: train_loss=0.8680310249328613, train_AUC=0.9842101998899417, train_AP=0.9750507140750694, time=0.25487375259399414
INFO - 11/13/25 19:14:52 - 0:06:10 - Epoch 499: val_AUC=0.9677362040977848, val_AP=0.9678405567684746
INFO - 11/13/25 19:14:52 - 0:06:10 - Epoch 500: train_loss=0.8643919229507446, train_AUC=0.9847547572845705, train_AP=0.9758814063158993, time=0.25960659980773926
INFO - 11/13/25 19:14:53 - 0:06:10 - Epoch 500: val_AUC=0.9672297207650089, val_AP=0.9672992208645158
INFO - 11/13/25 19:14:53 - 0:06:10 - Epoch 501: train_loss=0.8637768626213074, train_AUC=0.9848561226301432, train_AP=0.9762356462062189, time=0.2509796619415283
INFO - 11/13/25 19:14:53 - 0:06:11 - Epoch 501: val_AUC=0.9675285343941409, val_AP=0.9677155821200316
INFO - 11/13/25 19:14:53 - 0:06:11 - Epoch 502: train_loss=0.8671857118606567, train_AUC=0.9845394503690154, train_AP=0.9761414346040405, time=0.2452085018157959
INFO - 11/13/25 19:14:53 - 0:06:11 - Epoch 502: val_AUC=0.9679461812425803, val_AP=0.9681535711233477
INFO - 11/13/25 19:14:54 - 0:06:11 - Epoch 503: train_loss=0.8663151264190674, train_AUC=0.9851291344504705, train_AP=0.9772165233951033, time=0.25130295753479004
INFO - 11/13/25 19:14:54 - 0:06:11 - Epoch 503: val_AUC=0.968675332646485, val_AP=0.9688458657613457
INFO - 11/13/25 19:14:54 - 0:06:12 - Epoch 504: train_loss=0.8627321720123291, train_AUC=0.9853664609723842, train_AP=0.977268009547506, time=0.24692821502685547
INFO - 11/13/25 19:14:54 - 0:06:12 - Epoch 504: val_AUC=0.966329818715886, val_AP=0.967323373836622
INFO - 11/13/25 19:14:54 - 0:06:12 - Epoch 505: train_loss=0.8655527830123901, train_AUC=0.9848080793995567, train_AP=0.9765296131204513, time=0.24697589874267578
INFO - 11/13/25 19:14:54 - 0:06:12 - Epoch 505: val_AUC=0.9664359610088593, val_AP=0.9672495942254935
INFO - 11/13/25 19:14:55 - 0:06:12 - Epoch 506: train_loss=0.8652609586715698, train_AUC=0.9848264348860036, train_AP=0.9758660598688227, time=0.2515451908111572
INFO - 11/13/25 19:14:55 - 0:06:12 - Epoch 506: val_AUC=0.9666874720943837, val_AP=0.9674631994639525
INFO - 11/13/25 19:14:55 - 0:06:13 - Epoch 507: train_loss=0.8623979091644287, train_AUC=0.9846636167872176, train_AP=0.9763259862175702, time=0.26567816734313965
INFO - 11/13/25 19:14:55 - 0:06:13 - Epoch 507: val_AUC=0.9682496097540152, val_AP=0.9681501688590758
INFO - 11/13/25 19:14:55 - 0:06:13 - Epoch 508: train_loss=0.8636255264282227, train_AUC=0.9853010769653809, train_AP=0.9771206209312582, time=0.25870490074157715
INFO - 11/13/25 19:14:56 - 0:06:13 - Epoch 508: val_AUC=0.9682957585770472, val_AP=0.9680711352263541
INFO - 11/13/25 19:14:56 - 0:06:13 - Epoch 509: train_loss=0.8657615184783936, train_AUC=0.9851493489096147, train_AP=0.9768362658839864, time=0.24944686889648438
INFO - 11/13/25 19:14:56 - 0:06:14 - Epoch 509: val_AUC=0.9669332145770289, val_AP=0.9672783600336107
INFO - 11/13/25 19:14:56 - 0:06:14 - best_epoch=408
INFO - 11/13/25 19:14:56 - 0:06:14 - test_auc= 96.37%, test_ap= 95.75%
INFO - 11/13/25 19:14:56 - 0:06:14 - Reward curve saved to ./results/Train/LP_gcn_airport_20251113_190842_reward.png
INFO - 11/13/25 19:14:56 - 0:06:14 - ----LP Task----
INFO - 11/13/25 19:14:56 - 0:06:14 - test AUC: 0.9636749089322858~0.0
INFO - 11/13/25 19:14:56 - 0:06:14 - test AP: 0.9574974351500384~0.0
