INFO - 11/05/25 18:17:41 - 0:00:00 - Namespace(backbone='gcn', coef_dis=1.0, dataset='Pubmed', devices='0,1', downstream_task='LP', drop_cls=0.0, drop_edge_cls=0.0, embed_features=16, epochs_cls=5000, epochs_lp=5000, eval_freq=1, exp_iters=10, gpu=0, hidden_features=32, hidden_features_cls=32, in_features=None, init_curvs=[-3, -1, 0, 1, 3], log_path='./results/Train/LP_gcn_Pubmed_20251105_181741.log', lr_Riemann=0.01, lr_cls=0.01, lr_gating=0.001, min_epoch_cls=200, min_epoch_lp=200, n_heads=8, n_layers=2, num_factors=5, num_factors_cls=5, patience_cls=100, patience_lp=100, r=2.0, root_path='./datasets', sample_hop=[2, 3], t=1.0, version='Train', w_decay=0.0, w_decay_cls=0.0005, w_decay_gating=0.0)
INFO - 11/05/25 18:25:34 - 0:07:53 - 
                                     train iters 0
INFO - 11/05/25 18:25:34 - 0:07:53 - --------------------------Training Start-------------------------
INFO - 11/05/25 18:25:44 - 0:08:03 - Epoch 0: train_loss=5.838237762451172, train_AUC=0.9963079251581319, train_AP=0.9960041493085274, time=10.244863748550415
INFO - 11/05/25 18:25:45 - 0:08:04 - Epoch 0: val_AUC=0.7631689126666581, val_AP=0.816401204634452
INFO - 11/05/25 18:25:47 - 0:08:06 - Epoch 1: train_loss=2.4432501792907715, train_AUC=0.9140472078788888, train_AP=0.9395574536187531, time=2.220522403717041
INFO - 11/05/25 18:25:47 - 0:08:06 - Epoch 1: val_AUC=0.6064289577604296, val_AP=0.6863130799187802
INFO - 11/05/25 18:25:48 - 0:08:06 - Epoch 2: train_loss=4.547028541564941, train_AUC=0.6559391073163633, train_AP=0.7470521198975532, time=0.5296084880828857
INFO - 11/05/25 18:25:48 - 0:08:06 - Epoch 2: val_AUC=0.6115235927745702, val_AP=0.6761319912814288
INFO - 11/05/25 18:25:48 - 0:08:07 - Epoch 3: train_loss=4.523199081420898, train_AUC=0.6329664935220661, train_AP=0.7137281293266947, time=0.32463788986206055
INFO - 11/05/25 18:25:48 - 0:08:07 - Epoch 3: val_AUC=0.6235366517222953, val_AP=0.6839769084634546
INFO - 11/05/25 18:25:49 - 0:08:07 - Epoch 4: train_loss=4.226088047027588, train_AUC=0.642219542327984, train_AP=0.7166981934657048, time=0.2968292236328125
INFO - 11/05/25 18:25:49 - 0:08:07 - Epoch 4: val_AUC=0.6827534854813695, val_AP=0.725628737644838
INFO - 11/05/25 18:25:49 - 0:08:08 - Epoch 5: train_loss=3.384737014770508, train_AUC=0.7100081917547305, train_AP=0.7643299683661916, time=0.2996821403503418
INFO - 11/05/25 18:25:49 - 0:08:08 - Epoch 5: val_AUC=0.7548161589816105, val_AP=0.7734781274824035
INFO - 11/05/25 18:25:49 - 0:08:08 - Epoch 6: train_loss=2.876347541809082, train_AUC=0.7912042147720901, train_AP=0.8202607091832731, time=0.2956047058105469
INFO - 11/05/25 18:25:50 - 0:08:08 - Epoch 6: val_AUC=0.7923684737843579, val_AP=0.8005672312035028
INFO - 11/05/25 18:25:50 - 0:08:08 - Epoch 7: train_loss=2.6308131217956543, train_AUC=0.8311740794333831, train_AP=0.8489688498391786, time=0.2956364154815674
INFO - 11/05/25 18:25:50 - 0:08:08 - Epoch 7: val_AUC=0.8123098013788789, val_AP=0.8171213017839525
INFO - 11/05/25 18:25:50 - 0:08:09 - Epoch 8: train_loss=2.446601152420044, train_AUC=0.8525544390599848, train_AP=0.8667552344782938, time=0.29484105110168457
INFO - 11/05/25 18:25:50 - 0:08:09 - Epoch 8: val_AUC=0.8262065190475569, val_AP=0.8282756240132303
INFO - 11/05/25 18:25:51 - 0:08:09 - Epoch 9: train_loss=2.278562068939209, train_AUC=0.8679528025249138, train_AP=0.879505657196761, time=0.29615092277526855
INFO - 11/05/25 18:25:51 - 0:08:09 - Epoch 9: val_AUC=0.8385743167511631, val_AP=0.8377904250891894
INFO - 11/05/25 18:25:51 - 0:08:10 - Epoch 10: train_loss=2.0892515182495117, train_AUC=0.880985189582421, train_AP=0.8885350975276456, time=0.29941630363464355
INFO - 11/05/25 18:25:51 - 0:08:10 - Epoch 10: val_AUC=0.8458891235712703, val_AP=0.8435251146384979
INFO - 11/05/25 18:25:51 - 0:08:10 - Epoch 11: train_loss=2.005356550216675, train_AUC=0.8877021242657359, train_AP=0.8929761062818443, time=0.29793715476989746
INFO - 11/05/25 18:25:52 - 0:08:10 - Epoch 11: val_AUC=0.8520161053838835, val_AP=0.84732662058392
INFO - 11/05/25 18:25:52 - 0:08:10 - Epoch 12: train_loss=1.9131598472595215, train_AUC=0.8926924852637124, train_AP=0.8954241971314014, time=0.3017556667327881
INFO - 11/05/25 18:25:52 - 0:08:11 - Epoch 12: val_AUC=0.857966634193069, val_AP=0.8510390087292052
INFO - 11/05/25 18:25:52 - 0:08:11 - Epoch 13: train_loss=1.8697292804718018, train_AUC=0.8992504798105867, train_AP=0.9004268365169632, time=0.3075575828552246
INFO - 11/05/25 18:25:52 - 0:08:11 - Epoch 13: val_AUC=0.8637010004366015, val_AP=0.8552597151487822
INFO - 11/05/25 18:25:53 - 0:08:11 - Epoch 14: train_loss=1.7963742017745972, train_AUC=0.9046566496569942, train_AP=0.9030202417913552, time=0.29476094245910645
INFO - 11/05/25 18:25:53 - 0:08:11 - Epoch 14: val_AUC=0.8687144853966559, val_AP=0.8588487475092569
INFO - 11/05/25 18:25:53 - 0:08:12 - Epoch 15: train_loss=1.7317700386047363, train_AUC=0.9103764239176391, train_AP=0.9074831044613775, time=0.3007783889770508
INFO - 11/05/25 18:25:53 - 0:08:12 - Epoch 15: val_AUC=0.8732297680798655, val_AP=0.8622939108731618
INFO - 11/05/25 18:25:54 - 0:08:12 - Epoch 16: train_loss=1.6996192932128906, train_AUC=0.91330926914092, train_AP=0.9084566959494232, time=0.29353833198547363
INFO - 11/05/25 18:25:54 - 0:08:12 - Epoch 16: val_AUC=0.8772506158036727, val_AP=0.8660882062881409
INFO - 11/05/25 18:25:54 - 0:08:12 - Epoch 17: train_loss=1.6629343032836914, train_AUC=0.9191133816223825, train_AP=0.9142994362670951, time=0.2962930202484131
INFO - 11/05/25 18:25:54 - 0:08:13 - Epoch 17: val_AUC=0.8809185575206246, val_AP=0.8699775962985035
INFO - 11/05/25 18:25:54 - 0:08:13 - Epoch 18: train_loss=1.6286470890045166, train_AUC=0.9216607782139097, train_AP=0.9156687077029506, time=0.30194783210754395
INFO - 11/05/25 18:25:54 - 0:08:13 - Epoch 18: val_AUC=0.8840366745298388, val_AP=0.8732763666791786
INFO - 11/05/25 18:25:55 - 0:08:13 - Epoch 19: train_loss=1.5856044292449951, train_AUC=0.9260085118956889, train_AP=0.9204782891804669, time=0.29842591285705566
INFO - 11/05/25 18:25:55 - 0:08:13 - Epoch 19: val_AUC=0.8865681082120188, val_AP=0.8758612729928542
INFO - 11/05/25 18:25:55 - 0:08:14 - Epoch 20: train_loss=1.546243667602539, train_AUC=0.9279290066371415, train_AP=0.9218552132617117, time=0.293576717376709
INFO - 11/05/25 18:25:55 - 0:08:14 - Epoch 20: val_AUC=0.8884570615412688, val_AP=0.8779044276560076
INFO - 11/05/25 18:25:56 - 0:08:14 - Epoch 21: train_loss=1.5030128955841064, train_AUC=0.9313794339995439, train_AP=0.9252821540728015, time=0.2985265254974365
INFO - 11/05/25 18:25:56 - 0:08:14 - Epoch 21: val_AUC=0.8903743206610278, val_AP=0.8799371123705507
INFO - 11/05/25 18:25:56 - 0:08:14 - Epoch 22: train_loss=1.4712648391723633, train_AUC=0.9325647816924317, train_AP=0.9258267549277398, time=0.29346704483032227
INFO - 11/05/25 18:25:56 - 0:08:15 - Epoch 22: val_AUC=0.8926160781777424, val_AP=0.8821410547603414
INFO - 11/05/25 18:25:56 - 0:08:15 - Epoch 23: train_loss=1.4362454414367676, train_AUC=0.934641910093482, train_AP=0.9275175165057084, time=0.2954826354980469
INFO - 11/05/25 18:25:56 - 0:08:15 - Epoch 23: val_AUC=0.8946509386933233, val_AP=0.8840913576624705
INFO - 11/05/25 18:25:57 - 0:08:15 - Epoch 24: train_loss=1.406245470046997, train_AUC=0.9378433809668753, train_AP=0.9310497369375605, time=0.2937488555908203
INFO - 11/05/25 18:25:57 - 0:08:15 - Epoch 24: val_AUC=0.8963790173858646, val_AP=0.885865130828931
INFO - 11/05/25 18:25:57 - 0:08:16 - Epoch 25: train_loss=1.3864068984985352, train_AUC=0.9389063020454316, train_AP=0.9315783839925602, time=0.2922790050506592
INFO - 11/05/25 18:25:57 - 0:08:16 - Epoch 25: val_AUC=0.8979352249475427, val_AP=0.8873473266432266
INFO - 11/05/25 18:25:58 - 0:08:16 - Epoch 26: train_loss=1.368790864944458, train_AUC=0.9397225576131991, train_AP=0.9323410379729303, time=0.29221510887145996
INFO - 11/05/25 18:25:58 - 0:08:16 - Epoch 26: val_AUC=0.8993985732252473, val_AP=0.8885846876462912
INFO - 11/05/25 18:25:58 - 0:08:16 - Epoch 27: train_loss=1.3491337299346924, train_AUC=0.94135525578893, train_AP=0.9340805816894718, time=0.29810285568237305
INFO - 11/05/25 18:25:58 - 0:08:17 - Epoch 27: val_AUC=0.9008843217688227, val_AP=0.8900570509982704
INFO - 11/05/25 18:25:58 - 0:08:17 - Epoch 28: train_loss=1.3335460424423218, train_AUC=0.9421207759109833, train_AP=0.9347641496778301, time=0.2995784282684326
INFO - 11/05/25 18:25:58 - 0:08:17 - Epoch 28: val_AUC=0.9025496797169258, val_AP=0.8917583888707908
INFO - 11/05/25 18:25:59 - 0:08:17 - Epoch 29: train_loss=1.3139925003051758, train_AUC=0.9443248431390039, train_AP=0.9369429856926642, time=0.3025214672088623
INFO - 11/05/25 18:25:59 - 0:08:17 - Epoch 29: val_AUC=0.9041140328298297, val_AP=0.8935534539134422
INFO - 11/05/25 18:25:59 - 0:08:18 - Epoch 30: train_loss=1.3020356893539429, train_AUC=0.9449149542529691, train_AP=0.9369948487193873, time=0.29753923416137695
INFO - 11/05/25 18:25:59 - 0:08:18 - Epoch 30: val_AUC=0.9062666983800127, val_AP=0.8957428837338361
INFO - 11/05/25 18:26:00 - 0:08:18 - Epoch 31: train_loss=1.2800493240356445, train_AUC=0.9472941002627429, train_AP=0.9391731908267832, time=0.3012692928314209
INFO - 11/05/25 18:26:00 - 0:08:18 - Epoch 31: val_AUC=0.9085034667466018, val_AP=0.8979761368776498
INFO - 11/05/25 18:26:00 - 0:08:18 - Epoch 32: train_loss=1.258439302444458, train_AUC=0.9495960534451009, train_AP=0.9418817978668907, time=0.2983672618865967
INFO - 11/05/25 18:26:00 - 0:08:19 - Epoch 32: val_AUC=0.910765689960771, val_AP=0.9002570923475545
INFO - 11/05/25 18:26:00 - 0:08:19 - Epoch 33: train_loss=1.242361068725586, train_AUC=0.9500996748476325, train_AP=0.9420793589855989, time=0.2999844551086426
INFO - 11/05/25 18:26:00 - 0:08:19 - Epoch 33: val_AUC=0.9127118657873816, val_AP=0.9022881518422177
INFO - 11/05/25 18:26:01 - 0:08:19 - Epoch 34: train_loss=1.2260246276855469, train_AUC=0.9512214403217194, train_AP=0.9429476000119039, time=0.29987430572509766
INFO - 11/05/25 18:26:01 - 0:08:19 - Epoch 34: val_AUC=0.9143179648503175, val_AP=0.9040037588493044
INFO - 11/05/25 18:26:01 - 0:08:20 - Epoch 35: train_loss=1.209970474243164, train_AUC=0.9537997513818037, train_AP=0.9456163358870091, time=0.2974839210510254
INFO - 11/05/25 18:26:01 - 0:08:20 - Epoch 35: val_AUC=0.9159670316959688, val_AP=0.9057548914891499
INFO - 11/05/25 18:26:02 - 0:08:20 - Epoch 36: train_loss=1.2001018524169922, train_AUC=0.9545032502429254, train_AP=0.9461665560489319, time=0.30095887184143066
INFO - 11/05/25 18:26:02 - 0:08:20 - Epoch 36: val_AUC=0.9177454091673292, val_AP=0.9076524824215554
INFO - 11/05/25 18:26:02 - 0:08:20 - Epoch 37: train_loss=1.1874133348464966, train_AUC=0.9567654623150088, train_AP=0.9486604427138365, time=0.30246829986572266
INFO - 11/05/25 18:26:02 - 0:08:21 - Epoch 37: val_AUC=0.9194781715518253, val_AP=0.909491783367537
INFO - 11/05/25 18:26:02 - 0:08:21 - Epoch 38: train_loss=1.1782615184783936, train_AUC=0.9573247861195711, train_AP=0.9489688724742565, time=0.2949240207672119
INFO - 11/05/25 18:26:02 - 0:08:21 - Epoch 38: val_AUC=0.9210186989273936, val_AP=0.9112084764445073
INFO - 11/05/25 18:26:03 - 0:08:21 - Epoch 39: train_loss=1.166545033454895, train_AUC=0.9591455685349037, train_AP=0.9510315186808667, time=0.3374602794647217
INFO - 11/05/25 18:26:03 - 0:08:21 - Epoch 39: val_AUC=0.9224892763818113, val_AP=0.9128566990965714
INFO - 11/05/25 18:26:03 - 0:08:22 - Epoch 40: train_loss=1.1559072732925415, train_AUC=0.9603089065985482, train_AP=0.9522539848846007, time=0.3531312942504883
INFO - 11/05/25 18:26:03 - 0:08:22 - Epoch 40: val_AUC=0.9238857293200746, val_AP=0.9143979890449845
INFO - 11/05/25 18:26:04 - 0:08:22 - Epoch 41: train_loss=1.1417165994644165, train_AUC=0.9623818190219972, train_AP=0.9543467303425098, time=0.30039429664611816
INFO - 11/05/25 18:26:04 - 0:08:22 - Epoch 41: val_AUC=0.9252889023380989, val_AP=0.9159048882060137
INFO - 11/05/25 18:26:04 - 0:08:23 - Epoch 42: train_loss=1.134686827659607, train_AUC=0.9624854391144725, train_AP=0.9544258146915906, time=0.3005356788635254
INFO - 11/05/25 18:26:04 - 0:08:23 - Epoch 42: val_AUC=0.9265837395248212, val_AP=0.9172788799324711
INFO - 11/05/25 18:26:05 - 0:08:23 - Epoch 43: train_loss=1.1182427406311035, train_AUC=0.9645810381751816, train_AP=0.9568096914163592, time=0.30669331550598145
INFO - 11/05/25 18:26:05 - 0:08:23 - Epoch 43: val_AUC=0.927812088649663, val_AP=0.9186600686096221
INFO - 11/05/25 18:26:05 - 0:08:23 - Epoch 44: train_loss=1.1098053455352783, train_AUC=0.9655216110131228, train_AP=0.9576650746045352, time=0.30032873153686523
INFO - 11/05/25 18:26:05 - 0:08:24 - Epoch 44: val_AUC=0.9289557240417573, val_AP=0.9199015240642696
INFO - 11/05/25 18:26:05 - 0:08:24 - Epoch 45: train_loss=1.103454828262329, train_AUC=0.9655996390049542, train_AP=0.9574555495038741, time=0.29784607887268066
INFO - 11/05/25 18:26:05 - 0:08:24 - Epoch 45: val_AUC=0.9300930466316517, val_AP=0.921123053628638
INFO - 11/05/25 18:26:06 - 0:08:24 - Epoch 46: train_loss=1.0955171585083008, train_AUC=0.9667970210260853, train_AP=0.959061364701097, time=0.2986562252044678
INFO - 11/05/25 18:26:06 - 0:08:24 - Epoch 46: val_AUC=0.9312541949588813, val_AP=0.9223561356292171
INFO - 11/05/25 18:26:06 - 0:08:25 - Epoch 47: train_loss=1.087935209274292, train_AUC=0.967340602104695, train_AP=0.9593427157121541, time=0.3035438060760498
INFO - 11/05/25 18:26:06 - 0:08:25 - Epoch 47: val_AUC=0.9323957939631692, val_AP=0.9236010907471937
INFO - 11/05/25 18:26:07 - 0:08:25 - Epoch 48: train_loss=1.0786054134368896, train_AUC=0.9684794928523227, train_AP=0.96085523484686, time=0.31160593032836914
INFO - 11/05/25 18:26:07 - 0:08:25 - Epoch 48: val_AUC=0.9334697848922834, val_AP=0.9247095708022187
INFO - 11/05/25 18:26:07 - 0:08:26 - Epoch 49: train_loss=1.070887565612793, train_AUC=0.9694086470800296, train_AP=0.9619345805707533, time=0.3126096725463867
INFO - 11/05/25 18:26:07 - 0:08:26 - Epoch 49: val_AUC=0.9345094626868589, val_AP=0.9258186672219275
INFO - 11/05/25 18:26:07 - 0:08:26 - Epoch 50: train_loss=1.0590412616729736, train_AUC=0.970722457396287, train_AP=0.9630219379921188, time=0.3043034076690674
INFO - 11/05/25 18:26:08 - 0:08:26 - Epoch 50: val_AUC=0.9354888634023641, val_AP=0.9268189538870365
INFO - 11/05/25 18:26:08 - 0:08:26 - Epoch 51: train_loss=1.0525197982788086, train_AUC=0.9712554897248584, train_AP=0.9635578573206718, time=0.3603670597076416
INFO - 11/05/25 18:26:08 - 0:08:27 - Epoch 51: val_AUC=0.9365147955792464, val_AP=0.9278764878238943
INFO - 11/05/25 18:26:08 - 0:08:27 - Epoch 52: train_loss=1.0434088706970215, train_AUC=0.972574200599924, train_AP=0.9657462557272708, time=0.3583719730377197
INFO - 11/05/25 18:26:08 - 0:08:27 - Epoch 52: val_AUC=0.9374935853784095, val_AP=0.9288989673926697
INFO - 11/05/25 18:26:09 - 0:08:27 - Epoch 53: train_loss=1.0369336605072021, train_AUC=0.9727837159122308, train_AP=0.9652821379167401, time=0.3587470054626465
INFO - 11/05/25 18:26:09 - 0:08:27 - Epoch 53: val_AUC=0.938478077063431, val_AP=0.929954611876588
INFO - 11/05/25 18:26:09 - 0:08:28 - Epoch 54: train_loss=1.029727578163147, train_AUC=0.9736058452818602, train_AP=0.9668524133312774, time=0.3612632751464844
INFO - 11/05/25 18:26:09 - 0:08:28 - Epoch 54: val_AUC=0.9394229610056171, val_AP=0.9309930242436948
INFO - 11/05/25 18:26:10 - 0:08:28 - Epoch 55: train_loss=1.019850254058838, train_AUC=0.9751812695304484, train_AP=0.9683817092605391, time=0.35901737213134766
INFO - 11/05/25 18:26:10 - 0:08:28 - Epoch 55: val_AUC=0.940405110844661, val_AP=0.9320778052029024
INFO - 11/05/25 18:26:10 - 0:08:29 - Epoch 56: train_loss=1.0159717798233032, train_AUC=0.9753910551880478, train_AP=0.9686249885606533, time=0.36066675186157227
INFO - 11/05/25 18:26:10 - 0:08:29 - Epoch 56: val_AUC=0.9413528457297763, val_AP=0.9331194123289289
INFO - 11/05/25 18:26:11 - 0:08:29 - Epoch 57: train_loss=1.0060498714447021, train_AUC=0.9764423191889259, train_AP=0.9698826461930095, time=0.36321043968200684
INFO - 11/05/25 18:26:11 - 0:08:29 - Epoch 57: val_AUC=0.9422812349307302, val_AP=0.9341697777111067
INFO - 11/05/25 18:26:11 - 0:08:30 - Epoch 58: train_loss=1.002486228942871, train_AUC=0.9760981268339309, train_AP=0.9689712597168716, time=0.3687124252319336
INFO - 11/05/25 18:26:11 - 0:08:30 - Epoch 58: val_AUC=0.9431650272387233, val_AP=0.9351204043784369
INFO - 11/05/25 18:26:12 - 0:08:30 - Epoch 59: train_loss=0.9930471181869507, train_AUC=0.9777324960429763, train_AP=0.971387762592638, time=0.3721189498901367
INFO - 11/05/25 18:26:12 - 0:08:30 - Epoch 59: val_AUC=0.9439893570227684, val_AP=0.9360173420116886
INFO - 11/05/25 18:26:12 - 0:08:31 - Epoch 60: train_loss=0.9883039593696594, train_AUC=0.9777649253257763, train_AP=0.9710955625263669, time=0.36645960807800293
INFO - 11/05/25 18:26:12 - 0:08:31 - Epoch 60: val_AUC=0.9447982102594846, val_AP=0.9369446639944967
INFO - 11/05/25 18:26:13 - 0:08:31 - Epoch 61: train_loss=0.9822474718093872, train_AUC=0.9784047104059252, train_AP=0.9717899212379776, time=0.3553919792175293
INFO - 11/05/25 18:26:13 - 0:08:31 - Epoch 61: val_AUC=0.9455734630973949, val_AP=0.9378253102593267
INFO - 11/05/25 18:26:13 - 0:08:32 - Epoch 62: train_loss=0.9751275777816772, train_AUC=0.9791525962655804, train_AP=0.9728483039652662, time=0.35701465606689453
INFO - 11/05/25 18:26:13 - 0:08:32 - Epoch 62: val_AUC=0.9463118573160083, val_AP=0.938672881772003
INFO - 11/05/25 18:26:14 - 0:08:32 - Epoch 63: train_loss=0.9709774255752563, train_AUC=0.9795267213922845, train_AP=0.9734497310352661, time=0.373089075088501
INFO - 11/05/25 18:26:14 - 0:08:32 - Epoch 63: val_AUC=0.9470643026104862, val_AP=0.9395327115517549
INFO - 11/05/25 18:26:14 - 0:08:33 - Epoch 64: train_loss=0.9627861976623535, train_AUC=0.9802112569841162, train_AP=0.97429399093706, time=0.30797529220581055
INFO - 11/05/25 18:26:14 - 0:08:33 - Epoch 64: val_AUC=0.9477306087007519, val_AP=0.9402901207393566
INFO - 11/05/25 18:26:15 - 0:08:33 - Epoch 65: train_loss=0.9567612409591675, train_AUC=0.981299442226551, train_AP=0.97553258578279, time=0.3144066333770752
INFO - 11/05/25 18:26:15 - 0:08:33 - Epoch 65: val_AUC=0.9483810309661275, val_AP=0.9410468990846005
INFO - 11/05/25 18:26:15 - 0:08:34 - Epoch 66: train_loss=0.9528224468231201, train_AUC=0.9816860414549157, train_AP=0.9764728155662505, time=0.3802070617675781
INFO - 11/05/25 18:26:15 - 0:08:34 - Epoch 66: val_AUC=0.9489628269624261, val_AP=0.941718524082254
INFO - 11/05/25 18:26:16 - 0:08:34 - Epoch 67: train_loss=0.9467018842697144, train_AUC=0.9820411473059432, train_AP=0.9764096656630562, time=0.36600446701049805
INFO - 11/05/25 18:26:16 - 0:08:34 - Epoch 67: val_AUC=0.9495262954684669, val_AP=0.9423720108291939
INFO - 11/05/25 18:26:16 - 0:08:35 - Epoch 68: train_loss=0.9434216618537903, train_AUC=0.98194607294265, train_AP=0.9758570502757751, time=0.4174816608428955
INFO - 11/05/25 18:26:16 - 0:08:35 - Epoch 68: val_AUC=0.9500052538805406, val_AP=0.9429382661944122
INFO - 11/05/25 18:26:17 - 0:08:35 - Epoch 69: train_loss=0.9385266304016113, train_AUC=0.9827748334332027, train_AP=0.9773848113182615, time=0.35088181495666504
INFO - 11/05/25 18:26:17 - 0:08:35 - Epoch 69: val_AUC=0.9505015215889691, val_AP=0.9435371640394181
INFO - 11/05/25 18:26:17 - 0:08:36 - Epoch 70: train_loss=0.9364804029464722, train_AUC=0.9827918835031995, train_AP=0.977336548640734, time=0.35483884811401367
INFO - 11/05/25 18:26:17 - 0:08:36 - Epoch 70: val_AUC=0.9509751853927457, val_AP=0.9440722634690991
INFO - 11/05/25 18:26:17 - 0:08:36 - Epoch 71: train_loss=0.9299768805503845, train_AUC=0.9836122032325145, train_AP=0.9784859025637951, time=0.35253381729125977
INFO - 11/05/25 18:26:18 - 0:08:36 - Epoch 71: val_AUC=0.951447016447497, val_AP=0.9446115695773956
INFO - 11/05/25 18:26:18 - 0:08:36 - Epoch 72: train_loss=0.9267148971557617, train_AUC=0.9838645183434991, train_AP=0.9787115967350503, time=0.3465750217437744
INFO - 11/05/25 18:26:18 - 0:08:37 - Epoch 72: val_AUC=0.9518528685373195, val_AP=0.9450644148064207
INFO - 11/05/25 18:26:18 - 0:08:37 - Epoch 73: train_loss=0.9246647357940674, train_AUC=0.9836608247013238, train_AP=0.9783838988345731, time=0.3428943157196045
INFO - 11/05/25 18:26:19 - 0:08:37 - Epoch 73: val_AUC=0.952269717121297, val_AP=0.9455710285440753
INFO - 11/05/25 18:26:19 - 0:08:37 - Epoch 74: train_loss=0.9198635220527649, train_AUC=0.9841929922771998, train_AP=0.9789533588708785, time=0.3114919662475586
INFO - 11/05/25 18:26:19 - 0:08:37 - Epoch 74: val_AUC=0.9526836129429552, val_AP=0.9460673141924438
INFO - 11/05/25 18:26:19 - 0:08:38 - Epoch 75: train_loss=0.9173350930213928, train_AUC=0.9844201540042337, train_AP=0.9791321895911359, time=0.3027334213256836
INFO - 11/05/25 18:26:19 - 0:08:38 - Epoch 75: val_AUC=0.9530498572899425, val_AP=0.946497403099897
INFO - 11/05/25 18:26:20 - 0:08:38 - Epoch 76: train_loss=0.9110736846923828, train_AUC=0.9854985258006023, train_AP=0.9807323135140904, time=0.3054671287536621
INFO - 11/05/25 18:26:20 - 0:08:38 - Epoch 76: val_AUC=0.9533854540004432, val_AP=0.9468551855838729
INFO - 11/05/25 18:26:20 - 0:08:39 - Epoch 77: train_loss=0.9082174301147461, train_AUC=0.9858014932283249, train_AP=0.981012843816847, time=0.30396318435668945
INFO - 11/05/25 18:26:20 - 0:08:39 - Epoch 77: val_AUC=0.9537112760494728, val_AP=0.947217489822753
INFO - 11/05/25 18:26:20 - 0:08:39 - Epoch 78: train_loss=0.9070312976837158, train_AUC=0.9853569895606689, train_AP=0.9805613995609349, time=0.3065779209136963
INFO - 11/05/25 18:26:21 - 0:08:39 - Epoch 78: val_AUC=0.9540201960797091, val_AP=0.9475645970896769
INFO - 11/05/25 18:26:21 - 0:08:39 - Epoch 79: train_loss=0.901123046875, train_AUC=0.9861515699524247, train_AP=0.9815363525838172, time=0.3043842315673828
INFO - 11/05/25 18:26:21 - 0:08:39 - Epoch 79: val_AUC=0.9543173050606681, val_AP=0.9478887347950216
INFO - 11/05/25 18:26:21 - 0:08:40 - Epoch 80: train_loss=0.9012155532836914, train_AUC=0.9858235895089587, train_AP=0.981002791062717, time=0.3040030002593994
INFO - 11/05/25 18:26:21 - 0:08:40 - Epoch 80: val_AUC=0.954612784931382, val_AP=0.9482110031913455
INFO - 11/05/25 18:26:22 - 0:08:40 - Epoch 81: train_loss=0.8970837593078613, train_AUC=0.986055725589379, train_AP=0.9811462871164692, time=0.303912878036499
INFO - 11/05/25 18:26:22 - 0:08:40 - Epoch 81: val_AUC=0.954903581110141, val_AP=0.9485312927326485
INFO - 11/05/25 18:26:22 - 0:08:41 - Epoch 82: train_loss=0.894162654876709, train_AUC=0.9865110430687448, train_AP=0.9818385178271909, time=0.30434322357177734
INFO - 11/05/25 18:26:22 - 0:08:41 - Epoch 82: val_AUC=0.955202013743174, val_AP=0.9488802647128116
INFO - 11/05/25 18:26:23 - 0:08:41 - Epoch 83: train_loss=0.8908756971359253, train_AUC=0.987065353773364, train_AP=0.9828917994212844, time=0.3015751838684082
INFO - 11/05/25 18:26:23 - 0:08:41 - Epoch 83: val_AUC=0.9555155156459749, val_AP=0.9492266937200166
INFO - 11/05/25 18:26:23 - 0:08:41 - Epoch 84: train_loss=0.887399435043335, train_AUC=0.9868308379498847, train_AP=0.9820740729480925, time=0.30320072174072266
INFO - 11/05/25 18:26:23 - 0:08:42 - Epoch 84: val_AUC=0.9558038681593661, val_AP=0.9495651012742455
INFO - 11/05/25 18:26:23 - 0:08:42 - Epoch 85: train_loss=0.8837085366249084, train_AUC=0.9874210469869658, train_AP=0.9829625493418714, time=0.30117273330688477
INFO - 11/05/25 18:26:23 - 0:08:42 - Epoch 85: val_AUC=0.9560785768744542, val_AP=0.9498664445147887
INFO - 11/05/25 18:26:24 - 0:08:42 - Epoch 86: train_loss=0.8827333450317383, train_AUC=0.987344532224291, train_AP=0.9828834222581073, time=0.30591392517089844
INFO - 11/05/25 18:26:24 - 0:08:42 - Epoch 86: val_AUC=0.9563914678609129, val_AP=0.9502237271320442
INFO - 11/05/25 18:26:24 - 0:08:43 - Epoch 87: train_loss=0.8793964385986328, train_AUC=0.9876085281892499, train_AP=0.9831132024408512, time=0.30521392822265625
INFO - 11/05/25 18:26:24 - 0:08:43 - Epoch 87: val_AUC=0.9566889841194334, val_AP=0.9505553726837845
INFO - 11/05/25 18:26:25 - 0:08:43 - Epoch 88: train_loss=0.8757892847061157, train_AUC=0.9880787419584269, train_AP=0.9837853945430398, time=0.30419397354125977
INFO - 11/05/25 18:26:25 - 0:08:43 - Epoch 88: val_AUC=0.9569456708024346, val_AP=0.950848072503186
INFO - 11/05/25 18:26:25 - 0:08:43 - Epoch 89: train_loss=0.874538779258728, train_AUC=0.9880201008061977, train_AP=0.9836646713073729, time=0.3052353858947754
INFO - 11/05/25 18:26:25 - 0:08:44 - Epoch 89: val_AUC=0.9572022556660456, val_AP=0.9511476757523706
INFO - 11/05/25 18:26:25 - 0:08:44 - Epoch 90: train_loss=0.871637225151062, train_AUC=0.9883020521016126, train_AP=0.9842037751858096, time=0.308025598526001
INFO - 11/05/25 18:26:25 - 0:08:44 - Epoch 90: val_AUC=0.9574513058947727, val_AP=0.9514659908254034
INFO - 11/05/25 18:26:26 - 0:08:44 - Epoch 91: train_loss=0.8684658408164978, train_AUC=0.9887335747921993, train_AP=0.9848104554793183, time=0.30882906913757324
INFO - 11/05/25 18:26:26 - 0:08:44 - Epoch 91: val_AUC=0.9576895632681256, val_AP=0.9517559569385208
INFO - 11/05/25 18:26:26 - 0:08:45 - Epoch 92: train_loss=0.8657687306404114, train_AUC=0.9888824475165069, train_AP=0.9851331578734197, time=0.3033735752105713
INFO - 11/05/25 18:26:26 - 0:08:45 - Epoch 92: val_AUC=0.9578461614904404, val_AP=0.9519836882333593
INFO - 11/05/25 18:26:27 - 0:08:45 - Epoch 93: train_loss=0.8622568249702454, train_AUC=0.9888193230354361, train_AP=0.984811957156524, time=0.3067934513092041
INFO - 11/05/25 18:26:27 - 0:08:45 - Epoch 93: val_AUC=0.9580202726478907, val_AP=0.9521899699794324
INFO - 11/05/25 18:26:27 - 0:08:46 - Epoch 94: train_loss=0.8595677614212036, train_AUC=0.9889597483059188, train_AP=0.9850355023422425, time=0.30539417266845703
INFO - 11/05/25 18:26:27 - 0:08:46 - Epoch 94: val_AUC=0.9582416280024502, val_AP=0.9524891084555582
INFO - 11/05/25 18:26:27 - 0:08:46 - Epoch 95: train_loss=0.8578283190727234, train_AUC=0.9893134809437558, train_AP=0.9855749296851642, time=0.3046233654022217
INFO - 11/05/25 18:26:28 - 0:08:46 - Epoch 95: val_AUC=0.9584314193460101, val_AP=0.9527236719840607
INFO - 11/05/25 18:26:28 - 0:08:46 - Epoch 96: train_loss=0.8546760082244873, train_AUC=0.9895912662798518, train_AP=0.9861485067632294, time=0.30974817276000977
INFO - 11/05/25 18:26:28 - 0:08:46 - Epoch 96: val_AUC=0.9586289489632344, val_AP=0.9529867889004439
INFO - 11/05/25 18:26:28 - 0:08:47 - Epoch 97: train_loss=0.8536651730537415, train_AUC=0.9896540175611344, train_AP=0.9860436654242198, time=0.3043365478515625
INFO - 11/05/25 18:26:28 - 0:08:47 - Epoch 97: val_AUC=0.9588651699487808, val_AP=0.9532539874332796
INFO - 11/05/25 18:26:29 - 0:08:47 - Epoch 98: train_loss=0.8500971794128418, train_AUC=0.9897495271187065, train_AP=0.9861878018064015, time=0.3052968978881836
INFO - 11/05/25 18:26:29 - 0:08:47 - Epoch 98: val_AUC=0.9590649395925921, val_AP=0.9534641232633607
INFO - 11/05/25 18:26:29 - 0:08:48 - Epoch 99: train_loss=0.8465770483016968, train_AUC=0.9901050468534071, train_AP=0.9866550964776651, time=0.3044779300689697
INFO - 11/05/25 18:26:29 - 0:08:48 - Epoch 99: val_AUC=0.9592274433395457, val_AP=0.9536764143317584
INFO - 11/05/25 18:26:30 - 0:08:48 - Epoch 100: train_loss=0.8458583354949951, train_AUC=0.9899062985047008, train_AP=0.9863729995165325, time=0.3031630516052246
INFO - 11/05/25 18:26:30 - 0:08:48 - Epoch 100: val_AUC=0.9593899470864994, val_AP=0.9538687238564805
INFO - 11/05/25 18:26:30 - 0:08:48 - Epoch 101: train_loss=0.8431112766265869, train_AUC=0.9902916423446312, train_AP=0.9868426079071349, time=0.30942559242248535
INFO - 11/05/25 18:26:30 - 0:08:49 - Epoch 101: val_AUC=0.9595251632368466, val_AP=0.9540466982600222
INFO - 11/05/25 18:26:30 - 0:08:49 - Epoch 102: train_loss=0.8389893770217896, train_AUC=0.9905642786155946, train_AP=0.9872730769305996, time=0.3040473461151123
INFO - 11/05/25 18:26:30 - 0:08:49 - Epoch 102: val_AUC=0.9596357390947359, val_AP=0.9542075967131554
INFO - 11/05/25 18:26:31 - 0:08:49 - Epoch 103: train_loss=0.8375715017318726, train_AUC=0.9906805358975097, train_AP=0.9875500289185004, time=0.3013346195220947
INFO - 11/05/25 18:26:31 - 0:08:49 - Epoch 103: val_AUC=0.95974142762189, val_AP=0.9543683789532454
INFO - 11/05/25 18:26:31 - 0:08:50 - Epoch 104: train_loss=0.8336085677146912, train_AUC=0.9911359176609352, train_AP=0.9880274547600597, time=0.30853867530822754
INFO - 11/05/25 18:26:31 - 0:08:50 - Epoch 104: val_AUC=0.9598444688448957, val_AP=0.9545244671133372
INFO - 11/05/25 18:26:32 - 0:08:50 - Epoch 105: train_loss=0.8335126638412476, train_AUC=0.9911365661373964, train_AP=0.9882207035335776, time=0.30466556549072266
INFO - 11/05/25 18:26:32 - 0:08:50 - Epoch 105: val_AUC=0.9599289789388628, val_AP=0.954674392919448
INFO - 11/05/25 18:26:32 - 0:08:50 - Epoch 106: train_loss=0.829034686088562, train_AUC=0.9914543113256911, train_AP=0.9884858458032078, time=0.30448222160339355
INFO - 11/05/25 18:26:32 - 0:08:51 - Epoch 106: val_AUC=0.9600045289264815, val_AP=0.9548217766065943
INFO - 11/05/25 18:26:32 - 0:08:51 - Epoch 107: train_loss=0.8266579508781433, train_AUC=0.9914716405470164, train_AP=0.9886352449840619, time=0.3126108646392822
INFO - 11/05/25 18:26:32 - 0:08:51 - Epoch 107: val_AUC=0.96003568565992, val_AP=0.9548659872617143
INFO - 11/05/25 18:26:33 - 0:08:51 - Epoch 108: train_loss=0.8238203525543213, train_AUC=0.9918437270764804, train_AP=0.9892596291721533, time=0.30234479904174805
INFO - 11/05/25 18:26:33 - 0:08:51 - Epoch 108: val_AUC=0.960039147519191, val_AP=0.9548961312771496
INFO - 11/05/25 18:26:33 - 0:08:52 - Epoch 109: train_loss=0.8217456936836243, train_AUC=0.9917819566114424, train_AP=0.9888886819822312, time=0.30260419845581055
INFO - 11/05/25 18:26:33 - 0:08:52 - Epoch 109: val_AUC=0.9600253000821071, val_AP=0.95493901796912
INFO - 11/05/25 18:26:34 - 0:08:52 - Epoch 110: train_loss=0.8192263841629028, train_AUC=0.9917725899836223, train_AP=0.9889265999201907, time=0.30075979232788086
INFO - 11/05/25 18:26:34 - 0:08:52 - Epoch 110: val_AUC=0.9600250964433265, val_AP=0.9549985618329839
INFO - 11/05/25 18:26:34 - 0:08:53 - Epoch 111: train_loss=0.8155156373977661, train_AUC=0.9923721881919748, train_AP=0.9898851724403845, time=0.3002200126647949
INFO - 11/05/25 18:26:34 - 0:08:53 - Epoch 111: val_AUC=0.9600147108655136, val_AP=0.9550734015208225
INFO - 11/05/25 18:26:34 - 0:08:53 - Epoch 112: train_loss=0.8137581944465637, train_AUC=0.9922537452520251, train_AP=0.9897052135798619, time=0.3010847568511963
INFO - 11/05/25 18:26:35 - 0:08:53 - Epoch 112: val_AUC=0.960079671636539, val_AP=0.9552805536598937
INFO - 11/05/25 18:26:35 - 0:08:53 - Epoch 113: train_loss=0.8111402988433838, train_AUC=0.9924568825288717, train_AP=0.9898933125365971, time=0.3013947010040283
INFO - 11/05/25 18:26:35 - 0:08:53 - Epoch 113: val_AUC=0.9601489088219579, val_AP=0.9554593748022013
INFO - 11/05/25 18:26:35 - 0:08:54 - Epoch 114: train_loss=0.8083746433258057, train_AUC=0.9927710158336072, train_AP=0.990440434816465, time=0.3015749454498291
INFO - 11/05/25 18:26:35 - 0:08:54 - Epoch 114: val_AUC=0.9602464517978861, val_AP=0.955683057991965
INFO - 11/05/25 18:26:36 - 0:08:54 - Epoch 115: train_loss=0.8081642985343933, train_AUC=0.9925227867231382, train_AP=0.9899738722971443, time=0.29869627952575684
INFO - 11/05/25 18:26:36 - 0:08:54 - Epoch 115: val_AUC=0.9604008099936139, val_AP=0.9559753860806016
INFO - 11/05/25 18:26:36 - 0:08:55 - Epoch 116: train_loss=0.8044369220733643, train_AUC=0.9928421516936201, train_AP=0.9904028432022122, time=0.29952168464660645
INFO - 11/05/25 18:26:36 - 0:08:55 - Epoch 116: val_AUC=0.9605556772862933, val_AP=0.9562191992348503
INFO - 11/05/25 18:26:36 - 0:08:55 - Epoch 117: train_loss=0.8023957014083862, train_AUC=0.9931188736128578, train_AP=0.9909963067763271, time=0.30077552795410156
INFO - 11/05/25 18:26:37 - 0:08:55 - Epoch 117: val_AUC=0.9607288720692306, val_AP=0.9565097968525733
INFO - 11/05/25 18:26:37 - 0:08:55 - Epoch 118: train_loss=0.7998800277709961, train_AUC=0.9935610908814321, train_AP=0.991438988245064, time=0.3067626953125
INFO - 11/05/25 18:26:37 - 0:08:55 - Epoch 118: val_AUC=0.9609321035723131, val_AP=0.9568439193095973
INFO - 11/05/25 18:26:37 - 0:08:56 - Epoch 119: train_loss=0.7996491193771362, train_AUC=0.9933856903271383, train_AP=0.9912524908851954, time=0.3019847869873047
INFO - 11/05/25 18:26:37 - 0:08:56 - Epoch 119: val_AUC=0.9611609935617564, val_AP=0.9571429026786681
INFO - 11/05/25 18:26:38 - 0:08:56 - Epoch 120: train_loss=0.7970719337463379, train_AUC=0.9935006205394894, train_AP=0.9914707713226572, time=0.30475473403930664
INFO - 11/05/25 18:26:38 - 0:08:56 - Epoch 120: val_AUC=0.9613399920499419, val_AP=0.9573720382405235
INFO - 11/05/25 18:26:38 - 0:08:57 - Epoch 121: train_loss=0.7932469844818115, train_AUC=0.9940402059675085, train_AP=0.9924138154708706, time=0.29834508895874023
INFO - 11/05/25 18:26:38 - 0:08:57 - Epoch 121: val_AUC=0.9614904811088375, val_AP=0.957580433239853
INFO - 11/05/25 18:26:38 - 0:08:57 - Epoch 122: train_loss=0.7926622033119202, train_AUC=0.9939168496119387, train_AP=0.9921730756209793, time=0.30116844177246094
INFO - 11/05/25 18:26:39 - 0:08:57 - Epoch 122: val_AUC=0.9615827294764692, val_AP=0.9577197914191058
INFO - 11/05/25 18:26:39 - 0:08:57 - Epoch 123: train_loss=0.7900428771972656, train_AUC=0.994036304365378, train_AP=0.9922160831679016, time=0.30432558059692383
INFO - 11/05/25 18:26:39 - 0:08:58 - Epoch 123: val_AUC=0.9616533921333524, val_AP=0.9577951131220447
INFO - 11/05/25 18:26:39 - 0:08:58 - Epoch 124: train_loss=0.7873985767364502, train_AUC=0.9942965498397774, train_AP=0.9924350794882588, time=0.30309557914733887
INFO - 11/05/25 18:26:39 - 0:08:58 - Epoch 124: val_AUC=0.9617047091060745, val_AP=0.9578507112582526
INFO - 11/05/25 18:26:40 - 0:08:58 - Epoch 125: train_loss=0.7875810265541077, train_AUC=0.9939775608870154, train_AP=0.9919858227022851, time=0.30230045318603516
INFO - 11/05/25 18:26:40 - 0:08:58 - Epoch 125: val_AUC=0.9617157056002293, val_AP=0.9578706759174022
INFO - 11/05/25 18:26:40 - 0:08:59 - Epoch 126: train_loss=0.7856053709983826, train_AUC=0.9940878955816312, train_AP=0.9920235858305301, time=0.3033421039581299
INFO - 11/05/25 18:26:40 - 0:08:59 - Epoch 126: val_AUC=0.9617236475126747, val_AP=0.9578987029659412
INFO - 11/05/25 18:26:41 - 0:08:59 - Epoch 127: train_loss=0.7827596664428711, train_AUC=0.9941940822812407, train_AP=0.9920949014328477, time=0.30328845977783203
INFO - 11/05/25 18:26:41 - 0:08:59 - Epoch 127: val_AUC=0.9617362731170743, val_AP=0.9579139440492397
INFO - 11/05/25 18:26:41 - 0:08:59 - Epoch 128: train_loss=0.7818366885185242, train_AUC=0.9943290951861267, train_AP=0.9923427577688042, time=0.3042745590209961
INFO - 11/05/25 18:26:41 - 0:09:00 - Epoch 128: val_AUC=0.9617698735158806, val_AP=0.9579520136718933
INFO - 11/05/25 18:26:41 - 0:09:00 - Epoch 129: train_loss=0.7795063257217407, train_AUC=0.9945798250345836, train_AP=0.9929672274133914, time=0.2990100383758545
INFO - 11/05/25 18:26:41 - 0:09:00 - Epoch 129: val_AUC=0.9618199686559188, val_AP=0.9580293545969718
INFO - 11/05/25 18:26:42 - 0:09:00 - Epoch 130: train_loss=0.7771075367927551, train_AUC=0.9947513724199429, train_AP=0.9929390423861449, time=0.30427002906799316
INFO - 11/05/25 18:26:42 - 0:09:00 - Epoch 130: val_AUC=0.9618266887356801, val_AP=0.9580775782143865
INFO - 11/05/25 18:26:42 - 0:09:01 - Epoch 131: train_loss=0.7762207984924316, train_AUC=0.9946647854898761, train_AP=0.9928711189777755, time=0.30037975311279297
INFO - 11/05/25 18:26:42 - 0:09:01 - Epoch 131: val_AUC=0.9618112121883512, val_AP=0.9580970314522195
INFO - 11/05/25 18:26:43 - 0:09:01 - Epoch 132: train_loss=0.7753490209579468, train_AUC=0.9944672944669319, train_AP=0.9926259430946087, time=0.2993462085723877
INFO - 11/05/25 18:26:43 - 0:09:01 - Epoch 132: val_AUC=0.9617772045119838, val_AP=0.9581366703317911
INFO - 11/05/25 18:26:43 - 0:09:02 - Epoch 133: train_loss=0.772548496723175, train_AUC=0.9950496515143151, train_AP=0.9934353898145155, time=0.30066633224487305
INFO - 11/05/25 18:26:43 - 0:09:02 - Epoch 133: val_AUC=0.9617566369951388, val_AP=0.9581252988010892
INFO - 11/05/25 18:26:43 - 0:09:02 - Epoch 134: train_loss=0.7714328765869141, train_AUC=0.9948975117508021, train_AP=0.9932038617019361, time=0.3069472312927246
INFO - 11/05/25 18:26:43 - 0:09:02 - Epoch 134: val_AUC=0.9617569424533098, val_AP=0.9581687773944921
INFO - 11/05/25 18:26:44 - 0:09:02 - Epoch 135: train_loss=0.7693861722946167, train_AUC=0.9951860754983447, train_AP=0.9936434995887076, time=0.3015468120574951
INFO - 11/05/25 18:26:44 - 0:09:02 - Epoch 135: val_AUC=0.9617496114572065, val_AP=0.9582299595013734
INFO - 11/05/25 18:26:44 - 0:09:03 - Epoch 136: train_loss=0.7684000730514526, train_AUC=0.9952663654084787, train_AP=0.9938116732539697, time=0.3011205196380615
INFO - 11/05/25 18:26:44 - 0:09:03 - Epoch 136: val_AUC=0.9617422804611033, val_AP=0.9582615912905403
INFO - 11/05/25 18:26:45 - 0:09:03 - Epoch 137: train_loss=0.7664470672607422, train_AUC=0.9952644988811742, train_AP=0.9936197456734, time=0.300875186920166
INFO - 11/05/25 18:26:45 - 0:09:03 - Epoch 137: val_AUC=0.9617128546573004, val_AP=0.9582724357573706
INFO - 11/05/25 18:26:45 - 0:09:04 - Epoch 138: train_loss=0.766230046749115, train_AUC=0.9951531904151423, train_AP=0.9934917461852952, time=0.30081653594970703
INFO - 11/05/25 18:26:45 - 0:09:04 - Epoch 138: val_AUC=0.9616943235282618, val_AP=0.9582906006777149
INFO - 11/05/25 18:26:45 - 0:09:04 - Epoch 139: train_loss=0.7630105018615723, train_AUC=0.9954099840997094, train_AP=0.9939087028229703, time=0.30030155181884766
INFO - 11/05/25 18:26:46 - 0:09:04 - Epoch 139: val_AUC=0.961698192665094, val_AP=0.9583313852410228
INFO - 11/05/25 18:26:46 - 0:09:04 - Epoch 140: train_loss=0.7619879841804504, train_AUC=0.9954137897160518, train_AP=0.9936685900622044, time=0.3034794330596924
INFO - 11/05/25 18:26:46 - 0:09:04 - Epoch 140: val_AUC=0.961689639836307, val_AP=0.9583586611659877
INFO - 11/05/25 18:26:46 - 0:09:05 - Epoch 141: train_loss=0.760949969291687, train_AUC=0.9954909642269133, train_AP=0.9939588653001322, time=0.3011317253112793
INFO - 11/05/25 18:26:46 - 0:09:05 - Epoch 141: val_AUC=0.9616945271670424, val_AP=0.9584187044408837
INFO - 11/05/25 18:26:47 - 0:09:05 - Epoch 142: train_loss=0.759215235710144, train_AUC=0.9953437720464385, train_AP=0.9936273071375212, time=0.2998239994049072
INFO - 11/05/25 18:26:47 - 0:09:05 - Epoch 142: val_AUC=0.9616876034485005, val_AP=0.9584510917086032
INFO - 11/05/25 18:26:47 - 0:09:06 - Epoch 143: train_loss=0.7574974298477173, train_AUC=0.9956393947121134, train_AP=0.9942816643158755, time=0.29889702796936035
INFO - 11/05/25 18:26:47 - 0:09:06 - Epoch 143: val_AUC=0.9616601122131136, val_AP=0.9584486068431682
INFO - 11/05/25 18:26:47 - 0:09:06 - Epoch 144: train_loss=0.7572322487831116, train_AUC=0.9953129269694418, train_AP=0.9935061940681674, time=0.30628514289855957
INFO - 11/05/25 18:26:48 - 0:09:06 - Epoch 144: val_AUC=0.9616552248823782, val_AP=0.9584571587779512
INFO - 11/05/25 18:26:48 - 0:09:06 - Epoch 145: train_loss=0.7557339668273926, train_AUC=0.9955969267248567, train_AP=0.99404849307809, time=0.30200791358947754
INFO - 11/05/25 18:26:48 - 0:09:06 - Epoch 145: val_AUC=0.961615311681372, val_AP=0.9583445764055387
INFO - 11/05/25 18:26:48 - 0:09:07 - Epoch 146: train_loss=0.7552434206008911, train_AUC=0.9954792032380151, train_AP=0.993847703281943, time=0.3007831573486328
INFO - 11/05/25 18:26:48 - 0:09:07 - Epoch 146: val_AUC=0.9614823355576119, val_AP=0.9582470708166785
INFO - 11/05/25 18:26:49 - 0:09:07 - Epoch 147: train_loss=0.7512685060501099, train_AUC=0.9959880029417175, train_AP=0.9946084034126138, time=0.2996480464935303
INFO - 11/05/25 18:26:49 - 0:09:07 - Epoch 147: val_AUC=0.9614418114402636, val_AP=0.9583736300170732
INFO - 11/05/25 18:26:49 - 0:09:08 - Epoch 148: train_loss=0.7512195110321045, train_AUC=0.995727382858564, train_AP=0.9942490844571793, time=0.30239057540893555
INFO - 11/05/25 18:26:49 - 0:09:08 - Epoch 148: val_AUC=0.9614391641361154, val_AP=0.958375305069175
INFO - 11/05/25 18:26:49 - 0:09:08 - Epoch 149: train_loss=0.749748706817627, train_AUC=0.9958081528737586, train_AP=0.9942793437955764, time=0.3001081943511963
INFO - 11/05/25 18:26:50 - 0:09:08 - Epoch 149: val_AUC=0.9614570843488119, val_AP=0.9584079581842291
INFO - 11/05/25 18:26:50 - 0:09:08 - Epoch 150: train_loss=0.7486791014671326, train_AUC=0.9960846527047784, train_AP=0.9947018947692947, time=0.2997550964355469
INFO - 11/05/25 18:26:50 - 0:09:08 - Epoch 150: val_AUC=0.9614864083332247, val_AP=0.9584563406339008
INFO - 11/05/25 18:26:50 - 0:09:09 - Epoch 151: train_loss=0.7476516962051392, train_AUC=0.9959489094273004, train_AP=0.9945259026287523, time=0.29821205139160156
INFO - 11/05/25 18:26:50 - 0:09:09 - Epoch 151: val_AUC=0.961486204694444, val_AP=0.9584961773857822
INFO - 11/05/25 18:26:51 - 0:09:09 - Epoch 152: train_loss=0.7463440299034119, train_AUC=0.9960731886554004, train_AP=0.9946379615084068, time=0.30076026916503906
INFO - 11/05/25 18:26:51 - 0:09:09 - Epoch 152: val_AUC=0.9614167638702446, val_AP=0.9583354111732607
INFO - 11/05/25 18:26:51 - 0:09:10 - Epoch 153: train_loss=0.7441569566726685, train_AUC=0.9964328747016614, train_AP=0.9952383263397926, time=0.3031580448150635
INFO - 11/05/25 18:26:51 - 0:09:10 - Epoch 153: val_AUC=0.9614564734324702, val_AP=0.9583882701298319
INFO - 11/05/25 18:26:51 - 0:09:10 - Epoch 154: train_loss=0.74372398853302, train_AUC=0.9961275298204489, train_AP=0.9946290018161115, time=0.30188465118408203
INFO - 11/05/25 18:26:52 - 0:09:10 - Epoch 154: val_AUC=0.9614505679078316, val_AP=0.9583843473910105
INFO - 11/05/25 18:26:52 - 0:09:10 - Epoch 155: train_loss=0.7423165440559387, train_AUC=0.9961202789307407, train_AP=0.9947438976605744, time=0.30846214294433594
INFO - 11/05/25 18:26:52 - 0:09:10 - Epoch 155: val_AUC=0.9614475133261218, val_AP=0.9584123294489513
INFO - 11/05/25 18:26:52 - 0:09:11 - Epoch 156: train_loss=0.7418214082717896, train_AUC=0.9963216387973628, train_AP=0.995103762045425, time=0.3000028133392334
INFO - 11/05/25 18:26:52 - 0:09:11 - Epoch 156: val_AUC=0.9614169675090253, val_AP=0.9583969052927822
INFO - 11/05/25 18:26:53 - 0:09:11 - Epoch 157: train_loss=0.7403388023376465, train_AUC=0.9962349963892718, train_AP=0.9948900387438941, time=0.2986311912536621
INFO - 11/05/25 18:26:53 - 0:09:11 - Epoch 157: val_AUC=0.9614251130602511, val_AP=0.9584546308124386
INFO - 11/05/25 18:26:53 - 0:09:12 - Epoch 158: train_loss=0.7390286326408386, train_AUC=0.9962881816740882, train_AP=0.9948151494507643, time=0.29921913146972656
INFO - 11/05/25 18:26:53 - 0:09:12 - Epoch 158: val_AUC=0.9614020000586481, val_AP=0.9584447101468776
INFO - 11/05/25 18:26:53 - 0:09:12 - Epoch 159: train_loss=0.7374125123023987, train_AUC=0.9962284806274149, train_AP=0.9948858512558307, time=0.2983243465423584
INFO - 11/05/25 18:26:54 - 0:09:12 - Epoch 159: val_AUC=0.9614141165660962, val_AP=0.9585309003610206
INFO - 11/05/25 18:26:54 - 0:09:12 - Epoch 160: train_loss=0.7371968030929565, train_AUC=0.9962581532688326, train_AP=0.9946898143102558, time=0.2987639904022217
INFO - 11/05/25 18:26:54 - 0:09:12 - Epoch 160: val_AUC=0.9614104510680446, val_AP=0.9585216221791011
INFO - 11/05/25 18:26:54 - 0:09:13 - Epoch 161: train_loss=0.737297773361206, train_AUC=0.996327179378838, train_AP=0.9950572934923692, time=0.3019392490386963
INFO - 11/05/25 18:26:54 - 0:09:13 - Epoch 161: val_AUC=0.961415949315122, val_AP=0.9585560104778599
INFO - 11/05/25 18:26:55 - 0:09:13 - Epoch 162: train_loss=0.7344253063201904, train_AUC=0.9964411116912355, train_AP=0.9949764256362418, time=0.29941320419311523
INFO - 11/05/25 18:26:55 - 0:09:13 - Epoch 162: val_AUC=0.9613660578138644, val_AP=0.958536293800622
INFO - 11/05/25 18:26:55 - 0:09:14 - Epoch 163: train_loss=0.7343899011611938, train_AUC=0.996438837972845, train_AP=0.9952970699141082, time=0.30068159103393555
INFO - 11/05/25 18:26:55 - 0:09:14 - Epoch 163: val_AUC=0.961237765382059, val_AP=0.9584233869306432
INFO - 11/05/25 18:26:55 - 0:09:14 - Epoch 164: train_loss=0.7318142652511597, train_AUC=0.9965476249186449, train_AP=0.9950587839666335, time=0.2997100353240967
INFO - 11/05/25 18:26:56 - 0:09:14 - Epoch 164: val_AUC=0.9611532552880919, val_AP=0.9583727827657333
INFO - 11/05/25 18:26:56 - 0:09:14 - Epoch 165: train_loss=0.7315192818641663, train_AUC=0.996528172562138, train_AP=0.9952869814883389, time=0.3033406734466553
INFO - 11/05/25 18:26:56 - 0:09:14 - Epoch 165: val_AUC=0.9612424490740137, val_AP=0.9587018547298605
INFO - 11/05/25 18:26:56 - 0:09:15 - Epoch 166: train_loss=0.7303606271743774, train_AUC=0.9966277809770379, train_AP=0.9954512781234519, time=0.3003418445587158
INFO - 11/05/25 18:26:56 - 0:09:15 - Epoch 166: val_AUC=0.9611752482764014, val_AP=0.9586817038560917
INFO - 11/05/25 18:26:57 - 0:09:15 - Epoch 167: train_loss=0.7290945649147034, train_AUC=0.9968559828729963, train_AP=0.9958621146833023, time=0.3005232810974121
INFO - 11/05/25 18:26:57 - 0:09:15 - Epoch 167: val_AUC=0.9611253567751437, val_AP=0.9587005530049093
INFO - 11/05/25 18:26:57 - 0:09:16 - Epoch 168: train_loss=0.7283030152320862, train_AUC=0.9967248729792064, train_AP=0.9955130754222368, time=0.30237841606140137
INFO - 11/05/25 18:26:57 - 0:09:16 - Epoch 168: val_AUC=0.9610703743043699, val_AP=0.9586867195636908
INFO - 11/05/25 18:26:57 - 0:09:16 - Epoch 169: train_loss=0.7274718880653381, train_AUC=0.9969401738568986, train_AP=0.9960092962611626, time=0.30114173889160156
INFO - 11/05/25 18:26:58 - 0:09:16 - Epoch 169: val_AUC=0.9610200755255509, val_AP=0.9586392882393058
INFO - 11/05/25 18:26:58 - 0:09:16 - Epoch 170: train_loss=0.7253106236457825, train_AUC=0.9968108050924663, train_AP=0.9956057155766243, time=0.3016183376312256
INFO - 11/05/25 18:26:58 - 0:09:16 - Epoch 170: val_AUC=0.9609760895489321, val_AP=0.9586347613774158
INFO - 11/05/25 18:26:58 - 0:09:17 - Epoch 171: train_loss=0.725223958492279, train_AUC=0.9968447979749466, train_AP=0.9956337263079248, time=0.30677008628845215
INFO - 11/05/25 18:26:58 - 0:09:17 - Epoch 171: val_AUC=0.9609147942759582, val_AP=0.9586048043226401
INFO - 11/05/25 18:26:59 - 0:09:17 - Epoch 172: train_loss=0.7255423665046692, train_AUC=0.9969313878990654, train_AP=0.9958203953685355, time=0.3022642135620117
INFO - 11/05/25 18:26:59 - 0:09:17 - Epoch 172: val_AUC=0.9608897467059391, val_AP=0.9585993500412877
INFO - 11/05/25 18:26:59 - 0:09:18 - Epoch 173: train_loss=0.724931001663208, train_AUC=0.9964954230918838, train_AP=0.9949992678151104, time=0.3014547824859619
INFO - 11/05/25 18:26:59 - 0:09:18 - Epoch 173: val_AUC=0.9608093093875849, val_AP=0.9585488413471607
INFO - 11/05/25 18:26:59 - 0:09:18 - Epoch 174: train_loss=0.7217897176742554, train_AUC=0.9970394245706327, train_AP=0.9960170784072737, time=0.30300164222717285
INFO - 11/05/25 18:27:00 - 0:09:18 - Epoch 174: val_AUC=0.9607822254297593, val_AP=0.9585467188230778
INFO - 11/05/25 18:27:00 - 0:09:18 - Epoch 175: train_loss=0.7221180200576782, train_AUC=0.996674371245677, train_AP=0.9951577728367437, time=0.301161527633667
INFO - 11/05/25 18:27:00 - 0:09:18 - Epoch 175: val_AUC=0.9607924073687915, val_AP=0.95856926018846
INFO - 11/05/25 18:27:00 - 0:09:19 - Epoch 176: train_loss=0.7192041873931885, train_AUC=0.9971768147528874, train_AP=0.9961424749544334, time=0.3026721477508545
INFO - 11/05/25 18:27:00 - 0:09:19 - Epoch 176: val_AUC=0.96076980346414, val_AP=0.9585651341551336
INFO - 11/05/25 18:27:01 - 0:09:19 - Epoch 177: train_loss=0.7179673314094543, train_AUC=0.9970342964638647, train_AP=0.9958290337176018, time=0.3031742572784424
INFO - 11/05/25 18:27:01 - 0:09:19 - Epoch 177: val_AUC=0.9606871261191987, val_AP=0.9585078910877518
INFO - 11/05/25 18:27:01 - 0:09:20 - Epoch 178: train_loss=0.7187496423721313, train_AUC=0.9969490397735348, train_AP=0.9958252961275074, time=0.30283617973327637
INFO - 11/05/25 18:27:01 - 0:09:20 - Epoch 178: val_AUC=0.9606210453348799, val_AP=0.9584543723906187
INFO - 11/05/25 18:27:01 - 0:09:20 - Epoch 179: train_loss=0.717136025428772, train_AUC=0.997053681894501, train_AP=0.9960492821628388, time=0.30039334297180176
INFO - 11/05/25 18:27:02 - 0:09:20 - Epoch 179: val_AUC=0.960527066037613, val_AP=0.9583925673206181
INFO - 11/05/25 18:27:02 - 0:09:20 - Epoch 180: train_loss=0.7161592245101929, train_AUC=0.9971785877600942, train_AP=0.9963339843299547, time=0.3044300079345703
INFO - 11/05/25 18:27:02 - 0:09:20 - Epoch 180: val_AUC=0.9605194295833388, val_AP=0.9584175723767938
INFO - 11/05/25 18:27:02 - 0:09:21 - Epoch 181: train_loss=0.715428352355957, train_AUC=0.9970501320054324, train_AP=0.9959579911248362, time=0.30078792572021484
INFO - 11/05/25 18:27:02 - 0:09:21 - Epoch 181: val_AUC=0.9605311388132257, val_AP=0.9584605323086915
INFO - 11/05/25 18:27:03 - 0:09:21 - Epoch 182: train_loss=0.7140343189239502, train_AUC=0.9970296283843962, train_AP=0.9958521074375917, time=0.3029594421386719
INFO - 11/05/25 18:27:03 - 0:09:21 - Epoch 182: val_AUC=0.9604390940843749, val_AP=0.9583911752202191
INFO - 11/05/25 18:27:03 - 0:09:22 - Epoch 183: train_loss=0.7130190134048462, train_AUC=0.9971831646090338, train_AP=0.9961173725926766, time=0.30272436141967773
INFO - 11/05/25 18:27:03 - 0:09:22 - Epoch 183: val_AUC=0.9603425693023497, val_AP=0.9582657284675468
INFO - 11/05/25 18:27:03 - 0:09:22 - Epoch 184: train_loss=0.7138189673423767, train_AUC=0.9970714096769974, train_AP=0.9959562454623583, time=0.3017292022705078
INFO - 11/05/25 18:27:04 - 0:09:22 - Epoch 184: val_AUC=0.9602570410144795, val_AP=0.9582128332638078
INFO - 11/05/25 18:27:04 - 0:09:22 - Epoch 185: train_loss=0.710828959941864, train_AUC=0.9975080458563328, train_AP=0.9966354557204092, time=0.30800938606262207
INFO - 11/05/25 18:27:04 - 0:09:22 - Epoch 185: val_AUC=0.9601806764717381, val_AP=0.9581724923362919
INFO - 11/05/25 18:27:04 - 0:09:23 - Epoch 186: train_loss=0.7107822299003601, train_AUC=0.9972724000423658, train_AP=0.9963021015349341, time=0.30668139457702637
INFO - 11/05/25 18:27:04 - 0:09:23 - Epoch 186: val_AUC=0.9601977821293123, val_AP=0.958192360390469
INFO - 11/05/25 18:27:05 - 0:09:23 - Epoch 187: train_loss=0.7102158069610596, train_AUC=0.9972979074289475, train_AP=0.9961525227903498, time=0.3048977851867676
INFO - 11/05/25 18:27:05 - 0:09:23 - Epoch 187: val_AUC=0.9600810971080034, val_AP=0.958132841288673
INFO - 11/05/25 18:27:05 - 0:09:24 - Epoch 188: train_loss=0.7094135284423828, train_AUC=0.9971447023112482, train_AP=0.9960370505145786, time=0.3042623996734619
INFO - 11/05/25 18:27:05 - 0:09:24 - Epoch 188: val_AUC=0.9600937227124032, val_AP=0.9581608536734695
INFO - 11/05/25 18:27:05 - 0:09:24 - Epoch 189: train_loss=0.7081623077392578, train_AUC=0.9973212955550029, train_AP=0.9964301668406641, time=0.3056936264038086
INFO - 11/05/25 18:27:06 - 0:09:24 - Epoch 189: val_AUC=0.9599387536003335, val_AP=0.9580926718921383
INFO - 11/05/25 18:27:06 - 0:09:24 - Epoch 190: train_loss=0.7081524133682251, train_AUC=0.9971832347050772, train_AP=0.9961310490549857, time=0.34460878372192383
INFO - 11/05/25 18:27:06 - 0:09:25 - Epoch 190: val_AUC=0.9599866087137848, val_AP=0.9580682476711521
INFO - 11/05/25 18:27:06 - 0:09:25 - Epoch 191: train_loss=0.7066624164581299, train_AUC=0.9973570100174418, train_AP=0.996381774548203, time=0.34641408920288086
INFO - 11/05/25 18:27:06 - 0:09:25 - Epoch 191: val_AUC=0.9598583162819794, val_AP=0.9580752087303155
INFO - 11/05/25 18:27:07 - 0:09:25 - Epoch 192: train_loss=0.7063634395599365, train_AUC=0.9972410484422018, train_AP=0.9960272288712877, time=0.34486865997314453
INFO - 11/05/25 18:27:07 - 0:09:25 - Epoch 192: val_AUC=0.9599487319005852, val_AP=0.958103286703273
INFO - 11/05/25 18:27:07 - 0:09:26 - Epoch 193: train_loss=0.7047770619392395, train_AUC=0.9973003933727957, train_AP=0.9962705308172055, time=0.352323055267334
INFO - 11/05/25 18:27:07 - 0:09:26 - Epoch 193: val_AUC=0.9598063883929154, val_AP=0.9580216509174506
INFO - 11/05/25 18:27:08 - 0:09:26 - Epoch 194: train_loss=0.703650712966919, train_AUC=0.9973803764806497, train_AP=0.9963129716383501, time=0.34210872650146484
INFO - 11/05/25 18:27:08 - 0:09:26 - Epoch 194: val_AUC=0.9594832136480339, val_AP=0.9575982836514205
INFO - 11/05/25 18:27:08 - 0:09:27 - Epoch 195: train_loss=0.703876256942749, train_AUC=0.9974794095091839, train_AP=0.9966620952755365, time=0.3221323490142822
INFO - 11/05/25 18:27:08 - 0:09:27 - Epoch 195: val_AUC=0.9590944672157854, val_AP=0.9573477393927827
INFO - 11/05/25 18:27:09 - 0:09:27 - Epoch 196: train_loss=0.7041414976119995, train_AUC=0.9973566560148109, train_AP=0.9963075731000519, time=0.3045308589935303
INFO - 11/05/25 18:27:09 - 0:09:27 - Epoch 196: val_AUC=0.9587637578360202, val_AP=0.9570291854935128
INFO - 11/05/25 18:27:09 - 0:09:27 - Epoch 197: train_loss=0.7035137414932251, train_AUC=0.9975830496794204, train_AP=0.9967342319695869, time=0.30557942390441895
INFO - 11/05/25 18:27:09 - 0:09:28 - Epoch 197: val_AUC=0.9584580960262742, val_AP=0.9567850820934777
INFO - 11/05/25 18:27:09 - 0:09:28 - Epoch 198: train_loss=0.7033945322036743, train_AUC=0.9975237947465102, train_AP=0.9966211953596165, time=0.30617618560791016
INFO - 11/05/25 18:27:09 - 0:09:28 - Epoch 198: val_AUC=0.9582862248954112, val_AP=0.9566969900517053
INFO - 11/05/25 18:27:10 - 0:09:28 - Epoch 199: train_loss=0.700931191444397, train_AUC=0.9975900571703048, train_AP=0.9965112605967852, time=0.30411839485168457
INFO - 11/05/25 18:27:10 - 0:09:28 - Epoch 199: val_AUC=0.9583216580432431, val_AP=0.9567016264301996
INFO - 11/05/25 18:27:10 - 0:09:29 - Epoch 200: train_loss=0.7013004422187805, train_AUC=0.9976140368858314, train_AP=0.9967009957479604, time=0.30039477348327637
INFO - 11/05/25 18:27:10 - 0:09:29 - Epoch 200: val_AUC=0.9580811606433031, val_AP=0.9565014286396364
INFO - 11/05/25 18:27:11 - 0:09:29 - Epoch 201: train_loss=0.7022819519042969, train_AUC=0.9975381556293573, train_AP=0.9963787821614246, time=0.30284905433654785
INFO - 11/05/25 18:27:11 - 0:09:29 - Epoch 201: val_AUC=0.9578891292731563, val_AP=0.9563384084119877
INFO - 11/05/25 18:27:11 - 0:09:29 - Epoch 202: train_loss=0.7004061937332153, train_AUC=0.9977611890869047, train_AP=0.9970535224080807, time=0.300274133682251
INFO - 11/05/25 18:27:11 - 0:09:30 - Epoch 202: val_AUC=0.9578763000299755, val_AP=0.9563438603314106
INFO - 11/05/25 18:27:11 - 0:09:30 - Epoch 203: train_loss=0.6997140049934387, train_AUC=0.9978295462904464, train_AP=0.9971567646082716, time=0.2988269329071045
INFO - 11/05/25 18:27:11 - 0:09:30 - Epoch 203: val_AUC=0.9578471796843436, val_AP=0.9563755128138811
INFO - 11/05/25 18:27:12 - 0:09:30 - Epoch 204: train_loss=0.6989063024520874, train_AUC=0.9976895967220064, train_AP=0.9966784092132872, time=0.2993130683898926
INFO - 11/05/25 18:27:12 - 0:09:30 - Epoch 204: val_AUC=0.9578231503082276, val_AP=0.9563053185098529
INFO - 11/05/25 18:27:12 - 0:09:31 - Epoch 205: train_loss=0.698224663734436, train_AUC=0.9976673960017904, train_AP=0.9966564153734226, time=0.3006417751312256
INFO - 11/05/25 18:27:12 - 0:09:31 - Epoch 205: val_AUC=0.9576968942642287, val_AP=0.9562392575989906
INFO - 11/05/25 18:27:13 - 0:09:31 - Epoch 206: train_loss=0.6965889930725098, train_AUC=0.9976310866035868, train_AP=0.996629169138571, time=0.2981278896331787
INFO - 11/05/25 18:27:13 - 0:09:31 - Epoch 206: val_AUC=0.9576323407707646, val_AP=0.9562129865175825
INFO - 11/05/25 18:27:13 - 0:09:31 - Epoch 207: train_loss=0.6959177255630493, train_AUC=0.9977949052837465, train_AP=0.9970167047337851, time=0.2994344234466553
INFO - 11/05/25 18:27:13 - 0:09:32 - Epoch 207: val_AUC=0.9575868275032908, val_AP=0.9561873226259932
INFO - 11/05/25 18:27:13 - 0:09:32 - Epoch 208: train_loss=0.6952050924301147, train_AUC=0.9978533780645751, train_AP=0.996967700765394, time=0.3001880645751953
INFO - 11/05/25 18:27:13 - 0:09:32 - Epoch 208: val_AUC=0.9575345941560558, val_AP=0.9561456604053494
INFO - 11/05/25 18:27:14 - 0:09:32 - Epoch 209: train_loss=0.6951045989990234, train_AUC=0.9977441421870806, train_AP=0.997100883663117, time=0.2995338439941406
INFO - 11/05/25 18:27:14 - 0:09:32 - Epoch 209: val_AUC=0.9575339832397137, val_AP=0.956155751756741
INFO - 11/05/25 18:27:14 - 0:09:33 - Epoch 210: train_loss=0.6917241811752319, train_AUC=0.9978877466125337, train_AP=0.9972373149556919, time=0.29862141609191895
INFO - 11/05/25 18:27:14 - 0:09:33 - Epoch 210: val_AUC=0.957503641061398, val_AP=0.956147627242186
INFO - 11/05/25 18:27:14 - 0:09:33 - Epoch 211: train_loss=0.6916743516921997, train_AUC=0.9977643652478229, train_AP=0.9969192445185645, time=0.30054450035095215
INFO - 11/05/25 18:27:15 - 0:09:33 - Epoch 211: val_AUC=0.9574763534647915, val_AP=0.9561204510026705
INFO - 11/05/25 18:27:15 - 0:09:33 - Epoch 212: train_loss=0.6915596127510071, train_AUC=0.9977887475752969, train_AP=0.9970135332278764, time=0.2990696430206299
INFO - 11/05/25 18:27:15 - 0:09:34 - Epoch 212: val_AUC=0.9574132254427923, val_AP=0.956049367278179
INFO - 11/05/25 18:27:15 - 0:09:34 - Epoch 213: train_loss=0.6900877952575684, train_AUC=0.9979820430506424, train_AP=0.9972461852558259, time=0.2983732223510742
INFO - 11/05/25 18:27:15 - 0:09:34 - Epoch 213: val_AUC=0.9571725244040715, val_AP=0.9559088159007936
INFO - 11/05/25 18:27:16 - 0:09:34 - Epoch 214: train_loss=0.6916811466217041, train_AUC=0.9977498664624583, train_AP=0.9969938189005725, time=0.29988932609558105
INFO - 11/05/25 18:27:16 - 0:09:34 - Epoch 214: val_AUC=0.9572484816692517, val_AP=0.9559303060011872
INFO - 11/05/25 18:27:16 - 0:09:35 - Epoch 215: train_loss=0.6910814642906189, train_AUC=0.9978166024748472, train_AP=0.9969461680260836, time=0.2973191738128662
INFO - 11/05/25 18:27:16 - 0:09:35 - Epoch 215: val_AUC=0.9567007951687106, val_AP=0.9556738071474044
INFO - 11/05/25 18:27:16 - 0:09:35 - Epoch 216: train_loss=0.6917370557785034, train_AUC=0.9980383319346436, train_AP=0.9973782649854108, time=0.29775166511535645
INFO - 11/05/25 18:27:17 - 0:09:35 - Epoch 216: val_AUC=0.9570462683600724, val_AP=0.9557663195180908
INFO - 11/05/25 18:27:17 - 0:09:35 - Epoch 217: train_loss=0.6904860138893127, train_AUC=0.9976706785396185, train_AP=0.9967423503986148, time=0.2986338138580322
INFO - 11/05/25 18:27:17 - 0:09:35 - Epoch 217: val_AUC=0.9568827464192157, val_AP=0.9557417501800252
INFO - 11/05/25 18:27:17 - 0:09:36 - Epoch 218: train_loss=0.6884087920188904, train_AUC=0.9980358350713113, train_AP=0.997387168923679, time=0.30481672286987305
INFO - 11/05/25 18:27:17 - 0:09:36 - Epoch 218: val_AUC=0.9566917332429722, val_AP=0.9557416060287105
INFO - 11/05/25 18:27:18 - 0:09:36 - Epoch 219: train_loss=0.6891189813613892, train_AUC=0.9978402466804177, train_AP=0.9970229383709891, time=0.3003091812133789
INFO - 11/05/25 18:27:18 - 0:09:36 - Epoch 219: val_AUC=0.956971736566357, val_AP=0.955804246141843
INFO - 11/05/25 18:27:18 - 0:09:37 - Epoch 220: train_loss=0.6875253319740295, train_AUC=0.9979389292287353, train_AP=0.9971772866849475, time=0.35384345054626465
INFO - 11/05/25 18:27:18 - 0:09:37 - Epoch 220: val_AUC=0.9568243020891709, val_AP=0.955835945758813
INFO - 11/05/25 18:27:19 - 0:09:37 - Epoch 221: train_loss=0.6848976016044617, train_AUC=0.9979281839279824, train_AP=0.9970464211344297, time=0.3529372215270996
INFO - 11/05/25 18:27:19 - 0:09:37 - Epoch 221: val_AUC=0.9567450866035005, val_AP=0.9557514984655864
INFO - 11/05/25 18:27:19 - 0:09:38 - Epoch 222: train_loss=0.6856156587600708, train_AUC=0.9979571254923251, train_AP=0.9971860711091237, time=0.3590719699859619
INFO - 11/05/25 18:27:19 - 0:09:38 - Epoch 222: val_AUC=0.9570474901927561, val_AP=0.9558413778989541
INFO - 11/05/25 18:27:19 - 0:09:38 - Epoch 223: train_loss=0.6856215000152588, train_AUC=0.9979838643149241, train_AP=0.997192661890491, time=0.3561973571777344
INFO - 11/05/25 18:27:20 - 0:09:38 - Epoch 223: val_AUC=0.9568970011338608, val_AP=0.9559537866567289
INFO - 11/05/25 18:27:20 - 0:09:38 - Epoch 224: train_loss=0.6828768849372864, train_AUC=0.998091432329277, train_AP=0.9974697559709448, time=0.354036808013916
INFO - 11/05/25 18:27:20 - 0:09:39 - Epoch 224: val_AUC=0.9570071697141889, val_AP=0.9559497413950153
INFO - 11/05/25 18:27:20 - 0:09:39 - Epoch 225: train_loss=0.6827172040939331, train_AUC=0.9980070831889754, train_AP=0.997326500963874, time=0.3526911735534668
INFO - 11/05/25 18:27:21 - 0:09:39 - Epoch 225: val_AUC=0.9571932955596972, val_AP=0.9559363652679832
INFO - 11/05/25 18:27:21 - 0:09:39 - Epoch 226: train_loss=0.6832645535469055, train_AUC=0.9979141772238869, train_AP=0.9970277627433834, time=0.35984110832214355
INFO - 11/05/25 18:27:21 - 0:09:40 - Epoch 226: val_AUC=0.9570285517861565, val_AP=0.9560199928201627
INFO - 11/05/25 18:27:21 - 0:09:40 - Epoch 227: train_loss=0.6814828515052795, train_AUC=0.9981231701621621, train_AP=0.9974228086516327, time=0.3380742073059082
INFO - 11/05/25 18:27:21 - 0:09:40 - Epoch 227: val_AUC=0.9572456307263224, val_AP=0.9561213269800442
INFO - 11/05/25 18:27:22 - 0:09:40 - Epoch 228: train_loss=0.6816748380661011, train_AUC=0.9978750173119615, train_AP=0.9969323404856405, time=0.3481943607330322
INFO - 11/05/25 18:27:22 - 0:09:40 - Epoch 228: val_AUC=0.9573160897444252, val_AP=0.9561535637841538
INFO - 11/05/25 18:27:22 - 0:09:41 - Epoch 229: train_loss=0.6799303293228149, train_AUC=0.9979500649891062, train_AP=0.9970040908750617, time=0.344158411026001
INFO - 11/05/25 18:27:22 - 0:09:41 - Epoch 229: val_AUC=0.9570680577096013, val_AP=0.956128403365515
INFO - 11/05/25 18:27:23 - 0:09:41 - Epoch 230: train_loss=0.6814552545547485, train_AUC=0.9980097258802573, train_AP=0.9972768925144753, time=0.3497200012207031
INFO - 11/05/25 18:27:23 - 0:09:41 - Epoch 230: val_AUC=0.957337879093954, val_AP=0.9562046242509019
INFO - 11/05/25 18:27:23 - 0:09:42 - Epoch 231: train_loss=0.6788350343704224, train_AUC=0.998098050065026, train_AP=0.9974494230375942, time=0.3456132411956787
INFO - 11/05/25 18:27:23 - 0:09:42 - Epoch 231: val_AUC=0.9572110121336129, val_AP=0.956171947796793
INFO - 11/05/25 18:27:24 - 0:09:42 - Epoch 232: train_loss=0.6779741048812866, train_AUC=0.9979981281552589, train_AP=0.9971860919140831, time=0.3600318431854248
INFO - 11/05/25 18:27:24 - 0:09:42 - Epoch 232: val_AUC=0.957059708519595, val_AP=0.9561546813270363
INFO - 11/05/25 18:27:24 - 0:09:43 - Epoch 233: train_loss=0.6788946986198425, train_AUC=0.9978268947931289, train_AP=0.9967455142095873, time=0.34675145149230957
INFO - 11/05/25 18:27:24 - 0:09:43 - Epoch 233: val_AUC=0.9571893246034745, val_AP=0.9561190362283675
INFO - 11/05/25 18:27:25 - 0:09:43 - Epoch 234: train_loss=0.6771401762962341, train_AUC=0.9981311778425694, train_AP=0.9973228591328895, time=0.3532986640930176
INFO - 11/05/25 18:27:25 - 0:09:43 - Epoch 234: val_AUC=0.95697591116136, val_AP=0.956113969169413
INFO - 11/05/25 18:27:25 - 0:09:44 - Epoch 235: train_loss=0.6767562031745911, train_AUC=0.9982027562939315, train_AP=0.9975767626020149, time=0.3389322757720947
INFO - 11/05/25 18:27:25 - 0:09:44 - Epoch 235: val_AUC=0.956986602197344, val_AP=0.9560860037111039
INFO - 11/05/25 18:27:26 - 0:09:44 - Epoch 236: train_loss=0.6752119064331055, train_AUC=0.9981920414620619, train_AP=0.9974937923687422, time=0.36011672019958496
INFO - 11/05/25 18:27:26 - 0:09:44 - Epoch 236: val_AUC=0.9570723341239947, val_AP=0.9561228158307283
INFO - 11/05/25 18:27:26 - 0:09:45 - Epoch 237: train_loss=0.6750949621200562, train_AUC=0.9982390151454907, train_AP=0.9976803253723296, time=0.3786790370941162
INFO - 11/05/25 18:27:26 - 0:09:45 - Epoch 237: val_AUC=0.95690311029728, val_AP=0.9560628852768998
INFO - 11/05/25 18:27:26 - 0:09:45 - Epoch 238: train_loss=0.673876166343689, train_AUC=0.9981200431389227, train_AP=0.9973387511981523, time=0.3828263282775879
INFO - 11/05/25 18:27:27 - 0:09:45 - Epoch 238: val_AUC=0.957035679143479, val_AP=0.9560919467138008
INFO - 11/05/25 18:27:27 - 0:09:45 - Epoch 239: train_loss=0.6732198596000671, train_AUC=0.9981768295639349, train_AP=0.9973558886372007, time=0.3478353023529053
INFO - 11/05/25 18:27:27 - 0:09:46 - Epoch 239: val_AUC=0.9569159395404606, val_AP=0.956046319401173
INFO - 11/05/25 18:27:27 - 0:09:46 - Epoch 240: train_loss=0.6734281182289124, train_AUC=0.9981860788953609, train_AP=0.9973887076834045, time=0.35301804542541504
INFO - 11/05/25 18:27:28 - 0:09:46 - Epoch 240: val_AUC=0.9568279675872227, val_AP=0.9560478314478746
INFO - 11/05/25 18:27:28 - 0:09:46 - Epoch 241: train_loss=0.6715488433837891, train_AUC=0.9982009013905939, train_AP=0.9974864357695943, time=0.350447416305542
INFO - 11/05/25 18:27:28 - 0:09:46 - Epoch 241: val_AUC=0.9568532187960224, val_AP=0.955964253105629
INFO - 11/05/25 18:27:28 - 0:09:47 - Epoch 242: train_loss=0.6714595556259155, train_AUC=0.9982075751327293, train_AP=0.9974782305189265, time=0.34509968757629395
INFO - 11/05/25 18:27:28 - 0:09:47 - Epoch 242: val_AUC=0.9565732154726375, val_AP=0.9558568973244641
INFO - 11/05/25 18:27:29 - 0:09:47 - Epoch 243: train_loss=0.6711955666542053, train_AUC=0.9983749528602348, train_AP=0.9976068217783751, time=0.36640381813049316
INFO - 11/05/25 18:27:29 - 0:09:47 - Epoch 243: val_AUC=0.9565518334006698, val_AP=0.9557835248848281
INFO - 11/05/25 18:27:29 - 0:09:48 - Epoch 244: train_loss=0.6708686351776123, train_AUC=0.9981802868135093, train_AP=0.9973246769496282, time=0.3463778495788574
INFO - 11/05/25 18:27:29 - 0:09:48 - Epoch 244: val_AUC=0.9564133590298323, val_AP=0.9558022953666624
INFO - 11/05/25 18:27:30 - 0:09:48 - Epoch 245: train_loss=0.6689019203186035, train_AUC=0.9983328158037955, train_AP=0.9977491679225224, time=0.34564661979675293
INFO - 11/05/25 18:27:30 - 0:09:48 - Epoch 245: val_AUC=0.9563459545934393, val_AP=0.9557683882473869
INFO - 11/05/25 18:27:30 - 0:09:49 - Epoch 246: train_loss=0.6693912148475647, train_AUC=0.9982339696393366, train_AP=0.9975107348421458, time=0.34212732315063477
INFO - 11/05/25 18:27:30 - 0:09:49 - Epoch 246: val_AUC=0.9564182463605676, val_AP=0.955771346707384
INFO - 11/05/25 18:27:31 - 0:09:49 - Epoch 247: train_loss=0.6688021421432495, train_AUC=0.9983532664124976, train_AP=0.9976697126770897, time=0.34500980377197266
INFO - 11/05/25 18:27:31 - 0:09:49 - Epoch 247: val_AUC=0.9562396551499432, val_AP=0.9557735796288623
INFO - 11/05/25 18:27:31 - 0:09:50 - Epoch 248: train_loss=0.6688966751098633, train_AUC=0.9982646909034728, train_AP=0.997635668860673, time=0.34310364723205566
INFO - 11/05/25 18:27:31 - 0:09:50 - Epoch 248: val_AUC=0.9564070462276325, val_AP=0.9557515631108604
INFO - 11/05/25 18:27:32 - 0:09:50 - Epoch 249: train_loss=0.6692286729812622, train_AUC=0.9982155875683959, train_AP=0.9973099821200212, time=0.343853235244751
INFO - 11/05/25 18:27:32 - 0:09:50 - Epoch 249: val_AUC=0.9561755089340404, val_AP=0.9556679635044761
INFO - 11/05/25 18:27:32 - 0:09:50 - Epoch 250: train_loss=0.666664719581604, train_AUC=0.9984154357909479, train_AP=0.9978545640756191, time=0.3439788818359375
INFO - 11/05/25 18:27:32 - 0:09:51 - Epoch 250: val_AUC=0.9563054304760911, val_AP=0.9557132066081296
INFO - 11/05/25 18:27:32 - 0:09:51 - Epoch 251: train_loss=0.6667309403419495, train_AUC=0.9982704789345483, train_AP=0.9976982913565668, time=0.3124673366546631
INFO - 11/05/25 18:27:32 - 0:09:51 - Epoch 251: val_AUC=0.9561101408854539, val_AP=0.9556292394513141
INFO - 11/05/25 18:27:33 - 0:09:51 - Epoch 252: train_loss=0.6660597920417786, train_AUC=0.9982991668850657, train_AP=0.997568029757872, time=0.30115699768066406
INFO - 11/05/25 18:27:33 - 0:09:51 - Epoch 252: val_AUC=0.9560885551747058, val_AP=0.9556065471656178
INFO - 11/05/25 18:27:33 - 0:09:52 - Epoch 253: train_loss=0.6656932830810547, train_AUC=0.9983239889859574, train_AP=0.9976541215911566, time=0.31269049644470215
INFO - 11/05/25 18:27:33 - 0:09:52 - Epoch 253: val_AUC=0.9559792011495002, val_AP=0.9555493516122797
INFO - 11/05/25 18:27:34 - 0:09:52 - Epoch 254: train_loss=0.6647090315818787, train_AUC=0.9983423289640481, train_AP=0.9976269555499298, time=0.3056299686431885
INFO - 11/05/25 18:27:34 - 0:09:52 - Epoch 254: val_AUC=0.9558333957825593, val_AP=0.9555385402019486
INFO - 11/05/25 18:27:34 - 0:09:53 - Epoch 255: train_loss=0.6643850803375244, train_AUC=0.9983757441705933, train_AP=0.9975761917679093, time=0.3121509552001953
INFO - 11/05/25 18:27:34 - 0:09:53 - Epoch 255: val_AUC=0.9558079409349789, val_AP=0.955448959462841
INFO - 11/05/25 18:27:34 - 0:09:53 - Epoch 256: train_loss=0.6637306213378906, train_AUC=0.9981875537302023, train_AP=0.9973255862207583, time=0.3030092716217041
INFO - 11/05/25 18:27:35 - 0:09:53 - Epoch 256: val_AUC=0.9555324176647682, val_AP=0.9553073966306511
INFO - 11/05/25 18:27:35 - 0:09:53 - Epoch 257: train_loss=0.6638383865356445, train_AUC=0.9983426251990855, train_AP=0.9975704616207901, time=0.30233025550842285
INFO - 11/05/25 18:27:35 - 0:09:53 - Epoch 257: val_AUC=0.9558011190358272, val_AP=0.9554591111796593
INFO - 11/05/25 18:27:35 - 0:09:54 - Epoch 258: train_loss=0.6633728742599487, train_AUC=0.9985156851091184, train_AP=0.9980511101140294, time=0.30518150329589844
INFO - 11/05/25 18:27:35 - 0:09:54 - Epoch 258: val_AUC=0.9554617550078849, val_AP=0.9553139961897676
INFO - 11/05/25 18:27:36 - 0:09:54 - Epoch 259: train_loss=0.6637783050537109, train_AUC=0.9983216708851474, train_AP=0.9976510518213045, time=0.30017805099487305
INFO - 11/05/25 18:27:36 - 0:09:54 - Epoch 259: val_AUC=0.9556859613053734, val_AP=0.9553719321426972
INFO - 11/05/25 18:27:36 - 0:09:55 - Epoch 260: train_loss=0.6625072360038757, train_AUC=0.9985681136032357, train_AP=0.9980163410633678, time=0.30071091651916504
INFO - 11/05/25 18:27:36 - 0:09:55 - Epoch 260: val_AUC=0.9554348746888399, val_AP=0.9552949850156387
INFO - 11/05/25 18:27:36 - 0:09:55 - Epoch 261: train_loss=0.6623140573501587, train_AUC=0.9984037272860218, train_AP=0.9977953349169014, time=0.302382230758667
INFO - 11/05/25 18:27:37 - 0:09:55 - Epoch 261: val_AUC=0.9556658010660898, val_AP=0.9554550872451564
INFO - 11/05/25 18:27:37 - 0:09:55 - Epoch 262: train_loss=0.6617327928543091, train_AUC=0.998484765885302, train_AP=0.9979308442842906, time=0.30014848709106445
INFO - 11/05/25 18:27:37 - 0:09:55 - Epoch 262: val_AUC=0.9553491427621891, val_AP=0.955232302034188
INFO - 11/05/25 18:27:37 - 0:09:56 - Epoch 263: train_loss=0.6606258153915405, train_AUC=0.9983671375036449, train_AP=0.9977126391398582, time=0.29950809478759766
INFO - 11/05/25 18:27:37 - 0:09:56 - Epoch 263: val_AUC=0.9553823358834339, val_AP=0.9552298698520533
INFO - 11/05/25 18:27:38 - 0:09:56 - Epoch 264: train_loss=0.6600230932235718, train_AUC=0.9984620852361462, train_AP=0.9976403260427475, time=0.30297040939331055
INFO - 11/05/25 18:27:38 - 0:09:56 - Epoch 264: val_AUC=0.9552253303835577, val_AP=0.9551993661746644
INFO - 11/05/25 18:27:38 - 0:09:57 - Epoch 265: train_loss=0.6590471863746643, train_AUC=0.9985804425814299, train_AP=0.99790192656832, time=0.31016016006469727
INFO - 11/05/25 18:27:38 - 0:09:57 - Epoch 265: val_AUC=0.9552179993874544, val_AP=0.9551669947361446
INFO - 11/05/25 18:27:38 - 0:09:57 - Epoch 266: train_loss=0.6580978631973267, train_AUC=0.9986314733815778, train_AP=0.9980586018021476, time=0.3089122772216797
INFO - 11/05/25 18:27:39 - 0:09:57 - Epoch 266: val_AUC=0.9551004998110232, val_AP=0.955074592715202
INFO - 11/05/25 18:27:39 - 0:09:57 - Epoch 267: train_loss=0.6580816507339478, train_AUC=0.9984348127677902, train_AP=0.99777689428556, time=0.30431365966796875
INFO - 11/05/25 18:27:39 - 0:09:57 - Epoch 267: val_AUC=0.9551349147649519, val_AP=0.9551614698065083
INFO - 11/05/25 18:27:39 - 0:09:58 - Epoch 268: train_loss=0.657683253288269, train_AUC=0.9985868362916334, train_AP=0.9980770807827486, time=0.3028073310852051
INFO - 11/05/25 18:27:39 - 0:09:58 - Epoch 268: val_AUC=0.955110885388836, val_AP=0.9551428680366976
INFO - 11/05/25 18:27:40 - 0:09:58 - Epoch 269: train_loss=0.6573505997657776, train_AUC=0.9985033293605761, train_AP=0.9978335837630936, time=0.30347681045532227
INFO - 11/05/25 18:27:40 - 0:09:58 - Epoch 269: val_AUC=0.9550599756936752, val_AP=0.9551053026991684
INFO - 11/05/25 18:27:40 - 0:09:59 - Epoch 270: train_loss=0.6567955613136292, train_AUC=0.9985863306490695, train_AP=0.9979362168678974, time=0.31073904037475586
INFO - 11/05/25 18:27:40 - 0:09:59 - Epoch 270: val_AUC=0.9550693430775847, val_AP=0.9551471730905579
INFO - 11/05/25 18:27:40 - 0:09:59 - Epoch 271: train_loss=0.6571550369262695, train_AUC=0.9985233419570676, train_AP=0.9978530779199686, time=0.30278587341308594
INFO - 11/05/25 18:27:41 - 0:09:59 - Epoch 271: val_AUC=0.9550123242190047, val_AP=0.9551314096466252
INFO - 11/05/25 18:27:41 - 0:09:59 - Epoch 272: train_loss=0.6555618047714233, train_AUC=0.9985502662347762, train_AP=0.9978203522308752, time=0.30855727195739746
INFO - 11/05/25 18:27:41 - 0:09:59 - Epoch 272: val_AUC=0.9549045993040441, val_AP=0.955024938805836
INFO - 11/05/25 18:27:41 - 0:10:00 - Epoch 273: train_loss=0.6560186147689819, train_AUC=0.9985713515825239, train_AP=0.998037910595163, time=0.30136919021606445
INFO - 11/05/25 18:27:41 - 0:10:00 - Epoch 273: val_AUC=0.9548672315877961, val_AP=0.9550531735056488
INFO - 11/05/25 18:27:42 - 0:10:00 - Epoch 274: train_loss=0.6544572710990906, train_AUC=0.998519680055226, train_AP=0.9977903729550863, time=0.30541372299194336
INFO - 11/05/25 18:27:42 - 0:10:00 - Epoch 274: val_AUC=0.9547524811349035, val_AP=0.9549498517269235
INFO - 11/05/25 18:27:42 - 0:10:01 - Epoch 275: train_loss=0.6544076204299927, train_AUC=0.9984537985805313, train_AP=0.9978530850059468, time=0.3107302188873291
INFO - 11/05/25 18:27:42 - 0:10:01 - Epoch 275: val_AUC=0.9547013678009617, val_AP=0.9548809023974533
INFO - 11/05/25 18:27:42 - 0:10:01 - Epoch 276: train_loss=0.6537830829620361, train_AUC=0.998613432984818, train_AP=0.9980154250539179, time=0.3101654052734375
INFO - 11/05/25 18:27:43 - 0:10:01 - Epoch 276: val_AUC=0.9545909955818531, val_AP=0.9548742983336888
INFO - 11/05/25 18:27:43 - 0:10:01 - Epoch 277: train_loss=0.6549757122993469, train_AUC=0.9984238939881361, train_AP=0.9974967509683599, time=0.30158042907714844
INFO - 11/05/25 18:27:43 - 0:10:01 - Epoch 277: val_AUC=0.9548003362483547, val_AP=0.9549486645636331
INFO - 11/05/25 18:27:43 - 0:10:02 - Epoch 278: train_loss=0.6542391777038574, train_AUC=0.9986348607112294, train_AP=0.9981827442989174, time=0.29964685440063477
INFO - 11/05/25 18:27:43 - 0:10:02 - Epoch 278: val_AUC=0.9540452436497282, val_AP=0.9545137008661824
INFO - 11/05/25 18:27:44 - 0:10:02 - Epoch 279: train_loss=0.6566064953804016, train_AUC=0.9985442008135796, train_AP=0.9979493903583407, time=0.30606508255004883
INFO - 11/05/25 18:27:44 - 0:10:02 - Epoch 279: val_AUC=0.9547993180544514, val_AP=0.9549295461437426
INFO - 11/05/25 18:27:44 - 0:10:03 - Epoch 280: train_loss=0.6558603048324585, train_AUC=0.9986038368717102, train_AP=0.9981010946472952, time=0.3144209384918213
INFO - 11/05/25 18:27:44 - 0:10:03 - Epoch 280: val_AUC=0.9540977824551343, val_AP=0.9545585474969586
INFO - 11/05/25 18:27:44 - 0:10:03 - Epoch 281: train_loss=0.6535067558288574, train_AUC=0.9985342450619782, train_AP=0.9979797506927541, time=0.3055424690246582
INFO - 11/05/25 18:27:45 - 0:10:03 - Epoch 281: val_AUC=0.9544319536941703, val_AP=0.9547497367695904
INFO - 11/05/25 18:27:45 - 0:10:03 - Epoch 282: train_loss=0.6516242623329163, train_AUC=0.9984354077035549, train_AP=0.9975831320124343, time=0.31116223335266113
INFO - 11/05/25 18:27:45 - 0:10:03 - Epoch 282: val_AUC=0.9546584000182461, val_AP=0.9548889108658128
INFO - 11/05/25 18:27:45 - 0:10:04 - Epoch 283: train_loss=0.6519238948822021, train_AUC=0.9986832706590638, train_AP=0.9980684025144293, time=0.3037230968475342
INFO - 11/05/25 18:27:45 - 0:10:04 - Epoch 283: val_AUC=0.9539346677918389, val_AP=0.9545131605517702
INFO - 11/05/25 18:27:46 - 0:10:04 - Epoch 284: train_loss=0.6534176468849182, train_AUC=0.9984664082951401, train_AP=0.9977616698413596, time=0.3092207908630371
INFO - 11/05/25 18:27:46 - 0:10:04 - Epoch 284: val_AUC=0.9547272299261036, val_AP=0.9549552253099743
INFO - 11/05/25 18:27:46 - 0:10:05 - Epoch 285: train_loss=0.6526591777801514, train_AUC=0.9986126182504048, train_AP=0.9979889311994277, time=0.31306934356689453
INFO - 11/05/25 18:27:46 - 0:10:05 - Epoch 285: val_AUC=0.9542914429355263, val_AP=0.9547206090769792
INFO - 11/05/25 18:27:46 - 0:10:05 - Epoch 286: train_loss=0.6502504348754883, train_AUC=0.9986485142932976, train_AP=0.9981459563434958, time=0.3107414245605469
INFO - 11/05/25 18:27:47 - 0:10:05 - Epoch 286: val_AUC=0.9542729118064879, val_AP=0.9547779996103501
INFO - 11/05/25 18:27:47 - 0:10:05 - Epoch 287: train_loss=0.6494588851928711, train_AUC=0.998618082395491, train_AP=0.9980169920946411, time=0.30536508560180664
INFO - 11/05/25 18:27:47 - 0:10:06 - Epoch 287: val_AUC=0.9546689892348394, val_AP=0.9549948860708888
INFO - 11/05/25 18:27:47 - 0:10:06 - Epoch 288: train_loss=0.6504501104354858, train_AUC=0.9986804802025047, train_AP=0.9982326315568089, time=0.3100278377532959
INFO - 11/05/25 18:27:47 - 0:10:06 - Epoch 288: val_AUC=0.9539617517496645, val_AP=0.9545495833538201
INFO - 11/05/25 18:27:48 - 0:10:06 - Epoch 289: train_loss=0.6512563228607178, train_AUC=0.9986206377308997, train_AP=0.9980184935293792, time=0.3061511516571045
INFO - 11/05/25 18:27:48 - 0:10:06 - Epoch 289: val_AUC=0.9544278809185576, val_AP=0.9548604340322191
INFO - 11/05/25 18:27:48 - 0:10:07 - Epoch 290: train_loss=0.6479064226150513, train_AUC=0.9986867687686432, train_AP=0.9981772103202182, time=0.3085756301879883
INFO - 11/05/25 18:27:48 - 0:10:07 - Epoch 290: val_AUC=0.9543716766150998, val_AP=0.9548434487834411
INFO - 11/05/25 18:27:49 - 0:10:07 - Epoch 291: train_loss=0.6483603119850159, train_AUC=0.9985974292479705, train_AP=0.9978739319257719, time=0.30913448333740234
INFO - 11/05/25 18:27:49 - 0:10:07 - Epoch 291: val_AUC=0.9540505382580251, val_AP=0.9547171501040512
INFO - 11/05/25 18:27:49 - 0:10:07 - Epoch 292: train_loss=0.64947110414505, train_AUC=0.9986255102865148, train_AP=0.9980848452509685, time=0.308107852935791
INFO - 11/05/25 18:27:49 - 0:10:08 - Epoch 292: val_AUC=0.9544382664963704, val_AP=0.9548817774712031
INFO - 11/05/25 18:27:49 - 0:10:08 - Epoch 293: train_loss=0.6490148305892944, train_AUC=0.9984560376031416, train_AP=0.9978058058716257, time=0.3091163635253906
INFO - 11/05/25 18:27:49 - 0:10:08 - Epoch 293: val_AUC=0.9540476873150959, val_AP=0.9546682722710224
INFO - 11/05/25 18:27:50 - 0:10:08 - Epoch 294: train_loss=0.6478832960128784, train_AUC=0.9986730966939004, train_AP=0.9981181337478674, time=0.3089601993560791
INFO - 11/05/25 18:27:50 - 0:10:08 - Epoch 294: val_AUC=0.9539806901562642, val_AP=0.9546508938131277
INFO - 11/05/25 18:27:50 - 0:10:09 - Epoch 295: train_loss=0.6459022164344788, train_AUC=0.9987244777981442, train_AP=0.9980687855589861, time=0.3080623149871826
INFO - 11/05/25 18:27:50 - 0:10:09 - Epoch 295: val_AUC=0.9540057377262834, val_AP=0.9546730511463613
INFO - 11/05/25 18:27:51 - 0:10:09 - Epoch 296: train_loss=0.6469959020614624, train_AUC=0.9986068406104515, train_AP=0.998102112961764, time=0.30939316749572754
INFO - 11/05/25 18:27:51 - 0:10:09 - Epoch 296: val_AUC=0.9535438849717838, val_AP=0.9543927857953028
INFO - 11/05/25 18:27:51 - 0:10:10 - Epoch 297: train_loss=0.6457288265228271, train_AUC=0.9987456045342591, train_AP=0.9982966689219761, time=0.30933451652526855
INFO - 11/05/25 18:27:51 - 0:10:10 - Epoch 297: val_AUC=0.9538927182030261, val_AP=0.9545729862263775
INFO - 11/05/25 18:27:51 - 0:10:10 - Epoch 298: train_loss=0.6455026865005493, train_AUC=0.9986353306012887, train_AP=0.9978910597332924, time=0.3086538314819336
INFO - 11/05/25 18:27:51 - 0:10:10 - Epoch 298: val_AUC=0.9536064020774413, val_AP=0.9544111537777223
INFO - 11/05/25 18:27:52 - 0:10:10 - Epoch 299: train_loss=0.6453216075897217, train_AUC=0.9985977751490486, train_AP=0.9979334253573707, time=0.31274962425231934
INFO - 11/05/25 18:27:52 - 0:10:10 - Epoch 299: val_AUC=0.9535210774283516, val_AP=0.9543699127452625
INFO - 11/05/25 18:27:52 - 0:10:11 - Epoch 300: train_loss=0.6448608636856079, train_AUC=0.9985611335871825, train_AP=0.9979503634328509, time=0.3056142330169678
INFO - 11/05/25 18:27:52 - 0:10:11 - Epoch 300: val_AUC=0.9536640318523635, val_AP=0.9544303870886343
INFO - 11/05/25 18:27:52 - 0:10:11 - best_epoch=165
INFO - 11/05/25 18:27:52 - 0:10:11 - test_auc= 96.38%, test_ap= 96.26%
INFO - 11/05/25 18:27:52 - 0:10:11 - 
                                     train iters 1
INFO - 11/05/25 18:27:52 - 0:10:11 - --------------------------Training Start-------------------------
INFO - 11/05/25 18:27:54 - 0:10:13 - Epoch 0: train_loss=6.347495079040527, train_AUC=0.9956496019640915, train_AP=0.9955603349030943, time=2.1680667400360107
INFO - 11/05/25 18:27:55 - 0:10:13 - Epoch 0: val_AUC=0.7650848481343429, val_AP=0.8142497710366134
INFO - 11/05/25 18:27:55 - 0:10:13 - Epoch 1: train_loss=2.3991031646728516, train_AUC=0.916533833490418, train_AP=0.9418929837634178, time=0.3058037757873535
INFO - 11/05/25 18:27:55 - 0:10:14 - Epoch 1: val_AUC=0.6767847310013163, val_AP=0.7335334389050645
INFO - 11/05/25 18:27:55 - 0:10:14 - Epoch 2: train_loss=3.547222137451172, train_AUC=0.7531253259642137, train_AP=0.8189033520690445, time=0.3058967590332031
INFO - 11/05/25 18:27:55 - 0:10:14 - Epoch 2: val_AUC=0.6463820719675741, val_AP=0.7063407134940768
INFO - 11/05/25 18:27:56 - 0:10:14 - Epoch 3: train_loss=4.124383926391602, train_AUC=0.6755129990907325, train_AP=0.7521889128320478, time=0.30452823638916016
INFO - 11/05/25 18:27:56 - 0:10:14 - Epoch 3: val_AUC=0.6608609929101122, val_AP=0.7152533723886069
INFO - 11/05/25 18:27:56 - 0:10:15 - Epoch 4: train_loss=3.924764394760132, train_AUC=0.6849260037212362, train_AP=0.7548229078545212, time=0.3054797649383545
INFO - 11/05/25 18:27:56 - 0:10:15 - Epoch 4: val_AUC=0.713473006457793, val_AP=0.7486441823639511
INFO - 11/05/25 18:27:57 - 0:10:15 - Epoch 5: train_loss=3.1779632568359375, train_AUC=0.7479215202247276, train_AP=0.797107926669913, time=0.3050673007965088
INFO - 11/05/25 18:27:57 - 0:10:15 - Epoch 5: val_AUC=0.7653791061723729, val_AP=0.7846756259166848
INFO - 11/05/25 18:27:57 - 0:10:15 - Epoch 6: train_loss=2.755309581756592, train_AUC=0.8015366582834711, train_AP=0.8336155900609922, time=0.30437302589416504
INFO - 11/05/25 18:27:57 - 0:10:16 - Epoch 6: val_AUC=0.8065144453205437, val_AP=0.8157916218996668
INFO - 11/05/25 18:27:57 - 0:10:16 - Epoch 7: train_loss=2.5416712760925293, train_AUC=0.8440462338045451, train_AP=0.8654338710590268, time=0.30362629890441895
INFO - 11/05/25 18:27:57 - 0:10:16 - Epoch 7: val_AUC=0.8422935754408373, val_AP=0.8435090544858149
INFO - 11/05/25 18:27:58 - 0:10:16 - Epoch 8: train_loss=2.237426996231079, train_AUC=0.8853135233916654, train_AP=0.8964756224687598, time=0.3071467876434326
INFO - 11/05/25 18:27:58 - 0:10:16 - Epoch 8: val_AUC=0.8628033606915249, val_AP=0.8612498125278558
INFO - 11/05/25 18:27:58 - 0:10:17 - Epoch 9: train_loss=2.0609800815582275, train_AUC=0.9040181092219162, train_AP=0.9115266838644397, time=0.3052549362182617
INFO - 11/05/25 18:27:58 - 0:10:17 - Epoch 9: val_AUC=0.8658978556021842, val_AP=0.8664052103685134
INFO - 11/05/25 18:27:59 - 0:10:17 - Epoch 10: train_loss=1.9255411624908447, train_AUC=0.900695502699009, train_AP=0.9114360274268919, time=0.3046839237213135
INFO - 11/05/25 18:27:59 - 0:10:17 - Epoch 10: val_AUC=0.8785712132961461, val_AP=0.8767109072750383
INFO - 11/05/25 18:27:59 - 0:10:17 - Epoch 11: train_loss=1.7525733709335327, train_AUC=0.9143260740677938, train_AP=0.9210333446840115, time=0.30437588691711426
INFO - 11/05/25 18:27:59 - 0:10:18 - Epoch 11: val_AUC=0.8896259481421627, val_AP=0.8862274389904994
INFO - 11/05/25 18:27:59 - 0:10:18 - Epoch 12: train_loss=1.6967787742614746, train_AUC=0.9291749026934476, train_AP=0.9326176818973724, time=0.30393075942993164
INFO - 11/05/25 18:27:59 - 0:10:18 - Epoch 12: val_AUC=0.8933177155964498, val_AP=0.8894820947674864
INFO - 11/05/25 18:28:00 - 0:10:18 - Epoch 13: train_loss=1.605536699295044, train_AUC=0.9317095127451711, train_AP=0.9340888137449173, time=0.3058772087097168
INFO - 11/05/25 18:28:00 - 0:10:18 - Epoch 13: val_AUC=0.8957196350141408, val_AP=0.891271075443506
INFO - 11/05/25 18:28:00 - 0:10:19 - Epoch 14: train_loss=1.6171774864196777, train_AUC=0.9334049974263269, train_AP=0.9349074214110293, time=0.3055698871612549
INFO - 11/05/25 18:28:00 - 0:10:19 - Epoch 14: val_AUC=0.8994466319774791, val_AP=0.8941408073915578
INFO - 11/05/25 18:28:01 - 0:10:19 - Epoch 15: train_loss=1.5706758499145508, train_AUC=0.9371718832391029, train_AP=0.9373743568558879, time=0.3060266971588135
INFO - 11/05/25 18:28:01 - 0:10:19 - Epoch 15: val_AUC=0.9030282308514382, val_AP=0.8972872415025586
INFO - 11/05/25 18:28:01 - 0:10:20 - Epoch 16: train_loss=1.518132209777832, train_AUC=0.941816595539918, train_AP=0.940207812780024, time=0.30974435806274414
INFO - 11/05/25 18:28:01 - 0:10:20 - Epoch 16: val_AUC=0.906021517288118, val_AP=0.9000473671302528
INFO - 11/05/25 18:28:01 - 0:10:20 - Epoch 17: train_loss=1.4489412307739258, train_AUC=0.9455345828460051, train_AP=0.942704945263737, time=0.3062121868133545
INFO - 11/05/25 18:28:02 - 0:10:20 - Epoch 17: val_AUC=0.9088001684499993, val_AP=0.9022916703639311
INFO - 11/05/25 18:28:02 - 0:10:20 - Epoch 18: train_loss=1.4143319129943848, train_AUC=0.9495308581366998, train_AP=0.9464909036983792, time=0.30414915084838867
INFO - 11/05/25 18:28:02 - 0:10:20 - Epoch 18: val_AUC=0.9109988563646079, val_AP=0.9039588689176806
INFO - 11/05/25 18:28:02 - 0:10:21 - Epoch 19: train_loss=1.3838374614715576, train_AUC=0.9502129109548559, train_AP=0.9458813878942085, time=0.3020212650299072
INFO - 11/05/25 18:28:02 - 0:10:21 - Epoch 19: val_AUC=0.9124483572052288, val_AP=0.9052771961269441
INFO - 11/05/25 18:28:03 - 0:10:21 - Epoch 20: train_loss=1.3467903137207031, train_AUC=0.9518359057599657, train_AP=0.9473844676895555, time=0.31035327911376953
INFO - 11/05/25 18:28:03 - 0:10:21 - Epoch 20: val_AUC=0.9135195990108045, val_AP=0.9064345685254782
INFO - 11/05/25 18:28:03 - 0:10:22 - Epoch 21: train_loss=1.313103437423706, train_AUC=0.952686654921397, train_AP=0.9480564731918228, time=0.3132474422454834
INFO - 11/05/25 18:28:03 - 0:10:22 - Epoch 21: val_AUC=0.9144568464987164, val_AP=0.9075126891677061
INFO - 11/05/25 18:28:04 - 0:10:22 - Epoch 22: train_loss=1.2907817363739014, train_AUC=0.9536808758893855, train_AP=0.9493396564510992, time=0.3031442165374756
INFO - 11/05/25 18:28:04 - 0:10:22 - Epoch 22: val_AUC=0.9152200846485684, val_AP=0.9084128620268633
INFO - 11/05/25 18:28:04 - 0:10:22 - Epoch 23: train_loss=1.273405909538269, train_AUC=0.955187831802263, train_AP=0.9512970796993785, time=0.3011934757232666
INFO - 11/05/25 18:28:04 - 0:10:23 - Epoch 23: val_AUC=0.9161108006751033, val_AP=0.9092594019029945
INFO - 11/05/25 18:28:04 - 0:10:23 - Epoch 24: train_loss=1.2611846923828125, train_AUC=0.9561675826925631, train_AP=0.9521383344597502, time=0.30151844024658203
INFO - 11/05/25 18:28:04 - 0:10:23 - Epoch 24: val_AUC=0.9171659550170078, val_AP=0.9102543809072168
INFO - 11/05/25 18:28:05 - 0:10:23 - Epoch 25: train_loss=1.2474197149276733, train_AUC=0.9572645162029985, train_AP=0.9529383114320114, time=0.3087787628173828
INFO - 11/05/25 18:28:05 - 0:10:23 - Epoch 25: val_AUC=0.9182750736357831, val_AP=0.9113406106193557
INFO - 11/05/25 18:28:05 - 0:10:24 - Epoch 26: train_loss=1.2401460409164429, train_AUC=0.9573586372248782, train_AP=0.9529621664373638, time=0.3033778667449951
INFO - 11/05/25 18:28:05 - 0:10:24 - Epoch 26: val_AUC=0.9196098240235113, val_AP=0.912567088205213
INFO - 11/05/25 18:28:06 - 0:10:24 - Epoch 27: train_loss=1.2274549007415771, train_AUC=0.9582143232259845, train_AP=0.9529007572954056, time=0.3018057346343994
INFO - 11/05/25 18:28:06 - 0:10:24 - Epoch 27: val_AUC=0.9209185086473172, val_AP=0.9138197556429773
INFO - 11/05/25 18:28:06 - 0:10:24 - Epoch 28: train_loss=1.2105867862701416, train_AUC=0.9600701406300496, train_AP=0.9550669517108301, time=0.30292725563049316
INFO - 11/05/25 18:28:06 - 0:10:25 - Epoch 28: val_AUC=0.9224551668860537, val_AP=0.9151067815265473
INFO - 11/05/25 18:28:06 - 0:10:25 - Epoch 29: train_loss=1.1899394989013672, train_AUC=0.9606770066356987, train_AP=0.9553863816481678, time=0.30186009407043457
INFO - 11/05/25 18:28:06 - 0:10:25 - Epoch 29: val_AUC=0.924160234396382, val_AP=0.9164972740541822
INFO - 11/05/25 18:28:07 - 0:10:25 - Epoch 30: train_loss=1.1699161529541016, train_AUC=0.9618380873601788, train_AP=0.9562164121731185, time=0.3046085834503174
INFO - 11/05/25 18:28:07 - 0:10:25 - Epoch 30: val_AUC=0.9261005046983539, val_AP=0.9180615505229299
INFO - 11/05/25 18:28:07 - 0:10:26 - Epoch 31: train_loss=1.1532875299453735, train_AUC=0.9629518079923884, train_AP=0.9572819993563392, time=0.3006138801574707
INFO - 11/05/25 18:28:07 - 0:10:26 - Epoch 31: val_AUC=0.927822474227476, val_AP=0.9195428860036825
INFO - 11/05/25 18:28:08 - 0:10:26 - Epoch 32: train_loss=1.1379152536392212, train_AUC=0.9646642932536209, train_AP=0.958937725186482, time=0.30087780952453613
INFO - 11/05/25 18:28:08 - 0:10:26 - Epoch 32: val_AUC=0.9295472946995269, val_AP=0.9211711636126576
INFO - 11/05/25 18:28:08 - 0:10:27 - Epoch 33: train_loss=1.1254591941833496, train_AUC=0.9658126809583957, train_AP=0.9599296692547387, time=0.3051455020904541
INFO - 11/05/25 18:28:08 - 0:10:27 - Epoch 33: val_AUC=0.9311222370290242, val_AP=0.922718445780289
INFO - 11/05/25 18:28:08 - 0:10:27 - Epoch 34: train_loss=1.1133613586425781, train_AUC=0.9671803289105865, train_AP=0.9610612687573059, time=0.3031423091888428
INFO - 11/05/25 18:28:09 - 0:10:27 - Epoch 34: val_AUC=0.932619796621877, val_AP=0.9242287843435256
INFO - 11/05/25 18:28:09 - 0:10:27 - Epoch 35: train_loss=1.1045418977737427, train_AUC=0.968348949538863, train_AP=0.9623793785507171, time=0.30097365379333496
INFO - 11/05/25 18:28:09 - 0:10:27 - Epoch 35: val_AUC=0.9338300218952418, val_AP=0.9255595222568785
INFO - 11/05/25 18:28:09 - 0:10:28 - Epoch 36: train_loss=1.0967371463775635, train_AUC=0.9695049083208003, train_AP=0.9635473759826425, time=0.30237579345703125
INFO - 11/05/25 18:28:09 - 0:10:28 - Epoch 36: val_AUC=0.9350430981115354, val_AP=0.9267649400414738
INFO - 11/05/25 18:28:10 - 0:10:28 - Epoch 37: train_loss=1.0869114398956299, train_AUC=0.9706987515484673, train_AP=0.9650750083772245, time=0.29915952682495117
INFO - 11/05/25 18:28:10 - 0:10:28 - Epoch 37: val_AUC=0.9363005675820093, val_AP=0.9279257180825372
INFO - 11/05/25 18:28:10 - 0:10:29 - Epoch 38: train_loss=1.0766749382019043, train_AUC=0.9719706646846953, train_AP=0.9664755355435696, time=0.30030155181884766
INFO - 11/05/25 18:28:10 - 0:10:29 - Epoch 38: val_AUC=0.937574939071277, val_AP=0.9289357233863409
INFO - 11/05/25 18:28:10 - 0:10:29 - Epoch 39: train_loss=1.0686801671981812, train_AUC=0.9725957040582416, train_AP=0.967065969836011, time=0.3017854690551758
INFO - 11/05/25 18:28:11 - 0:10:29 - Epoch 39: val_AUC=0.9385845801457076, val_AP=0.9298599717526228
INFO - 11/05/25 18:28:11 - 0:10:29 - Epoch 40: train_loss=1.0574129819869995, train_AUC=0.9739379136631697, train_AP=0.9685376382168515, time=0.30053138732910156
INFO - 11/05/25 18:28:11 - 0:10:29 - Epoch 40: val_AUC=0.9395219294530099, val_AP=0.9307151995638078
INFO - 11/05/25 18:28:11 - 0:10:30 - Epoch 41: train_loss=1.0489482879638672, train_AUC=0.9748694076545341, train_AP=0.9695537528825202, time=0.29929471015930176
INFO - 11/05/25 18:28:11 - 0:10:30 - Epoch 41: val_AUC=0.9404081654263707, val_AP=0.9315605782230986
INFO - 11/05/25 18:28:12 - 0:10:30 - Epoch 42: train_loss=1.0415263175964355, train_AUC=0.9755048321619775, train_AP=0.9700881095842657, time=0.3002619743347168
INFO - 11/05/25 18:28:12 - 0:10:30 - Epoch 42: val_AUC=0.9412848303770411, val_AP=0.9324106815089894
INFO - 11/05/25 18:28:12 - 0:10:31 - Epoch 43: train_loss=1.0349678993225098, train_AUC=0.976535792614948, train_AP=0.971756889512622, time=0.30361247062683105
INFO - 11/05/25 18:28:12 - 0:10:31 - Epoch 43: val_AUC=0.9422537436953434, val_AP=0.933409750879673
INFO - 11/05/25 18:28:12 - 0:10:31 - Epoch 44: train_loss=1.0279122591018677, train_AUC=0.9767836499345941, train_AP=0.9713719841775516, time=0.29912281036376953
INFO - 11/05/25 18:28:13 - 0:10:31 - Epoch 44: val_AUC=0.942953242906854, val_AP=0.9340418067787284
INFO - 11/05/25 18:28:13 - 0:10:31 - Epoch 45: train_loss=1.0207700729370117, train_AUC=0.9773355560631339, train_AP=0.9720465417705543, time=0.30021047592163086
INFO - 11/05/25 18:28:13 - 0:10:32 - Epoch 45: val_AUC=0.9436468365937258, val_AP=0.9347043266776193
INFO - 11/05/25 18:28:13 - 0:10:32 - Epoch 46: train_loss=1.0125904083251953, train_AUC=0.9785722133552567, train_AP=0.9734021828100423, time=0.30077028274536133
INFO - 11/05/25 18:28:13 - 0:10:32 - Epoch 46: val_AUC=0.9442479782741857, val_AP=0.9352292906448337
INFO - 11/05/25 18:28:14 - 0:10:32 - Epoch 47: train_loss=1.006894588470459, train_AUC=0.979078774564711, train_AP=0.9742904390880516, time=0.30034732818603516
INFO - 11/05/25 18:28:14 - 0:10:32 - Epoch 47: val_AUC=0.9447694971914141, val_AP=0.9356242287120359
INFO - 11/05/25 18:28:14 - 0:10:33 - Epoch 48: train_loss=1.0009400844573975, train_AUC=0.9790672314371335, train_AP=0.973888169469016, time=0.3018031120300293
INFO - 11/05/25 18:28:14 - 0:10:33 - Epoch 48: val_AUC=0.9452240189498105, val_AP=0.936011919379516
INFO - 11/05/25 18:28:15 - 0:10:33 - Epoch 49: train_loss=0.9927195310592651, train_AUC=0.9801758345298176, train_AP=0.9757171541214106, time=0.3056046962738037
INFO - 11/05/25 18:28:15 - 0:10:33 - Epoch 49: val_AUC=0.9457571452775352, val_AP=0.9364279030461753
INFO - 11/05/25 18:28:15 - 0:10:33 - Epoch 50: train_loss=0.9870298504829407, train_AUC=0.9807477613564015, train_AP=0.9764274358442658, time=0.30516886711120605
INFO - 11/05/25 18:28:15 - 0:10:34 - Epoch 50: val_AUC=0.9463108391221051, val_AP=0.9368936628483644
INFO - 11/05/25 18:28:15 - 0:10:34 - Epoch 51: train_loss=0.9831898212432861, train_AUC=0.9804732930777933, train_AP=0.9755177356520823, time=0.30208921432495117
INFO - 11/05/25 18:28:15 - 0:10:34 - Epoch 51: val_AUC=0.9468140305490753, val_AP=0.9373585943705127
INFO - 11/05/25 18:28:16 - 0:10:34 - Epoch 52: train_loss=0.9788766503334045, train_AUC=0.9808754930788167, train_AP=0.9759440844106826, time=0.3033459186553955
INFO - 11/05/25 18:28:16 - 0:10:34 - Epoch 52: val_AUC=0.9472844361323618, val_AP=0.9378297207815179
INFO - 11/05/25 18:28:16 - 0:10:35 - Epoch 53: train_loss=0.971565842628479, train_AUC=0.9817629098679798, train_AP=0.9769381159036248, time=0.3004422187805176
INFO - 11/05/25 18:28:16 - 0:10:35 - Epoch 53: val_AUC=0.947765430932242, val_AP=0.9383313685329003
INFO - 11/05/25 18:28:17 - 0:10:35 - Epoch 54: train_loss=0.9684045910835266, train_AUC=0.98181576210853, train_AP=0.9770794411791351, time=0.2990541458129883
INFO - 11/05/25 18:28:17 - 0:10:35 - Epoch 54: val_AUC=0.9481294352526425, val_AP=0.9386945586471166
INFO - 11/05/25 18:28:17 - 0:10:35 - Epoch 55: train_loss=0.9628183245658875, train_AUC=0.9824496147386198, train_AP=0.9778797517635534, time=0.30518221855163574
INFO - 11/05/25 18:28:17 - 0:10:36 - Epoch 55: val_AUC=0.9484820358013266, val_AP=0.9390906644391894
INFO - 11/05/25 18:28:17 - 0:10:36 - Epoch 56: train_loss=0.9589754343032837, train_AUC=0.9830630334914753, train_AP=0.9786576740632011, time=0.3052356243133545
INFO - 11/05/25 18:28:17 - 0:10:36 - Epoch 56: val_AUC=0.9487913631091243, val_AP=0.9394105472122537
INFO - 11/05/25 18:28:18 - 0:10:36 - Epoch 57: train_loss=0.9555929899215698, train_AUC=0.9831369525870983, train_AP=0.9791500344163765, time=0.3033614158630371
INFO - 11/05/25 18:28:18 - 0:10:36 - Epoch 57: val_AUC=0.9491215633919379, val_AP=0.9397539814831504
INFO - 11/05/25 18:28:18 - 0:10:37 - Epoch 58: train_loss=0.9488207101821899, train_AUC=0.9837793183640384, train_AP=0.9793630020828628, time=0.303830623626709
INFO - 11/05/25 18:28:18 - 0:10:37 - Epoch 58: val_AUC=0.949458280115732, val_AP=0.9401122194288172
INFO - 11/05/25 18:28:19 - 0:10:37 - Epoch 59: train_loss=0.948211133480072, train_AUC=0.9832278544746063, train_AP=0.9786989216046917, time=0.3000831604003906
INFO - 11/05/25 18:28:19 - 0:10:37 - Epoch 59: val_AUC=0.949886736110206, val_AP=0.9405430622407663
INFO - 11/05/25 18:28:19 - 0:10:38 - Epoch 60: train_loss=0.9417260885238647, train_AUC=0.9841011536036254, train_AP=0.9797489743653789, time=0.30208611488342285
INFO - 11/05/25 18:28:19 - 0:10:38 - Epoch 60: val_AUC=0.950224369208513, val_AP=0.9409447055734536
INFO - 11/05/25 18:28:19 - 0:10:38 - Epoch 61: train_loss=0.938649594783783, train_AUC=0.9843679866971321, train_AP=0.9802435890078369, time=0.3062756061553955
INFO - 11/05/25 18:28:20 - 0:10:38 - Epoch 61: val_AUC=0.9505899008197682, val_AP=0.9413706283274279
INFO - 11/05/25 18:28:20 - 0:10:38 - Epoch 62: train_loss=0.932297945022583, train_AUC=0.9849817825244317, train_AP=0.9807789160781396, time=0.3028104305267334
INFO - 11/05/25 18:28:20 - 0:10:38 - Epoch 62: val_AUC=0.950917351979043, val_AP=0.941775807035212
INFO - 11/05/25 18:28:20 - 0:10:39 - Epoch 63: train_loss=0.9309061765670776, train_AUC=0.9849596288284458, train_AP=0.9807454039403876, time=0.3024320602416992
INFO - 11/05/25 18:28:20 - 0:10:39 - Epoch 63: val_AUC=0.9512431740280728, val_AP=0.9421514074380871
INFO - 11/05/25 18:28:21 - 0:10:39 - Epoch 64: train_loss=0.9250615835189819, train_AUC=0.9853589381602251, train_AP=0.9812796332495389, time=0.3030078411102295
INFO - 11/05/25 18:28:21 - 0:10:39 - Epoch 64: val_AUC=0.9515620723585607, val_AP=0.9425492583606425
INFO - 11/05/25 18:28:21 - 0:10:40 - Epoch 65: train_loss=0.9213063716888428, train_AUC=0.9859536860041723, train_AP=0.9821966770775421, time=0.3028078079223633
INFO - 11/05/25 18:28:21 - 0:10:40 - Epoch 65: val_AUC=0.951859588617081, val_AP=0.9429542720627548
INFO - 11/05/25 18:28:21 - 0:10:40 - Epoch 66: train_loss=0.9173935651779175, train_AUC=0.9859277622682278, train_AP=0.9818529704491888, time=0.3011038303375244
INFO - 11/05/25 18:28:22 - 0:10:40 - Epoch 66: val_AUC=0.9521312427504594, val_AP=0.9433088902558221
INFO - 11/05/25 18:28:22 - 0:10:40 - Epoch 67: train_loss=0.9136497378349304, train_AUC=0.986292988191481, train_AP=0.9824847567443719, time=0.3056337833404541
INFO - 11/05/25 18:28:22 - 0:10:40 - Epoch 67: val_AUC=0.9523609472950254, val_AP=0.9436551533184314
INFO - 11/05/25 18:28:22 - 0:10:41 - Epoch 68: train_loss=0.9116201400756836, train_AUC=0.9865427678686974, train_AP=0.9828092353967803, time=0.3079524040222168
INFO - 11/05/25 18:28:22 - 0:10:41 - Epoch 68: val_AUC=0.9525468695017529, val_AP=0.9439333754499278
INFO - 11/05/25 18:28:23 - 0:10:41 - Epoch 69: train_loss=0.9064162969589233, train_AUC=0.9870729399969077, train_AP=0.9834798026287601, time=0.3025085926055908
INFO - 11/05/25 18:28:23 - 0:10:41 - Epoch 69: val_AUC=0.9527191479101774, val_AP=0.944209946689905
INFO - 11/05/25 18:28:23 - 0:10:42 - Epoch 70: train_loss=0.906676173210144, train_AUC=0.9865419295341088, train_AP=0.9824655434074486, time=0.3020453453063965
INFO - 11/05/25 18:28:23 - 0:10:42 - Epoch 70: val_AUC=0.9528800225468859, val_AP=0.944427266659306
INFO - 11/05/25 18:28:24 - 0:10:42 - Epoch 71: train_loss=0.9009943008422852, train_AUC=0.987175064824539, train_AP=0.9834852661740324, time=0.29966259002685547
INFO - 11/05/25 18:28:24 - 0:10:42 - Epoch 71: val_AUC=0.9530213478606525, val_AP=0.9446457201807017
INFO - 11/05/25 18:28:24 - 0:10:42 - Epoch 72: train_loss=0.8979506492614746, train_AUC=0.9874712320554552, train_AP=0.9838235717623783, time=0.29966044425964355
INFO - 11/05/25 18:28:24 - 0:10:43 - Epoch 72: val_AUC=0.9531617567999062, val_AP=0.944905386324355
INFO - 11/05/25 18:28:24 - 0:10:43 - Epoch 73: train_loss=0.8944857120513916, train_AUC=0.9874954630952377, train_AP=0.9838893462972507, time=0.30172133445739746
INFO - 11/05/25 18:28:24 - 0:10:43 - Epoch 73: val_AUC=0.9532779327242633, val_AP=0.9451275044558194
INFO - 11/05/25 18:28:25 - 0:10:43 - Epoch 74: train_loss=0.8906388282775879, train_AUC=0.9879604476643582, train_AP=0.9842462297299568, time=0.30206823348999023
INFO - 11/05/25 18:28:25 - 0:10:43 - Epoch 74: val_AUC=0.9534025596580172, val_AP=0.9453896239216545
INFO - 11/05/25 18:28:25 - 0:10:44 - Epoch 75: train_loss=0.8882263898849487, train_AUC=0.9878977816255002, train_AP=0.9843306790697846, time=0.3004639148712158
INFO - 11/05/25 18:28:25 - 0:10:44 - Epoch 75: val_AUC=0.9535068227137067, val_AP=0.9456080105248911
INFO - 11/05/25 18:28:26 - 0:10:44 - Epoch 76: train_loss=0.8848429918289185, train_AUC=0.9880682034233899, train_AP=0.9843223475112615, time=0.29951047897338867
INFO - 11/05/25 18:28:26 - 0:10:44 - Epoch 76: val_AUC=0.9536098639367121, val_AP=0.9458358501473465
INFO - 11/05/25 18:28:26 - 0:10:44 - Epoch 77: train_loss=0.8810121417045593, train_AUC=0.9886690612470737, train_AP=0.9855254234024011, time=0.3018636703491211
INFO - 11/05/25 18:28:26 - 0:10:45 - Epoch 77: val_AUC=0.9537078141902019, val_AP=0.9460494530092983
INFO - 11/05/25 18:28:26 - 0:10:45 - Epoch 78: train_loss=0.8782850503921509, train_AUC=0.9888289913580356, train_AP=0.9859504903849553, time=0.30480074882507324
INFO - 11/05/25 18:28:26 - 0:10:45 - Epoch 78: val_AUC=0.9538122808846718, val_AP=0.9463162315269469
INFO - 11/05/25 18:28:27 - 0:10:45 - Epoch 79: train_loss=0.8729828596115112, train_AUC=0.9892443789257237, train_AP=0.9863206066563891, time=0.3001234531402588
INFO - 11/05/25 18:28:27 - 0:10:45 - Epoch 79: val_AUC=0.953866652439104, val_AP=0.9465063143871891
INFO - 11/05/25 18:28:27 - 0:10:46 - Epoch 80: train_loss=0.8702093362808228, train_AUC=0.9890185942865359, train_AP=0.9858712067753937, time=0.30071043968200684
INFO - 11/05/25 18:28:27 - 0:10:46 - Epoch 80: val_AUC=0.9539342605142775, val_AP=0.9467017823678701
INFO - 11/05/25 18:28:28 - 0:10:46 - Epoch 81: train_loss=0.8660864233970642, train_AUC=0.9892282383430829, train_AP=0.9861393409295969, time=0.3001582622528076
INFO - 11/05/25 18:28:28 - 0:10:46 - Epoch 81: val_AUC=0.9539637881374708, val_AP=0.9468233792679407
INFO - 11/05/25 18:28:28 - 0:10:47 - Epoch 82: train_loss=0.8617653846740723, train_AUC=0.9899087805738934, train_AP=0.9871904419185981, time=0.3034684658050537
INFO - 11/05/25 18:28:28 - 0:10:47 - Epoch 82: val_AUC=0.9539206167159746, val_AP=0.9468051057876196
INFO - 11/05/25 18:28:28 - 0:10:47 - Epoch 83: train_loss=0.859224259853363, train_AUC=0.9897448896842419, train_AP=0.9870564076938972, time=0.30281734466552734
INFO - 11/05/25 18:28:28 - 0:10:47 - Epoch 83: val_AUC=0.9538454740059169, val_AP=0.9467252453933094
INFO - 11/05/25 18:28:29 - 0:10:47 - Epoch 84: train_loss=0.8553187847137451, train_AUC=0.9900584678564934, train_AP=0.9873405914083279, time=0.3035013675689697
INFO - 11/05/25 18:28:29 - 0:10:47 - Epoch 84: val_AUC=0.9537972116149043, val_AP=0.9466562404078722
INFO - 11/05/25 18:28:29 - 0:10:48 - Epoch 85: train_loss=0.8520902395248413, train_AUC=0.9900457676158388, train_AP=0.9869808735553792, time=0.3120999336242676
INFO - 11/05/25 18:28:29 - 0:10:48 - Epoch 85: val_AUC=0.9538251101278525, val_AP=0.9467571198326048
INFO - 11/05/25 18:28:30 - 0:10:48 - Epoch 86: train_loss=0.8499832153320312, train_AUC=0.9898489277111664, train_AP=0.9867869861528688, time=0.3642106056213379
INFO - 11/05/25 18:28:30 - 0:10:48 - Epoch 86: val_AUC=0.9539493297840451, val_AP=0.9469996770165124
INFO - 11/05/25 18:28:30 - 0:10:49 - Epoch 87: train_loss=0.8470323085784912, train_AUC=0.9902126840831997, train_AP=0.9873604006590293, time=0.3731858730316162
INFO - 11/05/25 18:28:30 - 0:10:49 - Epoch 87: val_AUC=0.9541228300251534, val_AP=0.9473246052618101
INFO - 11/05/25 18:28:31 - 0:10:49 - Epoch 88: train_loss=0.8448120355606079, train_AUC=0.9903579894824881, train_AP=0.9876197573341259, time=0.3586287498474121
INFO - 11/05/25 18:28:31 - 0:10:49 - Epoch 88: val_AUC=0.9543527382085, val_AP=0.9477365685919894
INFO - 11/05/25 18:28:31 - 0:10:50 - Epoch 89: train_loss=0.8437565565109253, train_AUC=0.990236840095559, train_AP=0.9874667441385055, time=0.36946868896484375
INFO - 11/05/25 18:28:31 - 0:10:50 - Epoch 89: val_AUC=0.9545616715974403, val_AP=0.9481620103192565
INFO - 11/05/25 18:28:32 - 0:10:50 - Epoch 90: train_loss=0.8391008973121643, train_AUC=0.9907640676615873, train_AP=0.9878540427134468, time=0.35966992378234863
INFO - 11/05/25 18:28:32 - 0:10:50 - Epoch 90: val_AUC=0.9548091945353127, val_AP=0.9486948073153483
INFO - 11/05/25 18:28:32 - 0:10:51 - Epoch 91: train_loss=0.8361644744873047, train_AUC=0.99092016820379, train_AP=0.9881917658998071, time=0.36142969131469727
INFO - 11/05/25 18:28:32 - 0:10:51 - Epoch 91: val_AUC=0.9550436845912237, val_AP=0.9491417327012721
INFO - 11/05/25 18:28:33 - 0:10:51 - Epoch 92: train_loss=0.8332658410072327, train_AUC=0.991252697845244, train_AP=0.9886794719895254, time=0.3640918731689453
INFO - 11/05/25 18:28:33 - 0:10:51 - Epoch 92: val_AUC=0.955246305177964, val_AP=0.9494970088789721
INFO - 11/05/25 18:28:33 - 0:10:52 - Epoch 93: train_loss=0.8314065933227539, train_AUC=0.9911757019207843, train_AP=0.9884535935078006, time=0.34305834770202637
INFO - 11/05/25 18:28:33 - 0:10:52 - Epoch 93: val_AUC=0.9554589040649559, val_AP=0.9498451953313245
INFO - 11/05/25 18:28:34 - 0:10:52 - Epoch 94: train_loss=0.8276067972183228, train_AUC=0.9915031089152124, train_AP=0.9889193606942883, time=0.36348438262939453
INFO - 11/05/25 18:28:34 - 0:10:52 - Epoch 94: val_AUC=0.9556218150894709, val_AP=0.9501052551144594
INFO - 11/05/25 18:28:34 - 0:10:53 - Epoch 95: train_loss=0.8260905742645264, train_AUC=0.9915682952414573, train_AP=0.9890616584238897, time=0.3634920120239258
INFO - 11/05/25 18:28:34 - 0:10:53 - Epoch 95: val_AUC=0.9557940934978952, val_AP=0.950403468580389
INFO - 11/05/25 18:28:35 - 0:10:53 - Epoch 96: train_loss=0.8255060315132141, train_AUC=0.9916512863149495, train_AP=0.9891415792378409, time=0.3779590129852295
INFO - 11/05/25 18:28:35 - 0:10:53 - Epoch 96: val_AUC=0.9559282914543392, val_AP=0.9506697676988686
INFO - 11/05/25 18:28:35 - 0:10:54 - Epoch 97: train_loss=0.8197348117828369, train_AUC=0.9920870667237459, train_AP=0.9895058706211305, time=0.3731729984283447
INFO - 11/05/25 18:28:35 - 0:10:54 - Epoch 97: val_AUC=0.9560773550417704, val_AP=0.9509716730398391
INFO - 11/05/25 18:28:35 - 0:10:54 - Epoch 98: train_loss=0.8186042308807373, train_AUC=0.9922823738498626, train_AP=0.9900765316546318, time=0.3517906665802002
INFO - 11/05/25 18:28:36 - 0:10:54 - Epoch 98: val_AUC=0.9562290659333499, val_AP=0.9512648343669429
INFO - 11/05/25 18:28:36 - 0:10:54 - Epoch 99: train_loss=0.8179713487625122, train_AUC=0.9921807176794457, train_AP=0.989843146066651, time=0.3578195571899414
INFO - 11/05/25 18:28:36 - 0:10:55 - Epoch 99: val_AUC=0.9563632638897939, val_AP=0.9515577353546122
INFO - 11/05/25 18:28:36 - 0:10:55 - Epoch 100: train_loss=0.813261866569519, train_AUC=0.992494476375427, train_AP=0.9901187268983476, time=0.3759641647338867
INFO - 11/05/25 18:28:37 - 0:10:55 - Epoch 100: val_AUC=0.9565117165608831, val_AP=0.9519578965928878
INFO - 11/05/25 18:28:37 - 0:10:55 - Epoch 101: train_loss=0.8135849237442017, train_AUC=0.9922969258236822, train_AP=0.9899151531316089, time=0.371288537979126
INFO - 11/05/25 18:28:37 - 0:10:56 - Epoch 101: val_AUC=0.9565913393241148, val_AP=0.9522743940876421
INFO - 11/05/25 18:28:37 - 0:10:56 - Epoch 102: train_loss=0.8112552165985107, train_AUC=0.9924516933082167, train_AP=0.9900848063160003, time=0.40578126907348633
INFO - 11/05/25 18:28:38 - 0:10:56 - Epoch 102: val_AUC=0.9566145541451081, val_AP=0.9524377550057936
INFO - 11/05/25 18:28:38 - 0:10:56 - Epoch 103: train_loss=0.8089237213134766, train_AUC=0.9924621187737567, train_AP=0.9901063424480661, time=0.37235307693481445
INFO - 11/05/25 18:28:38 - 0:10:57 - Epoch 103: val_AUC=0.9566583364829465, val_AP=0.9526662675607385
INFO - 11/05/25 18:28:38 - 0:10:57 - Epoch 104: train_loss=0.8083190321922302, train_AUC=0.9922463830540269, train_AP=0.9897159823158641, time=0.3645899295806885
INFO - 11/05/25 18:28:39 - 0:10:57 - Epoch 104: val_AUC=0.9566169978104757, val_AP=0.9526493818599887
INFO - 11/05/25 18:28:39 - 0:10:57 - Epoch 105: train_loss=0.804389238357544, train_AUC=0.9928774966548055, train_AP=0.9907516753757007, time=0.3538243770599365
INFO - 11/05/25 18:28:39 - 0:10:58 - Epoch 105: val_AUC=0.9565267858306506, val_AP=0.9526186770271937
INFO - 11/05/25 18:28:39 - 0:10:58 - Epoch 106: train_loss=0.8019331693649292, train_AUC=0.9931219992271315, train_AP=0.9910509698432108, time=0.37418699264526367
INFO - 11/05/25 18:28:40 - 0:10:58 - Epoch 106: val_AUC=0.95647913435598, val_AP=0.9526008937430563
INFO - 11/05/25 18:28:40 - 0:10:58 - Epoch 107: train_loss=0.80311518907547, train_AUC=0.992713858146134, train_AP=0.9903776460379297, time=0.361926794052124
INFO - 11/05/25 18:28:40 - 0:10:59 - Epoch 107: val_AUC=0.956493999986967, val_AP=0.9527119444193025
INFO - 11/05/25 18:28:40 - 0:10:59 - Epoch 108: train_loss=0.8012481927871704, train_AUC=0.9931157312671163, train_AP=0.9911140143724295, time=0.3554232120513916
INFO - 11/05/25 18:28:40 - 0:10:59 - Epoch 108: val_AUC=0.9566005030692437, val_AP=0.9529454489256485
INFO - 11/05/25 18:28:41 - 0:10:59 - Epoch 109: train_loss=0.8000187873840332, train_AUC=0.9930998080174341, train_AP=0.9910205385776814, time=0.3506348133087158
INFO - 11/05/25 18:28:41 - 0:10:59 - Epoch 109: val_AUC=0.9567424392993523, val_AP=0.9532178981171555
INFO - 11/05/25 18:28:41 - 0:11:00 - Epoch 110: train_loss=0.7992876768112183, train_AUC=0.9926483190501033, train_AP=0.9903142683801981, time=0.3485257625579834
INFO - 11/05/25 18:28:41 - 0:11:00 - Epoch 110: val_AUC=0.9568454805223578, val_AP=0.9534251913718932
INFO - 11/05/25 18:28:42 - 0:11:00 - Epoch 111: train_loss=0.7961056232452393, train_AUC=0.9933450620968378, train_AP=0.9913121935127911, time=0.3460071086883545
INFO - 11/05/25 18:28:42 - 0:11:00 - Epoch 111: val_AUC=0.9569621655436666, val_AP=0.953651247467144
INFO - 11/05/25 18:28:42 - 0:11:01 - Epoch 112: train_loss=0.795728325843811, train_AUC=0.9933531090521639, train_AP=0.9912711430124043, time=0.3393092155456543
INFO - 11/05/25 18:28:42 - 0:11:01 - Epoch 112: val_AUC=0.9570045224100406, val_AP=0.953763499778265
INFO - 11/05/25 18:28:43 - 0:11:01 - Epoch 113: train_loss=0.7923324108123779, train_AUC=0.9936235638919898, train_AP=0.9916571781867898, time=0.33968281745910645
INFO - 11/05/25 18:28:43 - 0:11:01 - Epoch 113: val_AUC=0.9570527848010532, val_AP=0.9538711258631212
INFO - 11/05/25 18:28:43 - 0:11:02 - Epoch 114: train_loss=0.7911227941513062, train_AUC=0.9935228374628108, train_AP=0.9915338641562714, time=0.34340810775756836
INFO - 11/05/25 18:28:43 - 0:11:02 - Epoch 114: val_AUC=0.9570509520520274, val_AP=0.9539045024203222
INFO - 11/05/25 18:28:44 - 0:11:02 - Epoch 115: train_loss=0.791347861289978, train_AUC=0.9934276366448465, train_AP=0.9915213865710171, time=0.34246158599853516
INFO - 11/05/25 18:28:44 - 0:11:02 - Epoch 115: val_AUC=0.9570269226759113, val_AP=0.9538647766775012
INFO - 11/05/25 18:28:44 - 0:11:03 - Epoch 116: train_loss=0.7882424592971802, train_AUC=0.9937374796490405, train_AP=0.9919013065155878, time=0.34006834030151367
INFO - 11/05/25 18:28:44 - 0:11:03 - Epoch 116: val_AUC=0.9569905731535665, val_AP=0.9538324439006045
INFO - 11/05/25 18:28:44 - 0:11:03 - Epoch 117: train_loss=0.7840958833694458, train_AUC=0.9941353937525401, train_AP=0.9924781237453676, time=0.34118103981018066
INFO - 11/05/25 18:28:45 - 0:11:03 - Epoch 117: val_AUC=0.9569228632590024, val_AP=0.9538023191222431
INFO - 11/05/25 18:28:45 - 0:11:03 - Epoch 118: train_loss=0.784823477268219, train_AUC=0.9941144461311894, train_AP=0.9923455370860789, time=0.34084010124206543
INFO - 11/05/25 18:28:45 - 0:11:04 - Epoch 118: val_AUC=0.956899648438009, val_AP=0.9538268385842309
INFO - 11/05/25 18:28:45 - 0:11:04 - Epoch 119: train_loss=0.7847049236297607, train_AUC=0.9936539352042715, train_AP=0.9915579088729805, time=0.33991122245788574
INFO - 11/05/25 18:28:45 - 0:11:04 - Epoch 119: val_AUC=0.9569112558485057, val_AP=0.9539374016370534
INFO - 11/05/25 18:28:46 - 0:11:04 - Epoch 120: train_loss=0.7816572189331055, train_AUC=0.9941401680327979, train_AP=0.9923452622684908, time=0.34664058685302734
INFO - 11/05/25 18:28:46 - 0:11:04 - Epoch 120: val_AUC=0.9569238814529056, val_AP=0.9540582583036273
INFO - 11/05/25 18:28:46 - 0:11:05 - Epoch 121: train_loss=0.7807316184043884, train_AUC=0.993905345054797, train_AP=0.9919422261972131, time=0.34380269050598145
INFO - 11/05/25 18:28:46 - 0:11:05 - Epoch 121: val_AUC=0.956929379699983, val_AP=0.9542014244873069
INFO - 11/05/25 18:28:47 - 0:11:05 - Epoch 122: train_loss=0.7792508602142334, train_AUC=0.9943517659725226, train_AP=0.9925866665058218, time=0.33808326721191406
INFO - 11/05/25 18:28:47 - 0:11:05 - Epoch 122: val_AUC=0.9569308051714476, val_AP=0.9543115361096663
INFO - 11/05/25 18:28:47 - 0:11:06 - Epoch 123: train_loss=0.7779443264007568, train_AUC=0.9941252646981583, train_AP=0.992231271406983, time=0.3505215644836426
INFO - 11/05/25 18:28:47 - 0:11:06 - Epoch 123: val_AUC=0.9569318233653507, val_AP=0.9543886481787027
INFO - 11/05/25 18:28:48 - 0:11:06 - Epoch 124: train_loss=0.7765451669692993, train_AUC=0.9941792770458376, train_AP=0.992384591077405, time=0.3431565761566162
INFO - 11/05/25 18:28:48 - 0:11:06 - Epoch 124: val_AUC=0.9569248996468089, val_AP=0.9544111746015674
INFO - 11/05/25 18:28:48 - 0:11:07 - Epoch 125: train_loss=0.7745875120162964, train_AUC=0.9942522553046177, train_AP=0.9922787411066433, time=0.34160280227661133
INFO - 11/05/25 18:28:48 - 0:11:07 - Epoch 125: val_AUC=0.9568834591549478, val_AP=0.9543711065855922
INFO - 11/05/25 18:28:49 - 0:11:07 - Epoch 126: train_loss=0.77301025390625, train_AUC=0.9946306235315124, train_AP=0.9929114053274565, time=0.3442668914794922
INFO - 11/05/25 18:28:49 - 0:11:07 - Epoch 126: val_AUC=0.9568377422486934, val_AP=0.9543329153666824
INFO - 11/05/25 18:28:49 - 0:11:08 - Epoch 127: train_loss=0.7710966467857361, train_AUC=0.9945444892316753, train_AP=0.992613150015915, time=0.3403606414794922
INFO - 11/05/25 18:28:49 - 0:11:08 - Epoch 127: val_AUC=0.9567723742001069, val_AP=0.95430587344933
INFO - 11/05/25 18:28:49 - 0:11:08 - Epoch 128: train_loss=0.769112765789032, train_AUC=0.9948354311371905, train_AP=0.9932575935988072, time=0.30067896842956543
INFO - 11/05/25 18:28:50 - 0:11:08 - Epoch 128: val_AUC=0.9567281845847071, val_AP=0.9543230664393982
INFO - 11/05/25 18:28:50 - 0:11:08 - Epoch 129: train_loss=0.7678022384643555, train_AUC=0.9947563982005773, train_AP=0.993026490214219, time=0.29964113235473633
INFO - 11/05/25 18:28:50 - 0:11:08 - Epoch 129: val_AUC=0.9566693329771012, val_AP=0.9543183758760597
INFO - 11/05/25 18:28:50 - 0:11:09 - Epoch 130: train_loss=0.7655322551727295, train_AUC=0.9948660729708857, train_AP=0.9932738784300672, time=0.30208277702331543
INFO - 11/05/25 18:28:50 - 0:11:09 - Epoch 130: val_AUC=0.9566070195102244, val_AP=0.9543408784617103
INFO - 11/05/25 18:28:51 - 0:11:09 - Epoch 131: train_loss=0.7641584873199463, train_AUC=0.9949378196175276, train_AP=0.9931832070027129, time=0.3004639148712158
INFO - 11/05/25 18:28:51 - 0:11:09 - Epoch 131: val_AUC=0.9565406332677346, val_AP=0.954376871361549
INFO - 11/05/25 18:28:51 - 0:11:10 - Epoch 132: train_loss=0.764048159122467, train_AUC=0.9950130307346929, train_AP=0.9935166555279534, time=0.3012969493865967
INFO - 11/05/25 18:28:51 - 0:11:10 - Epoch 132: val_AUC=0.9565025528157541, val_AP=0.9543886756252271
INFO - 11/05/25 18:28:51 - 0:11:10 - Epoch 133: train_loss=0.7625577449798584, train_AUC=0.9951651576413941, train_AP=0.9935476333615004, time=0.2973003387451172
INFO - 11/05/25 18:28:52 - 0:11:10 - Epoch 133: val_AUC=0.9564428866530257, val_AP=0.954335652092919
INFO - 11/05/25 18:28:52 - 0:11:10 - Epoch 134: train_loss=0.7608753442764282, train_AUC=0.9949555810390797, train_AP=0.9932141577307719, time=0.2993133068084717
INFO - 11/05/25 18:28:52 - 0:11:10 - Epoch 134: val_AUC=0.9563777222432196, val_AP=0.9542934135089868
INFO - 11/05/25 18:28:52 - 0:11:11 - Epoch 135: train_loss=0.7606297731399536, train_AUC=0.9952439542240121, train_AP=0.9935181002644646, time=0.30006885528564453
INFO - 11/05/25 18:28:52 - 0:11:11 - Epoch 135: val_AUC=0.9563115396395105, val_AP=0.9542818133740563
INFO - 11/05/25 18:28:53 - 0:11:11 - Epoch 136: train_loss=0.7584025859832764, train_AUC=0.9953009477669815, train_AP=0.9937058984748208, time=0.30544185638427734
INFO - 11/05/25 18:28:53 - 0:11:11 - Epoch 136: val_AUC=0.9562425060928724, val_AP=0.9542754047971499
INFO - 11/05/25 18:28:53 - 0:11:12 - Epoch 137: train_loss=0.7579504251480103, train_AUC=0.9949891348526252, train_AP=0.9933817459066191, time=0.3012571334838867
INFO - 11/05/25 18:28:53 - 0:11:12 - Epoch 137: val_AUC=0.9561930218691759, val_AP=0.9542861793702155
INFO - 11/05/25 18:28:53 - 0:11:12 - Epoch 138: train_loss=0.7559836506843567, train_AUC=0.9953857549972548, train_AP=0.9939607342583225, time=0.3006784915924072
INFO - 11/05/25 18:28:53 - 0:11:12 - Epoch 138: val_AUC=0.9561402794249892, val_AP=0.9542783290962167
INFO - 11/05/25 18:28:54 - 0:11:12 - Epoch 139: train_loss=0.754765510559082, train_AUC=0.9952264731866333, train_AP=0.9934342534076598, time=0.30077338218688965
INFO - 11/05/25 18:28:54 - 0:11:12 - Epoch 139: val_AUC=0.9560991443912992, val_AP=0.954302335106821
INFO - 11/05/25 18:28:54 - 0:11:13 - Epoch 140: train_loss=0.7523708343505859, train_AUC=0.9957229705063692, train_AP=0.9941636161206457, time=0.3020658493041992
INFO - 11/05/25 18:28:54 - 0:11:13 - Epoch 140: val_AUC=0.9560543438595577, val_AP=0.9542950229828214
INFO - 11/05/25 18:28:55 - 0:11:13 - Epoch 141: train_loss=0.7512286901473999, train_AUC=0.9956053609696282, train_AP=0.9940355741420626, time=0.3048279285430908
INFO - 11/05/25 18:28:55 - 0:11:13 - Epoch 141: val_AUC=0.9560195216280676, val_AP=0.9542903749637454
INFO - 11/05/25 18:28:55 - 0:11:14 - Epoch 142: train_loss=0.751872718334198, train_AUC=0.995562656628376, train_AP=0.9940466934608119, time=0.3028717041015625
INFO - 11/05/25 18:28:55 - 0:11:14 - Epoch 142: val_AUC=0.9559737029024229, val_AP=0.9542844652156857
INFO - 11/05/25 18:28:55 - 0:11:14 - Epoch 143: train_loss=0.7490035891532898, train_AUC=0.9956341954525779, train_AP=0.9941440831678683, time=0.33726954460144043
INFO - 11/05/25 18:28:56 - 0:11:14 - Epoch 143: val_AUC=0.9559115930743265, val_AP=0.9542780012733036
INFO - 11/05/25 18:28:56 - 0:11:14 - Epoch 144: train_loss=0.7484073638916016, train_AUC=0.9956872128943558, train_AP=0.994236404353109, time=0.33524012565612793
INFO - 11/05/25 18:28:56 - 0:11:14 - Epoch 144: val_AUC=0.9558863418655267, val_AP=0.9543102772867339
INFO - 11/05/25 18:28:56 - 0:11:15 - Epoch 145: train_loss=0.747521698474884, train_AUC=0.9956925849283097, train_AP=0.9941998181167533, time=0.3410196304321289
INFO - 11/05/25 18:28:56 - 0:11:15 - Epoch 145: val_AUC=0.9558417449725658, val_AP=0.9543061423652532
INFO - 11/05/25 18:28:57 - 0:11:15 - Epoch 146: train_loss=0.7447783946990967, train_AUC=0.9959204344067236, train_AP=0.9946124631134983, time=0.34282851219177246
INFO - 11/05/25 18:28:57 - 0:11:15 - Epoch 146: val_AUC=0.9557850315721567, val_AP=0.9543008858881851
INFO - 11/05/25 18:28:57 - 0:11:16 - Epoch 147: train_loss=0.745061993598938, train_AUC=0.9957706470875591, train_AP=0.9940758098539211, time=0.3385336399078369
INFO - 11/05/25 18:28:57 - 0:11:16 - Epoch 147: val_AUC=0.9557452201905409, val_AP=0.9542643903668269
INFO - 11/05/25 18:28:58 - 0:11:16 - Epoch 148: train_loss=0.7433599233627319, train_AUC=0.9959484724718143, train_AP=0.9945909159760067, time=0.34023141860961914
INFO - 11/05/25 18:28:58 - 0:11:16 - Epoch 148: val_AUC=0.9556904413585476, val_AP=0.954261852617502
INFO - 11/05/25 18:28:58 - 0:11:17 - Epoch 149: train_loss=0.7436703443527222, train_AUC=0.995626255402524, train_AP=0.9940034218686297, time=0.34054040908813477
INFO - 11/05/25 18:28:58 - 0:11:17 - Epoch 149: val_AUC=0.9556352552489933, val_AP=0.954231787851349
INFO - 11/05/25 18:28:59 - 0:11:17 - Epoch 150: train_loss=0.7413499355316162, train_AUC=0.9960099113015517, train_AP=0.9947335226518311, time=0.33784937858581543
INFO - 11/05/25 18:28:59 - 0:11:17 - Epoch 150: val_AUC=0.9555918801887162, val_AP=0.954217860627684
INFO - 11/05/25 18:28:59 - 0:11:17 - Epoch 151: train_loss=0.7399797439575195, train_AUC=0.9960370411121311, train_AP=0.9947320932685829, time=0.30840182304382324
INFO - 11/05/25 18:28:59 - 0:11:18 - Epoch 151: val_AUC=0.955572534504555, val_AP=0.9542359565039961
INFO - 11/05/25 18:28:59 - 0:11:18 - Epoch 152: train_loss=0.7390646934509277, train_AUC=0.996121520229518, train_AP=0.9948826777429873, time=0.29732584953308105
INFO - 11/05/25 18:28:59 - 0:11:18 - Epoch 152: val_AUC=0.9555529851816132, val_AP=0.9542862420397238
INFO - 11/05/25 18:29:00 - 0:11:18 - Epoch 153: train_loss=0.7384835481643677, train_AUC=0.9961439610022642, train_AP=0.9947070817377617, time=0.3003575801849365
INFO - 11/05/25 18:29:00 - 0:11:18 - Epoch 153: val_AUC=0.9554888389657105, val_AP=0.9542872817485031
INFO - 11/05/25 18:29:00 - 0:11:19 - Epoch 154: train_loss=0.7361833453178406, train_AUC=0.9964204284270732, train_AP=0.9953012104079925, time=0.2964475154876709
INFO - 11/05/25 18:29:00 - 0:11:19 - Epoch 154: val_AUC=0.9553764303587954, val_AP=0.9542163503928149
INFO - 11/05/25 18:29:01 - 0:11:19 - Epoch 155: train_loss=0.7351751327514648, train_AUC=0.9963067754421248, train_AP=0.9950592113544309, time=0.29691362380981445
INFO - 11/05/25 18:29:01 - 0:11:19 - Epoch 155: val_AUC=0.9553047495080087, val_AP=0.9541825300500086
INFO - 11/05/25 18:29:01 - 0:11:19 - Epoch 156: train_loss=0.7342339754104614, train_AUC=0.9962109613718416, train_AP=0.9947041882642598, time=0.2983980178833008
INFO - 11/05/25 18:29:01 - 0:11:20 - Epoch 156: val_AUC=0.9552473233718672, val_AP=0.9541551932391945
INFO - 11/05/25 18:29:01 - 0:11:20 - Epoch 157: train_loss=0.7334462404251099, train_AUC=0.9964299854413828, train_AP=0.9951729235006409, time=0.29563283920288086
INFO - 11/05/25 18:29:01 - 0:11:20 - Epoch 157: val_AUC=0.9551701442740035, val_AP=0.9541394315921404
INFO - 11/05/25 18:29:02 - 0:11:20 - Epoch 158: train_loss=0.7304651737213135, train_AUC=0.9964523601688622, train_AP=0.9951107153243008, time=0.29494714736938477
INFO - 11/05/25 18:29:02 - 0:11:20 - Epoch 158: val_AUC=0.9551045725866361, val_AP=0.9541502585051826
INFO - 11/05/25 18:29:02 - 0:11:21 - Epoch 159: train_loss=0.7306766510009766, train_AUC=0.9965437647048818, train_AP=0.9950866070745685, time=0.29662537574768066
INFO - 11/05/25 18:29:02 - 0:11:21 - Epoch 159: val_AUC=0.9550874669290621, val_AP=0.9541919706386522
INFO - 11/05/25 18:29:02 - 0:11:21 - Epoch 160: train_loss=0.7301299571990967, train_AUC=0.996578523536338, train_AP=0.9955015506269904, time=0.2937898635864258
INFO - 11/05/25 18:29:03 - 0:11:21 - Epoch 160: val_AUC=0.955090928788333, val_AP=0.9542191196192858
INFO - 11/05/25 18:29:03 - 0:11:21 - Epoch 161: train_loss=0.7288000583648682, train_AUC=0.9966074747873197, train_AP=0.9954177541470205, time=0.29680967330932617
INFO - 11/05/25 18:29:03 - 0:11:21 - Epoch 161: val_AUC=0.9550514228648881, val_AP=0.9542403117642487
INFO - 11/05/25 18:29:03 - 0:11:22 - Epoch 162: train_loss=0.7273696660995483, train_AUC=0.9966609073456156, train_AP=0.9955817403351653, time=0.2999608516693115
INFO - 11/05/25 18:29:03 - 0:11:22 - Epoch 162: val_AUC=0.9549866657326437, val_AP=0.9542129068954591
INFO - 11/05/25 18:29:04 - 0:11:22 - Epoch 163: train_loss=0.7274224758148193, train_AUC=0.9965703230037511, train_AP=0.995084661310346, time=0.30193495750427246
INFO - 11/05/25 18:29:04 - 0:11:22 - Epoch 163: val_AUC=0.9549599890523791, val_AP=0.9542257920586733
INFO - 11/05/25 18:29:04 - 0:11:23 - Epoch 164: train_loss=0.7259645462036133, train_AUC=0.9966470885623196, train_AP=0.9954169134244358, time=0.29681897163391113
INFO - 11/05/25 18:29:04 - 0:11:23 - Epoch 164: val_AUC=0.9549288323189407, val_AP=0.9542536714718047
INFO - 11/05/25 18:29:04 - 0:11:23 - Epoch 165: train_loss=0.7251105308532715, train_AUC=0.9966293223855083, train_AP=0.9954627521953596, time=0.29364681243896484
INFO - 11/05/25 18:29:05 - 0:11:23 - Epoch 165: val_AUC=0.954829863871548, val_AP=0.954251892337626
INFO - 11/05/25 18:29:05 - 0:11:23 - Epoch 166: train_loss=0.7249817848205566, train_AUC=0.9964285438933561, train_AP=0.9950510999765544, time=0.30422544479370117
INFO - 11/05/25 18:29:05 - 0:11:23 - Epoch 166: val_AUC=0.9548070563281159, val_AP=0.9542880529902665
INFO - 11/05/25 18:29:05 - 0:11:24 - Epoch 167: train_loss=0.7236911058425903, train_AUC=0.9968190857599771, train_AP=0.9958061586645689, time=0.2938847541809082
INFO - 11/05/25 18:29:05 - 0:11:24 - Epoch 167: val_AUC=0.9548371948676512, val_AP=0.9543445652666315
INFO - 11/05/25 18:29:06 - 0:11:24 - Epoch 168: train_loss=0.7225872278213501, train_AUC=0.9967492484379727, train_AP=0.9955549064913665, time=0.29667186737060547
INFO - 11/05/25 18:29:06 - 0:11:24 - Epoch 168: val_AUC=0.9548127582139738, val_AP=0.9543398255499247
INFO - 11/05/25 18:29:06 - 0:11:25 - Epoch 169: train_loss=0.7202407121658325, train_AUC=0.9969143686501931, train_AP=0.9958596602365922, time=0.29761743545532227
INFO - 11/05/25 18:29:06 - 0:11:25 - Epoch 169: val_AUC=0.9547416882795292, val_AP=0.9543178999334256
INFO - 11/05/25 18:29:06 - 0:11:25 - Epoch 170: train_loss=0.7198549509048462, train_AUC=0.9971226535832066, train_AP=0.9961608195759101, time=0.3024864196777344
INFO - 11/05/25 18:29:07 - 0:11:25 - Epoch 170: val_AUC=0.9547131788502392, val_AP=0.9543201141172357
INFO - 11/05/25 18:29:07 - 0:11:25 - Epoch 171: train_loss=0.7184508442878723, train_AUC=0.9968461873912426, train_AP=0.9955611006632863, time=0.30347394943237305
INFO - 11/05/25 18:29:07 - 0:11:25 - Epoch 171: val_AUC=0.9546388506953043, val_AP=0.9543285570284632
INFO - 11/05/25 18:29:07 - 0:11:26 - Epoch 172: train_loss=0.7183949947357178, train_AUC=0.9971115417752524, train_AP=0.9961562211033871, time=0.3028585910797119
INFO - 11/05/25 18:29:07 - 0:11:26 - Epoch 172: val_AUC=0.9545457877725501, val_AP=0.9543000543663577
INFO - 11/05/25 18:29:08 - 0:11:26 - Epoch 173: train_loss=0.717885434627533, train_AUC=0.9970953992552838, train_AP=0.9962020804203205, time=0.2973306179046631
INFO - 11/05/25 18:29:08 - 0:11:26 - Epoch 173: val_AUC=0.954549860548163, val_AP=0.9543410307886037
INFO - 11/05/25 18:29:08 - 0:11:27 - Epoch 174: train_loss=0.7157056331634521, train_AUC=0.9970849318730144, train_AP=0.9961132332101559, time=0.2945718765258789
INFO - 11/05/25 18:29:08 - 0:11:27 - Epoch 174: val_AUC=0.9545402895254728, val_AP=0.9543486027002307
INFO - 11/05/25 18:29:08 - 0:11:27 - Epoch 175: train_loss=0.7151471376419067, train_AUC=0.9969597417485925, train_AP=0.9958075168111442, time=0.301760196685791
INFO - 11/05/25 18:29:08 - 0:11:27 - Epoch 175: val_AUC=0.9545001726856859, val_AP=0.954339635510004
INFO - 11/05/25 18:29:09 - 0:11:27 - Epoch 176: train_loss=0.714562177658081, train_AUC=0.9971696332547397, train_AP=0.9962605867296912, time=0.2947554588317871
INFO - 11/05/25 18:29:09 - 0:11:27 - Epoch 176: val_AUC=0.9544679977583442, val_AP=0.954343624195658
INFO - 11/05/25 18:29:09 - 0:11:28 - Epoch 177: train_loss=0.7120550274848938, train_AUC=0.9970516832766626, train_AP=0.9958600358890857, time=0.308042049407959
INFO - 11/05/25 18:29:09 - 0:11:28 - Epoch 177: val_AUC=0.9544470229639379, val_AP=0.9543763979434512
INFO - 11/05/25 18:29:10 - 0:11:28 - Epoch 178: train_loss=0.7120475769042969, train_AUC=0.9972198334696104, train_AP=0.9959099938426736, time=0.29509639739990234
INFO - 11/05/25 18:29:10 - 0:11:28 - Epoch 178: val_AUC=0.9544354155534414, val_AP=0.9544035212389113
INFO - 11/05/25 18:29:10 - 0:11:29 - Epoch 179: train_loss=0.711591362953186, train_AUC=0.9972299177893315, train_AP=0.9963232324920461, time=0.2995457649230957
INFO - 11/05/25 18:29:10 - 0:11:29 - Epoch 179: val_AUC=0.9543728984477836, val_AP=0.9543782743901285
INFO - 11/05/25 18:29:10 - 0:11:29 - Epoch 180: train_loss=0.7103830575942993, train_AUC=0.9974019877248429, train_AP=0.9964217788970638, time=0.30162620544433594
INFO - 11/05/25 18:29:10 - 0:11:29 - Epoch 180: val_AUC=0.954353349124842, val_AP=0.9544156552267202
INFO - 11/05/25 18:29:11 - 0:11:29 - Epoch 181: train_loss=0.7106930017471313, train_AUC=0.9973144374144821, train_AP=0.9963323761918836, time=0.29419946670532227
INFO - 11/05/25 18:29:11 - 0:11:29 - Epoch 181: val_AUC=0.9544113861773253, val_AP=0.9544610970210899
INFO - 11/05/25 18:29:11 - 0:11:30 - Epoch 182: train_loss=0.7083714008331299, train_AUC=0.9973849174009641, train_AP=0.9965823330603211, time=0.29248857498168945
INFO - 11/05/25 18:29:11 - 0:11:30 - Epoch 182: val_AUC=0.9543871531624288, val_AP=0.9544715724215879
INFO - 11/05/25 18:29:12 - 0:11:30 - Epoch 183: train_loss=0.7076213955879211, train_AUC=0.9973726150169976, train_AP=0.9963157911492256, time=0.29581451416015625
INFO - 11/05/25 18:29:12 - 0:11:30 - Epoch 183: val_AUC=0.9543920404931642, val_AP=0.9545437114201285
INFO - 11/05/25 18:29:12 - 0:11:31 - Epoch 184: train_loss=0.7084486484527588, train_AUC=0.9972223535808767, train_AP=0.9961789777020337, time=0.30185675621032715
INFO - 11/05/25 18:29:12 - 0:11:31 - Epoch 184: val_AUC=0.9543771748621773, val_AP=0.9545940918188628
INFO - 11/05/25 18:29:12 - 0:11:31 - Epoch 185: train_loss=0.7061541080474854, train_AUC=0.9973079928053928, train_AP=0.9961976567119623, time=0.29926013946533203
INFO - 11/05/25 18:29:12 - 0:11:31 - Epoch 185: val_AUC=0.9543395016877582, val_AP=0.9545827871795294
INFO - 11/05/25 18:29:13 - 0:11:31 - Epoch 186: train_loss=0.705295205116272, train_AUC=0.997504725804793, train_AP=0.9965833111786172, time=0.29695892333984375
INFO - 11/05/25 18:29:13 - 0:11:31 - Epoch 186: val_AUC=0.9543358361897066, val_AP=0.9546131107026494
INFO - 11/05/25 18:29:13 - 0:11:32 - Epoch 187: train_loss=0.7061252593994141, train_AUC=0.9972455830221708, train_AP=0.9962971804219066, time=0.29823899269104004
INFO - 11/05/25 18:29:13 - 0:11:32 - Epoch 187: val_AUC=0.9543612910372872, val_AP=0.9546486642754753
INFO - 11/05/25 18:29:14 - 0:11:32 - Epoch 188: train_loss=0.704065203666687, train_AUC=0.9974791809044999, train_AP=0.9966367006895309, time=0.31004905700683594
INFO - 11/05/25 18:29:14 - 0:11:32 - Epoch 188: val_AUC=0.954300810319436, val_AP=0.9546224656505695
INFO - 11/05/25 18:29:14 - 0:11:33 - Epoch 189: train_loss=0.704664945602417, train_AUC=0.997391290152803, train_AP=0.9963977952189668, time=0.30292296409606934
INFO - 11/05/25 18:29:14 - 0:11:33 - Epoch 189: val_AUC=0.954253973399888, val_AP=0.9545985121164042
INFO - 11/05/25 18:29:14 - 0:11:33 - Epoch 190: train_loss=0.7038226127624512, train_AUC=0.9972890548974853, train_AP=0.9961885048746566, time=0.30229997634887695
INFO - 11/05/25 18:29:15 - 0:11:33 - Epoch 190: val_AUC=0.9542490860691526, val_AP=0.9546099628162333
INFO - 11/05/25 18:29:15 - 0:11:33 - Epoch 191: train_loss=0.7023731470108032, train_AUC=0.9974916375702101, train_AP=0.9964939087532755, time=0.30493974685668945
INFO - 11/05/25 18:29:15 - 0:11:33 - Epoch 191: val_AUC=0.9541875871573983, val_AP=0.9546223514279274
INFO - 11/05/25 18:29:15 - 0:11:34 - Epoch 192: train_loss=0.7010159492492676, train_AUC=0.9974472997093552, train_AP=0.9965193587835008, time=0.3033914566040039
INFO - 11/05/25 18:29:15 - 0:11:34 - Epoch 192: val_AUC=0.9542063219252174, val_AP=0.9546474457098633
INFO - 11/05/25 18:29:16 - 0:11:34 - Epoch 193: train_loss=0.7004072666168213, train_AUC=0.9975372984498525, train_AP=0.9966730167957663, time=0.304154634475708
INFO - 11/05/25 18:29:16 - 0:11:34 - Epoch 193: val_AUC=0.9541833107430047, val_AP=0.9546127404991146
INFO - 11/05/25 18:29:16 - 0:11:35 - Epoch 194: train_loss=0.7002800703048706, train_AUC=0.9975361920595405, train_AP=0.9964292361108824, time=0.30187106132507324
INFO - 11/05/25 18:29:16 - 0:11:35 - Epoch 194: val_AUC=0.954064182056328, val_AP=0.9544911173657719
INFO - 11/05/25 18:29:16 - 0:11:35 - Epoch 195: train_loss=0.6994773149490356, train_AUC=0.9976035392107995, train_AP=0.9966396956665287, time=0.30287814140319824
INFO - 11/05/25 18:29:16 - 0:11:35 - Epoch 195: val_AUC=0.9540313962126447, val_AP=0.9545116819156838
INFO - 11/05/25 18:29:17 - 0:11:35 - Epoch 196: train_loss=0.6985135078430176, train_AUC=0.9975204752233326, train_AP=0.9966185829836965, time=0.30295276641845703
INFO - 11/05/25 18:29:17 - 0:11:35 - Epoch 196: val_AUC=0.9539939266770062, val_AP=0.9545926394456357
INFO - 11/05/25 18:29:17 - 0:11:36 - Epoch 197: train_loss=0.6972655057907104, train_AUC=0.9977942807597021, train_AP=0.9970619381115178, time=0.3028562068939209
INFO - 11/05/25 18:29:17 - 0:11:36 - Epoch 197: val_AUC=0.9539792646847998, val_AP=0.9546281592659567
INFO - 11/05/25 18:29:18 - 0:11:36 - Epoch 198: train_loss=0.6974613070487976, train_AUC=0.9976544044574782, train_AP=0.9968715349474989, time=0.2973670959472656
INFO - 11/05/25 18:29:18 - 0:11:36 - Epoch 198: val_AUC=0.953930595016226, val_AP=0.9546056840723721
INFO - 11/05/25 18:29:18 - 0:11:37 - Epoch 199: train_loss=0.6965045928955078, train_AUC=0.9974541680648773, train_AP=0.9962689063728137, time=0.29975318908691406
INFO - 11/05/25 18:29:18 - 0:11:37 - Epoch 199: val_AUC=0.9536905048938473, val_AP=0.9544007020152484
INFO - 11/05/25 18:29:18 - 0:11:37 - Epoch 200: train_loss=0.6955502033233643, train_AUC=0.9975941010779703, train_AP=0.9966179002310303, time=0.30331921577453613
INFO - 11/05/25 18:29:18 - 0:11:37 - Epoch 200: val_AUC=0.9537467091973048, val_AP=0.9544409637370895
INFO - 11/05/25 18:29:19 - 0:11:37 - Epoch 201: train_loss=0.693632185459137, train_AUC=0.9977838831212346, train_AP=0.9969342127535598, time=0.3009657859802246
INFO - 11/05/25 18:29:19 - 0:11:37 - Epoch 201: val_AUC=0.9537281780682663, val_AP=0.9544486926738621
INFO - 11/05/25 18:29:19 - 0:11:38 - Epoch 202: train_loss=0.693827748298645, train_AUC=0.9978639049756451, train_AP=0.9970493107513589, time=0.30071115493774414
INFO - 11/05/25 18:29:19 - 0:11:38 - Epoch 202: val_AUC=0.9535210774283518, val_AP=0.9543048012884983
INFO - 11/05/25 18:29:20 - 0:11:38 - Epoch 203: train_loss=0.69321608543396, train_AUC=0.9977065520390602, train_AP=0.9967381651195437, time=0.300037145614624
INFO - 11/05/25 18:29:20 - 0:11:38 - Epoch 203: val_AUC=0.953607216632564, val_AP=0.954396048538284
INFO - 11/05/25 18:29:20 - 0:11:38 - Epoch 204: train_loss=0.692047119140625, train_AUC=0.997744516091352, train_AP=0.9964466636572886, time=0.29912495613098145
INFO - 11/05/25 18:29:20 - 0:11:39 - Epoch 204: val_AUC=0.9534296436158428, val_AP=0.9542599773427064
INFO - 11/05/25 18:29:20 - 0:11:39 - Epoch 205: train_loss=0.6922599077224731, train_AUC=0.9978253951252672, train_AP=0.9970431016766432, time=0.29729223251342773
INFO - 11/05/25 18:29:20 - 0:11:39 - Epoch 205: val_AUC=0.953347780826024, val_AP=0.9541991716983065
INFO - 11/05/25 18:29:21 - 0:11:39 - Epoch 206: train_loss=0.6917765736579895, train_AUC=0.9975332934648643, train_AP=0.9962983146311277, time=0.29815053939819336
INFO - 11/05/25 18:29:21 - 0:11:39 - Epoch 206: val_AUC=0.9534080579050946, val_AP=0.9542501662883387
INFO - 11/05/25 18:29:21 - 0:11:40 - Epoch 207: train_loss=0.6914353370666504, train_AUC=0.9974870217985929, train_AP=0.9964515346752552, time=0.29859304428100586
INFO - 11/05/25 18:29:21 - 0:11:40 - Epoch 207: val_AUC=0.9532925947164697, val_AP=0.9541465141055474
INFO - 11/05/25 18:29:22 - 0:11:40 - Epoch 208: train_loss=0.6901082992553711, train_AUC=0.9978314545583596, train_AP=0.9970577040344355, time=0.2987051010131836
INFO - 11/05/25 18:29:22 - 0:11:40 - Epoch 208: val_AUC=0.953224986641296, val_AP=0.9540965464933245
INFO - 11/05/25 18:29:22 - 0:11:40 - Epoch 209: train_loss=0.6888875365257263, train_AUC=0.9978965913946846, train_AP=0.9970862888229609, time=0.30138063430786133
INFO - 11/05/25 18:29:22 - 0:11:41 - Epoch 209: val_AUC=0.9532418886600895, val_AP=0.9540991715192026
INFO - 11/05/25 18:29:22 - 0:11:41 - Epoch 210: train_loss=0.6877062320709229, train_AUC=0.9979234027790169, train_AP=0.9970248186335967, time=0.30292391777038574
INFO - 11/05/25 18:29:22 - 0:11:41 - Epoch 210: val_AUC=0.9530608537840974, val_AP=0.9539490289247253
INFO - 11/05/25 18:29:23 - 0:11:41 - Epoch 211: train_loss=0.6881117820739746, train_AUC=0.9977742954619211, train_AP=0.9967572660881415, time=0.3002471923828125
INFO - 11/05/25 18:29:23 - 0:11:41 - Epoch 211: val_AUC=0.9531614513417351, val_AP=0.9540204022810277
INFO - 11/05/25 18:29:23 - 0:11:42 - Epoch 212: train_loss=0.6868757009506226, train_AUC=0.9977886500044225, train_AP=0.9968959190438331, time=0.3044242858886719
INFO - 11/05/25 18:29:23 - 0:11:42 - Epoch 212: val_AUC=0.9530954723768067, val_AP=0.953959217634263
INFO - 11/05/25 18:29:24 - 0:11:42 - Epoch 213: train_loss=0.686790943145752, train_AUC=0.997787725370685, train_AP=0.996887767856992, time=0.33387112617492676
INFO - 11/05/25 18:29:24 - 0:11:42 - Epoch 213: val_AUC=0.9529470197057174, val_AP=0.9538265756706997
INFO - 11/05/25 18:29:24 - 0:11:43 - Epoch 214: train_loss=0.6859487295150757, train_AUC=0.9977688520990787, train_AP=0.9969347925294826, time=0.338975191116333
INFO - 11/05/25 18:29:24 - 0:11:43 - Epoch 214: val_AUC=0.9530327516323684, val_AP=0.953882951191123
INFO - 11/05/25 18:29:24 - 0:11:43 - Epoch 215: train_loss=0.6835696697235107, train_AUC=0.9981215037079864, train_AP=0.9974026499475485, time=0.3353121280670166
INFO - 11/05/25 18:29:25 - 0:11:43 - Epoch 215: val_AUC=0.9528118035553702, val_AP=0.9537316292993565
INFO - 11/05/25 18:29:25 - 0:11:43 - Epoch 216: train_loss=0.6844007968902588, train_AUC=0.9978058990908237, train_AP=0.9968754824350162, time=0.3395230770111084
INFO - 11/05/25 18:29:25 - 0:11:44 - Epoch 216: val_AUC=0.9528743206610276, val_AP=0.9537787118677383
INFO - 11/05/25 18:29:25 - 0:11:44 - Epoch 217: train_loss=0.6834813952445984, train_AUC=0.9979258318358751, train_AP=0.9971677976934719, time=0.3333742618560791
INFO - 11/05/25 18:29:25 - 0:11:44 - Epoch 217: val_AUC=0.9528071198634154, val_AP=0.9537093717357314
INFO - 11/05/25 18:29:26 - 0:11:44 - Epoch 218: train_loss=0.6830555200576782, train_AUC=0.9980101344803088, train_AP=0.9972823765658198, time=0.34006500244140625
INFO - 11/05/25 18:29:26 - 0:11:44 - Epoch 218: val_AUC=0.9525807753587303, val_AP=0.9535598242603175
INFO - 11/05/25 18:29:26 - 0:11:45 - Epoch 219: train_loss=0.6813288331031799, train_AUC=0.9981605311771364, train_AP=0.9974420984827518, time=0.34282708168029785
INFO - 11/05/25 18:29:26 - 0:11:45 - Epoch 219: val_AUC=0.9527134460243194, val_AP=0.953719716522255
INFO - 11/05/25 18:29:27 - 0:11:45 - Epoch 220: train_loss=0.6820124983787537, train_AUC=0.9979610387184225, train_AP=0.9970577252454258, time=0.33896422386169434
INFO - 11/05/25 18:29:27 - 0:11:45 - Epoch 220: val_AUC=0.9529312377002178, val_AP=0.9540005557213413
INFO - 11/05/25 18:29:27 - 0:11:46 - Epoch 221: train_loss=0.683011531829834, train_AUC=0.9980545198937559, train_AP=0.9973779023081044, time=0.3381216526031494
INFO - 11/05/25 18:29:27 - 0:11:46 - Epoch 221: val_AUC=0.9526731255457519, val_AP=0.9537511652243386
INFO - 11/05/25 18:29:28 - 0:11:46 - Epoch 222: train_loss=0.6849029660224915, train_AUC=0.9979077260983313, train_AP=0.9969601108996572, time=0.2988286018371582
INFO - 11/05/25 18:29:28 - 0:11:46 - Epoch 222: val_AUC=0.9527267843644516, val_AP=0.9539082296556792
INFO - 11/05/25 18:29:28 - 0:11:46 - Epoch 223: train_loss=0.6845378279685974, train_AUC=0.9979768015221361, train_AP=0.9970290480564455, time=0.2956106662750244
INFO - 11/05/25 18:29:28 - 0:11:47 - Epoch 223: val_AUC=0.9529730854696399, val_AP=0.9541878116735449
INFO - 11/05/25 18:29:28 - 0:11:47 - Epoch 224: train_loss=0.6848134994506836, train_AUC=0.9980493204580996, train_AP=0.9971872785678182, time=0.30187225341796875
INFO - 11/05/25 18:29:28 - 0:11:47 - Epoch 224: val_AUC=0.9530954723768068, val_AP=0.9543644065966288
INFO - 11/05/25 18:29:29 - 0:11:47 - Epoch 225: train_loss=0.6855522990226746, train_AUC=0.9979587910658974, train_AP=0.9970762825315416, time=0.2962508201599121
INFO - 11/05/25 18:29:29 - 0:11:47 - Epoch 225: val_AUC=0.952981638298427, val_AP=0.9542796135264093
INFO - 11/05/25 18:29:29 - 0:11:48 - Epoch 226: train_loss=0.6858148574829102, train_AUC=0.9979068986832269, train_AP=0.9968335780974449, time=0.29692625999450684
INFO - 11/05/25 18:29:29 - 0:11:48 - Epoch 226: val_AUC=0.953017071446259, val_AP=0.9543010175013372
INFO - 11/05/25 18:29:29 - 0:11:48 - Epoch 227: train_loss=0.6852359771728516, train_AUC=0.998089319056855, train_AP=0.9973211506826778, time=0.2960019111633301
INFO - 11/05/25 18:29:30 - 0:11:48 - Epoch 227: val_AUC=0.9528954990942146, val_AP=0.9542131310582646
INFO - 11/05/25 18:29:30 - 0:11:48 - Epoch 228: train_loss=0.6856013536453247, train_AUC=0.9980780726926769, train_AP=0.9972360387709198, time=0.29663777351379395
INFO - 11/05/25 18:29:30 - 0:11:49 - Epoch 228: val_AUC=0.9524472901380182, val_AP=0.953824185644401
INFO - 11/05/25 18:29:30 - 0:11:49 - Epoch 229: train_loss=0.6855402588844299, train_AUC=0.9979226021342607, train_AP=0.9969450329884586, time=0.2958335876464844
INFO - 11/05/25 18:29:30 - 0:11:49 - Epoch 229: val_AUC=0.9522933392198517, val_AP=0.9537070385597972
INFO - 11/05/25 18:29:31 - 0:11:49 - Epoch 230: train_loss=0.6829302310943604, train_AUC=0.9980535862778622, train_AP=0.997099371739048, time=0.29589295387268066
INFO - 11/05/25 18:29:31 - 0:11:49 - Epoch 230: val_AUC=0.9522084218483234, val_AP=0.9536796210920042
INFO - 11/05/25 18:29:31 - 0:11:50 - Epoch 231: train_loss=0.681296169757843, train_AUC=0.9981651827012581, train_AP=0.9973063093879118, time=0.29653263092041016
INFO - 11/05/25 18:29:31 - 0:11:50 - Epoch 231: val_AUC=0.9520404198542923, val_AP=0.9536312296641218
INFO - 11/05/25 18:29:31 - 0:11:50 - Epoch 232: train_loss=0.6818535327911377, train_AUC=0.997963448049761, train_AP=0.9969286007781515, time=0.2975757122039795
INFO - 11/05/25 18:29:32 - 0:11:50 - Epoch 232: val_AUC=0.951936564076164, val_AP=0.9535863564820704
INFO - 11/05/25 18:29:32 - 0:11:50 - Epoch 233: train_loss=0.6810126900672913, train_AUC=0.9980864324383872, train_AP=0.9973007378463874, time=0.29895591735839844
INFO - 11/05/25 18:29:32 - 0:11:50 - Epoch 233: val_AUC=0.9520683183672405, val_AP=0.9537357345757141
INFO - 11/05/25 18:29:32 - 0:11:51 - Epoch 234: train_loss=0.6780560612678528, train_AUC=0.9982410930176496, train_AP=0.9975006360821624, time=0.29687929153442383
INFO - 11/05/25 18:29:32 - 0:11:51 - Epoch 234: val_AUC=0.9519481714866609, val_AP=0.9537194148826249
INFO - 11/05/25 18:29:33 - 0:11:51 - Epoch 235: train_loss=0.6773275136947632, train_AUC=0.998195242103759, train_AP=0.99740687396764, time=0.29648828506469727
INFO - 11/05/25 18:29:33 - 0:11:51 - Epoch 235: val_AUC=0.9517897405153202, val_AP=0.9536527915083262
INFO - 11/05/25 18:29:33 - 0:11:52 - Epoch 236: train_loss=0.6766750812530518, train_AUC=0.9981903820527145, train_AP=0.9972442830880313, time=0.30299973487854004
INFO - 11/05/25 18:29:33 - 0:11:52 - Epoch 236: val_AUC=0.9517188742196563, val_AP=0.9536365386531267
INFO - 11/05/25 18:29:33 - 0:11:52 - Epoch 237: train_loss=0.6753504276275635, train_AUC=0.9981979261834081, train_AP=0.9974835648615921, time=0.30097222328186035
INFO - 11/05/25 18:29:34 - 0:11:52 - Epoch 237: val_AUC=0.9516809974064565, val_AP=0.9535828033051895
INFO - 11/05/25 18:29:34 - 0:11:52 - Epoch 238: train_loss=0.6748762130737305, train_AUC=0.9981929490120902, train_AP=0.9972023201430267, time=0.2937772274017334
INFO - 11/05/25 18:29:34 - 0:11:52 - Epoch 238: val_AUC=0.9514350017594391, val_AP=0.953382162772465
INFO - 11/05/25 18:29:34 - 0:11:53 - Epoch 239: train_loss=0.6728916168212891, train_AUC=0.9985161389721929, train_AP=0.9979979199730655, time=0.2933049201965332
INFO - 11/05/25 18:29:34 - 0:11:53 - Epoch 239: val_AUC=0.9512576323814984, val_AP=0.9532037156089186
INFO - 11/05/25 18:29:35 - 0:11:53 - Epoch 240: train_loss=0.6731030344963074, train_AUC=0.9982582489361943, train_AP=0.9974882482742947, time=0.2961406707763672
INFO - 11/05/25 18:29:35 - 0:11:53 - Epoch 240: val_AUC=0.9511507220216606, val_AP=0.953162361644719
INFO - 11/05/25 18:29:35 - 0:11:54 - Epoch 241: train_loss=0.6711580753326416, train_AUC=0.9982691391842929, train_AP=0.9974368512379088, time=0.2947831153869629
INFO - 11/05/25 18:29:35 - 0:11:54 - Epoch 241: val_AUC=0.9508269363604375, val_AP=0.9529706643403046
INFO - 11/05/25 18:29:35 - 0:11:54 - Epoch 242: train_loss=0.6721240282058716, train_AUC=0.998239930092589, train_AP=0.9973842150713319, time=0.2941317558288574
INFO - 11/05/25 18:29:35 - 0:11:54 - Epoch 242: val_AUC=0.9507198223618188, val_AP=0.9529504829242245
INFO - 11/05/25 18:29:36 - 0:11:54 - Epoch 243: train_loss=0.6724803447723389, train_AUC=0.9981310006651333, train_AP=0.9972533105595537, time=0.29656481742858887
INFO - 11/05/25 18:29:36 - 0:11:54 - Epoch 243: val_AUC=0.9506573052561611, val_AP=0.9528681737139758
INFO - 11/05/25 18:29:36 - 0:11:55 - Epoch 244: train_loss=0.6699016094207764, train_AUC=0.9983534553900214, train_AP=0.9976366937009942, time=0.2993943691253662
INFO - 11/05/25 18:29:36 - 0:11:55 - Epoch 244: val_AUC=0.9503803565144862, val_AP=0.9526335662019239
INFO - 11/05/25 18:29:37 - 0:11:55 - Epoch 245: train_loss=0.6700282096862793, train_AUC=0.9982224601508151, train_AP=0.9973926443185903, time=0.3005819320678711
INFO - 11/05/25 18:29:37 - 0:11:55 - Epoch 245: val_AUC=0.950221823723755, val_AP=0.9525340960749178
INFO - 11/05/25 18:29:37 - 0:11:55 - Epoch 246: train_loss=0.667976975440979, train_AUC=0.9984165213990159, train_AP=0.9976383631801355, time=0.2930796146392822
INFO - 11/05/25 18:29:37 - 0:11:56 - Epoch 246: val_AUC=0.950327206792738, val_AP=0.9526395552513253
INFO - 11/05/25 18:29:37 - 0:11:56 - Epoch 247: train_loss=0.6679673194885254, train_AUC=0.9983493114457914, train_AP=0.9974830727108362, time=0.29375505447387695
INFO - 11/05/25 18:29:37 - 0:11:56 - Epoch 247: val_AUC=0.9501459682779654, val_AP=0.9525313335628903
INFO - 11/05/25 18:29:38 - 0:11:56 - Epoch 248: train_loss=0.6680493354797363, train_AUC=0.9982633733444273, train_AP=0.9975334986035469, time=0.29335689544677734
INFO - 11/05/25 18:29:38 - 0:11:56 - Epoch 248: val_AUC=0.9501091096586688, val_AP=0.9525234855816083
INFO - 11/05/25 18:29:38 - 0:11:57 - Epoch 249: train_loss=0.6672077178955078, train_AUC=0.9984806015110695, train_AP=0.9978377415274527, time=0.3018760681152344
INFO - 11/05/25 18:29:38 - 0:11:57 - Epoch 249: val_AUC=0.9501948415853196, val_AP=0.9525756477877463
INFO - 11/05/25 18:29:39 - 0:11:57 - Epoch 250: train_loss=0.6671333312988281, train_AUC=0.9983231145466228, train_AP=0.9974247771278785, time=0.2986152172088623
INFO - 11/05/25 18:29:39 - 0:11:57 - Epoch 250: val_AUC=0.9499488459383024, val_AP=0.9523491892138917
INFO - 11/05/25 18:29:39 - 0:11:57 - Epoch 251: train_loss=0.6675546765327454, train_AUC=0.9981397559779625, train_AP=0.9971865131037204, time=0.2923157215118408
INFO - 11/05/25 18:29:39 - 0:11:58 - Epoch 251: val_AUC=0.9499372385278056, val_AP=0.9523148283835962
INFO - 11/05/25 18:29:39 - 0:11:58 - Epoch 252: train_loss=0.6660149097442627, train_AUC=0.9983553462219842, train_AP=0.9977195611414156, time=0.2961759567260742
INFO - 11/05/25 18:29:39 - 0:11:58 - Epoch 252: val_AUC=0.9500032174927342, val_AP=0.9523677977210222
INFO - 11/05/25 18:29:40 - 0:11:58 - Epoch 253: train_loss=0.6645808219909668, train_AUC=0.9984141721248401, train_AP=0.9977162802067285, time=0.29713988304138184
INFO - 11/05/25 18:29:40 - 0:11:58 - Epoch 253: val_AUC=0.9497832876096391, val_AP=0.9521953108434416
INFO - 11/05/25 18:29:40 - 0:11:59 - Epoch 254: train_loss=0.6639465093612671, train_AUC=0.9984425939569619, train_AP=0.9975503407259552, time=0.2956993579864502
INFO - 11/05/25 18:29:40 - 0:11:59 - Epoch 254: val_AUC=0.949854764821645, val_AP=0.9522339010722913
INFO - 11/05/25 18:29:40 - 0:11:59 - Epoch 255: train_loss=0.6642492413520813, train_AUC=0.9983940813307525, train_AP=0.9976832526270892, time=0.30518436431884766
INFO - 11/05/25 18:29:41 - 0:11:59 - Epoch 255: val_AUC=0.9499227801743799, val_AP=0.9522875516397695
INFO - 11/05/25 18:29:41 - 0:11:59 - Epoch 256: train_loss=0.6626207232475281, train_AUC=0.998436779331659, train_AP=0.9977674368465759, time=0.3222362995147705
INFO - 11/05/25 18:29:41 - 0:12:00 - Epoch 256: val_AUC=0.9496293366914725, val_AP=0.9520797787388685
INFO - 11/05/25 18:29:41 - 0:12:00 - Epoch 257: train_loss=0.662317156791687, train_AUC=0.9985665232332075, train_AP=0.9979994326230646, time=0.3085787296295166
INFO - 11/05/25 18:29:41 - 0:12:00 - Epoch 257: val_AUC=0.9498122043164906, val_AP=0.9521993550145995
INFO - 11/05/25 18:29:42 - 0:12:00 - Epoch 258: train_loss=0.6611319184303284, train_AUC=0.9985330657576914, train_AP=0.9978588279967353, time=0.3049178123474121
INFO - 11/05/25 18:29:42 - 0:12:00 - Epoch 258: val_AUC=0.9496740354038239, val_AP=0.9521017022645056
INFO - 11/05/25 18:29:42 - 0:12:01 - Epoch 259: train_loss=0.6612446308135986, train_AUC=0.9983880909369792, train_AP=0.9976481801169802, time=0.3162078857421875
INFO - 11/05/25 18:29:42 - 0:12:01 - Epoch 259: val_AUC=0.9495053206740608, val_AP=0.951988995553365
INFO - 11/05/25 18:29:43 - 0:12:01 - Epoch 260: train_loss=0.6600715517997742, train_AUC=0.9985779805899984, train_AP=0.997950809253439, time=0.31341099739074707
INFO - 11/05/25 18:29:43 - 0:12:01 - Epoch 260: val_AUC=0.9497171050059301, val_AP=0.9521636361124257
INFO - 11/05/25 18:29:43 - 0:12:02 - Epoch 261: train_loss=0.6598124504089355, train_AUC=0.9984237951844167, train_AP=0.9976798185922867, time=0.3414573669433594
INFO - 11/05/25 18:29:43 - 0:12:02 - Epoch 261: val_AUC=0.9493967812039776, val_AP=0.9519369848974797
INFO - 11/05/25 18:29:43 - 0:12:02 - Epoch 262: train_loss=0.6605995297431946, train_AUC=0.9983322078350982, train_AP=0.9974618088131949, time=0.36068010330200195
INFO - 11/05/25 18:29:44 - 0:12:02 - Epoch 262: val_AUC=0.9494798658264803, val_AP=0.9519929897138829
INFO - 11/05/25 18:29:44 - 0:12:02 - Epoch 263: train_loss=0.659650444984436, train_AUC=0.9984847736346134, train_AP=0.9978585666837804, time=0.34438610076904297
INFO - 11/05/25 18:29:44 - 0:12:03 - Epoch 263: val_AUC=0.9493198057448944, val_AP=0.9518690559475392
INFO - 11/05/25 18:29:44 - 0:12:03 - Epoch 264: train_loss=0.657846212387085, train_AUC=0.9985465694610338, train_AP=0.9979670648686909, time=0.35282278060913086
INFO - 11/05/25 18:29:45 - 0:12:03 - Epoch 264: val_AUC=0.949064646352748, val_AP=0.9516821057668623
INFO - 11/05/25 18:29:45 - 0:12:03 - Epoch 265: train_loss=0.6586010456085205, train_AUC=0.9983635529187959, train_AP=0.99760501204096, time=0.3491983413696289
INFO - 11/05/25 18:29:45 - 0:12:04 - Epoch 265: val_AUC=0.9492120808299338, val_AP=0.9518136498906977
INFO - 11/05/25 18:29:45 - 0:12:04 - Epoch 266: train_loss=0.6571636199951172, train_AUC=0.9985240223113776, train_AP=0.9978103221245216, time=0.3628695011138916
INFO - 11/05/25 18:29:45 - 0:12:04 - Epoch 266: val_AUC=0.9489271901758136, val_AP=0.9515930625610204
INFO - 11/05/25 18:29:46 - 0:12:04 - Epoch 267: train_loss=0.6571111679077148, train_AUC=0.998504018344801, train_AP=0.9978148512513156, time=0.36165809631347656
INFO - 11/05/25 18:29:46 - 0:12:04 - Epoch 267: val_AUC=0.9488980698301814, val_AP=0.9515502248865362
INFO - 11/05/25 18:29:46 - 0:12:05 - Epoch 268: train_loss=0.6561726331710815, train_AUC=0.9983932387692669, train_AP=0.9975142327759745, time=0.3517885208129883
INFO - 11/05/25 18:29:46 - 0:12:05 - Epoch 268: val_AUC=0.9487269114350507, val_AP=0.9514413809171925
INFO - 11/05/25 18:29:47 - 0:12:05 - Epoch 269: train_loss=0.6552959680557251, train_AUC=0.9987158570415389, train_AP=0.9982350464864307, time=0.350466251373291
INFO - 11/05/25 18:29:47 - 0:12:05 - Epoch 269: val_AUC=0.9486127718984999, val_AP=0.9513804156484962
INFO - 11/05/25 18:29:47 - 0:12:06 - Epoch 270: train_loss=0.6557784080505371, train_AUC=0.9986326569127616, train_AP=0.9980858773414829, time=0.35958075523376465
INFO - 11/05/25 18:29:47 - 0:12:06 - Epoch 270: val_AUC=0.9485948516858034, val_AP=0.9513966892328232
INFO - 11/05/25 18:29:48 - 0:12:06 - Epoch 271: train_loss=0.6543536186218262, train_AUC=0.9987238585577213, train_AP=0.9983187797898037, time=0.35244107246398926
INFO - 11/05/25 18:29:48 - 0:12:06 - Epoch 271: val_AUC=0.9483028336743604, val_AP=0.9511731333527778
INFO - 11/05/25 18:29:48 - 0:12:07 - Epoch 272: train_loss=0.6547356843948364, train_AUC=0.9986159506303943, train_AP=0.9979246560361399, time=0.3651580810546875
INFO - 11/05/25 18:29:48 - 0:12:07 - Epoch 272: val_AUC=0.9482765642716574, val_AP=0.9511356834049428
INFO - 11/05/25 18:29:49 - 0:12:07 - Epoch 273: train_loss=0.6530067920684814, train_AUC=0.9985789201939964, train_AP=0.9977833153339479, time=0.3577108383178711
INFO - 11/05/25 18:29:49 - 0:12:07 - Epoch 273: val_AUC=0.9479578695799502, val_AP=0.9509066905729278
INFO - 11/05/25 18:29:49 - 0:12:08 - Epoch 274: train_loss=0.6533154845237732, train_AUC=0.9985721184121034, train_AP=0.9978607419499139, time=0.366152286529541
INFO - 11/05/25 18:29:49 - 0:12:08 - Epoch 274: val_AUC=0.9480731291297946, val_AP=0.9510122938025212
INFO - 11/05/25 18:29:50 - 0:12:08 - Epoch 275: train_loss=0.6517026424407959, train_AUC=0.9988011810099806, train_AP=0.9982869526420189, time=0.34419941902160645
INFO - 11/05/25 18:29:50 - 0:12:08 - Epoch 275: val_AUC=0.9476972119407264, val_AP=0.9507517703693666
INFO - 11/05/25 18:29:50 - 0:12:09 - Epoch 276: train_loss=0.6509624719619751, train_AUC=0.9987600393878051, train_AP=0.9982168333080368, time=0.3537874221801758
INFO - 11/05/25 18:29:50 - 0:12:09 - Epoch 276: val_AUC=0.9478560501896285, val_AP=0.9508880092935009
INFO - 11/05/25 18:29:50 - 0:12:09 - Epoch 277: train_loss=0.6520100831985474, train_AUC=0.9986562287327195, train_AP=0.9978755323913733, time=0.3578627109527588
INFO - 11/05/25 18:29:51 - 0:12:09 - Epoch 277: val_AUC=0.9474683219512833, val_AP=0.950597126250323
INFO - 11/05/25 18:29:51 - 0:12:09 - Epoch 278: train_loss=0.651820182800293, train_AUC=0.9986710905028713, train_AP=0.998039975302511, time=0.36191749572753906
INFO - 11/05/25 18:29:51 - 0:12:10 - Epoch 278: val_AUC=0.9477328487273392, val_AP=0.9508069216964561
INFO - 11/05/25 18:29:51 - 0:12:10 - Epoch 279: train_loss=0.6521004438400269, train_AUC=0.998426421144231, train_AP=0.9976193697805498, time=0.3509213924407959
INFO - 11/05/25 18:29:52 - 0:12:10 - Epoch 279: val_AUC=0.9473477677931422, val_AP=0.950539759935531
INFO - 11/05/25 18:29:52 - 0:12:10 - Epoch 280: train_loss=0.6510086059570312, train_AUC=0.9986498526345872, train_AP=0.9979447791845357, time=0.3361067771911621
INFO - 11/05/25 18:29:52 - 0:12:10 - Epoch 280: val_AUC=0.9475027369052119, val_AP=0.9506837684817567
INFO - 11/05/25 18:29:52 - 0:12:11 - Epoch 281: train_loss=0.6510345935821533, train_AUC=0.9985793182268051, train_AP=0.9977217263675162, time=0.3383207321166992
INFO - 11/05/25 18:29:52 - 0:12:11 - Epoch 281: val_AUC=0.9472422829047689, val_AP=0.9505052451117835
INFO - 11/05/25 18:29:53 - 0:12:11 - Epoch 282: train_loss=0.649313747882843, train_AUC=0.9986116057324321, train_AP=0.9980087913973195, time=0.33926963806152344
INFO - 11/05/25 18:29:53 - 0:12:11 - Epoch 282: val_AUC=0.947270181417717, val_AP=0.9505368087636561
INFO - 11/05/25 18:29:53 - 0:12:12 - Epoch 283: train_loss=0.6482689380645752, train_AUC=0.9987032212610647, train_AP=0.9981076625874551, time=0.3354604244232178
INFO - 11/05/25 18:29:53 - 0:12:12 - Epoch 283: val_AUC=0.9471488127044534, val_AP=0.9505380122861189
INFO - 11/05/25 18:29:54 - 0:12:12 - Epoch 284: train_loss=0.6503132581710815, train_AUC=0.998663398254659, train_AP=0.9978833187038878, time=0.3365600109100342
INFO - 11/05/25 18:29:54 - 0:12:12 - Epoch 284: val_AUC=0.9477532126054034, val_AP=0.9510473189778463
INFO - 11/05/25 18:29:54 - 0:12:13 - Epoch 285: train_loss=0.6507664918899536, train_AUC=0.9984773068209123, train_AP=0.9976223818932417, time=0.33846378326416016
INFO - 11/05/25 18:29:54 - 0:12:13 - Epoch 285: val_AUC=0.9469713415071225, val_AP=0.9503250676710457
INFO - 11/05/25 18:29:54 - 0:12:13 - Epoch 286: train_loss=0.6512029767036438, train_AUC=0.9986306140886244, train_AP=0.9978712482807708, time=0.2962942123413086
INFO - 11/05/25 18:29:55 - 0:12:13 - Epoch 286: val_AUC=0.9475915234135723, val_AP=0.9507856151523306
INFO - 11/05/25 18:29:55 - 0:12:13 - Epoch 287: train_loss=0.6518856287002563, train_AUC=0.998669267829624, train_AP=0.9980182403283849, time=0.2939293384552002
INFO - 11/05/25 18:29:55 - 0:12:13 - Epoch 287: val_AUC=0.9477371251417326, val_AP=0.9509599450190209
INFO - 11/05/25 18:29:55 - 0:12:14 - Epoch 288: train_loss=0.6504845023155212, train_AUC=0.99860358942211, train_AP=0.9978302348483737, time=0.3364701271057129
INFO - 11/05/25 18:29:55 - 0:12:14 - Epoch 288: val_AUC=0.9472534830377042, val_AP=0.9506868596517475
INFO - 11/05/25 18:29:56 - 0:12:14 - Epoch 289: train_loss=0.651576042175293, train_AUC=0.9987114864299527, train_AP=0.9981141091890946, time=0.2979104518890381
INFO - 11/05/25 18:29:56 - 0:12:14 - Epoch 289: val_AUC=0.947750565301255, val_AP=0.9511124857398581
INFO - 11/05/25 18:29:56 - 0:12:15 - Epoch 290: train_loss=0.651543140411377, train_AUC=0.9988179216358867, train_AP=0.9981297436674296, time=0.2969167232513428
INFO - 11/05/25 18:29:56 - 0:12:15 - Epoch 290: val_AUC=0.9474461253241928, val_AP=0.9509182594953673
INFO - 11/05/25 18:29:56 - 0:12:15 - Epoch 291: train_loss=0.6506065726280212, train_AUC=0.9986720832953241, train_AP=0.9980090818742311, time=0.29701662063598633
INFO - 11/05/25 18:29:57 - 0:12:15 - Epoch 291: val_AUC=0.9467386842002372, val_AP=0.9504096911027695
INFO - 11/05/25 18:29:57 - 0:12:15 - Epoch 292: train_loss=0.6505336761474609, train_AUC=0.998771398293118, train_AP=0.9982710966806813, time=0.3008759021759033
INFO - 11/05/25 18:29:57 - 0:12:15 - Epoch 292: val_AUC=0.9470893501805056, val_AP=0.9506133377629226
INFO - 11/05/25 18:29:57 - 0:12:16 - Epoch 293: train_loss=0.649506688117981, train_AUC=0.9986298911131022, train_AP=0.998075145296257, time=0.30715250968933105
INFO - 11/05/25 18:29:57 - 0:12:16 - Epoch 293: val_AUC=0.9467515134434177, val_AP=0.9503262884812381
INFO - 11/05/25 18:29:58 - 0:12:16 - Epoch 294: train_loss=0.6493233442306519, train_AUC=0.9986842435498762, train_AP=0.9978346721545662, time=0.2999839782714844
INFO - 11/05/25 18:29:58 - 0:12:16 - Epoch 294: val_AUC=0.9462864024684278, val_AP=0.9500020713226187
INFO - 11/05/25 18:29:58 - 0:12:17 - Epoch 295: train_loss=0.6475959420204163, train_AUC=0.9987976473240174, train_AP=0.9981572567175533, time=0.3002200126647949
INFO - 11/05/25 18:29:58 - 0:12:17 - Epoch 295: val_AUC=0.9465381000013033, val_AP=0.9502126008230307
INFO - 11/05/25 18:29:58 - 0:12:17 - Epoch 296: train_loss=0.6467772722244263, train_AUC=0.9988031547947988, train_AP=0.9982169144307265, time=0.3000349998474121
INFO - 11/05/25 18:29:59 - 0:12:17 - Epoch 296: val_AUC=0.9461540372610097, val_AP=0.9499490707371859
INFO - 11/05/25 18:29:59 - 0:12:17 - Epoch 297: train_loss=0.6470189690589905, train_AUC=0.9987332338154562, train_AP=0.9980069422435767, time=0.3001279830932617
INFO - 11/05/25 18:29:59 - 0:12:17 - Epoch 297: val_AUC=0.9457838219577994, val_AP=0.9497079238554635
INFO - 11/05/25 18:29:59 - 0:12:18 - Epoch 298: train_loss=0.6456577777862549, train_AUC=0.9988195334926419, train_AP=0.9982401091629911, time=0.297161340713501
INFO - 11/05/25 18:29:59 - 0:12:18 - Epoch 298: val_AUC=0.9459987626907689, val_AP=0.9498870268303137
INFO - 11/05/25 18:30:00 - 0:12:18 - Epoch 299: train_loss=0.6463147401809692, train_AUC=0.9986330095064269, train_AP=0.997861099449062, time=0.2989158630371094
INFO - 11/05/25 18:30:00 - 0:12:18 - Epoch 299: val_AUC=0.945633943815246, val_AP=0.9495953706503798
INFO - 11/05/25 18:30:00 - 0:12:19 - Epoch 300: train_loss=0.6447631120681763, train_AUC=0.9987519927847206, train_AP=0.9982048648534496, time=0.30107712745666504
INFO - 11/05/25 18:30:00 - 0:12:19 - Epoch 300: val_AUC=0.9452787977818036, val_AP=0.9493948879900622
INFO - 11/05/25 18:30:00 - 0:12:19 - best_epoch=187
INFO - 11/05/25 18:30:00 - 0:12:19 - test_auc= 95.39%, test_ap= 95.59%
INFO - 11/05/25 18:30:00 - 0:12:19 - 
                                     train iters 2
INFO - 11/05/25 18:30:00 - 0:12:19 - --------------------------Training Start-------------------------
INFO - 11/05/25 18:30:02 - 0:12:21 - Epoch 0: train_loss=6.032421112060547, train_AUC=0.9955541802907544, train_AP=0.995131883937588, time=2.150331497192383
INFO - 11/05/25 18:30:02 - 0:12:21 - Epoch 0: val_AUC=0.7669769578646926, val_AP=0.8145771043253959
INFO - 11/05/25 18:30:03 - 0:12:21 - Epoch 1: train_loss=2.546719789505005, train_AUC=0.899756247596234, train_AP=0.9302627805898658, time=0.300121545791626
INFO - 11/05/25 18:30:03 - 0:12:21 - Epoch 1: val_AUC=0.6179942150295195, val_AP=0.6900356451726231
INFO - 11/05/25 18:30:03 - 0:12:22 - Epoch 2: train_loss=4.792754173278809, train_AUC=0.6519612054666944, train_AP=0.7412381291571988, time=0.3030581474304199
INFO - 11/05/25 18:30:03 - 0:12:22 - Epoch 2: val_AUC=0.5942299766059769, val_AP=0.6605195741056404
INFO - 11/05/25 18:30:03 - 0:12:22 - Epoch 3: train_loss=5.734825134277344, train_AUC=0.5903584281287331, train_AP=0.6791473886981512, time=0.3051438331604004
INFO - 11/05/25 18:30:04 - 0:12:22 - Epoch 3: val_AUC=0.5920899366601937, val_AP=0.6609341732600533
INFO - 11/05/25 18:30:04 - 0:12:22 - Epoch 4: train_loss=5.4901885986328125, train_AUC=0.5875589619384938, train_AP=0.6745580759081141, time=0.30514001846313477
INFO - 11/05/25 18:30:04 - 0:12:22 - Epoch 4: val_AUC=0.6575183641452385, val_AP=0.7083056727462209
INFO - 11/05/25 18:30:04 - 0:12:23 - Epoch 5: train_loss=3.9489777088165283, train_AUC=0.6723031101756731, train_AP=0.7372708308551237, time=0.3064002990722656
INFO - 11/05/25 18:30:04 - 0:12:23 - Epoch 5: val_AUC=0.7317289176843175, val_AP=0.76138829972846
INFO - 11/05/25 18:30:05 - 0:12:23 - Epoch 6: train_loss=3.1421804428100586, train_AUC=0.7581647119235503, train_AP=0.8013790239999796, time=0.3037147521972656
INFO - 11/05/25 18:30:05 - 0:12:23 - Epoch 6: val_AUC=0.8021258259588944, val_AP=0.8101093879627771
INFO - 11/05/25 18:30:05 - 0:12:24 - Epoch 7: train_loss=2.7589330673217773, train_AUC=0.8408172960255298, train_AP=0.8601568588429302, time=0.3044240474700928
INFO - 11/05/25 18:30:05 - 0:12:24 - Epoch 7: val_AUC=0.8466732346961383, val_AP=0.8431128748881767
INFO - 11/05/25 18:30:05 - 0:12:24 - Epoch 8: train_loss=2.3031623363494873, train_AUC=0.8909090383258508, train_AP=0.8961817956897222, time=0.30855607986450195
INFO - 11/05/25 18:30:06 - 0:12:24 - Epoch 8: val_AUC=0.8685434288209152, val_AP=0.859723854933504
INFO - 11/05/25 18:30:06 - 0:12:24 - Epoch 9: train_loss=2.0875346660614014, train_AUC=0.9167856646216863, train_AP=0.9176175786597084, time=0.30124831199645996
INFO - 11/05/25 18:30:06 - 0:12:25 - Epoch 9: val_AUC=0.8827404118716522, val_AP=0.8708402503868516
INFO - 11/05/25 18:30:06 - 0:12:25 - Epoch 10: train_loss=1.8858922719955444, train_AUC=0.9297739089600875, train_AP=0.926939659540361, time=0.30388879776000977
INFO - 11/05/25 18:30:06 - 0:12:25 - Epoch 10: val_AUC=0.8816279332129964, val_AP=0.8723276818106145
INFO - 11/05/25 18:30:07 - 0:12:25 - Epoch 11: train_loss=1.8602309226989746, train_AUC=0.9268495189399425, train_AP=0.9271777741323405, time=0.30919837951660156
INFO - 11/05/25 18:30:07 - 0:12:25 - Epoch 11: val_AUC=0.8784002585397959, val_AP=0.8719008686864244
INFO - 11/05/25 18:30:07 - 0:12:26 - Epoch 12: train_loss=1.7930291891098022, train_AUC=0.9219039225433058, train_AP=0.9249370115743754, time=0.3021876811981201
INFO - 11/05/25 18:30:07 - 0:12:26 - Epoch 12: val_AUC=0.8805495640500985, val_AP=0.8746976058521865
INFO - 11/05/25 18:30:08 - 0:12:26 - Epoch 13: train_loss=1.7502530813217163, train_AUC=0.9202678409125787, train_AP=0.9224065632190721, time=0.302215576171875
INFO - 11/05/25 18:30:08 - 0:12:26 - Epoch 13: val_AUC=0.8798885525681294, val_AP=0.8750363806022783
INFO - 11/05/25 18:30:08 - 0:12:26 - Epoch 14: train_loss=1.8519339561462402, train_AUC=0.9140437208649141, train_AP=0.9184060757284855, time=0.3004024028778076
INFO - 11/05/25 18:30:08 - 0:12:27 - Epoch 14: val_AUC=0.8851039453791918, val_AP=0.8778440149185195
INFO - 11/05/25 18:30:08 - 0:12:27 - Epoch 15: train_loss=1.8122925758361816, train_AUC=0.9182253818736632, train_AP=0.9198906941462763, time=0.3023507595062256
INFO - 11/05/25 18:30:08 - 0:12:27 - Epoch 15: val_AUC=0.887650244692359, val_AP=0.8793696494890602
INFO - 11/05/25 18:30:09 - 0:12:27 - Epoch 16: train_loss=1.7669000625610352, train_AUC=0.9238335431555653, train_AP=0.923740011924716, time=0.3047628402709961
INFO - 11/05/25 18:30:09 - 0:12:27 - Epoch 16: val_AUC=0.8877294601780292, val_AP=0.8803104525391523
INFO - 11/05/25 18:30:09 - 0:12:28 - Epoch 17: train_loss=1.8196063041687012, train_AUC=0.9240597295260968, train_AP=0.9230794542953311, time=0.30390167236328125
INFO - 11/05/25 18:30:09 - 0:12:28 - Epoch 17: val_AUC=0.8910892964198673, val_AP=0.883519487888839
INFO - 11/05/25 18:30:10 - 0:12:28 - Epoch 18: train_loss=1.737267255783081, train_AUC=0.9276292900455188, train_AP=0.9257780339272871, time=0.30372166633605957
INFO - 11/05/25 18:30:10 - 0:12:28 - Epoch 18: val_AUC=0.895742849835134, val_AP=0.8877136033392501
INFO - 11/05/25 18:30:10 - 0:12:29 - Epoch 19: train_loss=1.6381829977035522, train_AUC=0.932897262196207, train_AP=0.9288964791239345, time=0.3040192127227783
INFO - 11/05/25 18:30:10 - 0:12:29 - Epoch 19: val_AUC=0.9013042249345098, val_AP=0.892113092476216
INFO - 11/05/25 18:30:10 - 0:12:29 - Epoch 20: train_loss=1.509078025817871, train_AUC=0.9389162232773736, train_AP=0.9338625281995877, time=0.29856061935424805
INFO - 11/05/25 18:30:11 - 0:12:29 - Epoch 20: val_AUC=0.9069817759582428, val_AP=0.8972856882457614
INFO - 11/05/25 18:30:11 - 0:12:29 - Epoch 21: train_loss=1.4081344604492188, train_AUC=0.9443969208925841, train_AP=0.9387886112166429, time=0.2990734577178955
INFO - 11/05/25 18:30:11 - 0:12:29 - Epoch 21: val_AUC=0.9104518825997993, val_AP=0.9002218631724671
INFO - 11/05/25 18:30:11 - 0:12:30 - Epoch 22: train_loss=1.3639848232269287, train_AUC=0.9463322728250498, train_AP=0.9398787868536634, time=0.2982354164123535
INFO - 11/05/25 18:30:11 - 0:12:30 - Epoch 22: val_AUC=0.9131293252877009, val_AP=0.9021993668774921
INFO - 11/05/25 18:30:12 - 0:12:30 - Epoch 23: train_loss=1.3443670272827148, train_AUC=0.9473547502478118, train_AP=0.9413422232927272, time=0.2947208881378174
INFO - 11/05/25 18:30:12 - 0:12:30 - Epoch 23: val_AUC=0.913545766594117, val_AP=0.9035389495531475
INFO - 11/05/25 18:30:12 - 0:12:31 - Epoch 24: train_loss=1.3334534168243408, train_AUC=0.9478025065127749, train_AP=0.9420438813327537, time=0.29532313346862793
INFO - 11/05/25 18:30:12 - 0:12:31 - Epoch 24: val_AUC=0.9158774306324857, val_AP=0.9054646831546589
INFO - 11/05/25 18:30:12 - 0:12:31 - Epoch 25: train_loss=1.2704098224639893, train_AUC=0.9503152897485537, train_AP=0.943251778414008, time=0.29459071159362793
INFO - 11/05/25 18:30:13 - 0:12:31 - Epoch 25: val_AUC=0.919573678139947, val_AP=0.9082516145810504
INFO - 11/05/25 18:30:13 - 0:12:31 - Epoch 26: train_loss=1.1884653568267822, train_AUC=0.954702485037038, train_AP=0.9458340289139705, time=0.2948784828186035
INFO - 11/05/25 18:30:13 - 0:12:31 - Epoch 26: val_AUC=0.9209453889663621, val_AP=0.9097126135614992
INFO - 11/05/25 18:30:13 - 0:12:32 - Epoch 27: train_loss=1.1701693534851074, train_AUC=0.9557823321966099, train_AP=0.9465081208744159, time=0.29270482063293457
INFO - 11/05/25 18:30:13 - 0:12:32 - Epoch 27: val_AUC=0.922291441306416, val_AP=0.9111780888618187
INFO - 11/05/25 18:30:14 - 0:12:32 - Epoch 28: train_loss=1.1540148258209229, train_AUC=0.9579096005792472, train_AP=0.9489867091072514, time=0.29331398010253906
INFO - 11/05/25 18:30:14 - 0:12:32 - Epoch 28: val_AUC=0.923720985546534, val_AP=0.9126090188734963
INFO - 11/05/25 18:30:14 - 0:12:33 - Epoch 29: train_loss=1.1417208909988403, train_AUC=0.9594627135038124, train_AP=0.9509826574149376, time=0.29342198371887207
INFO - 11/05/25 18:30:14 - 0:12:33 - Epoch 29: val_AUC=0.9250296701703397, val_AP=0.9139169151269545
INFO - 11/05/25 18:30:14 - 0:12:33 - Epoch 30: train_loss=1.132304310798645, train_AUC=0.9604634822876273, train_AP=0.9514913884116439, time=0.2975928783416748
INFO - 11/05/25 18:30:15 - 0:12:33 - Epoch 30: val_AUC=0.9262015095335531, val_AP=0.9152013775348463
INFO - 11/05/25 18:30:15 - 0:12:33 - Epoch 31: train_loss=1.1253840923309326, train_AUC=0.9609993112369828, train_AP=0.9516762094810691, time=0.29576706886291504
INFO - 11/05/25 18:30:15 - 0:12:33 - Epoch 31: val_AUC=0.9269918316412309, val_AP=0.9163246563230282
INFO - 11/05/25 18:30:15 - 0:12:34 - Epoch 32: train_loss=1.124880075454712, train_AUC=0.9615402557885355, train_AP=0.9525851719777491, time=0.2929422855377197
INFO - 11/05/25 18:30:15 - 0:12:34 - Epoch 32: val_AUC=0.9284641400252838, val_AP=0.9178519277878595
INFO - 11/05/25 18:30:16 - 0:12:34 - Epoch 33: train_loss=1.1117838621139526, train_AUC=0.9631103043046347, train_AP=0.9543690291469717, time=0.29252076148986816
INFO - 11/05/25 18:30:16 - 0:12:34 - Epoch 33: val_AUC=0.9296715143557195, val_AP=0.9191454782985864
INFO - 11/05/25 18:30:16 - 0:12:35 - Epoch 34: train_loss=1.1014180183410645, train_AUC=0.9639667573114413, train_AP=0.9550458754431685, time=0.2961997985839844
INFO - 11/05/25 18:30:16 - 0:12:35 - Epoch 34: val_AUC=0.9306473513925635, val_AP=0.9203570687178937
INFO - 11/05/25 18:30:16 - 0:12:35 - Epoch 35: train_loss=1.0954432487487793, train_AUC=0.9652041106326177, train_AP=0.9568610374898628, time=0.2927896976470947
INFO - 11/05/25 18:30:16 - 0:12:35 - Epoch 35: val_AUC=0.9322292174406026, val_AP=0.9220049317160244
INFO - 11/05/25 18:30:17 - 0:12:35 - Epoch 36: train_loss=1.0799596309661865, train_AUC=0.966861336963772, train_AP=0.9585500745530233, time=0.29405903816223145
INFO - 11/05/25 18:30:17 - 0:12:35 - Epoch 36: val_AUC=0.933636157776069, val_AP=0.9235541457295454
INFO - 11/05/25 18:30:17 - 0:12:36 - Epoch 37: train_loss=1.0686718225479126, train_AUC=0.9675917032156125, train_AP=0.9589961350685264, time=0.2957022190093994
INFO - 11/05/25 18:30:17 - 0:12:36 - Epoch 37: val_AUC=0.934900550965085, val_AP=0.9249358118018736
INFO - 11/05/25 18:30:18 - 0:12:36 - Epoch 38: train_loss=1.0571337938308716, train_AUC=0.9697327692470603, train_AP=0.9620832101585576, time=0.29456472396850586
INFO - 11/05/25 18:30:18 - 0:12:36 - Epoch 38: val_AUC=0.9360395026652244, val_AP=0.9262334240913869
INFO - 11/05/25 18:30:18 - 0:12:37 - Epoch 39: train_loss=1.0540151596069336, train_AUC=0.9698514471320396, train_AP=0.9618902527915683, time=0.29671263694763184
INFO - 11/05/25 18:30:18 - 0:12:37 - Epoch 39: val_AUC=0.937156054099493, val_AP=0.9274952947085954
INFO - 11/05/25 18:30:18 - 0:12:37 - Epoch 40: train_loss=1.0471417903900146, train_AUC=0.9709332865691043, train_AP=0.9629992041083683, time=0.29404711723327637
INFO - 11/05/25 18:30:18 - 0:12:37 - Epoch 40: val_AUC=0.9383149624001355, val_AP=0.9287588158018683
INFO - 11/05/25 18:30:19 - 0:12:37 - Epoch 41: train_loss=1.0399426221847534, train_AUC=0.9718167020718143, train_AP=0.9643925884717567, time=0.292525053024292
INFO - 11/05/25 18:30:19 - 0:12:37 - Epoch 41: val_AUC=0.9393341744972565, val_AP=0.9298593998432941
INFO - 11/05/25 18:30:19 - 0:12:38 - Epoch 42: train_loss=1.031349778175354, train_AUC=0.9728630225404303, train_AP=0.965160389566255, time=0.29326915740966797
INFO - 11/05/25 18:30:19 - 0:12:38 - Epoch 42: val_AUC=0.9402815021048103, val_AP=0.9309769089522828
INFO - 11/05/25 18:30:20 - 0:12:38 - Epoch 43: train_loss=1.0257883071899414, train_AUC=0.9735766194586886, train_AP=0.9660171523251548, time=0.2966575622558594
INFO - 11/05/25 18:30:20 - 0:12:38 - Epoch 43: val_AUC=0.9412711865787382, val_AP=0.9321402800544323
INFO - 11/05/25 18:30:20 - 0:12:39 - Epoch 44: train_loss=1.0178433656692505, train_AUC=0.9741113356773863, train_AP=0.9666263056702512, time=0.2943460941314697
INFO - 11/05/25 18:30:20 - 0:12:39 - Epoch 44: val_AUC=0.942283678596098, val_AP=0.9333076945652659
INFO - 11/05/25 18:30:20 - 0:12:39 - Epoch 45: train_loss=1.0108604431152344, train_AUC=0.975147110566137, train_AP=0.9680860292396247, time=0.2930636405944824
INFO - 11/05/25 18:30:20 - 0:12:39 - Epoch 45: val_AUC=0.9432352826180453, val_AP=0.9344640110405267
INFO - 11/05/25 18:30:21 - 0:12:39 - Epoch 46: train_loss=1.0020453929901123, train_AUC=0.9764116583341937, train_AP=0.9700198699551447, time=0.2921116352081299
INFO - 11/05/25 18:30:21 - 0:12:39 - Epoch 46: val_AUC=0.9441027838235869, val_AP=0.9354904985710844
INFO - 11/05/25 18:30:21 - 0:12:40 - Epoch 47: train_loss=0.9961023926734924, train_AUC=0.9772794115981164, train_AP=0.9709124988798438, time=0.2924509048461914
INFO - 11/05/25 18:30:21 - 0:12:40 - Epoch 47: val_AUC=0.9448597091712391, val_AP=0.9363676778242009
INFO - 11/05/25 18:30:22 - 0:12:40 - Epoch 48: train_loss=0.9909130930900574, train_AUC=0.9774953706389088, train_AP=0.9707861906638813, time=0.29700636863708496
INFO - 11/05/25 18:30:22 - 0:12:40 - Epoch 48: val_AUC=0.9455697975993431, val_AP=0.9372000327306278
INFO - 11/05/25 18:30:22 - 0:12:41 - Epoch 49: train_loss=0.983203113079071, train_AUC=0.9788716240252028, train_AP=0.9731821614576184, time=0.29810190200805664
INFO - 11/05/25 18:30:22 - 0:12:41 - Epoch 49: val_AUC=0.9462128888686157, val_AP=0.9378849169303003
INFO - 11/05/25 18:30:22 - 0:12:41 - Epoch 50: train_loss=0.9810383319854736, train_AUC=0.9784425074957819, train_AP=0.9723496744817833, time=0.30115437507629395
INFO - 11/05/25 18:30:22 - 0:12:41 - Epoch 50: val_AUC=0.9468932460347456, val_AP=0.9386228817703173
INFO - 11/05/25 18:30:23 - 0:12:41 - Epoch 51: train_loss=0.9745141267776489, train_AUC=0.9791324528113999, train_AP=0.973379321616062, time=0.2975597381591797
INFO - 11/05/25 18:30:23 - 0:12:41 - Epoch 51: val_AUC=0.9475359300264568, val_AP=0.9392971412220388
INFO - 11/05/25 18:30:23 - 0:12:42 - Epoch 52: train_loss=0.9692535400390625, train_AUC=0.9800262220985201, train_AP=0.974318163151214, time=0.3005061149597168
INFO - 11/05/25 18:30:23 - 0:12:42 - Epoch 52: val_AUC=0.9481725048547485, val_AP=0.9399983300875984
INFO - 11/05/25 18:30:24 - 0:12:42 - Epoch 53: train_loss=0.9641238451004028, train_AUC=0.9799092155990966, train_AP=0.973968461812692, time=0.30063462257385254
INFO - 11/05/25 18:30:24 - 0:12:42 - Epoch 53: val_AUC=0.9488084687666983, val_AP=0.9406703942365144
INFO - 11/05/25 18:30:24 - 0:12:43 - Epoch 54: train_loss=0.9611719846725464, train_AUC=0.9802775206407558, train_AP=0.9744075297194005, time=0.29759669303894043
INFO - 11/05/25 18:30:24 - 0:12:43 - Epoch 54: val_AUC=0.9493977993978809, val_AP=0.9412735976097242
INFO - 11/05/25 18:30:24 - 0:12:43 - Epoch 55: train_loss=0.956584632396698, train_AUC=0.9807717213464084, train_AP=0.9753491574749804, time=0.2982978820800781
INFO - 11/05/25 18:30:25 - 0:12:43 - Epoch 55: val_AUC=0.9499590278773345, val_AP=0.941861486719866
INFO - 11/05/25 18:30:25 - 0:12:43 - Epoch 56: train_loss=0.9525805115699768, train_AUC=0.9810905558413063, train_AP=0.9756171698756354, time=0.2989656925201416
INFO - 11/05/25 18:30:25 - 0:12:43 - Epoch 56: val_AUC=0.9504721976045561, val_AP=0.9424196334771171
INFO - 11/05/25 18:30:25 - 0:12:44 - Epoch 57: train_loss=0.9467942714691162, train_AUC=0.9819781985933428, train_AP=0.9769011038367423, time=0.29823970794677734
INFO - 11/05/25 18:30:25 - 0:12:44 - Epoch 57: val_AUC=0.9509845527766555, val_AP=0.9429880696143406
INFO - 11/05/25 18:30:26 - 0:12:44 - Epoch 58: train_loss=0.9435741305351257, train_AUC=0.9820712132249104, train_AP=0.9766700421242285, time=0.29767870903015137
INFO - 11/05/25 18:30:26 - 0:12:44 - Epoch 58: val_AUC=0.9513637281862137, val_AP=0.9434092665423252
INFO - 11/05/25 18:30:26 - 0:12:45 - Epoch 59: train_loss=0.9403860569000244, train_AUC=0.9822322368693724, train_AP=0.9768535365778237, time=0.30117058753967285
INFO - 11/05/25 18:30:26 - 0:12:45 - Epoch 59: val_AUC=0.951734961683327, val_AP=0.9438283068442628
INFO - 11/05/25 18:30:26 - 0:12:45 - Epoch 60: train_loss=0.9364337921142578, train_AUC=0.9824392174523937, train_AP=0.9773360599219348, time=0.2993032932281494
INFO - 11/05/25 18:30:27 - 0:12:45 - Epoch 60: val_AUC=0.952036143439899, val_AP=0.944178603653027
INFO - 11/05/25 18:30:27 - 0:12:45 - Epoch 61: train_loss=0.9345425367355347, train_AUC=0.9826799873223522, train_AP=0.9773868053955199, time=0.29777073860168457
INFO - 11/05/25 18:30:27 - 0:12:45 - Epoch 61: val_AUC=0.9523261250635352, val_AP=0.9445459165034246
INFO - 11/05/25 18:30:27 - 0:12:46 - Epoch 62: train_loss=0.9281623363494873, train_AUC=0.9834939638881077, train_AP=0.9784440367670599, time=0.2978067398071289
INFO - 11/05/25 18:30:27 - 0:12:46 - Epoch 62: val_AUC=0.9526560198881778, val_AP=0.9449362977203348
INFO - 11/05/25 18:30:28 - 0:12:46 - Epoch 63: train_loss=0.9267820119857788, train_AUC=0.9835671971696789, train_AP=0.9786139984919742, time=0.30063915252685547
INFO - 11/05/25 18:30:28 - 0:12:46 - Epoch 63: val_AUC=0.9529439651240079, val_AP=0.945329247442493
INFO - 11/05/25 18:30:28 - 0:12:47 - Epoch 64: train_loss=0.9225543737411499, train_AUC=0.9836711152583985, train_AP=0.9786998252134997, time=0.3016479015350342
INFO - 11/05/25 18:30:28 - 0:12:47 - Epoch 64: val_AUC=0.9532618452605925, val_AP=0.9456965801694739
INFO - 11/05/25 18:30:28 - 0:12:47 - Epoch 65: train_loss=0.9190481305122375, train_AUC=0.9840962266267104, train_AP=0.9791872690521976, time=0.29972124099731445
INFO - 11/05/25 18:30:29 - 0:12:47 - Epoch 65: val_AUC=0.9535544741883775, val_AP=0.9460326309668629
INFO - 11/05/25 18:30:29 - 0:12:47 - Epoch 66: train_loss=0.914958119392395, train_AUC=0.9845865132256623, train_AP=0.9798138076454981, time=0.2984890937805176
INFO - 11/05/25 18:30:29 - 0:12:47 - Epoch 66: val_AUC=0.9538935327581488, val_AP=0.9464174665455493
INFO - 11/05/25 18:30:29 - 0:12:48 - Epoch 67: train_loss=0.9124470353126526, train_AUC=0.9847518520036862, train_AP=0.9799669391437527, time=0.29769468307495117
INFO - 11/05/25 18:30:29 - 0:12:48 - Epoch 67: val_AUC=0.9542691444890459, val_AP=0.9468384582946646
INFO - 11/05/25 18:30:30 - 0:12:48 - Epoch 68: train_loss=0.909683108329773, train_AUC=0.9847182576823769, train_AP=0.9801097393889476, time=0.3007333278656006
INFO - 11/05/25 18:30:30 - 0:12:48 - Epoch 68: val_AUC=0.9546738765655749, val_AP=0.9472900693445934
INFO - 11/05/25 18:30:30 - 0:12:49 - Epoch 69: train_loss=0.9068570733070374, train_AUC=0.984803839491541, train_AP=0.9797858835213274, time=0.30146241188049316
INFO - 11/05/25 18:30:30 - 0:12:49 - Epoch 69: val_AUC=0.9551349147649519, val_AP=0.947820288081099
INFO - 11/05/25 18:30:30 - 0:12:49 - Epoch 70: train_loss=0.900801420211792, train_AUC=0.9858676843232311, train_AP=0.9814107959023448, time=0.29918789863586426
INFO - 11/05/25 18:30:31 - 0:12:49 - Epoch 70: val_AUC=0.9555672398962584, val_AP=0.9483022180138254
INFO - 11/05/25 18:30:31 - 0:12:49 - Epoch 71: train_loss=0.9003523588180542, train_AUC=0.9854299863121236, train_AP=0.9807904862169466, time=0.2993035316467285
INFO - 11/05/25 18:30:31 - 0:12:50 - Epoch 71: val_AUC=0.9560140233809904, val_AP=0.9488008329563632
INFO - 11/05/25 18:30:31 - 0:12:50 - Epoch 72: train_loss=0.8968877792358398, train_AUC=0.9860189834625863, train_AP=0.9815799717321579, time=0.2989315986633301
INFO - 11/05/25 18:30:31 - 0:12:50 - Epoch 72: val_AUC=0.9564355556569224, val_AP=0.9492399047480714
INFO - 11/05/25 18:30:32 - 0:12:50 - Epoch 73: train_loss=0.8935003280639648, train_AUC=0.9859729308904807, train_AP=0.981466867329066, time=0.29949212074279785
INFO - 11/05/25 18:30:32 - 0:12:50 - Epoch 73: val_AUC=0.9568041418498872, val_AP=0.9496461220521863
INFO - 11/05/25 18:30:32 - 0:12:51 - Epoch 74: train_loss=0.8907800912857056, train_AUC=0.9861241752562945, train_AP=0.9814065865872612, time=0.3009459972381592
INFO - 11/05/25 18:30:32 - 0:12:51 - Epoch 74: val_AUC=0.9571689607254102, val_AP=0.9500498219985776
INFO - 11/05/25 18:30:33 - 0:12:51 - Epoch 75: train_loss=0.8868840932846069, train_AUC=0.986561840156708, train_AP=0.9823701364499736, time=0.2980787754058838
INFO - 11/05/25 18:30:33 - 0:12:51 - Epoch 75: val_AUC=0.9574961064265142, val_AP=0.9504294380578243
INFO - 11/05/25 18:30:33 - 0:12:51 - Epoch 76: train_loss=0.8839075565338135, train_AUC=0.9869184072812822, train_AP=0.9829212771597553, time=0.29903674125671387
INFO - 11/05/25 18:30:33 - 0:12:52 - Epoch 76: val_AUC=0.9577816079969763, val_AP=0.9507788649879101
INFO - 11/05/25 18:30:33 - 0:12:52 - Epoch 77: train_loss=0.8807511329650879, train_AUC=0.9871936640523177, train_AP=0.9831365602696601, time=0.2998075485229492
INFO - 11/05/25 18:30:33 - 0:12:52 - Epoch 77: val_AUC=0.9580958226355093, val_AP=0.9511545302674567
INFO - 11/05/25 18:30:34 - 0:12:52 - Epoch 78: train_loss=0.8783504962921143, train_AUC=0.9868831482670044, train_AP=0.9823580976649201, time=0.3024320602416992
INFO - 11/05/25 18:30:34 - 0:12:52 - Epoch 78: val_AUC=0.958357702107417, val_AP=0.9514796134319703
INFO - 11/05/25 18:30:34 - 0:12:53 - Epoch 79: train_loss=0.8757314682006836, train_AUC=0.9874307235872388, train_AP=0.9832248763897546, time=0.30538058280944824
INFO - 11/05/25 18:30:34 - 0:12:53 - Epoch 79: val_AUC=0.9586163233588344, val_AP=0.9517882054179025
INFO - 11/05/25 18:30:35 - 0:12:53 - Epoch 80: train_loss=0.8729844093322754, train_AUC=0.9873954673908922, train_AP=0.9829845085735901, time=0.30245447158813477
INFO - 11/05/25 18:30:35 - 0:12:53 - Epoch 80: val_AUC=0.9588781010113516, val_AP=0.9521238350854235
INFO - 11/05/25 18:30:35 - 0:12:53 - Epoch 81: train_loss=0.86956787109375, train_AUC=0.9878405649375888, train_AP=0.9838275881802838, time=0.3039519786834717
INFO - 11/05/25 18:30:35 - 0:12:54 - Epoch 81: val_AUC=0.9591437478007012, val_AP=0.9524856104466681
INFO - 11/05/25 18:30:35 - 0:12:54 - Epoch 82: train_loss=0.8655331134796143, train_AUC=0.9881842629217455, train_AP=0.9842153909893993, time=0.3057081699371338
INFO - 11/05/25 18:30:35 - 0:12:54 - Epoch 82: val_AUC=0.9594074600216345, val_AP=0.9528636171228444
INFO - 11/05/25 18:30:36 - 0:12:54 - Epoch 83: train_loss=0.8627492189407349, train_AUC=0.9886555804394239, train_AP=0.9850364375164089, time=0.30878567695617676
INFO - 11/05/25 18:30:36 - 0:12:54 - Epoch 83: val_AUC=0.9596491792542585, val_AP=0.9532331291043878
INFO - 11/05/25 18:30:36 - 0:12:55 - Epoch 84: train_loss=0.8612774610519409, train_AUC=0.98854793792601, train_AP=0.9848716968687832, time=0.3014826774597168
INFO - 11/05/25 18:30:36 - 0:12:55 - Epoch 84: val_AUC=0.9598941567073728, val_AP=0.9535883309634465
INFO - 11/05/25 18:30:37 - 0:12:55 - Epoch 85: train_loss=0.8574800491333008, train_AUC=0.9889594108586348, train_AP=0.9854160425389619, time=0.30367112159729004
INFO - 11/05/25 18:30:37 - 0:12:55 - Epoch 85: val_AUC=0.9601330249970677, val_AP=0.9539351202458193
INFO - 11/05/25 18:30:37 - 0:12:56 - Epoch 86: train_loss=0.8574821949005127, train_AUC=0.9888245962656705, train_AP=0.9851330966215592, time=0.3096318244934082
INFO - 11/05/25 18:30:37 - 0:12:56 - Epoch 86: val_AUC=0.9603649695682206, val_AP=0.9542816302220576
INFO - 11/05/25 18:30:37 - 0:12:56 - Epoch 87: train_loss=0.8536083102226257, train_AUC=0.9892526625872864, train_AP=0.985536525284411, time=0.30628085136413574
INFO - 11/05/25 18:30:38 - 0:12:56 - Epoch 87: val_AUC=0.9605661646834964, val_AP=0.9545565453638796
INFO - 11/05/25 18:30:38 - 0:12:56 - Epoch 88: train_loss=0.8495649099349976, train_AUC=0.9897911049918854, train_AP=0.9865580776609977, time=0.30531787872314453
INFO - 11/05/25 18:30:38 - 0:12:56 - Epoch 88: val_AUC=0.9607537160004692, val_AP=0.9548162526802085
INFO - 11/05/25 18:30:38 - 0:12:57 - Epoch 89: train_loss=0.8477978706359863, train_AUC=0.9895196311176205, train_AP=0.9858434142368802, time=0.3060188293457031
INFO - 11/05/25 18:30:38 - 0:12:57 - Epoch 89: val_AUC=0.9609483946747645, val_AP=0.9550585497025444
INFO - 11/05/25 18:30:39 - 0:12:57 - Epoch 90: train_loss=0.8463307619094849, train_AUC=0.9899117004791756, train_AP=0.9864925319887916, time=0.30490803718566895
INFO - 11/05/25 18:30:39 - 0:12:57 - Epoch 90: val_AUC=0.9611357423529565, val_AP=0.9552891676522438
INFO - 11/05/25 18:30:39 - 0:12:58 - Epoch 91: train_loss=0.8445019721984863, train_AUC=0.9898622477206063, train_AP=0.9864773953505543, time=0.30522608757019043
INFO - 11/05/25 18:30:39 - 0:12:58 - Epoch 91: val_AUC=0.9613112789818713, val_AP=0.9555216325961403
INFO - 11/05/25 18:30:40 - 0:12:58 - Epoch 92: train_loss=0.8412123918533325, train_AUC=0.9899634222008763, train_AP=0.9867078791431415, time=0.3098640441894531
INFO - 11/05/25 18:30:40 - 0:12:58 - Epoch 92: val_AUC=0.961510844986902, val_AP=0.9557596200437436
INFO - 11/05/25 18:30:40 - 0:12:58 - Epoch 93: train_loss=0.840002179145813, train_AUC=0.9904129479506317, train_AP=0.9871631407894755, time=0.307375431060791
INFO - 11/05/25 18:30:40 - 0:12:59 - Epoch 93: val_AUC=0.96170328363461, val_AP=0.9559831516780837
INFO - 11/05/25 18:30:40 - 0:12:59 - Epoch 94: train_loss=0.8370691537857056, train_AUC=0.9904641488833874, train_AP=0.987156179529065, time=0.3025517463684082
INFO - 11/05/25 18:30:40 - 0:12:59 - Epoch 94: val_AUC=0.9618845221493829, val_AP=0.9562101358727358
INFO - 11/05/25 18:30:41 - 0:12:59 - Epoch 95: train_loss=0.8333566188812256, train_AUC=0.9909136177461529, train_AP=0.987734386086902, time=0.3038809299468994
INFO - 11/05/25 18:30:41 - 0:12:59 - Epoch 95: val_AUC=0.9620757389644072, val_AP=0.9564418212976785
INFO - 11/05/25 18:30:41 - 0:13:00 - Epoch 96: train_loss=0.8340567350387573, train_AUC=0.9906297564216175, train_AP=0.9872728796941995, time=0.3046441078186035
INFO - 11/05/25 18:30:41 - 0:13:00 - Epoch 96: val_AUC=0.9622362063235542, val_AP=0.9566450554092768
INFO - 11/05/25 18:30:42 - 0:13:00 - Epoch 97: train_loss=0.8317382335662842, train_AUC=0.9906889694377982, train_AP=0.9876375118163223, time=0.30518460273742676
INFO - 11/05/25 18:30:42 - 0:13:00 - Epoch 97: val_AUC=0.9623820116904951, val_AP=0.9568165993710009
INFO - 11/05/25 18:30:42 - 0:13:01 - Epoch 98: train_loss=0.8295493125915527, train_AUC=0.9908342485951006, train_AP=0.9875714896455361, time=0.3050265312194824
INFO - 11/05/25 18:30:42 - 0:13:01 - Epoch 98: val_AUC=0.9625143768979135, val_AP=0.9569998543466885
INFO - 11/05/25 18:30:42 - 0:13:01 - Epoch 99: train_loss=0.8277922868728638, train_AUC=0.9909327419897735, train_AP=0.9877708537228002, time=0.3012394905090332
INFO - 11/05/25 18:30:42 - 0:13:01 - Epoch 99: val_AUC=0.9626459275502092, val_AP=0.9571704528174352
INFO - 11/05/25 18:30:43 - 0:13:01 - Epoch 100: train_loss=0.8251304626464844, train_AUC=0.9913121604244733, train_AP=0.9885829408451532, time=0.3039839267730713
INFO - 11/05/25 18:30:43 - 0:13:01 - Epoch 100: val_AUC=0.9627577252407826, val_AP=0.9573238189886261
INFO - 11/05/25 18:30:43 - 0:13:02 - Epoch 101: train_loss=0.8233256340026855, train_AUC=0.9910618618956397, train_AP=0.987643680775208, time=0.30369997024536133
INFO - 11/05/25 18:30:43 - 0:13:02 - Epoch 101: val_AUC=0.9628693192925751, val_AP=0.9574793303361406
INFO - 11/05/25 18:30:44 - 0:13:02 - Epoch 102: train_loss=0.8222198486328125, train_AUC=0.9913788527589256, train_AP=0.9884185474675473, time=0.30275893211364746
INFO - 11/05/25 18:30:44 - 0:13:02 - Epoch 102: val_AUC=0.9629733787094841, val_AP=0.957634016246938
INFO - 11/05/25 18:30:44 - 0:13:03 - Epoch 103: train_loss=0.8185359239578247, train_AUC=0.9916613380523389, train_AP=0.9887389109841008, time=0.3017902374267578
INFO - 11/05/25 18:30:44 - 0:13:03 - Epoch 103: val_AUC=0.9630701071302897, val_AP=0.9577859495815
INFO - 11/05/25 18:30:44 - 0:13:03 - Epoch 104: train_loss=0.8179475665092468, train_AUC=0.9915831277755709, train_AP=0.9885443136263311, time=0.30332422256469727
INFO - 11/05/25 18:30:45 - 0:13:03 - Epoch 104: val_AUC=0.9631588936386504, val_AP=0.9579420137779232
INFO - 11/05/25 18:30:45 - 0:13:03 - Epoch 105: train_loss=0.8155620098114014, train_AUC=0.9918833727293291, train_AP=0.9891498783815658, time=0.3020045757293701
INFO - 11/05/25 18:30:45 - 0:13:03 - Epoch 105: val_AUC=0.9632526692971367, val_AP=0.9580896708813261
INFO - 11/05/25 18:30:45 - 0:13:04 - Epoch 106: train_loss=0.8140625953674316, train_AUC=0.9917483334063365, train_AP=0.9884841257482609, time=0.30327868461608887
INFO - 11/05/25 18:30:45 - 0:13:04 - Epoch 106: val_AUC=0.9633342266287844, val_AP=0.9582237079546984
INFO - 11/05/25 18:30:46 - 0:13:04 - Epoch 107: train_loss=0.8129334449768066, train_AUC=0.9918142883233682, train_AP=0.9888997771392477, time=0.3011951446533203
INFO - 11/05/25 18:30:46 - 0:13:04 - Epoch 107: val_AUC=0.9633981692059065, val_AP=0.9583317405795619
INFO - 11/05/25 18:30:46 - 0:13:05 - Epoch 108: train_loss=0.8095695972442627, train_AUC=0.9922224639240251, train_AP=0.9895637730743906, time=0.30108189582824707
INFO - 11/05/25 18:30:46 - 0:13:05 - Epoch 108: val_AUC=0.9634733119159641, val_AP=0.9584278673686829
INFO - 11/05/25 18:30:47 - 0:13:05 - Epoch 109: train_loss=0.8085342645645142, train_AUC=0.9921368983179667, train_AP=0.9895325339569058, time=0.3027791976928711
INFO - 11/05/25 18:30:47 - 0:13:05 - Epoch 109: val_AUC=0.9635370508543053, val_AP=0.9585216108351361
INFO - 11/05/25 18:30:47 - 0:13:05 - Epoch 110: train_loss=0.8068177700042725, train_AUC=0.992275561500727, train_AP=0.9894365831057506, time=0.3025951385498047
INFO - 11/05/25 18:30:47 - 0:13:06 - Epoch 110: val_AUC=0.9635965133782534, val_AP=0.9586219640501681
INFO - 11/05/25 18:30:47 - 0:13:06 - Epoch 111: train_loss=0.8046409487724304, train_AUC=0.9924371747973324, train_AP=0.989527966662014, time=0.30063915252685547
INFO - 11/05/25 18:30:47 - 0:13:06 - Epoch 111: val_AUC=0.9636694160617236, val_AP=0.9587431156916953
INFO - 11/05/25 18:30:48 - 0:13:06 - Epoch 112: train_loss=0.8036044836044312, train_AUC=0.9926460682274053, train_AP=0.9902157926449336, time=0.3067328929901123
INFO - 11/05/25 18:30:48 - 0:13:06 - Epoch 112: val_AUC=0.9637610535130133, val_AP=0.9588861901452624
INFO - 11/05/25 18:30:48 - 0:13:07 - Epoch 113: train_loss=0.8004422783851624, train_AUC=0.992647181662546, train_AP=0.9899402035708191, time=0.3022463321685791
INFO - 11/05/25 18:30:48 - 0:13:07 - Epoch 113: val_AUC=0.9638384362496579, val_AP=0.9590042646880521
INFO - 11/05/25 18:30:49 - 0:13:07 - Epoch 114: train_loss=0.7986904382705688, train_AUC=0.9929810116032157, train_AP=0.9904214398169329, time=0.3019998073577881
INFO - 11/05/25 18:30:49 - 0:13:07 - Epoch 114: val_AUC=0.9639268154804571, val_AP=0.9591332240682943
INFO - 11/05/25 18:30:49 - 0:13:07 - Epoch 115: train_loss=0.7984412908554077, train_AUC=0.9928874409585605, train_AP=0.9903172764164996, time=0.30676889419555664
INFO - 11/05/25 18:30:49 - 0:13:08 - Epoch 115: val_AUC=0.9640166201827209, val_AP=0.959275885105703
INFO - 11/05/25 18:30:49 - 0:13:08 - Epoch 116: train_loss=0.7956974506378174, train_AUC=0.9932688025330746, train_AP=0.9910870444092702, time=0.3023068904876709
INFO - 11/05/25 18:30:49 - 0:13:08 - Epoch 116: val_AUC=0.9641114140351106, val_AP=0.959410078273453
INFO - 11/05/25 18:30:50 - 0:13:08 - Epoch 117: train_loss=0.7951622605323792, train_AUC=0.9930408750331854, train_AP=0.9906424613218389, time=0.3017146587371826
INFO - 11/05/25 18:30:50 - 0:13:08 - Epoch 117: val_AUC=0.9641907313401712, val_AP=0.959552259920825
INFO - 11/05/25 18:30:50 - 0:13:09 - Epoch 118: train_loss=0.7932350635528564, train_AUC=0.9932170580918022, train_AP=0.9908224895453199, time=0.3094813823699951
INFO - 11/05/25 18:30:50 - 0:13:09 - Epoch 118: val_AUC=0.9642587466929061, val_AP=0.9596710504164129
INFO - 11/05/25 18:30:51 - 0:13:09 - Epoch 119: train_loss=0.7918086051940918, train_AUC=0.9933197052934649, train_AP=0.9910596178525547, time=0.3009374141693115
INFO - 11/05/25 18:30:51 - 0:13:09 - Epoch 119: val_AUC=0.9643047690573316, val_AP=0.9597630403659286
INFO - 11/05/25 18:30:51 - 0:13:10 - Epoch 120: train_loss=0.7896175384521484, train_AUC=0.9934484578115262, train_AP=0.9910494982801168, time=0.3114614486694336
INFO - 11/05/25 18:30:51 - 0:13:10 - Epoch 120: val_AUC=0.9643617879159119, val_AP=0.9598643615624225
INFO - 11/05/25 18:30:51 - 0:13:10 - Epoch 121: train_loss=0.7891521453857422, train_AUC=0.9934570526783868, train_AP=0.9909738143155917, time=0.30388832092285156
INFO - 11/05/25 18:30:52 - 0:13:10 - Epoch 121: val_AUC=0.9644247122991307, val_AP=0.9599845846594917
INFO - 11/05/25 18:30:52 - 0:13:10 - Epoch 122: train_loss=0.7856212854385376, train_AUC=0.9936265681590931, train_AP=0.9912236722465153, time=0.30794572830200195
INFO - 11/05/25 18:30:52 - 0:13:10 - Epoch 122: val_AUC=0.9644805093250272, val_AP=0.960098073789635
INFO - 11/05/25 18:30:52 - 0:13:11 - Epoch 123: train_loss=0.7852178812026978, train_AUC=0.993666232656858, train_AP=0.9914739635249754, time=0.3141665458679199
INFO - 11/05/25 18:30:52 - 0:13:11 - Epoch 123: val_AUC=0.9645574847841104, val_AP=0.9602407355149097
INFO - 11/05/25 18:30:53 - 0:13:11 - Epoch 124: train_loss=0.7833927869796753, train_AUC=0.9939006037091124, train_AP=0.9918472604447237, time=0.3245248794555664
INFO - 11/05/25 18:30:53 - 0:13:11 - Epoch 124: val_AUC=0.9646210200836712, val_AP=0.9603803046312542
INFO - 11/05/25 18:30:53 - 0:13:12 - Epoch 125: train_loss=0.7819118499755859, train_AUC=0.9939063794117379, train_AP=0.9916380143999386, time=0.33176255226135254
INFO - 11/05/25 18:30:53 - 0:13:12 - Epoch 125: val_AUC=0.964689646352748, val_AP=0.9605159366528501
INFO - 11/05/25 18:30:54 - 0:13:12 - Epoch 126: train_loss=0.7805972099304199, train_AUC=0.9938208220833529, train_AP=0.9914027532129217, time=0.30971455574035645
INFO - 11/05/25 18:30:54 - 0:13:12 - Epoch 126: val_AUC=0.9647368905498573, val_AP=0.9606282006847795
INFO - 11/05/25 18:30:54 - 0:13:13 - Epoch 127: train_loss=0.7776341438293457, train_AUC=0.9946198074302335, train_AP=0.9929385341909309, time=0.3181602954864502
INFO - 11/05/25 18:30:54 - 0:13:13 - Epoch 127: val_AUC=0.9647912621042891, val_AP=0.9607478590592016
INFO - 11/05/25 18:30:55 - 0:13:13 - Epoch 128: train_loss=0.77854984998703, train_AUC=0.994077791184149, train_AP=0.992009796519226, time=0.356600284576416
INFO - 11/05/25 18:30:55 - 0:13:13 - Epoch 128: val_AUC=0.9648218079213857, val_AP=0.9608366470391362
INFO - 11/05/25 18:30:55 - 0:13:14 - Epoch 129: train_loss=0.7764567732810974, train_AUC=0.9940689388288075, train_AP=0.9916704978147257, time=0.3772165775299072
INFO - 11/05/25 18:30:55 - 0:13:14 - Epoch 129: val_AUC=0.9648588701794628, val_AP=0.9609303977816943
INFO - 11/05/25 18:30:55 - 0:13:14 - Epoch 130: train_loss=0.7744777202606201, train_AUC=0.9944209777137584, train_AP=0.9923902476722292, time=0.3540518283843994
INFO - 11/05/25 18:30:56 - 0:13:14 - Epoch 130: val_AUC=0.9648993942968108, val_AP=0.9610251894799725
INFO - 11/05/25 18:30:56 - 0:13:15 - Epoch 131: train_loss=0.7723722457885742, train_AUC=0.9946457977398071, train_AP=0.9927950059985982, time=0.36239194869995117
INFO - 11/05/25 18:30:56 - 0:13:15 - Epoch 131: val_AUC=0.9649325874180558, val_AP=0.9611135143646953
INFO - 11/05/25 18:30:56 - 0:13:15 - Epoch 132: train_loss=0.7726931571960449, train_AUC=0.9944310132480422, train_AP=0.9922661146114431, time=0.34821081161499023
INFO - 11/05/25 18:30:57 - 0:13:15 - Epoch 132: val_AUC=0.9649610968473459, val_AP=0.9612039512295922
INFO - 11/05/25 18:30:57 - 0:13:15 - Epoch 133: train_loss=0.7709760665893555, train_AUC=0.9946686169959631, train_AP=0.9929400125789879, time=0.3715500831604004
INFO - 11/05/25 18:30:57 - 0:13:16 - Epoch 133: val_AUC=0.9649806461702877, val_AP=0.9612826139726187
INFO - 11/05/25 18:30:57 - 0:13:16 - Epoch 134: train_loss=0.7698025703430176, train_AUC=0.9945156926146786, train_AP=0.9924868354489945, time=0.3553609848022461
INFO - 11/05/25 18:30:58 - 0:13:16 - Epoch 134: val_AUC=0.9649578386268555, val_AP=0.9613305253291147
INFO - 11/05/25 18:30:58 - 0:13:16 - Epoch 135: train_loss=0.7691762447357178, train_AUC=0.9945081999112328, train_AP=0.9924522150498242, time=0.3504786491394043
INFO - 11/05/25 18:30:58 - 0:13:17 - Epoch 135: val_AUC=0.9649619114024685, val_AP=0.961396446990641
INFO - 11/05/25 18:30:58 - 0:13:17 - Epoch 136: train_loss=0.7676371335983276, train_AUC=0.9946493317780118, train_AP=0.9925690825999112, time=0.3499748706817627
INFO - 11/05/25 18:30:58 - 0:13:17 - Epoch 136: val_AUC=0.9649676132883265, val_AP=0.9614756133827423
INFO - 11/05/25 18:30:59 - 0:13:17 - Epoch 137: train_loss=0.7671304941177368, train_AUC=0.9947626485485214, train_AP=0.9928197494833035, time=0.3619985580444336
INFO - 11/05/25 18:30:59 - 0:13:17 - Epoch 137: val_AUC=0.9650042682688423, val_AP=0.961590699026838
INFO - 11/05/25 18:30:59 - 0:13:18 - Epoch 138: train_loss=0.7642159461975098, train_AUC=0.9951393244314956, train_AP=0.9934048203767674, time=0.34888672828674316
INFO - 11/05/25 18:30:59 - 0:13:18 - Epoch 138: val_AUC=0.9650142465690938, val_AP=0.961663363320273
INFO - 11/05/25 18:31:00 - 0:13:18 - Epoch 139: train_loss=0.7637935280799866, train_AUC=0.9947989586512078, train_AP=0.9926468257290056, time=0.3537166118621826
INFO - 11/05/25 18:31:00 - 0:13:18 - Epoch 139: val_AUC=0.9650052864627455, val_AP=0.9617026649972462
INFO - 11/05/25 18:31:00 - 0:13:19 - Epoch 140: train_loss=0.7619186639785767, train_AUC=0.9950834036397821, train_AP=0.9933075739476339, time=0.35642528533935547
INFO - 11/05/25 18:31:00 - 0:13:19 - Epoch 140: val_AUC=0.9650128210976292, val_AP=0.9617646994171445
INFO - 11/05/25 18:31:01 - 0:13:19 - Epoch 141: train_loss=0.7605137825012207, train_AUC=0.9952173781369509, train_AP=0.9934520579404004, time=0.3622710704803467
INFO - 11/05/25 18:31:01 - 0:13:19 - Epoch 141: val_AUC=0.9649949008849327, val_AP=0.9618030396716126
INFO - 11/05/25 18:31:01 - 0:13:20 - Epoch 142: train_loss=0.7590159177780151, train_AUC=0.9952013972957958, train_AP=0.9933903851485409, time=0.35753417015075684
INFO - 11/05/25 18:31:01 - 0:13:20 - Epoch 142: val_AUC=0.9649454166612362, val_AP=0.9618047456861434
INFO - 11/05/25 18:31:02 - 0:13:20 - Epoch 143: train_loss=0.7578632235527039, train_AUC=0.9952967381297261, train_AP=0.9935988910783673, time=0.3707447052001953
INFO - 11/05/25 18:31:02 - 0:13:20 - Epoch 143: val_AUC=0.964882085000456, val_AP=0.9618125053749264
INFO - 11/05/25 18:31:02 - 0:13:21 - Epoch 144: train_loss=0.7575780749320984, train_AUC=0.9951529042189854, train_AP=0.9931651225766357, time=0.3468770980834961
INFO - 11/05/25 18:31:02 - 0:13:21 - Epoch 144: val_AUC=0.9648319898604178, val_AP=0.9618230639215142
INFO - 11/05/25 18:31:03 - 0:13:21 - Epoch 145: train_loss=0.7541256546974182, train_AUC=0.9956638807746868, train_AP=0.9940071928373884, time=0.34968137741088867
INFO - 11/05/25 18:31:03 - 0:13:21 - Epoch 145: val_AUC=0.9647882075225793, val_AP=0.9618434610886375
INFO - 11/05/25 18:31:03 - 0:13:22 - Epoch 146: train_loss=0.7543251514434814, train_AUC=0.9953614557987567, train_AP=0.9934887443869785, time=0.347243070602417
INFO - 11/05/25 18:31:03 - 0:13:22 - Epoch 146: val_AUC=0.964732410496683, val_AP=0.9618324900811207
INFO - 11/05/25 18:31:04 - 0:13:22 - Epoch 147: train_loss=0.7533175349235535, train_AUC=0.9955250604922513, train_AP=0.9938005824903413, time=0.34690356254577637
INFO - 11/05/25 18:31:04 - 0:13:22 - Epoch 147: val_AUC=0.9646882208812834, val_AP=0.9618439019453907
INFO - 11/05/25 18:31:04 - 0:13:23 - Epoch 148: train_loss=0.7534734010696411, train_AUC=0.9952879157149057, train_AP=0.9933339971359876, time=0.3406181335449219
INFO - 11/05/25 18:31:04 - 0:13:23 - Epoch 148: val_AUC=0.9646574714254064, val_AP=0.9618599091714412
INFO - 11/05/25 18:31:05 - 0:13:23 - Epoch 149: train_loss=0.7515637874603271, train_AUC=0.9956416450064491, train_AP=0.9941551203577116, time=0.342787504196167
INFO - 11/05/25 18:31:05 - 0:13:23 - Epoch 149: val_AUC=0.9646154200172035, val_AP=0.9618628874641953
INFO - 11/05/25 18:31:05 - 0:13:23 - Epoch 150: train_loss=0.7510420083999634, train_AUC=0.9955430226914151, train_AP=0.9939164346348022, time=0.34070873260498047
INFO - 11/05/25 18:31:05 - 0:13:24 - Epoch 150: val_AUC=0.9645823287153489, val_AP=0.9618782605843224
INFO - 11/05/25 18:31:05 - 0:13:24 - Epoch 151: train_loss=0.7497655153274536, train_AUC=0.9956045501098706, train_AP=0.9939041696399018, time=0.3375568389892578
INFO - 11/05/25 18:31:06 - 0:13:24 - Epoch 151: val_AUC=0.9645633903087488, val_AP=0.961910490997395
INFO - 11/05/25 18:31:06 - 0:13:24 - Epoch 152: train_loss=0.7480337619781494, train_AUC=0.9957399592863582, train_AP=0.9940474787141529, time=0.33690476417541504
INFO - 11/05/25 18:31:06 - 0:13:24 - Epoch 152: val_AUC=0.9645126842523689, val_AP=0.961905650976081
INFO - 11/05/25 18:31:06 - 0:13:25 - Epoch 153: train_loss=0.7479625940322876, train_AUC=0.9956738011260251, train_AP=0.9941719719403128, time=0.3397490978240967
INFO - 11/05/25 18:31:06 - 0:13:25 - Epoch 153: val_AUC=0.9644845821006398, val_AP=0.9619191221980601
INFO - 11/05/25 18:31:07 - 0:13:25 - Epoch 154: train_loss=0.7467584609985352, train_AUC=0.9957160702729981, train_AP=0.9940053142951473, time=0.3072211742401123
INFO - 11/05/25 18:31:07 - 0:13:25 - Epoch 154: val_AUC=0.9644379488198725, val_AP=0.9619232599622096
INFO - 11/05/25 18:31:07 - 0:13:26 - Epoch 155: train_loss=0.7452659606933594, train_AUC=0.9958934720869411, train_AP=0.9943161566303388, time=0.3045084476470947
INFO - 11/05/25 18:31:07 - 0:13:26 - Epoch 155: val_AUC=0.9644055702537503, val_AP=0.9619236758022601
INFO - 11/05/25 18:31:08 - 0:13:26 - Epoch 156: train_loss=0.7440704107284546, train_AUC=0.9960082663341027, train_AP=0.9945214587396108, time=0.30536723136901855
INFO - 11/05/25 18:31:08 - 0:13:26 - Epoch 156: val_AUC=0.9643909082615439, val_AP=0.9619553170921261
INFO - 11/05/25 18:31:08 - 0:13:26 - Epoch 157: train_loss=0.7415980100631714, train_AUC=0.9962391125064292, train_AP=0.9947435598733056, time=0.29932403564453125
INFO - 11/05/25 18:31:08 - 0:13:27 - Epoch 157: val_AUC=0.9643829663490987, val_AP=0.9619881205568441
INFO - 11/05/25 18:31:08 - 0:13:27 - Epoch 158: train_loss=0.7409079074859619, train_AUC=0.996078243672073, train_AP=0.9945424985616795, time=0.29931211471557617
INFO - 11/05/25 18:31:08 - 0:13:27 - Epoch 158: val_AUC=0.9643699334671374, val_AP=0.962011144715297
INFO - 11/05/25 18:31:09 - 0:13:27 - Epoch 159: train_loss=0.7412246465682983, train_AUC=0.9960815594967156, train_AP=0.9947271116086301, time=0.30301618576049805
INFO - 11/05/25 18:31:09 - 0:13:27 - Epoch 159: val_AUC=0.9643395912888216, val_AP=0.9620073057212458
INFO - 11/05/25 18:31:09 - 0:13:28 - Epoch 160: train_loss=0.7381651997566223, train_AUC=0.9961949014524869, train_AP=0.994580893627862, time=0.29880690574645996
INFO - 11/05/25 18:31:09 - 0:13:28 - Epoch 160: val_AUC=0.9643079254584316, val_AP=0.9620161864280443
INFO - 11/05/25 18:31:10 - 0:13:28 - Epoch 161: train_loss=0.7380419969558716, train_AUC=0.9962817268499976, train_AP=0.9948243538507303, time=0.2978658676147461
INFO - 11/05/25 18:31:10 - 0:13:28 - Epoch 161: val_AUC=0.9642823687914608, val_AP=0.962030987949877
INFO - 11/05/25 18:31:10 - 0:13:29 - Epoch 162: train_loss=0.7370941638946533, train_AUC=0.9962337189857485, train_AP=0.994665448783304, time=0.3073878288269043
INFO - 11/05/25 18:31:10 - 0:13:29 - Epoch 162: val_AUC=0.9642391973699644, val_AP=0.9620210551948806
INFO - 11/05/25 18:31:10 - 0:13:29 - Epoch 163: train_loss=0.7351354360580444, train_AUC=0.9965677724236017, train_AP=0.9953396054794178, time=0.3024439811706543
INFO - 11/05/25 18:31:10 - 0:13:29 - Epoch 163: val_AUC=0.9641911386177324, val_AP=0.9620216821747495
INFO - 11/05/25 18:31:11 - 0:13:29 - Epoch 164: train_loss=0.7346010208129883, train_AUC=0.9965586652215901, train_AP=0.9953148621492436, time=0.3066987991333008
INFO - 11/05/25 18:31:11 - 0:13:29 - Epoch 164: val_AUC=0.9641520399718488, val_AP=0.9620124941242129
INFO - 11/05/25 18:31:11 - 0:13:30 - Epoch 165: train_loss=0.7351908683776855, train_AUC=0.9962950968777196, train_AP=0.9946463843975913, time=0.2983834743499756
INFO - 11/05/25 18:31:11 - 0:13:30 - Epoch 165: val_AUC=0.9641204759608493, val_AP=0.9620181547201042
INFO - 11/05/25 18:31:12 - 0:13:30 - Epoch 166: train_loss=0.7331978678703308, train_AUC=0.9962563633540377, train_AP=0.9948555129782629, time=0.2991669178009033
INFO - 11/05/25 18:31:12 - 0:13:30 - Epoch 166: val_AUC=0.9640740463188625, val_AP=0.9620064888308096
INFO - 11/05/25 18:31:12 - 0:13:30 - Epoch 167: train_loss=0.7329859733581543, train_AUC=0.9964684042373527, train_AP=0.995067510198843, time=0.2992377281188965
INFO - 11/05/25 18:31:12 - 0:13:31 - Epoch 167: val_AUC=0.9640573479388498, val_AP=0.962027813308715
INFO - 11/05/25 18:31:12 - 0:13:31 - Epoch 168: train_loss=0.7311331033706665, train_AUC=0.9964725664981368, train_AP=0.9949397740204845, time=0.29857492446899414
INFO - 11/05/25 18:31:12 - 0:13:31 - Epoch 168: val_AUC=0.9640265984829726, val_AP=0.9620365984168023
INFO - 11/05/25 18:31:13 - 0:13:31 - Epoch 169: train_loss=0.7295591831207275, train_AUC=0.9964972126544371, train_AP=0.9949231300520957, time=0.3008298873901367
INFO - 11/05/25 18:31:13 - 0:13:31 - Epoch 169: val_AUC=0.9639848525329406, val_AP=0.9620405489207127
INFO - 11/05/25 18:31:13 - 0:13:32 - Epoch 170: train_loss=0.7291027903556824, train_AUC=0.9966235223782246, train_AP=0.9953139449494266, time=0.29762864112854004
INFO - 11/05/25 18:31:13 - 0:13:32 - Epoch 170: val_AUC=0.9639575649363343, val_AP=0.9620517372280206
INFO - 11/05/25 18:31:14 - 0:13:32 - Epoch 171: train_loss=0.7285324335098267, train_AUC=0.9964172105255464, train_AP=0.994974135484793, time=0.29865407943725586
INFO - 11/05/25 18:31:14 - 0:13:32 - Epoch 171: val_AUC=0.9639347573929024, val_AP=0.9620636509862233
INFO - 11/05/25 18:31:14 - 0:13:32 - Epoch 172: train_loss=0.727022647857666, train_AUC=0.9966952572247788, train_AP=0.9953289904263369, time=0.30016589164733887
INFO - 11/05/25 18:31:14 - 0:13:33 - Epoch 172: val_AUC=0.9638860877243286, val_AP=0.9620561071579401
INFO - 11/05/25 18:31:14 - 0:13:33 - Epoch 173: train_loss=0.7268252372741699, train_AUC=0.9964695595892227, train_AP=0.9950069710554903, time=0.29821157455444336
INFO - 11/05/25 18:31:14 - 0:13:33 - Epoch 173: val_AUC=0.9637949593699905, val_AP=0.9620047433974492
INFO - 11/05/25 18:31:15 - 0:13:33 - Epoch 174: train_loss=0.7258486747741699, train_AUC=0.9965439114134349, train_AP=0.9951387047006056, time=0.2982351779937744
INFO - 11/05/25 18:31:15 - 0:13:33 - Epoch 174: val_AUC=0.9637148275098073, val_AP=0.9619670911558367
INFO - 11/05/25 18:31:15 - 0:13:34 - Epoch 175: train_loss=0.7230238914489746, train_AUC=0.9970013426935846, train_AP=0.9958182922817509, time=0.2993123531341553
INFO - 11/05/25 18:31:15 - 0:13:34 - Epoch 175: val_AUC=0.96365241222354, val_AP=0.9619447729056368
INFO - 11/05/25 18:31:16 - 0:13:34 - Epoch 176: train_loss=0.7232766151428223, train_AUC=0.9967777699544176, train_AP=0.9955537608241017, time=0.29879069328308105
INFO - 11/05/25 18:31:16 - 0:13:34 - Epoch 176: val_AUC=0.9636443684917044, val_AP=0.9619761348211691
INFO - 11/05/25 18:31:16 - 0:13:34 - Epoch 177: train_loss=0.72254478931427, train_AUC=0.9967938171930809, train_AP=0.9954426941466981, time=0.2975807189941406
INFO - 11/05/25 18:31:16 - 0:13:35 - Epoch 177: val_AUC=0.96364925582244, val_AP=0.9620156758663447
INFO - 11/05/25 18:31:16 - 0:13:35 - Epoch 178: train_loss=0.7218729257583618, train_AUC=0.9968354471979906, train_AP=0.9954558521289791, time=0.2981538772583008
INFO - 11/05/25 18:31:16 - 0:13:35 - Epoch 178: val_AUC=0.9635910151311761, val_AP=0.9619864061079357
INFO - 11/05/25 18:31:17 - 0:13:35 - Epoch 179: train_loss=0.7207612991333008, train_AUC=0.996833968136252, train_AP=0.9953084475008727, time=0.2996482849121094
INFO - 11/05/25 18:31:17 - 0:13:35 - Epoch 179: val_AUC=0.9634792174406026, val_AP=0.9619177466098607
INFO - 11/05/25 18:31:17 - 0:13:36 - Epoch 180: train_loss=0.7199689149856567, train_AUC=0.9970179394288691, train_AP=0.995837172464115, time=0.29387760162353516
INFO - 11/05/25 18:31:17 - 0:13:36 - Epoch 180: val_AUC=0.9633996964967613, val_AP=0.961875864401119
INFO - 11/05/25 18:31:18 - 0:13:36 - Epoch 181: train_loss=0.7189091444015503, train_AUC=0.9970355972914426, train_AP=0.9959570417777118, time=0.2932720184326172
INFO - 11/05/25 18:31:18 - 0:13:36 - Epoch 181: val_AUC=0.9633268956326813, val_AP=0.961829529124914
INFO - 11/05/25 18:31:18 - 0:13:36 - Epoch 182: train_loss=0.7167424559593201, train_AUC=0.9969816950192082, train_AP=0.9957882656809625, time=0.30703091621398926
INFO - 11/05/25 18:31:18 - 0:13:37 - Epoch 182: val_AUC=0.9632566402533591, val_AP=0.9618024303560597
INFO - 11/05/25 18:31:18 - 0:13:37 - Epoch 183: train_loss=0.7166018486022949, train_AUC=0.9970693451900126, train_AP=0.9958746908709717, time=0.2926754951477051
INFO - 11/05/25 18:31:18 - 0:13:37 - Epoch 183: val_AUC=0.9631538026691342, val_AP=0.961729943952409
INFO - 11/05/25 18:31:19 - 0:13:37 - Epoch 184: train_loss=0.7149649858474731, train_AUC=0.9970468241062217, train_AP=0.9957035006303816, time=0.2989776134490967
INFO - 11/05/25 18:31:19 - 0:13:37 - Epoch 184: val_AUC=0.9630988201983605, val_AP=0.9617116258516839
INFO - 11/05/25 18:31:19 - 0:13:38 - Epoch 185: train_loss=0.7148359417915344, train_AUC=0.9971407422370414, train_AP=0.9959760851501737, time=0.29772090911865234
INFO - 11/05/25 18:31:19 - 0:13:38 - Epoch 185: val_AUC=0.9630733653507798, val_AP=0.9617154457301994
INFO - 11/05/25 18:31:19 - 0:13:38 - Epoch 186: train_loss=0.7139972448348999, train_AUC=0.9972095929308178, train_AP=0.9960482730727269, time=0.2945699691772461
INFO - 11/05/25 18:31:20 - 0:13:38 - Epoch 186: val_AUC=0.96301329191049, val_AP=0.9616871481643972
INFO - 11/05/25 18:31:20 - 0:13:38 - Epoch 187: train_loss=0.7139343619346619, train_AUC=0.9971018553122194, train_AP=0.9959233527949711, time=0.2962212562561035
INFO - 11/05/25 18:31:20 - 0:13:39 - Epoch 187: val_AUC=0.9629373346453101, val_AP=0.9616554026540484
INFO - 11/05/25 18:31:20 - 0:13:39 - Epoch 188: train_loss=0.7131588459014893, train_AUC=0.9971121273766194, train_AP=0.9958936719008097, time=0.2958085536956787
INFO - 11/05/25 18:31:20 - 0:13:39 - Epoch 188: val_AUC=0.9628404025857238, val_AP=0.9616148383715407
INFO - 11/05/25 18:31:21 - 0:13:39 - Epoch 189: train_loss=0.7119591236114502, train_AUC=0.997113507282397, train_AP=0.9958748351782423, time=0.2944962978363037
INFO - 11/05/25 18:31:21 - 0:13:39 - Epoch 189: val_AUC=0.9627766636473822, val_AP=0.9615925536468021
INFO - 11/05/25 18:31:21 - 0:13:40 - Epoch 190: train_loss=0.7102158069610596, train_AUC=0.997248033565756, train_AP=0.9961777918212394, time=0.29569268226623535
INFO - 11/05/25 18:31:21 - 0:13:40 - Epoch 190: val_AUC=0.9627009100209829, val_AP=0.9615559783780109
INFO - 11/05/25 18:31:21 - 0:13:40 - Epoch 191: train_loss=0.7103800177574158, train_AUC=0.9973973207020986, train_AP=0.9964374218055143, time=0.29686975479125977
INFO - 11/05/25 18:31:22 - 0:13:40 - Epoch 191: val_AUC=0.9626557022116802, val_AP=0.9615368687166145
INFO - 11/05/25 18:31:22 - 0:13:40 - Epoch 192: train_loss=0.7089415788650513, train_AUC=0.9972552395446826, train_AP=0.9960629712448381, time=0.29538965225219727
INFO - 11/05/25 18:31:22 - 0:13:40 - Epoch 192: val_AUC=0.9625720066728355, val_AP=0.961486354782909
INFO - 11/05/25 18:31:22 - 0:13:41 - Epoch 193: train_loss=0.7090855836868286, train_AUC=0.9969733176614266, train_AP=0.9954561090081566, time=0.2920076847076416
INFO - 11/05/25 18:31:22 - 0:13:41 - Epoch 193: val_AUC=0.9624913657157006, val_AP=0.9614414931868128
INFO - 11/05/25 18:31:23 - 0:13:41 - Epoch 194: train_loss=0.7078288793563843, train_AUC=0.9972297203580135, train_AP=0.9960439182392946, time=0.2929260730743408
INFO - 11/05/25 18:31:23 - 0:13:41 - Epoch 194: val_AUC=0.9624402523817592, val_AP=0.9614271318228087
INFO - 11/05/25 18:31:23 - 0:13:42 - Epoch 195: train_loss=0.7067279815673828, train_AUC=0.9974945236603157, train_AP=0.9965204321938477, time=0.3044431209564209
INFO - 11/05/25 18:31:23 - 0:13:42 - Epoch 195: val_AUC=0.962374680694392, val_AP=0.9613945470324735
INFO - 11/05/25 18:31:23 - 0:13:42 - Epoch 196: train_loss=0.7055586576461792, train_AUC=0.9976408290730062, train_AP=0.9968982782204482, time=0.2943384647369385
INFO - 11/05/25 18:31:24 - 0:13:42 - Epoch 196: val_AUC=0.9622657339467477, val_AP=0.9613191361145246
INFO - 11/05/25 18:31:24 - 0:13:42 - Epoch 197: train_loss=0.7047356963157654, train_AUC=0.997670453985711, train_AP=0.996696826085819, time=0.2926638126373291
INFO - 11/05/25 18:31:24 - 0:13:42 - Epoch 197: val_AUC=0.9621824456854645, val_AP=0.9612618511305671
INFO - 11/05/25 18:31:24 - 0:13:43 - Epoch 198: train_loss=0.7035499215126038, train_AUC=0.9974990096309682, train_AP=0.9964733371453921, time=0.2982041835784912
INFO - 11/05/25 18:31:24 - 0:13:43 - Epoch 198: val_AUC=0.9621144303327295, val_AP=0.9612239817819576
INFO - 11/05/25 18:31:25 - 0:13:43 - Epoch 199: train_loss=0.7035706639289856, train_AUC=0.9974350313166859, train_AP=0.996225717096715, time=0.2942774295806885
INFO - 11/05/25 18:31:25 - 0:13:43 - Epoch 199: val_AUC=0.9620537459760976, val_AP=0.9611984882437967
INFO - 11/05/25 18:31:25 - 0:13:44 - Epoch 200: train_loss=0.7024661302566528, train_AUC=0.9975326604870258, train_AP=0.9963378090839364, time=0.29516053199768066
INFO - 11/05/25 18:31:25 - 0:13:44 - Epoch 200: val_AUC=0.961986748817266, val_AP=0.9611762538080857
INFO - 11/05/25 18:31:25 - 0:13:44 - Epoch 201: train_loss=0.7017849683761597, train_AUC=0.9975227785300026, train_AP=0.9964776929684183, time=0.2983419895172119
INFO - 11/05/25 18:31:25 - 0:13:44 - Epoch 201: val_AUC=0.9618761729593767, val_AP=0.9611021054276263
INFO - 11/05/25 18:31:26 - 0:13:44 - Epoch 202: train_loss=0.7015702724456787, train_AUC=0.9976350530181393, train_AP=0.9967225406550951, time=0.29320216178894043
INFO - 11/05/25 18:31:26 - 0:13:44 - Epoch 202: val_AUC=0.9617784263446675, val_AP=0.9610383408586769
INFO - 11/05/25 18:31:26 - 0:13:45 - Epoch 203: train_loss=0.700045108795166, train_AUC=0.9976707474028169, train_AP=0.9967301423989832, time=0.295269250869751
INFO - 11/05/25 18:31:26 - 0:13:45 - Epoch 203: val_AUC=0.9616945271670425, val_AP=0.9609941253379897
INFO - 11/05/25 18:31:27 - 0:13:45 - Epoch 204: train_loss=0.6993261575698853, train_AUC=0.997772177962602, train_AP=0.9970139644324226, time=0.29405856132507324
INFO - 11/05/25 18:31:27 - 0:13:45 - Epoch 204: val_AUC=0.9615998351340432, val_AP=0.9609420604313637
INFO - 11/05/25 18:31:27 - 0:13:45 - Epoch 205: train_loss=0.6986830234527588, train_AUC=0.9976441806501534, train_AP=0.9966540325879516, time=0.29801273345947266
INFO - 11/05/25 18:31:27 - 0:13:46 - Epoch 205: val_AUC=0.9614360077350155, val_AP=0.9608172221187992
INFO - 11/05/25 18:31:27 - 0:13:46 - Epoch 206: train_loss=0.6977847814559937, train_AUC=0.9976825550637037, train_AP=0.9968703788888533, time=0.29355359077453613
INFO - 11/05/25 18:31:27 - 0:13:46 - Epoch 206: val_AUC=0.9612736058074524, val_AP=0.9607025871924001
INFO - 11/05/25 18:31:28 - 0:13:46 - Epoch 207: train_loss=0.697114109992981, train_AUC=0.9975321314204073, train_AP=0.9963513805095381, time=0.29289913177490234
INFO - 11/05/25 18:31:28 - 0:13:46 - Epoch 207: val_AUC=0.9611884847971432, val_AP=0.9606694814695136
INFO - 11/05/25 18:31:28 - 0:13:47 - Epoch 208: train_loss=0.6960163712501526, train_AUC=0.9976449147212806, train_AP=0.9966079696800507, time=0.2942180633544922
INFO - 11/05/25 18:31:28 - 0:13:47 - Epoch 208: val_AUC=0.9611434806266209, val_AP=0.9606648420001405
INFO - 11/05/25 18:31:29 - 0:13:47 - Epoch 209: train_loss=0.6954149007797241, train_AUC=0.997687758197895, train_AP=0.9966110969573211, time=0.3018815517425537
INFO - 11/05/25 18:31:29 - 0:13:47 - Epoch 209: val_AUC=0.9610274065216542, val_AP=0.96059080113926
INFO - 11/05/25 18:31:29 - 0:13:47 - Epoch 210: train_loss=0.6935300230979919, train_AUC=0.9980769830338325, train_AP=0.9974550446859347, time=0.2972888946533203
INFO - 11/05/25 18:31:29 - 0:13:48 - Epoch 210: val_AUC=0.9608889321508166, val_AP=0.9604896663277377
INFO - 11/05/25 18:31:29 - 0:13:48 - Epoch 211: train_loss=0.6941614151000977, train_AUC=0.997795439810107, train_AP=0.996692122670568, time=0.30512237548828125
INFO - 11/05/25 18:31:29 - 0:13:48 - Epoch 211: val_AUC=0.9608349678739458, val_AP=0.9604616968676821
INFO - 11/05/25 18:31:30 - 0:13:48 - Epoch 212: train_loss=0.6938916444778442, train_AUC=0.9977136116616754, train_AP=0.9966218150826696, time=0.29898762702941895
INFO - 11/05/25 18:31:30 - 0:13:48 - Epoch 212: val_AUC=0.9608040147792881, val_AP=0.9604650033273648
INFO - 11/05/25 18:31:30 - 0:13:49 - Epoch 213: train_loss=0.6926306486129761, train_AUC=0.997966390146253, train_AP=0.997067826351784, time=0.30138731002807617
INFO - 11/05/25 18:31:30 - 0:13:49 - Epoch 213: val_AUC=0.9606307181769606, val_AP=0.9603533855889993
INFO - 11/05/25 18:31:31 - 0:13:49 - Epoch 214: train_loss=0.6916713118553162, train_AUC=0.9979837567051691, train_AP=0.9971759326002987, time=0.3397789001464844
INFO - 11/05/25 18:31:31 - 0:13:49 - Epoch 214: val_AUC=0.9605246223722452, val_AP=0.960295198588678
INFO - 11/05/25 18:31:31 - 0:13:50 - Epoch 215: train_loss=0.6911890506744385, train_AUC=0.9979276538046397, train_AP=0.9971215235127779, time=0.3403778076171875
INFO - 11/05/25 18:31:31 - 0:13:50 - Epoch 215: val_AUC=0.9605398952807935, val_AP=0.9603242970599826
INFO - 11/05/25 18:31:31 - 0:13:50 - Epoch 216: train_loss=0.6915258765220642, train_AUC=0.9978412208040751, train_AP=0.9969641527624821, time=0.3003878593444824
INFO - 11/05/25 18:31:31 - 0:13:50 - Epoch 216: val_AUC=0.9604006063548333, val_AP=0.9602223524545646
INFO - 11/05/25 18:31:32 - 0:13:50 - Epoch 217: train_loss=0.6894737482070923, train_AUC=0.9977926969061401, train_AP=0.9966865566082802, time=0.30081820487976074
INFO - 11/05/25 18:31:32 - 0:13:50 - Epoch 217: val_AUC=0.9602142768705443, val_AP=0.9600704874075456
INFO - 11/05/25 18:31:32 - 0:13:51 - Epoch 218: train_loss=0.6900906562805176, train_AUC=0.9977754730050007, train_AP=0.9968081184365021, time=0.30080199241638184
INFO - 11/05/25 18:31:32 - 0:13:51 - Epoch 218: val_AUC=0.9602763866986407, val_AP=0.9601314885681224
INFO - 11/05/25 18:31:33 - 0:13:51 - Epoch 219: train_loss=0.6889145374298096, train_AUC=0.9978969353584348, train_AP=0.9970963083763748, time=0.29961156845092773
INFO - 11/05/25 18:31:33 - 0:13:51 - Epoch 219: val_AUC=0.960261317428873, val_AP=0.9601354286762018
INFO - 11/05/25 18:31:33 - 0:13:52 - Epoch 220: train_loss=0.6867446899414062, train_AUC=0.9980175937208192, train_AP=0.9971547955481529, time=0.29855966567993164
INFO - 11/05/25 18:31:33 - 0:13:52 - Epoch 220: val_AUC=0.9600307983291846, val_AP=0.9599531269557926
INFO - 11/05/25 18:31:33 - 0:13:52 - Epoch 221: train_loss=0.6873511075973511, train_AUC=0.9979397483661663, train_AP=0.9971004022868759, time=0.29824066162109375
INFO - 11/05/25 18:31:33 - 0:13:52 - Epoch 221: val_AUC=0.9600224491391781, val_AP=0.9599738683634484
INFO - 11/05/25 18:31:34 - 0:13:52 - Epoch 222: train_loss=0.6865627765655518, train_AUC=0.9978295985982978, train_AP=0.9966692841601462, time=0.2955317497253418
INFO - 11/05/25 18:31:34 - 0:13:52 - Epoch 222: val_AUC=0.9599731685542624, val_AP=0.9599377558676878
INFO - 11/05/25 18:31:34 - 0:13:53 - Epoch 223: train_loss=0.6862459182739258, train_AUC=0.9980621913597242, train_AP=0.9972626257490521, time=0.3019068241119385
INFO - 11/05/25 18:31:34 - 0:13:53 - Epoch 223: val_AUC=0.959761995138735, val_AP=0.9597573705458913
INFO - 11/05/25 18:31:35 - 0:13:53 - Epoch 224: train_loss=0.6865701675415039, train_AUC=0.9978421891157491, train_AP=0.9969245857894153, time=0.29543614387512207
INFO - 11/05/25 18:31:35 - 0:13:53 - Epoch 224: val_AUC=0.9597078272230839, val_AP=0.9597192489674197
INFO - 11/05/25 18:31:35 - 0:13:53 - Epoch 225: train_loss=0.6853348016738892, train_AUC=0.9977986048754204, train_AP=0.9968022647245156, time=0.2965092658996582
INFO - 11/05/25 18:31:35 - 0:13:54 - Epoch 225: val_AUC=0.9597326711543224, val_AP=0.9597673159002706
INFO - 11/05/25 18:31:35 - 0:13:54 - Epoch 226: train_loss=0.6840375661849976, train_AUC=0.9981209003184274, train_AP=0.9973161395606883, time=0.2967829704284668
INFO - 11/05/25 18:31:35 - 0:13:54 - Epoch 226: val_AUC=0.9596033605286137, val_AP=0.9596817184788244
INFO - 11/05/25 18:31:36 - 0:13:54 - Epoch 227: train_loss=0.6838099956512451, train_AUC=0.9979642557393457, train_AP=0.9970931348730807, time=0.2958705425262451
INFO - 11/05/25 18:31:36 - 0:13:54 - Epoch 227: val_AUC=0.9595221086551369, val_AP=0.9596185475162352
INFO - 11/05/25 18:31:36 - 0:13:55 - Epoch 228: train_loss=0.6831139922142029, train_AUC=0.9979453757751523, train_AP=0.9970573050162014, time=0.3081395626068115
INFO - 11/05/25 18:31:36 - 0:13:55 - Epoch 228: val_AUC=0.9595241450429434, val_AP=0.9596394967657009
INFO - 11/05/25 18:31:37 - 0:13:55 - Epoch 229: train_loss=0.6816198229789734, train_AUC=0.9981185253306275, train_AP=0.9973135285160204, time=0.29500460624694824
INFO - 11/05/25 18:31:37 - 0:13:55 - Epoch 229: val_AUC=0.9593429065281704, val_AP=0.9595178459671468
INFO - 11/05/25 18:31:37 - 0:13:55 - Epoch 230: train_loss=0.6819944977760315, train_AUC=0.9979748478150792, train_AP=0.996909020120283, time=0.2940521240234375
INFO - 11/05/25 18:31:37 - 0:13:56 - Epoch 230: val_AUC=0.9592673565405517, val_AP=0.9594631025165401
INFO - 11/05/25 18:31:37 - 0:13:56 - Epoch 231: train_loss=0.6815379858016968, train_AUC=0.9981642547212272, train_AP=0.997497289798063, time=0.29123449325561523
INFO - 11/05/25 18:31:37 - 0:13:56 - Epoch 231: val_AUC=0.9592670510823806, val_AP=0.9594424908075501
INFO - 11/05/25 18:31:38 - 0:13:56 - Epoch 232: train_loss=0.6806132793426514, train_AUC=0.9980799358736879, train_AP=0.9971089769021574, time=0.292142391204834
INFO - 11/05/25 18:31:38 - 0:13:56 - Epoch 232: val_AUC=0.9589655638676382, val_AP=0.9591891030409049
INFO - 11/05/25 18:31:38 - 0:13:57 - Epoch 233: train_loss=0.6802027225494385, train_AUC=0.9981671342948664, train_AP=0.9974445605155454, time=0.29574060440063477
INFO - 11/05/25 18:31:38 - 0:13:57 - Epoch 233: val_AUC=0.9592928113881322, val_AP=0.9594528800150652
INFO - 11/05/25 18:31:38 - 0:13:57 - Epoch 234: train_loss=0.6813474893569946, train_AUC=0.9981377098075318, train_AP=0.9973309379989559, time=0.29495859146118164
INFO - 11/05/25 18:31:39 - 0:13:57 - Epoch 234: val_AUC=0.9595070393853692, val_AP=0.9596743263725042
INFO - 11/05/25 18:31:39 - 0:13:57 - Epoch 235: train_loss=0.680176854133606, train_AUC=0.9982136104372843, train_AP=0.997481707288086, time=0.2924208641052246
INFO - 11/05/25 18:31:39 - 0:13:57 - Epoch 235: val_AUC=0.9592321270315005, val_AP=0.9594839875750922
INFO - 11/05/25 18:31:39 - 0:13:58 - Epoch 236: train_loss=0.6803354024887085, train_AUC=0.9983001563312252, train_AP=0.9977426227151123, time=0.2936561107635498
INFO - 11/05/25 18:31:39 - 0:13:58 - Epoch 236: val_AUC=0.9591343804167916, val_AP=0.959431578687206
INFO - 11/05/25 18:31:40 - 0:13:58 - Epoch 237: train_loss=0.6805278062820435, train_AUC=0.9981285099660259, train_AP=0.9973453890445103, time=0.3065636157989502
INFO - 11/05/25 18:31:40 - 0:13:58 - Epoch 237: val_AUC=0.9593131752661966, val_AP=0.95956000083473
INFO - 11/05/25 18:31:40 - 0:13:59 - Epoch 238: train_loss=0.6802924871444702, train_AUC=0.9983086874423881, train_AP=0.9975620649521244, time=0.29936933517456055
INFO - 11/05/25 18:31:40 - 0:13:59 - Epoch 238: val_AUC=0.959084488915534, val_AP=0.9593686387711747
INFO - 11/05/25 18:31:40 - 0:13:59 - Epoch 239: train_loss=0.6789886355400085, train_AUC=0.9981952671129, train_AP=0.997444498785938, time=0.2973787784576416
INFO - 11/05/25 18:31:41 - 0:13:59 - Epoch 239: val_AUC=0.9586880042096209, val_AP=0.9590829929402971
INFO - 11/05/25 18:31:41 - 0:13:59 - Epoch 240: train_loss=0.6799228191375732, train_AUC=0.9980832531072963, train_AP=0.9972287114777162, time=0.29839229583740234
INFO - 11/05/25 18:31:41 - 0:13:59 - Epoch 240: val_AUC=0.9588916429902645, val_AP=0.959310257510779
INFO - 11/05/25 18:31:41 - 0:14:00 - Epoch 241: train_loss=0.6766804456710815, train_AUC=0.9983818569682613, train_AP=0.9977878994603395, time=0.3043994903564453
INFO - 11/05/25 18:31:41 - 0:14:00 - Epoch 241: val_AUC=0.9590447793533085, val_AP=0.9594623511169073
INFO - 11/05/25 18:31:42 - 0:14:00 - Epoch 242: train_loss=0.6772717237472534, train_AUC=0.9983204154967132, train_AP=0.9976657891899475, time=0.30057859420776367
INFO - 11/05/25 18:31:42 - 0:14:00 - Epoch 242: val_AUC=0.9586275234917698, val_AP=0.95912929652247
INFO - 11/05/25 18:31:42 - 0:14:01 - Epoch 243: train_loss=0.6768695116043091, train_AUC=0.9982392405800019, train_AP=0.9974950041028972, time=0.2995750904083252
INFO - 11/05/25 18:31:42 - 0:14:01 - Epoch 243: val_AUC=0.9583904879511009, val_AP=0.9589194654726962
INFO - 11/05/25 18:31:42 - 0:14:01 - Epoch 244: train_loss=0.6745944023132324, train_AUC=0.9983053263547225, train_AP=0.9975550727035677, time=0.2986295223236084
INFO - 11/05/25 18:31:43 - 0:14:01 - Epoch 244: val_AUC=0.9585149112460739, val_AP=0.9591715168774007
INFO - 11/05/25 18:31:43 - 0:14:01 - Epoch 245: train_loss=0.6750707626342773, train_AUC=0.9982415047878739, train_AP=0.9973461116906286, time=0.29799461364746094
INFO - 11/05/25 18:31:43 - 0:14:01 - Epoch 245: val_AUC=0.9581945874441214, val_AP=0.9589312176570098
INFO - 11/05/25 18:31:43 - 0:14:02 - Epoch 246: train_loss=0.674270749092102, train_AUC=0.9982194236536214, train_AP=0.997419616025722, time=0.3063821792602539
INFO - 11/05/25 18:31:43 - 0:14:02 - Epoch 246: val_AUC=0.9577400656857249, val_AP=0.9585822075581603
INFO - 11/05/25 18:31:44 - 0:14:02 - Epoch 247: train_loss=0.6739946603775024, train_AUC=0.9983991289503552, train_AP=0.9976825558485898, time=0.2991199493408203
INFO - 11/05/25 18:31:44 - 0:14:02 - Epoch 247: val_AUC=0.9577800807061216, val_AP=0.9586471180438356
INFO - 11/05/25 18:31:44 - 0:14:03 - Epoch 248: train_loss=0.6735121607780457, train_AUC=0.9983386131692686, train_AP=0.9975960362105373, time=0.30115795135498047
INFO - 11/05/25 18:31:44 - 0:14:03 - Epoch 248: val_AUC=0.9577732588069701, val_AP=0.9586477816665693
INFO - 11/05/25 18:31:44 - 0:14:03 - Epoch 249: train_loss=0.6718770265579224, train_AUC=0.9983372839862561, train_AP=0.9976573082840223, time=0.3027219772338867
INFO - 11/05/25 18:31:44 - 0:14:03 - Epoch 249: val_AUC=0.9573344172346832, val_AP=0.9582752105046923
INFO - 11/05/25 18:31:45 - 0:14:03 - Epoch 250: train_loss=0.6713491678237915, train_AUC=0.9983319769408449, train_AP=0.9975316087506066, time=0.3313729763031006
INFO - 11/05/25 18:31:45 - 0:14:03 - Epoch 250: val_AUC=0.9571666188794328, val_AP=0.9581504152953739
INFO - 11/05/25 18:31:45 - 0:14:04 - Epoch 251: train_loss=0.6712219715118408, train_AUC=0.998438443848507, train_AP=0.9976689081290017, time=0.33437108993530273
INFO - 11/05/25 18:31:45 - 0:14:04 - Epoch 251: val_AUC=0.9573761631847151, val_AP=0.9583410871378261
INFO - 11/05/25 18:31:46 - 0:14:04 - Epoch 252: train_loss=0.6709045767784119, train_AUC=0.9982785389228069, train_AP=0.9974366723138469, time=0.3412942886352539
INFO - 11/05/25 18:31:46 - 0:14:04 - Epoch 252: val_AUC=0.9571766989990748, val_AP=0.9581805158778519
INFO - 11/05/25 18:31:46 - 0:14:05 - Epoch 253: train_loss=0.6703394651412964, train_AUC=0.998427559940754, train_AP=0.9978383190864052, time=0.33216071128845215
INFO - 11/05/25 18:31:46 - 0:14:05 - Epoch 253: val_AUC=0.9568695098984739, val_AP=0.9579311039109363
INFO - 11/05/25 18:31:47 - 0:14:05 - Epoch 254: train_loss=0.6695354580879211, train_AUC=0.9984427547551719, train_AP=0.9977451085446815, time=0.3437685966491699
INFO - 11/05/25 18:31:47 - 0:14:05 - Epoch 254: val_AUC=0.9568110655684292, val_AP=0.9578582961390247
INFO - 11/05/25 18:31:47 - 0:14:06 - Epoch 255: train_loss=0.6696844100952148, train_AUC=0.9982585074813993, train_AP=0.9974236173183096, time=0.3371281623840332
INFO - 11/05/25 18:31:47 - 0:14:06 - Epoch 255: val_AUC=0.9566247360841403, val_AP=0.9577052932788837
INFO - 11/05/25 18:31:47 - 0:14:06 - Epoch 256: train_loss=0.6696062684059143, train_AUC=0.9982806455026418, train_AP=0.997414684757906, time=0.3317239284515381
INFO - 11/05/25 18:31:48 - 0:14:06 - Epoch 256: val_AUC=0.9563272198256201, val_AP=0.9574646458947713
INFO - 11/05/25 18:31:48 - 0:14:06 - Epoch 257: train_loss=0.6689344644546509, train_AUC=0.9983955172429165, train_AP=0.9977453897861958, time=0.33274292945861816
INFO - 11/05/25 18:31:48 - 0:14:07 - Epoch 257: val_AUC=0.9562903612063235, val_AP=0.9574558716287794
INFO - 11/05/25 18:31:48 - 0:14:07 - Epoch 258: train_loss=0.6684935092926025, train_AUC=0.9983136066699918, train_AP=0.9975255833036712, time=0.3320174217224121
INFO - 11/05/25 18:31:48 - 0:14:07 - Epoch 258: val_AUC=0.9563355690156264, val_AP=0.9575205024491918
INFO - 11/05/25 18:31:49 - 0:14:07 - Epoch 259: train_loss=0.6668332815170288, train_AUC=0.9985325432075393, train_AP=0.9978281545350324, time=0.2928311824798584
INFO - 11/05/25 18:31:49 - 0:14:07 - Epoch 259: val_AUC=0.9561136027447249, val_AP=0.9573509831652923
INFO - 11/05/25 18:31:49 - 0:14:08 - Epoch 260: train_loss=0.6662148237228394, train_AUC=0.9983825855796464, train_AP=0.9976953682635554, time=0.29280662536621094
INFO - 11/05/25 18:31:49 - 0:14:08 - Epoch 260: val_AUC=0.9560398855061321, val_AP=0.9572873137773587
INFO - 11/05/25 18:31:49 - 0:14:08 - Epoch 261: train_loss=0.6660171747207642, train_AUC=0.9983286665759443, train_AP=0.9974733064872455, time=0.29363131523132324
INFO - 11/05/25 18:31:50 - 0:14:08 - Epoch 261: val_AUC=0.9560372382019837, val_AP=0.9572778607539338
INFO - 11/05/25 18:31:50 - 0:14:08 - Epoch 262: train_loss=0.6640258431434631, train_AUC=0.9985637137556115, train_AP=0.9978571893212876, time=0.2988126277923584
INFO - 11/05/25 18:31:50 - 0:14:08 - Epoch 262: val_AUC=0.9558177155964498, val_AP=0.9571190849481201
INFO - 11/05/25 18:31:50 - 0:14:09 - Epoch 263: train_loss=0.6649277210235596, train_AUC=0.9983445627030368, train_AP=0.9972800067078433, time=0.2939128875732422
INFO - 11/05/25 18:31:50 - 0:14:09 - Epoch 263: val_AUC=0.9557824860873985, val_AP=0.9571114220379802
INFO - 11/05/25 18:31:51 - 0:14:09 - Epoch 264: train_loss=0.6636390686035156, train_AUC=0.9985302207037116, train_AP=0.9978971822035161, time=0.334043025970459
INFO - 11/05/25 18:31:51 - 0:14:09 - Epoch 264: val_AUC=0.955663357400722, val_AP=0.9570441915701546
INFO - 11/05/25 18:31:51 - 0:14:10 - Epoch 265: train_loss=0.6633592844009399, train_AUC=0.9984129827816728, train_AP=0.9976760363044617, time=0.33788394927978516
INFO - 11/05/25 18:31:51 - 0:14:10 - Epoch 265: val_AUC=0.9554354856051819, val_AP=0.9568694443749013
INFO - 11/05/25 18:31:52 - 0:14:10 - Epoch 266: train_loss=0.6626169681549072, train_AUC=0.9985243525377123, train_AP=0.9978288728388771, time=0.33718395233154297
INFO - 11/05/25 18:31:52 - 0:14:10 - Epoch 266: val_AUC=0.9553446627090147, val_AP=0.9567839818664408
INFO - 11/05/25 18:31:52 - 0:14:11 - Epoch 267: train_loss=0.661292552947998, train_AUC=0.9984356787533304, train_AP=0.9976931232872277, time=0.3390493392944336
INFO - 11/05/25 18:31:52 - 0:14:11 - Epoch 267: val_AUC=0.9553293898004664, val_AP=0.9567588565632578
INFO - 11/05/25 18:31:52 - 0:14:11 - Epoch 268: train_loss=0.6613290309906006, train_AUC=0.9984894381916676, train_AP=0.9978668808604558, time=0.3394002914428711
INFO - 11/05/25 18:31:53 - 0:14:11 - Epoch 268: val_AUC=0.9551677006086357, val_AP=0.9566453370148728
INFO - 11/05/25 18:31:53 - 0:14:11 - Epoch 269: train_loss=0.6607027649879456, train_AUC=0.9984630132161771, train_AP=0.9976904444331731, time=0.3382854461669922
INFO - 11/05/25 18:31:53 - 0:14:12 - Epoch 269: val_AUC=0.9551858244601129, val_AP=0.9566767774674794
INFO - 11/05/25 18:31:53 - 0:14:12 - Epoch 270: train_loss=0.6604399085044861, train_AUC=0.9984986220061888, train_AP=0.9978665957308998, time=0.3388040065765381
INFO - 11/05/25 18:31:53 - 0:14:12 - Epoch 270: val_AUC=0.9550968343129717, val_AP=0.9566364380333335
INFO - 11/05/25 18:31:54 - 0:14:12 - Epoch 271: train_loss=0.6595131754875183, train_AUC=0.9986127355467989, train_AP=0.9979821502549968, time=0.32763171195983887
INFO - 11/05/25 18:31:54 - 0:14:12 - Epoch 271: val_AUC=0.9548876972852506, val_AP=0.9564780248147959
INFO - 11/05/25 18:31:54 - 0:14:13 - Epoch 272: train_loss=0.6602098941802979, train_AUC=0.9985794830757915, train_AP=0.997898089910762, time=0.2973175048828125
INFO - 11/05/25 18:31:54 - 0:14:13 - Epoch 272: val_AUC=0.9549862584550822, val_AP=0.9565663347856113
INFO - 11/05/25 18:31:55 - 0:14:13 - Epoch 273: train_loss=0.6590571403503418, train_AUC=0.9985053339665187, train_AP=0.9976405217090096, time=0.2987239360809326
INFO - 11/05/25 18:31:55 - 0:14:13 - Epoch 273: val_AUC=0.9546311124216398, val_AP=0.9563161767635584
INFO - 11/05/25 18:31:55 - 0:14:14 - Epoch 274: train_loss=0.6568127274513245, train_AUC=0.9986454987544686, train_AP=0.9979704052515984, time=0.2986111640930176
INFO - 11/05/25 18:31:55 - 0:14:14 - Epoch 274: val_AUC=0.9546414979994525, val_AP=0.9563205985988943
INFO - 11/05/25 18:31:55 - 0:14:14 - Epoch 275: train_loss=0.6569588780403137, train_AUC=0.9985973411876145, train_AP=0.9979265433858153, time=0.3000967502593994
INFO - 11/05/25 18:31:56 - 0:14:14 - Epoch 275: val_AUC=0.9544308336808767, val_AP=0.9561371022669239
INFO - 11/05/25 18:31:56 - 0:14:14 - Epoch 276: train_loss=0.6571248769760132, train_AUC=0.9984359998213882, train_AP=0.997718895991986, time=0.29833197593688965
INFO - 11/05/25 18:31:56 - 0:14:14 - Epoch 276: val_AUC=0.9540981897326956, val_AP=0.9558869100741446
INFO - 11/05/25 18:31:56 - 0:14:15 - Epoch 277: train_loss=0.657307505607605, train_AUC=0.9986122420565642, train_AP=0.9979064798982679, time=0.2982614040374756
INFO - 11/05/25 18:31:56 - 0:14:15 - Epoch 277: val_AUC=0.9543154723116423, val_AP=0.9560344202083655
INFO - 11/05/25 18:31:57 - 0:14:15 - Epoch 278: train_loss=0.6563708782196045, train_AUC=0.9985501755326096, train_AP=0.9978888764342245, time=0.29834461212158203
INFO - 11/05/25 18:31:57 - 0:14:15 - Epoch 278: val_AUC=0.9538436412568913, val_AP=0.9556665509163641
INFO - 11/05/25 18:31:57 - 0:14:16 - Epoch 279: train_loss=0.6564246416091919, train_AUC=0.9985410713246501, train_AP=0.9978775172355697, time=0.2972142696380615
INFO - 11/05/25 18:31:57 - 0:14:16 - Epoch 279: val_AUC=0.9539534025596581, val_AP=0.9557427007128229
INFO - 11/05/25 18:31:57 - 0:14:16 - Epoch 280: train_loss=0.6544671058654785, train_AUC=0.9985330095751843, train_AP=0.9976988498630479, time=0.30010223388671875
INFO - 11/05/25 18:31:57 - 0:14:16 - Epoch 280: val_AUC=0.9536829702589633, val_AP=0.9555326208517447
INFO - 11/05/25 18:31:58 - 0:14:16 - Epoch 281: train_loss=0.653900682926178, train_AUC=0.998534889487663, train_AP=0.9978570321522104, time=0.2936835289001465
INFO - 11/05/25 18:31:58 - 0:14:16 - Epoch 281: val_AUC=0.9535432740554419, val_AP=0.9554108875992706
INFO - 11/05/25 18:31:58 - 0:14:17 - Epoch 282: train_loss=0.6546146869659424, train_AUC=0.9986181012404072, train_AP=0.9980828545599615, time=0.30338525772094727
INFO - 11/05/25 18:31:58 - 0:14:17 - Epoch 282: val_AUC=0.9536499807764991, val_AP=0.9554764207417688
INFO - 11/05/25 18:31:59 - 0:14:17 - Epoch 283: train_loss=0.6541520357131958, train_AUC=0.998571670537133, train_AP=0.9976698044863828, time=0.29949259757995605
INFO - 11/05/25 18:31:59 - 0:14:17 - Epoch 283: val_AUC=0.9532355758578894, val_AP=0.9551495608563698
INFO - 11/05/25 18:31:59 - 0:14:17 - Epoch 284: train_loss=0.6528537273406982, train_AUC=0.9985206136711198, train_AP=0.9977592612741688, time=0.30221080780029297
INFO - 11/05/25 18:31:59 - 0:14:18 - Epoch 284: val_AUC=0.9534408437487781, val_AP=0.9552912972961115
INFO - 11/05/25 18:31:59 - 0:14:18 - Epoch 285: train_loss=0.6522246599197388, train_AUC=0.9985605074780516, train_AP=0.997880664009855, time=0.29966044425964355
INFO - 11/05/25 18:31:59 - 0:14:18 - Epoch 285: val_AUC=0.9532139901471413, val_AP=0.9551279777302932
INFO - 11/05/25 18:32:00 - 0:14:18 - Epoch 286: train_loss=0.6519049406051636, train_AUC=0.9984621863294348, train_AP=0.9973347915857381, time=0.3027961254119873
INFO - 11/05/25 18:32:00 - 0:14:18 - Epoch 286: val_AUC=0.9532176556451928, val_AP=0.955131122805521
INFO - 11/05/25 18:32:00 - 0:14:19 - Epoch 287: train_loss=0.6511347889900208, train_AUC=0.9986155378034457, train_AP=0.9980357137252912, time=0.2986180782318115
INFO - 11/05/25 18:32:00 - 0:14:19 - Epoch 287: val_AUC=0.9531575822049031, val_AP=0.9550739266222172
INFO - 11/05/25 18:32:01 - 0:14:19 - Epoch 288: train_loss=0.6513671875, train_AUC=0.9985490136642733, train_AP=0.9977562540434306, time=0.300473690032959
INFO - 11/05/25 18:32:01 - 0:14:19 - Epoch 288: val_AUC=0.9529726781920786, val_AP=0.9549116442123614
INFO - 11/05/25 18:32:01 - 0:14:19 - Epoch 289: train_loss=0.6505764722824097, train_AUC=0.9985374715934199, train_AP=0.997836324286205, time=0.30309343338012695
INFO - 11/05/25 18:32:01 - 0:14:20 - Epoch 289: val_AUC=0.9529755291350078, val_AP=0.9549161306906895
INFO - 11/05/25 18:32:01 - 0:14:20 - Epoch 290: train_loss=0.6504985094070435, train_AUC=0.9986312579859471, train_AP=0.9979859341012337, time=0.2998933792114258
INFO - 11/05/25 18:32:01 - 0:14:20 - Epoch 290: val_AUC=0.9528692296915117, val_AP=0.9548426524073952
INFO - 11/05/25 18:32:02 - 0:14:20 - Epoch 291: train_loss=0.6503615379333496, train_AUC=0.9985605902547862, train_AP=0.9979297618054553, time=0.29947781562805176
INFO - 11/05/25 18:32:02 - 0:14:20 - Epoch 291: val_AUC=0.9526238449608362, val_AP=0.9547120286609245
INFO - 11/05/25 18:32:02 - 0:14:21 - Epoch 292: train_loss=0.6480006575584412, train_AUC=0.9987771958347119, train_AP=0.9982619156368415, time=0.304732084274292
INFO - 11/05/25 18:32:02 - 0:14:21 - Epoch 292: val_AUC=0.9530708320843488, val_AP=0.955049176574289
INFO - 11/05/25 18:32:03 - 0:14:21 - Epoch 293: train_loss=0.6491072177886963, train_AUC=0.9986597957054973, train_AP=0.9980609293087385, time=0.3007349967956543
INFO - 11/05/25 18:32:03 - 0:14:21 - Epoch 293: val_AUC=0.9524320172294699, val_AP=0.9545312869610287
INFO - 11/05/25 18:32:03 - 0:14:21 - Epoch 294: train_loss=0.648819088935852, train_AUC=0.9986800155960667, train_AP=0.9979821474435351, time=0.302016019821167
INFO - 11/05/25 18:32:03 - 0:14:22 - Epoch 294: val_AUC=0.9528967209268986, val_AP=0.954862449486726
INFO - 11/05/25 18:32:03 - 0:14:22 - Epoch 295: train_loss=0.6479580402374268, train_AUC=0.998731525972913, train_AP=0.9980701597460142, time=0.33830714225769043
INFO - 11/05/25 18:32:03 - 0:14:22 - Epoch 295: val_AUC=0.9525647897144498, val_AP=0.954650466080911
INFO - 11/05/25 18:32:04 - 0:14:22 - Epoch 296: train_loss=0.6465855836868286, train_AUC=0.998750732641027, train_AP=0.9981738384633755, time=0.31408023834228516
INFO - 11/05/25 18:32:04 - 0:14:22 - Epoch 296: val_AUC=0.9525169346009983, val_AP=0.9546288342301037
INFO - 11/05/25 18:32:04 - 0:14:23 - Epoch 297: train_loss=0.6477032899856567, train_AUC=0.9988112729028924, train_AP=0.9983040715101721, time=0.3281426429748535
INFO - 11/05/25 18:32:04 - 0:14:23 - Epoch 297: val_AUC=0.9528712660793183, val_AP=0.9549229947053997
INFO - 11/05/25 18:32:05 - 0:14:23 - Epoch 298: train_loss=0.6475005149841309, train_AUC=0.9986868032883028, train_AP=0.9980882800020437, time=0.3078923225402832
INFO - 11/05/25 18:32:05 - 0:14:23 - Epoch 298: val_AUC=0.9523631873216125, val_AP=0.9545785512270079
INFO - 11/05/25 18:32:05 - 0:14:24 - Epoch 299: train_loss=0.6469306945800781, train_AUC=0.998630885842883, train_AP=0.9979391452838727, time=0.31240129470825195
INFO - 11/05/25 18:32:05 - 0:14:24 - Epoch 299: val_AUC=0.9527729085482672, val_AP=0.9548737106204087
INFO - 11/05/25 18:32:05 - 0:14:24 - Epoch 300: train_loss=0.6454166173934937, train_AUC=0.9987833299429861, train_AP=0.9980619569141905, time=0.3138434886932373
INFO - 11/05/25 18:32:06 - 0:14:24 - Epoch 300: val_AUC=0.9523326415045159, val_AP=0.9545225299263803
INFO - 11/05/25 18:32:06 - 0:14:24 - best_epoch=171
INFO - 11/05/25 18:32:06 - 0:14:24 - test_auc= 96.14%, test_ap= 96.11%
INFO - 11/05/25 18:32:06 - 0:14:24 - 
                                     train iters 3
INFO - 11/05/25 18:32:06 - 0:14:24 - --------------------------Training Start-------------------------
INFO - 11/05/25 18:32:08 - 0:14:26 - Epoch 0: train_loss=5.778446197509766, train_AUC=0.9952997231996717, train_AP=0.9950890138901712, time=2.281012773513794
INFO - 11/05/25 18:32:08 - 0:14:26 - Epoch 0: val_AUC=0.7647719571478842, val_AP=0.8097834223525445
INFO - 11/05/25 18:32:08 - 0:14:27 - Epoch 1: train_loss=2.5624918937683105, train_AUC=0.8804298260281862, train_AP=0.916912248763498, time=0.30825018882751465
INFO - 11/05/25 18:32:08 - 0:14:27 - Epoch 1: val_AUC=0.6627652191479102, val_AP=0.7227207611667316
INFO - 11/05/25 18:32:09 - 0:14:27 - Epoch 2: train_loss=4.224632263183594, train_AUC=0.6985254955963567, train_AP=0.7775804918990594, time=0.30080723762512207
INFO - 11/05/25 18:32:09 - 0:14:27 - Epoch 2: val_AUC=0.6802090189172282, val_AP=0.7237920591990072
INFO - 11/05/25 18:32:09 - 0:14:28 - Epoch 3: train_loss=3.9292945861816406, train_AUC=0.7082708141204421, train_AP=0.7688327569072724, time=0.3163585662841797
INFO - 11/05/25 18:32:09 - 0:14:28 - Epoch 3: val_AUC=0.6443146292470904, val_AP=0.6966932084045585
INFO - 11/05/25 18:32:10 - 0:14:28 - Epoch 4: train_loss=5.065269470214844, train_AUC=0.6431296682978582, train_AP=0.7145530206418091, time=0.31588077545166016
INFO - 11/05/25 18:32:10 - 0:14:28 - Epoch 4: val_AUC=0.6662073254571284, val_AP=0.7151179207672218
INFO - 11/05/25 18:32:10 - 0:14:29 - Epoch 5: train_loss=4.716513633728027, train_AUC=0.665388975596951, train_AP=0.7315553481763198, time=0.34830260276794434
INFO - 11/05/25 18:32:10 - 0:14:29 - Epoch 5: val_AUC=0.7053772449139177, val_AP=0.7438565124961672
INFO - 11/05/25 18:32:10 - 0:14:29 - Epoch 6: train_loss=4.139169216156006, train_AUC=0.7084932080836848, train_AP=0.7647182769506785, time=0.3503572940826416
INFO - 11/05/25 18:32:11 - 0:14:29 - Epoch 6: val_AUC=0.760039493705118, val_AP=0.780555377895779
INFO - 11/05/25 18:32:11 - 0:14:29 - Epoch 7: train_loss=3.193984031677246, train_AUC=0.7774603139521048, train_AP=0.8118572558397247, time=0.3552522659301758
INFO - 11/05/25 18:32:11 - 0:14:30 - Epoch 7: val_AUC=0.8147249573173114, val_AP=0.8181301300848249
INFO - 11/05/25 18:32:11 - 0:14:30 - Epoch 8: train_loss=2.5471434593200684, train_AUC=0.8473231597222899, train_AP=0.8607839945149103, time=0.3595702648162842
INFO - 11/05/25 18:32:12 - 0:14:30 - Epoch 8: val_AUC=0.8442359839500059, val_AP=0.8404598840263181
INFO - 11/05/25 18:32:12 - 0:14:30 - Epoch 9: train_loss=2.2437620162963867, train_AUC=0.882834368996855, train_AP=0.8883329042598335, time=0.38440442085266113
INFO - 11/05/25 18:32:12 - 0:14:31 - Epoch 9: val_AUC=0.859325617595694, val_AP=0.8518282685074348
INFO - 11/05/25 18:32:12 - 0:14:31 - Epoch 10: train_loss=2.113312244415283, train_AUC=0.8999152317628524, train_AP=0.9020456515021138, time=0.36588048934936523
INFO - 11/05/25 18:32:12 - 0:14:31 - Epoch 10: val_AUC=0.8643701574697963, val_AP=0.8555089578860016
INFO - 11/05/25 18:32:13 - 0:14:31 - Epoch 11: train_loss=2.088935136795044, train_AUC=0.9037512099070216, train_AP=0.9048157789308449, time=0.3498079776763916
INFO - 11/05/25 18:32:13 - 0:14:31 - Epoch 11: val_AUC=0.8648368975550315, val_AP=0.8547305642849463
INFO - 11/05/25 18:32:13 - 0:14:32 - Epoch 12: train_loss=1.942150354385376, train_AUC=0.9024979086792636, train_AP=0.9025111605619, time=0.3487358093261719
INFO - 11/05/25 18:32:13 - 0:14:32 - Epoch 12: val_AUC=0.8639096283673708, val_AP=0.8522081466928871
INFO - 11/05/25 18:32:14 - 0:14:32 - Epoch 13: train_loss=1.9031497240066528, train_AUC=0.8982304032653693, train_AP=0.8963489426441296, time=0.3568863868713379
INFO - 11/05/25 18:32:14 - 0:14:32 - Epoch 13: val_AUC=0.8670831351249202, val_AP=0.8524423024196766
INFO - 11/05/25 18:32:14 - 0:14:33 - Epoch 14: train_loss=1.7838250398635864, train_AUC=0.9002366761905797, train_AP=0.8949857022138075, time=0.3645031452178955
INFO - 11/05/25 18:32:14 - 0:14:33 - Epoch 14: val_AUC=0.8704173128803971, val_AP=0.8543522531584795
INFO - 11/05/25 18:32:15 - 0:14:33 - Epoch 15: train_loss=1.7058234214782715, train_AUC=0.9024553630227728, train_AP=0.8948622098863417, time=0.35248804092407227
INFO - 11/05/25 18:32:15 - 0:14:33 - Epoch 15: val_AUC=0.8740505341852493, val_AP=0.8572399866206728
INFO - 11/05/25 18:32:15 - 0:14:34 - Epoch 16: train_loss=1.6438770294189453, train_AUC=0.9063120214370524, train_AP=0.8975339567907769, time=0.3482184410095215
INFO - 11/05/25 18:32:15 - 0:14:34 - Epoch 16: val_AUC=0.87689221154974, val_AP=0.8596416926965125
INFO - 11/05/25 18:32:16 - 0:14:34 - Epoch 17: train_loss=1.6061303615570068, train_AUC=0.9083522629400848, train_AP=0.897246861432573, time=0.3470020294189453
INFO - 11/05/25 18:32:16 - 0:14:34 - Epoch 17: val_AUC=0.8804654612336926, val_AP=0.8629385766105723
INFO - 11/05/25 18:32:16 - 0:14:35 - Epoch 18: train_loss=1.5621922016143799, train_AUC=0.9137559743174747, train_AP=0.9028610260094428, time=0.34842753410339355
INFO - 11/05/25 18:32:16 - 0:14:35 - Epoch 18: val_AUC=0.8835228938862751, val_AP=0.8657938487756835
INFO - 11/05/25 18:32:17 - 0:14:35 - Epoch 19: train_loss=1.5390832424163818, train_AUC=0.9157017388586687, train_AP=0.903556009470331, time=0.3466603755950928
INFO - 11/05/25 18:32:17 - 0:14:35 - Epoch 19: val_AUC=0.886389313362614, val_AP=0.8687200453207653
INFO - 11/05/25 18:32:17 - 0:14:36 - Epoch 20: train_loss=1.5099713802337646, train_AUC=0.9185056128219643, train_AP=0.9057613441850856, time=0.3463571071624756
INFO - 11/05/25 18:32:17 - 0:14:36 - Epoch 20: val_AUC=0.8890329520129285, val_AP=0.871230886508331
INFO - 11/05/25 18:32:18 - 0:14:36 - Epoch 21: train_loss=1.476944088935852, train_AUC=0.9198824107734996, train_AP=0.906927878607181, time=0.34584546089172363
INFO - 11/05/25 18:32:18 - 0:14:36 - Epoch 21: val_AUC=0.8917529552059847, val_AP=0.8737217374703379
INFO - 11/05/25 18:32:18 - 0:14:36 - Epoch 22: train_loss=1.4479550123214722, train_AUC=0.9218496069157605, train_AP=0.9087490577516246, time=0.3397984504699707
INFO - 11/05/25 18:32:18 - 0:14:37 - Epoch 22: val_AUC=0.8944079976280155, val_AP=0.8765406480306579
INFO - 11/05/25 18:32:18 - 0:14:37 - Epoch 23: train_loss=1.4218653440475464, train_AUC=0.924174817366485, train_AP=0.9110591928270876, time=0.3068430423736572
INFO - 11/05/25 18:32:18 - 0:14:37 - Epoch 23: val_AUC=0.8969237511240861, val_AP=0.8790881128340429
INFO - 11/05/25 18:32:19 - 0:14:37 - Epoch 24: train_loss=1.389914870262146, train_AUC=0.9274203631525104, train_AP=0.9147809339420522, time=0.30843138694763184
INFO - 11/05/25 18:32:19 - 0:14:37 - Epoch 24: val_AUC=0.9003680974598913, val_AP=0.8826022679229721
INFO - 11/05/25 18:32:19 - 0:14:38 - Epoch 25: train_loss=1.3681046962738037, train_AUC=0.9282988087048516, train_AP=0.9154287649054857, time=0.3041229248046875
INFO - 11/05/25 18:32:19 - 0:14:38 - Epoch 25: val_AUC=0.9025371559319162, val_AP=0.8853315309203766
INFO - 11/05/25 18:32:20 - 0:14:38 - Epoch 26: train_loss=1.338310718536377, train_AUC=0.9328734064696615, train_AP=0.920964716437713, time=0.3060004711151123
INFO - 11/05/25 18:32:20 - 0:14:38 - Epoch 26: val_AUC=0.9048996712455526, val_AP=0.8883946126748673
INFO - 11/05/25 18:32:20 - 0:14:39 - Epoch 27: train_loss=1.3154754638671875, train_AUC=0.9347491572158978, train_AP=0.9233637418052812, time=0.3039207458496094
INFO - 11/05/25 18:32:20 - 0:14:39 - Epoch 27: val_AUC=0.9070646569419646, val_AP=0.8909349110010542
INFO - 11/05/25 18:32:20 - 0:14:39 - Epoch 28: train_loss=1.3022446632385254, train_AUC=0.9353129558955076, train_AP=0.9239319176656662, time=0.3028542995452881
INFO - 11/05/25 18:32:21 - 0:14:39 - Epoch 28: val_AUC=0.9089926070977075, val_AP=0.8934688783641118
INFO - 11/05/25 18:32:21 - 0:14:39 - Epoch 29: train_loss=1.2812302112579346, train_AUC=0.9380964109518295, train_AP=0.9269196501063348, time=0.30498719215393066
INFO - 11/05/25 18:32:21 - 0:14:39 - Epoch 29: val_AUC=0.9109985509064369, val_AP=0.8958464077994784
INFO - 11/05/25 18:32:21 - 0:14:40 - Epoch 30: train_loss=1.2643972635269165, train_AUC=0.9399484155186029, train_AP=0.927971859339493, time=0.3031041622161865
INFO - 11/05/25 18:32:21 - 0:14:40 - Epoch 30: val_AUC=0.913019563984934, val_AP=0.8983014914613926
INFO - 11/05/25 18:32:22 - 0:14:40 - Epoch 31: train_loss=1.2449886798858643, train_AUC=0.9423381513145407, train_AP=0.929997553351613, time=0.308060884475708
INFO - 11/05/25 18:32:22 - 0:14:40 - Epoch 31: val_AUC=0.9148286909121714, val_AP=0.900359399051209
INFO - 11/05/25 18:32:22 - 0:14:41 - Epoch 32: train_loss=1.2328317165374756, train_AUC=0.9444134811708811, train_AP=0.932919899036023, time=0.3054642677307129
INFO - 11/05/25 18:32:22 - 0:14:41 - Epoch 32: val_AUC=0.9163730874245722, val_AP=0.9025456746640642
INFO - 11/05/25 18:32:23 - 0:14:41 - Epoch 33: train_loss=1.2210063934326172, train_AUC=0.9456792263836582, train_AP=0.934315828552176, time=0.31043314933776855
INFO - 11/05/25 18:32:23 - 0:14:41 - Epoch 33: val_AUC=0.9177666894199064, val_AP=0.904025827729835
INFO - 11/05/25 18:32:23 - 0:14:41 - Epoch 34: train_loss=1.2083985805511475, train_AUC=0.9470890682792779, train_AP=0.9358137470938171, time=0.3058352470397949
INFO - 11/05/25 18:32:23 - 0:14:42 - Epoch 34: val_AUC=0.9189116484640748, val_AP=0.9052579752580665
INFO - 11/05/25 18:32:23 - 0:14:42 - Epoch 35: train_loss=1.1937676668167114, train_AUC=0.948134618572021, train_AP=0.9363043660436037, time=0.3049962520599365
INFO - 11/05/25 18:32:23 - 0:14:42 - Epoch 35: val_AUC=0.9200104833244277, val_AP=0.9063467923724315
INFO - 11/05/25 18:32:24 - 0:14:42 - Epoch 36: train_loss=1.179537296295166, train_AUC=0.9497121828633792, train_AP=0.9384527719823313, time=0.31014156341552734
INFO - 11/05/25 18:32:24 - 0:14:42 - Epoch 36: val_AUC=0.9211826281458119, val_AP=0.9075296976003588
INFO - 11/05/25 18:32:24 - 0:14:43 - Epoch 37: train_loss=1.1677345037460327, train_AUC=0.9510014838691294, train_AP=0.9398165539140264, time=0.30324864387512207
INFO - 11/05/25 18:32:24 - 0:14:43 - Epoch 37: val_AUC=0.9223032523556933, val_AP=0.9087115284613382
INFO - 11/05/25 18:32:25 - 0:14:43 - Epoch 38: train_loss=1.158630609512329, train_AUC=0.951375202685351, train_AP=0.9398122454935931, time=0.3009922504425049
INFO - 11/05/25 18:32:25 - 0:14:43 - Epoch 38: val_AUC=0.9233359046123368, val_AP=0.9098726832894919
INFO - 11/05/25 18:32:25 - 0:14:44 - Epoch 39: train_loss=1.1491963863372803, train_AUC=0.95303587393763, train_AP=0.9418691054144153, time=0.3078320026397705
INFO - 11/05/25 18:32:25 - 0:14:44 - Epoch 39: val_AUC=0.9243107234552776, val_AP=0.9109907198923376
INFO - 11/05/25 18:32:25 - 0:14:44 - Epoch 40: train_loss=1.1421090364456177, train_AUC=0.9536487558745556, train_AP=0.9424773316963213, time=0.30681300163269043
INFO - 11/05/25 18:32:26 - 0:14:44 - Epoch 40: val_AUC=0.9253204663490987, val_AP=0.9120956870846885
INFO - 11/05/25 18:32:26 - 0:14:44 - Epoch 41: train_loss=1.1362049579620361, train_AUC=0.9541836462766373, train_AP=0.9426935891576448, time=0.3048281669616699
INFO - 11/05/25 18:32:26 - 0:14:44 - Epoch 41: val_AUC=0.9263575986589164, val_AP=0.9131974394075487
INFO - 11/05/25 18:32:26 - 0:14:45 - Epoch 42: train_loss=1.1311702728271484, train_AUC=0.9550173414934163, train_AP=0.943918221983078, time=0.3027951717376709
INFO - 11/05/25 18:32:26 - 0:14:45 - Epoch 42: val_AUC=0.9273388321234474, val_AP=0.9143178187957138
INFO - 11/05/25 18:32:27 - 0:14:45 - Epoch 43: train_loss=1.1206611394882202, train_AUC=0.9569302831220191, train_AP=0.9459743656983991, time=0.33684420585632324
INFO - 11/05/25 18:32:27 - 0:14:45 - Epoch 43: val_AUC=0.9283517314183685, val_AP=0.9155006972440985
INFO - 11/05/25 18:32:27 - 0:14:46 - Epoch 44: train_loss=1.1140180826187134, train_AUC=0.9579864696967942, train_AP=0.947091223836098, time=0.31183290481567383
INFO - 11/05/25 18:32:27 - 0:14:46 - Epoch 44: val_AUC=0.9294269441801665, val_AP=0.9168312920999757
INFO - 11/05/25 18:32:28 - 0:14:46 - Epoch 45: train_loss=1.1059157848358154, train_AUC=0.9596079237979164, train_AP=0.9492617813191818, time=0.3078134059906006
INFO - 11/05/25 18:32:28 - 0:14:46 - Epoch 45: val_AUC=0.9305306663712548, val_AP=0.918276144424413
INFO - 11/05/25 18:32:28 - 0:14:46 - Epoch 46: train_loss=1.0988445281982422, train_AUC=0.9600343048204403, train_AP=0.9493758229208169, time=0.31104040145874023
INFO - 11/05/25 18:32:28 - 0:14:47 - Epoch 46: val_AUC=0.9315356237537307, val_AP=0.9195564631064314
INFO - 11/05/25 18:32:28 - 0:14:47 - Epoch 47: train_loss=1.0935193300247192, train_AUC=0.9606947439287133, train_AP=0.9502589537797419, time=0.3047642707824707
INFO - 11/05/25 18:32:28 - 0:14:47 - Epoch 47: val_AUC=0.9324764349203039, val_AP=0.9207149531456993
INFO - 11/05/25 18:32:29 - 0:14:47 - Epoch 48: train_loss=1.084881067276001, train_AUC=0.9622801003287275, train_AP=0.9521995699298169, time=0.30979061126708984
INFO - 11/05/25 18:32:29 - 0:14:47 - Epoch 48: val_AUC=0.9334711085443573, val_AP=0.9219215680572755
INFO - 11/05/25 18:32:29 - 0:14:48 - Epoch 49: train_loss=1.0769264698028564, train_AUC=0.9633157260432351, train_AP=0.953390043357494, time=0.30525755882263184
INFO - 11/05/25 18:32:29 - 0:14:48 - Epoch 49: val_AUC=0.934402857785192, val_AP=0.9230524115932106
INFO - 11/05/25 18:32:30 - 0:14:48 - Epoch 50: train_loss=1.0683380365371704, train_AUC=0.9647763729522502, train_AP=0.9552452168091028, time=0.3027200698852539
INFO - 11/05/25 18:32:30 - 0:14:48 - Epoch 50: val_AUC=0.9352772827092755, val_AP=0.924119266059793
INFO - 11/05/25 18:32:30 - 0:14:49 - Epoch 51: train_loss=1.0650012493133545, train_AUC=0.9656123154693128, train_AP=0.9562315954361089, time=0.3095560073852539
INFO - 11/05/25 18:32:30 - 0:14:49 - Epoch 51: val_AUC=0.9361038525199078, val_AP=0.9251028410049053
INFO - 11/05/25 18:32:31 - 0:14:49 - Epoch 52: train_loss=1.0570372343063354, train_AUC=0.9669162256881138, train_AP=0.9576665186349659, time=0.347379207611084
INFO - 11/05/25 18:32:31 - 0:14:49 - Epoch 52: val_AUC=0.9369951794627847, val_AP=0.9261852788354663
INFO - 11/05/25 18:32:31 - 0:14:49 - Epoch 53: train_loss=1.052797794342041, train_AUC=0.9671586014267232, train_AP=0.9576827420294526, time=0.34772682189941406
INFO - 11/05/25 18:32:31 - 0:14:50 - Epoch 53: val_AUC=0.9377991453687653, val_AP=0.9271705773797861
INFO - 11/05/25 18:32:31 - 0:14:50 - Epoch 54: train_loss=1.045500636100769, train_AUC=0.9686568943140242, train_AP=0.9599763019982248, time=0.34632086753845215
INFO - 11/05/25 18:32:32 - 0:14:50 - Epoch 54: val_AUC=0.9386503554718555, val_AP=0.9281757808565587
INFO - 11/05/25 18:32:32 - 0:14:50 - Epoch 55: train_loss=1.0372185707092285, train_AUC=0.9704899604445281, train_AP=0.9624219262875519, time=0.3487520217895508
INFO - 11/05/25 18:32:32 - 0:14:51 - Epoch 55: val_AUC=0.9394871072215198, val_AP=0.9291576904211681
INFO - 11/05/25 18:32:32 - 0:14:51 - Epoch 56: train_loss=1.0316261053085327, train_AUC=0.9709068513786127, train_AP=0.9624868341078968, time=0.3683300018310547
INFO - 11/05/25 18:32:33 - 0:14:51 - Epoch 56: val_AUC=0.9402039157293853, val_AP=0.9300038687376715
INFO - 11/05/25 18:32:33 - 0:14:51 - Epoch 57: train_loss=1.0272382497787476, train_AUC=0.9712322606358058, train_AP=0.9630474338974271, time=0.3093714714050293
INFO - 11/05/25 18:32:33 - 0:14:51 - Epoch 57: val_AUC=0.9408999530816249, val_AP=0.930800242409363
INFO - 11/05/25 18:32:33 - 0:14:52 - Epoch 58: train_loss=1.0260590314865112, train_AUC=0.9708025213435477, train_AP=0.9619508078374882, time=0.30753374099731445
INFO - 11/05/25 18:32:33 - 0:14:52 - Epoch 58: val_AUC=0.9416139106465613, val_AP=0.9316141410531407
INFO - 11/05/25 18:32:34 - 0:14:52 - Epoch 59: train_loss=1.016930341720581, train_AUC=0.9723285238308118, train_AP=0.9638877881887641, time=0.3521606922149658
INFO - 11/05/25 18:32:34 - 0:14:52 - Epoch 59: val_AUC=0.9423105589151429, val_AP=0.9324023029509488
INFO - 11/05/25 18:32:34 - 0:14:53 - Epoch 60: train_loss=1.0104761123657227, train_AUC=0.9735749443745981, train_AP=0.9655438964269459, time=0.3601720333099365
INFO - 11/05/25 18:32:34 - 0:14:53 - Epoch 60: val_AUC=0.9430230910086147, val_AP=0.9332702757320877
INFO - 11/05/25 18:32:35 - 0:14:53 - Epoch 61: train_loss=1.0056875944137573, train_AUC=0.9741985381493412, train_AP=0.9666032548583651, time=0.3565990924835205
INFO - 11/05/25 18:32:35 - 0:14:53 - Epoch 61: val_AUC=0.9437276811896413, val_AP=0.9340978533510248
INFO - 11/05/25 18:32:35 - 0:14:54 - Epoch 62: train_loss=1.001025915145874, train_AUC=0.9748089017362075, train_AP=0.9670399469807118, time=0.3580608367919922
INFO - 11/05/25 18:32:35 - 0:14:54 - Epoch 62: val_AUC=0.9443986709718619, val_AP=0.9348975624769162
INFO - 11/05/25 18:32:36 - 0:14:54 - Epoch 63: train_loss=0.9955270290374756, train_AUC=0.9753081259329255, train_AP=0.9676949464212141, time=0.35209059715270996
INFO - 11/05/25 18:32:36 - 0:14:54 - Epoch 63: val_AUC=0.945099595654837, val_AP=0.9357025430564146
INFO - 11/05/25 18:32:36 - 0:14:55 - Epoch 64: train_loss=0.9927622079849243, train_AUC=0.975501803590216, train_AP=0.9677749338539653, time=0.3494837284088135
INFO - 11/05/25 18:32:36 - 0:14:55 - Epoch 64: val_AUC=0.945826993379296, val_AP=0.936630603315932
INFO - 11/05/25 18:32:37 - 0:14:55 - Epoch 65: train_loss=0.9880415201187134, train_AUC=0.9762100677494392, train_AP=0.969263315208217, time=0.34527063369750977
INFO - 11/05/25 18:32:37 - 0:14:55 - Epoch 65: val_AUC=0.9465106087659164, val_AP=0.9374698249961978
INFO - 11/05/25 18:32:37 - 0:14:56 - Epoch 66: train_loss=0.9806908369064331, train_AUC=0.9775363514628744, train_AP=0.971037723491468, time=0.35895609855651855
INFO - 11/05/25 18:32:37 - 0:14:56 - Epoch 66: val_AUC=0.9472121443652336, val_AP=0.9383235767470445
INFO - 11/05/25 18:32:38 - 0:14:56 - Epoch 67: train_loss=0.9771472811698914, train_AUC=0.9777535252082167, train_AP=0.9710711953984402, time=0.3555450439453125
INFO - 11/05/25 18:32:38 - 0:14:56 - Epoch 67: val_AUC=0.9478843559801379, val_AP=0.9391146352525612
INFO - 11/05/25 18:32:38 - 0:14:57 - Epoch 68: train_loss=0.9730691313743591, train_AUC=0.9781323654386193, train_AP=0.9717106364761818, time=0.5203678607940674
INFO - 11/05/25 18:32:38 - 0:14:57 - Epoch 68: val_AUC=0.9485698041157842, val_AP=0.9399266577667618
INFO - 11/05/25 18:32:39 - 0:14:57 - Epoch 69: train_loss=0.9681974649429321, train_AUC=0.978456281016055, train_AP=0.9719279924276472, time=0.3880903720855713
INFO - 11/05/25 18:32:39 - 0:14:57 - Epoch 69: val_AUC=0.949231731972266, val_AP=0.940707640156291
INFO - 11/05/25 18:32:39 - 0:14:58 - Epoch 70: train_loss=0.9622654914855957, train_AUC=0.9794176822416252, train_AP=0.97285600225715, time=0.36027097702026367
INFO - 11/05/25 18:32:39 - 0:14:58 - Epoch 70: val_AUC=0.949859855791161, val_AP=0.9414549994749065
INFO - 11/05/25 18:32:40 - 0:14:58 - Epoch 71: train_loss=0.9577947854995728, train_AUC=0.9796417468859406, train_AP=0.9728762799916524, time=0.41173458099365234
INFO - 11/05/25 18:32:40 - 0:14:58 - Epoch 71: val_AUC=0.9504683284677241, val_AP=0.9421598936487835
INFO - 11/05/25 18:32:40 - 0:14:59 - Epoch 72: train_loss=0.9521903991699219, train_AUC=0.9806671794381272, train_AP=0.974725543491622, time=0.41753721237182617
INFO - 11/05/25 18:32:41 - 0:14:59 - Epoch 72: val_AUC=0.9510438116618228, val_AP=0.942854500870736
INFO - 11/05/25 18:32:41 - 0:14:59 - Epoch 73: train_loss=0.9488668441772461, train_AUC=0.9808198410473097, train_AP=0.9749165610663293, time=0.3919548988342285
INFO - 11/05/25 18:32:41 - 0:15:00 - Epoch 73: val_AUC=0.9516197021334829, val_AP=0.9435042625406331
INFO - 11/05/25 18:32:42 - 0:15:00 - Epoch 74: train_loss=0.944458544254303, train_AUC=0.9812524283875996, train_AP=0.9753873154057364, time=0.375885009765625
INFO - 11/05/25 18:32:42 - 0:15:00 - Epoch 74: val_AUC=0.9521674904534141, val_AP=0.9441162075893043
INFO - 11/05/25 18:32:42 - 0:15:01 - Epoch 75: train_loss=0.9409724473953247, train_AUC=0.9816624317690045, train_AP=0.9759572284375221, time=0.4748201370239258
INFO - 11/05/25 18:32:42 - 0:15:01 - Epoch 75: val_AUC=0.9526776055989261, val_AP=0.9447134861635942
INFO - 11/05/25 18:32:43 - 0:15:01 - Epoch 76: train_loss=0.9374120235443115, train_AUC=0.9819063168621148, train_AP=0.9761436386394751, time=0.45499181747436523
INFO - 11/05/25 18:32:43 - 0:15:01 - Epoch 76: val_AUC=0.953170207809303, val_AP=0.9452521761969583
INFO - 11/05/25 18:32:43 - 0:15:02 - Epoch 77: train_loss=0.9320874214172363, train_AUC=0.9821446553856457, train_AP=0.9760322663698662, time=0.4058408737182617
INFO - 11/05/25 18:32:44 - 0:15:02 - Epoch 77: val_AUC=0.9536620972839472, val_AP=0.945841841756487
INFO - 11/05/25 18:32:44 - 0:15:02 - Epoch 78: train_loss=0.9265793561935425, train_AUC=0.9832511027608164, train_AP=0.9779287188876564, time=0.39643216133117676
INFO - 11/05/25 18:32:44 - 0:15:03 - Epoch 78: val_AUC=0.9540611274746186, val_AP=0.9462969719313212
INFO - 11/05/25 18:32:45 - 0:15:03 - Epoch 79: train_loss=0.9250845909118652, train_AUC=0.9831697522517554, train_AP=0.9782574014738687, time=0.42224812507629395
INFO - 11/05/25 18:32:45 - 0:15:03 - Epoch 79: val_AUC=0.9544392846902735, val_AP=0.9467177644364633
INFO - 11/05/25 18:32:45 - 0:15:04 - Epoch 80: train_loss=0.9204865097999573, train_AUC=0.9834128440971794, train_AP=0.9782028186264433, time=0.4650719165802002
INFO - 11/05/25 18:32:45 - 0:15:04 - Epoch 80: val_AUC=0.9547828233132192, val_AP=0.9471266833725915
INFO - 11/05/25 18:32:46 - 0:15:04 - Epoch 81: train_loss=0.915145754814148, train_AUC=0.9843057359509129, train_AP=0.9793259415371056, time=0.41399693489074707
INFO - 11/05/25 18:32:46 - 0:15:04 - Epoch 81: val_AUC=0.9550921506210168, val_AP=0.9475155618087953
INFO - 11/05/25 18:32:46 - 0:15:05 - Epoch 82: train_loss=0.9136140942573547, train_AUC=0.9840776266944489, train_AP=0.9790577768652872, time=0.35936856269836426
INFO - 11/05/25 18:32:46 - 0:15:05 - Epoch 82: val_AUC=0.9553517900663374, val_AP=0.9478611973451221
INFO - 11/05/25 18:32:47 - 0:15:05 - Epoch 83: train_loss=0.9091542959213257, train_AUC=0.9846399757244791, train_AP=0.9798916697136255, time=0.4327704906463623
INFO - 11/05/25 18:32:47 - 0:15:05 - Epoch 83: val_AUC=0.9555796618618776, val_AP=0.9481644533358294
INFO - 11/05/25 18:32:47 - 0:15:06 - Epoch 84: train_loss=0.9058743715286255, train_AUC=0.9848427706226617, train_AP=0.9798432257261168, time=0.313234806060791
INFO - 11/05/25 18:32:47 - 0:15:06 - Epoch 84: val_AUC=0.9557800424220307, val_AP=0.9484359255616495
INFO - 11/05/25 18:32:48 - 0:15:06 - Epoch 85: train_loss=0.9027560949325562, train_AUC=0.9849495207324286, train_AP=0.9800871362427391, time=0.4114410877227783
INFO - 11/05/25 18:32:48 - 0:15:07 - Epoch 85: val_AUC=0.955960466381681, val_AP=0.9487125505040038
INFO - 11/05/25 18:32:48 - 0:15:07 - Epoch 86: train_loss=0.899655818939209, train_AUC=0.9854310028808727, train_AP=0.9806631936671195, time=0.35393309593200684
INFO - 11/05/25 18:32:49 - 0:15:07 - Epoch 86: val_AUC=0.956159828747931, val_AP=0.9489339058150355
INFO - 11/05/25 18:32:49 - 0:15:07 - Epoch 87: train_loss=0.8972643613815308, train_AUC=0.9853442688900116, train_AP=0.9802723424731479, time=0.38364720344543457
INFO - 11/05/25 18:32:49 - 0:15:08 - Epoch 87: val_AUC=0.9564158026952, val_AP=0.9492524593941487
INFO - 11/05/25 18:32:49 - 0:15:08 - Epoch 88: train_loss=0.8937085270881653, train_AUC=0.985532081903717, train_AP=0.9804797111768949, time=0.3426644802093506
INFO - 11/05/25 18:32:50 - 0:15:08 - Epoch 88: val_AUC=0.9566343071068306, val_AP=0.9495637233562887
INFO - 11/05/25 18:32:50 - 0:15:09 - Epoch 89: train_loss=0.8910183906555176, train_AUC=0.9859902983300004, train_AP=0.981256455351667, time=0.4650750160217285
INFO - 11/05/25 18:32:50 - 0:15:09 - Epoch 89: val_AUC=0.9568743972292093, val_AP=0.9498856978317637
INFO - 11/05/25 18:32:51 - 0:15:09 - Epoch 90: train_loss=0.8852723836898804, train_AUC=0.9863482934413064, train_AP=0.9813168948069766, time=0.4230973720550537
INFO - 11/05/25 18:32:51 - 0:15:09 - Epoch 90: val_AUC=0.9571356657847749, val_AP=0.9502516966468548
INFO - 11/05/25 18:32:51 - 0:15:10 - Epoch 91: train_loss=0.8833855390548706, train_AUC=0.9862472232244978, train_AP=0.9811801434184758, time=0.3577604293823242
INFO - 11/05/25 18:32:51 - 0:15:10 - Epoch 91: val_AUC=0.957338490010296, val_AP=0.9505662738423635
INFO - 11/05/25 18:32:52 - 0:15:10 - Epoch 92: train_loss=0.88172447681427, train_AUC=0.9865069928207335, train_AP=0.9816034559414945, time=0.34111928939819336
INFO - 11/05/25 18:32:52 - 0:15:10 - Epoch 92: val_AUC=0.9575478306767975, val_AP=0.9508807994779729
INFO - 11/05/25 18:32:52 - 0:15:11 - Epoch 93: train_loss=0.8797893524169922, train_AUC=0.9866456417377164, train_AP=0.9819655228174413, time=0.4888114929199219
INFO - 11/05/25 18:32:52 - 0:15:11 - Epoch 93: val_AUC=0.957774277000873, val_AP=0.9512187969592116
INFO - 11/05/25 18:32:53 - 0:15:11 - Epoch 94: train_loss=0.8751490116119385, train_AUC=0.9873861740292883, train_AP=0.9830214869501057, time=0.4066040515899658
INFO - 11/05/25 18:32:53 - 0:15:11 - Epoch 94: val_AUC=0.9580249563398454, val_AP=0.9516460893024594
INFO - 11/05/25 18:32:53 - 0:15:12 - Epoch 95: train_loss=0.870720386505127, train_AUC=0.9879207201153783, train_AP=0.9837469564921117, time=0.3435323238372803
INFO - 11/05/25 18:32:53 - 0:15:12 - Epoch 95: val_AUC=0.9583094397164044, val_AP=0.9521059239353189
INFO - 11/05/25 18:32:54 - 0:15:12 - Epoch 96: train_loss=0.8690040111541748, train_AUC=0.9879908003078444, train_AP=0.9841054123941693, time=0.3494572639465332
INFO - 11/05/25 18:32:54 - 0:15:12 - Epoch 96: val_AUC=0.9585464752570737, val_AP=0.9525070097026958
INFO - 11/05/25 18:32:54 - 0:15:13 - Epoch 97: train_loss=0.8673110008239746, train_AUC=0.9879325978723085, train_AP=0.9838092626385679, time=0.47919726371765137
INFO - 11/05/25 18:32:55 - 0:15:13 - Epoch 97: val_AUC=0.9588201657782585, val_AP=0.9529497434303382
INFO - 11/05/25 18:32:55 - 0:15:13 - Epoch 98: train_loss=0.8646723031997681, train_AUC=0.988268110294139, train_AP=0.9841339021128195, time=0.3335864543914795
INFO - 11/05/25 18:32:55 - 0:15:14 - Epoch 98: val_AUC=0.9590830634440694, val_AP=0.9533270520240382
INFO - 11/05/25 18:32:55 - 0:15:14 - Epoch 99: train_loss=0.8631104230880737, train_AUC=0.9880548839423122, train_AP=0.9835920987035923, time=0.3418846130371094
INFO - 11/05/25 18:32:56 - 0:15:14 - Epoch 99: val_AUC=0.9593292627298673, val_AP=0.953700339781219
INFO - 11/05/25 18:32:56 - 0:15:15 - Epoch 100: train_loss=0.8609453439712524, train_AUC=0.9882944877170373, train_AP=0.9840299294831991, time=0.5035133361816406
INFO - 11/05/25 18:32:56 - 0:15:15 - Epoch 100: val_AUC=0.9595593745519948, val_AP=0.9539964203497318
INFO - 11/05/25 18:32:57 - 0:15:15 - Epoch 101: train_loss=0.85792076587677, train_AUC=0.9884844562721353, train_AP=0.9841319697681845, time=0.47479915618896484
INFO - 11/05/25 18:32:57 - 0:15:15 - Epoch 101: val_AUC=0.9597464167720158, val_AP=0.9542928277048804
INFO - 11/05/25 18:32:57 - 0:15:16 - Epoch 102: train_loss=0.8564008474349976, train_AUC=0.9884037389170336, train_AP=0.9838028148027239, time=0.48008060455322266
INFO - 11/05/25 18:32:57 - 0:15:16 - Epoch 102: val_AUC=0.9599126878364113, val_AP=0.9545555802506827
INFO - 11/05/25 18:32:58 - 0:15:16 - Epoch 103: train_loss=0.8521550893783569, train_AUC=0.9891690135268145, train_AP=0.9852731559697238, time=0.3966975212097168
INFO - 11/05/25 18:32:58 - 0:15:17 - Epoch 103: val_AUC=0.9600324274394295, val_AP=0.954764017113226
INFO - 11/05/25 18:32:59 - 0:15:17 - Epoch 104: train_loss=0.8505329489707947, train_AUC=0.9897084168460176, train_AP=0.9861505161939079, time=0.5043790340423584
INFO - 11/05/25 18:32:59 - 0:15:17 - Epoch 104: val_AUC=0.9601497233770804, val_AP=0.9550076740130141
INFO - 11/05/25 18:32:59 - 0:15:18 - Epoch 105: train_loss=0.8480329513549805, train_AUC=0.9897183711886534, train_AP=0.9859255834931115, time=0.36218976974487305
INFO - 11/05/25 18:32:59 - 0:15:18 - Epoch 105: val_AUC=0.9602328079995829, val_AP=0.9551881496838553
INFO - 11/05/25 18:33:00 - 0:15:18 - Epoch 106: train_loss=0.847699761390686, train_AUC=0.9895403400954068, train_AP=0.9857920159414144, time=0.41248178482055664
INFO - 11/05/25 18:33:00 - 0:15:18 - Epoch 106: val_AUC=0.9603348310286853, val_AP=0.9553754959560277
INFO - 11/05/25 18:33:00 - 0:15:19 - Epoch 107: train_loss=0.8447808623313904, train_AUC=0.9895901922957507, train_AP=0.9859835697381137, time=0.4083390235900879
INFO - 11/05/25 18:33:00 - 0:15:19 - Epoch 107: val_AUC=0.9604649562095167, val_AP=0.955586917008081
INFO - 11/05/25 18:33:01 - 0:15:19 - Epoch 108: train_loss=0.8414835929870605, train_AUC=0.9904882247608228, train_AP=0.9870312256771318, time=0.41417479515075684
INFO - 11/05/25 18:33:01 - 0:15:19 - Epoch 108: val_AUC=0.9606484347508766, val_AP=0.9558668447478247
INFO - 11/05/25 18:33:01 - 0:15:20 - Epoch 109: train_loss=0.8404155969619751, train_AUC=0.99028523683434, train_AP=0.9866320655668894, time=0.4200444221496582
INFO - 11/05/25 18:33:01 - 0:15:20 - Epoch 109: val_AUC=0.960824175018572, val_AP=0.956111537009988
INFO - 11/05/25 18:33:02 - 0:15:20 - Epoch 110: train_loss=0.8389239311218262, train_AUC=0.9902181029652629, train_AP=0.9869042530184384, time=0.34348297119140625
INFO - 11/05/25 18:33:02 - 0:15:21 - Epoch 110: val_AUC=0.9609378054581711, val_AP=0.9562873874008543
INFO - 11/05/25 18:33:02 - 0:15:21 - Epoch 111: train_loss=0.8354460000991821, train_AUC=0.9905292175609968, train_AP=0.9870026308220061, time=0.4094557762145996
INFO - 11/05/25 18:33:03 - 0:15:21 - Epoch 111: val_AUC=0.961033719323854, val_AP=0.956436027366899
INFO - 11/05/25 18:33:03 - 0:15:21 - Epoch 112: train_loss=0.8355991244316101, train_AUC=0.9903081624674059, train_AP=0.9868218608554898, time=0.40829944610595703
INFO - 11/05/25 18:33:03 - 0:15:22 - Epoch 112: val_AUC=0.9610777053004732, val_AP=0.9565451073542353
INFO - 11/05/25 18:33:03 - 0:15:22 - Epoch 113: train_loss=0.8322705030441284, train_AUC=0.9907500625425782, train_AP=0.987500698176142, time=0.35462093353271484
INFO - 11/05/25 18:33:04 - 0:15:22 - Epoch 113: val_AUC=0.9610807598821827, val_AP=0.9565671319486511
INFO - 11/05/25 18:33:04 - 0:15:23 - Epoch 114: train_loss=0.8292824625968933, train_AUC=0.9912707375375208, train_AP=0.9882753879042613, time=0.38358235359191895
INFO - 11/05/25 18:33:04 - 0:15:23 - Epoch 114: val_AUC=0.9610958291519505, val_AP=0.9566023063416856
INFO - 11/05/25 18:33:05 - 0:15:23 - Epoch 115: train_loss=0.8300269842147827, train_AUC=0.9907039812627964, train_AP=0.9871289665823042, time=0.41278624534606934
INFO - 11/05/25 18:33:05 - 0:15:23 - Epoch 115: val_AUC=0.9611353350753953, val_AP=0.9566508013334893
INFO - 11/05/25 18:33:05 - 0:15:24 - Epoch 116: train_loss=0.8270277976989746, train_AUC=0.991344479279587, train_AP=0.9884291456132156, time=0.41339755058288574
INFO - 11/05/25 18:33:05 - 0:15:24 - Epoch 116: val_AUC=0.9611827829112852, val_AP=0.9567166252971002
INFO - 11/05/25 18:33:06 - 0:15:24 - Epoch 117: train_loss=0.8245632648468018, train_AUC=0.9913792904188946, train_AP=0.9879750217789941, time=0.37168359756469727
INFO - 11/05/25 18:33:06 - 0:15:24 - Epoch 117: val_AUC=0.9612958024345424, val_AP=0.9568473518826521
INFO - 11/05/25 18:33:06 - 0:15:25 - Epoch 118: train_loss=0.8221673965454102, train_AUC=0.9915947450499681, train_AP=0.9886509036883081, time=0.40874266624450684
INFO - 11/05/25 18:33:06 - 0:15:25 - Epoch 118: val_AUC=0.961387439885832, val_AP=0.9569443548752888
INFO - 11/05/25 18:33:07 - 0:15:25 - Epoch 119: train_loss=0.8209950923919678, train_AUC=0.9914200907191305, train_AP=0.9880518308863582, time=0.4248011112213135
INFO - 11/05/25 18:33:07 - 0:15:26 - Epoch 119: val_AUC=0.9614902774700569, val_AP=0.9570547965059394
INFO - 11/05/25 18:33:07 - 0:15:26 - Epoch 120: train_loss=0.8206043243408203, train_AUC=0.9914296426259396, train_AP=0.9882669939483069, time=0.3626213073730469
INFO - 11/05/25 18:33:08 - 0:15:26 - Epoch 120: val_AUC=0.9615666420127982, val_AP=0.957137837219404
INFO - 11/05/25 18:33:08 - 0:15:26 - Epoch 121: train_loss=0.8154908418655396, train_AUC=0.9919648072479698, train_AP=0.9891291295780598, time=0.4032020568847656
INFO - 11/05/25 18:33:08 - 0:15:27 - Epoch 121: val_AUC=0.9616089988791722, val_AP=0.9571851865272215
INFO - 11/05/25 18:33:09 - 0:15:27 - Epoch 122: train_loss=0.815193772315979, train_AUC=0.9917863605098431, train_AP=0.9886710121895683, time=0.40427160263061523
INFO - 11/05/25 18:33:09 - 0:15:27 - Epoch 122: val_AUC=0.9616389337799267, val_AP=0.9572132688261078
INFO - 11/05/25 18:33:09 - 0:15:28 - Epoch 123: train_loss=0.8129807114601135, train_AUC=0.9921996064496745, train_AP=0.9893839936533338, time=0.43491411209106445
INFO - 11/05/25 18:33:09 - 0:15:28 - Epoch 123: val_AUC=0.9616806797299587, val_AP=0.957267490059104
INFO - 11/05/25 18:33:10 - 0:15:28 - Epoch 124: train_loss=0.8128979206085205, train_AUC=0.9917758725214505, train_AP=0.9886491953581013, time=0.4146003723144531
INFO - 11/05/25 18:33:10 - 0:15:28 - Epoch 124: val_AUC=0.9617884046449191, val_AP=0.9573607338780472
INFO - 11/05/25 18:33:10 - 0:15:29 - Epoch 125: train_loss=0.8097629547119141, train_AUC=0.9919977921916158, train_AP=0.9888900434492777, time=0.4108710289001465
INFO - 11/05/25 18:33:10 - 0:15:29 - Epoch 125: val_AUC=0.9619093660806215, val_AP=0.9574732942856822
INFO - 11/05/25 18:33:11 - 0:15:29 - Epoch 126: train_loss=0.8085891008377075, train_AUC=0.9919705574130921, train_AP=0.9888326960536632, time=0.3622560501098633
INFO - 11/05/25 18:33:11 - 0:15:29 - Epoch 126: val_AUC=0.9620396949002333, val_AP=0.9576051767930999
INFO - 11/05/25 18:33:11 - 0:15:30 - Epoch 127: train_loss=0.8049180507659912, train_AUC=0.9926147839053533, train_AP=0.9894241370047757, time=0.35362863540649414
INFO - 11/05/25 18:33:11 - 0:15:30 - Epoch 127: val_AUC=0.9622099369208514, val_AP=0.9578361371204291
INFO - 11/05/25 18:33:12 - 0:15:30 - Epoch 128: train_loss=0.8028784990310669, train_AUC=0.9928830842605106, train_AP=0.9902862164973033, time=0.3427562713623047
INFO - 11/05/25 18:33:12 - 0:15:30 - Epoch 128: val_AUC=0.9623003525394571, val_AP=0.9579196204581407
INFO - 11/05/25 18:33:12 - 0:15:31 - Epoch 129: train_loss=0.8017570972442627, train_AUC=0.992691834251113, train_AP=0.9898227259837267, time=0.3128852844238281
INFO - 11/05/25 18:33:12 - 0:15:31 - Epoch 129: val_AUC=0.9624325141080947, val_AP=0.9580661914455176
INFO - 11/05/25 18:33:13 - 0:15:31 - Epoch 130: train_loss=0.8004235029220581, train_AUC=0.9926889981792894, train_AP=0.990108020379139, time=0.33372998237609863
INFO - 11/05/25 18:33:13 - 0:15:31 - Epoch 130: val_AUC=0.9625223188103585, val_AP=0.958194990036757
INFO - 11/05/25 18:33:13 - 0:15:32 - Epoch 131: train_loss=0.7981647849082947, train_AUC=0.992837400837417, train_AP=0.9900447968526846, time=0.4207875728607178
INFO - 11/05/25 18:33:13 - 0:15:32 - Epoch 131: val_AUC=0.9626534621850931, val_AP=0.958346305955036
INFO - 11/05/25 18:33:14 - 0:15:32 - Epoch 132: train_loss=0.7971268892288208, train_AUC=0.9930100630668826, train_AP=0.9905008215107256, time=0.3054947853088379
INFO - 11/05/25 18:33:14 - 0:15:32 - Epoch 132: val_AUC=0.9627664817083501, val_AP=0.958502266925667
INFO - 11/05/25 18:33:14 - 0:15:33 - Epoch 133: train_loss=0.7953711748123169, train_AUC=0.9931499920291992, train_AP=0.9906881945902497, time=0.30100226402282715
INFO - 11/05/25 18:33:14 - 0:15:33 - Epoch 133: val_AUC=0.9628562864106139, val_AP=0.9586211802043066
INFO - 11/05/25 18:33:14 - 0:15:33 - Epoch 134: train_loss=0.7930956482887268, train_AUC=0.9932844635390168, train_AP=0.9907664609061524, time=0.3331642150878906
INFO - 11/05/25 18:33:15 - 0:15:33 - Epoch 134: val_AUC=0.9629538293865422, val_AP=0.9587438595753178
INFO - 11/05/25 18:33:15 - 0:15:33 - Epoch 135: train_loss=0.7914822101593018, train_AUC=0.9933142744351932, train_AP=0.990706331877558, time=0.3184940814971924
INFO - 11/05/25 18:33:15 - 0:15:34 - Epoch 135: val_AUC=0.9630281575414772, val_AP=0.9588186931906458
INFO - 11/05/25 18:33:15 - 0:15:34 - Epoch 136: train_loss=0.7889604568481445, train_AUC=0.9932223986001486, train_AP=0.9904361406685479, time=0.31615471839904785
INFO - 11/05/25 18:33:15 - 0:15:34 - Epoch 136: val_AUC=0.9630811036244445, val_AP=0.9588794312307187
INFO - 11/05/25 18:33:16 - 0:15:34 - Epoch 137: train_loss=0.7880487442016602, train_AUC=0.9935387415153354, train_AP=0.991094372568985, time=0.32294654846191406
INFO - 11/05/25 18:33:16 - 0:15:34 - Epoch 137: val_AUC=0.9631874030679406, val_AP=0.9590120813188253
INFO - 11/05/25 18:33:16 - 0:15:35 - Epoch 138: train_loss=0.7873104810714722, train_AUC=0.9934462622907319, train_AP=0.9909209239778751, time=0.3342549800872803
INFO - 11/05/25 18:33:16 - 0:15:35 - Epoch 138: val_AUC=0.9633042917280299, val_AP=0.9591469315972799
INFO - 11/05/25 18:33:17 - 0:15:35 - Epoch 139: train_loss=0.7856066226959229, train_AUC=0.9936171536264393, train_AP=0.9913313577711966, time=0.33536314964294434
INFO - 11/05/25 18:33:17 - 0:15:35 - Epoch 139: val_AUC=0.9633749543849133, val_AP=0.9592432452422933
INFO - 11/05/25 18:33:17 - 0:15:36 - Epoch 140: train_loss=0.7842504978179932, train_AUC=0.9936987899794157, train_AP=0.9912684896130683, time=0.3195805549621582
INFO - 11/05/25 18:33:17 - 0:15:36 - Epoch 140: val_AUC=0.9634472461520416, val_AP=0.9593113851809172
INFO - 11/05/25 18:33:18 - 0:15:36 - Epoch 141: train_loss=0.7821630239486694, train_AUC=0.993887072530939, train_AP=0.9917792001860553, time=0.31508493423461914
INFO - 11/05/25 18:33:18 - 0:15:36 - Epoch 141: val_AUC=0.9635117996455056, val_AP=0.9593730231709227
INFO - 11/05/25 18:33:18 - 0:15:37 - Epoch 142: train_loss=0.7792463302612305, train_AUC=0.9939383025236119, train_AP=0.9915328991348417, time=0.32688403129577637
INFO - 11/05/25 18:33:18 - 0:15:37 - Epoch 142: val_AUC=0.963507217772941, val_AP=0.9593820818688421
INFO - 11/05/25 18:33:18 - 0:15:37 - Epoch 143: train_loss=0.7796396613121033, train_AUC=0.9934845294467687, train_AP=0.9905511864407931, time=0.31368422508239746
INFO - 11/05/25 18:33:19 - 0:15:37 - Epoch 143: val_AUC=0.9634948976267123, val_AP=0.9593702454900072
INFO - 11/05/25 18:33:19 - 0:15:37 - Epoch 144: train_loss=0.7781625986099243, train_AUC=0.9941440060553512, train_AP=0.9921082910967046, time=0.31777191162109375
INFO - 11/05/25 18:33:19 - 0:15:37 - Epoch 144: val_AUC=0.9635675966714019, val_AP=0.9594831835726829
INFO - 11/05/25 18:33:19 - 0:15:38 - Epoch 145: train_loss=0.7760648727416992, train_AUC=0.9940635391439019, train_AP=0.9916353452149428, time=0.3179435729980469
INFO - 11/05/25 18:33:19 - 0:15:38 - Epoch 145: val_AUC=0.963685299886614, val_AP=0.9596421721324381
INFO - 11/05/25 18:33:20 - 0:15:38 - Epoch 146: train_loss=0.7735491991043091, train_AUC=0.9944164526443079, train_AP=0.9923858646653299, time=0.3169436454772949
INFO - 11/05/25 18:33:20 - 0:15:38 - Epoch 146: val_AUC=0.9637858974442519, val_AP=0.9597837424999016
INFO - 11/05/25 18:33:20 - 0:15:39 - Epoch 147: train_loss=0.7723175287246704, train_AUC=0.9945745206309831, train_AP=0.9925465418403342, time=0.3190479278564453
INFO - 11/05/25 18:33:20 - 0:15:39 - Epoch 147: val_AUC=0.9637614607905746, val_AP=0.9597993328696659
INFO - 11/05/25 18:33:21 - 0:15:39 - Epoch 148: train_loss=0.7703202962875366, train_AUC=0.9945373714892252, train_AP=0.992489773167148, time=0.3112359046936035
INFO - 11/05/25 18:33:21 - 0:15:39 - Epoch 148: val_AUC=0.9637256203651813, val_AP=0.9597791028256452
INFO - 11/05/25 18:33:21 - 0:15:39 - Epoch 149: train_loss=0.768153190612793, train_AUC=0.9947806745033827, train_AP=0.9927636634558391, time=0.31789278984069824
INFO - 11/05/25 18:33:21 - 0:15:40 - Epoch 149: val_AUC=0.9637474097147102, val_AP=0.9598277799888913
INFO - 11/05/25 18:33:21 - 0:15:40 - Epoch 150: train_loss=0.7692049145698547, train_AUC=0.9944613997067052, train_AP=0.9923106439482328, time=0.30727529525756836
INFO - 11/05/25 18:33:21 - 0:15:40 - Epoch 150: val_AUC=0.9638506545764964, val_AP=0.9599706674180927
INFO - 11/05/25 18:33:22 - 0:15:40 - Epoch 151: train_loss=0.7654711008071899, train_AUC=0.9947933361736016, train_AP=0.9929702460956766, time=0.3090033531188965
INFO - 11/05/25 18:33:22 - 0:15:40 - Epoch 151: val_AUC=0.9639626559058504, val_AP=0.9601389612425905
INFO - 11/05/25 18:33:22 - 0:15:41 - Epoch 152: train_loss=0.7655249834060669, train_AUC=0.9948019345628765, train_AP=0.9927547409661608, time=0.31351137161254883
INFO - 11/05/25 18:33:22 - 0:15:41 - Epoch 152: val_AUC=0.9640001254414888, val_AP=0.9602282297338388
INFO - 11/05/25 18:33:23 - 0:15:41 - Epoch 153: train_loss=0.7632406949996948, train_AUC=0.9949464620369805, train_AP=0.9930803197868631, time=0.3079502582550049
INFO - 11/05/25 18:33:23 - 0:15:41 - Epoch 153: val_AUC=0.9639585831302376, val_AP=0.9602267870981069
INFO - 11/05/25 18:33:23 - 0:15:42 - Epoch 154: train_loss=0.7624084949493408, train_AUC=0.9949915818737961, train_AP=0.9929997963307262, time=0.31458258628845215
INFO - 11/05/25 18:33:23 - 0:15:42 - Epoch 154: val_AUC=0.9639190772067928, val_AP=0.9602277639282853
INFO - 11/05/25 18:33:24 - 0:15:42 - Epoch 155: train_loss=0.7599807977676392, train_AUC=0.9951140926738282, train_AP=0.9932206520783029, time=0.31644773483276367
INFO - 11/05/25 18:33:24 - 0:15:42 - Epoch 155: val_AUC=0.9639217245109412, val_AP=0.9602771260949482
INFO - 11/05/25 18:33:24 - 0:15:42 - Epoch 156: train_loss=0.7588996291160583, train_AUC=0.9952198491105385, train_AP=0.9934379038997556, time=0.3119387626647949
INFO - 11/05/25 18:33:24 - 0:15:43 - Epoch 156: val_AUC=0.9639905544187987, val_AP=0.9604559899847391
INFO - 11/05/25 18:33:24 - 0:15:43 - Epoch 157: train_loss=0.7577857971191406, train_AUC=0.9952438592949484, train_AP=0.9933343002152442, time=0.31656408309936523
INFO - 11/05/25 18:33:24 - 0:15:43 - Epoch 157: val_AUC=0.9640335222015144, val_AP=0.9605798531736692
INFO - 11/05/25 18:33:25 - 0:15:43 - Epoch 158: train_loss=0.7568845152854919, train_AUC=0.99536843581481, train_AP=0.9936060195057536, time=0.315457820892334
INFO - 11/05/25 18:33:25 - 0:15:43 - Epoch 158: val_AUC=0.9640390204485918, val_AP=0.9606274373046075
INFO - 11/05/25 18:33:25 - 0:15:44 - Epoch 159: train_loss=0.7553691864013672, train_AUC=0.9954339409195435, train_AP=0.9935564291459493, time=0.32478785514831543
INFO - 11/05/25 18:33:25 - 0:15:44 - Epoch 159: val_AUC=0.964028023954437, val_AP=0.9606448732125599
INFO - 11/05/25 18:33:26 - 0:15:44 - Epoch 160: train_loss=0.7542850971221924, train_AUC=0.9953993733551805, train_AP=0.993281997336596, time=0.3044013977050781
INFO - 11/05/25 18:33:26 - 0:15:44 - Epoch 160: val_AUC=0.9640056236885662, val_AP=0.9606798780098087
INFO - 11/05/25 18:33:26 - 0:15:45 - Epoch 161: train_loss=0.7518951892852783, train_AUC=0.9954035498817422, train_AP=0.993532049696962, time=0.3040733337402344
INFO - 11/05/25 18:33:26 - 0:15:45 - Epoch 161: val_AUC=0.963998903608805, val_AP=0.9607334643772624
INFO - 11/05/25 18:33:26 - 0:15:45 - Epoch 162: train_loss=0.7501480579376221, train_AUC=0.9956178072442162, train_AP=0.993922410405446, time=0.3010857105255127
INFO - 11/05/25 18:33:27 - 0:15:45 - Epoch 162: val_AUC=0.9640331149239533, val_AP=0.9608293515194175
INFO - 11/05/25 18:33:27 - 0:15:45 - Epoch 163: train_loss=0.7502932548522949, train_AUC=0.9955166734478307, train_AP=0.9937967761921471, time=0.3018620014190674
INFO - 11/05/25 18:33:27 - 0:15:46 - Epoch 163: val_AUC=0.9640581624939722, val_AP=0.960911561676526
INFO - 11/05/25 18:33:27 - 0:15:46 - Epoch 164: train_loss=0.7481944561004639, train_AUC=0.9958966942153651, train_AP=0.9943588136486777, time=0.3010282516479492
INFO - 11/05/25 18:33:27 - 0:15:46 - Epoch 164: val_AUC=0.9640830064252109, val_AP=0.9609982341747231
INFO - 11/05/25 18:33:28 - 0:15:46 - Epoch 165: train_loss=0.7474486827850342, train_AUC=0.9958313159175443, train_AP=0.9942290758798467, time=0.2982618808746338
INFO - 11/05/25 18:33:28 - 0:15:46 - Epoch 165: val_AUC=0.9640567370225077, val_AP=0.9610120821014067
INFO - 11/05/25 18:33:28 - 0:15:47 - Epoch 166: train_loss=0.7463817596435547, train_AUC=0.9958111275525823, train_AP=0.994107823941504, time=0.29862236976623535
INFO - 11/05/25 18:33:28 - 0:15:47 - Epoch 166: val_AUC=0.9640563297449467, val_AP=0.9610743644567823
INFO - 11/05/25 18:33:29 - 0:15:47 - Epoch 167: train_loss=0.744223415851593, train_AUC=0.9959422288164572, train_AP=0.9942352875472367, time=0.30144548416137695
INFO - 11/05/25 18:33:29 - 0:15:47 - Epoch 167: val_AUC=0.964052053330553, val_AP=0.9611210302994997
INFO - 11/05/25 18:33:29 - 0:15:47 - Epoch 168: train_loss=0.7439682483673096, train_AUC=0.9959643453509728, train_AP=0.9944646077834994, time=0.29817771911621094
INFO - 11/05/25 18:33:29 - 0:15:48 - Epoch 168: val_AUC=0.9640510351366498, val_AP=0.9611975574053951
INFO - 11/05/25 18:33:29 - 0:15:48 - Epoch 169: train_loss=0.7417624592781067, train_AUC=0.996113705049049, train_AP=0.9945786283173915, time=0.29871106147766113
INFO - 11/05/25 18:33:29 - 0:15:48 - Epoch 169: val_AUC=0.9640565333837272, val_AP=0.9612929050370469
INFO - 11/05/25 18:33:30 - 0:15:48 - Epoch 170: train_loss=0.7408012747764587, train_AUC=0.9960299112173518, train_AP=0.9944394969969501, time=0.29935526847839355
INFO - 11/05/25 18:33:30 - 0:15:48 - Epoch 170: val_AUC=0.9640508314978691, val_AP=0.9614022858291907
INFO - 11/05/25 18:33:30 - 0:15:49 - Epoch 171: train_loss=0.7394774556159973, train_AUC=0.9961613110058335, train_AP=0.9945513498356733, time=0.297116756439209
INFO - 11/05/25 18:33:30 - 0:15:49 - Epoch 171: val_AUC=0.9640186565705274, val_AP=0.9614307355952089
INFO - 11/05/25 18:33:31 - 0:15:49 - Epoch 172: train_loss=0.739427924156189, train_AUC=0.9960518583237427, train_AP=0.9944004686013517, time=0.2962660789489746
INFO - 11/05/25 18:33:31 - 0:15:49 - Epoch 172: val_AUC=0.9640001254414888, val_AP=0.9614678606477676
INFO - 11/05/25 18:33:31 - 0:15:49 - Epoch 173: train_loss=0.7378008365631104, train_AUC=0.9960854204149616, train_AP=0.9945272091254846, time=0.3067960739135742
INFO - 11/05/25 18:33:31 - 0:15:50 - Epoch 173: val_AUC=0.9639750778714697, val_AP=0.9614596837372692
INFO - 11/05/25 18:33:31 - 0:15:50 - Epoch 174: train_loss=0.7367231249809265, train_AUC=0.9963211012769502, train_AP=0.9947863865073765, time=0.2985961437225342
INFO - 11/05/25 18:33:31 - 0:15:50 - Epoch 174: val_AUC=0.9639514557729151, val_AP=0.9614435671987578
INFO - 11/05/25 18:33:32 - 0:15:50 - Epoch 175: train_loss=0.7350906133651733, train_AUC=0.9964895286838984, train_AP=0.9951603858952079, time=0.3018925189971924
INFO - 11/05/25 18:33:32 - 0:15:50 - Epoch 175: val_AUC=0.9639280373131411, val_AP=0.9614489301388282
INFO - 11/05/25 18:33:32 - 0:15:51 - Epoch 176: train_loss=0.7331619262695312, train_AUC=0.9962591191148166, train_AP=0.9946586702531596, time=0.30035924911499023
INFO - 11/05/25 18:33:32 - 0:15:51 - Epoch 176: val_AUC=0.963876109424077, val_AP=0.9614712729601839
INFO - 11/05/25 18:33:33 - 0:15:51 - Epoch 177: train_loss=0.7332218289375305, train_AUC=0.9964127016592014, train_AP=0.9950480421891713, time=0.3007800579071045
INFO - 11/05/25 18:33:33 - 0:15:51 - Epoch 177: val_AUC=0.963832123447458, val_AP=0.9614618337699719
INFO - 11/05/25 18:33:33 - 0:15:51 - Epoch 178: train_loss=0.7309486269950867, train_AUC=0.99623182427913, train_AP=0.9944531544559087, time=0.2995462417602539
INFO - 11/05/25 18:33:33 - 0:15:52 - Epoch 178: val_AUC=0.9637763264215616, val_AP=0.9614027258131402
INFO - 11/05/25 18:33:33 - 0:15:52 - Epoch 179: train_loss=0.7305511832237244, train_AUC=0.9967494370632551, train_AP=0.9955162043575112, time=0.30216193199157715
INFO - 11/05/25 18:33:33 - 0:15:52 - Epoch 179: val_AUC=0.9637669590376521, val_AP=0.9614237995512922
INFO - 11/05/25 18:33:34 - 0:15:52 - Epoch 180: train_loss=0.7295448780059814, train_AUC=0.9964734817974764, train_AP=0.9949398084623995, time=0.3049492835998535
INFO - 11/05/25 18:33:34 - 0:15:52 - Epoch 180: val_AUC=0.9637608498742327, val_AP=0.961443970657547
INFO - 11/05/25 18:33:34 - 0:15:53 - Epoch 181: train_loss=0.7292414307594299, train_AUC=0.9965905754766523, train_AP=0.9952466981721174, time=0.2978019714355469
INFO - 11/05/25 18:33:34 - 0:15:53 - Epoch 181: val_AUC=0.9637472060759296, val_AP=0.9614464682112746
INFO - 11/05/25 18:33:35 - 0:15:53 - Epoch 182: train_loss=0.7269061803817749, train_AUC=0.9967743798068344, train_AP=0.9954102995679601, time=0.2994976043701172
INFO - 11/05/25 18:33:35 - 0:15:53 - Epoch 182: val_AUC=0.9637174748139556, val_AP=0.9614414587413677
INFO - 11/05/25 18:33:35 - 0:15:53 - Epoch 183: train_loss=0.7277601957321167, train_AUC=0.9967632398195663, train_AP=0.9953924760004774, time=0.2980470657348633
INFO - 11/05/25 18:33:35 - 0:15:54 - Epoch 183: val_AUC=0.9637007764339428, val_AP=0.9614511613087569
INFO - 11/05/25 18:33:35 - 0:15:54 - Epoch 184: train_loss=0.7269415855407715, train_AUC=0.9966647161321308, train_AP=0.9954164683533834, time=0.3003718852996826
INFO - 11/05/25 18:33:35 - 0:15:54 - Epoch 184: val_AUC=0.9636842816927109, val_AP=0.9614667449367674
INFO - 11/05/25 18:33:36 - 0:15:54 - Epoch 185: train_loss=0.7238622307777405, train_AUC=0.9968032364809939, train_AP=0.9955937076540897, time=0.2991943359375
INFO - 11/05/25 18:33:36 - 0:15:54 - Epoch 185: val_AUC=0.963653328598053, val_AP=0.9614669253893867
INFO - 11/05/25 18:33:36 - 0:15:55 - Epoch 186: train_loss=0.7249174118041992, train_AUC=0.9966983074593879, train_AP=0.9951644310557405, time=0.2998526096343994
INFO - 11/05/25 18:33:36 - 0:15:55 - Epoch 186: val_AUC=0.963657808651227, val_AP=0.961521782616811
INFO - 11/05/25 18:33:36 - 0:15:55 - Epoch 187: train_loss=0.7236806154251099, train_AUC=0.9967166810765345, train_AP=0.9953480931657025, time=0.30088210105895996
INFO - 11/05/25 18:33:37 - 0:15:55 - Epoch 187: val_AUC=0.9636537358756141, val_AP=0.9614678391465971
INFO - 11/05/25 18:33:37 - 0:15:55 - Epoch 188: train_loss=0.721492350101471, train_AUC=0.9968361587256666, train_AP=0.9956041801030308, time=0.2989077568054199
INFO - 11/05/25 18:33:37 - 0:15:56 - Epoch 188: val_AUC=0.9637013873502849, val_AP=0.9615330496320146
INFO - 11/05/25 18:33:37 - 0:15:56 - Epoch 189: train_loss=0.7201632261276245, train_AUC=0.9969878581873999, train_AP=0.995837762440732, time=0.30748462677001953
INFO - 11/05/25 18:33:37 - 0:15:56 - Epoch 189: val_AUC=0.9636417211875562, val_AP=0.9614923339588369
INFO - 11/05/25 18:33:38 - 0:15:56 - Epoch 190: train_loss=0.7205106019973755, train_AUC=0.9966209108603087, train_AP=0.9950650206830495, time=0.2977626323699951
INFO - 11/05/25 18:33:38 - 0:15:56 - Epoch 190: val_AUC=0.9635264616377119, val_AP=0.9614334747656031
INFO - 11/05/25 18:33:38 - 0:15:57 - Epoch 191: train_loss=0.7189568281173706, train_AUC=0.996648858047112, train_AP=0.9952018066232946, time=0.2985999584197998
INFO - 11/05/25 18:33:38 - 0:15:57 - Epoch 191: val_AUC=0.9634635372544931, val_AP=0.961388380971208
INFO - 11/05/25 18:33:38 - 0:15:57 - Epoch 192: train_loss=0.7176833152770996, train_AUC=0.9969736367921566, train_AP=0.995578160249976, time=0.29935312271118164
INFO - 11/05/25 18:33:39 - 0:15:57 - Epoch 192: val_AUC=0.9633914491261454, val_AP=0.9613182975665442
INFO - 11/05/25 18:33:39 - 0:15:57 - Epoch 193: train_loss=0.716530442237854, train_AUC=0.9969673793993841, train_AP=0.9958645824303632, time=0.29875707626342773
INFO - 11/05/25 18:33:39 - 0:15:57 - Epoch 193: val_AUC=0.9633301538531716, val_AP=0.961247124760051
INFO - 11/05/25 18:33:39 - 0:15:58 - Epoch 194: train_loss=0.7158585786819458, train_AUC=0.9969928029525068, train_AP=0.9957518008347325, time=0.30040502548217773
INFO - 11/05/25 18:33:39 - 0:15:58 - Epoch 194: val_AUC=0.9633000153136362, val_AP=0.9612473614373989
INFO - 11/05/25 18:33:40 - 0:15:58 - Epoch 195: train_loss=0.7146389484405518, train_AUC=0.997004945947229, train_AP=0.9956879571439802, time=0.3004765510559082
INFO - 11/05/25 18:33:40 - 0:15:58 - Epoch 195: val_AUC=0.9632311854057789, val_AP=0.9611642998517387
INFO - 11/05/25 18:33:40 - 0:15:59 - Epoch 196: train_loss=0.7134341597557068, train_AUC=0.9970814730383537, train_AP=0.995923917195925, time=0.3000466823577881
INFO - 11/05/25 18:33:40 - 0:15:59 - Epoch 196: val_AUC=0.9632171343299143, val_AP=0.96113654245505
INFO - 11/05/25 18:33:40 - 0:15:59 - Epoch 197: train_loss=0.7127985954284668, train_AUC=0.9971619403020446, train_AP=0.995886321909982, time=0.3009204864501953
INFO - 11/05/25 18:33:41 - 0:15:59 - Epoch 197: val_AUC=0.9632197816340626, val_AP=0.9611416257794959
INFO - 11/05/25 18:33:41 - 0:15:59 - Epoch 198: train_loss=0.7119306325912476, train_AUC=0.9971045090991061, train_AP=0.9961150739302236, time=0.3053863048553467
INFO - 11/05/25 18:33:41 - 0:15:59 - Epoch 198: val_AUC=0.9631983995620953, val_AP=0.9611222878202637
INFO - 11/05/25 18:33:41 - 0:16:00 - Epoch 199: train_loss=0.7110038995742798, train_AUC=0.9972310194243843, train_AP=0.9960643303009074, time=0.3020448684692383
INFO - 11/05/25 18:33:41 - 0:16:00 - Epoch 199: val_AUC=0.9631452498403471, val_AP=0.9610992316734267
INFO - 11/05/25 18:33:42 - 0:16:00 - Epoch 200: train_loss=0.7091183066368103, train_AUC=0.9972686884744836, train_AP=0.996195230748999, time=0.29926609992980957
INFO - 11/05/25 18:33:42 - 0:16:00 - Epoch 200: val_AUC=0.9630766235712702, val_AP=0.961043579551643
INFO - 11/05/25 18:33:42 - 0:16:01 - Epoch 201: train_loss=0.7092541456222534, train_AUC=0.9971584922107474, train_AP=0.9958815525545375, time=0.3000333309173584
INFO - 11/05/25 18:33:42 - 0:16:01 - Epoch 201: val_AUC=0.9630063681919483, val_AP=0.9609800169513234
INFO - 11/05/25 18:33:42 - 0:16:01 - Epoch 202: train_loss=0.7087061405181885, train_AUC=0.9970749053208868, train_AP=0.9957398506874671, time=0.3010122776031494
INFO - 11/05/25 18:33:43 - 0:16:01 - Epoch 202: val_AUC=0.9629505711660519, val_AP=0.9609711786504254
INFO - 11/05/25 18:33:43 - 0:16:01 - Epoch 203: train_loss=0.7079423666000366, train_AUC=0.9972872739648467, train_AP=0.9961259900906095, time=0.30285143852233887
INFO - 11/05/25 18:33:43 - 0:16:01 - Epoch 203: val_AUC=0.9628725775130653, val_AP=0.9608947928839755
INFO - 11/05/25 18:33:43 - 0:16:02 - Epoch 204: train_loss=0.706204354763031, train_AUC=0.9972497873758049, train_AP=0.9961160063937465, time=0.29845428466796875
INFO - 11/05/25 18:33:43 - 0:16:02 - Epoch 204: val_AUC=0.9628287951752271, val_AP=0.9608250187386201
INFO - 11/05/25 18:33:44 - 0:16:02 - Epoch 205: train_loss=0.7058377265930176, train_AUC=0.9974188502262815, train_AP=0.9964313133133981, time=0.3000812530517578
INFO - 11/05/25 18:33:44 - 0:16:02 - Epoch 205: val_AUC=0.962797434803008, val_AP=0.9607218225188106
INFO - 11/05/25 18:33:44 - 0:16:03 - Epoch 206: train_loss=0.7048523426055908, train_AUC=0.9972136003814961, train_AP=0.9959314772055987, time=0.29939818382263184
INFO - 11/05/25 18:33:44 - 0:16:03 - Epoch 206: val_AUC=0.9628206496240013, val_AP=0.9607060368095965
INFO - 11/05/25 18:33:44 - 0:16:03 - Epoch 207: train_loss=0.7045040130615234, train_AUC=0.9973070382311344, train_AP=0.9962379078463852, time=0.30034780502319336
INFO - 11/05/25 18:33:45 - 0:16:03 - Epoch 207: val_AUC=0.9628088385747241, val_AP=0.9606840379907976
INFO - 11/05/25 18:33:45 - 0:16:03 - Epoch 208: train_loss=0.7029753923416138, train_AUC=0.9974115937007105, train_AP=0.9962667173850466, time=0.3015758991241455
INFO - 11/05/25 18:33:45 - 0:16:03 - Epoch 208: val_AUC=0.9627593543510276, val_AP=0.9606356740613301
INFO - 11/05/25 18:33:45 - 0:16:04 - Epoch 209: train_loss=0.7020328044891357, train_AUC=0.9972987086020658, train_AP=0.9960506464774298, time=0.30210041999816895
INFO - 11/05/25 18:33:45 - 0:16:04 - Epoch 209: val_AUC=0.9626626259302219, val_AP=0.9605672192431813
INFO - 11/05/25 18:33:46 - 0:16:04 - Epoch 210: train_loss=0.7020829916000366, train_AUC=0.9974317357459253, train_AP=0.9964072619862201, time=0.30120158195495605
INFO - 11/05/25 18:33:46 - 0:16:04 - Epoch 210: val_AUC=0.9626522403524089, val_AP=0.9605640385683529
INFO - 11/05/25 18:33:46 - 0:16:05 - Epoch 211: train_loss=0.7023845911026001, train_AUC=0.9974190738995857, train_AP=0.9964040844161984, time=0.3013947010040283
INFO - 11/05/25 18:33:46 - 0:16:05 - Epoch 211: val_AUC=0.9626116144156708, val_AP=0.9605671068805581
INFO - 11/05/25 18:33:46 - 0:16:05 - Epoch 212: train_loss=0.7013126611709595, train_AUC=0.9973533389573233, train_AP=0.9963056167262931, time=0.3006742000579834
INFO - 11/05/25 18:33:46 - 0:16:05 - Epoch 212: val_AUC=0.9624762964459331, val_AP=0.960461156425482
INFO - 11/05/25 18:33:47 - 0:16:05 - Epoch 213: train_loss=0.699795663356781, train_AUC=0.9976657195087341, train_AP=0.9967956288378048, time=0.30132627487182617
INFO - 11/05/25 18:33:47 - 0:16:05 - Epoch 213: val_AUC=0.9623846589946435, val_AP=0.9604264288339414
INFO - 11/05/25 18:33:47 - 0:16:06 - Epoch 214: train_loss=0.6989948153495789, train_AUC=0.9973668648518753, train_AP=0.9960758420906062, time=0.30347514152526855
INFO - 11/05/25 18:33:47 - 0:16:06 - Epoch 214: val_AUC=0.9623649060329211, val_AP=0.960384532366625
INFO - 11/05/25 18:33:48 - 0:16:06 - Epoch 215: train_loss=0.6980332136154175, train_AUC=0.9976745142726028, train_AP=0.9968703142942485, time=0.2983675003051758
INFO - 11/05/25 18:33:48 - 0:16:06 - Epoch 215: val_AUC=0.9623667387819468, val_AP=0.9604125423864811
INFO - 11/05/25 18:33:48 - 0:16:07 - Epoch 216: train_loss=0.6974601745605469, train_AUC=0.99775330574772, train_AP=0.9968840393811462, time=0.2996349334716797
INFO - 11/05/25 18:33:48 - 0:16:07 - Epoch 216: val_AUC=0.9622463882625866, val_AP=0.9603371544210692
INFO - 11/05/25 18:33:48 - 0:16:07 - Epoch 217: train_loss=0.6966153979301453, train_AUC=0.9975999216913775, train_AP=0.996624653147087, time=0.2990446090698242
INFO - 11/05/25 18:33:48 - 0:16:07 - Epoch 217: val_AUC=0.9621867220998579, val_AP=0.9602962819396659
INFO - 11/05/25 18:33:49 - 0:16:07 - Epoch 218: train_loss=0.695830225944519, train_AUC=0.9976674060406711, train_AP=0.9967593425868488, time=0.2985668182373047
INFO - 11/05/25 18:33:49 - 0:16:07 - Epoch 218: val_AUC=0.9622689921672379, val_AP=0.9603339331280893
INFO - 11/05/25 18:33:49 - 0:16:08 - Epoch 219: train_loss=0.6944491863250732, train_AUC=0.997754014809706, train_AP=0.996915370404187, time=0.300736665725708
INFO - 11/05/25 18:33:49 - 0:16:08 - Epoch 219: val_AUC=0.9621844820732709, val_AP=0.96028286557158
INFO - 11/05/25 18:33:50 - 0:16:08 - Epoch 220: train_loss=0.6945475339889526, train_AUC=0.9977391505738644, train_AP=0.996792908288001, time=0.2994353771209717
INFO - 11/05/25 18:33:50 - 0:16:08 - Epoch 220: val_AUC=0.9621136157776068, val_AP=0.9602427769063173
INFO - 11/05/25 18:33:50 - 0:16:08 - Epoch 221: train_loss=0.6940630674362183, train_AUC=0.9976426735852217, train_AP=0.9967684542951016, time=0.29723072052001953
INFO - 11/05/25 18:33:50 - 0:16:09 - Epoch 221: val_AUC=0.9621089320856522, val_AP=0.9602274899761801
INFO - 11/05/25 18:33:50 - 0:16:09 - Epoch 222: train_loss=0.6922394037246704, train_AUC=0.9977136805248739, train_AP=0.996842137158203, time=0.29791855812072754
INFO - 11/05/25 18:33:50 - 0:16:09 - Epoch 222: val_AUC=0.962115855804194, val_AP=0.9602411387888159
INFO - 11/05/25 18:33:51 - 0:16:09 - Epoch 223: train_loss=0.6905761957168579, train_AUC=0.9978994100305576, train_AP=0.9971657226784292, time=0.2959451675415039
INFO - 11/05/25 18:33:51 - 0:16:09 - Epoch 223: val_AUC=0.9620352148470592, val_AP=0.9602160543084658
INFO - 11/05/25 18:33:51 - 0:16:10 - Epoch 224: train_loss=0.6917074918746948, train_AUC=0.9976445603664081, train_AP=0.9966766916350391, time=0.29661035537719727
INFO - 11/05/25 18:33:51 - 0:16:10 - Epoch 224: val_AUC=0.9619885815662919, val_AP=0.9601961039098421
INFO - 11/05/25 18:33:52 - 0:16:10 - Epoch 225: train_loss=0.691196620464325, train_AUC=0.9977452818642073, train_AP=0.9967219278108314, time=0.2992250919342041
INFO - 11/05/25 18:33:52 - 0:16:10 - Epoch 225: val_AUC=0.9619217880462407, val_AP=0.9602051127257482
INFO - 11/05/25 18:33:52 - 0:16:10 - Epoch 226: train_loss=0.6902360320091248, train_AUC=0.9977505297330592, train_AP=0.9967609632171157, time=0.29708123207092285
INFO - 11/05/25 18:33:52 - 0:16:11 - Epoch 226: val_AUC=0.9619081442479376, val_AP=0.9602317804609686
INFO - 11/05/25 18:33:52 - 0:16:11 - Epoch 227: train_loss=0.6895818710327148, train_AUC=0.9977849377320573, train_AP=0.9969576414728999, time=0.30578064918518066
INFO - 11/05/25 18:33:52 - 0:16:11 - Epoch 227: val_AUC=0.961743400474397, val_AP=0.9600529122070469
INFO - 11/05/25 18:33:53 - 0:16:11 - Epoch 228: train_loss=0.6878753304481506, train_AUC=0.9979663420652987, train_AP=0.9972152379830824, time=0.3032810688018799
INFO - 11/05/25 18:33:53 - 0:16:11 - Epoch 228: val_AUC=0.9616416829034655, val_AP=0.9599765070892873
INFO - 11/05/25 18:33:53 - 0:16:12 - Epoch 229: train_loss=0.6866732835769653, train_AUC=0.9980701974550451, train_AP=0.9974296527483973, time=0.29776620864868164
INFO - 11/05/25 18:33:53 - 0:16:12 - Epoch 229: val_AUC=0.961712447379739, val_AP=0.9600223563850058
INFO - 11/05/25 18:33:53 - 0:16:12 - Epoch 230: train_loss=0.6871576309204102, train_AUC=0.9977653006249236, train_AP=0.996770103727006, time=0.29824018478393555
INFO - 11/05/25 18:33:54 - 0:16:12 - Epoch 230: val_AUC=0.9616945271670425, val_AP=0.96001767982203
INFO - 11/05/25 18:33:54 - 0:16:12 - Epoch 231: train_loss=0.6851317286491394, train_AUC=0.9979483879676877, train_AP=0.9970085047403027, time=0.302077054977417
INFO - 11/05/25 18:33:54 - 0:16:13 - Epoch 231: val_AUC=0.9615454635796115, val_AP=0.9598892255207055
INFO - 11/05/25 18:33:54 - 0:16:13 - Epoch 232: train_loss=0.6848764419555664, train_AUC=0.9979741531949915, train_AP=0.9971649048697071, time=0.29605650901794434
INFO - 11/05/25 18:33:54 - 0:16:13 - Epoch 232: val_AUC=0.9615676602067015, val_AP=0.959933218544216
INFO - 11/05/25 18:33:55 - 0:16:13 - Epoch 233: train_loss=0.6844003200531006, train_AUC=0.9979064265035983, train_AP=0.9969818778679352, time=0.29660964012145996
INFO - 11/05/25 18:33:55 - 0:16:13 - Epoch 233: val_AUC=0.9615790639784176, val_AP=0.959912513760328
INFO - 11/05/25 18:33:55 - 0:16:14 - Epoch 234: train_loss=0.6838703155517578, train_AUC=0.998036681859694, train_AP=0.9972878564856232, time=0.30068087577819824
INFO - 11/05/25 18:33:55 - 0:16:14 - Epoch 234: val_AUC=0.9615186850799569, val_AP=0.9598268619166777
INFO - 11/05/25 18:33:55 - 0:16:14 - Epoch 235: train_loss=0.6834137439727783, train_AUC=0.9979152189778978, train_AP=0.9969750664719361, time=0.2992379665374756
INFO - 11/05/25 18:33:56 - 0:16:14 - Epoch 235: val_AUC=0.9614682844817475, val_AP=0.9598450990320198
INFO - 11/05/25 18:33:56 - 0:16:14 - Epoch 236: train_loss=0.6823858618736267, train_AUC=0.9981771726470816, train_AP=0.9974738387374453, time=0.30614614486694336
INFO - 11/05/25 18:33:56 - 0:16:14 - Epoch 236: val_AUC=0.9614257239765929, val_AP=0.9598365860833165
INFO - 11/05/25 18:33:56 - 0:16:15 - Epoch 237: train_loss=0.6828329563140869, train_AUC=0.9980162920126378, train_AP=0.9972948043051858, time=0.3011353015899658
INFO - 11/05/25 18:33:56 - 0:16:15 - Epoch 237: val_AUC=0.9613070025674777, val_AP=0.9597345234033834
INFO - 11/05/25 18:33:57 - 0:16:15 - Epoch 238: train_loss=0.6822153329849243, train_AUC=0.9978124787844991, train_AP=0.996745843194021, time=0.30208492279052734
INFO - 11/05/25 18:33:57 - 0:16:15 - Epoch 238: val_AUC=0.9612784931381878, val_AP=0.9597305275356354
INFO - 11/05/25 18:33:57 - 0:16:16 - Epoch 239: train_loss=0.6819920539855957, train_AUC=0.9979506736622865, train_AP=0.9970411110319859, time=0.3002891540527344
INFO - 11/05/25 18:33:57 - 0:16:16 - Epoch 239: val_AUC=0.9612939696855165, val_AP=0.9597798680659941
INFO - 11/05/25 18:33:57 - 0:16:16 - Epoch 240: train_loss=0.6797093749046326, train_AUC=0.9980181610056322, train_AP=0.99702376767878, time=0.3045070171356201
INFO - 11/05/25 18:33:58 - 0:16:16 - Epoch 240: val_AUC=0.9612237143061946, val_AP=0.959734311626373
INFO - 11/05/25 18:33:58 - 0:16:16 - Epoch 241: train_loss=0.6814444065093994, train_AUC=0.9978326597523911, train_AP=0.996766526279484, time=0.3027193546295166
INFO - 11/05/25 18:33:58 - 0:16:16 - Epoch 241: val_AUC=0.9612046740802044, val_AP=0.9597049237797536
INFO - 11/05/25 18:33:58 - 0:16:17 - Epoch 242: train_loss=0.6787639856338501, train_AUC=0.9980957087162822, train_AP=0.9973139757021064, time=0.3017585277557373
INFO - 11/05/25 18:33:58 - 0:16:17 - Epoch 242: val_AUC=0.9611648626985886, val_AP=0.9596944951748784
INFO - 11/05/25 18:33:59 - 0:16:17 - Epoch 243: train_loss=0.6781972646713257, train_AUC=0.9980384113650848, train_AP=0.997166708470221, time=0.3011353015899658
INFO - 11/05/25 18:33:59 - 0:16:17 - Epoch 243: val_AUC=0.9611848192990916, val_AP=0.9597252489192398
INFO - 11/05/25 18:33:59 - 0:16:18 - Epoch 244: train_loss=0.6769748330116272, train_AUC=0.9980468073916617, train_AP=0.9972255625675309, time=0.30271244049072266
INFO - 11/05/25 18:33:59 - 0:16:18 - Epoch 244: val_AUC=0.9610921636538987, val_AP=0.9596666957858752
INFO - 11/05/25 18:33:59 - 0:16:18 - Epoch 245: train_loss=0.6769813895225525, train_AUC=0.9981529194160895, train_AP=0.9973920283809723, time=0.3003377914428711
INFO - 11/05/25 18:34:00 - 0:16:18 - Epoch 245: val_AUC=0.9610398284872734, val_AP=0.9595892964478819
INFO - 11/05/25 18:34:00 - 0:16:18 - Epoch 246: train_loss=0.6760232448577881, train_AUC=0.9980985343969837, train_AP=0.9973313689582234, time=0.3011043071746826
INFO - 11/05/25 18:34:00 - 0:16:18 - Epoch 246: val_AUC=0.9609608166403837, val_AP=0.9595624350572292
INFO - 11/05/25 18:34:00 - 0:16:19 - Epoch 247: train_loss=0.6771249771118164, train_AUC=0.9980464532129102, train_AP=0.9971348210933487, time=0.30684375762939453
INFO - 11/05/25 18:34:00 - 0:16:19 - Epoch 247: val_AUC=0.9610206864418928, val_AP=0.9595694600323126
INFO - 11/05/25 18:34:01 - 0:16:19 - Epoch 248: train_loss=0.6753647327423096, train_AUC=0.9980462163305527, train_AP=0.9972198843596703, time=0.30184245109558105
INFO - 11/05/25 18:34:01 - 0:16:19 - Epoch 248: val_AUC=0.9609589838913579, val_AP=0.9595487990775706
INFO - 11/05/25 18:34:01 - 0:16:20 - Epoch 249: train_loss=0.6742876768112183, train_AUC=0.9980189584802156, train_AP=0.9970708706109307, time=0.2980461120605469
INFO - 11/05/25 18:34:01 - 0:16:20 - Epoch 249: val_AUC=0.9608449461741976, val_AP=0.9594737920609278
INFO - 11/05/25 18:34:01 - 0:16:20 - Epoch 250: train_loss=0.674602210521698, train_AUC=0.9981954287917135, train_AP=0.9974711203037282, time=0.3019585609436035
INFO - 11/05/25 18:34:02 - 0:16:20 - Epoch 250: val_AUC=0.960826415045159, val_AP=0.9594584058081441
INFO - 11/05/25 18:34:02 - 0:16:20 - Epoch 251: train_loss=0.6733365058898926, train_AUC=0.9981142470062945, train_AP=0.9972281229796233, time=0.302534818649292
INFO - 11/05/25 18:34:02 - 0:16:20 - Epoch 251: val_AUC=0.9607840581787852, val_AP=0.9594440188782395
INFO - 11/05/25 18:34:02 - 0:16:21 - Epoch 252: train_loss=0.6739505529403687, train_AUC=0.9981293025092293, train_AP=0.997333427513912, time=0.3010094165802002
INFO - 11/05/25 18:34:02 - 0:16:21 - Epoch 252: val_AUC=0.9607282611528887, val_AP=0.9594262000381217
INFO - 11/05/25 18:34:03 - 0:16:21 - Epoch 253: train_loss=0.673086941242218, train_AUC=0.9981122925947548, train_AP=0.997328371368092, time=0.3015251159667969
INFO - 11/05/25 18:34:03 - 0:16:21 - Epoch 253: val_AUC=0.9606956789479858, val_AP=0.9594134400506757
INFO - 11/05/25 18:34:03 - 0:16:22 - Epoch 254: train_loss=0.6721121668815613, train_AUC=0.9980612815201265, train_AP=0.9971650467814324, time=0.3044614791870117
INFO - 11/05/25 18:34:03 - 0:16:22 - Epoch 254: val_AUC=0.9606734823208956, val_AP=0.9594752964129822
INFO - 11/05/25 18:34:03 - 0:16:22 - Epoch 255: train_loss=0.6716613173484802, train_AUC=0.9981820610535607, train_AP=0.997257731119554, time=0.298642635345459
INFO - 11/05/25 18:34:04 - 0:16:22 - Epoch 255: val_AUC=0.9606455838079474, val_AP=0.9594268944763237
INFO - 11/05/25 18:34:04 - 0:16:22 - Epoch 256: train_loss=0.6699627637863159, train_AUC=0.9983716409102478, train_AP=0.9977021164190789, time=0.29666638374328613
INFO - 11/05/25 18:34:04 - 0:16:22 - Epoch 256: val_AUC=0.9606633003818634, val_AP=0.9594383497791272
INFO - 11/05/25 18:34:04 - 0:16:23 - Epoch 257: train_loss=0.6704621315002441, train_AUC=0.9982689639441846, train_AP=0.9974980941859198, time=0.3037583827972412
INFO - 11/05/25 18:34:04 - 0:16:23 - Epoch 257: val_AUC=0.9605122004066261, val_AP=0.9593727598063249
INFO - 11/05/25 18:34:05 - 0:16:23 - Epoch 258: train_loss=0.6688861846923828, train_AUC=0.9984413308192163, train_AP=0.9978593576353065, time=0.3009927272796631
INFO - 11/05/25 18:34:05 - 0:16:23 - Epoch 258: val_AUC=0.9604821636864809, val_AP=0.9592617089983446
INFO - 11/05/25 18:34:05 - 0:16:24 - Epoch 259: train_loss=0.669676661491394, train_AUC=0.998154899012891, train_AP=0.9972614253000626, time=0.30109143257141113
INFO - 11/05/25 18:34:05 - 0:16:24 - Epoch 259: val_AUC=0.9604637343768326, val_AP=0.9591982455844087
INFO - 11/05/25 18:34:05 - 0:16:24 - Epoch 260: train_loss=0.6694806814193726, train_AUC=0.9982936992175653, train_AP=0.9975809336496396, time=0.30463099479675293
INFO - 11/05/25 18:34:05 - 0:16:24 - Epoch 260: val_AUC=0.9605103676576001, val_AP=0.9591758160332733
INFO - 11/05/25 18:34:06 - 0:16:24 - Epoch 261: train_loss=0.6678807735443115, train_AUC=0.9984410240169361, train_AP=0.9978698519888269, time=0.30649805068969727
INFO - 11/05/25 18:34:06 - 0:16:24 - Epoch 261: val_AUC=0.9601442251300029, val_AP=0.9589937932509909
INFO - 11/05/25 18:34:06 - 0:16:25 - Epoch 262: train_loss=0.6684843301773071, train_AUC=0.9982956187572041, train_AP=0.9976529845038705, time=0.30391740798950195
INFO - 11/05/25 18:34:06 - 0:16:25 - Epoch 262: val_AUC=0.960224560628967, val_AP=0.9589178416385238
INFO - 11/05/25 18:34:07 - 0:16:25 - Epoch 263: train_loss=0.6680145263671875, train_AUC=0.9984027138874455, train_AP=0.9977665566804507, time=0.3010129928588867
INFO - 11/05/25 18:34:07 - 0:16:25 - Epoch 263: val_AUC=0.9600937227124035, val_AP=0.9589023581399172
INFO - 11/05/25 18:34:07 - 0:16:26 - Epoch 264: train_loss=0.6665323972702026, train_AUC=0.9983006994875006, train_AP=0.9974286239904621, time=0.3018932342529297
INFO - 11/05/25 18:34:07 - 0:16:26 - Epoch 264: val_AUC=0.9601867856351575, val_AP=0.9589522995258319
INFO - 11/05/25 18:34:07 - 0:16:26 - Epoch 265: train_loss=0.6671680808067322, train_AUC=0.9982609368904991, train_AP=0.9973314390050447, time=0.30945324897766113
INFO - 11/05/25 18:34:07 - 0:16:26 - Epoch 265: val_AUC=0.9601071628719259, val_AP=0.958855207123387
INFO - 11/05/25 18:34:08 - 0:16:26 - Epoch 266: train_loss=0.6661275625228882, train_AUC=0.9983005945195562, train_AP=0.9975174463955383, time=0.30882716178894043
INFO - 11/05/25 18:34:08 - 0:16:26 - Epoch 266: val_AUC=0.9598904912093211, val_AP=0.9587387270177663
INFO - 11/05/25 18:34:08 - 0:16:27 - Epoch 267: train_loss=0.6670374274253845, train_AUC=0.9982408328873581, train_AP=0.9975936640784929, time=0.30727601051330566
INFO - 11/05/25 18:34:08 - 0:16:27 - Epoch 267: val_AUC=0.9602368807751958, val_AP=0.958923632857289
INFO - 11/05/25 18:34:09 - 0:16:27 - Epoch 268: train_loss=0.6638652086257935, train_AUC=0.9986013646652775, train_AP=0.9981216640577102, time=0.30271196365356445
INFO - 11/05/25 18:34:09 - 0:16:27 - Epoch 268: val_AUC=0.9600808934692228, val_AP=0.9590051497007709
INFO - 11/05/25 18:34:09 - 0:16:28 - Epoch 269: train_loss=0.664803683757782, train_AUC=0.9983455479222992, train_AP=0.9975221263200886, time=0.3008840084075928
INFO - 11/05/25 18:34:09 - 0:16:28 - Epoch 269: val_AUC=0.9602226260605508, val_AP=0.9590212098416724
INFO - 11/05/25 18:34:09 - 0:16:28 - Epoch 270: train_loss=0.6639174222946167, train_AUC=0.9983743350287774, train_AP=0.9977708555488235, time=0.3025400638580322
INFO - 11/05/25 18:34:09 - 0:16:28 - Epoch 270: val_AUC=0.9600892426592291, val_AP=0.9589484147502944
INFO - 11/05/25 18:34:10 - 0:16:28 - Epoch 271: train_loss=0.6636068224906921, train_AUC=0.9982101049306349, train_AP=0.9972199677149336, time=0.3097527027130127
INFO - 11/05/25 18:34:10 - 0:16:28 - Epoch 271: val_AUC=0.9597829699331413, val_AP=0.9587990152988785
INFO - 11/05/25 18:34:10 - 0:16:29 - Epoch 272: train_loss=0.6626570224761963, train_AUC=0.9984612095639667, train_AP=0.997926643262847, time=0.3012654781341553
INFO - 11/05/25 18:34:10 - 0:16:29 - Epoch 272: val_AUC=0.9599976052079396, val_AP=0.9587046328258624
INFO - 11/05/25 18:34:11 - 0:16:29 - Epoch 273: train_loss=0.6648691892623901, train_AUC=0.9982215499589759, train_AP=0.9974095115982098, time=0.2985105514526367
INFO - 11/05/25 18:34:11 - 0:16:29 - Epoch 273: val_AUC=0.9597015144208837, val_AP=0.9585166196438932
INFO - 11/05/25 18:34:11 - 0:16:29 - Epoch 274: train_loss=0.6615184545516968, train_AUC=0.998480118940319, train_AP=0.9977934119927512, time=0.298295259475708
INFO - 11/05/25 18:34:11 - 0:16:30 - Epoch 274: val_AUC=0.9594970610851178, val_AP=0.95839093238437
INFO - 11/05/25 18:34:11 - 0:16:30 - Epoch 275: train_loss=0.6617674827575684, train_AUC=0.9982383638510982, train_AP=0.9975000758461982, time=0.2983584403991699
INFO - 11/05/25 18:34:11 - 0:16:30 - Epoch 275: val_AUC=0.959596844087633, val_AP=0.9584606441490173
INFO - 11/05/25 18:34:12 - 0:16:30 - Epoch 276: train_loss=0.6602109670639038, train_AUC=0.9985213760976815, train_AP=0.9979166524799755, time=0.29842138290405273
INFO - 11/05/25 18:34:12 - 0:16:30 - Epoch 276: val_AUC=0.9594269075251859, val_AP=0.9582929023182538
INFO - 11/05/25 18:34:12 - 0:16:31 - Epoch 277: train_loss=0.6598027944564819, train_AUC=0.9986520284298618, train_AP=0.9981330833421213, time=0.29856085777282715
INFO - 11/05/25 18:34:12 - 0:16:31 - Epoch 277: val_AUC=0.9594935992258466, val_AP=0.9582613179779413
INFO - 11/05/25 18:34:13 - 0:16:31 - Epoch 278: train_loss=0.6593252420425415, train_AUC=0.9985390411812043, train_AP=0.9979923472311958, time=0.30194544792175293
INFO - 11/05/25 18:34:13 - 0:16:31 - Epoch 278: val_AUC=0.9595422688944205, val_AP=0.9583734800659717
INFO - 11/05/25 18:34:13 - 0:16:31 - Epoch 279: train_loss=0.6594866514205933, train_AUC=0.9984740963164553, train_AP=0.9977435361635552, time=0.2987062931060791
INFO - 11/05/25 18:34:13 - 0:16:32 - Epoch 279: val_AUC=0.9593327245891384, val_AP=0.9583085149916715
INFO - 11/05/25 18:34:13 - 0:16:32 - Epoch 280: train_loss=0.6586159467697144, train_AUC=0.998501273679627, train_AP=0.9979239052647078, time=0.3015148639678955
INFO - 11/05/25 18:34:13 - 0:16:32 - Epoch 280: val_AUC=0.959442689530686, val_AP=0.9582116022333251
INFO - 11/05/25 18:34:14 - 0:16:32 - Epoch 281: train_loss=0.6578347682952881, train_AUC=0.9985020435032587, train_AP=0.9978707969401985, time=0.29764747619628906
INFO - 11/05/25 18:34:14 - 0:16:32 - Epoch 281: val_AUC=0.9592482144951713, val_AP=0.9580798812471208
INFO - 11/05/25 18:34:14 - 0:16:33 - Epoch 282: train_loss=0.6582199335098267, train_AUC=0.9983640358417879, train_AP=0.997416243391886, time=0.2960205078125
INFO - 11/05/25 18:34:14 - 0:16:33 - Epoch 282: val_AUC=0.9593813942577123, val_AP=0.9582569583079226
INFO - 11/05/25 18:34:15 - 0:16:33 - Epoch 283: train_loss=0.6562725901603699, train_AUC=0.9987235353762148, train_AP=0.9982723074731998, time=0.2967967987060547
INFO - 11/05/25 18:34:15 - 0:16:33 - Epoch 283: val_AUC=0.9593539030223255, val_AP=0.958232635847452
INFO - 11/05/25 18:34:15 - 0:16:33 - Epoch 284: train_loss=0.6573513746261597, train_AUC=0.9984984568049611, train_AP=0.9977364847225598, time=0.30128002166748047
INFO - 11/05/25 18:34:15 - 0:16:34 - Epoch 284: val_AUC=0.9590853034706563, val_AP=0.9580240790812812
INFO - 11/05/25 18:34:15 - 0:16:34 - Epoch 285: train_loss=0.6569597721099854, train_AUC=0.9984154590388818, train_AP=0.9977818961649911, time=0.29742932319641113
INFO - 11/05/25 18:34:15 - 0:16:34 - Epoch 285: val_AUC=0.9593001423842354, val_AP=0.9581181103173381
INFO - 11/05/25 18:34:16 - 0:16:34 - Epoch 286: train_loss=0.6568269729614258, train_AUC=0.9984619964713074, train_AP=0.9978148141516191, time=0.303633451461792
INFO - 11/05/25 18:34:16 - 0:16:34 - Epoch 286: val_AUC=0.95910851829165, val_AP=0.9580298497251601
INFO - 11/05/25 18:34:16 - 0:16:35 - Epoch 287: train_loss=0.6554797887802124, train_AUC=0.9985083878996629, train_AP=0.9979029337247612, time=0.2983884811401367
INFO - 11/05/25 18:34:16 - 0:16:35 - Epoch 287: val_AUC=0.9590087352891344, val_AP=0.958122608890927
INFO - 11/05/25 18:34:16 - 0:16:35 - Epoch 288: train_loss=0.6560096740722656, train_AUC=0.9983658669688293, train_AP=0.99756241685235, time=0.2979443073272705
INFO - 11/05/25 18:34:17 - 0:16:35 - Epoch 288: val_AUC=0.959372434151364, val_AP=0.958369174888464
INFO - 11/05/25 18:34:17 - 0:16:35 - Epoch 289: train_loss=0.6551450490951538, train_AUC=0.9985111320364747, train_AP=0.9979028822920948, time=0.29808592796325684
INFO - 11/05/25 18:34:17 - 0:16:35 - Epoch 289: val_AUC=0.9593522739120801, val_AP=0.9583970581647283
INFO - 11/05/25 18:34:17 - 0:16:36 - Epoch 290: train_loss=0.6549144983291626, train_AUC=0.9985013499398951, train_AP=0.9979352368475936, time=0.3032822608947754
INFO - 11/05/25 18:34:17 - 0:16:36 - Epoch 290: val_AUC=0.959224388757836, val_AP=0.958220062794259
INFO - 11/05/25 18:34:18 - 0:16:36 - Epoch 291: train_loss=0.6555540561676025, train_AUC=0.9984242307309372, train_AP=0.997658796631794, time=0.2972898483276367
INFO - 11/05/25 18:34:18 - 0:16:36 - Epoch 291: val_AUC=0.9591335658616691, val_AP=0.9582317420573088
INFO - 11/05/25 18:34:18 - 0:16:37 - Epoch 292: train_loss=0.6539613008499146, train_AUC=0.9985893578118654, train_AP=0.998023497560196, time=0.29787182807922363
INFO - 11/05/25 18:34:18 - 0:16:37 - Epoch 292: val_AUC=0.9591561697663205, val_AP=0.9582597957275526
INFO - 11/05/25 18:34:18 - 0:16:37 - Epoch 293: train_loss=0.6548124551773071, train_AUC=0.9984354489158015, train_AP=0.9977852645000598, time=0.2976830005645752
INFO - 11/05/25 18:34:19 - 0:16:37 - Epoch 293: val_AUC=0.9591351949719142, val_AP=0.958052783019481
INFO - 11/05/25 18:34:19 - 0:16:37 - Epoch 294: train_loss=0.6529208421707153, train_AUC=0.9985068294074834, train_AP=0.9978044250323315, time=0.29984545707702637
INFO - 11/05/25 18:34:19 - 0:16:37 - Epoch 294: val_AUC=0.9585977922297957, val_AP=0.9576749327428032
INFO - 11/05/25 18:34:19 - 0:16:38 - Epoch 295: train_loss=0.6527435183525085, train_AUC=0.9985676273339503, train_AP=0.9979784569402206, time=0.2971384525299072
INFO - 11/05/25 18:34:19 - 0:16:38 - Epoch 295: val_AUC=0.9586969643159693, val_AP=0.9576312101548569
INFO - 11/05/25 18:34:20 - 0:16:38 - Epoch 296: train_loss=0.6521621346473694, train_AUC=0.9986161265749856, train_AP=0.9981017329658582, time=0.2985537052154541
INFO - 11/05/25 18:34:20 - 0:16:38 - Epoch 296: val_AUC=0.9583408000886237, val_AP=0.9574326950167161
INFO - 11/05/25 18:34:20 - 0:16:39 - Epoch 297: train_loss=0.6513423919677734, train_AUC=0.9985366809875442, train_AP=0.9978619251700402, time=0.29882359504699707
INFO - 11/05/25 18:34:20 - 0:16:39 - Epoch 297: val_AUC=0.9584080008862359, val_AP=0.9574731584134485
INFO - 11/05/25 18:34:20 - 0:16:39 - Epoch 298: train_loss=0.6513605117797852, train_AUC=0.998563823478815, train_AP=0.9979507520741723, time=0.29807329177856445
INFO - 11/05/25 18:34:20 - 0:16:39 - Epoch 298: val_AUC=0.9586230434385956, val_AP=0.9576101939647446
INFO - 11/05/25 18:34:21 - 0:16:39 - Epoch 299: train_loss=0.6518235206604004, train_AUC=0.9984557470039669, train_AP=0.9976704649958961, time=0.2983989715576172
INFO - 11/05/25 18:34:21 - 0:16:39 - Epoch 299: val_AUC=0.9582459044168438, val_AP=0.9573692887908961
INFO - 11/05/25 18:34:21 - 0:16:40 - Epoch 300: train_loss=0.6510633230209351, train_AUC=0.9985406132346786, train_AP=0.9976116116750635, time=0.29717302322387695
INFO - 11/05/25 18:34:21 - 0:16:40 - Epoch 300: val_AUC=0.9583648294647396, val_AP=0.9573702139986096
INFO - 11/05/25 18:34:21 - 0:16:40 - best_epoch=188
INFO - 11/05/25 18:34:21 - 0:16:40 - test_auc= 96.34%, test_ap= 96.20%
INFO - 11/05/25 18:34:21 - 0:16:40 - 
                                     train iters 4
INFO - 11/05/25 18:34:21 - 0:16:40 - --------------------------Training Start-------------------------
INFO - 11/05/25 18:34:23 - 0:16:42 - Epoch 0: train_loss=5.344884395599365, train_AUC=0.9961092581771945, train_AP=0.9958998848249452, time=2.150775194168091
INFO - 11/05/25 18:34:24 - 0:16:42 - Epoch 0: val_AUC=0.7428059509768146, val_AP=0.7955645227777538
INFO - 11/05/25 18:34:24 - 0:16:42 - Epoch 1: train_loss=2.801893711090088, train_AUC=0.862042302213989, train_AP=0.9069057480026657, time=0.29724931716918945
INFO - 11/05/25 18:34:24 - 0:16:42 - Epoch 1: val_AUC=0.6713538883603332, val_AP=0.7254950060249321
INFO - 11/05/25 18:34:24 - 0:16:43 - Epoch 2: train_loss=4.071561813354492, train_AUC=0.7224834943825271, train_AP=0.7913610775566094, time=0.2982609272003174
INFO - 11/05/25 18:34:24 - 0:16:43 - Epoch 2: val_AUC=0.6227219947803309, val_AP=0.6800920429622106
INFO - 11/05/25 18:34:25 - 0:16:43 - Epoch 3: train_loss=5.4990386962890625, train_AUC=0.6235885163071041, train_AP=0.7054445403485703, time=0.2995107173919678
INFO - 11/05/25 18:34:25 - 0:16:43 - Epoch 3: val_AUC=0.6367672669394884, val_AP=0.6892845057578554
INFO - 11/05/25 18:34:25 - 0:16:44 - Epoch 4: train_loss=4.981636047363281, train_AUC=0.6409345872769203, train_AP=0.7134587730805863, time=0.3028719425201416
INFO - 11/05/25 18:34:25 - 0:16:44 - Epoch 4: val_AUC=0.6568890184936595, val_AP=0.708214210614759
INFO - 11/05/25 18:34:25 - 0:16:44 - Epoch 5: train_loss=4.97067403793335, train_AUC=0.6466081111819001, train_AP=0.72186965822703, time=0.32831311225891113
INFO - 11/05/25 18:34:26 - 0:16:44 - Epoch 5: val_AUC=0.6845328811466331, val_AP=0.7287356056279912
INFO - 11/05/25 18:34:26 - 0:16:44 - Epoch 6: train_loss=4.628108024597168, train_AUC=0.6726841614254928, train_AP=0.7414031324773427, time=0.33493590354919434
INFO - 11/05/25 18:34:26 - 0:16:45 - Epoch 6: val_AUC=0.7444361812352565, val_AP=0.7686466097370852
INFO - 11/05/25 18:34:26 - 0:16:45 - Epoch 7: train_loss=3.349306344985962, train_AUC=0.7565451595738751, train_AP=0.8002298260854612, time=0.3293919563293457
INFO - 11/05/25 18:34:26 - 0:16:45 - Epoch 7: val_AUC=0.8165481353204134, val_AP=0.8177208954632875
INFO - 11/05/25 18:34:27 - 0:16:45 - Epoch 8: train_loss=2.4681754112243652, train_AUC=0.8490022211470624, train_AP=0.8636360493733897, time=0.3162045478820801
INFO - 11/05/25 18:34:27 - 0:16:45 - Epoch 8: val_AUC=0.8397602071902409, val_AP=0.8362882497522875
INFO - 11/05/25 18:34:27 - 0:16:46 - Epoch 9: train_loss=2.2387709617614746, train_AUC=0.8753826567662291, train_AP=0.8822844383409417, time=0.32906341552734375
INFO - 11/05/25 18:34:27 - 0:16:46 - Epoch 9: val_AUC=0.850226527779588, val_AP=0.8449668628124979
INFO - 11/05/25 18:34:28 - 0:16:46 - Epoch 10: train_loss=2.0741443634033203, train_AUC=0.8876717527773333, train_AP=0.8911622870030006, time=0.3553042411804199
INFO - 11/05/25 18:34:28 - 0:16:46 - Epoch 10: val_AUC=0.8573492014101578, val_AP=0.8503113511519027
INFO - 11/05/25 18:34:28 - 0:16:47 - Epoch 11: train_loss=1.9641203880310059, train_AUC=0.8956832095649023, train_AP=0.8967067397571448, time=0.3645057678222656
INFO - 11/05/25 18:34:28 - 0:16:47 - Epoch 11: val_AUC=0.8626394314731066, val_AP=0.8539912284033337
INFO - 11/05/25 18:34:29 - 0:16:47 - Epoch 12: train_loss=1.8677036762237549, train_AUC=0.9012235266828965, train_AP=0.8996471713199179, time=0.3485257625579834
INFO - 11/05/25 18:34:29 - 0:16:47 - Epoch 12: val_AUC=0.8678152165413339, val_AP=0.8573267442184612
INFO - 11/05/25 18:34:29 - 0:16:48 - Epoch 13: train_loss=1.7835094928741455, train_AUC=0.9053902383894998, train_AP=0.9015917139539631, time=0.36743617057800293
INFO - 11/05/25 18:34:29 - 0:16:48 - Epoch 13: val_AUC=0.8728224905185784, val_AP=0.8604501490750267
INFO - 11/05/25 18:34:30 - 0:16:48 - Epoch 14: train_loss=1.6946022510528564, train_AUC=0.9109986397239324, train_AP=0.904351162838761, time=0.3603987693786621
INFO - 11/05/25 18:34:30 - 0:16:48 - Epoch 14: val_AUC=0.8773615989391234, val_AP=0.8631789566174823
INFO - 11/05/25 18:34:30 - 0:16:49 - Epoch 15: train_loss=1.6240408420562744, train_AUC=0.9152385973927979, train_AP=0.9069273642042713, time=0.3488345146179199
INFO - 11/05/25 18:34:30 - 0:16:49 - Epoch 15: val_AUC=0.881691366693167, val_AP=0.8658021690116431
INFO - 11/05/25 18:34:31 - 0:16:49 - Epoch 16: train_loss=1.5535144805908203, train_AUC=0.9201086179262751, train_AP=0.9093114687716413, time=0.3547370433807373
INFO - 11/05/25 18:34:31 - 0:16:49 - Epoch 16: val_AUC=0.8858759399966114, val_AP=0.868703833776856
INFO - 11/05/25 18:34:31 - 0:16:50 - Epoch 17: train_loss=1.5154396295547485, train_AUC=0.9209633000393237, train_AP=0.9094631124003446, time=0.35911130905151367
INFO - 11/05/25 18:34:31 - 0:16:50 - Epoch 17: val_AUC=0.8892907587092235, val_AP=0.8709794590258344
INFO - 11/05/25 18:34:31 - 0:16:50 - Epoch 18: train_loss=1.467113971710205, train_AUC=0.9261558296502312, train_AP=0.9141510824160419, time=0.36545276641845703
INFO - 11/05/25 18:34:32 - 0:16:50 - Epoch 18: val_AUC=0.8920954756350272, val_AP=0.8729002354485349
INFO - 11/05/25 18:34:32 - 0:16:50 - Epoch 19: train_loss=1.4409223794937134, train_AUC=0.9270339421583061, train_AP=0.913385779130302, time=0.30632948875427246
INFO - 11/05/25 18:34:32 - 0:16:51 - Epoch 19: val_AUC=0.8945989089848688, val_AP=0.874954684900118
INFO - 11/05/25 18:34:32 - 0:16:51 - Epoch 20: train_loss=1.4219704866409302, train_AUC=0.9289153116836136, train_AP=0.915634113396729, time=0.35213637351989746
INFO - 11/05/25 18:34:32 - 0:16:51 - Epoch 20: val_AUC=0.8968435174445126, val_AP=0.8767600370578165
INFO - 11/05/25 18:34:33 - 0:16:51 - Epoch 21: train_loss=1.3993704319000244, train_AUC=0.931121872252552, train_AP=0.9170796449262266, time=0.3645436763763428
INFO - 11/05/25 18:34:33 - 0:16:51 - Epoch 21: val_AUC=0.898878276140703, val_AP=0.8788267911325074
INFO - 11/05/25 18:34:33 - 0:16:52 - Epoch 22: train_loss=1.38088059425354, train_AUC=0.9335009552111109, train_AP=0.9196995362635867, time=0.36159324645996094
INFO - 11/05/25 18:34:33 - 0:16:52 - Epoch 22: val_AUC=0.9004680841011872, val_AP=0.880697749026744
INFO - 11/05/25 18:34:34 - 0:16:52 - Epoch 23: train_loss=1.3659714460372925, train_AUC=0.9340362859149725, train_AP=0.919726971205485, time=0.3625509738922119
INFO - 11/05/25 18:34:34 - 0:16:52 - Epoch 23: val_AUC=0.9020018913969946, val_AP=0.8824797200540659
INFO - 11/05/25 18:34:34 - 0:16:53 - Epoch 24: train_loss=1.346139669418335, train_AUC=0.9355089803612839, train_AP=0.9207619727358287, time=0.3537712097167969
INFO - 11/05/25 18:34:34 - 0:16:53 - Epoch 24: val_AUC=0.9033910133391546, val_AP=0.8842055889623947
INFO - 11/05/25 18:34:35 - 0:16:53 - Epoch 25: train_loss=1.3221755027770996, train_AUC=0.9380444653807041, train_AP=0.9241665090954347, time=0.35482144355773926
INFO - 11/05/25 18:34:35 - 0:16:53 - Epoch 25: val_AUC=0.9046107078158192, val_AP=0.8859050201282905
INFO - 11/05/25 18:34:35 - 0:16:54 - Epoch 26: train_loss=1.3015773296356201, train_AUC=0.9395456110712962, train_AP=0.9249900470404913, time=0.34642481803894043
INFO - 11/05/25 18:34:35 - 0:16:54 - Epoch 26: val_AUC=0.9056523201788111, val_AP=0.887478452485416
INFO - 11/05/25 18:34:36 - 0:16:54 - Epoch 27: train_loss=1.2908070087432861, train_AUC=0.9399182506197955, train_AP=0.9259543497411261, time=0.36093640327453613
INFO - 11/05/25 18:34:36 - 0:16:54 - Epoch 27: val_AUC=0.906639560987371, val_AP=0.88896992443824
INFO - 11/05/25 18:34:36 - 0:16:55 - Epoch 28: train_loss=1.2756123542785645, train_AUC=0.9410195397715566, train_AP=0.9268214340680618, time=0.3515052795410156
INFO - 11/05/25 18:34:36 - 0:16:55 - Epoch 28: val_AUC=0.9074337522318809, val_AP=0.8901749127420242
INFO - 11/05/25 18:34:37 - 0:16:55 - Epoch 29: train_loss=1.263554334640503, train_AUC=0.9425673581552813, train_AP=0.9294823184928822, time=0.350189208984375
INFO - 11/05/25 18:34:37 - 0:16:55 - Epoch 29: val_AUC=0.9081677682167106, val_AP=0.8913245998946975
INFO - 11/05/25 18:34:37 - 0:16:56 - Epoch 30: train_loss=1.2508198022842407, train_AUC=0.9443390909523537, train_AP=0.9311179240386258, time=0.34566164016723633
INFO - 11/05/25 18:34:37 - 0:16:56 - Epoch 30: val_AUC=0.9089048387832501, val_AP=0.8924728359178364
INFO - 11/05/25 18:34:38 - 0:16:56 - Epoch 31: train_loss=1.2444801330566406, train_AUC=0.9445635715937908, train_AP=0.9309048001885614, time=0.3409910202026367
INFO - 11/05/25 18:34:38 - 0:16:56 - Epoch 31: val_AUC=0.909581326812548, val_AP=0.8935077100244421
INFO - 11/05/25 18:34:38 - 0:16:57 - Epoch 32: train_loss=1.237025260925293, train_AUC=0.9457100147497854, train_AP=0.932590773696184, time=0.36651062965393066
INFO - 11/05/25 18:34:38 - 0:16:57 - Epoch 32: val_AUC=0.9102901934079682, val_AP=0.8945873734846007
INFO - 11/05/25 18:34:38 - 0:16:57 - Epoch 33: train_loss=1.2282493114471436, train_AUC=0.946730949531232, train_AP=0.9337202214085729, time=0.3344595432281494
INFO - 11/05/25 18:34:39 - 0:16:57 - Epoch 33: val_AUC=0.9110065946382723, val_AP=0.8955822503530018
INFO - 11/05/25 18:34:39 - 0:16:57 - Epoch 34: train_loss=1.221928358078003, train_AUC=0.9469885045856365, train_AP=0.9338544687749512, time=0.3119993209838867
INFO - 11/05/25 18:34:39 - 0:16:58 - Epoch 34: val_AUC=0.9116932646066025, val_AP=0.8965160999716043
INFO - 11/05/25 18:34:39 - 0:16:58 - Epoch 35: train_loss=1.2161047458648682, train_AUC=0.947724461084993, train_AP=0.9346511295118684, time=0.30413818359375
INFO - 11/05/25 18:34:39 - 0:16:58 - Epoch 35: val_AUC=0.9124548736462095, val_AP=0.8975469452631792
INFO - 11/05/25 18:34:40 - 0:16:58 - Epoch 36: train_loss=1.2026222944259644, train_AUC=0.9498074821328215, train_AP=0.9370212086782026, time=0.3006889820098877
INFO - 11/05/25 18:34:40 - 0:16:58 - Epoch 36: val_AUC=0.9131957115301909, val_AP=0.8985036020801208
INFO - 11/05/25 18:34:40 - 0:16:59 - Epoch 37: train_loss=1.1962062120437622, train_AUC=0.9503009554599342, train_AP=0.9377160854230444, time=0.2989640235900879
INFO - 11/05/25 18:34:40 - 0:16:59 - Epoch 37: val_AUC=0.9139235165322107, val_AP=0.8993257153736082
INFO - 11/05/25 18:34:41 - 0:16:59 - Epoch 38: train_loss=1.1872329711914062, train_AUC=0.9511661222150821, train_AP=0.9386830764008607, time=0.29856061935424805
INFO - 11/05/25 18:34:41 - 0:16:59 - Epoch 38: val_AUC=0.9147321661301462, val_AP=0.9003035360600825
INFO - 11/05/25 18:34:41 - 0:16:59 - Epoch 39: train_loss=1.1787029504776, train_AUC=0.9521885297179213, train_AP=0.9400445159646319, time=0.29839611053466797
INFO - 11/05/25 18:34:41 - 0:17:00 - Epoch 39: val_AUC=0.9155725833778623, val_AP=0.9013126695359949
INFO - 11/05/25 18:34:41 - 0:17:00 - Epoch 40: train_loss=1.171867847442627, train_AUC=0.9525197800185241, train_AP=0.9399553832345866, time=0.3042440414428711
INFO - 11/05/25 18:34:41 - 0:17:00 - Epoch 40: val_AUC=0.9163855093901915, val_AP=0.9022532677578972
INFO - 11/05/25 18:34:42 - 0:17:00 - Epoch 41: train_loss=1.1627448797225952, train_AUC=0.9538102886839956, train_AP=0.9414959545519069, time=0.30112528800964355
INFO - 11/05/25 18:34:42 - 0:17:00 - Epoch 41: val_AUC=0.9172067845925269, val_AP=0.9032304847450271
INFO - 11/05/25 18:34:42 - 0:17:01 - Epoch 42: train_loss=1.1548608541488647, train_AUC=0.9549568815425956, train_AP=0.9424654477289752, time=0.30118799209594727
INFO - 11/05/25 18:34:42 - 0:17:01 - Epoch 42: val_AUC=0.9180044376963078, val_AP=0.9041532899148434
INFO - 11/05/25 18:34:43 - 0:17:01 - Epoch 43: train_loss=1.1527949571609497, train_AUC=0.9547553932839745, train_AP=0.9422482651690446, time=0.29847240447998047
INFO - 11/05/25 18:34:43 - 0:17:01 - Epoch 43: val_AUC=0.9188012762449661, val_AP=0.9051120827741277
INFO - 11/05/25 18:34:43 - 0:17:02 - Epoch 44: train_loss=1.1447360515594482, train_AUC=0.955998919812223, train_AP=0.9436670292005084, time=0.30397915840148926
INFO - 11/05/25 18:34:43 - 0:17:02 - Epoch 44: val_AUC=0.9195777509155599, val_AP=0.9060525858309877
INFO - 11/05/25 18:34:43 - 0:17:02 - Epoch 45: train_loss=1.1370630264282227, train_AUC=0.9572739717717782, train_AP=0.945182337321202, time=0.2991015911102295
INFO - 11/05/25 18:34:43 - 0:17:02 - Epoch 45: val_AUC=0.9203611493046958, val_AP=0.9069972676259244
INFO - 11/05/25 18:34:44 - 0:17:02 - Epoch 46: train_loss=1.131373405456543, train_AUC=0.9578490761682459, train_AP=0.9454877458630152, time=0.30384135246276855
INFO - 11/05/25 18:34:44 - 0:17:02 - Epoch 46: val_AUC=0.9210773468962192, val_AP=0.9078436821810789
INFO - 11/05/25 18:34:44 - 0:17:03 - Epoch 47: train_loss=1.1259578466415405, train_AUC=0.9583465347548272, train_AP=0.9463826265492373, time=0.30248594284057617
INFO - 11/05/25 18:34:44 - 0:17:03 - Epoch 47: val_AUC=0.92177053330553, val_AP=0.9086694759456577
INFO - 11/05/25 18:34:45 - 0:17:03 - Epoch 48: train_loss=1.1193610429763794, train_AUC=0.9594978881562694, train_AP=0.9478087105242874, time=0.3029825687408447
INFO - 11/05/25 18:34:45 - 0:17:03 - Epoch 48: val_AUC=0.9224967091973048, val_AP=0.9095492857305567
INFO - 11/05/25 18:34:45 - 0:17:04 - Epoch 49: train_loss=1.1131517887115479, train_AUC=0.9595110294031866, train_AP=0.9476200112328688, time=0.30409908294677734
INFO - 11/05/25 18:34:45 - 0:17:04 - Epoch 49: val_AUC=0.923157109762932, val_AP=0.9103348145010004
INFO - 11/05/25 18:34:45 - 0:17:04 - Epoch 50: train_loss=1.1066677570343018, train_AUC=0.9603390364493339, train_AP=0.9486975696839167, time=0.307952880859375
INFO - 11/05/25 18:34:46 - 0:17:04 - Epoch 50: val_AUC=0.9239142387493647, val_AP=0.9113301736466508
INFO - 11/05/25 18:34:46 - 0:17:04 - Epoch 51: train_loss=1.0994210243225098, train_AUC=0.9616001128781595, train_AP=0.9504845894967471, time=0.3063666820526123
INFO - 11/05/25 18:34:46 - 0:17:04 - Epoch 51: val_AUC=0.9245559045471725, val_AP=0.9121207925789278
INFO - 11/05/25 18:34:46 - 0:17:05 - Epoch 52: train_loss=1.0934357643127441, train_AUC=0.9620883934622031, train_AP=0.9510102353132007, time=0.3025243282318115
INFO - 11/05/25 18:34:46 - 0:17:05 - Epoch 52: val_AUC=0.9251564353112905, val_AP=0.9127669579516856
INFO - 11/05/25 18:34:47 - 0:17:05 - Epoch 53: train_loss=1.0872116088867188, train_AUC=0.9624061953613671, train_AP=0.9508679964304347, time=0.30243420600891113
INFO - 11/05/25 18:34:47 - 0:17:05 - Epoch 53: val_AUC=0.9257720353451758, val_AP=0.9134977963206661
INFO - 11/05/25 18:34:47 - 0:17:06 - Epoch 54: train_loss=1.0847086906433105, train_AUC=0.962374155481461, train_AP=0.9511813525966772, time=0.30342793464660645
INFO - 11/05/25 18:34:47 - 0:17:06 - Epoch 54: val_AUC=0.9263980209568741, val_AP=0.9142442471656316
INFO - 11/05/25 18:34:48 - 0:17:06 - Epoch 55: train_loss=1.0778112411499023, train_AUC=0.9635088173946758, train_AP=0.9522594098273737, time=0.3031461238861084
INFO - 11/05/25 18:34:48 - 0:17:06 - Epoch 55: val_AUC=0.9270235992910112, val_AP=0.9149931393295787
INFO - 11/05/25 18:34:48 - 0:17:06 - Epoch 56: train_loss=1.073615312576294, train_AUC=0.9639007662896639, train_AP=0.9534178909481376, time=0.3035902976989746
INFO - 11/05/25 18:34:48 - 0:17:07 - Epoch 56: val_AUC=0.9277059928449478, val_AP=0.9157439584101668
INFO - 11/05/25 18:34:48 - 0:17:07 - Epoch 57: train_loss=1.0667059421539307, train_AUC=0.9642212166920933, train_AP=0.9530703000781098, time=0.3036055564880371
INFO - 11/05/25 18:34:48 - 0:17:07 - Epoch 57: val_AUC=0.9283469459070234, val_AP=0.9164334049555704
INFO - 11/05/25 18:34:49 - 0:17:07 - Epoch 58: train_loss=1.0640802383422852, train_AUC=0.9638276228296561, train_AP=0.9523587289906561, time=0.3026292324066162
INFO - 11/05/25 18:34:49 - 0:17:07 - Epoch 58: val_AUC=0.929041659607189, val_AP=0.9172497928426464
INFO - 11/05/25 18:34:49 - 0:17:08 - Epoch 59: train_loss=1.0570833683013916, train_AUC=0.9649976524236279, train_AP=0.9542986409598208, time=0.30288100242614746
INFO - 11/05/25 18:34:49 - 0:17:08 - Epoch 59: val_AUC=0.9297049111157448, val_AP=0.9180208762179028
INFO - 11/05/25 18:34:50 - 0:17:08 - Epoch 60: train_loss=1.0491008758544922, train_AUC=0.966049638871666, train_AP=0.9553043371050661, time=0.3068044185638428
INFO - 11/05/25 18:34:50 - 0:17:08 - Epoch 60: val_AUC=0.9304056321599397, val_AP=0.9188496333276914
INFO - 11/05/25 18:34:50 - 0:17:09 - Epoch 61: train_loss=1.0452916622161865, train_AUC=0.9659273587897665, train_AP=0.9553625646525681, time=0.3045690059661865
INFO - 11/05/25 18:34:50 - 0:17:09 - Epoch 61: val_AUC=0.9311462664051402, val_AP=0.9197564329937387
INFO - 11/05/25 18:34:50 - 0:17:09 - Epoch 62: train_loss=1.0385189056396484, train_AUC=0.9671042838618501, train_AP=0.9564097650283505, time=0.3027369976043701
INFO - 11/05/25 18:34:51 - 0:17:09 - Epoch 62: val_AUC=0.9318427110349411, val_AP=0.9205392802793328
INFO - 11/05/25 18:34:51 - 0:17:09 - Epoch 63: train_loss=1.035393238067627, train_AUC=0.9675489469187504, train_AP=0.9574725747376701, time=0.30816006660461426
INFO - 11/05/25 18:34:51 - 0:17:09 - Epoch 63: val_AUC=0.9326056437266224, val_AP=0.9214016244284768
INFO - 11/05/25 18:34:51 - 0:17:10 - Epoch 64: train_loss=1.0343928337097168, train_AUC=0.9661010858450562, train_AP=0.9548038837009301, time=0.30441999435424805
INFO - 11/05/25 18:34:51 - 0:17:10 - Epoch 64: val_AUC=0.9333235722477812, val_AP=0.9221950833570338
INFO - 11/05/25 18:34:52 - 0:17:10 - Epoch 65: train_loss=1.024977684020996, train_AUC=0.9682986573889807, train_AP=0.9583225985058466, time=0.30493807792663574
INFO - 11/05/25 18:34:52 - 0:17:10 - Epoch 65: val_AUC=0.9339836673552372, val_AP=0.9229147828280088
INFO - 11/05/25 18:34:52 - 0:17:11 - Epoch 66: train_loss=1.024550199508667, train_AUC=0.9678237040353262, train_AP=0.9573156044463611, time=0.3022489547729492
INFO - 11/05/25 18:34:52 - 0:17:11 - Epoch 66: val_AUC=0.9346476315995256, val_AP=0.9236685902052973
INFO - 11/05/25 18:34:52 - 0:17:11 - Epoch 67: train_loss=1.0176165103912354, train_AUC=0.9686832530681271, train_AP=0.9583905829866031, time=0.3018157482147217
INFO - 11/05/25 18:34:53 - 0:17:11 - Epoch 67: val_AUC=0.9353013120853915, val_AP=0.9244372097798068
INFO - 11/05/25 18:34:53 - 0:17:11 - Epoch 68: train_loss=1.0149177312850952, train_AUC=0.9688853029756983, train_AP=0.9581866809683622, time=0.30260229110717773
INFO - 11/05/25 18:34:53 - 0:17:12 - Epoch 68: val_AUC=0.9359277049746509, val_AP=0.9251620068070467
INFO - 11/05/25 18:34:53 - 0:17:12 - Epoch 69: train_loss=1.0095386505126953, train_AUC=0.9699016609082051, train_AP=0.9599450448284006, time=0.30438661575317383
INFO - 11/05/25 18:34:53 - 0:17:12 - Epoch 69: val_AUC=0.9365356685542624, val_AP=0.9258579421354167
INFO - 11/05/25 18:34:54 - 0:17:12 - Epoch 70: train_loss=1.0095748901367188, train_AUC=0.9691818722901997, train_AP=0.958825175878586, time=0.30170345306396484
INFO - 11/05/25 18:34:54 - 0:17:12 - Epoch 70: val_AUC=0.9371446503277772, val_AP=0.9265251335265826
INFO - 11/05/25 18:34:54 - 0:17:13 - Epoch 71: train_loss=1.0011627674102783, train_AUC=0.9704738297246471, train_AP=0.9601662297077602, time=0.30237913131713867
INFO - 11/05/25 18:34:54 - 0:17:13 - Epoch 71: val_AUC=0.9377472174797012, val_AP=0.9271655390917891
INFO - 11/05/25 18:34:55 - 0:17:13 - Epoch 72: train_loss=0.9969139695167542, train_AUC=0.9714938328275279, train_AP=0.9620874195219763, time=0.3041191101074219
INFO - 11/05/25 18:34:55 - 0:17:13 - Epoch 72: val_AUC=0.9383351226394193, val_AP=0.9278179824852487
INFO - 11/05/25 18:34:55 - 0:17:13 - Epoch 73: train_loss=0.9955451488494873, train_AUC=0.9710534419307356, train_AP=0.9610174360209094, time=0.3036210536956787
INFO - 11/05/25 18:34:55 - 0:17:14 - Epoch 73: val_AUC=0.9388880019288665, val_AP=0.9284480315539809
INFO - 11/05/25 18:34:55 - 0:17:14 - Epoch 74: train_loss=0.9903990030288696, train_AUC=0.9719803768613522, train_AP=0.9622646760240496, time=0.3020462989807129
INFO - 11/05/25 18:34:55 - 0:17:14 - Epoch 74: val_AUC=0.9394671506210168, val_AP=0.92905168444787
INFO - 11/05/25 18:34:56 - 0:17:14 - Epoch 75: train_loss=0.9863771200180054, train_AUC=0.9726420782267673, train_AP=0.9634865368768248, time=0.3015127182006836
INFO - 11/05/25 18:34:56 - 0:17:14 - Epoch 75: val_AUC=0.9400137171082642, val_AP=0.9296436895890322
INFO - 11/05/25 18:34:56 - 0:17:15 - Epoch 76: train_loss=0.9842907786369324, train_AUC=0.9728499802733531, train_AP=0.963458359212429, time=0.30435729026794434
INFO - 11/05/25 18:34:56 - 0:17:15 - Epoch 76: val_AUC=0.9405109011912054, val_AP=0.9301642464550923
INFO - 11/05/25 18:34:57 - 0:17:15 - Epoch 77: train_loss=0.9803647398948669, train_AUC=0.9731209641797974, train_AP=0.9636968856231414, time=0.30837464332580566
INFO - 11/05/25 18:34:57 - 0:17:15 - Epoch 77: val_AUC=0.9410425002280755, val_AP=0.9307727129188583
INFO - 11/05/25 18:34:57 - 0:17:16 - Epoch 78: train_loss=0.9776152968406677, train_AUC=0.9733661169897919, train_AP=0.9642222841895042, time=0.30434393882751465
INFO - 11/05/25 18:34:57 - 0:17:16 - Epoch 78: val_AUC=0.9415982304604517, val_AP=0.9314732750298363
INFO - 11/05/25 18:34:57 - 0:17:16 - Epoch 79: train_loss=0.9765506982803345, train_AUC=0.97332978821831, train_AP=0.9637748043961252, time=0.3062000274658203
INFO - 11/05/25 18:34:58 - 0:17:16 - Epoch 79: val_AUC=0.9421382805067183, val_AP=0.9321879548398483
INFO - 11/05/25 18:34:58 - 0:17:16 - Epoch 80: train_loss=0.9720726013183594, train_AUC=0.9744817298629299, train_AP=0.9655934623137119, time=0.3045053482055664
INFO - 11/05/25 18:34:58 - 0:17:16 - Epoch 80: val_AUC=0.9426222280689177, val_AP=0.9327832236471609
INFO - 11/05/25 18:34:58 - 0:17:17 - Epoch 81: train_loss=0.9693570137023926, train_AUC=0.9741655299577611, train_AP=0.9650713513715984, time=0.30434250831604004
INFO - 11/05/25 18:34:58 - 0:17:17 - Epoch 81: val_AUC=0.9430516004379048, val_AP=0.9333223689923871
INFO - 11/05/25 18:34:59 - 0:17:17 - Epoch 82: train_loss=0.9656281471252441, train_AUC=0.9745353552734053, train_AP=0.9654038354569471, time=0.3070952892303467
INFO - 11/05/25 18:34:59 - 0:17:17 - Epoch 82: val_AUC=0.9435073440289852, val_AP=0.9338900754683007
INFO - 11/05/25 18:34:59 - 0:17:18 - Epoch 83: train_loss=0.9621344804763794, train_AUC=0.9755040662130015, train_AP=0.9667701253390709, time=0.30663084983825684
INFO - 11/05/25 18:34:59 - 0:17:18 - Epoch 83: val_AUC=0.9439461856012721, val_AP=0.9344643569114455
INFO - 11/05/25 18:34:59 - 0:17:18 - Epoch 84: train_loss=0.9586730003356934, train_AUC=0.9759392041334409, train_AP=0.9675166127627202, time=0.3034515380859375
INFO - 11/05/25 18:35:00 - 0:17:18 - Epoch 84: val_AUC=0.9443306556191271, val_AP=0.9349430949660443
INFO - 11/05/25 18:35:00 - 0:17:18 - Epoch 85: train_loss=0.9563024044036865, train_AUC=0.9759326534996831, train_AP=0.9672088068428826, time=0.30104708671569824
INFO - 11/05/25 18:35:00 - 0:17:19 - Epoch 85: val_AUC=0.944700870922337, val_AP=0.9354083928521084
INFO - 11/05/25 18:35:00 - 0:17:19 - Epoch 86: train_loss=0.952765941619873, train_AUC=0.9765307261504294, train_AP=0.9681064492374599, time=0.3018362522125244
INFO - 11/05/25 18:35:00 - 0:17:19 - Epoch 86: val_AUC=0.9450930792138565, val_AP=0.9358662739098431
INFO - 11/05/25 18:35:01 - 0:17:19 - Epoch 87: train_loss=0.947131872177124, train_AUC=0.9774985823762108, train_AP=0.9693594851965053, time=0.3015737533569336
INFO - 11/05/25 18:35:01 - 0:17:19 - Epoch 87: val_AUC=0.9455054477446597, val_AP=0.9363906368462037
INFO - 11/05/25 18:35:01 - 0:17:20 - Epoch 88: train_loss=0.9467882513999939, train_AUC=0.9779823600820134, train_AP=0.9702770455107739, time=0.30469751358032227
INFO - 11/05/25 18:35:01 - 0:17:20 - Epoch 88: val_AUC=0.9458734230212826, val_AP=0.9368633646347608
INFO - 11/05/25 18:35:02 - 0:17:20 - Epoch 89: train_loss=0.9443570971488953, train_AUC=0.977892373669966, train_AP=0.9700427524306349, time=0.3033592700958252
INFO - 11/05/25 18:35:02 - 0:17:20 - Epoch 89: val_AUC=0.9462711295598795, val_AP=0.9373981508649356
INFO - 11/05/25 18:35:02 - 0:17:20 - Epoch 90: train_loss=0.9405078291893005, train_AUC=0.9786539250878978, train_AP=0.9709692529418534, time=0.3010749816894531
INFO - 11/05/25 18:35:02 - 0:17:21 - Epoch 90: val_AUC=0.9466425666957734, val_AP=0.9378756897041464
INFO - 11/05/25 18:35:02 - 0:17:21 - Epoch 91: train_loss=0.9384883046150208, train_AUC=0.9789755100599531, train_AP=0.9715269844411201, time=0.3038327693939209
INFO - 11/05/25 18:35:02 - 0:17:21 - Epoch 91: val_AUC=0.9469881417065256, val_AP=0.9383065553113807
INFO - 11/05/25 18:35:03 - 0:17:21 - Epoch 92: train_loss=0.935510516166687, train_AUC=0.9793950466793716, train_AP=0.9722845965778064, time=0.3013896942138672
INFO - 11/05/25 18:35:03 - 0:17:21 - Epoch 92: val_AUC=0.9473665025609613, val_AP=0.9387641625976075
INFO - 11/05/25 18:35:03 - 0:17:22 - Epoch 93: train_loss=0.9355818629264832, train_AUC=0.9790194306908415, train_AP=0.9716870987954489, time=0.3038625717163086
INFO - 11/05/25 18:35:03 - 0:17:22 - Epoch 93: val_AUC=0.9477218522331843, val_AP=0.939197277816231
INFO - 11/05/25 18:35:04 - 0:17:22 - Epoch 94: train_loss=0.9315769672393799, train_AUC=0.9793400429482051, train_AP=0.9720727303854159, time=0.30196690559387207
INFO - 11/05/25 18:35:04 - 0:17:22 - Epoch 94: val_AUC=0.9480289395143948, val_AP=0.9395702596443513
INFO - 11/05/25 18:35:04 - 0:17:23 - Epoch 95: train_loss=0.9292725920677185, train_AUC=0.9800449807155428, train_AP=0.9729484224943246, time=0.30280375480651855
INFO - 11/05/25 18:35:04 - 0:17:23 - Epoch 95: val_AUC=0.9483300194515762, val_AP=0.9399587023688882
INFO - 11/05/25 18:35:04 - 0:17:23 - Epoch 96: train_loss=0.9265614748001099, train_AUC=0.9802233554202984, train_AP=0.9732560556478356, time=0.30208492279052734
INFO - 11/05/25 18:35:05 - 0:17:23 - Epoch 96: val_AUC=0.9486630706773189, val_AP=0.9403769391301688
INFO - 11/05/25 18:35:05 - 0:17:23 - Epoch 97: train_loss=0.9236187934875488, train_AUC=0.9807574407746061, train_AP=0.9740190653491009, time=0.30179333686828613
INFO - 11/05/25 18:35:05 - 0:17:23 - Epoch 97: val_AUC=0.948990929114155, val_AP=0.9407807207840573
INFO - 11/05/25 18:35:05 - 0:17:24 - Epoch 98: train_loss=0.9218015670776367, train_AUC=0.980411264243671, train_AP=0.9730576727318876, time=0.3045980930328369
INFO - 11/05/25 18:35:05 - 0:17:24 - Epoch 98: val_AUC=0.949300052783172, val_AP=0.9411205067369022
INFO - 11/05/25 18:35:06 - 0:17:24 - Epoch 99: train_loss=0.9193388819694519, train_AUC=0.9811629222567334, train_AP=0.9744895194951673, time=0.30167150497436523
INFO - 11/05/25 18:35:06 - 0:17:24 - Epoch 99: val_AUC=0.9496026600112082, val_AP=0.9414898413600215
INFO - 11/05/25 18:35:06 - 0:17:25 - Epoch 100: train_loss=0.9155353307723999, train_AUC=0.9815106322707068, train_AP=0.9747201312235333, time=0.30398106575012207
INFO - 11/05/25 18:35:06 - 0:17:25 - Epoch 100: val_AUC=0.9498857179163027, val_AP=0.941814674017995
INFO - 11/05/25 18:35:06 - 0:17:25 - Epoch 101: train_loss=0.9156229496002197, train_AUC=0.9813221279832073, train_AP=0.9744115637357058, time=0.3020646572113037
INFO - 11/05/25 18:35:07 - 0:17:25 - Epoch 101: val_AUC=0.9501669430723715, val_AP=0.9421491141459917
INFO - 11/05/25 18:35:07 - 0:17:25 - Epoch 102: train_loss=0.9130100607872009, train_AUC=0.9813274424256884, train_AP=0.9740924483651766, time=0.3052103519439697
INFO - 11/05/25 18:35:07 - 0:17:26 - Epoch 102: val_AUC=0.9504333025974533, val_AP=0.9424624306026654
INFO - 11/05/25 18:35:07 - 0:17:26 - Epoch 103: train_loss=0.9106910228729248, train_AUC=0.9815982569040079, train_AP=0.9746013260174842, time=0.30472755432128906
INFO - 11/05/25 18:35:07 - 0:17:26 - Epoch 103: val_AUC=0.9506953857081416, val_AP=0.9427543836754113
INFO - 11/05/25 18:35:08 - 0:17:26 - Epoch 104: train_loss=0.9084014892578125, train_AUC=0.9819016637529069, train_AP=0.9752425210374115, time=0.30201268196105957
INFO - 11/05/25 18:35:08 - 0:17:26 - Epoch 104: val_AUC=0.9509967711034941, val_AP=0.9430921148166598
INFO - 11/05/25 18:35:08 - 0:17:27 - Epoch 105: train_loss=0.904975414276123, train_AUC=0.9823693058074489, train_AP=0.9756427258272207, time=0.30252861976623535
INFO - 11/05/25 18:35:08 - 0:17:27 - Epoch 105: val_AUC=0.9512429703892922, val_AP=0.9433800475226117
INFO - 11/05/25 18:35:09 - 0:17:27 - Epoch 106: train_loss=0.9033969640731812, train_AUC=0.9829023499361079, train_AP=0.9766805995020911, time=0.3039979934692383
INFO - 11/05/25 18:35:09 - 0:17:27 - Epoch 106: val_AUC=0.9514738967665419, val_AP=0.9436307028424972
INFO - 11/05/25 18:35:09 - 0:17:27 - Epoch 107: train_loss=0.9011144638061523, train_AUC=0.9826494384803929, train_AP=0.9761977971625488, time=0.3025648593902588
INFO - 11/05/25 18:35:09 - 0:17:28 - Epoch 107: val_AUC=0.9516919939006113, val_AP=0.9438765130612559
INFO - 11/05/25 18:35:09 - 0:17:28 - Epoch 108: train_loss=0.8984880447387695, train_AUC=0.9834412019974829, train_AP=0.9774341872517269, time=0.30524468421936035
INFO - 11/05/25 18:35:09 - 0:17:28 - Epoch 108: val_AUC=0.9519078510080935, val_AP=0.9441395697099819
INFO - 11/05/25 18:35:10 - 0:17:28 - Epoch 109: train_loss=0.8970046043395996, train_AUC=0.9832904949759609, train_AP=0.9771036239498958, time=0.3060488700866699
INFO - 11/05/25 18:35:10 - 0:17:28 - Epoch 109: val_AUC=0.9521324645831433, val_AP=0.9444036759605069
INFO - 11/05/25 18:35:10 - 0:17:29 - Epoch 110: train_loss=0.8952755928039551, train_AUC=0.9835649525112058, train_AP=0.977686006840224, time=0.3022899627685547
INFO - 11/05/25 18:35:10 - 0:17:29 - Epoch 110: val_AUC=0.9523495435233092, val_AP=0.9446217981695194
INFO - 11/05/25 18:35:11 - 0:17:29 - Epoch 111: train_loss=0.8936853408813477, train_AUC=0.9833456908548242, train_AP=0.9768816731893399, time=0.303666353225708
INFO - 11/05/25 18:35:11 - 0:17:29 - Epoch 111: val_AUC=0.9525529786651722, val_AP=0.9448397814063849
INFO - 11/05/25 18:35:11 - 0:17:30 - Epoch 112: train_loss=0.8898595571517944, train_AUC=0.9839343461549851, train_AP=0.977839936718576, time=0.3050663471221924
INFO - 11/05/25 18:35:11 - 0:17:30 - Epoch 112: val_AUC=0.9527264789062805, val_AP=0.9450262924257053
INFO - 11/05/25 18:35:11 - 0:17:30 - Epoch 113: train_loss=0.8880244493484497, train_AUC=0.9840336285704473, train_AP=0.9779044691553108, time=0.3085510730743408
INFO - 11/05/25 18:35:12 - 0:17:30 - Epoch 113: val_AUC=0.9529146411395952, val_AP=0.9452317027341789
INFO - 11/05/25 18:35:12 - 0:17:30 - Epoch 114: train_loss=0.8848100900650024, train_AUC=0.9847054431393802, train_AP=0.9790338757382443, time=0.30513501167297363
INFO - 11/05/25 18:35:12 - 0:17:30 - Epoch 114: val_AUC=0.9530958796543679, val_AP=0.9454337771695407
INFO - 11/05/25 18:35:12 - 0:17:31 - Epoch 115: train_loss=0.8844826221466064, train_AUC=0.9844703987776445, train_AP=0.9783933664482954, time=0.30650925636291504
INFO - 11/05/25 18:35:12 - 0:17:31 - Epoch 115: val_AUC=0.953298703879889, val_AP=0.9456574893754948
INFO - 11/05/25 18:35:13 - 0:17:31 - Epoch 116: train_loss=0.8823533058166504, train_AUC=0.9845341636336238, train_AP=0.9787603775434427, time=0.31075382232666016
INFO - 11/05/25 18:35:13 - 0:17:31 - Epoch 116: val_AUC=0.9534882915846681, val_AP=0.945858841406114
INFO - 11/05/25 18:35:13 - 0:17:32 - Epoch 117: train_loss=0.8822780847549438, train_AUC=0.9842940598521976, train_AP=0.9780082227335138, time=0.3077125549316406
INFO - 11/05/25 18:35:13 - 0:17:32 - Epoch 117: val_AUC=0.9536681046279764, val_AP=0.9460234251205835
INFO - 11/05/25 18:35:14 - 0:17:32 - Epoch 118: train_loss=0.8771673440933228, train_AUC=0.9854335495863665, train_AP=0.9799379030234786, time=0.30641770362854004
INFO - 11/05/25 18:35:14 - 0:17:32 - Epoch 118: val_AUC=0.9538560632225104, val_AP=0.9462451695504914
INFO - 11/05/25 18:35:14 - 0:17:32 - Epoch 119: train_loss=0.8785821795463562, train_AUC=0.9846153600370618, train_AP=0.9786582050475838, time=0.3041503429412842
INFO - 11/05/25 18:35:14 - 0:17:33 - Epoch 119: val_AUC=0.9540383199311864, val_AP=0.9464445913947174
INFO - 11/05/25 18:35:14 - 0:17:33 - Epoch 120: train_loss=0.8744767904281616, train_AUC=0.9852115547126571, train_AP=0.9795506443298037, time=0.3058156967163086
INFO - 11/05/25 18:35:14 - 0:17:33 - Epoch 120: val_AUC=0.9541922708493529, val_AP=0.9465756428454276
INFO - 11/05/25 18:35:15 - 0:17:33 - Epoch 121: train_loss=0.8727864027023315, train_AUC=0.9857544719923038, train_AP=0.980344382364449, time=0.30504894256591797
INFO - 11/05/25 18:35:15 - 0:17:33 - Epoch 121: val_AUC=0.954382469470474, val_AP=0.9468149844114756
INFO - 11/05/25 18:35:15 - 0:17:34 - Epoch 122: train_loss=0.8699966669082642, train_AUC=0.9858265435816591, train_AP=0.9802630924678617, time=0.305192232131958
INFO - 11/05/25 18:35:15 - 0:17:34 - Epoch 122: val_AUC=0.9545437513847439, val_AP=0.946983068932373
INFO - 11/05/25 18:35:16 - 0:17:34 - Epoch 123: train_loss=0.8694485425949097, train_AUC=0.9858007256942625, train_AP=0.9802573592518261, time=0.30608057975769043
INFO - 11/05/25 18:35:16 - 0:17:34 - Epoch 123: val_AUC=0.9546987204968135, val_AP=0.9471346453798518
INFO - 11/05/25 18:35:16 - 0:17:35 - Epoch 124: train_loss=0.8666253089904785, train_AUC=0.986284011494917, train_AP=0.9811528032553438, time=0.3058602809906006
INFO - 11/05/25 18:35:16 - 0:17:35 - Epoch 124: val_AUC=0.954868147962309, val_AP=0.9473138278354467
INFO - 11/05/25 18:35:16 - 0:17:35 - Epoch 125: train_loss=0.8648633360862732, train_AUC=0.9863218827315936, train_AP=0.9812194082210786, time=0.30797553062438965
INFO - 11/05/25 18:35:17 - 0:17:35 - Epoch 125: val_AUC=0.9550251534621851, val_AP=0.9474859230778687
INFO - 11/05/25 18:35:17 - 0:17:35 - Epoch 126: train_loss=0.8656867742538452, train_AUC=0.9859396148398962, train_AP=0.9806276883681476, time=0.30268287658691406
INFO - 11/05/25 18:35:17 - 0:17:35 - Epoch 126: val_AUC=0.9551613878064357, val_AP=0.9476639656991873
INFO - 11/05/25 18:35:17 - 0:17:36 - Epoch 127: train_loss=0.8607672452926636, train_AUC=0.986857237916234, train_AP=0.9820542660786655, time=0.3022627830505371
INFO - 11/05/25 18:35:17 - 0:17:36 - Epoch 127: val_AUC=0.9553143205306989, val_AP=0.9478319988574997
INFO - 11/05/25 18:35:18 - 0:17:36 - Epoch 128: train_loss=0.8623480796813965, train_AUC=0.986436873881711, train_AP=0.9812989013006044, time=0.30750298500061035
INFO - 11/05/25 18:35:18 - 0:17:36 - Epoch 128: val_AUC=0.9554894498820523, val_AP=0.9480515278211751
INFO - 11/05/25 18:35:18 - 0:17:37 - Epoch 129: train_loss=0.858595609664917, train_AUC=0.9867066835913691, train_AP=0.9817924589262778, time=0.30509066581726074
INFO - 11/05/25 18:35:18 - 0:17:37 - Epoch 129: val_AUC=0.9556442153553414, val_AP=0.9482222513388376
INFO - 11/05/25 18:35:18 - 0:17:37 - Epoch 130: train_loss=0.8539285063743591, train_AUC=0.9871367217604754, train_AP=0.9822195349496495, time=0.30730581283569336
INFO - 11/05/25 18:35:19 - 0:17:37 - Epoch 130: val_AUC=0.9557887988895983, val_AP=0.948410985583474
INFO - 11/05/25 18:35:19 - 0:17:37 - Epoch 131: train_loss=0.8535417318344116, train_AUC=0.9872891632187679, train_AP=0.9825671932996849, time=0.30219030380249023
INFO - 11/05/25 18:35:19 - 0:17:38 - Epoch 131: val_AUC=0.9559592445489971, val_AP=0.9486087943200252
INFO - 11/05/25 18:35:19 - 0:17:38 - Epoch 132: train_loss=0.8524267673492432, train_AUC=0.9873874394566031, train_AP=0.9825650724959064, time=0.3042871952056885
INFO - 11/05/25 18:35:19 - 0:17:38 - Epoch 132: val_AUC=0.9561372248432797, val_AP=0.9488123588902324
INFO - 11/05/25 18:35:20 - 0:17:38 - Epoch 133: train_loss=0.8508463501930237, train_AUC=0.9873380619015777, train_AP=0.9826093367669534, time=0.30609583854675293
INFO - 11/05/25 18:35:20 - 0:17:38 - Epoch 133: val_AUC=0.9563064486699943, val_AP=0.9490319400514852
INFO - 11/05/25 18:35:20 - 0:17:39 - Epoch 134: train_loss=0.8482891321182251, train_AUC=0.9875705828057536, train_AP=0.982948105346804, time=0.3056457042694092
INFO - 11/05/25 18:35:20 - 0:17:39 - Epoch 134: val_AUC=0.9564954254584317, val_AP=0.9492567342163478
INFO - 11/05/25 18:35:21 - 0:17:39 - Epoch 135: train_loss=0.8453702330589294, train_AUC=0.9881224973880876, train_AP=0.983832756572351, time=0.3044900894165039
INFO - 11/05/25 18:35:21 - 0:17:39 - Epoch 135: val_AUC=0.9566939732695591, val_AP=0.9495018532605408
INFO - 11/05/25 18:35:21 - 0:17:39 - Epoch 136: train_loss=0.8430166244506836, train_AUC=0.9882286252633794, train_AP=0.9838483890170794, time=0.303058385848999
INFO - 11/05/25 18:35:21 - 0:17:40 - Epoch 136: val_AUC=0.9568686953433512, val_AP=0.9497156660702996
INFO - 11/05/25 18:35:21 - 0:17:40 - Epoch 137: train_loss=0.841766357421875, train_AUC=0.9880549142350746, train_AP=0.9836395090830444, time=0.307781457901001
INFO - 11/05/25 18:35:21 - 0:17:40 - Epoch 137: val_AUC=0.9570542102725175, val_AP=0.9499567400559336
INFO - 11/05/25 18:35:22 - 0:17:40 - Epoch 138: train_loss=0.8397895097732544, train_AUC=0.9886515671767622, train_AP=0.9841847505806071, time=0.305706262588501
INFO - 11/05/25 18:35:22 - 0:17:40 - Epoch 138: val_AUC=0.9572264886809421, val_AP=0.9501514785184034
INFO - 11/05/25 18:35:22 - 0:17:41 - Epoch 139: train_loss=0.8372693657875061, train_AUC=0.988875678669187, train_AP=0.9847271597825203, time=0.3116288185119629
INFO - 11/05/25 18:35:22 - 0:17:41 - Epoch 139: val_AUC=0.9574219819103598, val_AP=0.950406723695843
INFO - 11/05/25 18:35:23 - 0:17:41 - Epoch 140: train_loss=0.8363039493560791, train_AUC=0.9887219085562441, train_AP=0.9844507741917154, time=0.29937267303466797
INFO - 11/05/25 18:35:23 - 0:17:41 - Epoch 140: val_AUC=0.9576093295885518, val_AP=0.9506149486233473
INFO - 11/05/25 18:35:23 - 0:17:42 - Epoch 141: train_loss=0.833972692489624, train_AUC=0.9890441675422639, train_AP=0.9849551512832889, time=0.30115461349487305
INFO - 11/05/25 18:35:23 - 0:17:42 - Epoch 141: val_AUC=0.9577966772667441, val_AP=0.950849016398203
INFO - 11/05/25 18:35:23 - 0:17:42 - Epoch 142: train_loss=0.8339358568191528, train_AUC=0.9887317359158464, train_AP=0.9844287187215365, time=0.3040339946746826
INFO - 11/05/25 18:35:24 - 0:17:42 - Epoch 142: val_AUC=0.957993799606407, val_AP=0.9510647408915344
INFO - 11/05/25 18:35:24 - 0:17:42 - Epoch 143: train_loss=0.8299267292022705, train_AUC=0.9892733666336927, train_AP=0.984891510403308, time=0.3020744323730469
INFO - 11/05/25 18:35:24 - 0:17:42 - Epoch 143: val_AUC=0.9581909219460699, val_AP=0.9513053460664599
INFO - 11/05/25 18:35:24 - 0:17:43 - Epoch 144: train_loss=0.8299906253814697, train_AUC=0.9893635939788742, train_AP=0.9854406092904923, time=0.2992537021636963
INFO - 11/05/25 18:35:24 - 0:17:43 - Epoch 144: val_AUC=0.9583847860652426, val_AP=0.9515129725067644
INFO - 11/05/25 18:35:25 - 0:17:43 - Epoch 145: train_loss=0.8270044326782227, train_AUC=0.9894607955281255, train_AP=0.9856604641592394, time=0.2985813617706299
INFO - 11/05/25 18:35:25 - 0:17:43 - Epoch 145: val_AUC=0.9585611372492798, val_AP=0.9517346687230667
INFO - 11/05/25 18:35:25 - 0:17:44 - Epoch 146: train_loss=0.8255516886711121, train_AUC=0.9898828165063058, train_AP=0.9861573003152718, time=0.29947924613952637
INFO - 11/05/25 18:35:25 - 0:17:44 - Epoch 146: val_AUC=0.9587296483402624, val_AP=0.9519405189481559
INFO - 11/05/25 18:35:25 - 0:17:44 - Epoch 147: train_loss=0.8239115476608276, train_AUC=0.989749412464123, train_AP=0.9860229003232466, time=0.3026411533355713
INFO - 11/05/25 18:35:26 - 0:17:44 - Epoch 147: val_AUC=0.9588963266822192, val_AP=0.9521471411177893
INFO - 11/05/25 18:35:26 - 0:17:44 - Epoch 148: train_loss=0.8213882446289062, train_AUC=0.9903171106324148, train_AP=0.9867244170218701, time=0.3004734516143799
INFO - 11/05/25 18:35:26 - 0:17:45 - Epoch 148: val_AUC=0.9590631068435662, val_AP=0.9523479106387402
INFO - 11/05/25 18:35:26 - 0:17:45 - Epoch 149: train_loss=0.8205520510673523, train_AUC=0.989930223446686, train_AP=0.9861348293571801, time=0.29931163787841797
INFO - 11/05/25 18:35:26 - 0:17:45 - Epoch 149: val_AUC=0.9592421053317519, val_AP=0.952552542643499
INFO - 11/05/25 18:35:27 - 0:17:45 - Epoch 150: train_loss=0.8173068761825562, train_AUC=0.9900967719978798, train_AP=0.9860839043120506, time=0.2983229160308838
INFO - 11/05/25 18:35:27 - 0:17:45 - Epoch 150: val_AUC=0.9594229365689636, val_AP=0.9528006457555932
INFO - 11/05/25 18:35:27 - 0:17:46 - Epoch 151: train_loss=0.8154094219207764, train_AUC=0.9906792570850206, train_AP=0.9873216840955626, time=0.3006556034088135
INFO - 11/05/25 18:35:27 - 0:17:46 - Epoch 151: val_AUC=0.9595789238749364, val_AP=0.953012652360047
INFO - 11/05/25 18:35:28 - 0:17:46 - Epoch 152: train_loss=0.8147211074829102, train_AUC=0.9906836363265217, train_AP=0.9873293336152831, time=0.30227088928222656
INFO - 11/05/25 18:35:28 - 0:17:46 - Epoch 152: val_AUC=0.9597591441958061, val_AP=0.9532607198639074
INFO - 11/05/25 18:35:28 - 0:17:46 - Epoch 153: train_loss=0.8130617737770081, train_AUC=0.9907993508044028, train_AP=0.9873966012428362, time=0.3118288516998291
INFO - 11/05/25 18:35:28 - 0:17:47 - Epoch 153: val_AUC=0.9599128914751919, val_AP=0.9534532113017382
INFO - 11/05/25 18:35:28 - 0:17:47 - Epoch 154: train_loss=0.8108205795288086, train_AUC=0.9905042253274975, train_AP=0.9867845975144874, time=0.3027019500732422
INFO - 11/05/25 18:35:28 - 0:17:47 - Epoch 154: val_AUC=0.960049329458223, val_AP=0.9536177694535692
INFO - 11/05/25 18:35:29 - 0:17:47 - Epoch 155: train_loss=0.8092969655990601, train_AUC=0.9909456283900209, train_AP=0.9875349936515242, time=0.30275964736938477
INFO - 11/05/25 18:35:29 - 0:17:47 - Epoch 155: val_AUC=0.9601963566578479, val_AP=0.9537965861650898
INFO - 11/05/25 18:35:29 - 0:17:48 - Epoch 156: train_loss=0.8074633479118347, train_AUC=0.9911484842259697, train_AP=0.9875152394972854, time=0.3047611713409424
INFO - 11/05/25 18:35:29 - 0:17:48 - Epoch 156: val_AUC=0.9603081543484211, val_AP=0.9539614353433034
INFO - 11/05/25 18:35:30 - 0:17:48 - Epoch 157: train_loss=0.8049349188804626, train_AUC=0.991414491665579, train_AP=0.9881665024919172, time=0.3067467212677002
INFO - 11/05/25 18:35:30 - 0:17:48 - Epoch 157: val_AUC=0.9604256539248524, val_AP=0.9541549092578778
INFO - 11/05/25 18:35:30 - 0:17:49 - Epoch 158: train_loss=0.8029437065124512, train_AUC=0.9917077361732815, train_AP=0.9885981667654636, time=0.3013317584991455
INFO - 11/05/25 18:35:30 - 0:17:49 - Epoch 158: val_AUC=0.9605317497295677, val_AP=0.9543543977496239
INFO - 11/05/25 18:35:30 - 0:17:49 - Epoch 159: train_loss=0.8018457889556885, train_AUC=0.9918333271484436, train_AP=0.9889545540406488, time=0.3016798496246338
INFO - 11/05/25 18:35:30 - 0:17:49 - Epoch 159: val_AUC=0.9606211471542703, val_AP=0.9544348232887497
INFO - 11/05/25 18:35:31 - 0:17:49 - Epoch 160: train_loss=0.8003207445144653, train_AUC=0.9918996647757822, train_AP=0.9888648622951441, time=0.30455493927001953
INFO - 11/05/25 18:35:31 - 0:17:49 - Epoch 160: val_AUC=0.9607325375672823, val_AP=0.9546591843060752
INFO - 11/05/25 18:35:31 - 0:17:50 - Epoch 161: train_loss=0.7984269857406616, train_AUC=0.9917165186087002, train_AP=0.988559713121305, time=0.3039553165435791
INFO - 11/05/25 18:35:31 - 0:17:50 - Epoch 161: val_AUC=0.960828960529917, val_AP=0.9548253972668971
INFO - 11/05/25 18:35:32 - 0:17:50 - Epoch 162: train_loss=0.7969920635223389, train_AUC=0.9918607040563818, train_AP=0.9886281236521757, time=0.3039071559906006
INFO - 11/05/25 18:35:32 - 0:17:50 - Epoch 162: val_AUC=0.9609668239844128, val_AP=0.955082272662932
INFO - 11/05/25 18:35:32 - 0:17:51 - Epoch 163: train_loss=0.7947686910629272, train_AUC=0.9918468113023869, train_AP=0.9888067508430234, time=0.3032217025756836
INFO - 11/05/25 18:35:32 - 0:17:51 - Epoch 163: val_AUC=0.9610630433082668, val_AP=0.9552419077315112
INFO - 11/05/25 18:35:32 - 0:17:51 - Epoch 164: train_loss=0.7930102348327637, train_AUC=0.9925208427027203, train_AP=0.9898112062528569, time=0.3011026382446289
INFO - 11/05/25 18:35:33 - 0:17:51 - Epoch 164: val_AUC=0.961179931968356, val_AP=0.9554197127934573
INFO - 11/05/25 18:35:33 - 0:17:51 - Epoch 165: train_loss=0.792214572429657, train_AUC=0.9925779007058705, train_AP=0.989913518958736, time=0.30191898345947266
INFO - 11/05/25 18:35:33 - 0:17:51 - Epoch 165: val_AUC=0.9612550746784138, val_AP=0.9555993795502881
INFO - 11/05/25 18:35:33 - 0:17:52 - Epoch 166: train_loss=0.7891197800636292, train_AUC=0.9927516150804687, train_AP=0.9901483638742322, time=0.3047029972076416
INFO - 11/05/25 18:35:33 - 0:17:52 - Epoch 166: val_AUC=0.9613397884111614, val_AP=0.9557492733263854
INFO - 11/05/25 18:35:34 - 0:17:52 - Epoch 167: train_loss=0.7896546125411987, train_AUC=0.9925621868637147, train_AP=0.9898611817560202, time=0.3016810417175293
INFO - 11/05/25 18:35:34 - 0:17:52 - Epoch 167: val_AUC=0.9613399920499419, val_AP=0.9557228053989331
INFO - 11/05/25 18:35:34 - 0:17:53 - Epoch 168: train_loss=0.7861183285713196, train_AUC=0.9927527389067312, train_AP=0.9900172587784336, time=0.30246591567993164
INFO - 11/05/25 18:35:34 - 0:17:53 - Epoch 168: val_AUC=0.9613509885440968, val_AP=0.9557593766256007
INFO - 11/05/25 18:35:35 - 0:17:53 - Epoch 169: train_loss=0.7846887111663818, train_AUC=0.9929418474643932, train_AP=0.9901967289379794, time=0.3050563335418701
INFO - 11/05/25 18:35:35 - 0:17:53 - Epoch 169: val_AUC=0.9613682978404514, val_AP=0.9558217802362992
INFO - 11/05/25 18:35:35 - 0:17:53 - Epoch 170: train_loss=0.7830592393875122, train_AUC=0.9931441184034578, train_AP=0.9906318430162449, time=0.3021399974822998
INFO - 11/05/25 18:35:35 - 0:17:54 - Epoch 170: val_AUC=0.9613613741219095, val_AP=0.9557965729568263
INFO - 11/05/25 18:35:35 - 0:17:54 - Epoch 171: train_loss=0.7813885807991028, train_AUC=0.9934227047365515, train_AP=0.9909489685302716, time=0.306316614151001
INFO - 11/05/25 18:35:35 - 0:17:54 - Epoch 171: val_AUC=0.9613570977075161, val_AP=0.9557629164918164
INFO - 11/05/25 18:35:36 - 0:17:54 - Epoch 172: train_loss=0.7810081839561462, train_AUC=0.9929848955932749, train_AP=0.9901483298039621, time=0.344210147857666
INFO - 11/05/25 18:35:36 - 0:17:54 - Epoch 172: val_AUC=0.9614063782924317, val_AP=0.9558657714674327
INFO - 11/05/25 18:35:36 - 0:17:55 - Epoch 173: train_loss=0.7779881358146667, train_AUC=0.9932438643686338, train_AP=0.9907116898199695, time=0.3490908145904541
INFO - 11/05/25 18:35:36 - 0:17:55 - Epoch 173: val_AUC=0.9613774615855806, val_AP=0.9558621372658427
INFO - 11/05/25 18:35:37 - 0:17:55 - Epoch 174: train_loss=0.7762525081634521, train_AUC=0.9934575296132746, train_AP=0.9909346596368843, time=0.36150503158569336
INFO - 11/05/25 18:35:37 - 0:17:55 - Epoch 174: val_AUC=0.9613974181860834, val_AP=0.9559168340615182
INFO - 11/05/25 18:35:37 - 0:17:56 - Epoch 175: train_loss=0.7768505811691284, train_AUC=0.9935552641038001, train_AP=0.9912922595517311, time=0.35750722885131836
INFO - 11/05/25 18:35:37 - 0:17:56 - Epoch 175: val_AUC=0.9613921235777867, val_AP=0.9558087121238954
INFO - 11/05/25 18:35:38 - 0:17:56 - Epoch 176: train_loss=0.7732560634613037, train_AUC=0.9937758968599238, train_AP=0.9912785917134641, time=0.36664676666259766
INFO - 11/05/25 18:35:38 - 0:17:56 - Epoch 176: val_AUC=0.9613182027004132, val_AP=0.9557626959812449
INFO - 11/05/25 18:35:38 - 0:17:57 - Epoch 177: train_loss=0.7710351347923279, train_AUC=0.9940926658111127, train_AP=0.9920317455983951, time=0.36194348335266113
INFO - 11/05/25 18:35:38 - 0:17:57 - Epoch 177: val_AUC=0.9612489655149944, val_AP=0.9557195700312013
INFO - 11/05/25 18:35:39 - 0:17:57 - Epoch 178: train_loss=0.7711771726608276, train_AUC=0.9939843351940774, train_AP=0.9916985074106422, time=0.3678419589996338
INFO - 11/05/25 18:35:39 - 0:17:57 - Epoch 178: val_AUC=0.9611803392459174, val_AP=0.955592445869834
INFO - 11/05/25 18:35:39 - 0:17:58 - Epoch 179: train_loss=0.7704023718833923, train_AUC=0.9939363336701739, train_AP=0.9915662342469411, time=0.3511505126953125
INFO - 11/05/25 18:35:39 - 0:17:58 - Epoch 179: val_AUC=0.9610518431753314, val_AP=0.9553787620493323
INFO - 11/05/25 18:35:40 - 0:17:58 - Epoch 180: train_loss=0.76778244972229, train_AUC=0.9939327985752447, train_AP=0.9915311576849987, time=0.3484792709350586
INFO - 11/05/25 18:35:40 - 0:17:58 - Epoch 180: val_AUC=0.9609636675833128, val_AP=0.9553212666586568
INFO - 11/05/25 18:35:40 - 0:17:59 - Epoch 181: train_loss=0.7664088010787964, train_AUC=0.9941848417558503, train_AP=0.9920280528172891, time=0.3682291507720947
INFO - 11/05/25 18:35:40 - 0:17:59 - Epoch 181: val_AUC=0.9608518698927394, val_AP=0.9552308585130362
INFO - 11/05/25 18:35:40 - 0:17:59 - Epoch 182: train_loss=0.7648746967315674, train_AUC=0.9940528998678176, train_AP=0.9915011085948339, time=0.3589317798614502
INFO - 11/05/25 18:35:41 - 0:17:59 - Epoch 182: val_AUC=0.9607773380990239, val_AP=0.9552015769106681
INFO - 11/05/25 18:35:41 - 0:17:59 - Epoch 183: train_loss=0.7647461295127869, train_AUC=0.9941645297541487, train_AP=0.991559533851769, time=0.35483694076538086
INFO - 11/05/25 18:35:41 - 0:18:00 - Epoch 183: val_AUC=0.9607247992936179, val_AP=0.9551067032035725
INFO - 11/05/25 18:35:41 - 0:18:00 - Epoch 184: train_loss=0.7637214660644531, train_AUC=0.9942736243828322, train_AP=0.9919091690496651, time=0.35352158546447754
INFO - 11/05/25 18:35:42 - 0:18:00 - Epoch 184: val_AUC=0.9606360127852572, val_AP=0.9550593764945883
INFO - 11/05/25 18:35:42 - 0:18:00 - Epoch 185: train_loss=0.7619060277938843, train_AUC=0.9945689777599387, train_AP=0.9925577826875834, time=0.3630821704864502
INFO - 11/05/25 18:35:42 - 0:18:01 - Epoch 185: val_AUC=0.9606005796374252, val_AP=0.9550701231776938
INFO - 11/05/25 18:35:42 - 0:18:01 - Epoch 186: train_loss=0.7614381909370422, train_AUC=0.9942236895818743, train_AP=0.9918359629129592, time=0.35840368270874023
INFO - 11/05/25 18:35:42 - 0:18:01 - Epoch 186: val_AUC=0.9605394880032322, val_AP=0.9550310621778988
INFO - 11/05/25 18:35:43 - 0:18:01 - Epoch 187: train_loss=0.7597918510437012, train_AUC=0.9944664540188948, train_AP=0.9923147958965927, time=0.3527796268463135
INFO - 11/05/25 18:35:43 - 0:18:01 - Epoch 187: val_AUC=0.9604873564753875, val_AP=0.9549483961306391
INFO - 11/05/25 18:35:43 - 0:18:02 - Epoch 188: train_loss=0.7581475973129272, train_AUC=0.9946933869651241, train_AP=0.9926123299439866, time=0.3579277992248535
INFO - 11/05/25 18:35:43 - 0:18:02 - Epoch 188: val_AUC=0.9604085482672784, val_AP=0.9548911260742305
INFO - 11/05/25 18:35:44 - 0:18:02 - Epoch 189: train_loss=0.757007360458374, train_AUC=0.9945135515151843, train_AP=0.9919561730540468, time=0.3438849449157715
INFO - 11/05/25 18:35:44 - 0:18:02 - Epoch 189: val_AUC=0.9604077337121557, val_AP=0.9549033114775467
INFO - 11/05/25 18:35:44 - 0:18:03 - Epoch 190: train_loss=0.7568492889404297, train_AUC=0.9944619039403033, train_AP=0.9920989587836226, time=0.3731956481933594
INFO - 11/05/25 18:35:44 - 0:18:03 - Epoch 190: val_AUC=0.9603847225299429, val_AP=0.9549314440944126
INFO - 11/05/25 18:35:45 - 0:18:03 - Epoch 191: train_loss=0.7542891502380371, train_AUC=0.9946682073391874, train_AP=0.9924312796200798, time=0.38107872009277344
INFO - 11/05/25 18:35:45 - 0:18:03 - Epoch 191: val_AUC=0.960389406221898, val_AP=0.9549676766559873
INFO - 11/05/25 18:35:45 - 0:18:04 - Epoch 192: train_loss=0.7536076307296753, train_AUC=0.9946035356376626, train_AP=0.9923158533527994, time=0.3584287166595459
INFO - 11/05/25 18:35:45 - 0:18:04 - Epoch 192: val_AUC=0.9603668023172464, val_AP=0.9550459912544484
INFO - 11/05/25 18:35:46 - 0:18:04 - Epoch 193: train_loss=0.7510220408439636, train_AUC=0.9950182356300913, train_AP=0.9931068340969632, time=0.34976935386657715
INFO - 11/05/25 18:35:46 - 0:18:04 - Epoch 193: val_AUC=0.9603676168723689, val_AP=0.9550743535128319
INFO - 11/05/25 18:35:46 - 0:18:05 - Epoch 194: train_loss=0.7515360116958618, train_AUC=0.9949603944181356, train_AP=0.9930160863023566, time=0.35050535202026367
INFO - 11/05/25 18:35:46 - 0:18:05 - Epoch 194: val_AUC=0.9603871661953108, val_AP=0.9551169422501122
INFO - 11/05/25 18:35:47 - 0:18:05 - Epoch 195: train_loss=0.7510643005371094, train_AUC=0.9950702523539844, train_AP=0.993188318676869, time=0.3479752540588379
INFO - 11/05/25 18:35:47 - 0:18:05 - Epoch 195: val_AUC=0.96050079663491, val_AP=0.9552241913663396
INFO - 11/05/25 18:35:47 - 0:18:06 - Epoch 196: train_loss=0.7489429712295532, train_AUC=0.9953106099253562, train_AP=0.9935960762739996, time=0.34958910942077637
INFO - 11/05/25 18:35:47 - 0:18:06 - Epoch 196: val_AUC=0.9606740932372375, val_AP=0.9554890716739463
INFO - 11/05/25 18:35:47 - 0:18:06 - Epoch 197: train_loss=0.7488864064216614, train_AUC=0.9950218688242568, train_AP=0.9931806438019962, time=0.34818243980407715
INFO - 11/05/25 18:35:48 - 0:18:06 - Epoch 197: val_AUC=0.9607529014453465, val_AP=0.9556318143759784
INFO - 11/05/25 18:35:48 - 0:18:06 - Epoch 198: train_loss=0.7485575675964355, train_AUC=0.9948942068456436, train_AP=0.9927118152638192, time=0.3412139415740967
INFO - 11/05/25 18:35:48 - 0:18:07 - Epoch 198: val_AUC=0.9607272429589856, val_AP=0.9556686087787174
INFO - 11/05/25 18:35:48 - 0:18:07 - Epoch 199: train_loss=0.7458066940307617, train_AUC=0.9954693434722016, train_AP=0.9937468670132732, time=0.3477792739868164
INFO - 11/05/25 18:35:48 - 0:18:07 - Epoch 199: val_AUC=0.9607962765056237, val_AP=0.9558386353087258
INFO - 11/05/25 18:35:49 - 0:18:07 - Epoch 200: train_loss=0.7459900379180908, train_AUC=0.9950189189784534, train_AP=0.9929030637384737, time=0.3380625247955322
INFO - 11/05/25 18:35:49 - 0:18:07 - Epoch 200: val_AUC=0.9607190974077596, val_AP=0.9558932519842681
INFO - 11/05/25 18:35:49 - 0:18:08 - Epoch 201: train_loss=0.7448828816413879, train_AUC=0.9954920817128303, train_AP=0.9937450994370951, time=0.3520355224609375
INFO - 11/05/25 18:35:49 - 0:18:08 - Epoch 201: val_AUC=0.9607064718033598, val_AP=0.9558561495123252
INFO - 11/05/25 18:35:50 - 0:18:08 - Epoch 202: train_loss=0.7450401782989502, train_AUC=0.9949305704890263, train_AP=0.992821986554276, time=0.34627199172973633
INFO - 11/05/25 18:35:50 - 0:18:08 - Epoch 202: val_AUC=0.9606331618423283, val_AP=0.9557759397759252
INFO - 11/05/25 18:35:50 - 0:18:09 - Epoch 203: train_loss=0.7443487644195557, train_AUC=0.9950888151247756, train_AP=0.9930085802376991, time=0.34486818313598633
INFO - 11/05/25 18:35:50 - 0:18:09 - Epoch 203: val_AUC=0.9605337861173742, val_AP=0.9557266164239635
INFO - 11/05/25 18:35:51 - 0:18:09 - Epoch 204: train_loss=0.7433880567550659, train_AUC=0.995150647584304, train_AP=0.993222375444995, time=0.3395967483520508
INFO - 11/05/25 18:35:51 - 0:18:09 - Epoch 204: val_AUC=0.9605334806592032, val_AP=0.9556993298231855
INFO - 11/05/25 18:35:51 - 0:18:10 - Epoch 205: train_loss=0.7414093017578125, train_AUC=0.9953046445407241, train_AP=0.9934884307789891, time=0.34291934967041016
INFO - 11/05/25 18:35:51 - 0:18:10 - Epoch 205: val_AUC=0.9604505996754812, val_AP=0.9556394917152053
INFO - 11/05/25 18:35:52 - 0:18:10 - Epoch 206: train_loss=0.740298867225647, train_AUC=0.9953260955150695, train_AP=0.9934617933648281, time=0.34580016136169434
INFO - 11/05/25 18:35:52 - 0:18:10 - Epoch 206: val_AUC=0.9604026427426396, val_AP=0.9556063819369353
INFO - 11/05/25 18:35:52 - 0:18:10 - Epoch 207: train_loss=0.7395362854003906, train_AUC=0.995244623658838, train_AP=0.9934048617694916, time=0.3414630889892578
INFO - 11/05/25 18:35:52 - 0:18:11 - Epoch 207: val_AUC=0.9603753551460334, val_AP=0.955509942838895
INFO - 11/05/25 18:35:52 - 0:18:11 - Epoch 208: train_loss=0.7372021079063416, train_AUC=0.9957039834607829, train_AP=0.9938721017122409, time=0.34406471252441406
INFO - 11/05/25 18:35:53 - 0:18:11 - Epoch 208: val_AUC=0.9602949178276793, val_AP=0.9555170470257112
INFO - 11/05/25 18:35:53 - 0:18:11 - Epoch 209: train_loss=0.7375418543815613, train_AUC=0.995846485194459, train_AP=0.9943638368505213, time=0.34207844734191895
INFO - 11/05/25 18:35:53 - 0:18:11 - Epoch 209: val_AUC=0.9602688520637567, val_AP=0.9554680058695062
INFO - 11/05/25 18:35:53 - 0:18:12 - Epoch 210: train_loss=0.7372955083847046, train_AUC=0.9953455302595053, train_AP=0.9933923318393427, time=0.3403956890106201
INFO - 11/05/25 18:35:53 - 0:18:12 - Epoch 210: val_AUC=0.9600867989938615, val_AP=0.9553842466914109
INFO - 11/05/25 18:35:54 - 0:18:12 - Epoch 211: train_loss=0.7334616184234619, train_AUC=0.9957854267854591, train_AP=0.9941005726522751, time=0.3456146717071533
INFO - 11/05/25 18:35:54 - 0:18:12 - Epoch 211: val_AUC=0.9599660411969398, val_AP=0.9552072039246264
INFO - 11/05/25 18:35:54 - 0:18:13 - Epoch 212: train_loss=0.7349029779434204, train_AUC=0.9956255227403625, train_AP=0.9937216825376718, time=0.3399066925048828
INFO - 11/05/25 18:35:54 - 0:18:13 - Epoch 212: val_AUC=0.9598192176360958, val_AP=0.9549515832987681
INFO - 11/05/25 18:35:55 - 0:18:13 - Epoch 213: train_loss=0.7309985756874084, train_AUC=0.9959868701332987, train_AP=0.9943586754989618, time=0.3407580852508545
INFO - 11/05/25 18:35:55 - 0:18:13 - Epoch 213: val_AUC=0.95965284475231, val_AP=0.9548456615159698
INFO - 11/05/25 18:35:55 - 0:18:14 - Epoch 214: train_loss=0.7334450483322144, train_AUC=0.9955478834469423, train_AP=0.9934925766898686, time=0.34227538108825684
INFO - 11/05/25 18:35:55 - 0:18:14 - Epoch 214: val_AUC=0.959621484380091, val_AP=0.9547730786583516
INFO - 11/05/25 18:35:56 - 0:18:14 - Epoch 215: train_loss=0.7313066720962524, train_AUC=0.9957483458024167, train_AP=0.9940756508976556, time=0.34078192710876465
INFO - 11/05/25 18:35:56 - 0:18:14 - Epoch 215: val_AUC=0.9595096866895176, val_AP=0.9546950743368554
INFO - 11/05/25 18:35:56 - 0:18:15 - Epoch 216: train_loss=0.7281893491744995, train_AUC=0.9961089117477542, train_AP=0.9946484226752257, time=0.3438122272491455
INFO - 11/05/25 18:35:56 - 0:18:15 - Epoch 216: val_AUC=0.9594530751084986, val_AP=0.9546418537596946
INFO - 11/05/25 18:35:56 - 0:18:15 - Epoch 217: train_loss=0.7281469106674194, train_AUC=0.9962213815537603, train_AP=0.9948294248148416, time=0.34403276443481445
INFO - 11/05/25 18:35:57 - 0:18:15 - Epoch 217: val_AUC=0.9595051048169532, val_AP=0.9546846678351558
INFO - 11/05/25 18:35:57 - 0:18:15 - Epoch 218: train_loss=0.7288284301757812, train_AUC=0.9957038379850749, train_AP=0.993623687546983, time=0.34134984016418457
INFO - 11/05/25 18:35:57 - 0:18:16 - Epoch 218: val_AUC=0.9593424992506093, val_AP=0.954554360819704
INFO - 11/05/25 18:35:57 - 0:18:16 - Epoch 219: train_loss=0.7278896570205688, train_AUC=0.9958820797186929, train_AP=0.9942330690501274, time=0.34587979316711426
INFO - 11/05/25 18:35:57 - 0:18:16 - Epoch 219: val_AUC=0.9592748911754356, val_AP=0.9544434952401041
INFO - 11/05/25 18:35:58 - 0:18:16 - Epoch 220: train_loss=0.7277108430862427, train_AUC=0.9958676043573832, train_AP=0.9941411833512173, time=0.3399946689605713
INFO - 11/05/25 18:35:58 - 0:18:16 - Epoch 220: val_AUC=0.9591761263668236, val_AP=0.9541871575315053
INFO - 11/05/25 18:35:58 - 0:18:17 - Epoch 221: train_loss=0.7259036302566528, train_AUC=0.9960509514781972, train_AP=0.9943655738388703, time=0.34558963775634766
INFO - 11/05/25 18:35:58 - 0:18:17 - Epoch 221: val_AUC=0.9590233972813408, val_AP=0.95411858556413
INFO - 11/05/25 18:35:59 - 0:18:17 - Epoch 222: train_loss=0.7258277535438538, train_AUC=0.9959055571379493, train_AP=0.994239185527753, time=0.3520195484161377
INFO - 11/05/25 18:35:59 - 0:18:17 - Epoch 222: val_AUC=0.9590042552359602, val_AP=0.9541422185998822
INFO - 11/05/25 18:35:59 - 0:18:18 - Epoch 223: train_loss=0.7235820293426514, train_AUC=0.996029930766751, train_AP=0.994387446559655, time=0.3073711395263672
INFO - 11/05/25 18:35:59 - 0:18:18 - Epoch 223: val_AUC=0.9588598753404839, val_AP=0.9540507727227967
INFO - 11/05/25 18:36:00 - 0:18:18 - Epoch 224: train_loss=0.7225407361984253, train_AUC=0.9962268589078999, train_AP=0.9946292968073427, time=0.3036022186279297
INFO - 11/05/25 18:36:00 - 0:18:18 - Epoch 224: val_AUC=0.9587737361362718, val_AP=0.9540457442449288
INFO - 11/05/25 18:36:00 - 0:18:18 - Epoch 225: train_loss=0.7223175168037415, train_AUC=0.9962102655189089, train_AP=0.9946006604665871, time=0.30997538566589355
INFO - 11/05/25 18:36:00 - 0:18:19 - Epoch 225: val_AUC=0.9587091826428078, val_AP=0.9539546726471937
INFO - 11/05/25 18:36:00 - 0:18:19 - Epoch 226: train_loss=0.7220250368118286, train_AUC=0.9961825224560107, train_AP=0.9945834148185715, time=0.30323028564453125
INFO - 11/05/25 18:36:00 - 0:18:19 - Epoch 226: val_AUC=0.9585588972226928, val_AP=0.9539717690631667
INFO - 11/05/25 18:36:01 - 0:18:19 - Epoch 227: train_loss=0.7204680442810059, train_AUC=0.9963696420824734, train_AP=0.9947667343108161, time=0.3020048141479492
INFO - 11/05/25 18:36:01 - 0:18:19 - Epoch 227: val_AUC=0.95861815610786, val_AP=0.9540686145450907
INFO - 11/05/25 18:36:01 - 0:18:20 - Epoch 228: train_loss=0.7201412916183472, train_AUC=0.9962230251122436, train_AP=0.9945515656436916, time=0.3053121566772461
INFO - 11/05/25 18:36:01 - 0:18:20 - Epoch 228: val_AUC=0.9584727580184806, val_AP=0.953905973974289
INFO - 11/05/25 18:36:02 - 0:18:20 - Epoch 229: train_loss=0.7180254459381104, train_AUC=0.9965068018988372, train_AP=0.9950028456406509, time=0.302685022354126
INFO - 11/05/25 18:36:02 - 0:18:20 - Epoch 229: val_AUC=0.958312494298114, val_AP=0.9537808668067843
INFO - 11/05/25 18:36:02 - 0:18:20 - Epoch 230: train_loss=0.719260573387146, train_AUC=0.9963922205816164, train_AP=0.9949059254542544, time=0.30383992195129395
INFO - 11/05/25 18:36:02 - 0:18:21 - Epoch 230: val_AUC=0.9582330751736633, val_AP=0.953678558975035
INFO - 11/05/25 18:36:02 - 0:18:21 - Epoch 231: train_loss=0.7173282504081726, train_AUC=0.9965173731923266, train_AP=0.9950039010253127, time=0.3051285743713379
INFO - 11/05/25 18:36:02 - 0:18:21 - Epoch 231: val_AUC=0.9580538730466969, val_AP=0.9536697533789043
INFO - 11/05/25 18:36:03 - 0:18:21 - Epoch 232: train_loss=0.7161954641342163, train_AUC=0.9965580098764212, train_AP=0.9951572713025587, time=0.3030412197113037
INFO - 11/05/25 18:36:03 - 0:18:21 - Epoch 232: val_AUC=0.957945740854175, val_AP=0.9535568705431996
INFO - 11/05/25 18:36:03 - 0:18:22 - Epoch 233: train_loss=0.7154242992401123, train_AUC=0.9966163611339587, train_AP=0.9952116092859906, time=0.30127596855163574
INFO - 11/05/25 18:36:03 - 0:18:22 - Epoch 233: val_AUC=0.9578013609586988, val_AP=0.9535224660303508
INFO - 11/05/25 18:36:04 - 0:18:22 - Epoch 234: train_loss=0.7156938314437866, train_AUC=0.9964494152544388, train_AP=0.9949642799683776, time=0.3055434226989746
INFO - 11/05/25 18:36:04 - 0:18:22 - Epoch 234: val_AUC=0.9576922105722738, val_AP=0.9535722564107411
INFO - 11/05/25 18:36:04 - 0:18:22 - Epoch 235: train_loss=0.7131763696670532, train_AUC=0.9966795090390841, train_AP=0.9952420149319975, time=0.3026912212371826
INFO - 11/05/25 18:36:04 - 0:18:23 - Epoch 235: val_AUC=0.9575594380872942, val_AP=0.9534283230105255
INFO - 11/05/25 18:36:04 - 0:18:23 - Epoch 236: train_loss=0.7119224071502686, train_AUC=0.9967646415643122, train_AP=0.9954905475298836, time=0.30211496353149414
INFO - 11/05/25 18:36:04 - 0:18:23 - Epoch 236: val_AUC=0.9574692261074691, val_AP=0.9531857237575756
INFO - 11/05/25 18:36:05 - 0:18:23 - Epoch 237: train_loss=0.7116538286209106, train_AUC=0.9967553747969357, train_AP=0.9952677283152714, time=0.3053927421569824
INFO - 11/05/25 18:36:05 - 0:18:23 - Epoch 237: val_AUC=0.9574025344068082, val_AP=0.9531436943844522
INFO - 11/05/25 18:36:05 - 0:18:24 - Epoch 238: train_loss=0.7102649211883545, train_AUC=0.9967937025384974, train_AP=0.9955202134483114, time=0.30139899253845215
INFO - 11/05/25 18:36:05 - 0:18:24 - Epoch 238: val_AUC=0.9573132388014961, val_AP=0.9531006826555186
INFO - 11/05/25 18:36:06 - 0:18:24 - Epoch 239: train_loss=0.7100380659103394, train_AUC=0.9967873366553663, train_AP=0.9954715164877582, time=0.3034029006958008
INFO - 11/05/25 18:36:06 - 0:18:24 - Epoch 239: val_AUC=0.9572136594377614, val_AP=0.9529816879791968
INFO - 11/05/25 18:36:06 - 0:18:24 - Epoch 240: train_loss=0.7095838785171509, train_AUC=0.9967762771552635, train_AP=0.9955412245289623, time=0.3036046028137207
INFO - 11/05/25 18:36:06 - 0:18:25 - Epoch 240: val_AUC=0.9570366973373822, val_AP=0.9529486137429269
INFO - 11/05/25 18:36:06 - 0:18:25 - Epoch 241: train_loss=0.7096790075302124, train_AUC=0.9966043812270154, train_AP=0.994991022931355, time=0.3060574531555176
INFO - 11/05/25 18:36:06 - 0:18:25 - Epoch 241: val_AUC=0.9570979926103559, val_AP=0.9527517120658502
INFO - 11/05/25 18:36:07 - 0:18:25 - Epoch 242: train_loss=0.7090741395950317, train_AUC=0.9967228019757555, train_AP=0.9952597055074524, time=0.29570770263671875
INFO - 11/05/25 18:36:07 - 0:18:25 - Epoch 242: val_AUC=0.9568741935904288, val_AP=0.952888325977337
INFO - 11/05/25 18:36:07 - 0:18:26 - Epoch 243: train_loss=0.7087018489837646, train_AUC=0.9969160872360998, train_AP=0.9955296745286751, time=0.337831974029541
INFO - 11/05/25 18:36:07 - 0:18:26 - Epoch 243: val_AUC=0.956949641758657, val_AP=0.9527381662378289
INFO - 11/05/25 18:36:08 - 0:18:26 - Epoch 244: train_loss=0.7062591314315796, train_AUC=0.9968549464026067, train_AP=0.9954972699707537, time=0.3350851535797119
INFO - 11/05/25 18:36:08 - 0:18:26 - Epoch 244: val_AUC=0.956845480522358, val_AP=0.9526398445884973
INFO - 11/05/25 18:36:08 - 0:18:27 - Epoch 245: train_loss=0.7071414589881897, train_AUC=0.996825207892043, train_AP=0.9955628975962609, time=0.3402431011199951
INFO - 11/05/25 18:36:08 - 0:18:27 - Epoch 245: val_AUC=0.9565884883811857, val_AP=0.9526820452926966
INFO - 11/05/25 18:36:09 - 0:18:27 - Epoch 246: train_loss=0.7063701152801514, train_AUC=0.9966621606206013, train_AP=0.9950174581409378, time=0.3355402946472168
INFO - 11/05/25 18:36:09 - 0:18:27 - Epoch 246: val_AUC=0.9566457108785466, val_AP=0.9525182537699162
INFO - 11/05/25 18:36:09 - 0:18:27 - Epoch 247: train_loss=0.704235315322876, train_AUC=0.9969189344035281, train_AP=0.9955449141512501, time=0.3355855941772461
INFO - 11/05/25 18:36:09 - 0:18:28 - Epoch 247: val_AUC=0.9565416514616376, val_AP=0.9524588127455175
INFO - 11/05/25 18:36:09 - 0:18:28 - Epoch 248: train_loss=0.7032777070999146, train_AUC=0.9969841238999458, train_AP=0.99584097308582, time=0.33442258834838867
INFO - 11/05/25 18:36:10 - 0:18:28 - Epoch 248: val_AUC=0.9563700857889456, val_AP=0.9524985853020448
INFO - 11/05/25 18:36:10 - 0:18:28 - Epoch 249: train_loss=0.7031021118164062, train_AUC=0.9969961418489627, train_AP=0.9956870253512653, time=0.343325138092041
INFO - 11/05/25 18:36:10 - 0:18:28 - Epoch 249: val_AUC=0.9565259712755281, val_AP=0.9525256361709695
INFO - 11/05/25 18:36:10 - 0:18:29 - Epoch 250: train_loss=0.7023996114730835, train_AUC=0.9970745523749802, train_AP=0.9958907150839809, time=0.29891014099121094
INFO - 11/05/25 18:36:10 - 0:18:29 - Epoch 250: val_AUC=0.9564441084857094, val_AP=0.9525480875883745
INFO - 11/05/25 18:36:11 - 0:18:29 - Epoch 251: train_loss=0.7004637718200684, train_AUC=0.9969661699784556, train_AP=0.9954425397976646, time=0.3033466339111328
INFO - 11/05/25 18:36:11 - 0:18:29 - Epoch 251: val_AUC=0.9562596117504464, val_AP=0.9525565364928634
INFO - 11/05/25 18:36:11 - 0:18:30 - Epoch 252: train_loss=0.7016001343727112, train_AUC=0.9968677817278475, train_AP=0.9953699749828717, time=0.30053186416625977
INFO - 11/05/25 18:36:11 - 0:18:30 - Epoch 252: val_AUC=0.9564017516193354, val_AP=0.9526336627393323
INFO - 11/05/25 18:36:11 - 0:18:30 - Epoch 253: train_loss=0.6994870901107788, train_AUC=0.9969334028961301, train_AP=0.9954876164156017, time=0.29702186584472656
INFO - 11/05/25 18:36:12 - 0:18:30 - Epoch 253: val_AUC=0.9562644990811817, val_AP=0.9524567043497327
INFO - 11/05/25 18:36:12 - 0:18:30 - Epoch 254: train_loss=0.697983980178833, train_AUC=0.9973253369969786, train_AP=0.9961061195392321, time=0.2951316833496094
INFO - 11/05/25 18:36:12 - 0:18:30 - Epoch 254: val_AUC=0.9561712325196471, val_AP=0.9524361480749767
INFO - 11/05/25 18:36:12 - 0:18:31 - Epoch 255: train_loss=0.6980395317077637, train_AUC=0.9970804823593493, train_AP=0.9957365744871267, time=0.2944207191467285
INFO - 11/05/25 18:36:12 - 0:18:31 - Epoch 255: val_AUC=0.9562510589216593, val_AP=0.9524796324973601
INFO - 11/05/25 18:36:13 - 0:18:31 - Epoch 256: train_loss=0.6980701684951782, train_AUC=0.9970183420408165, train_AP=0.9955168037307942, time=0.2937750816345215
INFO - 11/05/25 18:36:13 - 0:18:31 - Epoch 256: val_AUC=0.9561408903413312, val_AP=0.9524483340932463
INFO - 11/05/25 18:36:13 - 0:18:32 - Epoch 257: train_loss=0.697644829750061, train_AUC=0.9970229579885542, train_AP=0.995724583761636, time=0.2936370372772217
INFO - 11/05/25 18:36:13 - 0:18:32 - Epoch 257: val_AUC=0.9560352018141772, val_AP=0.95240722604567
INFO - 11/05/25 18:36:13 - 0:18:32 - Epoch 258: train_loss=0.6968613862991333, train_AUC=0.9969841135088239, train_AP=0.995635312333354, time=0.2979004383087158
INFO - 11/05/25 18:36:13 - 0:18:32 - Epoch 258: val_AUC=0.9560979225586154, val_AP=0.9524421795938013
INFO - 11/05/25 18:36:14 - 0:18:32 - Epoch 259: train_loss=0.6960163116455078, train_AUC=0.9971542684838349, train_AP=0.995871992166979, time=0.3029003143310547
INFO - 11/05/25 18:36:14 - 0:18:32 - Epoch 259: val_AUC=0.9560119869931837, val_AP=0.9524438689172229
INFO - 11/05/25 18:36:14 - 0:18:33 - Epoch 260: train_loss=0.6955205202102661, train_AUC=0.9973225882810282, train_AP=0.995967271933116, time=0.3042783737182617
INFO - 11/05/25 18:36:14 - 0:18:33 - Epoch 260: val_AUC=0.9559910121987776, val_AP=0.9524825032634355
INFO - 11/05/25 18:36:15 - 0:18:33 - Epoch 261: train_loss=0.6950210332870483, train_AUC=0.9972457570294341, train_AP=0.9961376187096632, time=0.29817628860473633
INFO - 11/05/25 18:36:15 - 0:18:33 - Epoch 261: val_AUC=0.9560240016812417, val_AP=0.9525177525359618
INFO - 11/05/25 18:36:15 - 0:18:34 - Epoch 262: train_loss=0.6942174434661865, train_AUC=0.9971829944764261, train_AP=0.9958757470393307, time=0.2980031967163086
INFO - 11/05/25 18:36:15 - 0:18:34 - Epoch 262: val_AUC=0.9559299205645846, val_AP=0.9525015563433735
INFO - 11/05/25 18:36:15 - 0:18:34 - Epoch 263: train_loss=0.6925356388092041, train_AUC=0.9974730413364835, train_AP=0.9963963129311427, time=0.29909682273864746
INFO - 11/05/25 18:36:15 - 0:18:34 - Epoch 263: val_AUC=0.9559128149070104, val_AP=0.9524789309273334
INFO - 11/05/25 18:36:16 - 0:18:34 - Epoch 264: train_loss=0.692649245262146, train_AUC=0.997197821903039, train_AP=0.9958102591321734, time=0.29471850395202637
INFO - 11/05/25 18:36:16 - 0:18:34 - Epoch 264: val_AUC=0.9559401025036167, val_AP=0.952489637810225
INFO - 11/05/25 18:36:16 - 0:18:35 - Epoch 265: train_loss=0.6914149522781372, train_AUC=0.9972833806403897, train_AP=0.9959622576669662, time=0.2943603992462158
INFO - 11/05/25 18:36:16 - 0:18:35 - Epoch 265: val_AUC=0.9558633306833141, val_AP=0.9524929179338304
INFO - 11/05/25 18:36:17 - 0:18:35 - Epoch 266: train_loss=0.6918298006057739, train_AUC=0.9970593311424555, train_AP=0.9956515483535686, time=0.29874253273010254
INFO - 11/05/25 18:36:17 - 0:18:35 - Epoch 266: val_AUC=0.9559441752792295, val_AP=0.9526432073885176
INFO - 11/05/25 18:36:17 - 0:18:35 - Epoch 267: train_loss=0.6900898218154907, train_AUC=0.9973815938270102, train_AP=0.996301983352083, time=0.29610133171081543
INFO - 11/05/25 18:36:17 - 0:18:36 - Epoch 267: val_AUC=0.955869032569172, val_AP=0.9527442669223949
INFO - 11/05/25 18:36:17 - 0:18:36 - Epoch 268: train_loss=0.689896285533905, train_AUC=0.9972807728210088, train_AP=0.9960160297682559, time=0.29571056365966797
INFO - 11/05/25 18:36:17 - 0:18:36 - Epoch 268: val_AUC=0.9557924643876501, val_AP=0.9528375201606921
INFO - 11/05/25 18:36:18 - 0:18:36 - Epoch 269: train_loss=0.688831090927124, train_AUC=0.9973614225457573, train_AP=0.9960763010280871, time=0.29967737197875977
INFO - 11/05/25 18:36:18 - 0:18:36 - Epoch 269: val_AUC=0.955731372753457, val_AP=0.9524286153156905
INFO - 11/05/25 18:36:18 - 0:18:37 - Epoch 270: train_loss=0.688295841217041, train_AUC=0.9973948261283355, train_AP=0.9960854708516722, time=0.34317684173583984
INFO - 11/05/25 18:36:18 - 0:18:37 - Epoch 270: val_AUC=0.955628229711061, val_AP=0.9523679154053705
INFO - 11/05/25 18:36:19 - 0:18:37 - Epoch 271: train_loss=0.6884763836860657, train_AUC=0.9974158146096915, train_AP=0.9960078811707953, time=0.3420135974884033
INFO - 11/05/25 18:36:19 - 0:18:37 - Epoch 271: val_AUC=0.955628535169232, val_AP=0.9523606632715267
INFO - 11/05/25 18:36:19 - 0:18:38 - Epoch 272: train_loss=0.6870386600494385, train_AUC=0.997460815388906, train_AP=0.9961830361210753, time=0.31105661392211914
INFO - 11/05/25 18:36:19 - 0:18:38 - Epoch 272: val_AUC=0.9556423826063157, val_AP=0.9524278925564899
INFO - 11/05/25 18:36:19 - 0:18:38 - Epoch 273: train_loss=0.687255859375, train_AUC=0.997318044718903, train_AP=0.9959885611992135, time=0.3015580177307129
INFO - 11/05/25 18:36:20 - 0:18:38 - Epoch 273: val_AUC=0.9555299739994004, val_AP=0.9523413352061451
INFO - 11/05/25 18:36:20 - 0:18:38 - Epoch 274: train_loss=0.6852118968963623, train_AUC=0.9976001344451974, train_AP=0.9965198815023781, time=0.30022144317626953
INFO - 11/05/25 18:36:20 - 0:18:38 - Epoch 274: val_AUC=0.9555509487938068, val_AP=0.9523760072305983
INFO - 11/05/25 18:36:20 - 0:18:39 - Epoch 275: train_loss=0.6859387755393982, train_AUC=0.9975595826512859, train_AP=0.9963922557965623, time=0.30308079719543457
INFO - 11/05/25 18:36:20 - 0:18:39 - Epoch 275: val_AUC=0.9554356892439626, val_AP=0.9523090153364717
INFO - 11/05/25 18:36:21 - 0:18:39 - Epoch 276: train_loss=0.6851158142089844, train_AUC=0.9977024632206132, train_AP=0.9966947143634619, time=0.29949092864990234
INFO - 11/05/25 18:36:21 - 0:18:39 - Epoch 276: val_AUC=0.9554312091907884, val_AP=0.952326103122995
INFO - 11/05/25 18:36:21 - 0:18:40 - Epoch 277: train_loss=0.68620365858078, train_AUC=0.9972902759423807, train_AP=0.9960067967603085, time=0.30084657669067383
INFO - 11/05/25 18:36:21 - 0:18:40 - Epoch 277: val_AUC=0.955396285139908, val_AP=0.9523142292398115
INFO - 11/05/25 18:36:21 - 0:18:40 - Epoch 278: train_loss=0.684015691280365, train_AUC=0.9976353113872236, train_AP=0.9967020718434396, time=0.300487756729126
INFO - 11/05/25 18:36:22 - 0:18:40 - Epoch 278: val_AUC=0.9553990342634467, val_AP=0.9523533797018275
INFO - 11/05/25 18:36:22 - 0:18:40 - Epoch 279: train_loss=0.6839946508407593, train_AUC=0.9974393814982696, train_AP=0.9962164542671343, time=0.29947471618652344
INFO - 11/05/25 18:36:22 - 0:18:40 - Epoch 279: val_AUC=0.9554277473315174, val_AP=0.9523990626823721
INFO - 11/05/25 18:36:22 - 0:18:41 - Epoch 280: train_loss=0.6829335689544678, train_AUC=0.9974278971950097, train_AP=0.9961913225942803, time=0.29888391494750977
INFO - 11/05/25 18:36:22 - 0:18:41 - Epoch 280: val_AUC=0.9552957894016604, val_AP=0.952301472083908
INFO - 11/05/25 18:36:23 - 0:18:41 - Epoch 281: train_loss=0.6814993619918823, train_AUC=0.9976830784944595, train_AP=0.9966837182349166, time=0.29988622665405273
INFO - 11/05/25 18:36:23 - 0:18:41 - Epoch 281: val_AUC=0.955258319866022, val_AP=0.9522310354513457
INFO - 11/05/25 18:36:23 - 0:18:42 - Epoch 282: train_loss=0.681483268737793, train_AUC=0.9975190116602168, train_AP=0.9963318838325831, time=0.3023257255554199
INFO - 11/05/25 18:36:23 - 0:18:42 - Epoch 282: val_AUC=0.9552261449386803, val_AP=0.9522460010256097
INFO - 11/05/25 18:36:23 - 0:18:42 - Epoch 283: train_loss=0.6794966459274292, train_AUC=0.997792516030169, train_AP=0.9968540448294185, time=0.29984259605407715
INFO - 11/05/25 18:36:24 - 0:18:42 - Epoch 283: val_AUC=0.9552609671701704, val_AP=0.9522545808382636
INFO - 11/05/25 18:36:24 - 0:18:42 - Epoch 284: train_loss=0.6798688173294067, train_AUC=0.9977959984650052, train_AP=0.9969199617383624, time=0.29816770553588867
INFO - 11/05/25 18:36:24 - 0:18:42 - Epoch 284: val_AUC=0.9551190309400617, val_AP=0.9521893955570956
INFO - 11/05/25 18:36:24 - 0:18:43 - Epoch 285: train_loss=0.6801755428314209, train_AUC=0.9976125916392697, train_AP=0.9964664479318295, time=0.2999284267425537
INFO - 11/05/25 18:36:24 - 0:18:43 - Epoch 285: val_AUC=0.9552090392811062, val_AP=0.9521950875307661
INFO - 11/05/25 18:36:25 - 0:18:43 - Epoch 286: train_loss=0.6800813674926758, train_AUC=0.9975318753408923, train_AP=0.9963244776056431, time=0.2995767593383789
INFO - 11/05/25 18:36:25 - 0:18:43 - Epoch 286: val_AUC=0.9549695600750694, val_AP=0.9521816082510299
INFO - 11/05/25 18:36:25 - 0:18:44 - Epoch 287: train_loss=0.6801978349685669, train_AUC=0.9976109459673379, train_AP=0.9963790009885115, time=0.2986469268798828
INFO - 11/05/25 18:36:25 - 0:18:44 - Epoch 287: val_AUC=0.9551609805288745, val_AP=0.9521300408306546
INFO - 11/05/25 18:36:25 - 0:18:44 - Epoch 288: train_loss=0.6786941289901733, train_AUC=0.9976111083506342, train_AP=0.9963465125561499, time=0.2995569705963135
INFO - 11/05/25 18:36:26 - 0:18:44 - Epoch 288: val_AUC=0.9548325111756962, val_AP=0.9521324415916083
INFO - 11/05/25 18:36:26 - 0:18:44 - Epoch 289: train_loss=0.6781736612319946, train_AUC=0.9977636283587643, train_AP=0.9967048464835391, time=0.29941463470458984
INFO - 11/05/25 18:36:26 - 0:18:44 - Epoch 289: val_AUC=0.9550497937546428, val_AP=0.9521531743196369
INFO - 11/05/25 18:36:26 - 0:18:45 - Epoch 290: train_loss=0.6767051815986633, train_AUC=0.9977238523765887, train_AP=0.9965260951375968, time=0.29784154891967773
INFO - 11/05/25 18:36:26 - 0:18:45 - Epoch 290: val_AUC=0.9548736462093862, val_AP=0.9520735735798662
INFO - 11/05/25 18:36:27 - 0:18:45 - Epoch 291: train_loss=0.6758546233177185, train_AUC=0.997722646125833, train_AP=0.9968028208639869, time=0.2987375259399414
INFO - 11/05/25 18:36:27 - 0:18:45 - Epoch 291: val_AUC=0.95469444408242, val_AP=0.9519970817469668
INFO - 11/05/25 18:36:27 - 0:18:46 - Epoch 292: train_loss=0.6767964959144592, train_AUC=0.9975075042851437, train_AP=0.9962082731244212, time=0.295778751373291
INFO - 11/05/25 18:36:27 - 0:18:46 - Epoch 292: val_AUC=0.9548339366471608, val_AP=0.9520021642317267
INFO - 11/05/25 18:36:27 - 0:18:46 - Epoch 293: train_loss=0.6756333112716675, train_AUC=0.9977263923894955, train_AP=0.9966931730901858, time=0.3009371757507324
INFO - 11/05/25 18:36:28 - 0:18:46 - Epoch 293: val_AUC=0.9545439550235243, val_AP=0.952019162123697
INFO - 11/05/25 18:36:28 - 0:18:46 - Epoch 294: train_loss=0.6764221787452698, train_AUC=0.9977543228448311, train_AP=0.9967695557373432, time=0.30128955841064453
INFO - 11/05/25 18:36:28 - 0:18:46 - Epoch 294: val_AUC=0.9547605248667388, val_AP=0.9519940438017267
INFO - 11/05/25 18:36:28 - 0:18:47 - Epoch 295: train_loss=0.6746519804000854, train_AUC=0.9977208704768158, train_AP=0.9963928119280013, time=0.2998018264770508
INFO - 11/05/25 18:36:28 - 0:18:47 - Epoch 295: val_AUC=0.9546021957147884, val_AP=0.9520050523908233
INFO - 11/05/25 18:36:29 - 0:18:47 - Epoch 296: train_loss=0.673067033290863, train_AUC=0.9978521269030378, train_AP=0.9968209344439517, time=0.3033139705657959
INFO - 11/05/25 18:36:29 - 0:18:47 - Epoch 296: val_AUC=0.9545553587952402, val_AP=0.9520424341146178
INFO - 11/05/25 18:36:29 - 0:18:48 - Epoch 297: train_loss=0.6741781830787659, train_AUC=0.9979402554176957, train_AP=0.9970828043370676, time=0.30373048782348633
INFO - 11/05/25 18:36:29 - 0:18:48 - Epoch 297: val_AUC=0.9546089157945497, val_AP=0.9519844125899575
INFO - 11/05/25 18:36:29 - 0:18:48 - Epoch 298: train_loss=0.6720315217971802, train_AUC=0.9979061142415762, train_AP=0.9970133666854943, time=0.30441999435424805
INFO - 11/05/25 18:36:30 - 0:18:48 - Epoch 298: val_AUC=0.9543574219004548, val_AP=0.9519648303746023
INFO - 11/05/25 18:36:30 - 0:18:48 - Epoch 299: train_loss=0.6720888614654541, train_AUC=0.997989496126928, train_AP=0.9969277448648018, time=0.34340763092041016
INFO - 11/05/25 18:36:30 - 0:18:48 - Epoch 299: val_AUC=0.9546270396460269, val_AP=0.9520128067083875
INFO - 11/05/25 18:36:30 - 0:18:49 - Epoch 300: train_loss=0.6718286275863647, train_AUC=0.9979072185184397, train_AP=0.996771570146777, time=0.34172773361206055
INFO - 11/05/25 18:36:30 - 0:18:49 - Epoch 300: val_AUC=0.9544620922337056, val_AP=0.9520522815922131
INFO - 11/05/25 18:36:30 - 0:18:49 - best_epoch=174
INFO - 11/05/25 18:36:30 - 0:18:49 - test_auc= 95.81%, test_ap= 95.54%
INFO - 11/05/25 18:36:30 - 0:18:49 - 
                                     train iters 5
INFO - 11/05/25 18:36:30 - 0:18:49 - --------------------------Training Start-------------------------
INFO - 11/05/25 18:36:33 - 0:18:51 - Epoch 0: train_loss=6.254798889160156, train_AUC=0.9957199026596888, train_AP=0.9955822113091404, time=2.45263409614563
INFO - 11/05/25 18:36:33 - 0:18:52 - Epoch 0: val_AUC=0.7726778255288093, val_AP=0.8178817334170665
INFO - 11/05/25 18:36:33 - 0:18:52 - Epoch 1: train_loss=2.35714054107666, train_AUC=0.9132636396107644, train_AP=0.9385891718797964, time=0.3436715602874756
INFO - 11/05/25 18:36:33 - 0:18:52 - Epoch 1: val_AUC=0.6581024001681242, val_AP=0.7170249164423903
INFO - 11/05/25 18:36:34 - 0:18:52 - Epoch 2: train_loss=4.15639591217041, train_AUC=0.7165689913761831, train_AP=0.7904660699961616, time=0.3075699806213379
INFO - 11/05/25 18:36:34 - 0:18:52 - Epoch 2: val_AUC=0.626266327757432, val_AP=0.6836630508555382
INFO - 11/05/25 18:36:34 - 0:18:53 - Epoch 3: train_loss=5.193861961364746, train_AUC=0.6365926639935469, train_AP=0.7162153529603185, time=0.31255006790161133
INFO - 11/05/25 18:36:34 - 0:18:53 - Epoch 3: val_AUC=0.6354619423555631, val_AP=0.6898409753313943
INFO - 11/05/25 18:36:35 - 0:18:53 - Epoch 4: train_loss=5.0337419509887695, train_AUC=0.6420611811003235, train_AP=0.7162037118381311, time=0.3053421974182129
INFO - 11/05/25 18:36:35 - 0:18:53 - Epoch 4: val_AUC=0.7004913396499368, val_AP=0.7323446725318287
INFO - 11/05/25 18:36:35 - 0:18:54 - Epoch 5: train_loss=3.5550053119659424, train_AUC=0.7212607807432849, train_AP=0.7710862756160494, time=0.31028032302856445
INFO - 11/05/25 18:36:35 - 0:18:54 - Epoch 5: val_AUC=0.7576274941677853, val_AP=0.7747290952979533
INFO - 11/05/25 18:36:35 - 0:18:54 - Epoch 6: train_loss=3.0215587615966797, train_AUC=0.7875402847244639, train_AP=0.8198946427208842, time=0.3036062717437744
INFO - 11/05/25 18:36:35 - 0:18:54 - Epoch 6: val_AUC=0.8057145521901758, val_AP=0.8096275715317787
INFO - 11/05/25 18:36:36 - 0:18:54 - Epoch 7: train_loss=2.434584617614746, train_AUC=0.8441423610174541, train_AP=0.8612957758024815, time=0.3028445243835449
INFO - 11/05/25 18:36:36 - 0:18:54 - Epoch 7: val_AUC=0.8519843377341032, val_AP=0.8457364038656245
INFO - 11/05/25 18:36:36 - 0:18:55 - Epoch 8: train_loss=2.0442054271698, train_AUC=0.8982220045969816, train_AP=0.901437442457685, time=0.3025050163269043
INFO - 11/05/25 18:36:36 - 0:18:55 - Epoch 8: val_AUC=0.8738469972239962, val_AP=0.8648045359955174
INFO - 11/05/25 18:36:37 - 0:18:55 - Epoch 9: train_loss=1.8704476356506348, train_AUC=0.9215307183518042, train_AP=0.9203297578364468, time=0.30409693717956543
INFO - 11/05/25 18:36:37 - 0:18:55 - Epoch 9: val_AUC=0.8809501215316242, val_AP=0.8709919258393057
INFO - 11/05/25 18:36:37 - 0:18:56 - Epoch 10: train_loss=1.6656911373138428, train_AUC=0.9277414403685534, train_AP=0.9258399677528873, time=0.30183935165405273
INFO - 11/05/25 18:36:37 - 0:18:56 - Epoch 10: val_AUC=0.8810281151846109, val_AP=0.8707319337271153
INFO - 11/05/25 18:36:37 - 0:18:56 - Epoch 11: train_loss=1.5995433330535889, train_AUC=0.9257163332705348, train_AP=0.9244188518632458, time=0.3000359535217285
INFO - 11/05/25 18:36:38 - 0:18:56 - Epoch 11: val_AUC=0.89648195678948, val_AP=0.8834481979413329
INFO - 11/05/25 18:36:38 - 0:18:56 - Epoch 12: train_loss=1.3921263217926025, train_AUC=0.9404872473260959, train_AP=0.9345093818812309, time=0.30279040336608887
INFO - 11/05/25 18:36:38 - 0:18:56 - Epoch 12: val_AUC=0.9069040877634271, val_AP=0.8942337117778489
INFO - 11/05/25 18:36:38 - 0:18:57 - Epoch 13: train_loss=1.2822761535644531, train_AUC=0.9507291054388882, train_AP=0.9434784577405437, time=0.30375027656555176
INFO - 11/05/25 18:36:38 - 0:18:57 - Epoch 13: val_AUC=0.9101673992232404, val_AP=0.8990969054650437
INFO - 11/05/25 18:36:39 - 0:18:57 - Epoch 14: train_loss=1.272371768951416, train_AUC=0.9525053095885945, train_AP=0.9456053214603118, time=0.3032557964324951
INFO - 11/05/25 18:36:39 - 0:18:57 - Epoch 14: val_AUC=0.9128061505428195, val_AP=0.902310688929705
INFO - 11/05/25 18:36:39 - 0:18:58 - Epoch 15: train_loss=1.2526795864105225, train_AUC=0.9545820269239029, train_AP=0.9475215826654748, time=0.300692081451416
INFO - 11/05/25 18:36:39 - 0:18:58 - Epoch 15: val_AUC=0.9157344762084739, val_AP=0.9047373173606109
INFO - 11/05/25 18:36:40 - 0:18:58 - Epoch 16: train_loss=1.2161870002746582, train_AUC=0.956239485206035, train_AP=0.9476598527432238, time=0.31644654273986816
INFO - 11/05/25 18:36:40 - 0:18:58 - Epoch 16: val_AUC=0.9170731975524248, val_AP=0.9061797049282759
INFO - 11/05/25 18:36:40 - 0:18:58 - Epoch 17: train_loss=1.215266466140747, train_AUC=0.9564404077649294, train_AP=0.9478484114218805, time=0.3030674457550049
INFO - 11/05/25 18:36:40 - 0:18:59 - Epoch 17: val_AUC=0.9178386757288639, val_AP=0.9076306456211576
INFO - 11/05/25 18:36:40 - 0:18:59 - Epoch 18: train_loss=1.2321381568908691, train_AUC=0.9565510585962231, train_AP=0.9482146062833336, time=0.2998478412628174
INFO - 11/05/25 18:36:40 - 0:18:59 - Epoch 18: val_AUC=0.9198935946643382, val_AP=0.9104718167708632
INFO - 11/05/25 18:36:41 - 0:18:59 - Epoch 19: train_loss=1.2006242275238037, train_AUC=0.9592337505902581, train_AP=0.9506413548496069, time=0.2972412109375
INFO - 11/05/25 18:36:41 - 0:18:59 - Epoch 19: val_AUC=0.9218823309961031, val_AP=0.9130200550445932
INFO - 11/05/25 18:36:41 - 0:19:00 - Epoch 20: train_loss=1.1636523008346558, train_AUC=0.9621206598333445, train_AP=0.9537198486379557, time=0.3009493350982666
INFO - 11/05/25 18:36:41 - 0:19:00 - Epoch 20: val_AUC=0.9230722942107937, val_AP=0.9146626635398563
INFO - 11/05/25 18:36:42 - 0:19:00 - Epoch 21: train_loss=1.1409912109375, train_AUC=0.9640464815218489, train_AP=0.956127576007128, time=0.2982673645019531
INFO - 11/05/25 18:36:42 - 0:19:00 - Epoch 21: val_AUC=0.9239600574750095, val_AP=0.9160041841019636
INFO - 11/05/25 18:36:42 - 0:19:00 - Epoch 22: train_loss=1.1288337707519531, train_AUC=0.9645998121147064, train_AP=0.9564707503024769, time=0.30319833755493164
INFO - 11/05/25 18:36:42 - 0:19:01 - Epoch 22: val_AUC=0.9246862333667845, val_AP=0.9170786460439471
INFO - 11/05/25 18:36:42 - 0:19:01 - Epoch 23: train_loss=1.1225996017456055, train_AUC=0.9649477269570678, train_AP=0.9563858629660096, time=0.31042933464050293
INFO - 11/05/25 18:36:42 - 0:19:01 - Epoch 23: val_AUC=0.9255260396981585, val_AP=0.9181676770755409
INFO - 11/05/25 18:36:43 - 0:19:01 - Epoch 24: train_loss=1.1168283224105835, train_AUC=0.9663899785860884, train_AP=0.9585454171037298, time=0.3041551113128662
INFO - 11/05/25 18:36:43 - 0:19:01 - Epoch 24: val_AUC=0.9264994330696346, val_AP=0.9192094817402183
INFO - 11/05/25 18:36:43 - 0:19:02 - Epoch 25: train_loss=1.1145565509796143, train_AUC=0.9664681795284589, train_AP=0.9584967587543265, time=0.3071272373199463
INFO - 11/05/25 18:36:43 - 0:19:02 - Epoch 25: val_AUC=0.9277444805744894, val_AP=0.9204027612829626
INFO - 11/05/25 18:36:44 - 0:19:02 - Epoch 26: train_loss=1.1036865711212158, train_AUC=0.9674342888128992, train_AP=0.9589827516595033, time=0.3047652244567871
INFO - 11/05/25 18:36:44 - 0:19:02 - Epoch 26: val_AUC=0.9290618198464726, val_AP=0.92162183048663
INFO - 11/05/25 18:36:44 - 0:19:03 - Epoch 27: train_loss=1.094611644744873, train_AUC=0.9677838377032253, train_AP=0.9589115561225758, time=0.30750107765197754
INFO - 11/05/25 18:36:44 - 0:19:03 - Epoch 27: val_AUC=0.9303103292105983, val_AP=0.9227882729256501
INFO - 11/05/25 18:36:44 - 0:19:03 - Epoch 28: train_loss=1.078195333480835, train_AUC=0.9685168868018701, train_AP=0.9597328259213722, time=0.3057236671447754
INFO - 11/05/25 18:36:45 - 0:19:03 - Epoch 28: val_AUC=0.9315213690390857, val_AP=0.9238335733718928
INFO - 11/05/25 18:36:45 - 0:19:03 - Epoch 29: train_loss=1.067568063735962, train_AUC=0.968483404317213, train_AP=0.9593283102861344, time=0.30293774604797363
INFO - 11/05/25 18:36:45 - 0:19:03 - Epoch 29: val_AUC=0.932860904938159, val_AP=0.9250703707135154
INFO - 11/05/25 18:36:45 - 0:19:04 - Epoch 30: train_loss=1.050769567489624, train_AUC=0.9698996459111404, train_AP=0.9613711136737089, time=0.30547332763671875
INFO - 11/05/25 18:36:45 - 0:19:04 - Epoch 30: val_AUC=0.9342169355784644, val_AP=0.9262789323111829
INFO - 11/05/25 18:36:46 - 0:19:04 - Epoch 31: train_loss=1.040083408355713, train_AUC=0.9703959126888644, train_AP=0.96176323685693, time=0.30360937118530273
INFO - 11/05/25 18:36:46 - 0:19:04 - Epoch 31: val_AUC=0.9356358906019889, val_AP=0.9275304769729186
INFO - 11/05/25 18:36:46 - 0:19:05 - Epoch 32: train_loss=1.0346637964248657, train_AUC=0.9703695949708875, train_AP=0.9615366885416949, time=0.3052864074707031
INFO - 11/05/25 18:36:46 - 0:19:05 - Epoch 32: val_AUC=0.9370800968343129, val_AP=0.9288459123434569
INFO - 11/05/25 18:36:47 - 0:19:05 - Epoch 33: train_loss=1.024919867515564, train_AUC=0.9719234266440778, train_AP=0.9635235579931323, time=0.30405735969543457
INFO - 11/05/25 18:36:47 - 0:19:05 - Epoch 33: val_AUC=0.9385605507695916, val_AP=0.9302682333416263
INFO - 11/05/25 18:36:47 - 0:19:05 - Epoch 34: train_loss=1.0201126337051392, train_AUC=0.9720471884295263, train_AP=0.9635978663856424, time=0.3051941394805908
INFO - 11/05/25 18:36:47 - 0:19:06 - Epoch 34: val_AUC=0.9399639274263967, val_AP=0.9316204948448891
INFO - 11/05/25 18:36:47 - 0:19:06 - Epoch 35: train_loss=1.0096381902694702, train_AUC=0.9737798661064972, train_AP=0.9660140296327713, time=0.3266158103942871
INFO - 11/05/25 18:36:47 - 0:19:06 - Epoch 35: val_AUC=0.9412324952104159, val_AP=0.9328662571154384
INFO - 11/05/25 18:36:48 - 0:19:06 - Epoch 36: train_loss=0.9971826076507568, train_AUC=0.9750537491528876, train_AP=0.967575832948962, time=0.3425414562225342
INFO - 11/05/25 18:36:48 - 0:19:06 - Epoch 36: val_AUC=0.9424286694079163, val_AP=0.9340721218997663
INFO - 11/05/25 18:36:48 - 0:19:07 - Epoch 37: train_loss=0.9914482831954956, train_AUC=0.9749835284160935, train_AP=0.9670843401042134, time=0.34148669242858887
INFO - 11/05/25 18:36:48 - 0:19:07 - Epoch 37: val_AUC=0.9435150823026496, val_AP=0.9351541337441873
INFO - 11/05/25 18:36:49 - 0:19:07 - Epoch 38: train_loss=0.9820433259010315, train_AUC=0.9761481866805942, train_AP=0.9685168671588706, time=0.33189821243286133
INFO - 11/05/25 18:36:49 - 0:19:07 - Epoch 38: val_AUC=0.9444878647577839, val_AP=0.9361112803543097
INFO - 11/05/25 18:36:49 - 0:19:08 - Epoch 39: train_loss=0.978074848651886, train_AUC=0.9767190798547201, train_AP=0.9698150304467601, time=0.3291611671447754
INFO - 11/05/25 18:36:49 - 0:19:08 - Epoch 39: val_AUC=0.9453576059899126, val_AP=0.9369681215927932
INFO - 11/05/25 18:36:50 - 0:19:08 - Epoch 40: train_loss=0.9738122820854187, train_AUC=0.9770520737503705, train_AP=0.9702930391517546, time=0.3064999580383301
INFO - 11/05/25 18:36:50 - 0:19:08 - Epoch 40: val_AUC=0.9461859067301802, val_AP=0.9377506309598661
INFO - 11/05/25 18:36:50 - 0:19:09 - Epoch 41: train_loss=0.9675465226173401, train_AUC=0.977837203328606, train_AP=0.9709723611859871, time=0.3209035396575928
INFO - 11/05/25 18:36:50 - 0:19:09 - Epoch 41: val_AUC=0.9469371301919745, val_AP=0.9385022416268864
INFO - 11/05/25 18:36:50 - 0:19:09 - Epoch 42: train_loss=0.9612190127372742, train_AUC=0.978746148409107, train_AP=0.9717419554514326, time=0.3130028247833252
INFO - 11/05/25 18:36:51 - 0:19:09 - Epoch 42: val_AUC=0.9476538368804495, val_AP=0.9391833062570635
INFO - 11/05/25 18:36:51 - 0:19:09 - Epoch 43: train_loss=0.959801435470581, train_AUC=0.9786756772286604, train_AP=0.9718400211869122, time=0.3066263198852539
INFO - 11/05/25 18:36:51 - 0:19:09 - Epoch 43: val_AUC=0.9482891898760573, val_AP=0.939772007671798
INFO - 11/05/25 18:36:51 - 0:19:10 - Epoch 44: train_loss=0.9546881914138794, train_AUC=0.9794321181518956, train_AP=0.9731675049973001, time=0.30701541900634766
INFO - 11/05/25 18:36:51 - 0:19:10 - Epoch 44: val_AUC=0.9488542874923431, val_AP=0.9402887762131031
INFO - 11/05/25 18:36:52 - 0:19:10 - Epoch 45: train_loss=0.9487451314926147, train_AUC=0.9798045856304594, train_AP=0.9735739009017589, time=0.3173651695251465
INFO - 11/05/25 18:36:52 - 0:19:10 - Epoch 45: val_AUC=0.9493640971796843, val_AP=0.9407638177205792
INFO - 11/05/25 18:36:52 - 0:19:11 - Epoch 46: train_loss=0.9458364248275757, train_AUC=0.9798705949687908, train_AP=0.9732182674534464, time=0.3035616874694824
INFO - 11/05/25 18:36:52 - 0:19:11 - Epoch 46: val_AUC=0.9497777893625619, val_AP=0.9411413183974687
INFO - 11/05/25 18:36:53 - 0:19:11 - Epoch 47: train_loss=0.9421427249908447, train_AUC=0.9799867032525839, train_AP=0.9733818127067959, time=0.3103334903717041
INFO - 11/05/25 18:36:53 - 0:19:11 - Epoch 47: val_AUC=0.9501911760872681, val_AP=0.9415511113888614
INFO - 11/05/25 18:36:53 - 0:19:12 - Epoch 48: train_loss=0.938934326171875, train_AUC=0.9806136412074042, train_AP=0.9741910438632574, time=0.356351375579834
INFO - 11/05/25 18:36:53 - 0:19:12 - Epoch 48: val_AUC=0.9505440820941234, val_AP=0.9418981294456044
INFO - 11/05/25 18:36:54 - 0:19:12 - Epoch 49: train_loss=0.9379929304122925, train_AUC=0.9800822846674065, train_AP=0.9733455100997632, time=0.3635087013244629
INFO - 11/05/25 18:36:54 - 0:19:12 - Epoch 49: val_AUC=0.9508458747670372, val_AP=0.9422068042070246
INFO - 11/05/25 18:36:54 - 0:19:12 - Epoch 50: train_loss=0.9336525201797485, train_AUC=0.9812049712528166, train_AP=0.9751381459687086, time=0.34460997581481934
INFO - 11/05/25 18:36:54 - 0:19:13 - Epoch 50: val_AUC=0.9511193616494416, val_AP=0.9425137381367643
INFO - 11/05/25 18:36:54 - 0:19:13 - Epoch 51: train_loss=0.9294379949569702, train_AUC=0.9810644512293907, train_AP=0.9744179914413007, time=0.3601226806640625
INFO - 11/05/25 18:36:55 - 0:19:13 - Epoch 51: val_AUC=0.9513690227945105, val_AP=0.9428130552412641
INFO - 11/05/25 18:36:55 - 0:19:13 - Epoch 52: train_loss=0.9251183271408081, train_AUC=0.9819079450980961, train_AP=0.9758361256720441, time=0.35338377952575684
INFO - 11/05/25 18:36:55 - 0:19:14 - Epoch 52: val_AUC=0.9515981164227345, val_AP=0.9431394251229566
INFO - 11/05/25 18:36:55 - 0:19:14 - Epoch 53: train_loss=0.9215577840805054, train_AUC=0.9821897963569467, train_AP=0.9759194332172422, time=0.35085082054138184
INFO - 11/05/25 18:36:56 - 0:19:14 - Epoch 53: val_AUC=0.9518011442870361, val_AP=0.943420054759253
INFO - 11/05/25 18:36:56 - 0:19:14 - Epoch 54: train_loss=0.9206632375717163, train_AUC=0.9820714037875207, train_AP=0.9761789449417304, time=0.3598670959472656
INFO - 11/05/25 18:36:56 - 0:19:15 - Epoch 54: val_AUC=0.9519895101591316, val_AP=0.9436699219606253
INFO - 11/05/25 18:36:56 - 0:19:15 - Epoch 55: train_loss=0.9190038442611694, train_AUC=0.982013834505944, train_AP=0.9756244787150891, time=0.3582954406738281
INFO - 11/05/25 18:36:56 - 0:19:15 - Epoch 55: val_AUC=0.9521514029897432, val_AP=0.9439148554879293
INFO - 11/05/25 18:36:57 - 0:19:15 - Epoch 56: train_loss=0.9138988256454468, train_AUC=0.9828596263976983, train_AP=0.9770245541156386, time=0.36191773414611816
INFO - 11/05/25 18:36:57 - 0:19:15 - Epoch 56: val_AUC=0.9522938483168033, val_AP=0.9441472384802012
INFO - 11/05/25 18:36:57 - 0:19:16 - Epoch 57: train_loss=0.9078322052955627, train_AUC=0.9835005349518683, train_AP=0.9777312010222488, time=0.3664062023162842
INFO - 11/05/25 18:36:57 - 0:19:16 - Epoch 57: val_AUC=0.9524533993014375, val_AP=0.9443652065750917
INFO - 11/05/25 18:36:58 - 0:19:16 - Epoch 58: train_loss=0.9037305116653442, train_AUC=0.9840240097377677, train_AP=0.978823833771399, time=0.3571615219116211
INFO - 11/05/25 18:36:58 - 0:19:16 - Epoch 58: val_AUC=0.9526252704323006, val_AP=0.9445894288927027
INFO - 11/05/25 18:36:58 - 0:19:17 - Epoch 59: train_loss=0.9051685333251953, train_AUC=0.9834024987665633, train_AP=0.9774774600467605, time=0.3619842529296875
INFO - 11/05/25 18:36:58 - 0:19:17 - Epoch 59: val_AUC=0.9527435845638547, val_AP=0.9447594673611511
INFO - 11/05/25 18:36:59 - 0:19:17 - Epoch 60: train_loss=0.9001322388648987, train_AUC=0.9841620284948434, train_AP=0.9787336836022162, time=0.3494868278503418
INFO - 11/05/25 18:36:59 - 0:19:17 - Epoch 60: val_AUC=0.9528861317103051, val_AP=0.9449541458961311
INFO - 11/05/25 18:36:59 - 0:19:18 - Epoch 61: train_loss=0.8968924283981323, train_AUC=0.9845840602163871, train_AP=0.9791129135884737, time=0.3500809669494629
INFO - 11/05/25 18:36:59 - 0:19:18 - Epoch 61: val_AUC=0.9529901911272138, val_AP=0.945114986149053
INFO - 11/05/25 18:37:00 - 0:19:18 - Epoch 62: train_loss=0.8958366513252258, train_AUC=0.9847248414268286, train_AP=0.979674227391845, time=0.3461787700653076
INFO - 11/05/25 18:37:00 - 0:19:18 - Epoch 62: val_AUC=0.9531028033729099, val_AP=0.945275779649113
INFO - 11/05/25 18:37:00 - 0:19:19 - Epoch 63: train_loss=0.8902401924133301, train_AUC=0.9851121731412341, train_AP=0.9798095379440878, time=0.34021806716918945
INFO - 11/05/25 18:37:00 - 0:19:19 - Epoch 63: val_AUC=0.9532223393371477, val_AP=0.9454531372137724
INFO - 11/05/25 18:37:01 - 0:19:19 - Epoch 64: train_loss=0.8885837197303772, train_AUC=0.9851246909208313, train_AP=0.9801361869812084, time=0.3406364917755127
INFO - 11/05/25 18:37:01 - 0:19:19 - Epoch 64: val_AUC=0.9533552136415175, val_AP=0.9456575025829324
INFO - 11/05/25 18:37:01 - 0:19:20 - Epoch 65: train_loss=0.8851613402366638, train_AUC=0.9856894100072814, train_AP=0.980930043970951, time=0.3459136486053467
INFO - 11/05/25 18:37:01 - 0:19:20 - Epoch 65: val_AUC=0.9534617167237943, val_AP=0.945863122058244
INFO - 11/05/25 18:37:02 - 0:19:20 - Epoch 66: train_loss=0.8862483501434326, train_AUC=0.9849286847716091, train_AP=0.9795876539446953, time=0.34468770027160645
INFO - 11/05/25 18:37:02 - 0:19:20 - Epoch 66: val_AUC=0.9535632306559448, val_AP=0.9460339049698936
INFO - 11/05/25 18:37:02 - 0:19:21 - Epoch 67: train_loss=0.8793370723724365, train_AUC=0.9857135487598109, train_AP=0.9802803219249897, time=0.30321741104125977
INFO - 11/05/25 18:37:02 - 0:19:21 - Epoch 67: val_AUC=0.9536538499133315, val_AP=0.946205312956024
INFO - 11/05/25 18:37:02 - 0:19:21 - Epoch 68: train_loss=0.8776171207427979, train_AUC=0.9858715087844898, train_AP=0.9807128656628459, time=0.3004629611968994
INFO - 11/05/25 18:37:02 - 0:19:21 - Epoch 68: val_AUC=0.9537513928892596, val_AP=0.9463890593811918
INFO - 11/05/25 18:37:03 - 0:19:21 - Epoch 69: train_loss=0.8762362599372864, train_AUC=0.9862751723486289, train_AP=0.9815422268126633, time=0.301494836807251
INFO - 11/05/25 18:37:03 - 0:19:21 - Epoch 69: val_AUC=0.9538697070208135, val_AP=0.9465865413020522
INFO - 11/05/25 18:37:03 - 0:19:22 - Epoch 70: train_loss=0.8717204332351685, train_AUC=0.9865465726044361, train_AP=0.9817488740730913, time=0.30075907707214355
INFO - 11/05/25 18:37:03 - 0:19:22 - Epoch 70: val_AUC=0.9539682681906452, val_AP=0.9467322506035186
INFO - 11/05/25 18:37:04 - 0:19:22 - Epoch 71: train_loss=0.8701969981193542, train_AUC=0.9864137333813764, train_AP=0.981411508845045, time=0.2999696731567383
INFO - 11/05/25 18:37:04 - 0:19:22 - Epoch 71: val_AUC=0.9540610256552282, val_AP=0.9468735536903367
INFO - 11/05/25 18:37:04 - 0:19:23 - Epoch 72: train_loss=0.8671338558197021, train_AUC=0.9870296977830014, train_AP=0.9822993952181065, time=0.30490565299987793
INFO - 11/05/25 18:37:04 - 0:19:23 - Epoch 72: val_AUC=0.9541835143817852, val_AP=0.9470441049037182
INFO - 11/05/25 18:37:04 - 0:19:23 - Epoch 73: train_loss=0.8632444143295288, train_AUC=0.9873347399127101, train_AP=0.9827259599414783, time=0.30157041549682617
INFO - 11/05/25 18:37:05 - 0:19:23 - Epoch 73: val_AUC=0.954264766255262, val_AP=0.9471768086618956
INFO - 11/05/25 18:37:05 - 0:19:23 - Epoch 74: train_loss=0.8622192144393921, train_AUC=0.9873526999984253, train_AP=0.9826343793273439, time=0.29668092727661133
INFO - 11/05/25 18:37:05 - 0:19:23 - Epoch 74: val_AUC=0.954370454782416, val_AP=0.9473405616396443
INFO - 11/05/25 18:37:05 - 0:19:24 - Epoch 75: train_loss=0.8617609143257141, train_AUC=0.9871607935871344, train_AP=0.9823764041196275, time=0.30010342597961426
INFO - 11/05/25 18:37:05 - 0:19:24 - Epoch 75: val_AUC=0.9544771615034733, val_AP=0.9475134943190533
INFO - 11/05/25 18:37:06 - 0:19:24 - Epoch 76: train_loss=0.8570929169654846, train_AUC=0.9877654339553473, train_AP=0.9833498283864076, time=0.2973811626434326
INFO - 11/05/25 18:37:06 - 0:19:24 - Epoch 76: val_AUC=0.9546268360072463, val_AP=0.9477265424510252
INFO - 11/05/25 18:37:06 - 0:19:25 - Epoch 77: train_loss=0.8533370494842529, train_AUC=0.987991672809851, train_AP=0.9836010793209928, time=0.30559611320495605
INFO - 11/05/25 18:37:06 - 0:19:25 - Epoch 77: val_AUC=0.9547433173897742, val_AP=0.947934836567718
INFO - 11/05/25 18:37:06 - 0:19:25 - Epoch 78: train_loss=0.8518900275230408, train_AUC=0.9880963306055608, train_AP=0.9837137344619384, time=0.30079197883605957
INFO - 11/05/25 18:37:07 - 0:19:25 - Epoch 78: val_AUC=0.9548376021452122, val_AP=0.9481248710437846
INFO - 11/05/25 18:37:07 - 0:19:25 - Epoch 79: train_loss=0.8483636975288391, train_AUC=0.9887986674222254, train_AP=0.984749034358892, time=0.3018152713775635
INFO - 11/05/25 18:37:07 - 0:19:25 - Epoch 79: val_AUC=0.9549610072462824, val_AP=0.9483510574306446
INFO - 11/05/25 18:37:07 - 0:19:26 - Epoch 80: train_loss=0.8473727703094482, train_AUC=0.9883187238643204, train_AP=0.9835887108776349, time=0.3088092803955078
INFO - 11/05/25 18:37:07 - 0:19:26 - Epoch 80: val_AUC=0.9550614011651396, val_AP=0.9485241500038339
INFO - 11/05/25 18:37:08 - 0:19:26 - Epoch 81: train_loss=0.8443169593811035, train_AUC=0.9891311894904888, train_AP=0.9853544519219247, time=0.3038971424102783
INFO - 11/05/25 18:37:08 - 0:19:26 - Epoch 81: val_AUC=0.9551778825476679, val_AP=0.9487468146704356
INFO - 11/05/25 18:37:08 - 0:19:27 - Epoch 82: train_loss=0.8427859544754028, train_AUC=0.9890306289670203, train_AP=0.985321022916481, time=0.30090785026550293
INFO - 11/05/25 18:37:08 - 0:19:27 - Epoch 82: val_AUC=0.9552847929075056, val_AP=0.9489334129171563
INFO - 11/05/25 18:37:09 - 0:19:27 - Epoch 83: train_loss=0.838749885559082, train_AUC=0.9891237383515311, train_AP=0.9850854158536948, time=0.30509424209594727
INFO - 11/05/25 18:37:09 - 0:19:27 - Epoch 83: val_AUC=0.9554259145824916, val_AP=0.9491461134295212
INFO - 11/05/25 18:37:09 - 0:19:27 - Epoch 84: train_loss=0.8390835523605347, train_AUC=0.9891355162480178, train_AP=0.9851276993559106, time=0.303760290145874
INFO - 11/05/25 18:37:09 - 0:19:28 - Epoch 84: val_AUC=0.9555375086342844, val_AP=0.9493449162814253
INFO - 11/05/25 18:37:09 - 0:19:28 - Epoch 85: train_loss=0.8362574577331543, train_AUC=0.9892403570331469, train_AP=0.9853068684939428, time=0.3019707202911377
INFO - 11/05/25 18:37:09 - 0:19:28 - Epoch 85: val_AUC=0.9556307751958191, val_AP=0.9495253891761617
INFO - 11/05/25 18:37:10 - 0:19:28 - Epoch 86: train_loss=0.8327116966247559, train_AUC=0.9897795926854324, train_AP=0.9861434672350046, time=0.30310559272766113
INFO - 11/05/25 18:37:10 - 0:19:28 - Epoch 86: val_AUC=0.9557419619700505, val_AP=0.949746203521214
INFO - 11/05/25 18:37:10 - 0:19:29 - Epoch 87: train_loss=0.8314249515533447, train_AUC=0.9894375354418276, train_AP=0.9853000874527803, time=0.3010678291320801
INFO - 11/05/25 18:37:10 - 0:19:29 - Epoch 87: val_AUC=0.9558617015730687, val_AP=0.9499437606894616
INFO - 11/05/25 18:37:11 - 0:19:29 - Epoch 88: train_loss=0.8285531997680664, train_AUC=0.9898627299391155, train_AP=0.9859190319821229, time=0.2992885112762451
INFO - 11/05/25 18:37:11 - 0:19:29 - Epoch 88: val_AUC=0.9559498771650875, val_AP=0.9501243705276574
INFO - 11/05/25 18:37:11 - 0:19:30 - Epoch 89: train_loss=0.8259207606315613, train_AUC=0.9903376940361335, train_AP=0.9867479495134251, time=0.30491042137145996
INFO - 11/05/25 18:37:11 - 0:19:30 - Epoch 89: val_AUC=0.9560502710839447, val_AP=0.9503033458561411
INFO - 11/05/25 18:37:11 - 0:19:30 - Epoch 90: train_loss=0.8253009915351868, train_AUC=0.9902512113695281, train_AP=0.9867337650963623, time=0.3044452667236328
INFO - 11/05/25 18:37:11 - 0:19:30 - Epoch 90: val_AUC=0.9561669561052535, val_AP=0.9504853565516919
INFO - 11/05/25 18:37:12 - 0:19:30 - Epoch 91: train_loss=0.8235437273979187, train_AUC=0.9903771707892195, train_AP=0.986999404568693, time=0.30226731300354004
INFO - 11/05/25 18:37:12 - 0:19:30 - Epoch 91: val_AUC=0.956280382906072, val_AP=0.9506540897970014
INFO - 11/05/25 18:37:12 - 0:19:31 - Epoch 92: train_loss=0.8208204507827759, train_AUC=0.9904879542394093, train_AP=0.9871132891940265, time=0.30008482933044434
INFO - 11/05/25 18:37:12 - 0:19:31 - Epoch 92: val_AUC=0.9563993079539679, val_AP=0.950831205240732
INFO - 11/05/25 18:37:13 - 0:19:31 - Epoch 93: train_loss=0.8191385269165039, train_AUC=0.990199539489989, train_AP=0.9863810298290516, time=0.3007056713104248
INFO - 11/05/25 18:37:13 - 0:19:31 - Epoch 93: val_AUC=0.956508865617954, val_AP=0.9509931916747046
INFO - 11/05/25 18:37:13 - 0:19:32 - Epoch 94: train_loss=0.8161084651947021, train_AUC=0.990838067068255, train_AP=0.9874346128276609, time=0.2996697425842285
INFO - 11/05/25 18:37:13 - 0:19:32 - Epoch 94: val_AUC=0.95662147786365, val_AP=0.9511725769738928
INFO - 11/05/25 18:37:13 - 0:19:32 - Epoch 95: train_loss=0.8146765232086182, train_AUC=0.9905442936700548, train_AP=0.9870561493142481, time=0.30423569679260254
INFO - 11/05/25 18:37:14 - 0:19:32 - Epoch 95: val_AUC=0.9567333773736136, val_AP=0.951345513806566
INFO - 11/05/25 18:37:14 - 0:19:32 - Epoch 96: train_loss=0.8130638003349304, train_AUC=0.9909422186930387, train_AP=0.987461998244791, time=0.30089592933654785
INFO - 11/05/25 18:37:14 - 0:19:32 - Epoch 96: val_AUC=0.9568387604425966, val_AP=0.9515500664280724
INFO - 11/05/25 18:37:14 - 0:19:33 - Epoch 97: train_loss=0.8115135431289673, train_AUC=0.991126599994673, train_AP=0.9877856584922569, time=0.3048439025878906
INFO - 11/05/25 18:37:14 - 0:19:33 - Epoch 97: val_AUC=0.9569444489697506, val_AP=0.9517414649343028
INFO - 11/05/25 18:37:15 - 0:19:33 - Epoch 98: train_loss=0.8084036111831665, train_AUC=0.9912221246986264, train_AP=0.9878978017418436, time=0.3074784278869629
INFO - 11/05/25 18:37:15 - 0:19:33 - Epoch 98: val_AUC=0.9570423992232402, val_AP=0.9519090069980831
INFO - 11/05/25 18:37:15 - 0:19:34 - Epoch 99: train_loss=0.8072863817214966, train_AUC=0.9914258558545135, train_AP=0.9884671237249212, time=0.30301499366760254
INFO - 11/05/25 18:37:15 - 0:19:34 - Epoch 99: val_AUC=0.9571560296628393, val_AP=0.9521078578628859
INFO - 11/05/25 18:37:16 - 0:19:34 - Epoch 100: train_loss=0.8039044141769409, train_AUC=0.9917452416072394, train_AP=0.9887050019179219, time=0.3028891086578369
INFO - 11/05/25 18:37:16 - 0:19:34 - Epoch 100: val_AUC=0.9572281177911872, val_AP=0.9522523635348102
INFO - 11/05/25 18:37:16 - 0:19:34 - Epoch 101: train_loss=0.8039793968200684, train_AUC=0.9916128432143214, train_AP=0.9885479213059916, time=0.3025929927825928
INFO - 11/05/25 18:37:16 - 0:19:35 - Epoch 101: val_AUC=0.9572975586153865, val_AP=0.9523891597677279
INFO - 11/05/25 18:37:16 - 0:19:35 - Epoch 102: train_loss=0.7998760938644409, train_AUC=0.9920186579168356, train_AP=0.9889244403181428, time=0.3021225929260254
INFO - 11/05/25 18:37:16 - 0:19:35 - Epoch 102: val_AUC=0.9573554938484797, val_AP=0.952520719308446
INFO - 11/05/25 18:37:17 - 0:19:35 - Epoch 103: train_loss=0.799095630645752, train_AUC=0.9920430858595741, train_AP=0.989118669753784, time=0.3023242950439453
INFO - 11/05/25 18:37:17 - 0:19:35 - Epoch 103: val_AUC=0.9573916397320439, val_AP=0.9526341873115003
INFO - 11/05/25 18:37:17 - 0:19:36 - Epoch 104: train_loss=0.795911431312561, train_AUC=0.9925559705070679, train_AP=0.9898436679303289, time=0.3018169403076172
INFO - 11/05/25 18:37:17 - 0:19:36 - Epoch 104: val_AUC=0.9573989707281472, val_AP=0.9527241843987536
INFO - 11/05/25 18:37:18 - 0:19:36 - Epoch 105: train_loss=0.7940417528152466, train_AUC=0.9925975438011083, train_AP=0.9901423694376152, time=0.30069708824157715
INFO - 11/05/25 18:37:18 - 0:19:36 - Epoch 105: val_AUC=0.9574081344732762, val_AP=0.9528190460534741
INFO - 11/05/25 18:37:18 - 0:19:36 - Epoch 106: train_loss=0.7942335605621338, train_AUC=0.9923833329345022, train_AP=0.9896017450224761, time=0.3025217056274414
INFO - 11/05/25 18:37:18 - 0:19:37 - Epoch 106: val_AUC=0.9574317565718307, val_AP=0.9529319188642711
INFO - 11/05/25 18:37:18 - 0:19:37 - Epoch 107: train_loss=0.7943505048751831, train_AUC=0.9921147449742221, train_AP=0.9891233002759023, time=0.30184078216552734
INFO - 11/05/25 18:37:18 - 0:19:37 - Epoch 107: val_AUC=0.957426461963534, val_AP=0.9530096996323015
INFO - 11/05/25 18:37:19 - 0:19:37 - Epoch 108: train_loss=0.7909497022628784, train_AUC=0.9924810103619169, train_AP=0.9896689577346957, time=0.30210185050964355
INFO - 11/05/25 18:37:19 - 0:19:37 - Epoch 108: val_AUC=0.957426461963534, val_AP=0.9530864944105233
INFO - 11/05/25 18:37:19 - 0:19:38 - Epoch 109: train_loss=0.7887005805969238, train_AUC=0.9927775698136584, train_AP=0.9900102602683958, time=0.30136704444885254
INFO - 11/05/25 18:37:19 - 0:19:38 - Epoch 109: val_AUC=0.9574207600776762, val_AP=0.9531736378771747
INFO - 11/05/25 18:37:20 - 0:19:38 - Epoch 110: train_loss=0.78763747215271, train_AUC=0.9926565516366596, train_AP=0.9898502327623531, time=0.30290842056274414
INFO - 11/05/25 18:37:20 - 0:19:38 - Epoch 110: val_AUC=0.9574148545530373, val_AP=0.953263087640134
INFO - 11/05/25 18:37:20 - 0:19:39 - Epoch 111: train_loss=0.7858082056045532, train_AUC=0.992906279886628, train_AP=0.9900392719194996, time=0.30977892875671387
INFO - 11/05/25 18:37:20 - 0:19:39 - Epoch 111: val_AUC=0.9574069126405922, val_AP=0.9533549494719228
INFO - 11/05/25 18:37:20 - 0:19:39 - Epoch 112: train_loss=0.7846181392669678, train_AUC=0.9930798604094854, train_AP=0.9906944390509924, time=0.30364131927490234
INFO - 11/05/25 18:37:21 - 0:19:39 - Epoch 112: val_AUC=0.9574234073818243, val_AP=0.9534462700640103
INFO - 11/05/25 18:37:21 - 0:19:39 - Epoch 113: train_loss=0.7823019027709961, train_AUC=0.9930827630549379, train_AP=0.990506440900698, time=0.3035106658935547
INFO - 11/05/25 18:37:21 - 0:19:39 - Epoch 113: val_AUC=0.9574122072488889, val_AP=0.953506443487254
INFO - 11/05/25 18:37:21 - 0:19:40 - Epoch 114: train_loss=0.7801963090896606, train_AUC=0.993545719594061, train_AP=0.991138139721117, time=0.3010549545288086
INFO - 11/05/25 18:37:21 - 0:19:40 - Epoch 114: val_AUC=0.9574103744998632, val_AP=0.9535925947286236
INFO - 11/05/25 18:37:22 - 0:19:40 - Epoch 115: train_loss=0.7787435054779053, train_AUC=0.9935740243059094, train_AP=0.9910070369685554, time=0.3008723258972168
INFO - 11/05/25 18:37:22 - 0:19:40 - Epoch 115: val_AUC=0.9574213709940179, val_AP=0.9536810472698561
INFO - 11/05/25 18:37:22 - 0:19:41 - Epoch 116: train_loss=0.7769573926925659, train_AUC=0.9935210417360324, train_AP=0.9910318994603944, time=0.30548095703125
INFO - 11/05/25 18:37:22 - 0:19:41 - Epoch 116: val_AUC=0.9574160763857212, val_AP=0.9537487579325145
INFO - 11/05/25 18:37:22 - 0:19:41 - Epoch 117: train_loss=0.775063693523407, train_AUC=0.9936020368334968, train_AP=0.9910770622541611, time=0.3012223243713379
INFO - 11/05/25 18:37:23 - 0:19:41 - Epoch 117: val_AUC=0.9574097635835214, val_AP=0.9538150379871958
INFO - 11/05/25 18:37:23 - 0:19:41 - Epoch 118: train_loss=0.7752998471260071, train_AUC=0.9935808894912587, train_AP=0.9910986199373318, time=0.3011331558227539
INFO - 11/05/25 18:37:23 - 0:19:42 - Epoch 118: val_AUC=0.9574113926937664, val_AP=0.9538953438609646
INFO - 11/05/25 18:37:23 - 0:19:42 - Epoch 119: train_loss=0.7736841440200806, train_AUC=0.993869157532126, train_AP=0.991594405954122, time=0.3004021644592285
INFO - 11/05/25 18:37:23 - 0:19:42 - Epoch 119: val_AUC=0.9573928615647278, val_AP=0.9539670354880941
INFO - 11/05/25 18:37:24 - 0:19:42 - Epoch 120: train_loss=0.772865891456604, train_AUC=0.9938087599280372, train_AP=0.9913963204643443, time=0.29947805404663086
INFO - 11/05/25 18:37:24 - 0:19:42 - Epoch 120: val_AUC=0.9573914360932634, val_AP=0.9540524303152882
INFO - 11/05/25 18:37:24 - 0:19:43 - Epoch 121: train_loss=0.7706420421600342, train_AUC=0.9937129109858532, train_AP=0.9910193871127894, time=0.29996824264526367
INFO - 11/05/25 18:37:24 - 0:19:43 - Epoch 121: val_AUC=0.9573698503825151, val_AP=0.9541110940927715
INFO - 11/05/25 18:37:25 - 0:19:43 - Epoch 122: train_loss=0.7685579061508179, train_AUC=0.9942538069280894, train_AP=0.9921363063363158, time=0.2995319366455078
INFO - 11/05/25 18:37:25 - 0:19:43 - Epoch 122: val_AUC=0.9573437846185927, val_AP=0.9541732194392989
INFO - 11/05/25 18:37:25 - 0:19:43 - Epoch 123: train_loss=0.7674649357795715, train_AUC=0.99400058761337, train_AP=0.9916431473242264, time=0.29952239990234375
INFO - 11/05/25 18:37:25 - 0:19:44 - Epoch 123: val_AUC=0.9573048896114899, val_AP=0.9542055409085339
INFO - 11/05/25 18:37:25 - 0:19:44 - Epoch 124: train_loss=0.7655457258224487, train_AUC=0.9945042873896184, train_AP=0.9924874256511449, time=0.29772210121154785
INFO - 11/05/25 18:37:25 - 0:19:44 - Epoch 124: val_AUC=0.9572532671805968, val_AP=0.9542254264809542
INFO - 11/05/25 18:37:26 - 0:19:44 - Epoch 125: train_loss=0.764159083366394, train_AUC=0.9943639487705258, train_AP=0.9922892733850325, time=0.29768872261047363
INFO - 11/05/25 18:37:26 - 0:19:44 - Epoch 125: val_AUC=0.957239725201684, val_AP=0.9543000567031714
INFO - 11/05/25 18:37:26 - 0:19:45 - Epoch 126: train_loss=0.7633453607559204, train_AUC=0.99426739182308, train_AP=0.991701185795394, time=0.29972076416015625
INFO - 11/05/25 18:37:26 - 0:19:45 - Epoch 126: val_AUC=0.9572065320804388, val_AP=0.9543460892428286
INFO - 11/05/25 18:37:27 - 0:19:45 - Epoch 127: train_loss=0.7618528604507446, train_AUC=0.9944270035077948, train_AP=0.9922726284261251, time=0.2964463233947754
INFO - 11/05/25 18:37:27 - 0:19:45 - Epoch 127: val_AUC=0.9571603060772327, val_AP=0.9543811073339383
INFO - 11/05/25 18:37:27 - 0:19:45 - Epoch 128: train_loss=0.7611193656921387, train_AUC=0.9945222279259345, train_AP=0.9926393835492373, time=0.29607605934143066
INFO - 11/05/25 18:37:27 - 0:19:46 - Epoch 128: val_AUC=0.9571108218535365, val_AP=0.954441281329486
INFO - 11/05/25 18:37:27 - 0:19:46 - Epoch 129: train_loss=0.7600607872009277, train_AUC=0.9944827834029386, train_AP=0.9924776279395799, time=0.29712724685668945
INFO - 11/05/25 18:37:27 - 0:19:46 - Epoch 129: val_AUC=0.9570700940974077, val_AP=0.9544772182302702
INFO - 11/05/25 18:37:28 - 0:19:46 - Epoch 130: train_loss=0.7572830319404602, train_AUC=0.9949796120057336, train_AP=0.9932719856138399, time=0.30200886726379395
INFO - 11/05/25 18:37:28 - 0:19:46 - Epoch 130: val_AUC=0.9570261081207887, val_AP=0.9545088625737914
INFO - 11/05/25 18:37:28 - 0:19:47 - Epoch 131: train_loss=0.7566072344779968, train_AUC=0.9948132779695668, train_AP=0.9928599921844043, time=0.2971365451812744
INFO - 11/05/25 18:37:28 - 0:19:47 - Epoch 131: val_AUC=0.9569851767258793, val_AP=0.9545473680192461
INFO - 11/05/25 18:37:29 - 0:19:47 - Epoch 132: train_loss=0.7558843493461609, train_AUC=0.9950900002410458, train_AP=0.9932338532718643, time=0.2993779182434082
INFO - 11/05/25 18:37:29 - 0:19:47 - Epoch 132: val_AUC=0.9569530017985378, val_AP=0.9545894321840181
INFO - 11/05/25 18:37:29 - 0:19:47 - Epoch 133: train_loss=0.7529374957084656, train_AUC=0.9951976087631625, train_AP=0.9932553587210097, time=0.30167651176452637
INFO - 11/05/25 18:37:29 - 0:19:48 - Epoch 133: val_AUC=0.9569238814529056, val_AP=0.9546374135744691
INFO - 11/05/25 18:37:29 - 0:19:48 - Epoch 134: train_loss=0.7522941827774048, train_AUC=0.9951046767322086, train_AP=0.9933003823492343, time=0.30022692680358887
INFO - 11/05/25 18:37:29 - 0:19:48 - Epoch 134: val_AUC=0.9568874301111705, val_AP=0.954691615130214
INFO - 11/05/25 18:37:30 - 0:19:48 - Epoch 135: train_loss=0.7514801621437073, train_AUC=0.9952584544183423, train_AP=0.9935332301051476, time=0.30170679092407227
INFO - 11/05/25 18:37:30 - 0:19:48 - Epoch 135: val_AUC=0.9568503678530935, val_AP=0.9547319717531924
INFO - 11/05/25 18:37:30 - 0:19:49 - Epoch 136: train_loss=0.7507675886154175, train_AUC=0.9951615741132694, train_AP=0.993201144751277, time=0.3015930652618408
INFO - 11/05/25 18:37:30 - 0:19:49 - Epoch 136: val_AUC=0.9568019018233003, val_AP=0.9547516889391048
INFO - 11/05/25 18:37:31 - 0:19:49 - Epoch 137: train_loss=0.7494038343429565, train_AUC=0.9952007232818314, train_AP=0.9933899727144604, time=0.2976503372192383
INFO - 11/05/25 18:37:31 - 0:19:49 - Epoch 137: val_AUC=0.956766672314249, val_AP=0.954786302924097
INFO - 11/05/25 18:37:31 - 0:19:49 - Epoch 138: train_loss=0.7495814561843872, train_AUC=0.9951939250223527, train_AP=0.993489495097257, time=0.30131101608276367
INFO - 11/05/25 18:37:31 - 0:19:50 - Epoch 138: val_AUC=0.9567204463110428, val_AP=0.9548163665472675
INFO - 11/05/25 18:37:31 - 0:19:50 - Epoch 139: train_loss=0.7473195791244507, train_AUC=0.9954177332349116, train_AP=0.9936112994491902, time=0.2978396415710449
INFO - 11/05/25 18:37:31 - 0:19:50 - Epoch 139: val_AUC=0.9566734057527141, val_AP=0.9548380269564735
INFO - 11/05/25 18:37:32 - 0:19:50 - Epoch 140: train_loss=0.7464268207550049, train_AUC=0.9952548811052189, train_AP=0.9933249587368592, time=0.29622697830200195
INFO - 11/05/25 18:37:32 - 0:19:50 - Epoch 140: val_AUC=0.9566251433617018, val_AP=0.9548518925980066
INFO - 11/05/25 18:37:32 - 0:19:51 - Epoch 141: train_loss=0.7446009516716003, train_AUC=0.9954309466913208, train_AP=0.9936320495183195, time=0.29764437675476074
INFO - 11/05/25 18:37:32 - 0:19:51 - Epoch 141: val_AUC=0.9565664953928762, val_AP=0.9548785058650129
INFO - 11/05/25 18:37:33 - 0:19:51 - Epoch 142: train_loss=0.7445892095565796, train_AUC=0.9953622434105803, train_AP=0.9935158196392477, time=0.29935622215270996
INFO - 11/05/25 18:37:33 - 0:19:51 - Epoch 142: val_AUC=0.9565216948611346, val_AP=0.9549116617163281
INFO - 11/05/25 18:37:33 - 0:19:51 - Epoch 143: train_loss=0.7427035570144653, train_AUC=0.9955656265519405, train_AP=0.9938565229885987, time=0.2992978096008301
INFO - 11/05/25 18:37:33 - 0:19:52 - Epoch 143: val_AUC=0.9564752652191479, val_AP=0.9549274608212195
INFO - 11/05/25 18:37:33 - 0:19:52 - Epoch 144: train_loss=0.742293119430542, train_AUC=0.9955634595627014, train_AP=0.9937696750969405, time=0.2976033687591553
INFO - 11/05/25 18:37:33 - 0:19:52 - Epoch 144: val_AUC=0.9564379993222901, val_AP=0.9549468174211789
INFO - 11/05/25 18:37:34 - 0:19:52 - Epoch 145: train_loss=0.7395278811454773, train_AUC=0.9958441369770072, train_AP=0.9943340947032019, time=0.2997114658355713
INFO - 11/05/25 18:37:34 - 0:19:52 - Epoch 145: val_AUC=0.9563907551251808, val_AP=0.9549588876085885
INFO - 11/05/25 18:37:34 - 0:19:53 - Epoch 146: train_loss=0.7393102049827576, train_AUC=0.9958301878643846, train_AP=0.9942605339776855, time=0.29956650733947754
INFO - 11/05/25 18:37:34 - 0:19:53 - Epoch 146: val_AUC=0.9563569510875942, val_AP=0.9550051939444525
INFO - 11/05/25 18:37:35 - 0:19:53 - Epoch 147: train_loss=0.737713634967804, train_AUC=0.9959757317311169, train_AP=0.9944044662729217, time=0.3004589080810547
INFO - 11/05/25 18:37:35 - 0:19:53 - Epoch 147: val_AUC=0.9563245725214717, val_AP=0.9550434023708432
INFO - 11/05/25 18:37:35 - 0:19:54 - Epoch 148: train_loss=0.7373909950256348, train_AUC=0.9961455115690117, train_AP=0.9949798006960842, time=0.3019440174102783
INFO - 11/05/25 18:37:35 - 0:19:54 - Epoch 148: val_AUC=0.9562608335831303, val_AP=0.9550486082539235
INFO - 11/05/25 18:37:35 - 0:19:54 - Epoch 149: train_loss=0.7362840175628662, train_AUC=0.9960086205128543, train_AP=0.9944752830704328, time=0.303725004196167
INFO - 11/05/25 18:37:35 - 0:19:54 - Epoch 149: val_AUC=0.9561950582569825, val_AP=0.9550710019869251
INFO - 11/05/25 18:37:36 - 0:19:54 - Epoch 150: train_loss=0.73542320728302, train_AUC=0.9958830975202869, train_AP=0.9942212866714347, time=0.30251431465148926
INFO - 11/05/25 18:37:36 - 0:19:54 - Epoch 150: val_AUC=0.9561404830637699, val_AP=0.9550925646937518
INFO - 11/05/25 18:37:36 - 0:19:55 - Epoch 151: train_loss=0.7342349886894226, train_AUC=0.9960378977632737, train_AP=0.9945838967930379, time=0.2998077869415283
INFO - 11/05/25 18:37:36 - 0:19:55 - Epoch 151: val_AUC=0.9560928315890994, val_AP=0.9551292770418576
INFO - 11/05/25 18:37:37 - 0:19:55 - Epoch 152: train_loss=0.73433518409729, train_AUC=0.9959157196552665, train_AP=0.9943192902630256, time=0.30188775062561035
INFO - 11/05/25 18:37:37 - 0:19:55 - Epoch 152: val_AUC=0.9560459946695513, val_AP=0.9551576568423009
INFO - 11/05/25 18:37:37 - 0:19:56 - Epoch 153: train_loss=0.7313075661659241, train_AUC=0.9961825645488608, train_AP=0.9945657979034541, time=0.301527738571167
INFO - 11/05/25 18:37:37 - 0:19:56 - Epoch 153: val_AUC=0.9560018050541517, val_AP=0.9552031472036883
INFO - 11/05/25 18:37:37 - 0:19:56 - Epoch 154: train_loss=0.7320097088813782, train_AUC=0.9962147506089578, train_AP=0.994880674884314, time=0.30234694480895996
INFO - 11/05/25 18:37:38 - 0:19:56 - Epoch 154: val_AUC=0.9559478407772812, val_AP=0.9552373712885018
INFO - 11/05/25 18:37:38 - 0:19:56 - Epoch 155: train_loss=0.7303591370582581, train_AUC=0.9962564961490544, train_AP=0.9948930702320431, time=0.3075730800628662
INFO - 11/05/25 18:37:38 - 0:19:56 - Epoch 155: val_AUC=0.9559242186787263, val_AP=0.9552790178819235
INFO - 11/05/25 18:37:38 - 0:19:57 - Epoch 156: train_loss=0.7303406000137329, train_AUC=0.9960617991050836, train_AP=0.994477369263972, time=0.3027036190032959
INFO - 11/05/25 18:37:38 - 0:19:57 - Epoch 156: val_AUC=0.9558755490101526, val_AP=0.9553054506519084
INFO - 11/05/25 18:37:39 - 0:19:57 - Epoch 157: train_loss=0.7284153699874878, train_AUC=0.9961438373655245, train_AP=0.99455923930782, time=0.3067197799682617
INFO - 11/05/25 18:37:39 - 0:19:57 - Epoch 157: val_AUC=0.9558201592618176, val_AP=0.9553103251625055
INFO - 11/05/25 18:37:39 - 0:19:58 - Epoch 158: train_loss=0.7271991968154907, train_AUC=0.9963001393898215, train_AP=0.994703457413143, time=0.3018653392791748
INFO - 11/05/25 18:37:39 - 0:19:58 - Epoch 158: val_AUC=0.9557509220763989, val_AP=0.9553102648582363
INFO - 11/05/25 18:37:39 - 0:19:58 - Epoch 159: train_loss=0.7269012928009033, train_AUC=0.9963855022809408, train_AP=0.9950935010968087, time=0.2989039421081543
INFO - 11/05/25 18:37:40 - 0:19:58 - Epoch 159: val_AUC=0.9556733357009736, val_AP=0.9553028643284421
INFO - 11/05/25 18:37:40 - 0:19:58 - Epoch 160: train_loss=0.7250592112541199, train_AUC=0.9963179103218922, train_AP=0.9949249881897322, time=0.29814648628234863
INFO - 11/05/25 18:37:40 - 0:19:58 - Epoch 160: val_AUC=0.9555755890862646, val_AP=0.9552735785273601
INFO - 11/05/25 18:37:40 - 0:19:59 - Epoch 161: train_loss=0.7235273122787476, train_AUC=0.9965258350880498, train_AP=0.9952932359696182, time=0.29836463928222656
INFO - 11/05/25 18:37:40 - 0:19:59 - Epoch 161: val_AUC=0.9554845625513169, val_AP=0.9552524144244668
INFO - 11/05/25 18:37:41 - 0:19:59 - Epoch 162: train_loss=0.7233867645263672, train_AUC=0.9964700912976518, train_AP=0.9949856131931973, time=0.29791951179504395
INFO - 11/05/25 18:37:41 - 0:19:59 - Epoch 162: val_AUC=0.955392517822466, val_AP=0.955240806084313
INFO - 11/05/25 18:37:41 - 0:20:00 - Epoch 163: train_loss=0.722282886505127, train_AUC=0.9965933278911375, train_AP=0.9952322083230165, time=0.29733896255493164
INFO - 11/05/25 18:37:41 - 0:20:00 - Epoch 163: val_AUC=0.9553006767323958, val_AP=0.9552222303687274
INFO - 11/05/25 18:37:41 - 0:20:00 - Epoch 164: train_loss=0.7206593155860901, train_AUC=0.9966915763019004, train_AP=0.9954954553220611, time=0.300445556640625
INFO - 11/05/25 18:37:42 - 0:20:00 - Epoch 164: val_AUC=0.9552302177142934, val_AP=0.9552330310927614
INFO - 11/05/25 18:37:42 - 0:20:00 - Epoch 165: train_loss=0.7206336259841919, train_AUC=0.9964675597385392, train_AP=0.9951171193135698, time=0.29976987838745117
INFO - 11/05/25 18:37:42 - 0:20:00 - Epoch 165: val_AUC=0.9551400057344681, val_AP=0.9552012327561886
INFO - 11/05/25 18:37:42 - 0:20:01 - Epoch 166: train_loss=0.7182884216308594, train_AUC=0.996745803692969, train_AP=0.995608507940887, time=0.29796767234802246
INFO - 11/05/25 18:37:42 - 0:20:01 - Epoch 166: val_AUC=0.9550560047374526, val_AP=0.9551898270425626
INFO - 11/05/25 18:37:43 - 0:20:01 - Epoch 167: train_loss=0.7190088629722595, train_AUC=0.9968562162329395, train_AP=0.9957633531372175, time=0.2989811897277832
INFO - 11/05/25 18:37:43 - 0:20:01 - Epoch 167: val_AUC=0.9549801492916627, val_AP=0.9551686613486613
INFO - 11/05/25 18:37:43 - 0:20:02 - Epoch 168: train_loss=0.7179440259933472, train_AUC=0.9965670186269548, train_AP=0.9950159486744551, time=0.3054161071777344
INFO - 11/05/25 18:37:43 - 0:20:02 - Epoch 168: val_AUC=0.954898286501844, val_AP=0.9551499731616498
INFO - 11/05/25 18:37:43 - 0:20:02 - Epoch 169: train_loss=0.7165366411209106, train_AUC=0.9966748897450528, train_AP=0.9953454135418554, time=0.2991139888763428
INFO - 11/05/25 18:37:43 - 0:20:02 - Epoch 169: val_AUC=0.9548007435259158, val_AP=0.9551132472330742
INFO - 11/05/25 18:37:44 - 0:20:02 - Epoch 170: train_loss=0.7158229351043701, train_AUC=0.9968284014889115, train_AP=0.9957104824360941, time=0.30049562454223633
INFO - 11/05/25 18:37:44 - 0:20:02 - Epoch 170: val_AUC=0.954687520363878, val_AP=0.9550666390198731
INFO - 11/05/25 18:37:44 - 0:20:03 - Epoch 171: train_loss=0.7157933712005615, train_AUC=0.9966628036373204, train_AP=0.9953348777089459, time=0.3000950813293457
INFO - 11/05/25 18:37:44 - 0:20:03 - Epoch 171: val_AUC=0.9545914028594142, val_AP=0.9550367144749266
INFO - 11/05/25 18:37:45 - 0:20:03 - Epoch 172: train_loss=0.7144943475723267, train_AUC=0.9967333049344087, train_AP=0.9954557657616454, time=0.30081892013549805
INFO - 11/05/25 18:37:45 - 0:20:03 - Epoch 172: val_AUC=0.9544987472142215, val_AP=0.9549994138254037
INFO - 11/05/25 18:37:45 - 0:20:03 - Epoch 173: train_loss=0.7129680514335632, train_AUC=0.9969545544652653, train_AP=0.9956261192585094, time=0.30000805854797363
INFO - 11/05/25 18:37:45 - 0:20:04 - Epoch 173: val_AUC=0.9544113861773255, val_AP=0.9549817682926731
INFO - 11/05/25 18:37:45 - 0:20:04 - Epoch 174: train_loss=0.7132793664932251, train_AUC=0.9969263821961922, train_AP=0.9957565791800919, time=0.30358076095581055
INFO - 11/05/25 18:37:45 - 0:20:04 - Epoch 174: val_AUC=0.9543213778362809, val_AP=0.9549397498530523
INFO - 11/05/25 18:37:46 - 0:20:04 - Epoch 175: train_loss=0.711467444896698, train_AUC=0.9970303992647521, train_AP=0.9958689218034978, time=0.3050050735473633
INFO - 11/05/25 18:37:46 - 0:20:04 - Epoch 175: val_AUC=0.954212227449856, val_AP=0.9548967602443496
INFO - 11/05/25 18:37:46 - 0:20:05 - Epoch 176: train_loss=0.711112380027771, train_AUC=0.99712140506348, train_AP=0.9960716761127062, time=0.3031959533691406
INFO - 11/05/25 18:37:46 - 0:20:05 - Epoch 176: val_AUC=0.9541128517249019, val_AP=0.954857305242109
INFO - 11/05/25 18:37:47 - 0:20:05 - Epoch 177: train_loss=0.7118325233459473, train_AUC=0.9968448136496899, train_AP=0.9955537847093642, time=0.29903101921081543
INFO - 11/05/25 18:37:47 - 0:20:05 - Epoch 177: val_AUC=0.9540320071289866, val_AP=0.9548307830609647
INFO - 11/05/25 18:37:47 - 0:20:05 - Epoch 178: train_loss=0.7097334861755371, train_AUC=0.9970719107404227, train_AP=0.9959952811687056, time=0.30149102210998535
INFO - 11/05/25 18:37:47 - 0:20:06 - Epoch 178: val_AUC=0.9539705082172321, val_AP=0.9548028203948346
INFO - 11/05/25 18:37:47 - 0:20:06 - Epoch 179: train_loss=0.7081320881843567, train_AUC=0.9971393225279829, train_AP=0.9959854309980786, time=0.29936790466308594
INFO - 11/05/25 18:37:47 - 0:20:06 - Epoch 179: val_AUC=0.9538609505532459, val_AP=0.9547381381122247
INFO - 11/05/25 18:37:48 - 0:20:06 - Epoch 180: train_loss=0.708382785320282, train_AUC=0.9969676338938128, train_AP=0.9957282249940265, time=0.29972147941589355
INFO - 11/05/25 18:37:48 - 0:20:06 - Epoch 180: val_AUC=0.953736323619492, val_AP=0.9546674292071008
INFO - 11/05/25 18:37:48 - 0:20:07 - Epoch 181: train_loss=0.7053439617156982, train_AUC=0.9973458432598253, train_AP=0.9964045575759947, time=0.30095791816711426
INFO - 11/05/25 18:37:48 - 0:20:07 - Epoch 181: val_AUC=0.9536153621837896, val_AP=0.9546130545583037
INFO - 11/05/25 18:37:49 - 0:20:07 - Epoch 182: train_loss=0.7059940695762634, train_AUC=0.997112583000901, train_AP=0.9959944857033316, time=0.30684566497802734
INFO - 11/05/25 18:37:49 - 0:20:07 - Epoch 182: val_AUC=0.9534891061397905, val_AP=0.9545449810526783
INFO - 11/05/25 18:37:49 - 0:20:07 - Epoch 183: train_loss=0.7050902843475342, train_AUC=0.9972295743539432, train_AP=0.9960815031252268, time=0.3006560802459717
INFO - 11/05/25 18:37:49 - 0:20:08 - Epoch 183: val_AUC=0.9533652937611594, val_AP=0.9544792810412281
INFO - 11/05/25 18:37:49 - 0:20:08 - Epoch 184: train_loss=0.7051353454589844, train_AUC=0.9970918650409585, train_AP=0.9959426206029935, time=0.29956817626953125
INFO - 11/05/25 18:37:49 - 0:20:08 - Epoch 184: val_AUC=0.9532294666944702, val_AP=0.9544253314311955
INFO - 11/05/25 18:37:50 - 0:20:08 - Epoch 185: train_loss=0.703575611114502, train_AUC=0.9972188190143099, train_AP=0.996007751525622, time=0.29918718338012695
INFO - 11/05/25 18:37:50 - 0:20:08 - Epoch 185: val_AUC=0.9530913996011938, val_AP=0.9543191739429526
INFO - 11/05/25 18:37:50 - 0:20:09 - Epoch 186: train_loss=0.7028659582138062, train_AUC=0.9974230487679322, train_AP=0.9963197254419989, time=0.2994065284729004
INFO - 11/05/25 18:37:50 - 0:20:09 - Epoch 186: val_AUC=0.9529498706486466, val_AP=0.9542331852610717
INFO - 11/05/25 18:37:51 - 0:20:09 - Epoch 187: train_loss=0.70155930519104, train_AUC=0.9973152861401927, train_AP=0.996244615505614, time=0.2996799945831299
INFO - 11/05/25 18:37:51 - 0:20:09 - Epoch 187: val_AUC=0.9528388875131959, val_AP=0.9541672339039956
INFO - 11/05/25 18:37:51 - 0:20:09 - Epoch 188: train_loss=0.7001482248306274, train_AUC=0.99750751080161, train_AP=0.9965798326991872, time=0.2991766929626465
INFO - 11/05/25 18:37:51 - 0:20:10 - Epoch 188: val_AUC=0.9527004131423582, val_AP=0.9540745511565817
INFO - 11/05/25 18:37:51 - 0:20:10 - Epoch 189: train_loss=0.7001346349716187, train_AUC=0.9975180542680271, train_AP=0.996540843189082, time=0.30101799964904785
INFO - 11/05/25 18:37:51 - 0:20:10 - Epoch 189: val_AUC=0.952572527988114, val_AP=0.9539936989289225
INFO - 11/05/25 18:37:52 - 0:20:10 - Epoch 190: train_loss=0.6991543769836426, train_AUC=0.9975184667427343, train_AP=0.9965703726471214, time=0.30030345916748047
INFO - 11/05/25 18:37:52 - 0:20:10 - Epoch 190: val_AUC=0.9524069696594508, val_AP=0.9538943897378324
INFO - 11/05/25 18:37:52 - 0:20:11 - Epoch 191: train_loss=0.7001746892929077, train_AUC=0.9971280418202659, train_AP=0.9956651593350354, time=0.2974216938018799
INFO - 11/05/25 18:37:52 - 0:20:11 - Epoch 191: val_AUC=0.9522454841064005, val_AP=0.9537982817422886
INFO - 11/05/25 18:37:52 - 0:20:11 - Epoch 192: train_loss=0.6973863840103149, train_AUC=0.9974987861337847, train_AP=0.9965970602111832, time=0.2977290153503418
INFO - 11/05/25 18:37:53 - 0:20:11 - Epoch 192: val_AUC=0.9520615982874794, val_AP=0.9536815694689091
INFO - 11/05/25 18:37:53 - 0:20:11 - Epoch 193: train_loss=0.6965442895889282, train_AUC=0.9975390064685163, train_AP=0.996600515394132, time=0.30060386657714844
INFO - 11/05/25 18:37:53 - 0:20:12 - Epoch 193: val_AUC=0.9518962435975968, val_AP=0.9535795023134602
INFO - 11/05/25 18:37:53 - 0:20:12 - Epoch 194: train_loss=0.6963183879852295, train_AUC=0.9974800623886628, train_AP=0.9965654560734616, time=0.2967214584350586
INFO - 11/05/25 18:37:53 - 0:20:12 - Epoch 194: val_AUC=0.9518017552033783, val_AP=0.9535237193297095
INFO - 11/05/25 18:37:54 - 0:20:12 - Epoch 195: train_loss=0.6951099634170532, train_AUC=0.9977133994362175, train_AP=0.9968672079469028, time=0.3053736686706543
INFO - 11/05/25 18:37:54 - 0:20:12 - Epoch 195: val_AUC=0.9517046195050114, val_AP=0.9534716085916473
INFO - 11/05/25 18:37:54 - 0:20:13 - Epoch 196: train_loss=0.6948707699775696, train_AUC=0.9975586751012576, train_AP=0.9966709255903865, time=0.3000648021697998
INFO - 11/05/25 18:37:54 - 0:20:13 - Epoch 196: val_AUC=0.9516054474188377, val_AP=0.9534239092357837
INFO - 11/05/25 18:37:54 - 0:20:13 - Epoch 197: train_loss=0.694649875164032, train_AUC=0.9974896356060781, train_AP=0.9962649684292816, time=0.29698896408081055
INFO - 11/05/25 18:37:55 - 0:20:13 - Epoch 197: val_AUC=0.9515384502600059, val_AP=0.9534033719694238
INFO - 11/05/25 18:37:55 - 0:20:13 - Epoch 198: train_loss=0.6936408281326294, train_AUC=0.9976110710130432, train_AP=0.9966302343720699, time=0.2958660125732422
INFO - 11/05/25 18:37:55 - 0:20:13 - Epoch 198: val_AUC=0.951458420219213, val_AP=0.9533567829405531
INFO - 11/05/25 18:37:55 - 0:20:14 - Epoch 199: train_loss=0.6923975348472595, train_AUC=0.9975482085995917, train_AP=0.9965529981306143, time=0.3005998134613037
INFO - 11/05/25 18:37:55 - 0:20:14 - Epoch 199: val_AUC=0.9513414297397333, val_AP=0.95328909599639
INFO - 11/05/25 18:37:56 - 0:20:14 - Epoch 200: train_loss=0.692747950553894, train_AUC=0.9976336357747707, train_AP=0.9966421991894265, time=0.30292248725891113
INFO - 11/05/25 18:37:56 - 0:20:14 - Epoch 200: val_AUC=0.9511725113711894, val_AP=0.9531739590512067
INFO - 11/05/25 18:37:56 - 0:20:15 - Epoch 201: train_loss=0.6920841336250305, train_AUC=0.9976133811884211, train_AP=0.9966777153958618, time=0.29961490631103516
INFO - 11/05/25 18:37:56 - 0:20:15 - Epoch 201: val_AUC=0.9510002329627651, val_AP=0.9530966576484502
INFO - 11/05/25 18:37:56 - 0:20:15 - Epoch 202: train_loss=0.6906664371490479, train_AUC=0.9976402938421628, train_AP=0.9966213832699018, time=0.3036971092224121
INFO - 11/05/25 18:37:57 - 0:20:15 - Epoch 202: val_AUC=0.9508652204511984, val_AP=0.9530088418591248
INFO - 11/05/25 18:37:57 - 0:20:15 - Epoch 203: train_loss=0.6913173198699951, train_AUC=0.997323599390035, train_AP=0.9959952088521694, time=0.2971622943878174
INFO - 11/05/25 18:37:57 - 0:20:15 - Epoch 203: val_AUC=0.9507175823352317, val_AP=0.9529253061911882
INFO - 11/05/25 18:37:57 - 0:20:16 - Epoch 204: train_loss=0.6897705793380737, train_AUC=0.9976442380655054, train_AP=0.9966877186162408, time=0.2991178035736084
INFO - 11/05/25 18:37:57 - 0:20:16 - Epoch 204: val_AUC=0.9505764606602457, val_AP=0.9528388133177587
INFO - 11/05/25 18:37:58 - 0:20:16 - Epoch 205: train_loss=0.689388632774353, train_AUC=0.9977302427404987, train_AP=0.9968604402074759, time=0.2985270023345947
INFO - 11/05/25 18:37:58 - 0:20:16 - Epoch 205: val_AUC=0.9504526482816145, val_AP=0.9527493277908162
INFO - 11/05/25 18:37:58 - 0:20:17 - Epoch 206: train_loss=0.6866936087608337, train_AUC=0.9979195857148282, train_AP=0.9970740484620575, time=0.3008439540863037
INFO - 11/05/25 18:37:58 - 0:20:17 - Epoch 206: val_AUC=0.9503658981610602, val_AP=0.9526824631303006
INFO - 11/05/25 18:37:58 - 0:20:17 - Epoch 207: train_loss=0.6878623962402344, train_AUC=0.9978218660184425, train_AP=0.9969161052617955, time=0.302351713180542
INFO - 11/05/25 18:37:59 - 0:20:17 - Epoch 207: val_AUC=0.950267947907571, val_AP=0.9525909385705517
INFO - 11/05/25 18:37:59 - 0:20:17 - Epoch 208: train_loss=0.6861545443534851, train_AUC=0.9978487783199428, train_AP=0.9970183351725902, time=0.30844545364379883
INFO - 11/05/25 18:37:59 - 0:20:17 - Epoch 208: val_AUC=0.9501304917306365, val_AP=0.9525047488560208
INFO - 11/05/25 18:37:59 - 0:20:18 - Epoch 209: train_loss=0.6847518086433411, train_AUC=0.997798193633558, train_AP=0.9967819820338191, time=0.3020627498626709
INFO - 11/05/25 18:37:59 - 0:20:18 - Epoch 209: val_AUC=0.9499628970141667, val_AP=0.9523686420076832
INFO - 11/05/25 18:38:00 - 0:20:18 - Epoch 210: train_loss=0.6851027011871338, train_AUC=0.9979263927803426, train_AP=0.9970155716764854, time=0.31097984313964844
INFO - 11/05/25 18:38:00 - 0:20:18 - Epoch 210: val_AUC=0.9497726983930456, val_AP=0.9522552686829636
INFO - 11/05/25 18:38:00 - 0:20:19 - Epoch 211: train_loss=0.6835765242576599, train_AUC=0.9979742586912979, train_AP=0.9972075738792975, time=0.3157191276550293
INFO - 11/05/25 18:38:00 - 0:20:19 - Epoch 211: val_AUC=0.9495692632511827, val_AP=0.9521152175042239
INFO - 11/05/25 18:38:01 - 0:20:19 - Epoch 212: train_loss=0.6838860511779785, train_AUC=0.9978274062476763, train_AP=0.9966157886948471, time=0.3782176971435547
INFO - 11/05/25 18:38:01 - 0:20:19 - Epoch 212: val_AUC=0.9493890429303132, val_AP=0.9519772465127145
INFO - 11/05/25 18:38:01 - 0:20:20 - Epoch 213: train_loss=0.6821421980857849, train_AUC=0.9978010975118556, train_AP=0.9968646083573757, time=0.3647298812866211
INFO - 11/05/25 18:38:01 - 0:20:20 - Epoch 213: val_AUC=0.9492165608831081, val_AP=0.951880603109415
INFO - 11/05/25 18:38:01 - 0:20:20 - Epoch 214: train_loss=0.6815345883369446, train_AUC=0.9980729917862597, train_AP=0.9972693198100866, time=0.35221219062805176
INFO - 11/05/25 18:38:02 - 0:20:20 - Epoch 214: val_AUC=0.9491173887969347, val_AP=0.9518257599195856
INFO - 11/05/25 18:38:02 - 0:20:20 - Epoch 215: train_loss=0.6802071332931519, train_AUC=0.9980309651575069, train_AP=0.9971643035886694, time=0.36257433891296387
INFO - 11/05/25 18:38:02 - 0:20:21 - Epoch 215: val_AUC=0.9490522243871289, val_AP=0.9518017963400208
INFO - 11/05/25 18:38:02 - 0:20:21 - Epoch 216: train_loss=0.6803842186927795, train_AUC=0.998047175836191, train_AP=0.9972079383568941, time=0.3542916774749756
INFO - 11/05/25 18:38:03 - 0:20:21 - Epoch 216: val_AUC=0.9489528486621748, val_AP=0.9517219777565468
INFO - 11/05/25 18:38:03 - 0:20:21 - Epoch 217: train_loss=0.6798359155654907, train_AUC=0.9980346828896142, train_AP=0.9971087214047726, time=0.3151423931121826
INFO - 11/05/25 18:38:03 - 0:20:21 - Epoch 217: val_AUC=0.9488618221272269, val_AP=0.9516692609348222
INFO - 11/05/25 18:38:03 - 0:20:22 - Epoch 218: train_loss=0.6788875460624695, train_AUC=0.9982533386907468, train_AP=0.9977029783221885, time=0.32434678077697754
INFO - 11/05/25 18:38:03 - 0:20:22 - Epoch 218: val_AUC=0.9486787508634285, val_AP=0.9515181768097855
INFO - 11/05/25 18:38:04 - 0:20:22 - Epoch 219: train_loss=0.6788371801376343, train_AUC=0.9980203552935816, train_AP=0.9972518744084944, time=0.3120553493499756
INFO - 11/05/25 18:38:04 - 0:20:22 - Epoch 219: val_AUC=0.9484945595863363, val_AP=0.9513889119539238
INFO - 11/05/25 18:38:04 - 0:20:23 - Epoch 220: train_loss=0.6775791645050049, train_AUC=0.9981641365442294, train_AP=0.9973428543811129, time=0.3224310874938965
INFO - 11/05/25 18:38:04 - 0:20:23 - Epoch 220: val_AUC=0.9483368413507278, val_AP=0.9512890544528093
INFO - 11/05/25 18:38:05 - 0:20:23 - Epoch 221: train_loss=0.6775007247924805, train_AUC=0.9979999680883359, train_AP=0.9971616054041533, time=0.35056591033935547
INFO - 11/05/25 18:38:05 - 0:20:23 - Epoch 221: val_AUC=0.9481733194098713, val_AP=0.9511747856078625
INFO - 11/05/25 18:38:05 - 0:20:24 - Epoch 222: train_loss=0.6776150465011597, train_AUC=0.9978796207551287, train_AP=0.9968231482649252, time=0.3489363193511963
INFO - 11/05/25 18:38:05 - 0:20:24 - Epoch 222: val_AUC=0.9479503349450663, val_AP=0.9510190875076368
INFO - 11/05/25 18:38:05 - 0:20:24 - Epoch 223: train_loss=0.6767027974128723, train_AUC=0.9980249698323537, train_AP=0.997096589189019, time=0.34992480278015137
INFO - 11/05/25 18:38:06 - 0:20:24 - Epoch 223: val_AUC=0.9477911912379935, val_AP=0.9509118940260332
INFO - 11/05/25 18:38:06 - 0:20:24 - Epoch 224: train_loss=0.6755973696708679, train_AUC=0.9980385062941485, train_AP=0.9970929716282672, time=0.352231502532959
INFO - 11/05/25 18:38:06 - 0:20:25 - Epoch 224: val_AUC=0.9476691097889975, val_AP=0.9508518444941684
INFO - 11/05/25 18:38:06 - 0:20:25 - Epoch 225: train_loss=0.6746935248374939, train_AUC=0.998191091466942, train_AP=0.9972925867349354, time=0.3595235347747803
INFO - 11/05/25 18:38:07 - 0:20:25 - Epoch 225: val_AUC=0.9475499811023214, val_AP=0.9507875622692454
INFO - 11/05/25 18:38:07 - 0:20:25 - Epoch 226: train_loss=0.6742062568664551, train_AUC=0.9980525165206582, train_AP=0.9971240148249922, time=0.3545863628387451
INFO - 11/05/25 18:38:07 - 0:20:26 - Epoch 226: val_AUC=0.9474389979668704, val_AP=0.9507350686725291
INFO - 11/05/25 18:38:07 - 0:20:26 - Epoch 227: train_loss=0.6742242574691772, train_AUC=0.9979766423090125, train_AP=0.9970785024704282, time=0.3714923858642578
INFO - 11/05/25 18:38:07 - 0:20:26 - Epoch 227: val_AUC=0.9473473605155807, val_AP=0.9506697291951377
INFO - 11/05/25 18:38:08 - 0:20:26 - Epoch 228: train_loss=0.673759937286377, train_AUC=0.9979743395307047, train_AP=0.9969154280006081, time=0.3609325885772705
INFO - 11/05/25 18:38:08 - 0:20:26 - Epoch 228: val_AUC=0.94725531578673, val_AP=0.9506070708737038
INFO - 11/05/25 18:38:08 - 0:20:27 - Epoch 229: train_loss=0.6743711233139038, train_AUC=0.9979863949934331, train_AP=0.997076021848455, time=0.35483694076538086
INFO - 11/05/25 18:38:08 - 0:20:27 - Epoch 229: val_AUC=0.9471229505793116, val_AP=0.9505398792267783
INFO - 11/05/25 18:38:09 - 0:20:27 - Epoch 230: train_loss=0.6716029644012451, train_AUC=0.9980869172987071, train_AP=0.9971463271314378, time=0.3565492630004883
INFO - 11/05/25 18:38:09 - 0:20:27 - Epoch 230: val_AUC=0.9469317337642873, val_AP=0.9504218074196671
INFO - 11/05/25 18:38:09 - 0:20:28 - Epoch 231: train_loss=0.6704171895980835, train_AUC=0.998495034251167, train_AP=0.997897185550151, time=0.37168097496032715
INFO - 11/05/25 18:38:09 - 0:20:28 - Epoch 231: val_AUC=0.9468217688227398, val_AP=0.9503542891945357
INFO - 11/05/25 18:38:10 - 0:20:28 - Epoch 232: train_loss=0.6706933975219727, train_AUC=0.9981892897520592, train_AP=0.9974826616303267, time=0.3460369110107422
INFO - 11/05/25 18:38:10 - 0:20:28 - Epoch 232: val_AUC=0.9466543777450509, val_AP=0.9502303033945373
INFO - 11/05/25 18:38:10 - 0:20:29 - Epoch 233: train_loss=0.6708812117576599, train_AUC=0.9979685824968745, train_AP=0.9968737253593561, time=0.3507373332977295
INFO - 11/05/25 18:38:10 - 0:20:29 - Epoch 233: val_AUC=0.9464340405843946, val_AP=0.9500648875699249
INFO - 11/05/25 18:38:11 - 0:20:29 - Epoch 234: train_loss=0.670034646987915, train_AUC=0.9980915351837727, train_AP=0.9972052577697592, time=0.34433817863464355
INFO - 11/05/25 18:38:11 - 0:20:29 - Epoch 234: val_AUC=0.9462652240352409, val_AP=0.9499650585902388
INFO - 11/05/25 18:38:11 - 0:20:30 - Epoch 235: train_loss=0.6689901351928711, train_AUC=0.9980839443810905, train_AP=0.997187207667707, time=0.34176158905029297
INFO - 11/05/25 18:38:11 - 0:20:30 - Epoch 235: val_AUC=0.9461634046449192, val_AP=0.949911374606767
INFO - 11/05/25 18:38:12 - 0:20:30 - Epoch 236: train_loss=0.6703252792358398, train_AUC=0.9981056310049484, train_AP=0.9973334198215057, time=0.3425149917602539
INFO - 11/05/25 18:38:12 - 0:20:30 - Epoch 236: val_AUC=0.946112087672197, val_AP=0.9498968785169871
INFO - 11/05/25 18:38:12 - 0:20:30 - Epoch 237: train_loss=0.6680890321731567, train_AUC=0.9982683785189383, train_AP=0.9975127026373833, time=0.3450450897216797
INFO - 11/05/25 18:38:12 - 0:20:31 - Epoch 237: val_AUC=0.9460434614031201, val_AP=0.9498488118318156
INFO - 11/05/25 18:38:12 - 0:20:31 - Epoch 238: train_loss=0.6678078174591064, train_AUC=0.9982808563191339, train_AP=0.9976615520807657, time=0.3468003273010254
INFO - 11/05/25 18:38:13 - 0:20:31 - Epoch 238: val_AUC=0.9459675041379401, val_AP=0.949816034631516
INFO - 11/05/25 18:38:13 - 0:20:31 - Epoch 239: train_loss=0.6676546335220337, train_AUC=0.9983968767186916, train_AP=0.9977092531804721, time=0.3436286449432373
INFO - 11/05/25 18:38:13 - 0:20:31 - Epoch 239: val_AUC=0.9459176126366823, val_AP=0.949786865047093
INFO - 11/05/25 18:38:13 - 0:20:32 - Epoch 240: train_loss=0.6655085682868958, train_AUC=0.9983335044357791, train_AP=0.9974089111668022, time=0.34318971633911133
INFO - 11/05/25 18:38:13 - 0:20:32 - Epoch 240: val_AUC=0.9457142793142097, val_AP=0.949633350228528
INFO - 11/05/25 18:38:14 - 0:20:32 - Epoch 241: train_loss=0.6652765274047852, train_AUC=0.9984347104416565, train_AP=0.9977965664070121, time=0.33777832984924316
INFO - 11/05/25 18:38:14 - 0:20:32 - Epoch 241: val_AUC=0.9455003567751437, val_AP=0.9494861675937044
INFO - 11/05/25 18:38:14 - 0:20:33 - Epoch 242: train_loss=0.6651376485824585, train_AUC=0.9982597519503495, train_AP=0.9974997460785403, time=0.339428186416626
INFO - 11/05/25 18:38:14 - 0:20:33 - Epoch 242: val_AUC=0.9453675842901641, val_AP=0.9493828934963372
INFO - 11/05/25 18:38:15 - 0:20:33 - Epoch 243: train_loss=0.6653138399124146, train_AUC=0.9983102977140569, train_AP=0.9974636783719668, time=0.3394629955291748
INFO - 11/05/25 18:38:15 - 0:20:33 - Epoch 243: val_AUC=0.9452207607293202, val_AP=0.9492731069532753
INFO - 11/05/25 18:38:15 - 0:20:34 - Epoch 244: train_loss=0.6632760763168335, train_AUC=0.9983782951029843, train_AP=0.9976030906283706, time=0.30316686630249023
INFO - 11/05/25 18:38:15 - 0:20:34 - Epoch 244: val_AUC=0.9450541842067537, val_AP=0.9491539510327742
INFO - 11/05/25 18:38:15 - 0:20:34 - Epoch 245: train_loss=0.6639213562011719, train_AUC=0.9983415549135194, train_AP=0.9976386097583759, time=0.30117154121398926
INFO - 11/05/25 18:38:16 - 0:20:34 - Epoch 245: val_AUC=0.9450641625070053, val_AP=0.9491772626702066
INFO - 11/05/25 18:38:16 - 0:20:34 - Epoch 246: train_loss=0.6631454229354858, train_AUC=0.9983556033582236, train_AP=0.9976399710749768, time=0.3000469207763672
INFO - 11/05/25 18:38:16 - 0:20:34 - Epoch 246: val_AUC=0.9450271002489279, val_AP=0.9491716914102791
INFO - 11/05/25 18:38:16 - 0:20:35 - Epoch 247: train_loss=0.6624137163162231, train_AUC=0.9984372583799954, train_AP=0.9976321967061806, time=0.30078935623168945
INFO - 11/05/25 18:38:16 - 0:20:35 - Epoch 247: val_AUC=0.9448426035136649, val_AP=0.9490566447201635
INFO - 11/05/25 18:38:17 - 0:20:35 - Epoch 248: train_loss=0.6626598834991455, train_AUC=0.9983851828317846, train_AP=0.9976704025443817, time=0.3029820919036865
INFO - 11/05/25 18:38:17 - 0:20:35 - Epoch 248: val_AUC=0.9447422095948078, val_AP=0.9489845149715685
INFO - 11/05/25 18:38:17 - 0:20:36 - Epoch 249: train_loss=0.6614351272583008, train_AUC=0.9983805348300772, train_AP=0.9977096132087288, time=0.30019640922546387
INFO - 11/05/25 18:38:17 - 0:20:36 - Epoch 249: val_AUC=0.9445770585437058, val_AP=0.9488551904295587
INFO - 11/05/25 18:38:17 - 0:20:36 - Epoch 250: train_loss=0.6607092618942261, train_AUC=0.9984035953716085, train_AP=0.9976744743480406, time=0.30262112617492676
INFO - 11/05/25 18:38:18 - 0:20:36 - Epoch 250: val_AUC=0.9443893035879524, val_AP=0.9487210013838707
INFO - 11/05/25 18:38:18 - 0:20:36 - Epoch 251: train_loss=0.6601734757423401, train_AUC=0.9985938090867377, train_AP=0.9979187477612201, time=0.3006272315979004
INFO - 11/05/25 18:38:18 - 0:20:36 - Epoch 251: val_AUC=0.9442848368934823, val_AP=0.9486534938951385
INFO - 11/05/25 18:38:18 - 0:20:37 - Epoch 252: train_loss=0.6592617034912109, train_AUC=0.9985506355599091, train_AP=0.998052667855547, time=0.30074262619018555
INFO - 11/05/25 18:38:18 - 0:20:37 - Epoch 252: val_AUC=0.9441952358299991, val_AP=0.9486049118244944
INFO - 11/05/25 18:38:19 - 0:20:37 - Epoch 253: train_loss=0.6588690876960754, train_AUC=0.9983605379083291, train_AP=0.9974957086555026, time=0.30034303665161133
INFO - 11/05/25 18:38:19 - 0:20:37 - Epoch 253: val_AUC=0.9440699979799032, val_AP=0.9485381201201959
INFO - 11/05/25 18:38:19 - 0:20:38 - Epoch 254: train_loss=0.6582980155944824, train_AUC=0.9985015156694851, train_AP=0.997796640030523, time=0.2955818176269531
INFO - 11/05/25 18:38:19 - 0:20:38 - Epoch 254: val_AUC=0.9439305054151624, val_AP=0.9484361618903822
INFO - 11/05/25 18:38:19 - 0:20:38 - Epoch 255: train_loss=0.6574915647506714, train_AUC=0.9984239676065937, train_AP=0.9976247869903477, time=0.30089640617370605
INFO - 11/05/25 18:38:19 - 0:20:38 - Epoch 255: val_AUC=0.9437875509911509, val_AP=0.9483316056701714
INFO - 11/05/25 18:38:20 - 0:20:38 - Epoch 256: train_loss=0.6581038236618042, train_AUC=0.9983930217885498, train_AP=0.9976858762132784, time=0.2933046817779541
INFO - 11/05/25 18:38:20 - 0:20:38 - Epoch 256: val_AUC=0.943709150060603, val_AP=0.9482990586203955
INFO - 11/05/25 18:38:20 - 0:20:39 - Epoch 257: train_loss=0.6572359800338745, train_AUC=0.9984391817942898, train_AP=0.9976983975930309, time=0.29291677474975586
INFO - 11/05/25 18:38:20 - 0:20:39 - Epoch 257: val_AUC=0.9435655847202491, val_AP=0.9482088526934577
INFO - 11/05/25 18:38:21 - 0:20:39 - Epoch 258: train_loss=0.6577266454696655, train_AUC=0.9985508805438192, train_AP=0.9979814489415297, time=0.2927238941192627
INFO - 11/05/25 18:38:21 - 0:20:39 - Epoch 258: val_AUC=0.9434753727404239, val_AP=0.9481323203325104
INFO - 11/05/25 18:38:21 - 0:20:39 - Epoch 259: train_loss=0.6568895578384399, train_AUC=0.9983149439545571, train_AP=0.9974679659970914, time=0.2958848476409912
INFO - 11/05/25 18:38:21 - 0:20:40 - Epoch 259: val_AUC=0.9433169417690835, val_AP=0.9480338319916061
INFO - 11/05/25 18:38:21 - 0:20:40 - Epoch 260: train_loss=0.6562116146087646, train_AUC=0.9985769192865885, train_AP=0.997905168597709, time=0.29324865341186523
INFO - 11/05/25 18:38:21 - 0:20:40 - Epoch 260: val_AUC=0.9431078047413625, val_AP=0.947888776812312
INFO - 11/05/25 18:38:22 - 0:20:40 - Epoch 261: train_loss=0.6554397344589233, train_AUC=0.998513287225626, train_AP=0.9978123976003636, time=0.29837989807128906
INFO - 11/05/25 18:38:22 - 0:20:40 - Epoch 261: val_AUC=0.9429695340093054, val_AP=0.9477961096298658
INFO - 11/05/25 18:38:22 - 0:20:41 - Epoch 262: train_loss=0.654593825340271, train_AUC=0.9984955573296813, train_AP=0.9976610579539053, time=0.2973177433013916
INFO - 11/05/25 18:38:22 - 0:20:41 - Epoch 262: val_AUC=0.9428520344328741, val_AP=0.9477242378662702
INFO - 11/05/25 18:38:23 - 0:20:41 - Epoch 263: train_loss=0.6540327668190002, train_AUC=0.9984214323489461, train_AP=0.9976883259940275, time=0.2979457378387451
INFO - 11/05/25 18:38:23 - 0:20:41 - Epoch 263: val_AUC=0.9426944180166561, val_AP=0.9475961911006258
INFO - 11/05/25 18:38:23 - 0:20:41 - Epoch 264: train_loss=0.6544234156608582, train_AUC=0.9986143960128706, train_AP=0.9980778005534778, time=0.3006865978240967
INFO - 11/05/25 18:38:23 - 0:20:42 - Epoch 264: val_AUC=0.9426655013098046, val_AP=0.9475454680343178
INFO - 11/05/25 18:38:23 - 0:20:42 - Epoch 265: train_loss=0.6542981863021851, train_AUC=0.9984709560841624, train_AP=0.9976259901068041, time=0.2973363399505615
INFO - 11/05/25 18:38:23 - 0:20:42 - Epoch 265: val_AUC=0.942541281653612, val_AP=0.9474771883791562
INFO - 11/05/25 18:38:24 - 0:20:42 - Epoch 266: train_loss=0.6524835824966431, train_AUC=0.9986694092545556, train_AP=0.9979879292426399, time=0.2991445064544678
INFO - 11/05/25 18:38:24 - 0:20:42 - Epoch 266: val_AUC=0.9424140074157099, val_AP=0.9473952839776225
INFO - 11/05/25 18:38:24 - 0:20:43 - Epoch 267: train_loss=0.6530040502548218, train_AUC=0.9986470479122503, train_AP=0.998035074430728, time=0.2970585823059082
INFO - 11/05/25 18:38:24 - 0:20:43 - Epoch 267: val_AUC=0.9423233881583236, val_AP=0.9473294679237493
INFO - 11/05/25 18:38:24 - 0:20:43 - Epoch 268: train_loss=0.652400016784668, train_AUC=0.9984749055911264, train_AP=0.9975512817073431, time=0.2971036434173584
INFO - 11/05/25 18:38:25 - 0:20:43 - Epoch 268: val_AUC=0.942116898434751, val_AP=0.9471819802857698
INFO - 11/05/25 18:38:25 - 0:20:43 - Epoch 269: train_loss=0.6521425247192383, train_AUC=0.9985704818984485, train_AP=0.9979464136022865, time=0.3037598133087158
INFO - 11/05/25 18:38:25 - 0:20:44 - Epoch 269: val_AUC=0.9420877780891188, val_AP=0.9471439931838065
INFO - 11/05/25 18:38:25 - 0:20:44 - Epoch 270: train_loss=0.6509482860565186, train_AUC=0.998588486366583, train_AP=0.9978129251230335, time=0.2977273464202881
INFO - 11/05/25 18:38:25 - 0:20:44 - Epoch 270: val_AUC=0.9421433714762345, val_AP=0.9471768364755971
INFO - 11/05/25 18:38:26 - 0:20:44 - Epoch 271: train_loss=0.6509497165679932, train_AUC=0.9985655195212705, train_AP=0.9978579491070911, time=0.3012862205505371
INFO - 11/05/25 18:38:26 - 0:20:44 - Epoch 271: val_AUC=0.9419845332273326, val_AP=0.9470315903885523
INFO - 11/05/25 18:38:26 - 0:20:45 - Epoch 272: train_loss=0.6492497324943542, train_AUC=0.9986431248233932, train_AP=0.9979921859903614, time=0.3017895221710205
INFO - 11/05/25 18:38:26 - 0:20:45 - Epoch 272: val_AUC=0.9418043129064629, val_AP=0.9468853851522081
INFO - 11/05/25 18:38:26 - 0:20:45 - Epoch 273: train_loss=0.6500658988952637, train_AUC=0.9985955565564409, train_AP=0.9979421586599801, time=0.3023388385772705
INFO - 11/05/25 18:38:27 - 0:20:45 - Epoch 273: val_AUC=0.9417462758539796, val_AP=0.9468309974183168
INFO - 11/05/25 18:38:27 - 0:20:45 - Epoch 274: train_loss=0.649240255355835, train_AUC=0.9986328592754595, train_AP=0.9981017141285118, time=0.2998535633087158
INFO - 11/05/25 18:38:27 - 0:20:45 - Epoch 274: val_AUC=0.9415000765681816, val_AP=0.9466604600280222
INFO - 11/05/25 18:38:27 - 0:20:46 - Epoch 275: train_loss=0.6491435170173645, train_AUC=0.998549815894116, train_AP=0.9978460923631259, time=0.2984468936920166
INFO - 11/05/25 18:38:27 - 0:20:46 - Epoch 275: val_AUC=0.9415051675376976, val_AP=0.9466807864843518
INFO - 11/05/25 18:38:28 - 0:20:46 - Epoch 276: train_loss=0.6482563018798828, train_AUC=0.9984466026404851, train_AP=0.9977657974172199, time=0.30037927627563477
INFO - 11/05/25 18:38:28 - 0:20:46 - Epoch 276: val_AUC=0.9414687161959623, val_AP=0.9466537735914818
INFO - 11/05/25 18:38:28 - 0:20:47 - Epoch 277: train_loss=0.6482582092285156, train_AUC=0.9985870302005373, train_AP=0.9978001186135976, time=0.2981691360473633
INFO - 11/05/25 18:38:28 - 0:20:47 - Epoch 277: val_AUC=0.9413343146007377, val_AP=0.946549371811875
INFO - 11/05/25 18:38:28 - 0:20:47 - Epoch 278: train_loss=0.6473824381828308, train_AUC=0.9985467339577787, train_AP=0.9977423515822867, time=0.29846906661987305
INFO - 11/05/25 18:38:29 - 0:20:47 - Epoch 278: val_AUC=0.9412956232324152, val_AP=0.9465001075479634
INFO - 11/05/25 18:38:29 - 0:20:47 - Epoch 279: train_loss=0.6476344466209412, train_AUC=0.9985757100417808, train_AP=0.9979479538250319, time=0.30386781692504883
INFO - 11/05/25 18:38:29 - 0:20:47 - Epoch 279: val_AUC=0.9411487996715715, val_AP=0.9463736990841763
INFO - 11/05/25 18:38:29 - 0:20:48 - Epoch 280: train_loss=0.6469114422798157, train_AUC=0.9985851349655566, train_AP=0.9978655547859844, time=0.3030049800872803
INFO - 11/05/25 18:38:29 - 0:20:48 - Epoch 280: val_AUC=0.9409575828565471, val_AP=0.9462360669026687
INFO - 11/05/25 18:38:30 - 0:20:48 - Epoch 281: train_loss=0.6458634734153748, train_AUC=0.9986449561265553, train_AP=0.9979388638441405, time=0.29998207092285156
INFO - 11/05/25 18:38:30 - 0:20:48 - Epoch 281: val_AUC=0.940777158896897, val_AP=0.9460960399788818
INFO - 11/05/25 18:38:30 - 0:20:49 - Epoch 282: train_loss=0.6455040574073792, train_AUC=0.9986995317082714, train_AP=0.9981507966724785, time=0.2974727153778076
INFO - 11/05/25 18:38:30 - 0:20:49 - Epoch 282: val_AUC=0.9406170988153112, val_AP=0.9459707815137446
INFO - 11/05/25 18:38:30 - 0:20:49 - Epoch 283: train_loss=0.645481288433075, train_AUC=0.9987279190207337, train_AP=0.9980931554526927, time=0.3003995418548584
INFO - 11/05/25 18:38:31 - 0:20:49 - Epoch 283: val_AUC=0.9406065095987175, val_AP=0.9459532081296324
INFO - 11/05/25 18:38:31 - 0:20:49 - Epoch 284: train_loss=0.6451330184936523, train_AUC=0.9985478357689522, train_AP=0.9977177657523805, time=0.2998166084289551
INFO - 11/05/25 18:38:31 - 0:20:49 - Epoch 284: val_AUC=0.9405549889872149, val_AP=0.9459292926181487
INFO - 11/05/25 18:38:31 - 0:20:50 - Epoch 285: train_loss=0.6446743011474609, train_AUC=0.9986829916838561, train_AP=0.9981832062229217, time=0.3016023635864258
INFO - 11/05/25 18:38:31 - 0:20:50 - Epoch 285: val_AUC=0.9406209679521433, val_AP=0.9459537346615764
INFO - 11/05/25 18:38:32 - 0:20:50 - Epoch 286: train_loss=0.6443343162536621, train_AUC=0.9987188422876052, train_AP=0.9980360052093804, time=0.297588586807251
INFO - 11/05/25 18:38:32 - 0:20:50 - Epoch 286: val_AUC=0.9404073508712483, val_AP=0.9457626972649779
INFO - 11/05/25 18:38:32 - 0:20:51 - Epoch 287: train_loss=0.6439085006713867, train_AUC=0.9986153898620478, train_AP=0.9979048815639472, time=0.30072784423828125
INFO - 11/05/25 18:38:32 - 0:20:51 - Epoch 287: val_AUC=0.9403142879484941, val_AP=0.9456735952491371
INFO - 11/05/25 18:38:32 - 0:20:51 - Epoch 288: train_loss=0.642670214176178, train_AUC=0.9987018029609718, train_AP=0.9980624579238528, time=0.29811692237854004
INFO - 11/05/25 18:38:32 - 0:20:51 - Epoch 288: val_AUC=0.9401117691811439, val_AP=0.9455461447988298
INFO - 11/05/25 18:38:33 - 0:20:51 - Epoch 289: train_loss=0.6424098014831543, train_AUC=0.9987615351810112, train_AP=0.9981237387328796, time=0.29830098152160645
INFO - 11/05/25 18:38:33 - 0:20:51 - Epoch 289: val_AUC=0.9400008878650836, val_AP=0.9454794634318953
INFO - 11/05/25 18:38:33 - 0:20:52 - Epoch 290: train_loss=0.6424772143363953, train_AUC=0.9987852309899502, train_AP=0.998136632895735, time=0.30221033096313477
INFO - 11/05/25 18:38:33 - 0:20:52 - Epoch 290: val_AUC=0.9399397962308906, val_AP=0.9454246807875034
INFO - 11/05/25 18:38:34 - 0:20:52 - Epoch 291: train_loss=0.6406442523002625, train_AUC=0.9986419437578993, train_AP=0.9980189392371364, time=0.2991204261779785
INFO - 11/05/25 18:38:34 - 0:20:52 - Epoch 291: val_AUC=0.9396844331999634, val_AP=0.9452249734915265
INFO - 11/05/25 18:38:34 - 0:20:53 - Epoch 292: train_loss=0.6407516002655029, train_AUC=0.998735186465789, train_AP=0.9979655419515574, time=0.2996037006378174
INFO - 11/05/25 18:38:34 - 0:20:53 - Epoch 292: val_AUC=0.9399654547172516, val_AP=0.945376165463509
INFO - 11/05/25 18:38:34 - 0:20:53 - Epoch 293: train_loss=0.6412948369979858, train_AUC=0.998643552796723, train_AP=0.9979021275077974, time=0.29239606857299805
INFO - 11/05/25 18:38:34 - 0:20:53 - Epoch 293: val_AUC=0.9396206942616221, val_AP=0.9451440208977976
INFO - 11/05/25 18:38:35 - 0:20:53 - Epoch 294: train_loss=0.640186071395874, train_AUC=0.9988245737151746, train_AP=0.9982311532358445, time=0.2931973934173584
INFO - 11/05/25 18:38:35 - 0:20:53 - Epoch 294: val_AUC=0.9396591819911637, val_AP=0.945164240482916
INFO - 11/05/25 18:38:35 - 0:20:54 - Epoch 295: train_loss=0.6395857334136963, train_AUC=0.9987736182946915, train_AP=0.9982015052805739, time=0.29294848442077637
INFO - 11/05/25 18:38:35 - 0:20:54 - Epoch 295: val_AUC=0.9393875278577851, val_AP=0.9449742877788804
INFO - 11/05/25 18:38:36 - 0:20:54 - Epoch 296: train_loss=0.6397855281829834, train_AUC=0.9987748171483771, train_AP=0.9981243411394501, time=0.2973177433013916
INFO - 11/05/25 18:38:36 - 0:20:54 - Epoch 296: val_AUC=0.939272268307941, val_AP=0.9448811590177152
INFO - 11/05/25 18:38:36 - 0:20:54 - Epoch 297: train_loss=0.6399056911468506, train_AUC=0.9986899521505105, train_AP=0.9978396680286643, time=0.29555225372314453
INFO - 11/05/25 18:38:36 - 0:20:55 - Epoch 297: val_AUC=0.9393451709914113, val_AP=0.9449190490011884
INFO - 11/05/25 18:38:36 - 0:20:55 - Epoch 298: train_loss=0.63916015625, train_AUC=0.9987691178821406, train_AP=0.9981473923617596, time=0.29499316215515137
INFO - 11/05/25 18:38:36 - 0:20:55 - Epoch 298: val_AUC=0.9391655615868838, val_AP=0.9448007395954904
INFO - 11/05/25 18:38:37 - 0:20:55 - Epoch 299: train_loss=0.6387081146240234, train_AUC=0.9986997240320887, train_AP=0.9979320906816468, time=0.29221177101135254
INFO - 11/05/25 18:38:37 - 0:20:55 - Epoch 299: val_AUC=0.9394107426787786, val_AP=0.9449689579426906
INFO - 11/05/25 18:38:37 - 0:20:56 - Epoch 300: train_loss=0.6390001177787781, train_AUC=0.9986807172609828, train_AP=0.9979732915516829, time=0.2968113422393799
INFO - 11/05/25 18:38:37 - 0:20:56 - Epoch 300: val_AUC=0.9391026372036647, val_AP=0.9447575356713735
INFO - 11/05/25 18:38:37 - 0:20:56 - best_epoch=157
INFO - 11/05/25 18:38:37 - 0:20:56 - test_auc= 95.46%, test_ap= 95.46%
INFO - 11/05/25 18:38:37 - 0:20:56 - 
                                     train iters 6
INFO - 11/05/25 18:38:37 - 0:20:56 - --------------------------Training Start-------------------------
INFO - 11/05/25 18:38:39 - 0:20:58 - Epoch 0: train_loss=6.302201271057129, train_AUC=0.9959753352833944, train_AP=0.995679073119853, time=2.155996561050415
INFO - 11/05/25 18:38:39 - 0:20:58 - Epoch 0: val_AUC=0.8191541007963092, val_AP=0.8541389777655478
INFO - 11/05/25 18:38:40 - 0:20:58 - Epoch 1: train_loss=2.0721702575683594, train_AUC=0.9570948018820086, train_AP=0.9684504128842909, time=0.2957003116607666
INFO - 11/05/25 18:38:40 - 0:20:58 - Epoch 1: val_AUC=0.6060815500006517, val_AP=0.6865322208992726
INFO - 11/05/25 18:38:40 - 0:20:59 - Epoch 2: train_loss=5.469798564910889, train_AUC=0.633753054961689, train_AP=0.7329548064713535, time=0.2947864532470703
INFO - 11/05/25 18:38:40 - 0:20:59 - Epoch 2: val_AUC=0.6781319033546638, val_AP=0.7258668944446972
INFO - 11/05/25 18:38:41 - 0:20:59 - Epoch 3: train_loss=3.845472574234009, train_AUC=0.7132650834131362, train_AP=0.7748012578427155, time=0.29584670066833496
INFO - 11/05/25 18:38:41 - 0:20:59 - Epoch 3: val_AUC=0.6518797081286085, val_AP=0.707741184869515
INFO - 11/05/25 18:38:41 - 0:20:59 - Epoch 4: train_loss=4.720028877258301, train_AUC=0.6627196985414195, train_AP=0.7326103444124462, time=0.3069736957550049
INFO - 11/05/25 18:38:41 - 0:21:00 - Epoch 4: val_AUC=0.6999079145433929, val_AP=0.7396150843007843
INFO - 11/05/25 18:38:41 - 0:21:00 - Epoch 5: train_loss=3.8069047927856445, train_AUC=0.7214987805866867, train_AP=0.7744865711178464, time=0.2953670024871826
INFO - 11/05/25 18:38:41 - 0:21:00 - Epoch 5: val_AUC=0.7755020917775547, val_AP=0.7910125432587234
INFO - 11/05/25 18:38:42 - 0:21:00 - Epoch 6: train_loss=2.7615280151367188, train_AUC=0.8075789187258542, train_AP=0.835301041990355, time=0.2976546287536621
INFO - 11/05/25 18:38:42 - 0:21:00 - Epoch 6: val_AUC=0.801836862529161, val_AP=0.8138016745137228
INFO - 11/05/25 18:38:42 - 0:21:01 - Epoch 7: train_loss=2.8222389221191406, train_AUC=0.8363860596395905, train_AP=0.8620455807039862, time=0.2952699661254883
INFO - 11/05/25 18:38:42 - 0:21:01 - Epoch 7: val_AUC=0.787963563320257, val_AP=0.8069550395314626
INFO - 11/05/25 18:38:43 - 0:21:01 - Epoch 8: train_loss=2.9926600456237793, train_AUC=0.815059198792672, train_AP=0.8495770373221196, time=0.3029608726501465
INFO - 11/05/25 18:38:43 - 0:21:01 - Epoch 8: val_AUC=0.8068311036244445, val_AP=0.8190716396799997
INFO - 11/05/25 18:38:43 - 0:21:01 - Epoch 9: train_loss=2.7663345336914062, train_AUC=0.8361103569309125, train_AP=0.8634016738758774, time=0.2997739315032959
INFO - 11/05/25 18:38:43 - 0:21:02 - Epoch 9: val_AUC=0.8346665903700036, val_AP=0.8399369284060718
INFO - 11/05/25 18:38:43 - 0:21:02 - Epoch 10: train_loss=2.374300956726074, train_AUC=0.8712261965179025, train_AP=0.8893877284355872, time=0.2977735996246338
INFO - 11/05/25 18:38:43 - 0:21:02 - Epoch 10: val_AUC=0.8710113272035344, val_AP=0.8685421455816806
INFO - 11/05/25 18:38:44 - 0:21:02 - Epoch 11: train_loss=1.9546164274215698, train_AUC=0.9130837405812475, train_AP=0.9186127174561478, time=0.2989025115966797
INFO - 11/05/25 18:38:44 - 0:21:02 - Epoch 11: val_AUC=0.8859884504229171, val_AP=0.8795908865705937
INFO - 11/05/25 18:38:44 - 0:21:03 - Epoch 12: train_loss=1.7485603094100952, train_AUC=0.9300998451704506, train_AP=0.9316912773020354, time=0.29561400413513184
INFO - 11/05/25 18:38:44 - 0:21:03 - Epoch 12: val_AUC=0.8885580663764677, val_AP=0.8816542654787116
INFO - 11/05/25 18:38:45 - 0:21:03 - Epoch 13: train_loss=1.6847176551818848, train_AUC=0.9310948162365511, train_AP=0.9326031571092572, time=0.2998485565185547
INFO - 11/05/25 18:38:45 - 0:21:03 - Epoch 13: val_AUC=0.8943123892205035, val_AP=0.8845496354478097
INFO - 11/05/25 18:38:45 - 0:21:03 - Epoch 14: train_loss=1.5218074321746826, train_AUC=0.9353548377530352, train_AP=0.933380589694577, time=0.29988789558410645
INFO - 11/05/25 18:38:45 - 0:21:04 - Epoch 14: val_AUC=0.9002015209373248, val_AP=0.8882182970976374
INFO - 11/05/25 18:38:45 - 0:21:04 - Epoch 15: train_loss=1.4128162860870361, train_AUC=0.9413074404246189, train_AP=0.936900206267468, time=0.30700159072875977
INFO - 11/05/25 18:38:45 - 0:21:04 - Epoch 15: val_AUC=0.9019490471334177, val_AP=0.8902031328198492
INFO - 11/05/25 18:38:46 - 0:21:04 - Epoch 16: train_loss=1.4048736095428467, train_AUC=0.9418178472298173, train_AP=0.9369133759786198, time=0.2965853214263916
INFO - 11/05/25 18:38:46 - 0:21:04 - Epoch 16: val_AUC=0.9051426123108601, val_AP=0.8932910876938208
INFO - 11/05/25 18:38:46 - 0:21:05 - Epoch 17: train_loss=1.3900597095489502, train_AUC=0.9435137114511072, train_AP=0.9374218045783206, time=0.29776954650878906
INFO - 11/05/25 18:38:46 - 0:21:05 - Epoch 17: val_AUC=0.9094970203573617, val_AP=0.897691226319526
INFO - 11/05/25 18:38:47 - 0:21:05 - Epoch 18: train_loss=1.3272513151168823, train_AUC=0.9488996735592742, train_AP=0.9421873255581394, time=0.29625844955444336
INFO - 11/05/25 18:38:47 - 0:21:05 - Epoch 18: val_AUC=0.9126932328389527, val_AP=0.9012397550205189
INFO - 11/05/25 18:38:47 - 0:21:05 - Epoch 19: train_loss=1.2892086505889893, train_AUC=0.9520188169820178, train_AP=0.9454043452524131, time=0.29626941680908203
INFO - 11/05/25 18:38:47 - 0:21:06 - Epoch 19: val_AUC=0.9152425867338294, val_AP=0.9037182321908382
INFO - 11/05/25 18:38:47 - 0:21:06 - Epoch 20: train_loss=1.270995855331421, train_AUC=0.9534923127775684, train_AP=0.9464320201230794, time=0.29921841621398926
INFO - 11/05/25 18:38:47 - 0:21:06 - Epoch 20: val_AUC=0.9170171968877477, val_AP=0.9051496923218263
INFO - 11/05/25 18:38:48 - 0:21:06 - Epoch 21: train_loss=1.2587792873382568, train_AUC=0.9558863964655204, train_AP=0.9494197185581256, time=0.30136656761169434
INFO - 11/05/25 18:38:48 - 0:21:06 - Epoch 21: val_AUC=0.9185919355784645, val_AP=0.9070467741173311
INFO - 11/05/25 18:38:48 - 0:21:07 - Epoch 22: train_loss=1.2472724914550781, train_AUC=0.9570392747200862, train_AP=0.9499606001675891, time=0.29650068283081055
INFO - 11/05/25 18:38:48 - 0:21:07 - Epoch 22: val_AUC=0.9204167426918115, val_AP=0.9092386623637417
INFO - 11/05/25 18:38:49 - 0:21:07 - Epoch 23: train_loss=1.2216087579727173, train_AUC=0.9588100425517785, train_AP=0.9524973027309677, time=0.3017721176147461
INFO - 11/05/25 18:38:49 - 0:21:07 - Epoch 23: val_AUC=0.9221010390465142, val_AP=0.9110335413820906
INFO - 11/05/25 18:38:49 - 0:21:08 - Epoch 24: train_loss=1.188978910446167, train_AUC=0.9605628101422333, train_AP=0.9541137737402757, time=0.2990705966949463
INFO - 11/05/25 18:38:49 - 0:21:08 - Epoch 24: val_AUC=0.9233992362731169, val_AP=0.9125611481447453
INFO - 11/05/25 18:38:49 - 0:21:08 - Epoch 25: train_loss=1.1641004085540771, train_AUC=0.9621790674495099, train_AP=0.9558057332220404, time=0.2986762523651123
INFO - 11/05/25 18:38:49 - 0:21:08 - Epoch 25: val_AUC=0.9244606015978313, val_AP=0.9139251767805979
INFO - 11/05/25 18:38:50 - 0:21:08 - Epoch 26: train_loss=1.1483707427978516, train_AUC=0.9631676280739391, train_AP=0.9559020286263961, time=0.3023395538330078
INFO - 11/05/25 18:38:50 - 0:21:08 - Epoch 26: val_AUC=0.925509748595707, val_AP=0.9151129213168422
INFO - 11/05/25 18:38:50 - 0:21:09 - Epoch 27: train_loss=1.1419165134429932, train_AUC=0.9638856417474101, train_AP=0.9575907936250272, time=0.2944920063018799
INFO - 11/05/25 18:38:50 - 0:21:09 - Epoch 27: val_AUC=0.9267262866712715, val_AP=0.9162707844777316
INFO - 11/05/25 18:38:51 - 0:21:09 - Epoch 28: train_loss=1.1348490715026855, train_AUC=0.9641887632807556, train_AP=0.9572169915226136, time=0.2970466613769531
INFO - 11/05/25 18:38:51 - 0:21:09 - Epoch 28: val_AUC=0.9280118582934745, val_AP=0.9173895125356683
INFO - 11/05/25 18:38:51 - 0:21:10 - Epoch 29: train_loss=1.124788761138916, train_AUC=0.965799215297127, train_AP=0.9589184890924296, time=0.29837536811828613
INFO - 11/05/25 18:38:51 - 0:21:10 - Epoch 29: val_AUC=0.9293124991854449, val_AP=0.9186128460065672
INFO - 11/05/25 18:38:51 - 0:21:10 - Epoch 30: train_loss=1.1158859729766846, train_AUC=0.9666582424842586, train_AP=0.9597283417516891, time=0.29388928413391113
INFO - 11/05/25 18:38:51 - 0:21:10 - Epoch 30: val_AUC=0.9306088636630219, val_AP=0.91991251263288
INFO - 11/05/25 18:38:52 - 0:21:10 - Epoch 31: train_loss=1.1023046970367432, train_AUC=0.9677798656528102, train_AP=0.9609455092014751, time=0.2949366569519043
INFO - 11/05/25 18:38:52 - 0:21:10 - Epoch 31: val_AUC=0.9320164149148301, val_AP=0.9216574474453372
INFO - 11/05/25 18:38:52 - 0:21:11 - Epoch 32: train_loss=1.0882790088653564, train_AUC=0.9694282942260439, train_AP=0.962850673017196, time=0.2964203357696533
INFO - 11/05/25 18:38:52 - 0:21:11 - Epoch 32: val_AUC=0.9332732734689622, val_AP=0.9230336150818265
INFO - 11/05/25 18:38:53 - 0:21:11 - Epoch 33: train_loss=1.0801804065704346, train_AUC=0.9696675926074545, train_AP=0.9627891266160508, time=0.2952096462249756
INFO - 11/05/25 18:38:53 - 0:21:11 - Epoch 33: val_AUC=0.9345690270301972, val_AP=0.9244720352447482
INFO - 11/05/25 18:38:53 - 0:21:12 - Epoch 34: train_loss=1.0687775611877441, train_AUC=0.9711137618655905, train_AP=0.9647889033798095, time=0.2980191707611084
INFO - 11/05/25 18:38:53 - 0:21:12 - Epoch 34: val_AUC=0.9358849408307159, val_AP=0.9258669054171682
INFO - 11/05/25 18:38:53 - 0:21:12 - Epoch 35: train_loss=1.058585524559021, train_AUC=0.9721444854362036, train_AP=0.9659813240068492, time=0.3038806915283203
INFO - 11/05/25 18:38:54 - 0:21:12 - Epoch 35: val_AUC=0.9371391520806996, val_AP=0.9272362445007698
INFO - 11/05/25 18:38:54 - 0:21:12 - Epoch 36: train_loss=1.0475393533706665, train_AUC=0.9735354343346971, train_AP=0.9675414005619778, time=0.3022024631500244
INFO - 11/05/25 18:38:54 - 0:21:12 - Epoch 36: val_AUC=0.9382802419880357, val_AP=0.928473408729888
INFO - 11/05/25 18:38:54 - 0:21:13 - Epoch 37: train_loss=1.0440338850021362, train_AUC=0.9737473725396374, train_AP=0.967639031327519, time=0.30232787132263184
INFO - 11/05/25 18:38:54 - 0:21:13 - Epoch 37: val_AUC=0.9392462025440186, val_AP=0.9296719528028863
INFO - 11/05/25 18:38:55 - 0:21:13 - Epoch 38: train_loss=1.0376620292663574, train_AUC=0.9748727380971959, train_AP=0.9689370504924555, time=0.2999892234802246
INFO - 11/05/25 18:38:55 - 0:21:13 - Epoch 38: val_AUC=0.9401257184376182, val_AP=0.9307266596911489
INFO - 11/05/25 18:38:55 - 0:21:14 - Epoch 39: train_loss=1.031846523284912, train_AUC=0.9753686494633232, train_AP=0.9688384306175468, time=0.304309606552124
INFO - 11/05/25 18:38:55 - 0:21:14 - Epoch 39: val_AUC=0.9410530894446688, val_AP=0.9318340812774958
INFO - 11/05/25 18:38:55 - 0:21:14 - Epoch 40: train_loss=1.0281050205230713, train_AUC=0.9759417603494532, train_AP=0.9702375068468979, time=0.3013334274291992
INFO - 11/05/25 18:38:56 - 0:21:14 - Epoch 40: val_AUC=0.9419108159887395, val_AP=0.9328058621515691
INFO - 11/05/25 18:38:56 - 0:21:14 - Epoch 41: train_loss=1.0173914432525635, train_AUC=0.9771636409377281, train_AP=0.9716987124657277, time=0.3041341304779053
INFO - 11/05/25 18:38:56 - 0:21:14 - Epoch 41: val_AUC=0.9427815754147715, val_AP=0.9337671448509531
INFO - 11/05/25 18:38:56 - 0:21:15 - Epoch 42: train_loss=1.0084583759307861, train_AUC=0.9778354792829573, train_AP=0.9721290765669851, time=0.2984442710876465
INFO - 11/05/25 18:38:56 - 0:21:15 - Epoch 42: val_AUC=0.9435179332455785, val_AP=0.9345785161065846
INFO - 11/05/25 18:38:57 - 0:21:15 - Epoch 43: train_loss=1.00627863407135, train_AUC=0.9777783941572177, train_AP=0.9722064626855728, time=0.30115318298339844
INFO - 11/05/25 18:38:57 - 0:21:15 - Epoch 43: val_AUC=0.944200937715857, val_AP=0.9353362000425036
INFO - 11/05/25 18:38:57 - 0:21:16 - Epoch 44: train_loss=1.0011093616485596, train_AUC=0.978192905524364, train_AP=0.972732165341613, time=0.299724817276001
INFO - 11/05/25 18:38:57 - 0:21:16 - Epoch 44: val_AUC=0.944868872916368, val_AP=0.9360902896769627
INFO - 11/05/25 18:38:57 - 0:21:16 - Epoch 45: train_loss=0.9967891573905945, train_AUC=0.978614909066594, train_AP=0.972963140634881, time=0.3028585910797119
INFO - 11/05/25 18:38:58 - 0:21:16 - Epoch 45: val_AUC=0.9454981167485565, val_AP=0.9367891617550936
INFO - 11/05/25 18:38:58 - 0:21:16 - Epoch 46: train_loss=0.9908936619758606, train_AUC=0.9794339283205723, train_AP=0.9740289180351844, time=0.30225324630737305
INFO - 11/05/25 18:38:58 - 0:21:17 - Epoch 46: val_AUC=0.9461063857863388, val_AP=0.9374559033262766
INFO - 11/05/25 18:38:58 - 0:21:17 - Epoch 47: train_loss=0.9859086871147156, train_AUC=0.9797579784542318, train_AP=0.974483414810138, time=0.3016502857208252
INFO - 11/05/25 18:38:58 - 0:21:17 - Epoch 47: val_AUC=0.9467097674933858, val_AP=0.9381432930639627
INFO - 11/05/25 18:38:59 - 0:21:17 - Epoch 48: train_loss=0.981261134147644, train_AUC=0.9800992831340348, train_AP=0.9746854833309148, time=0.3037903308868408
INFO - 11/05/25 18:38:59 - 0:21:17 - Epoch 48: val_AUC=0.9472648868094202, val_AP=0.9387381804859192
INFO - 11/05/25 18:38:59 - 0:21:18 - Epoch 49: train_loss=0.9743936061859131, train_AUC=0.9806564836272945, train_AP=0.9751682808169849, time=0.3022196292877197
INFO - 11/05/25 18:38:59 - 0:21:18 - Epoch 49: val_AUC=0.9477646163771194, val_AP=0.9392857022494222
INFO - 11/05/25 18:39:00 - 0:21:18 - Epoch 50: train_loss=0.9684179425239563, train_AUC=0.9814509497167082, train_AP=0.9765160589550016, time=0.30212974548339844
INFO - 11/05/25 18:39:00 - 0:21:18 - Epoch 50: val_AUC=0.9482262654928386, val_AP=0.939815896338663
INFO - 11/05/25 18:39:00 - 0:21:18 - Epoch 51: train_loss=0.9634451866149902, train_AUC=0.9815108134989192, train_AP=0.9761155266984526, time=0.3047220706939697
INFO - 11/05/25 18:39:00 - 0:21:19 - Epoch 51: val_AUC=0.9486394485787643, val_AP=0.9402755724378904
INFO - 11/05/25 18:39:00 - 0:21:19 - Epoch 52: train_loss=0.9574593901634216, train_AUC=0.9822750533995179, train_AP=0.9773247261816547, time=0.3018012046813965
INFO - 11/05/25 18:39:00 - 0:21:19 - Epoch 52: val_AUC=0.9490585371893286, val_AP=0.9407389242938354
INFO - 11/05/25 18:39:01 - 0:21:19 - Epoch 53: train_loss=0.9561833143234253, train_AUC=0.9822693613542307, train_AP=0.9774031062093406, time=0.3007237911224365
INFO - 11/05/25 18:39:01 - 0:21:19 - Epoch 53: val_AUC=0.9494627601689061, val_AP=0.9412049236985252
INFO - 11/05/25 18:39:01 - 0:21:20 - Epoch 54: train_loss=0.9519051313400269, train_AUC=0.9820772062604944, train_AP=0.9765572695056646, time=0.3028523921966553
INFO - 11/05/25 18:39:01 - 0:21:20 - Epoch 54: val_AUC=0.9498704450077544, val_AP=0.9416648121528725
INFO - 11/05/25 18:39:02 - 0:21:20 - Epoch 55: train_loss=0.9499198794364929, train_AUC=0.9823253709107829, train_AP=0.9771351334981293, time=0.2996218204498291
INFO - 11/05/25 18:39:02 - 0:21:20 - Epoch 55: val_AUC=0.9502669297136674, val_AP=0.9421497189311173
INFO - 11/05/25 18:39:02 - 0:21:20 - Epoch 56: train_loss=0.9446758031845093, train_AUC=0.9826170597442372, train_AP=0.9772960239265102, time=0.30065345764160156
INFO - 11/05/25 18:39:02 - 0:21:21 - Epoch 56: val_AUC=0.9506428469027356, val_AP=0.942618064039889
INFO - 11/05/25 18:39:02 - 0:21:21 - Epoch 57: train_loss=0.9409516453742981, train_AUC=0.9828206574006244, train_AP=0.9774551097193673, time=0.3004279136657715
INFO - 11/05/25 18:39:02 - 0:21:21 - Epoch 57: val_AUC=0.9510138767610681, val_AP=0.943070993629537
INFO - 11/05/25 18:39:03 - 0:21:21 - Epoch 58: train_loss=0.9359408617019653, train_AUC=0.9834669703949593, train_AP=0.9786042856624673, time=0.2978825569152832
INFO - 11/05/25 18:39:03 - 0:21:21 - Epoch 58: val_AUC=0.9513610808820654, val_AP=0.9435103719036501
INFO - 11/05/25 18:39:03 - 0:21:22 - Epoch 59: train_loss=0.9333042502403259, train_AUC=0.9834944816830008, train_AP=0.9785403956891278, time=0.2984750270843506
INFO - 11/05/25 18:39:03 - 0:21:22 - Epoch 59: val_AUC=0.9517257979381981, val_AP=0.9439680183774024
INFO - 11/05/25 18:39:04 - 0:21:22 - Epoch 60: train_loss=0.9286603927612305, train_AUC=0.9844911730962148, train_AP=0.979893193801344, time=0.3032052516937256
INFO - 11/05/25 18:39:04 - 0:21:22 - Epoch 60: val_AUC=0.9520330888581892, val_AP=0.9443687580544429
INFO - 11/05/25 18:39:04 - 0:21:23 - Epoch 61: train_loss=0.9268320798873901, train_AUC=0.9840379433517679, train_AP=0.9792104043695886, time=0.3009793758392334
INFO - 11/05/25 18:39:04 - 0:21:23 - Epoch 61: val_AUC=0.9523263287023159, val_AP=0.9447525874228468
INFO - 11/05/25 18:39:04 - 0:21:23 - Epoch 62: train_loss=0.9254345893859863, train_AUC=0.9837681544243534, train_AP=0.9785216980866983, time=0.3027029037475586
INFO - 11/05/25 18:39:04 - 0:21:23 - Epoch 62: val_AUC=0.9526350450937715, val_AP=0.9451534579951268
INFO - 11/05/25 18:39:05 - 0:21:23 - Epoch 63: train_loss=0.9199308156967163, train_AUC=0.9848487111742736, train_AP=0.9803241558955588, time=0.2996392250061035
INFO - 11/05/25 18:39:05 - 0:21:23 - Epoch 63: val_AUC=0.9529321540747304, val_AP=0.9455341206464548
INFO - 11/05/25 18:39:05 - 0:21:24 - Epoch 64: train_loss=0.9166072607040405, train_AUC=0.9851369348327216, train_AP=0.9805762475316755, time=0.300581693649292
INFO - 11/05/25 18:39:05 - 0:21:24 - Epoch 64: val_AUC=0.9532211175044636, val_AP=0.9459297312035088
INFO - 11/05/25 18:39:06 - 0:21:24 - Epoch 65: train_loss=0.9141494035720825, train_AUC=0.9852306372156692, train_AP=0.9808530391858044, time=0.3009927272796631
INFO - 11/05/25 18:39:06 - 0:21:24 - Epoch 65: val_AUC=0.9534530620756168, val_AP=0.9462505932619919
INFO - 11/05/25 18:39:06 - 0:21:25 - Epoch 66: train_loss=0.9098607301712036, train_AUC=0.9854686407576061, train_AP=0.9808838576896513, time=0.2999553680419922
INFO - 11/05/25 18:39:06 - 0:21:25 - Epoch 66: val_AUC=0.9536919303653116, val_AP=0.9465956749340608
INFO - 11/05/25 18:39:06 - 0:21:25 - Epoch 67: train_loss=0.9063879251480103, train_AUC=0.9857410713195779, train_AP=0.9812865760724842, time=0.3082396984100342
INFO - 11/05/25 18:39:07 - 0:21:25 - Epoch 67: val_AUC=0.9539157293852389, val_AP=0.9469378832686206
INFO - 11/05/25 18:39:07 - 0:21:25 - Epoch 68: train_loss=0.9046791791915894, train_AUC=0.9856565229867512, train_AP=0.980876070704169, time=0.3001697063446045
INFO - 11/05/25 18:39:07 - 0:21:25 - Epoch 68: val_AUC=0.9541203863597857, val_AP=0.9472428283295168
INFO - 11/05/25 18:39:07 - 0:21:26 - Epoch 69: train_loss=0.9022244215011597, train_AUC=0.9861883161299936, train_AP=0.9819528375190056, time=0.3051033020019531
INFO - 11/05/25 18:39:07 - 0:21:26 - Epoch 69: val_AUC=0.9543134359238359, val_AP=0.9475288654191234
INFO - 11/05/25 18:39:08 - 0:21:26 - Epoch 70: train_loss=0.9004381895065308, train_AUC=0.9859765073737768, train_AP=0.9812199426993755, time=0.29886364936828613
INFO - 11/05/25 18:39:08 - 0:21:26 - Epoch 70: val_AUC=0.9544883616364086, val_AP=0.9477897880498589
INFO - 11/05/25 18:39:08 - 0:21:27 - Epoch 71: train_loss=0.8962444067001343, train_AUC=0.9865167437439472, train_AP=0.9821171049424255, time=0.2991917133331299
INFO - 11/05/25 18:39:08 - 0:21:27 - Epoch 71: val_AUC=0.954665018278617, val_AP=0.9480679612182701
INFO - 11/05/25 18:39:08 - 0:21:27 - Epoch 72: train_loss=0.8945682048797607, train_AUC=0.9866987965536496, train_AP=0.9826112245959198, time=0.3088846206665039
INFO - 11/05/25 18:39:09 - 0:21:27 - Epoch 72: val_AUC=0.954828031122522, val_AP=0.9483324574175741
INFO - 11/05/25 18:39:09 - 0:21:27 - Epoch 73: train_loss=0.8931677341461182, train_AUC=0.9869587440318044, train_AP=0.982959945746744, time=0.29856228828430176
INFO - 11/05/25 18:39:09 - 0:21:27 - Epoch 73: val_AUC=0.954992163979721, val_AP=0.9485920491489485
INFO - 11/05/25 18:39:09 - 0:21:28 - Epoch 74: train_loss=0.8889068365097046, train_AUC=0.987347575766313, train_AP=0.9833080771350298, time=0.2981984615325928
INFO - 11/05/25 18:39:09 - 0:21:28 - Epoch 74: val_AUC=0.9551685151637581, val_AP=0.9488741232154417
INFO - 11/05/25 18:39:10 - 0:21:28 - Epoch 75: train_loss=0.8867870569229126, train_AUC=0.9872775357293694, train_AP=0.9833225455644458, time=0.2998685836791992
INFO - 11/05/25 18:39:10 - 0:21:28 - Epoch 75: val_AUC=0.9553360080608374, val_AP=0.9491400297694037
INFO - 11/05/25 18:39:10 - 0:21:29 - Epoch 76: train_loss=0.8833261132240295, train_AUC=0.9877667580308593, train_AP=0.9839881023488444, time=0.3062751293182373
INFO - 11/05/25 18:39:10 - 0:21:29 - Epoch 76: val_AUC=0.955484562551317, val_AP=0.949394373750917
INFO - 11/05/25 18:39:11 - 0:21:29 - Epoch 77: train_loss=0.8822479844093323, train_AUC=0.9875594361258984, train_AP=0.9835897827628557, time=0.3231050968170166
INFO - 11/05/25 18:39:11 - 0:21:29 - Epoch 77: val_AUC=0.9556680410926768, val_AP=0.9496724374864205
INFO - 11/05/25 18:39:11 - 0:21:29 - Epoch 78: train_loss=0.8803482055664062, train_AUC=0.9877838461429299, train_AP=0.9837313178228564, time=0.32258057594299316
INFO - 11/05/25 18:39:11 - 0:21:30 - Epoch 78: val_AUC=0.9558204647199886, val_AP=0.9499030904125845
INFO - 11/05/25 18:39:11 - 0:21:30 - Epoch 79: train_loss=0.8784278631210327, train_AUC=0.9877089751148592, train_AP=0.9837000597771539, time=0.3172943592071533
INFO - 11/05/25 18:39:11 - 0:21:30 - Epoch 79: val_AUC=0.9559739065412036, val_AP=0.9501630744765139
INFO - 11/05/25 18:39:12 - 0:21:30 - Epoch 80: train_loss=0.8765169382095337, train_AUC=0.9879833988349274, train_AP=0.9840703264395414, time=0.3159191608428955
INFO - 11/05/25 18:39:12 - 0:21:30 - Epoch 80: val_AUC=0.9561237846837571, val_AP=0.9504032374869948
INFO - 11/05/25 18:39:12 - 0:21:31 - Epoch 81: train_loss=0.8723061084747314, train_AUC=0.9882442033164663, train_AP=0.9843450378234679, time=0.319962739944458
INFO - 11/05/25 18:39:12 - 0:21:31 - Epoch 81: val_AUC=0.9563002376871849, val_AP=0.9506674703990758
INFO - 11/05/25 18:39:13 - 0:21:31 - Epoch 82: train_loss=0.8692389726638794, train_AUC=0.988895380412622, train_AP=0.9853639834926882, time=0.35242486000061035
INFO - 11/05/25 18:39:13 - 0:21:31 - Epoch 82: val_AUC=0.9564805598274446, val_AP=0.950922922081115
INFO - 11/05/25 18:39:13 - 0:21:32 - Epoch 83: train_loss=0.8696514368057251, train_AUC=0.9884008123191642, train_AP=0.9845010258699305, time=0.3448476791381836
INFO - 11/05/25 18:39:13 - 0:21:32 - Epoch 83: val_AUC=0.956630641608779, val_AP=0.9511613400121885
INFO - 11/05/25 18:39:14 - 0:21:32 - Epoch 84: train_loss=0.8661879301071167, train_AUC=0.9887835483397137, train_AP=0.9851676650523786, time=0.3584096431732178
INFO - 11/05/25 18:39:14 - 0:21:32 - Epoch 84: val_AUC=0.9567856107208488, val_AP=0.9513778690698221
INFO - 11/05/25 18:39:14 - 0:21:33 - Epoch 85: train_loss=0.8658720254898071, train_AUC=0.9886178051885354, train_AP=0.9847186532668962, time=0.3488621711730957
INFO - 11/05/25 18:39:14 - 0:21:33 - Epoch 85: val_AUC=0.9569387470838928, val_AP=0.951595826325223
INFO - 11/05/25 18:39:15 - 0:21:33 - Epoch 86: train_loss=0.863325834274292, train_AUC=0.9888298594570245, train_AP=0.9853755944106936, time=0.34424400329589844
INFO - 11/05/25 18:39:15 - 0:21:33 - Epoch 86: val_AUC=0.9570876070325431, val_AP=0.9518007511536688
INFO - 11/05/25 18:39:15 - 0:21:34 - Epoch 87: train_loss=0.8596359491348267, train_AUC=0.9895291775646876, train_AP=0.986228756033843, time=0.35070276260375977
INFO - 11/05/25 18:39:15 - 0:21:34 - Epoch 87: val_AUC=0.9572401324792451, val_AP=0.9520030309468916
INFO - 11/05/25 18:39:16 - 0:21:34 - Epoch 88: train_loss=0.8582653403282166, train_AUC=0.989450820227125, train_AP=0.9858507810631756, time=0.3460352420806885
INFO - 11/05/25 18:39:16 - 0:21:34 - Epoch 88: val_AUC=0.9573989707281471, val_AP=0.9522203533304625
INFO - 11/05/25 18:39:16 - 0:21:35 - Epoch 89: train_loss=0.85602867603302, train_AUC=0.9894665851442873, train_AP=0.9859824745947687, time=0.35210561752319336
INFO - 11/05/25 18:39:16 - 0:21:35 - Epoch 89: val_AUC=0.9575126011677462, val_AP=0.9523949392765158
INFO - 11/05/25 18:39:16 - 0:21:35 - Epoch 90: train_loss=0.854672908782959, train_AUC=0.9896423523819033, train_AP=0.9863722183007332, time=0.3625047206878662
INFO - 11/05/25 18:39:17 - 0:21:35 - Epoch 90: val_AUC=0.9576445590976032, val_AP=0.9525620127430054
INFO - 11/05/25 18:39:17 - 0:21:35 - Epoch 91: train_loss=0.8508795499801636, train_AUC=0.9897232953476369, train_AP=0.9863032852636645, time=0.34697675704956055
INFO - 11/05/25 18:39:17 - 0:21:36 - Epoch 91: val_AUC=0.9577530985676864, val_AP=0.952708556162885
INFO - 11/05/25 18:39:17 - 0:21:36 - Epoch 92: train_loss=0.8501876592636108, train_AUC=0.9899286984174418, train_AP=0.9867178188520166, time=0.3619112968444824
INFO - 11/05/25 18:39:18 - 0:21:36 - Epoch 92: val_AUC=0.957846976045563, val_AP=0.9528450010303327
INFO - 11/05/25 18:39:18 - 0:21:36 - Epoch 93: train_loss=0.8499587774276733, train_AUC=0.9895058621764861, train_AP=0.9859855556584651, time=0.3754913806915283
INFO - 11/05/25 18:39:18 - 0:21:37 - Epoch 93: val_AUC=0.9579418717173428, val_AP=0.9529830661408116
INFO - 11/05/25 18:39:18 - 0:21:37 - Epoch 94: train_loss=0.845241904258728, train_AUC=0.9902472206503175, train_AP=0.9870555054413337, time=0.3549835681915283
INFO - 11/05/25 18:39:19 - 0:21:37 - Epoch 94: val_AUC=0.9580341200849743, val_AP=0.9531238462737428
INFO - 11/05/25 18:39:19 - 0:21:37 - Epoch 95: train_loss=0.8437470197677612, train_AUC=0.9903060155559281, train_AP=0.9870859115414721, time=0.344618558883667
INFO - 11/05/25 18:39:19 - 0:21:38 - Epoch 95: val_AUC=0.9581102809889351, val_AP=0.9532512636561882
INFO - 11/05/25 18:39:19 - 0:21:38 - Epoch 96: train_loss=0.8417429327964783, train_AUC=0.9905104112152611, train_AP=0.9872351039671943, time=0.35244154930114746
INFO - 11/05/25 18:39:19 - 0:21:38 - Epoch 96: val_AUC=0.9581854236989926, val_AP=0.9533808873261225
INFO - 11/05/25 18:39:20 - 0:21:38 - Epoch 97: train_loss=0.8399657011032104, train_AUC=0.9907223967966725, train_AP=0.9877652997466635, time=0.35280632972717285
INFO - 11/05/25 18:39:20 - 0:21:38 - Epoch 97: val_AUC=0.9582420352800114, val_AP=0.9534724729641115
INFO - 11/05/25 18:39:20 - 0:21:39 - Epoch 98: train_loss=0.8379427194595337, train_AUC=0.9907733770501761, train_AP=0.9877618299578856, time=0.34526944160461426
INFO - 11/05/25 18:39:20 - 0:21:39 - Epoch 98: val_AUC=0.9583206398493399, val_AP=0.9535705584193704
INFO - 11/05/25 18:39:21 - 0:21:39 - Epoch 99: train_loss=0.8364458680152893, train_AUC=0.9906367970231958, train_AP=0.9875302874880887, time=0.3576674461364746
INFO - 11/05/25 18:39:21 - 0:21:39 - Epoch 99: val_AUC=0.9583713459057202, val_AP=0.9536625222019973
INFO - 11/05/25 18:39:21 - 0:21:40 - Epoch 100: train_loss=0.8358148336410522, train_AUC=0.9906222797451567, train_AP=0.9875263191636173, time=0.3476142883300781
INFO - 11/05/25 18:39:21 - 0:21:40 - Epoch 100: val_AUC=0.9584185901028295, val_AP=0.953751906364404
INFO - 11/05/25 18:39:22 - 0:21:40 - Epoch 101: train_loss=0.8329763412475586, train_AUC=0.9910562321970844, train_AP=0.9880362989918725, time=0.3536818027496338
INFO - 11/05/25 18:39:22 - 0:21:40 - Epoch 101: val_AUC=0.9584927146189839, val_AP=0.9538779617502966
INFO - 11/05/25 18:39:22 - 0:21:41 - Epoch 102: train_loss=0.8314565420150757, train_AUC=0.9909477851642584, train_AP=0.988135679560529, time=0.3452341556549072
INFO - 11/05/25 18:39:22 - 0:21:41 - Epoch 102: val_AUC=0.9585247877269351, val_AP=0.9539647586024709
INFO - 11/05/25 18:39:23 - 0:21:41 - Epoch 103: train_loss=0.8301990032196045, train_AUC=0.9911223158583564, train_AP=0.9881529428836348, time=0.3444216251373291
INFO - 11/05/25 18:39:23 - 0:21:41 - Epoch 103: val_AUC=0.9585745774088025, val_AP=0.9540562412437955
INFO - 11/05/25 18:39:23 - 0:21:42 - Epoch 104: train_loss=0.8288058042526245, train_AUC=0.9909053723027846, train_AP=0.9875958830520877, time=0.3452267646789551
INFO - 11/05/25 18:39:23 - 0:21:42 - Epoch 104: val_AUC=0.9586199888568859, val_AP=0.954146956321044
INFO - 11/05/25 18:39:24 - 0:21:42 - Epoch 105: train_loss=0.8257838487625122, train_AUC=0.9914230527172629, train_AP=0.9885873265969115, time=0.3072190284729004
INFO - 11/05/25 18:39:24 - 0:21:42 - Epoch 105: val_AUC=0.9586729349398533, val_AP=0.9542564461139749
INFO - 11/05/25 18:39:24 - 0:21:42 - Epoch 106: train_loss=0.8260966539382935, train_AUC=0.9913550377162645, train_AP=0.9886241706620454, time=0.3030662536621094
INFO - 11/05/25 18:39:24 - 0:21:43 - Epoch 106: val_AUC=0.9587341283934366, val_AP=0.9543489630284683
INFO - 11/05/25 18:39:24 - 0:21:43 - Epoch 107: train_loss=0.823212742805481, train_AUC=0.9916635770749491, train_AP=0.9887746337664207, time=0.3026120662689209
INFO - 11/05/25 18:39:24 - 0:21:43 - Epoch 107: val_AUC=0.9587755688852975, val_AP=0.9544252164117456
INFO - 11/05/25 18:39:25 - 0:21:43 - Epoch 108: train_loss=0.8226358890533447, train_AUC=0.9916896256804784, train_AP=0.9887186525852191, time=0.30092930793762207
INFO - 11/05/25 18:39:25 - 0:21:43 - Epoch 108: val_AUC=0.958805096508491, val_AP=0.9544996821701693
INFO - 11/05/25 18:39:25 - 0:21:44 - Epoch 109: train_loss=0.8210629224777222, train_AUC=0.9916402592210578, train_AP=0.9889370593268942, time=0.3021061420440674
INFO - 11/05/25 18:39:25 - 0:21:44 - Epoch 109: val_AUC=0.9588291258846068, val_AP=0.9545816824107481
INFO - 11/05/25 18:39:26 - 0:21:44 - Epoch 110: train_loss=0.8190528154373169, train_AUC=0.9917147952675345, train_AP=0.9888636549884282, time=0.30280327796936035
INFO - 11/05/25 18:39:26 - 0:21:44 - Epoch 110: val_AUC=0.9588853301880647, val_AP=0.9547010948439356
INFO - 11/05/25 18:39:26 - 0:21:45 - Epoch 111: train_loss=0.8155617117881775, train_AUC=0.9921809341318006, train_AP=0.9895363730752766, time=0.30156874656677246
INFO - 11/05/25 18:39:26 - 0:21:45 - Epoch 111: val_AUC=0.9588796283022065, val_AP=0.9547250886762308
INFO - 11/05/25 18:39:26 - 0:21:45 - Epoch 112: train_loss=0.8130654096603394, train_AUC=0.9926391794418806, train_AP=0.9901206461386314, time=0.30875134468078613
INFO - 11/05/25 18:39:27 - 0:21:45 - Epoch 112: val_AUC=0.9588983630700256, val_AP=0.9547733095963852
INFO - 11/05/25 18:39:27 - 0:21:45 - Epoch 113: train_loss=0.8135335445404053, train_AUC=0.9923035340489128, train_AP=0.9897273574546471, time=0.3023502826690674
INFO - 11/05/25 18:39:27 - 0:21:45 - Epoch 113: val_AUC=0.958919337864432, val_AP=0.9548457656359096
INFO - 11/05/25 18:39:27 - 0:21:46 - Epoch 114: train_loss=0.8117954730987549, train_AUC=0.9924506582467929, train_AP=0.9901514008587349, time=0.3018512725830078
INFO - 11/05/25 18:39:27 - 0:21:46 - Epoch 114: val_AUC=0.9589488654876254, val_AP=0.9549061154904661
INFO - 11/05/25 18:39:28 - 0:21:46 - Epoch 115: train_loss=0.8097569346427917, train_AUC=0.9927041091602484, train_AP=0.9904179528053653, time=0.3006448745727539
INFO - 11/05/25 18:39:28 - 0:21:46 - Epoch 115: val_AUC=0.9589547710122638, val_AP=0.9549404413144679
INFO - 11/05/25 18:39:28 - 0:21:47 - Epoch 116: train_loss=0.8097012042999268, train_AUC=0.9923176173655179, train_AP=0.9895673189928119, time=0.30613112449645996
INFO - 11/05/25 18:39:28 - 0:21:47 - Epoch 116: val_AUC=0.9589481527518929, val_AP=0.9549519499155453
INFO - 11/05/25 18:39:28 - 0:21:47 - Epoch 117: train_loss=0.8068618774414062, train_AUC=0.9926444942366034, train_AP=0.9901940329853324, time=0.30529284477233887
INFO - 11/05/25 18:39:29 - 0:21:47 - Epoch 117: val_AUC=0.9589289088871222, val_AP=0.9549586622984463
INFO - 11/05/25 18:39:29 - 0:21:47 - Epoch 118: train_loss=0.8044878244400024, train_AUC=0.9927118353997582, train_AP=0.990078552413988, time=0.30080342292785645
INFO - 11/05/25 18:39:29 - 0:21:48 - Epoch 118: val_AUC=0.9589173014766255, val_AP=0.9549853572358338
INFO - 11/05/25 18:39:29 - 0:21:48 - Epoch 119: train_loss=0.803557276725769, train_AUC=0.9930517531289549, train_AP=0.9908518366929753, time=0.30748796463012695
INFO - 11/05/25 18:39:29 - 0:21:48 - Epoch 119: val_AUC=0.9589146541724771, val_AP=0.9549817534061551
INFO - 11/05/25 18:39:30 - 0:21:48 - Epoch 120: train_loss=0.8035088181495667, train_AUC=0.9926259036387395, train_AP=0.9899623037563393, time=0.3014957904815674
INFO - 11/05/25 18:39:30 - 0:21:48 - Epoch 120: val_AUC=0.95890610134369, val_AP=0.9549923904310212
INFO - 11/05/25 18:39:30 - 0:21:49 - Epoch 121: train_loss=0.8005671501159668, train_AUC=0.9930969453513832, train_AP=0.990832898475375, time=0.301100492477417
INFO - 11/05/25 18:39:30 - 0:21:49 - Epoch 121: val_AUC=0.9589003994578321, val_AP=0.9550051535790206
INFO - 11/05/25 18:39:31 - 0:21:49 - Epoch 122: train_loss=0.800268292427063, train_AUC=0.9930475170735926, train_AP=0.9905644577096209, time=0.303356409072876
INFO - 11/05/25 18:39:31 - 0:21:49 - Epoch 122: val_AUC=0.9588869592983097, val_AP=0.9550007016053532
INFO - 11/05/25 18:39:31 - 0:21:49 - Epoch 123: train_loss=0.7986805438995361, train_AUC=0.9934184748454141, train_AP=0.9914295818794897, time=0.30085253715515137
INFO - 11/05/25 18:39:31 - 0:21:50 - Epoch 123: val_AUC=0.9588714827509807, val_AP=0.9550100382858798
INFO - 11/05/25 18:39:31 - 0:21:50 - Epoch 124: train_loss=0.7980064153671265, train_AUC=0.9931641894720257, train_AP=0.9909258210656616, time=0.30315208435058594
INFO - 11/05/25 18:39:31 - 0:21:50 - Epoch 124: val_AUC=0.9588635408385356, val_AP=0.9550225780929055
INFO - 11/05/25 18:39:32 - 0:21:50 - Epoch 125: train_loss=0.795061469078064, train_AUC=0.9935660761543027, train_AP=0.9916292317274988, time=0.3062140941619873
INFO - 11/05/25 18:39:32 - 0:21:50 - Epoch 125: val_AUC=0.9588299404397296, val_AP=0.9550067689597447
INFO - 11/05/25 18:39:32 - 0:21:51 - Epoch 126: train_loss=0.7938687801361084, train_AUC=0.9934530549143478, train_AP=0.9913358340800077, time=0.3031344413757324
INFO - 11/05/25 18:39:32 - 0:21:51 - Epoch 126: val_AUC=0.9587888054060394, val_AP=0.9549863169479456
INFO - 11/05/25 18:39:33 - 0:21:51 - Epoch 127: train_loss=0.7918920516967773, train_AUC=0.9935330197056477, train_AP=0.9912115738147902, time=0.3040194511413574
INFO - 11/05/25 18:39:33 - 0:21:51 - Epoch 127: val_AUC=0.9587380993496593, val_AP=0.9549513383516848
INFO - 11/05/25 18:39:33 - 0:21:51 - Epoch 128: train_loss=0.7925488948822021, train_AUC=0.993505477420361, train_AP=0.9912562669006084, time=0.307387113571167
INFO - 11/05/25 18:39:33 - 0:21:52 - Epoch 128: val_AUC=0.9586912624301112, val_AP=0.9549237138550362
INFO - 11/05/25 18:39:33 - 0:21:52 - Epoch 129: train_loss=0.7898635864257812, train_AUC=0.993814889457173, train_AP=0.9919132755522239, time=0.30556797981262207
INFO - 11/05/25 18:39:33 - 0:21:52 - Epoch 129: val_AUC=0.9586195815793247, val_AP=0.9548761140787412
INFO - 11/05/25 18:39:34 - 0:21:52 - Epoch 130: train_loss=0.7895224690437317, train_AUC=0.9937943455044937, train_AP=0.9918218539863269, time=0.30300307273864746
INFO - 11/05/25 18:39:34 - 0:21:52 - Epoch 130: val_AUC=0.9585601190553766, val_AP=0.9548481314739092
INFO - 11/05/25 18:39:34 - 0:21:53 - Epoch 131: train_loss=0.7878261208534241, train_AUC=0.9940675654394961, train_AP=0.992211260585689, time=0.3041255474090576
INFO - 11/05/25 18:39:34 - 0:21:53 - Epoch 131: val_AUC=0.9585128748582675, val_AP=0.954821277359188
INFO - 11/05/25 18:39:35 - 0:21:53 - Epoch 132: train_loss=0.7872797846794128, train_AUC=0.9938256715671545, train_AP=0.9919349277605112, time=0.3029611110687256
INFO - 11/05/25 18:39:35 - 0:21:53 - Epoch 132: val_AUC=0.9584770344328741, val_AP=0.9548017484776491
INFO - 11/05/25 18:39:35 - 0:21:53 - Epoch 133: train_loss=0.7858799695968628, train_AUC=0.993792918574486, train_AP=0.9916188685579959, time=0.30485963821411133
INFO - 11/05/25 18:39:35 - 0:21:54 - Epoch 133: val_AUC=0.9584263283764939, val_AP=0.954776815789999
INFO - 11/05/25 18:39:35 - 0:21:54 - Epoch 134: train_loss=0.7838708162307739, train_AUC=0.993982128049316, train_AP=0.9919326430406261, time=0.3010447025299072
INFO - 11/05/25 18:39:35 - 0:21:54 - Epoch 134: val_AUC=0.9583825460386556, val_AP=0.9547702848461009
INFO - 11/05/25 18:39:36 - 0:21:54 - Epoch 135: train_loss=0.7821121215820312, train_AUC=0.9940304479994665, train_AP=0.9920220688579021, time=0.30428266525268555
INFO - 11/05/25 18:39:36 - 0:21:54 - Epoch 135: val_AUC=0.9583312290659333, val_AP=0.9547385107249373
INFO - 11/05/25 18:39:36 - 0:21:55 - Epoch 136: train_loss=0.7813273072242737, train_AUC=0.9940977891626214, train_AP=0.9920591879186249, time=0.3027987480163574
INFO - 11/05/25 18:39:36 - 0:21:55 - Epoch 136: val_AUC=0.9582743120267435, val_AP=0.9547118132970625
INFO - 11/05/25 18:39:37 - 0:21:55 - Epoch 137: train_loss=0.779271125793457, train_AUC=0.994456657480417, train_AP=0.9927563278512977, time=0.30364537239074707
INFO - 11/05/25 18:39:37 - 0:21:55 - Epoch 137: val_AUC=0.9582019184402247, val_AP=0.9546559785759219
INFO - 11/05/25 18:39:37 - 0:21:56 - Epoch 138: train_loss=0.7785284519195557, train_AUC=0.9944457825548202, train_AP=0.992743385339243, time=0.3012533187866211
INFO - 11/05/25 18:39:37 - 0:21:56 - Epoch 138: val_AUC=0.9581267757301671, val_AP=0.9546011198836352
INFO - 11/05/25 18:39:37 - 0:21:56 - Epoch 139: train_loss=0.7783506512641907, train_AUC=0.9943094962971875, train_AP=0.9925465655530138, time=0.3007383346557617
INFO - 11/05/25 18:39:37 - 0:21:56 - Epoch 139: val_AUC=0.9580650731796323, val_AP=0.9545604441165645
INFO - 11/05/25 18:39:38 - 0:21:56 - Epoch 140: train_loss=0.7757006883621216, train_AUC=0.9945960721702549, train_AP=0.9928754621553934, time=0.29750609397888184
INFO - 11/05/25 18:39:38 - 0:21:56 - Epoch 140: val_AUC=0.9579978723820198, val_AP=0.954517838714389
INFO - 11/05/25 18:39:38 - 0:21:57 - Epoch 141: train_loss=0.7767318487167358, train_AUC=0.9943615320421173, train_AP=0.9925236739906971, time=0.30272626876831055
INFO - 11/05/25 18:39:38 - 0:21:57 - Epoch 141: val_AUC=0.9579272097251366, val_AP=0.9544834983843153
INFO - 11/05/25 18:39:39 - 0:21:57 - Epoch 142: train_loss=0.7734932899475098, train_AUC=0.9947281533697708, train_AP=0.9931140869391033, time=0.3004755973815918
INFO - 11/05/25 18:39:39 - 0:21:57 - Epoch 142: val_AUC=0.9578439214638534, val_AP=0.9544287085908153
INFO - 11/05/25 18:39:39 - 0:21:57 - Epoch 143: train_loss=0.7739285230636597, train_AUC=0.9944280327572351, train_AP=0.9926670782981413, time=0.3012351989746094
INFO - 11/05/25 18:39:39 - 0:21:58 - Epoch 143: val_AUC=0.9577920953941795, val_AP=0.9544147206571344
INFO - 11/05/25 18:39:39 - 0:21:58 - Epoch 144: train_loss=0.772861123085022, train_AUC=0.9945072421668016, train_AP=0.9926011631073456, time=0.30292296409606934
INFO - 11/05/25 18:39:39 - 0:21:58 - Epoch 144: val_AUC=0.9577060580093575, val_AP=0.9543577543597944
INFO - 11/05/25 18:39:40 - 0:21:58 - Epoch 145: train_loss=0.7699846029281616, train_AUC=0.9947936361071739, train_AP=0.9930911165578231, time=0.29875874519348145
INFO - 11/05/25 18:39:40 - 0:21:58 - Epoch 145: val_AUC=0.9576413008771131, val_AP=0.9543405915155058
INFO - 11/05/25 18:39:40 - 0:21:59 - Epoch 146: train_loss=0.7689017057418823, train_AUC=0.9948478545160861, train_AP=0.9932295718412285, time=0.30118250846862793
INFO - 11/05/25 18:39:40 - 0:21:59 - Epoch 146: val_AUC=0.9575936494024423, val_AP=0.9543272477119477
INFO - 11/05/25 18:39:41 - 0:21:59 - Epoch 147: train_loss=0.7687543630599976, train_AUC=0.9948587341969422, train_AP=0.9930179220803842, time=0.3049948215484619
INFO - 11/05/25 18:39:41 - 0:21:59 - Epoch 147: val_AUC=0.9575347977948364, val_AP=0.9543144833789874
INFO - 11/05/25 18:39:41 - 0:21:59 - Epoch 148: train_loss=0.7678463459014893, train_AUC=0.9949452772729517, train_AP=0.9934905587072861, time=0.30057549476623535
INFO - 11/05/25 18:39:41 - 0:22:00 - Epoch 148: val_AUC=0.9574623023889273, val_AP=0.9542769586720077
INFO - 11/05/25 18:39:41 - 0:22:00 - Epoch 149: train_loss=0.7660138010978699, train_AUC=0.9950195736191395, train_AP=0.9932822502143611, time=0.2996797561645508
INFO - 11/05/25 18:39:41 - 0:22:00 - Epoch 149: val_AUC=0.957389399705457, val_AP=0.954232657296914
INFO - 11/05/25 18:39:42 - 0:22:00 - Epoch 150: train_loss=0.7652301788330078, train_AUC=0.994773186731317, train_AP=0.9926515284944133, time=0.2984652519226074
INFO - 11/05/25 18:39:42 - 0:22:00 - Epoch 150: val_AUC=0.957297354976606, val_AP=0.9541643074888947
INFO - 11/05/25 18:39:42 - 0:22:01 - Epoch 151: train_loss=0.7641347050666809, train_AUC=0.9951343352839693, train_AP=0.9934837260482354, time=0.29854583740234375
INFO - 11/05/25 18:39:42 - 0:22:01 - Epoch 151: val_AUC=0.9572193613236196, val_AP=0.954115919751898
INFO - 11/05/25 18:39:43 - 0:22:01 - Epoch 152: train_loss=0.7641286849975586, train_AUC=0.9951159847386359, train_AP=0.993588184103417, time=0.29836392402648926
INFO - 11/05/25 18:39:43 - 0:22:01 - Epoch 152: val_AUC=0.9571268074978171, val_AP=0.954058955627399
INFO - 11/05/25 18:39:43 - 0:22:01 - Epoch 153: train_loss=0.7612788081169128, train_AUC=0.9952090143404642, train_AP=0.9936723341137124, time=0.3007476329803467
INFO - 11/05/25 18:39:43 - 0:22:02 - Epoch 153: val_AUC=0.9570621521849627, val_AP=0.9540255361555764
INFO - 11/05/25 18:39:43 - 0:22:02 - Epoch 154: train_loss=0.7613747119903564, train_AUC=0.9951718870376745, train_AP=0.9934862631710749, time=0.3014092445373535
INFO - 11/05/25 18:39:43 - 0:22:02 - Epoch 154: val_AUC=0.9569803912145342, val_AP=0.9539818263051739
INFO - 11/05/25 18:39:44 - 0:22:02 - Epoch 155: train_loss=0.7593481540679932, train_AUC=0.9954135253588633, train_AP=0.9939259114466612, time=0.3024873733520508
INFO - 11/05/25 18:39:44 - 0:22:02 - Epoch 155: val_AUC=0.956891095609222, val_AP=0.9539367429270584
INFO - 11/05/25 18:39:44 - 0:22:03 - Epoch 156: train_loss=0.75815749168396, train_AUC=0.9953372777713084, train_AP=0.9936865064578497, time=0.3000819683074951
INFO - 11/05/25 18:39:44 - 0:22:03 - Epoch 156: val_AUC=0.9568137128725775, val_AP=0.953890548569756
INFO - 11/05/25 18:39:44 - 0:22:03 - Epoch 157: train_loss=0.7592704892158508, train_AUC=0.9952342355308889, train_AP=0.9933815918690291, time=0.3023948669433594
INFO - 11/05/25 18:39:45 - 0:22:03 - Epoch 157: val_AUC=0.9567145407864042, val_AP=0.9538384049915839
INFO - 11/05/25 18:39:45 - 0:22:03 - Epoch 158: train_loss=0.7553622126579285, train_AUC=0.9956224652848042, train_AP=0.9942223841824932, time=0.30159544944763184
INFO - 11/05/25 18:39:45 - 0:22:04 - Epoch 158: val_AUC=0.9566172014492564, val_AP=0.9537980492546524
INFO - 11/05/25 18:39:45 - 0:22:04 - Epoch 159: train_loss=0.7552914619445801, train_AUC=0.9956297998318506, train_AP=0.9942074270138, time=0.3018364906311035
INFO - 11/05/25 18:39:45 - 0:22:04 - Epoch 159: val_AUC=0.9565100874506379, val_AP=0.9537516576820679
INFO - 11/05/25 18:39:46 - 0:22:04 - Epoch 160: train_loss=0.7547938227653503, train_AUC=0.9954967543714373, train_AP=0.9940414042106037, time=0.3015463352203369
INFO - 11/05/25 18:39:46 - 0:22:04 - Epoch 160: val_AUC=0.9564160063339806, val_AP=0.9537126628472049
INFO - 11/05/25 18:39:46 - 0:22:05 - Epoch 161: train_loss=0.7539461851119995, train_AUC=0.9954921181698175, train_AP=0.9939842903628872, time=0.3001556396484375
INFO - 11/05/25 18:39:46 - 0:22:05 - Epoch 161: val_AUC=0.956303801365846, val_AP=0.9536453010581648
INFO - 11/05/25 18:39:46 - 0:22:05 - Epoch 162: train_loss=0.7538331151008606, train_AUC=0.9953997953404062, train_AP=0.9937957064108617, time=0.30325889587402344
INFO - 11/05/25 18:39:47 - 0:22:05 - Epoch 162: val_AUC=0.9561863017894147, val_AP=0.9535798985155924
INFO - 11/05/25 18:39:47 - 0:22:05 - Epoch 163: train_loss=0.752872109413147, train_AUC=0.9954767512854642, train_AP=0.9937831834059287, time=0.3000319004058838
INFO - 11/05/25 18:39:47 - 0:22:05 - Epoch 163: val_AUC=0.9560977189198346, val_AP=0.9535429641270372
INFO - 11/05/25 18:39:47 - 0:22:06 - Epoch 164: train_loss=0.7496602535247803, train_AUC=0.9959978445670976, train_AP=0.9947479478665537, time=0.2987172603607178
INFO - 11/05/25 18:39:47 - 0:22:06 - Epoch 164: val_AUC=0.9559883648946293, val_AP=0.9534874142390795
INFO - 11/05/25 18:39:48 - 0:22:06 - Epoch 165: train_loss=0.7501192092895508, train_AUC=0.9957454315329972, train_AP=0.9944136774701315, time=0.2979617118835449
INFO - 11/05/25 18:39:48 - 0:22:06 - Epoch 165: val_AUC=0.9558759562877139, val_AP=0.9534339124906782
INFO - 11/05/25 18:39:48 - 0:22:07 - Epoch 166: train_loss=0.7504329085350037, train_AUC=0.9955651621216233, train_AP=0.9939222310236949, time=0.2982757091522217
INFO - 11/05/25 18:39:48 - 0:22:07 - Epoch 166: val_AUC=0.9557570312398181, val_AP=0.9533521843377912
INFO - 11/05/25 18:39:48 - 0:22:07 - Epoch 167: train_loss=0.747968316078186, train_AUC=0.995804402383199, train_AP=0.9941504905239629, time=0.3064107894897461
INFO - 11/05/25 18:39:49 - 0:22:07 - Epoch 167: val_AUC=0.9556275169753287, val_AP=0.9532599228583369
INFO - 11/05/25 18:39:49 - 0:22:07 - Epoch 168: train_loss=0.7474033832550049, train_AUC=0.995934416101678, train_AP=0.994454323929892, time=0.2986276149749756
INFO - 11/05/25 18:39:49 - 0:22:07 - Epoch 168: val_AUC=0.9554825261635105, val_AP=0.9531751946464959
INFO - 11/05/25 18:39:49 - 0:22:08 - Epoch 169: train_loss=0.746443510055542, train_AUC=0.9956849928927826, train_AP=0.9941333267974679, time=0.2993021011352539
INFO - 11/05/25 18:39:49 - 0:22:08 - Epoch 169: val_AUC=0.9553293898004667, val_AP=0.9530771107101605
INFO - 11/05/25 18:39:50 - 0:22:08 - Epoch 170: train_loss=0.7442393898963928, train_AUC=0.9961550367054726, train_AP=0.9947130318780738, time=0.29754066467285156
INFO - 11/05/25 18:39:50 - 0:22:08 - Epoch 170: val_AUC=0.9551786971027905, val_AP=0.9529950350124998
INFO - 11/05/25 18:39:50 - 0:22:09 - Epoch 171: train_loss=0.7457951307296753, train_AUC=0.9957341231743285, train_AP=0.9940668803241606, time=0.29741716384887695
INFO - 11/05/25 18:39:50 - 0:22:09 - Epoch 171: val_AUC=0.9550348263042656, val_AP=0.9528919021289375
INFO - 11/05/25 18:39:50 - 0:22:09 - Epoch 172: train_loss=0.742764949798584, train_AUC=0.9959099811141111, train_AP=0.9941169316681232, time=0.30344247817993164
INFO - 11/05/25 18:39:51 - 0:22:09 - Epoch 172: val_AUC=0.9548850499811024, val_AP=0.9527866751297369
INFO - 11/05/25 18:39:51 - 0:22:09 - Epoch 173: train_loss=0.7435455322265625, train_AUC=0.9959592866357654, train_AP=0.9944784092755045, time=0.3007478713989258
INFO - 11/05/25 18:39:51 - 0:22:09 - Epoch 173: val_AUC=0.9547520738573421, val_AP=0.9527081971311329
INFO - 11/05/25 18:39:51 - 0:22:10 - Epoch 174: train_loss=0.7422118186950684, train_AUC=0.9959879737056793, train_AP=0.9946515229148937, time=0.2974400520324707
INFO - 11/05/25 18:39:51 - 0:22:10 - Epoch 174: val_AUC=0.9546319269767624, val_AP=0.9526406344119472
INFO - 11/05/25 18:39:52 - 0:22:10 - Epoch 175: train_loss=0.7410669326782227, train_AUC=0.996036829062794, train_AP=0.9947586503478562, time=0.2999417781829834
INFO - 11/05/25 18:39:52 - 0:22:10 - Epoch 175: val_AUC=0.9544983399366601, val_AP=0.9525573969848371
INFO - 11/05/25 18:39:52 - 0:22:11 - Epoch 176: train_loss=0.7402147054672241, train_AUC=0.996095504558562, train_AP=0.9946096057721817, time=0.2977564334869385
INFO - 11/05/25 18:39:52 - 0:22:11 - Epoch 176: val_AUC=0.9543895968277967, val_AP=0.9525115032308632
INFO - 11/05/25 18:39:52 - 0:22:11 - Epoch 177: train_loss=0.739895761013031, train_AUC=0.9961442274729013, train_AP=0.9948205300413782, time=0.29938387870788574
INFO - 11/05/25 18:39:52 - 0:22:11 - Epoch 177: val_AUC=0.9542441987384173, val_AP=0.9524197767247935
INFO - 11/05/25 18:39:53 - 0:22:11 - Epoch 178: train_loss=0.7371026873588562, train_AUC=0.9962932648700746, train_AP=0.9948804435611766, time=0.2991902828216553
INFO - 11/05/25 18:39:53 - 0:22:11 - Epoch 178: val_AUC=0.9541385102112632, val_AP=0.9523529019836172
INFO - 11/05/25 18:39:53 - 0:22:12 - Epoch 179: train_loss=0.7381945848464966, train_AUC=0.9962365115557561, train_AP=0.9948509727576376, time=0.2992980480194092
INFO - 11/05/25 18:39:53 - 0:22:12 - Epoch 179: val_AUC=0.9540360799045993, val_AP=0.9522944551484913
INFO - 11/05/25 18:39:54 - 0:22:12 - Epoch 180: train_loss=0.7372490167617798, train_AUC=0.9962945982799842, train_AP=0.9949752235417008, time=0.3008890151977539
INFO - 11/05/25 18:39:54 - 0:22:12 - Epoch 180: val_AUC=0.953880907153749, val_AP=0.9521842626638962
INFO - 11/05/25 18:39:54 - 0:22:12 - Epoch 181: train_loss=0.736329197883606, train_AUC=0.9960775856850933, train_AP=0.994543270335302, time=0.29961633682250977
INFO - 11/05/25 18:39:54 - 0:22:13 - Epoch 181: val_AUC=0.953747727391208, val_AP=0.9520888733177599
INFO - 11/05/25 18:39:54 - 0:22:13 - Epoch 182: train_loss=0.7359479665756226, train_AUC=0.9963023433644101, train_AP=0.9951670186315761, time=0.30049896240234375
INFO - 11/05/25 18:39:54 - 0:22:13 - Epoch 182: val_AUC=0.9536298205372152, val_AP=0.9520241437908148
INFO - 11/05/25 18:39:55 - 0:22:13 - Epoch 183: train_loss=0.7335132360458374, train_AUC=0.9962265295621686, train_AP=0.9947982210328399, time=0.30033421516418457
INFO - 11/05/25 18:39:55 - 0:22:13 - Epoch 183: val_AUC=0.9535059063391939, val_AP=0.9519603460667605
INFO - 11/05/25 18:39:55 - 0:22:14 - Epoch 184: train_loss=0.7331480979919434, train_AUC=0.9962303420472187, train_AP=0.994689854683463, time=0.2991809844970703
INFO - 11/05/25 18:39:55 - 0:22:14 - Epoch 184: val_AUC=0.9533850467228818, val_AP=0.9518881406660682
INFO - 11/05/25 18:39:56 - 0:22:14 - Epoch 185: train_loss=0.7330443859100342, train_AUC=0.9962497334659595, train_AP=0.9947844107026581, time=0.30312466621398926
INFO - 11/05/25 18:39:56 - 0:22:14 - Epoch 185: val_AUC=0.953274063587431, val_AP=0.9518188107071427
INFO - 11/05/25 18:39:56 - 0:22:14 - Epoch 186: train_loss=0.7315963506698608, train_AUC=0.9963708159270181, train_AP=0.9948911163788988, time=0.30069947242736816
INFO - 11/05/25 18:39:56 - 0:22:15 - Epoch 186: val_AUC=0.9531474002658706, val_AP=0.9517448160966856
INFO - 11/05/25 18:39:56 - 0:22:15 - Epoch 187: train_loss=0.7312717437744141, train_AUC=0.9964548371305542, train_AP=0.9952539866760366, time=0.29955005645751953
INFO - 11/05/25 18:39:56 - 0:22:15 - Epoch 187: val_AUC=0.9530384535182264, val_AP=0.9516890964885257
INFO - 11/05/25 18:39:57 - 0:22:15 - Epoch 188: train_loss=0.729721188545227, train_AUC=0.9965385657975877, train_AP=0.9952869169102291, time=0.299149751663208
INFO - 11/05/25 18:39:57 - 0:22:15 - Epoch 188: val_AUC=0.9529240085235049, val_AP=0.9516151211827816
INFO - 11/05/25 18:39:57 - 0:22:16 - Epoch 189: train_loss=0.727571427822113, train_AUC=0.9964737817310487, train_AP=0.9951409527666897, time=0.2998063564300537
INFO - 11/05/25 18:39:57 - 0:22:16 - Epoch 189: val_AUC=0.9527898105670607, val_AP=0.9515211762650084
INFO - 11/05/25 18:39:58 - 0:22:16 - Epoch 190: train_loss=0.7275198698043823, train_AUC=0.9966495398103877, train_AP=0.9953553079554, time=0.29879331588745117
INFO - 11/05/25 18:39:58 - 0:22:16 - Epoch 190: val_AUC=0.9526488925308553, val_AP=0.9514240685540825
INFO - 11/05/25 18:39:58 - 0:22:16 - Epoch 191: train_loss=0.727017343044281, train_AUC=0.9964365156451381, train_AP=0.9950764890946759, time=0.2978379726409912
INFO - 11/05/25 18:39:58 - 0:22:17 - Epoch 191: val_AUC=0.9525041053578178, val_AP=0.9513226763953153
INFO - 11/05/25 18:39:58 - 0:22:17 - Epoch 192: train_loss=0.7264540195465088, train_AUC=0.9964021458643345, train_AP=0.9949132558454518, time=0.2987358570098877
INFO - 11/05/25 18:39:58 - 0:22:17 - Epoch 192: val_AUC=0.952363390960393, val_AP=0.9512309176878133
INFO - 11/05/25 18:39:59 - 0:22:17 - Epoch 193: train_loss=0.725905179977417, train_AUC=0.9965336788000743, train_AP=0.9952001757008185, time=0.29855775833129883
INFO - 11/05/25 18:39:59 - 0:22:17 - Epoch 193: val_AUC=0.9522114764300331, val_AP=0.9511331014961835
INFO - 11/05/25 18:39:59 - 0:22:18 - Epoch 194: train_loss=0.7261711359024048, train_AUC=0.9966118063001078, train_AP=0.9954451357996688, time=0.29895734786987305
INFO - 11/05/25 18:39:59 - 0:22:18 - Epoch 194: val_AUC=0.9520837949145694, val_AP=0.9510404069600149
INFO - 11/05/25 18:39:59 - 0:22:18 - Epoch 195: train_loss=0.7249937057495117, train_AUC=0.9964788163177186, train_AP=0.9950535765868841, time=0.2993640899658203
INFO - 11/05/25 18:40:00 - 0:22:18 - Epoch 195: val_AUC=0.9519603898134994, val_AP=0.9509626227213072
INFO - 11/05/25 18:40:00 - 0:22:18 - Epoch 196: train_loss=0.7243542671203613, train_AUC=0.9967684263984106, train_AP=0.9957298729469387, time=0.29806065559387207
INFO - 11/05/25 18:40:00 - 0:22:19 - Epoch 196: val_AUC=0.9518359665185262, val_AP=0.950883225564593
INFO - 11/05/25 18:40:00 - 0:22:19 - Epoch 197: train_loss=0.7235399484634399, train_AUC=0.9963920805656504, train_AP=0.9948170488510868, time=0.2983405590057373
INFO - 11/05/25 18:40:00 - 0:22:19 - Epoch 197: val_AUC=0.9517131723337983, val_AP=0.950789821427445
INFO - 11/05/25 18:40:01 - 0:22:19 - Epoch 198: train_loss=0.7217941284179688, train_AUC=0.9967738107608143, train_AP=0.9956085729606743, time=0.2988162040710449
INFO - 11/05/25 18:40:01 - 0:22:19 - Epoch 198: val_AUC=0.951539468453909, val_AP=0.9506502896301467
INFO - 11/05/25 18:40:01 - 0:22:20 - Epoch 199: train_loss=0.7215033769607544, train_AUC=0.9967379835811199, train_AP=0.9955157023582331, time=0.29799604415893555
INFO - 11/05/25 18:40:01 - 0:22:20 - Epoch 199: val_AUC=0.951392644893065, val_AP=0.9505441651223814
INFO - 11/05/25 18:40:01 - 0:22:20 - Epoch 200: train_loss=0.7199429273605347, train_AUC=0.9966416798952578, train_AP=0.9952116725295905, time=0.3049583435058594
INFO - 11/05/25 18:40:02 - 0:22:20 - Epoch 200: val_AUC=0.9512500977466146, val_AP=0.9504326372311822
INFO - 11/05/25 18:40:02 - 0:22:20 - Epoch 201: train_loss=0.7201473712921143, train_AUC=0.996624091776486, train_AP=0.9949494017188159, time=0.3039283752441406
INFO - 11/05/25 18:40:02 - 0:22:20 - Epoch 201: val_AUC=0.9510955359121063, val_AP=0.9503192731659345
INFO - 11/05/25 18:40:02 - 0:22:21 - Epoch 202: train_loss=0.7185905575752258, train_AUC=0.9968080317196164, train_AP=0.9955766571441059, time=0.2972714900970459
INFO - 11/05/25 18:40:02 - 0:22:21 - Epoch 202: val_AUC=0.9509686689517654, val_AP=0.950223596947376
INFO - 11/05/25 18:40:03 - 0:22:21 - Epoch 203: train_loss=0.7172025442123413, train_AUC=0.99697082220706, train_AP=0.9958838832681154, time=0.29879021644592285
INFO - 11/05/25 18:40:03 - 0:22:21 - Epoch 203: val_AUC=0.9508289727482439, val_AP=0.9501248281885561
INFO - 11/05/25 18:40:03 - 0:22:22 - Epoch 204: train_loss=0.7179437875747681, train_AUC=0.9968505000591146, train_AP=0.9957024867187426, time=0.29857611656188965
INFO - 11/05/25 18:40:03 - 0:22:22 - Epoch 204: val_AUC=0.9507051603696125, val_AP=0.950033098253232
INFO - 11/05/25 18:40:03 - 0:22:22 - Epoch 205: train_loss=0.7178173065185547, train_AUC=0.9967692620911884, train_AP=0.9955229035652187, time=0.30219078063964844
INFO - 11/05/25 18:40:04 - 0:22:22 - Epoch 205: val_AUC=0.9505844025726908, val_AP=0.9499543590952757
INFO - 11/05/25 18:40:04 - 0:22:22 - Epoch 206: train_loss=0.7146419286727905, train_AUC=0.996899297472515, train_AP=0.9956399827535256, time=0.2969028949737549
INFO - 11/05/25 18:40:04 - 0:22:22 - Epoch 206: val_AUC=0.9504251570462277, val_AP=0.9498473967884774
INFO - 11/05/25 18:40:04 - 0:22:23 - Epoch 207: train_loss=0.7160919904708862, train_AUC=0.9968482069674458, train_AP=0.9957110691074312, time=0.2967052459716797
INFO - 11/05/25 18:40:04 - 0:22:23 - Epoch 207: val_AUC=0.9502712061280609, val_AP=0.9497242197888232
INFO - 11/05/25 18:40:05 - 0:22:23 - Epoch 208: train_loss=0.7146209478378296, train_AUC=0.9967925473627481, train_AP=0.9952956551567537, time=0.2975504398345947
INFO - 11/05/25 18:40:05 - 0:22:23 - Epoch 208: val_AUC=0.9500962804154881, val_AP=0.9496111578638363
INFO - 11/05/25 18:40:05 - 0:22:24 - Epoch 209: train_loss=0.7137477397918701, train_AUC=0.9969436124376774, train_AP=0.9955413236423493, time=0.30040884017944336
INFO - 11/05/25 18:40:05 - 0:22:24 - Epoch 209: val_AUC=0.9499628970141667, val_AP=0.9495325712502505
INFO - 11/05/25 18:40:05 - 0:22:24 - Epoch 210: train_loss=0.7131729125976562, train_AUC=0.9969725580527963, train_AP=0.9956502948892847, time=0.29667162895202637
INFO - 11/05/25 18:40:06 - 0:22:24 - Epoch 210: val_AUC=0.9498085388184389, val_AP=0.9494346911391316
INFO - 11/05/25 18:40:06 - 0:22:24 - Epoch 211: train_loss=0.7123620510101318, train_AUC=0.9971865022726447, train_AP=0.9962385566757114, time=0.2969231605529785
INFO - 11/05/25 18:40:06 - 0:22:24 - Epoch 211: val_AUC=0.9496519405961241, val_AP=0.9493330304774756
INFO - 11/05/25 18:40:06 - 0:22:25 - Epoch 212: train_loss=0.710679829120636, train_AUC=0.9971829967659954, train_AP=0.9960986610007869, time=0.29572391510009766
INFO - 11/05/25 18:40:06 - 0:22:25 - Epoch 212: val_AUC=0.9495136698640672, val_AP=0.9492498066506196
INFO - 11/05/25 18:40:07 - 0:22:25 - Epoch 213: train_loss=0.7101701498031616, train_AUC=0.9972018110371632, train_AP=0.9961704581856387, time=0.29875779151916504
INFO - 11/05/25 18:40:07 - 0:22:25 - Epoch 213: val_AUC=0.9493699008849329, val_AP=0.9491700348854256
INFO - 11/05/25 18:40:07 - 0:22:26 - Epoch 214: train_loss=0.7095950245857239, train_AUC=0.9969803313165361, train_AP=0.9955953376883014, time=0.29829883575439453
INFO - 11/05/25 18:40:07 - 0:22:26 - Epoch 214: val_AUC=0.9492132008432275, val_AP=0.9490628931859205
INFO - 11/05/25 18:40:07 - 0:22:26 - Epoch 215: train_loss=0.7092882394790649, train_AUC=0.9971112959107385, train_AP=0.9957759347221654, time=0.3009212017059326
INFO - 11/05/25 18:40:07 - 0:22:26 - Epoch 215: val_AUC=0.9490632208812835, val_AP=0.9489525241557233
INFO - 11/05/25 18:40:08 - 0:22:26 - Epoch 216: train_loss=0.7076060175895691, train_AUC=0.9972867559938331, train_AP=0.9960748992105359, time=0.29775357246398926
INFO - 11/05/25 18:40:08 - 0:22:26 - Epoch 216: val_AUC=0.9489442958333877, val_AP=0.9488774156491698
INFO - 11/05/25 18:40:08 - 0:22:27 - Epoch 217: train_loss=0.7075793743133545, train_AUC=0.9972261236208353, train_AP=0.9961265298326517, time=0.2973003387451172
INFO - 11/05/25 18:40:08 - 0:22:27 - Epoch 217: val_AUC=0.9488078578503565, val_AP=0.9487935886831399
INFO - 11/05/25 18:40:09 - 0:22:27 - Epoch 218: train_loss=0.7067374587059021, train_AUC=0.9971488025775416, train_AP=0.9960429134538767, time=0.299440860748291
INFO - 11/05/25 18:40:09 - 0:22:27 - Epoch 218: val_AUC=0.9486649034263446, val_AP=0.9486959462139662
INFO - 11/05/25 18:40:09 - 0:22:27 - Epoch 219: train_loss=0.7057203054428101, train_AUC=0.997159177672558, train_AP=0.995954716251409, time=0.3012242317199707
INFO - 11/05/25 18:40:09 - 0:22:28 - Epoch 219: val_AUC=0.9485284654433135, val_AP=0.94861060660745
INFO - 11/05/25 18:40:09 - 0:22:28 - Epoch 220: train_loss=0.7053012251853943, train_AUC=0.997318179803489, train_AP=0.9962226529581079, time=0.2973475456237793
INFO - 11/05/25 18:40:09 - 0:22:28 - Epoch 220: val_AUC=0.9483977293461403, val_AP=0.9485276886914052
INFO - 11/05/25 18:40:10 - 0:22:28 - Epoch 221: train_loss=0.7047788500785828, train_AUC=0.9971171672469107, train_AP=0.9958523537049038, time=0.29706335067749023
INFO - 11/05/25 18:40:10 - 0:22:28 - Epoch 221: val_AUC=0.9482689278173833, val_AP=0.948433377687822
INFO - 11/05/25 18:40:10 - 0:22:29 - Epoch 222: train_loss=0.7050718069076538, train_AUC=0.9971666871074713, train_AP=0.9959715496572126, time=0.29715514183044434
INFO - 11/05/25 18:40:10 - 0:22:29 - Epoch 222: val_AUC=0.9481334062088651, val_AP=0.9483348675477347
INFO - 11/05/25 18:40:11 - 0:22:29 - Epoch 223: train_loss=0.7028895616531372, train_AUC=0.9973440545778756, train_AP=0.9962974897829153, time=0.3046870231628418
INFO - 11/05/25 18:40:11 - 0:22:29 - Epoch 223: val_AUC=0.9479996155299822, val_AP=0.94824924283391
INFO - 11/05/25 18:40:11 - 0:22:29 - Epoch 224: train_loss=0.7041983604431152, train_AUC=0.9971661955545645, train_AP=0.9959780432390867, time=0.2947115898132324
INFO - 11/05/25 18:40:11 - 0:22:30 - Epoch 224: val_AUC=0.947889446949654, val_AP=0.9481607476021787
INFO - 11/05/25 18:40:11 - 0:22:30 - Epoch 225: train_loss=0.7022544741630554, train_AUC=0.997315392340982, train_AP=0.9962021217005724, time=0.29274940490722656
INFO - 11/05/25 18:40:11 - 0:22:30 - Epoch 225: val_AUC=0.9477762237876163, val_AP=0.9480750825657176
INFO - 11/05/25 18:40:12 - 0:22:30 - Epoch 226: train_loss=0.7016111612319946, train_AUC=0.9972916229135853, train_AP=0.9959734452526041, time=0.2922358512878418
INFO - 11/05/25 18:40:12 - 0:22:30 - Epoch 226: val_AUC=0.9476518004926431, val_AP=0.947996318120232
INFO - 11/05/25 18:40:12 - 0:22:31 - Epoch 227: train_loss=0.701798677444458, train_AUC=0.9972300822860763, train_AP=0.9960394841598001, time=0.29402875900268555
INFO - 11/05/25 18:40:12 - 0:22:31 - Epoch 227: val_AUC=0.9475228971444956, val_AP=0.947906047059319
INFO - 11/05/25 18:40:12 - 0:22:31 - Epoch 228: train_loss=0.7005021572113037, train_AUC=0.9974817904850879, train_AP=0.9965322223937485, time=0.2948768138885498
INFO - 11/05/25 18:40:13 - 0:22:31 - Epoch 228: val_AUC=0.9474119140090448, val_AP=0.9478435499000409
INFO - 11/05/25 18:40:13 - 0:22:31 - Epoch 229: train_loss=0.6995236873626709, train_AUC=0.9973193901050211, train_AP=0.9960778729485349, time=0.2947208881378174
INFO - 11/05/25 18:40:13 - 0:22:31 - Epoch 229: val_AUC=0.947285047048704, val_AP=0.9477494398979688
INFO - 11/05/25 18:40:13 - 0:22:32 - Epoch 230: train_loss=0.698937177658081, train_AUC=0.9975920665315067, train_AP=0.9966174729320147, time=0.3021240234375
INFO - 11/05/25 18:40:13 - 0:22:32 - Epoch 230: val_AUC=0.9471636783354405, val_AP=0.9476515296077948
INFO - 11/05/25 18:40:14 - 0:22:32 - Epoch 231: train_loss=0.6991101503372192, train_AUC=0.9972433138829189, train_AP=0.9960920753428388, time=0.29773902893066406
INFO - 11/05/25 18:40:14 - 0:22:32 - Epoch 231: val_AUC=0.9470390514016864, val_AP=0.9475598958874363
INFO - 11/05/25 18:40:14 - 0:22:33 - Epoch 232: train_loss=0.6973345279693604, train_AUC=0.9975908412597141, train_AP=0.9967597648663911, time=0.29573631286621094
INFO - 11/05/25 18:40:14 - 0:22:33 - Epoch 232: val_AUC=0.946894875144991, val_AP=0.947449328496648
INFO - 11/05/25 18:40:14 - 0:22:33 - Epoch 233: train_loss=0.697260856628418, train_AUC=0.9974802932829161, train_AP=0.9964784880702846, time=0.2918405532836914
INFO - 11/05/25 18:40:15 - 0:22:33 - Epoch 233: val_AUC=0.9467246331243729, val_AP=0.9473323432802451
INFO - 11/05/25 18:40:15 - 0:22:33 - Epoch 234: train_loss=0.6961028575897217, train_AUC=0.9974437824026181, train_AP=0.9962643024274945, time=0.29502081871032715
INFO - 11/05/25 18:40:15 - 0:22:33 - Epoch 234: val_AUC=0.9465753658981609, val_AP=0.9472241370899385
INFO - 11/05/25 18:40:15 - 0:22:34 - Epoch 235: train_loss=0.6957191228866577, train_AUC=0.9975868158447233, train_AP=0.9965323263623991, time=0.2924008369445801
INFO - 11/05/25 18:40:15 - 0:22:34 - Epoch 235: val_AUC=0.9464611245422201, val_AP=0.9471540163919612
INFO - 11/05/25 18:40:16 - 0:22:34 - Epoch 236: train_loss=0.6958250999450684, train_AUC=0.997378109630967, train_AP=0.9961196701886985, time=0.2917959690093994
INFO - 11/05/25 18:40:16 - 0:22:34 - Epoch 236: val_AUC=0.9463295738899243, val_AP=0.9470630038001415
INFO - 11/05/25 18:40:16 - 0:22:35 - Epoch 237: train_loss=0.6949008703231812, train_AUC=0.9974470492657028, train_AP=0.9963109228256599, time=0.29250597953796387
INFO - 11/05/25 18:40:16 - 0:22:35 - Epoch 237: val_AUC=0.9461968014049449, val_AP=0.9469651112726324
INFO - 11/05/25 18:40:16 - 0:22:35 - Epoch 238: train_loss=0.6944066882133484, train_AUC=0.9973666020797731, train_AP=0.9961497707260027, time=0.2932448387145996
INFO - 11/05/25 18:40:16 - 0:22:35 - Epoch 238: val_AUC=0.9460923347104746, val_AP=0.9469053972220366
INFO - 11/05/25 18:40:17 - 0:22:35 - Epoch 239: train_loss=0.6933399438858032, train_AUC=0.997638264227079, train_AP=0.9966265576763743, time=0.29253578186035156
INFO - 11/05/25 18:40:17 - 0:22:35 - Epoch 239: val_AUC=0.9459675041379402, val_AP=0.946813945736646
INFO - 11/05/25 18:40:17 - 0:22:36 - Epoch 240: train_loss=0.6927687525749207, train_AUC=0.997558453541402, train_AP=0.9965436110414725, time=0.29148006439208984
INFO - 11/05/25 18:40:17 - 0:22:36 - Epoch 240: val_AUC=0.9458281133925895, val_AP=0.9466947113243017
INFO - 11/05/25 18:40:18 - 0:22:36 - Epoch 241: train_loss=0.6939912438392639, train_AUC=0.9974150264695059, train_AP=0.9963171694059799, time=0.2963085174560547
INFO - 11/05/25 18:40:18 - 0:22:36 - Epoch 241: val_AUC=0.9457206939358, val_AP=0.9466165024873612
INFO - 11/05/25 18:40:18 - 0:22:36 - Epoch 242: train_loss=0.6917529106140137, train_AUC=0.9975717203623868, train_AP=0.9966340504744933, time=0.298983097076416
INFO - 11/05/25 18:40:18 - 0:22:37 - Epoch 242: val_AUC=0.9456046198308331, val_AP=0.946541683925904
INFO - 11/05/25 18:40:18 - 0:22:37 - Epoch 243: train_loss=0.6916117668151855, train_AUC=0.9975511859202262, train_AP=0.996502493526932, time=0.29697299003601074
INFO - 11/05/25 18:40:18 - 0:22:37 - Epoch 243: val_AUC=0.9454742910112214, val_AP=0.946444698352753
INFO - 11/05/25 18:40:19 - 0:22:37 - Epoch 244: train_loss=0.6914765238761902, train_AUC=0.9973428897154871, train_AP=0.9962530429188896, time=0.29343628883361816
INFO - 11/05/25 18:40:19 - 0:22:37 - Epoch 244: val_AUC=0.9453687043034577, val_AP=0.946384855837767
INFO - 11/05/25 18:40:19 - 0:22:38 - Epoch 245: train_loss=0.6901710033416748, train_AUC=0.9975952470954426, train_AP=0.9964725046387709, time=0.29244279861450195
INFO - 11/05/25 18:40:19 - 0:22:38 - Epoch 245: val_AUC=0.9452726886183842, val_AP=0.9463220715002515
INFO - 11/05/25 18:40:19 - 0:22:38 - Epoch 246: train_loss=0.6898443698883057, train_AUC=0.9974866058014715, train_AP=0.9962605981155582, time=0.300950288772583
INFO - 11/05/25 18:40:20 - 0:22:38 - Epoch 246: val_AUC=0.9451564108746368, val_AP=0.9462447438349976
INFO - 11/05/25 18:40:20 - 0:22:38 - Epoch 247: train_loss=0.6893647909164429, train_AUC=0.9977295613294643, train_AP=0.9967844065029107, time=0.291182279586792
INFO - 11/05/25 18:40:20 - 0:22:38 - Epoch 247: val_AUC=0.9450352458001537, val_AP=0.9461674388790648
INFO - 11/05/25 18:40:20 - 0:22:39 - Epoch 248: train_loss=0.6876778602600098, train_AUC=0.9977118145259314, train_AP=0.9966386695628859, time=0.29466748237609863
INFO - 11/05/25 18:40:20 - 0:22:39 - Epoch 248: val_AUC=0.9448994187334645, val_AP=0.9460939030312023
INFO - 11/05/25 18:40:21 - 0:22:39 - Epoch 249: train_loss=0.6866258382797241, train_AUC=0.9977343597382597, train_AP=0.9966192670887305, time=0.30074119567871094
INFO - 11/05/25 18:40:21 - 0:22:39 - Epoch 249: val_AUC=0.9447639989443366, val_AP=0.9459951350424953
INFO - 11/05/25 18:40:21 - 0:22:40 - Epoch 250: train_loss=0.6877788305282593, train_AUC=0.9976713157443542, train_AP=0.9967550938864717, time=0.2935309410095215
INFO - 11/05/25 18:40:21 - 0:22:40 - Epoch 250: val_AUC=0.94461636082837, val_AP=0.9458921235023552
INFO - 11/05/25 18:40:21 - 0:22:40 - Epoch 251: train_loss=0.6863842606544495, train_AUC=0.9977342179610866, train_AP=0.9966738602381499, time=0.29477977752685547
INFO - 11/05/25 18:40:22 - 0:22:40 - Epoch 251: val_AUC=0.9445000830846224, val_AP=0.9458380867199117
INFO - 11/05/25 18:40:22 - 0:22:40 - Epoch 252: train_loss=0.6852620840072632, train_AUC=0.9977125197132617, train_AP=0.9966608865925408, time=0.2973794937133789
INFO - 11/05/25 18:40:22 - 0:22:40 - Epoch 252: val_AUC=0.9443664960445205, val_AP=0.9457383612926791
INFO - 11/05/25 18:40:22 - 0:22:41 - Epoch 253: train_loss=0.6842700242996216, train_AUC=0.9977991593034213, train_AP=0.9969541593887761, time=0.31434202194213867
INFO - 11/05/25 18:40:22 - 0:22:41 - Epoch 253: val_AUC=0.9442465528027213, val_AP=0.9456555937121646
INFO - 11/05/25 18:40:23 - 0:22:41 - Epoch 254: train_loss=0.685122013092041, train_AUC=0.9976353267097255, train_AP=0.996443847685062, time=0.3225724697113037
INFO - 11/05/25 18:40:23 - 0:22:41 - Epoch 254: val_AUC=0.9441622463475348, val_AP=0.9456100046903408
INFO - 11/05/25 18:40:23 - 0:22:42 - Epoch 255: train_loss=0.6849937438964844, train_AUC=0.9976192595694217, train_AP=0.9964318885553102, time=0.3006887435913086
INFO - 11/05/25 18:40:23 - 0:22:42 - Epoch 255: val_AUC=0.9440502450181809, val_AP=0.9455423290774481
INFO - 11/05/25 18:40:23 - 0:22:42 - Epoch 256: train_loss=0.6829360723495483, train_AUC=0.9977551138029482, train_AP=0.9966809318839244, time=0.32147645950317383
INFO - 11/05/25 18:40:24 - 0:22:42 - Epoch 256: val_AUC=0.943945880143101, val_AP=0.945488805456338
INFO - 11/05/25 18:40:24 - 0:22:42 - Epoch 257: train_loss=0.6836572885513306, train_AUC=0.9977604750935387, train_AP=0.9968531718198521, time=0.3783257007598877
INFO - 11/05/25 18:40:24 - 0:22:43 - Epoch 257: val_AUC=0.9438211513899569, val_AP=0.9454005767116335
INFO - 11/05/25 18:40:24 - 0:22:43 - Epoch 258: train_loss=0.6836695671081543, train_AUC=0.9976030992612612, train_AP=0.9961907138441622, time=0.36094164848327637
INFO - 11/05/25 18:40:25 - 0:22:43 - Epoch 258: val_AUC=0.9437344012694027, val_AP=0.9453645064384868
INFO - 11/05/25 18:40:25 - 0:22:43 - Epoch 259: train_loss=0.6813942193984985, train_AUC=0.9978962423234337, train_AP=0.9969532766243472, time=0.36025118827819824
INFO - 11/05/25 18:40:25 - 0:22:44 - Epoch 259: val_AUC=0.9436362473771327, val_AP=0.945310301886652
INFO - 11/05/25 18:40:25 - 0:22:44 - Epoch 260: train_loss=0.6813211441040039, train_AUC=0.9978038567950487, train_AP=0.9966866343597622, time=0.35028767585754395
INFO - 11/05/25 18:40:25 - 0:22:44 - Epoch 260: val_AUC=0.9435315770438818, val_AP=0.9452234699845423
INFO - 11/05/25 18:40:26 - 0:22:44 - Epoch 261: train_loss=0.6805737018585205, train_AUC=0.9978267241321592, train_AP=0.9967623384153455, time=0.34234094619750977
INFO - 11/05/25 18:40:26 - 0:22:44 - Epoch 261: val_AUC=0.9434556197787017, val_AP=0.9452148625153421
INFO - 11/05/25 18:40:26 - 0:22:45 - Epoch 262: train_loss=0.6796870827674866, train_AUC=0.9979223772281116, train_AP=0.9970391038874014, time=0.3581993579864502
INFO - 11/05/25 18:40:26 - 0:22:45 - Epoch 262: val_AUC=0.9433552258598445, val_AP=0.9451443702619191
INFO - 11/05/25 18:40:27 - 0:22:45 - Epoch 263: train_loss=0.679877758026123, train_AUC=0.9978140798978907, train_AP=0.9966981678743494, time=0.30507850646972656
INFO - 11/05/25 18:40:27 - 0:22:45 - Epoch 263: val_AUC=0.9432876177846706, val_AP=0.9451163455041499
INFO - 11/05/25 18:40:27 - 0:22:46 - Epoch 264: train_loss=0.6803234815597534, train_AUC=0.9976482698208419, train_AP=0.9964859233973957, time=0.31488966941833496
INFO - 11/05/25 18:40:27 - 0:22:46 - Epoch 264: val_AUC=0.9432122714358327, val_AP=0.9450862417777239
INFO - 11/05/25 18:40:27 - 0:22:46 - Epoch 265: train_loss=0.678955078125, train_AUC=0.997760354450851, train_AP=0.996801631351505, time=0.3059568405151367
INFO - 11/05/25 18:40:28 - 0:22:46 - Epoch 265: val_AUC=0.9431407942238268, val_AP=0.9450359838139407
INFO - 11/05/25 18:40:28 - 0:22:46 - Epoch 266: train_loss=0.6776031851768494, train_AUC=0.9979379697230969, train_AP=0.9970409086041252, time=0.3130366802215576
INFO - 11/05/25 18:40:28 - 0:22:47 - Epoch 266: val_AUC=0.9430141309022664, val_AP=0.9449694725560918
INFO - 11/05/25 18:40:28 - 0:22:47 - Epoch 267: train_loss=0.6780198812484741, train_AUC=0.9977929357258255, train_AP=0.9966720945650318, time=0.31783580780029297
INFO - 11/05/25 18:40:28 - 0:22:47 - Epoch 267: val_AUC=0.9428605872616611, val_AP=0.944872340818167
INFO - 11/05/25 18:40:29 - 0:22:47 - Epoch 268: train_loss=0.6774604320526123, train_AUC=0.9979677950611717, train_AP=0.9971097945889018, time=0.3250739574432373
INFO - 11/05/25 18:40:29 - 0:22:47 - Epoch 268: val_AUC=0.9427565278447523, val_AP=0.9448112471964342
INFO - 11/05/25 18:40:29 - 0:22:48 - Epoch 269: train_loss=0.6779629588127136, train_AUC=0.997715220172137, train_AP=0.9965210433136579, time=0.3107728958129883
INFO - 11/05/25 18:40:29 - 0:22:48 - Epoch 269: val_AUC=0.9426176461963534, val_AP=0.9447426011699577
INFO - 11/05/25 18:40:30 - 0:22:48 - Epoch 270: train_loss=0.6769441962242126, train_AUC=0.9977932515102619, train_AP=0.9966010681092186, time=0.30413222312927246
INFO - 11/05/25 18:40:30 - 0:22:48 - Epoch 270: val_AUC=0.9425074776160253, val_AP=0.9446844325801054
INFO - 11/05/25 18:40:30 - 0:22:49 - Epoch 271: train_loss=0.6756090521812439, train_AUC=0.997818753613222, train_AP=0.9966764571428275, time=0.3071401119232178
INFO - 11/05/25 18:40:30 - 0:22:49 - Epoch 271: val_AUC=0.942403621837897, val_AP=0.944630149274366
INFO - 11/05/25 18:40:30 - 0:22:49 - Epoch 272: train_loss=0.6750905513763428, train_AUC=0.9978678243659674, train_AP=0.9966588573395125, time=0.3744490146636963
INFO - 11/05/25 18:40:31 - 0:22:49 - Epoch 272: val_AUC=0.9423148353295363, val_AP=0.9445808325887618
INFO - 11/05/25 18:40:31 - 0:22:49 - Epoch 273: train_loss=0.6743757128715515, train_AUC=0.9980239640069681, train_AP=0.997061432818159, time=0.36355137825012207
INFO - 11/05/25 18:40:31 - 0:22:50 - Epoch 273: val_AUC=0.9422382671480144, val_AP=0.9445461875015136
INFO - 11/05/25 18:40:31 - 0:22:50 - Epoch 274: train_loss=0.6743131875991821, train_AUC=0.9980957131193, train_AP=0.9973674041374939, time=0.3566136360168457
INFO - 11/05/25 18:40:32 - 0:22:50 - Epoch 274: val_AUC=0.9421790082628473, val_AP=0.9445331646072743
INFO - 11/05/25 18:40:32 - 0:22:50 - Epoch 275: train_loss=0.6736152172088623, train_AUC=0.997926477494405, train_AP=0.9968368070138345, time=0.3528597354888916
INFO - 11/05/25 18:40:32 - 0:22:51 - Epoch 275: val_AUC=0.9421223966818283, val_AP=0.9444961401850229
INFO - 11/05/25 18:40:32 - 0:22:51 - Epoch 276: train_loss=0.6731265783309937, train_AUC=0.9981112286495343, train_AP=0.9971471374319381, time=0.3553018569946289
INFO - 11/05/25 18:40:32 - 0:22:51 - Epoch 276: val_AUC=0.9420545849678739, val_AP=0.9444714571315587
INFO - 11/05/25 18:40:33 - 0:22:51 - Epoch 277: train_loss=0.6723381876945496, train_AUC=0.9979332803330222, train_AP=0.9969513606018099, time=0.3587350845336914
INFO - 11/05/25 18:40:33 - 0:22:51 - Epoch 277: val_AUC=0.9419664093758553, val_AP=0.9444291660857204
INFO - 11/05/25 18:40:33 - 0:22:52 - Epoch 278: train_loss=0.6728701591491699, train_AUC=0.9978691945851059, train_AP=0.9967558501950022, time=0.3462076187133789
INFO - 11/05/25 18:40:33 - 0:22:52 - Epoch 278: val_AUC=0.9418230476742822, val_AP=0.9443360394102045
INFO - 11/05/25 18:40:34 - 0:22:52 - Epoch 279: train_loss=0.6702495813369751, train_AUC=0.9980180762915698, train_AP=0.9970343115374783, time=0.34349584579467773
INFO - 11/05/25 18:40:34 - 0:22:52 - Epoch 279: val_AUC=0.9417253010595733, val_AP=0.9443099941779267
INFO - 11/05/25 18:40:34 - 0:22:53 - Epoch 280: train_loss=0.6705602407455444, train_AUC=0.998187560070548, train_AP=0.997385183625064, time=0.34179162979125977
INFO - 11/05/25 18:40:34 - 0:22:53 - Epoch 280: val_AUC=0.9415978231828905, val_AP=0.9442061045043918
INFO - 11/05/25 18:40:35 - 0:22:53 - Epoch 281: train_loss=0.6705125570297241, train_AUC=0.9981069943553791, train_AP=0.9971916913545111, time=0.34398579597473145
INFO - 11/05/25 18:40:35 - 0:22:53 - Epoch 281: val_AUC=0.9415310296628394, val_AP=0.9441979415213797
INFO - 11/05/25 18:40:35 - 0:22:54 - Epoch 282: train_loss=0.6703857183456421, train_AUC=0.9979669824402071, train_AP=0.9968434018029184, time=0.3416175842285156
INFO - 11/05/25 18:40:35 - 0:22:54 - Epoch 282: val_AUC=0.9414571087854657, val_AP=0.9441470226747974
INFO - 11/05/25 18:40:36 - 0:22:54 - Epoch 283: train_loss=0.6692053079605103, train_AUC=0.9979704109821054, train_AP=0.9969857707754507, time=0.3430604934692383
INFO - 11/05/25 18:40:36 - 0:22:54 - Epoch 283: val_AUC=0.9414470286658237, val_AP=0.9441742378810217
INFO - 11/05/25 18:40:36 - 0:22:54 - Epoch 284: train_loss=0.6702021360397339, train_AUC=0.9978883926233049, train_AP=0.9968591528935384, time=0.336881160736084
INFO - 11/05/25 18:40:36 - 0:22:55 - Epoch 284: val_AUC=0.9413926571113921, val_AP=0.944145346953315
INFO - 11/05/25 18:40:36 - 0:22:55 - Epoch 285: train_loss=0.6691956520080566, train_AUC=0.9980937532480181, train_AP=0.9970881790875821, time=0.3022890090942383
INFO - 11/05/25 18:40:36 - 0:22:55 - Epoch 285: val_AUC=0.941347347482699, val_AP=0.944114975424984
INFO - 11/05/25 18:40:37 - 0:22:55 - Epoch 286: train_loss=0.6688601970672607, train_AUC=0.9980317636888147, train_AP=0.9971191684576336, time=0.3032214641571045
INFO - 11/05/25 18:40:37 - 0:22:55 - Epoch 286: val_AUC=0.9413011214794929, val_AP=0.9441118736004155
INFO - 11/05/25 18:40:37 - 0:22:56 - Epoch 287: train_loss=0.6670347452163696, train_AUC=0.9981627127843945, train_AP=0.9973227572532957, time=0.30308008193969727
INFO - 11/05/25 18:40:37 - 0:22:56 - Epoch 287: val_AUC=0.9411628507474358, val_AP=0.9440161583592591
INFO - 11/05/25 18:40:38 - 0:22:56 - Epoch 288: train_loss=0.6669469475746155, train_AUC=0.9978885668066889, train_AP=0.9967696709910722, time=0.304309606552124
INFO - 11/05/25 18:40:38 - 0:22:56 - Epoch 288: val_AUC=0.941016434464153, val_AP=0.9439264728424187
INFO - 11/05/25 18:40:38 - 0:22:57 - Epoch 289: train_loss=0.666448175907135, train_AUC=0.9980394886954793, train_AP=0.9970661501075028, time=0.30668020248413086
INFO - 11/05/25 18:40:38 - 0:22:57 - Epoch 289: val_AUC=0.9409030076633346, val_AP=0.9438714652596938
INFO - 11/05/25 18:40:38 - 0:22:57 - Epoch 290: train_loss=0.6652592420578003, train_AUC=0.998144034654537, train_AP=0.9971071418831885, time=0.2996056079864502
INFO - 11/05/25 18:40:38 - 0:22:57 - Epoch 290: val_AUC=0.9407688097068905, val_AP=0.9437639787305503
INFO - 11/05/25 18:40:39 - 0:22:57 - Epoch 291: train_loss=0.6657063961029053, train_AUC=0.9980332265474476, train_AP=0.9971099774796104, time=0.3033590316772461
INFO - 11/05/25 18:40:39 - 0:22:57 - Epoch 291: val_AUC=0.9407069035175748, val_AP=0.9437380069733028
INFO - 11/05/25 18:40:39 - 0:22:58 - Epoch 292: train_loss=0.6650983691215515, train_AUC=0.9981123452548476, train_AP=0.9971244848149207, time=0.3072841167449951
INFO - 11/05/25 18:40:39 - 0:22:58 - Epoch 292: val_AUC=0.9406661757614462, val_AP=0.9437236035228119
INFO - 11/05/25 18:40:40 - 0:22:58 - Epoch 293: train_loss=0.6645985841751099, train_AUC=0.9981007366103651, train_AP=0.9970842272435926, time=0.3036010265350342
INFO - 11/05/25 18:40:40 - 0:22:58 - Epoch 293: val_AUC=0.940651310130459, val_AP=0.9437256522317109
INFO - 11/05/25 18:40:40 - 0:22:59 - Epoch 294: train_loss=0.664318323135376, train_AUC=0.9980461198164025, train_AP=0.996850914320732, time=0.30250000953674316
INFO - 11/05/25 18:40:40 - 0:22:59 - Epoch 294: val_AUC=0.9406309462523949, val_AP=0.9437248116810202
INFO - 11/05/25 18:40:40 - 0:22:59 - Epoch 295: train_loss=0.6638600826263428, train_AUC=0.9981688879287947, train_AP=0.9972494242246153, time=0.30532383918762207
INFO - 11/05/25 18:40:41 - 0:22:59 - Epoch 295: val_AUC=0.9405722982835696, val_AP=0.943693766303037
INFO - 11/05/25 18:40:41 - 0:22:59 - Epoch 296: train_loss=0.6630821228027344, train_AUC=0.9982842786968074, train_AP=0.9974946692595343, time=0.30431485176086426
INFO - 11/05/25 18:40:41 - 0:22:59 - Epoch 296: val_AUC=0.9404094890784449, val_AP=0.9436242925294305
INFO - 11/05/25 18:40:41 - 0:23:00 - Epoch 297: train_loss=0.6626831889152527, train_AUC=0.9980795866263162, train_AP=0.9967473669135063, time=0.30399060249328613
INFO - 11/05/25 18:40:41 - 0:23:00 - Epoch 297: val_AUC=0.9402698946943138, val_AP=0.9435427355557598
INFO - 11/05/25 18:40:42 - 0:23:00 - Epoch 298: train_loss=0.6613360643386841, train_AUC=0.9982466857308554, train_AP=0.9974554788610415, time=0.30382585525512695
INFO - 11/05/25 18:40:42 - 0:23:00 - Epoch 298: val_AUC=0.940131013045915, val_AP=0.9434749316894733
INFO - 11/05/25 18:40:42 - 0:23:01 - Epoch 299: train_loss=0.6614136099815369, train_AUC=0.9981109306532897, train_AP=0.9971655487976389, time=0.30197715759277344
INFO - 11/05/25 18:40:42 - 0:23:01 - Epoch 299: val_AUC=0.9400226772146125, val_AP=0.9434241241394049
INFO - 11/05/25 18:40:42 - 0:23:01 - Epoch 300: train_loss=0.6615654230117798, train_AUC=0.9981706986258335, train_AP=0.9972996337894666, time=0.30109262466430664
INFO - 11/05/25 18:40:43 - 0:23:01 - Epoch 300: val_AUC=0.9399169886874584, val_AP=0.9433601124514849
INFO - 11/05/25 18:40:43 - 0:23:01 - best_epoch=124
INFO - 11/05/25 18:40:43 - 0:23:01 - test_auc= 95.52%, test_ap= 95.20%
INFO - 11/05/25 18:40:43 - 0:23:01 - 
                                     train iters 7
INFO - 11/05/25 18:40:43 - 0:23:01 - --------------------------Training Start-------------------------
INFO - 11/05/25 18:40:45 - 0:23:03 - Epoch 0: train_loss=6.897890090942383, train_AUC=0.9954326309336885, train_AP=0.9951739329412669, time=2.151003837585449
INFO - 11/05/25 18:40:45 - 0:23:03 - Epoch 0: val_AUC=0.7830788798889599, val_AP=0.8263832229416899
INFO - 11/05/25 18:40:45 - 0:23:04 - Epoch 1: train_loss=2.3427906036376953, train_AUC=0.913560690967654, train_AP=0.9409891908280932, time=0.3018760681152344
INFO - 11/05/25 18:40:45 - 0:23:04 - Epoch 1: val_AUC=0.7108727428677554, val_AP=0.7608809408088699
INFO - 11/05/25 18:40:45 - 0:23:04 - Epoch 2: train_loss=3.495044231414795, train_AUC=0.7837475331194577, train_AP=0.8402861360149901, time=0.30413389205932617
INFO - 11/05/25 18:40:46 - 0:23:04 - Epoch 2: val_AUC=0.6488047625408907, val_AP=0.7067207832151174
INFO - 11/05/25 18:40:46 - 0:23:04 - Epoch 3: train_loss=4.857327461242676, train_AUC=0.6570185631357134, train_AP=0.7343886220540623, time=0.3040635585784912
INFO - 11/05/25 18:40:46 - 0:23:05 - Epoch 3: val_AUC=0.6723340018115707, val_AP=0.7218498271401494
INFO - 11/05/25 18:40:46 - 0:23:05 - Epoch 4: train_loss=4.079483985900879, train_AUC=0.6875060823287849, train_AP=0.7523325297499655, time=0.30635952949523926
INFO - 11/05/25 18:40:46 - 0:23:05 - Epoch 4: val_AUC=0.730123225898943, val_AP=0.7601511115328794
INFO - 11/05/25 18:40:47 - 0:23:05 - Epoch 5: train_loss=3.232591152191162, train_AUC=0.7596864269282042, train_AP=0.8022160469160255, time=0.30495333671569824
INFO - 11/05/25 18:40:47 - 0:23:05 - Epoch 5: val_AUC=0.7948136664429356, val_AP=0.8030215156386238
INFO - 11/05/25 18:40:47 - 0:23:06 - Epoch 6: train_loss=2.5478320121765137, train_AUC=0.8349121629932996, train_AP=0.8542511167475764, time=0.30663514137268066
INFO - 11/05/25 18:40:47 - 0:23:06 - Epoch 6: val_AUC=0.8335066638754578, val_AP=0.8311292677715263
INFO - 11/05/25 18:40:48 - 0:23:06 - Epoch 7: train_loss=2.1264560222625732, train_AUC=0.8772578330067031, train_AP=0.8848609090224544, time=0.30590391159057617
INFO - 11/05/25 18:40:48 - 0:23:06 - Epoch 7: val_AUC=0.8577864138721997, val_AP=0.850305711466754
INFO - 11/05/25 18:40:48 - 0:23:06 - Epoch 8: train_loss=1.9972596168518066, train_AUC=0.9033980695631387, train_AP=0.9049957599987731, time=0.30289769172668457
INFO - 11/05/25 18:40:48 - 0:23:07 - Epoch 8: val_AUC=0.8709306862463997, val_AP=0.8620907518503951
INFO - 11/05/25 18:40:48 - 0:23:07 - Epoch 9: train_loss=1.8666960000991821, train_AUC=0.9160770584360407, train_AP=0.9160436845643762, time=0.30330562591552734
INFO - 11/05/25 18:40:48 - 0:23:07 - Epoch 9: val_AUC=0.8789595524508333, val_AP=0.8698703248312688
INFO - 11/05/25 18:40:49 - 0:23:07 - Epoch 10: train_loss=1.7210683822631836, train_AUC=0.9217766825499181, train_AP=0.9216460251151716, time=0.3344838619232178
INFO - 11/05/25 18:40:49 - 0:23:07 - Epoch 10: val_AUC=0.8847990981245683, val_AP=0.8749592926438385
INFO - 11/05/25 18:40:49 - 0:23:08 - Epoch 11: train_loss=1.590096116065979, train_AUC=0.9250750532777834, train_AP=0.9240885603936064, time=0.33831000328063965
INFO - 11/05/25 18:40:49 - 0:23:08 - Epoch 11: val_AUC=0.8900312911350337, val_AP=0.8794289106863052
INFO - 11/05/25 18:40:50 - 0:23:08 - Epoch 12: train_loss=1.5109717845916748, train_AUC=0.9296604977888763, train_AP=0.9276604642938964, time=0.3387935161590576
INFO - 11/05/25 18:40:50 - 0:23:08 - Epoch 12: val_AUC=0.8972754352982573, val_AP=0.8854140935318386
INFO - 11/05/25 18:40:50 - 0:23:09 - Epoch 13: train_loss=1.4406129121780396, train_AUC=0.9355704146118826, train_AP=0.9316991967274951, time=0.3407137393951416
INFO - 11/05/25 18:40:50 - 0:23:09 - Epoch 13: val_AUC=0.9052957486739043, val_AP=0.8923414637756818
INFO - 11/05/25 18:40:51 - 0:23:09 - Epoch 14: train_loss=1.3738298416137695, train_AUC=0.9422925020588652, train_AP=0.937816291179246, time=0.31429314613342285
INFO - 11/05/25 18:40:51 - 0:23:09 - Epoch 14: val_AUC=0.9104889448578765, val_AP=0.8971872756313034
INFO - 11/05/25 18:40:51 - 0:23:10 - Epoch 15: train_loss=1.3303370475769043, train_AUC=0.9469059163002126, train_AP=0.9414698088147633, time=0.2988860607147217
INFO - 11/05/25 18:40:51 - 0:23:10 - Epoch 15: val_AUC=0.9136221311368583, val_AP=0.9009856049754815
INFO - 11/05/25 18:40:51 - 0:23:10 - Epoch 16: train_loss=1.334545612335205, train_AUC=0.9496407965597138, train_AP=0.9447229308469582, time=0.30872368812561035
INFO - 11/05/25 18:40:51 - 0:23:10 - Epoch 16: val_AUC=0.9163901930821462, val_AP=0.9041437255160566
INFO - 11/05/25 18:40:52 - 0:23:10 - Epoch 17: train_loss=1.3138903379440308, train_AUC=0.9525722370441969, train_AP=0.946855848117722, time=0.3009665012359619
INFO - 11/05/25 18:40:52 - 0:23:10 - Epoch 17: val_AUC=0.9194288909669095, val_AP=0.9074590224968031
INFO - 11/05/25 18:40:52 - 0:23:11 - Epoch 18: train_loss=1.2793420553207397, train_AUC=0.9544955986785977, train_AP=0.9491445294110754, time=0.29697346687316895
INFO - 11/05/25 18:40:52 - 0:23:11 - Epoch 18: val_AUC=0.9214526531689452, val_AP=0.9098692188963201
INFO - 11/05/25 18:40:53 - 0:23:11 - Epoch 19: train_loss=1.2521967887878418, train_AUC=0.9567459599402196, train_AP=0.9514328045954619, time=0.2998199462890625
INFO - 11/05/25 18:40:53 - 0:23:11 - Epoch 19: val_AUC=0.9234635861278006, val_AP=0.9118106498952476
INFO - 11/05/25 18:40:53 - 0:23:12 - Epoch 20: train_loss=1.226109266281128, train_AUC=0.9584679766782589, train_AP=0.9528408750452534, time=0.2976980209350586
INFO - 11/05/25 18:40:53 - 0:23:12 - Epoch 20: val_AUC=0.9246286035918624, val_AP=0.9132834173093447
INFO - 11/05/25 18:40:53 - 0:23:12 - Epoch 21: train_loss=1.2024199962615967, train_AUC=0.9603553573795834, train_AP=0.95499908390642, time=0.3052234649658203
INFO - 11/05/25 18:40:54 - 0:23:12 - Epoch 21: val_AUC=0.9261968258415983, val_AP=0.9149311204747042
INFO - 11/05/25 18:40:54 - 0:23:12 - Epoch 22: train_loss=1.1807265281677246, train_AUC=0.9608662250926849, train_AP=0.9550369440431836, time=0.2980079650878906
INFO - 11/05/25 18:40:54 - 0:23:12 - Epoch 22: val_AUC=0.9278217614917438, val_AP=0.9166457323761802
INFO - 11/05/25 18:40:54 - 0:23:13 - Epoch 23: train_loss=1.1593754291534424, train_AUC=0.9627159066272686, train_AP=0.9571576989896287, time=0.30571842193603516
INFO - 11/05/25 18:40:54 - 0:23:13 - Epoch 23: val_AUC=0.9285808250465925, val_AP=0.9178336700827394
INFO - 11/05/25 18:40:55 - 0:23:13 - Epoch 24: train_loss=1.1527795791625977, train_AUC=0.9639969505656832, train_AP=0.958425903057486, time=0.29949188232421875
INFO - 11/05/25 18:40:55 - 0:23:13 - Epoch 24: val_AUC=0.9295041232780306, val_AP=0.918843749295965
INFO - 11/05/25 18:40:55 - 0:23:14 - Epoch 25: train_loss=1.1482524871826172, train_AUC=0.9645312275393256, train_AP=0.9591275947503669, time=0.29827046394348145
INFO - 11/05/25 18:40:55 - 0:23:14 - Epoch 25: val_AUC=0.9305278154283256, val_AP=0.9198420543838912
INFO - 11/05/25 18:40:55 - 0:23:14 - Epoch 26: train_loss=1.142768144607544, train_AUC=0.9655626027565727, train_AP=0.9598708441322208, time=0.29903197288513184
INFO - 11/05/25 18:40:56 - 0:23:14 - Epoch 26: val_AUC=0.9315415292783693, val_AP=0.9208117388154774
INFO - 11/05/25 18:40:56 - 0:23:14 - Epoch 27: train_loss=1.1292128562927246, train_AUC=0.9665881915278307, train_AP=0.9608540868127053, time=0.2987558841705322
INFO - 11/05/25 18:40:56 - 0:23:14 - Epoch 27: val_AUC=0.9325721451472062, val_AP=0.9217887998712958
INFO - 11/05/25 18:40:56 - 0:23:15 - Epoch 28: train_loss=1.1109187602996826, train_AUC=0.9680520901535492, train_AP=0.9620372637733086, time=0.29923462867736816
INFO - 11/05/25 18:40:56 - 0:23:15 - Epoch 28: val_AUC=0.93358585899725, val_AP=0.9227934556174902
INFO - 11/05/25 18:40:57 - 0:23:15 - Epoch 29: train_loss=1.0947329998016357, train_AUC=0.9694551145925325, train_AP=0.9633799242444823, time=0.298015832901001
INFO - 11/05/25 18:40:57 - 0:23:15 - Epoch 29: val_AUC=0.9346181039763324, val_AP=0.9239102636342753
INFO - 11/05/25 18:40:57 - 0:23:16 - Epoch 30: train_loss=1.085889458656311, train_AUC=0.9699319992859137, train_AP=0.9641688489484279, time=0.2997159957885742
INFO - 11/05/25 18:40:57 - 0:23:16 - Epoch 30: val_AUC=0.9355790753821892, val_AP=0.924936251734967
INFO - 11/05/25 18:40:57 - 0:23:16 - Epoch 31: train_loss=1.076045274734497, train_AUC=0.9708586249485601, train_AP=0.9647443664168176, time=0.2995121479034424
INFO - 11/05/25 18:40:58 - 0:23:16 - Epoch 31: val_AUC=0.9367412419033221, val_AP=0.9261146347250779
INFO - 11/05/25 18:40:58 - 0:23:16 - Epoch 32: train_loss=1.0645620822906494, train_AUC=0.9719299535015395, train_AP=0.9655564399882903, time=0.2978537082672119
INFO - 11/05/25 18:40:58 - 0:23:16 - Epoch 32: val_AUC=0.9378534151038068, val_AP=0.9272361858969622
INFO - 11/05/25 18:40:58 - 0:23:17 - Epoch 33: train_loss=1.0556164979934692, train_AUC=0.9729781979128123, train_AP=0.9672298056276821, time=0.30109214782714844
INFO - 11/05/25 18:40:58 - 0:23:17 - Epoch 33: val_AUC=0.9387912735080608, val_AP=0.9282139877416429
INFO - 11/05/25 18:40:59 - 0:23:17 - Epoch 34: train_loss=1.0481960773468018, train_AUC=0.973729367895382, train_AP=0.9679522635281711, time=0.29985737800598145
INFO - 11/05/25 18:40:59 - 0:23:17 - Epoch 34: val_AUC=0.9396826004509379, val_AP=0.929215786118561
INFO - 11/05/25 18:40:59 - 0:23:18 - Epoch 35: train_loss=1.04490327835083, train_AUC=0.9738505354227446, train_AP=0.9674970499063908, time=0.2987792491912842
INFO - 11/05/25 18:40:59 - 0:23:18 - Epoch 35: val_AUC=0.9405103920942539, val_AP=0.9302104315904288
INFO - 11/05/25 18:40:59 - 0:23:18 - Epoch 36: train_loss=1.0382364988327026, train_AUC=0.9750828553900959, train_AP=0.9694672838867401, time=0.2990152835845947
INFO - 11/05/25 18:41:00 - 0:23:18 - Epoch 36: val_AUC=0.9413143580002346, val_AP=0.9311442180736751
INFO - 11/05/25 18:41:00 - 0:23:18 - Epoch 37: train_loss=1.0305728912353516, train_AUC=0.9755314219864543, train_AP=0.9696925679007592, time=0.298551082611084
INFO - 11/05/25 18:41:00 - 0:23:19 - Epoch 37: val_AUC=0.9420462357778675, val_AP=0.9320134613616838
INFO - 11/05/25 18:41:00 - 0:23:19 - Epoch 38: train_loss=1.0220073461532593, train_AUC=0.9763726225873702, train_AP=0.9708727111862915, time=0.2989199161529541
INFO - 11/05/25 18:41:00 - 0:23:19 - Epoch 38: val_AUC=0.9427245565561913, val_AP=0.932768276800793
INFO - 11/05/25 18:41:01 - 0:23:19 - Epoch 39: train_loss=1.0131282806396484, train_AUC=0.9771033313939954, train_AP=0.9717515870209543, time=0.29719090461730957
INFO - 11/05/25 18:41:01 - 0:23:19 - Epoch 39: val_AUC=0.9433407675064187, val_AP=0.9334401331690658
INFO - 11/05/25 18:41:01 - 0:23:20 - Epoch 40: train_loss=1.0049874782562256, train_AUC=0.9776312567502842, train_AP=0.9718123759238418, time=0.29791808128356934
INFO - 11/05/25 18:41:01 - 0:23:20 - Epoch 40: val_AUC=0.9439040323736788, val_AP=0.9341346658055599
INFO - 11/05/25 18:41:02 - 0:23:20 - Epoch 41: train_loss=0.9993792772293091, train_AUC=0.9781627547152135, train_AP=0.9728091047760041, time=0.2975599765777588
INFO - 11/05/25 18:41:02 - 0:23:20 - Epoch 41: val_AUC=0.9444593553284938, val_AP=0.9347581637374067
INFO - 11/05/25 18:41:02 - 0:23:20 - Epoch 42: train_loss=0.9932879209518433, train_AUC=0.9788913479598474, train_AP=0.9737373225059235, time=0.3013424873352051
INFO - 11/05/25 18:41:02 - 0:23:21 - Epoch 42: val_AUC=0.9449063424520064, val_AP=0.9352741006068432
INFO - 11/05/25 18:41:02 - 0:23:21 - Epoch 43: train_loss=0.9909037351608276, train_AUC=0.9787837639185099, train_AP=0.9735823026145184, time=0.3027770519256592
INFO - 11/05/25 18:41:02 - 0:23:21 - Epoch 43: val_AUC=0.945353329575519, val_AP=0.9357754352425879
INFO - 11/05/25 18:41:03 - 0:23:21 - Epoch 44: train_loss=0.9851053953170776, train_AUC=0.9797398212894401, train_AP=0.974820345507714, time=0.2978847026824951
INFO - 11/05/25 18:41:03 - 0:23:21 - Epoch 44: val_AUC=0.9458111095544057, val_AP=0.936302713857088
INFO - 11/05/25 18:41:03 - 0:23:22 - Epoch 45: train_loss=0.9796828031539917, train_AUC=0.9797331019320402, train_AP=0.974236404336476, time=0.2986414432525635
INFO - 11/05/25 18:41:03 - 0:23:22 - Epoch 45: val_AUC=0.9463195955896728, val_AP=0.9368647543451625
INFO - 11/05/25 18:41:04 - 0:23:22 - Epoch 46: train_loss=0.9744653105735779, train_AUC=0.9803719519873297, train_AP=0.9753135143423515, time=0.29923510551452637
INFO - 11/05/25 18:41:04 - 0:23:22 - Epoch 46: val_AUC=0.9468152523817591, val_AP=0.9374019252909042
INFO - 11/05/25 18:41:04 - 0:23:22 - Epoch 47: train_loss=0.9685492515563965, train_AUC=0.9806409025801555, train_AP=0.9757509559663663, time=0.29683637619018555
INFO - 11/05/25 18:41:04 - 0:23:23 - Epoch 47: val_AUC=0.9472764942199168, val_AP=0.9379299805781546
INFO - 11/05/25 18:41:04 - 0:23:23 - Epoch 48: train_loss=0.9652069211006165, train_AUC=0.9804908741517364, train_AP=0.9751128294386229, time=0.30149292945861816
INFO - 11/05/25 18:41:04 - 0:23:23 - Epoch 48: val_AUC=0.9476721643707072, val_AP=0.9383445627985675
INFO - 11/05/25 18:41:05 - 0:23:23 - Epoch 49: train_loss=0.9599253535270691, train_AUC=0.9811034063129283, train_AP=0.9761490235152983, time=0.2977132797241211
INFO - 11/05/25 18:41:05 - 0:23:23 - Epoch 49: val_AUC=0.9480224230734141, val_AP=0.9387568234067877
INFO - 11/05/25 18:41:05 - 0:23:24 - Epoch 50: train_loss=0.9551684260368347, train_AUC=0.981579252598592, train_AP=0.9765788635151853, time=0.29729318618774414
INFO - 11/05/25 18:41:05 - 0:23:24 - Epoch 50: val_AUC=0.9483651471412373, val_AP=0.9391327009907923
INFO - 11/05/25 18:41:06 - 0:23:24 - Epoch 51: train_loss=0.9537827968597412, train_AUC=0.981198718791424, train_AP=0.975838452657917, time=0.29850316047668457
INFO - 11/05/25 18:41:06 - 0:23:24 - Epoch 51: val_AUC=0.9486985038251509, val_AP=0.939523043542196
INFO - 11/05/25 18:41:06 - 0:23:24 - Epoch 52: train_loss=0.9472293853759766, train_AUC=0.9820382284573851, train_AP=0.9770267595757881, time=0.29953432083129883
INFO - 11/05/25 18:41:06 - 0:23:25 - Epoch 52: val_AUC=0.9489772853158519, val_AP=0.9398508469455148
INFO - 11/05/25 18:41:06 - 0:23:25 - Epoch 53: train_loss=0.9449480175971985, train_AUC=0.9821451097770824, train_AP=0.97717121166178, time=0.29892683029174805
INFO - 11/05/25 18:41:06 - 0:23:25 - Epoch 53: val_AUC=0.9492705251599787, val_AP=0.9402263725010785
INFO - 11/05/25 18:41:07 - 0:23:25 - Epoch 54: train_loss=0.9393718242645264, train_AUC=0.982913052263407, train_AP=0.9779867900494279, time=0.2981569766998291
INFO - 11/05/25 18:41:07 - 0:23:25 - Epoch 54: val_AUC=0.9495512412190957, val_AP=0.9405818087523641
INFO - 11/05/25 18:41:07 - 0:23:26 - Epoch 55: train_loss=0.9357608556747437, train_AUC=0.9829628431737433, train_AP=0.9782910750788606, time=0.30051088333129883
INFO - 11/05/25 18:41:07 - 0:23:26 - Epoch 55: val_AUC=0.949831957278213, val_AP=0.9409325640638453
INFO - 11/05/25 18:41:08 - 0:23:26 - Epoch 56: train_loss=0.931951642036438, train_AUC=0.9832615912775713, train_AP=0.9785193834230229, time=0.3004598617553711
INFO - 11/05/25 18:41:08 - 0:23:26 - Epoch 56: val_AUC=0.9501119606015979, val_AP=0.9412942293040374
INFO - 11/05/25 18:41:08 - 0:23:27 - Epoch 57: train_loss=0.9287338256835938, train_AUC=0.983490618122944, train_AP=0.9790764996955563, time=0.3003814220428467
INFO - 11/05/25 18:41:08 - 0:23:27 - Epoch 57: val_AUC=0.9503842256513183, val_AP=0.9416546893884871
INFO - 11/05/25 18:41:08 - 0:23:27 - Epoch 58: train_loss=0.9263274073600769, train_AUC=0.983442307683312, train_AP=0.9786222097498511, time=0.30025696754455566
INFO - 11/05/25 18:41:08 - 0:23:27 - Epoch 58: val_AUC=0.950642643263955, val_AP=0.9420068064000555
INFO - 11/05/25 18:41:09 - 0:23:27 - Epoch 59: train_loss=0.9205948114395142, train_AUC=0.984438939215484, train_AP=0.9800998623411634, time=0.3004424571990967
INFO - 11/05/25 18:41:09 - 0:23:27 - Epoch 59: val_AUC=0.9509094100665979, val_AP=0.9423458261623373
INFO - 11/05/25 18:41:09 - 0:23:28 - Epoch 60: train_loss=0.9203608632087708, train_AUC=0.9839029582739544, train_AP=0.9791786217674396, time=0.29869842529296875
INFO - 11/05/25 18:41:09 - 0:23:28 - Epoch 60: val_AUC=0.9512155809732956, val_AP=0.9427343557900487
INFO - 11/05/25 18:41:10 - 0:23:28 - Epoch 61: train_loss=0.9162203073501587, train_AUC=0.9839267738449776, train_AP=0.9792336798837263, time=0.30228710174560547
INFO - 11/05/25 18:41:10 - 0:23:28 - Epoch 61: val_AUC=0.9515026098346128, val_AP=0.9430834673241336
INFO - 11/05/25 18:41:10 - 0:23:29 - Epoch 62: train_loss=0.9138022661209106, train_AUC=0.9839988778405439, train_AP=0.9787999899936324, time=0.3001430034637451
INFO - 11/05/25 18:41:10 - 0:23:29 - Epoch 62: val_AUC=0.9518129553363134, val_AP=0.94344868669845
INFO - 11/05/25 18:41:10 - 0:23:29 - Epoch 63: train_loss=0.9085112810134888, train_AUC=0.984646298458036, train_AP=0.9799540466112366, time=0.3034627437591553
INFO - 11/05/25 18:41:11 - 0:23:29 - Epoch 63: val_AUC=0.9520901077167694, val_AP=0.9437773103904976
INFO - 11/05/25 18:41:11 - 0:23:29 - Epoch 64: train_loss=0.9060543775558472, train_AUC=0.9851485744744494, train_AP=0.9807064937002267, time=0.3008902072906494
INFO - 11/05/25 18:41:11 - 0:23:29 - Epoch 64: val_AUC=0.9523978059143218, val_AP=0.9441278853991559
INFO - 11/05/25 18:41:11 - 0:23:30 - Epoch 65: train_loss=0.8997372388839722, train_AUC=0.9856087513003766, train_AP=0.9812281416403529, time=0.2987484931945801
INFO - 11/05/25 18:41:11 - 0:23:30 - Epoch 65: val_AUC=0.9527140569406612, val_AP=0.9445172599575787
INFO - 11/05/25 18:41:12 - 0:23:30 - Epoch 66: train_loss=0.8987960815429688, train_AUC=0.9856791053605497, train_AP=0.9813226576894971, time=0.29980015754699707
INFO - 11/05/25 18:41:12 - 0:23:30 - Epoch 66: val_AUC=0.9529588307549948, val_AP=0.9448290013945193
INFO - 11/05/25 18:41:12 - 0:23:31 - Epoch 67: train_loss=0.897174060344696, train_AUC=0.9853516191118012, train_AP=0.9805171574913779, time=0.300037145614624
INFO - 11/05/25 18:41:12 - 0:23:31 - Epoch 67: val_AUC=0.9532146010634831, val_AP=0.9451599895738217
INFO - 11/05/25 18:41:12 - 0:23:31 - Epoch 68: train_loss=0.8938565254211426, train_AUC=0.9859419406900174, train_AP=0.9817485708291018, time=0.3015909194946289
INFO - 11/05/25 18:41:13 - 0:23:31 - Epoch 68: val_AUC=0.9534717968434361, val_AP=0.9455262001853362
INFO - 11/05/25 18:41:13 - 0:23:31 - Epoch 69: train_loss=0.8899930119514465, train_AUC=0.985770820045143, train_AP=0.9809242100952689, time=0.3094768524169922
INFO - 11/05/25 18:41:13 - 0:23:31 - Epoch 69: val_AUC=0.9537348981480275, val_AP=0.9458965835894956
INFO - 11/05/25 18:41:13 - 0:23:32 - Epoch 70: train_loss=0.8876240253448486, train_AUC=0.98637187160161, train_AP=0.9819159268042543, time=0.3004133701324463
INFO - 11/05/25 18:41:13 - 0:23:32 - Epoch 70: val_AUC=0.9539819119889481, val_AP=0.9462547323347091
INFO - 11/05/25 18:41:14 - 0:23:32 - Epoch 71: train_loss=0.8838108777999878, train_AUC=0.9866732011067121, train_AP=0.982371486133491, time=0.3009059429168701
INFO - 11/05/25 18:41:14 - 0:23:32 - Epoch 71: val_AUC=0.954223631221572, val_AP=0.9466112263017628
INFO - 11/05/25 18:41:14 - 0:23:33 - Epoch 72: train_loss=0.8820754885673523, train_AUC=0.9868772172259109, train_AP=0.9826073763063955, time=0.30024123191833496
INFO - 11/05/25 18:41:14 - 0:23:33 - Epoch 72: val_AUC=0.9544460047700347, val_AP=0.9469268390536221
INFO - 11/05/25 18:41:14 - 0:23:33 - Epoch 73: train_loss=0.8799269795417786, train_AUC=0.9869379876775468, train_AP=0.9827368212639741, time=0.2998044490814209
INFO - 11/05/25 18:41:15 - 0:23:33 - Epoch 73: val_AUC=0.9547013678009618, val_AP=0.9472630692747321
INFO - 11/05/25 18:41:15 - 0:23:33 - Epoch 74: train_loss=0.8761361837387085, train_AUC=0.9875014159752994, train_AP=0.983370069595991, time=0.30019307136535645
INFO - 11/05/25 18:41:15 - 0:23:34 - Epoch 74: val_AUC=0.95494125428456, val_AP=0.9475944236774176
INFO - 11/05/25 18:41:15 - 0:23:34 - Epoch 75: train_loss=0.873967170715332, train_AUC=0.987465077693299, train_AP=0.9833003600997725, time=0.3121020793914795
INFO - 11/05/25 18:41:15 - 0:23:34 - Epoch 75: val_AUC=0.9551742170496162, val_AP=0.9479094317300737
INFO - 11/05/25 18:41:16 - 0:23:34 - Epoch 76: train_loss=0.8722051978111267, train_AUC=0.9877759245855507, train_AP=0.9838044593552212, time=0.29872798919677734
INFO - 11/05/25 18:41:16 - 0:23:34 - Epoch 76: val_AUC=0.955389055963195, val_AP=0.9482014392942486
INFO - 11/05/25 18:41:16 - 0:23:35 - Epoch 77: train_loss=0.8706183433532715, train_AUC=0.9875123613491809, train_AP=0.9834837587390789, time=0.29964566230773926
INFO - 11/05/25 18:41:16 - 0:23:35 - Epoch 77: val_AUC=0.9555935092989613, val_AP=0.9484871557618098
INFO - 11/05/25 18:41:17 - 0:23:35 - Epoch 78: train_loss=0.8662761449813843, train_AUC=0.9880934050644157, train_AP=0.9842641141866986, time=0.3039705753326416
INFO - 11/05/25 18:41:17 - 0:23:35 - Epoch 78: val_AUC=0.9557686386503148, val_AP=0.9487735607636543
INFO - 11/05/25 18:41:17 - 0:23:35 - Epoch 79: train_loss=0.8648761510848999, train_AUC=0.9882124087727119, train_AP=0.9843885796359211, time=0.29950761795043945
INFO - 11/05/25 18:41:17 - 0:23:36 - Epoch 79: val_AUC=0.9559394915872746, val_AP=0.9490204992324821
INFO - 11/05/25 18:41:17 - 0:23:36 - Epoch 80: train_loss=0.8627231121063232, train_AUC=0.9882488541361051, train_AP=0.9843194613299779, time=0.2986016273498535
INFO - 11/05/25 18:41:17 - 0:23:36 - Epoch 80: val_AUC=0.9561083081364281, val_AP=0.949288544960447
INFO - 11/05/25 18:41:18 - 0:23:36 - Epoch 81: train_loss=0.8611652851104736, train_AUC=0.9886176118079937, train_AP=0.9851059358417702, time=0.29963159561157227
INFO - 11/05/25 18:41:18 - 0:23:36 - Epoch 81: val_AUC=0.9562683682180141, val_AP=0.9495430891492674
INFO - 11/05/25 18:41:18 - 0:23:37 - Epoch 82: train_loss=0.8578457236289978, train_AUC=0.9887467091704087, train_AP=0.9849172516842449, time=0.29951930046081543
INFO - 11/05/25 18:41:18 - 0:23:37 - Epoch 82: val_AUC=0.9564096935317808, val_AP=0.9497826175275978
INFO - 11/05/25 18:41:19 - 0:23:37 - Epoch 83: train_loss=0.8566757440567017, train_AUC=0.9887459227914303, train_AP=0.9850935808370173, time=0.30033278465270996
INFO - 11/05/25 18:41:19 - 0:23:37 - Epoch 83: val_AUC=0.9565294331347991, val_AP=0.949985777876756
INFO - 11/05/25 18:41:19 - 0:23:37 - Epoch 84: train_loss=0.8549752235412598, train_AUC=0.9887786479570262, train_AP=0.9851968082764848, time=0.3035767078399658
INFO - 11/05/25 18:41:19 - 0:23:38 - Epoch 84: val_AUC=0.956658540121727, val_AP=0.9501971601955415
INFO - 11/05/25 18:41:19 - 0:23:38 - Epoch 85: train_loss=0.8513907194137573, train_AUC=0.9895709215196978, train_AP=0.9862760081592669, time=0.29868030548095703
INFO - 11/05/25 18:41:19 - 0:23:38 - Epoch 85: val_AUC=0.956783777971823, val_AP=0.9503888970067412
INFO - 11/05/25 18:41:20 - 0:23:38 - Epoch 86: train_loss=0.8515701293945312, train_AUC=0.9888785864221402, train_AP=0.9849905777552143, time=0.2954368591308594
INFO - 11/05/25 18:41:20 - 0:23:38 - Epoch 86: val_AUC=0.956903721213622, val_AP=0.9505704622206227
INFO - 11/05/25 18:41:20 - 0:23:39 - Epoch 87: train_loss=0.8472017049789429, train_AUC=0.9894867594195922, train_AP=0.9859977759927356, time=0.29746484756469727
INFO - 11/05/25 18:41:20 - 0:23:39 - Epoch 87: val_AUC=0.9570112424898017, val_AP=0.9507491599201328
INFO - 11/05/25 18:41:21 - 0:23:39 - Epoch 88: train_loss=0.8472803831100464, train_AUC=0.9890926435353651, train_AP=0.985215676336337, time=0.2970132827758789
INFO - 11/05/25 18:41:21 - 0:23:39 - Epoch 88: val_AUC=0.9571041017737751, val_AP=0.9509007282461649
INFO - 11/05/25 18:41:21 - 0:23:39 - Epoch 89: train_loss=0.8443057537078857, train_AUC=0.9897396840843606, train_AP=0.986629905784347, time=0.2980508804321289
INFO - 11/05/25 18:41:21 - 0:23:40 - Epoch 89: val_AUC=0.9572252668482581, val_AP=0.9510736229005244
INFO - 11/05/25 18:41:21 - 0:23:40 - Epoch 90: train_loss=0.8422324657440186, train_AUC=0.9898304771292686, train_AP=0.9865165018561959, time=0.2964670658111572
INFO - 11/05/25 18:41:21 - 0:23:40 - Epoch 90: val_AUC=0.9573374718163927, val_AP=0.9512473216942141
INFO - 11/05/25 18:41:22 - 0:23:40 - Epoch 91: train_loss=0.8390712738037109, train_AUC=0.9898702154216119, train_AP=0.9864189485179913, time=0.29801464080810547
INFO - 11/05/25 18:41:22 - 0:23:40 - Epoch 91: val_AUC=0.9574109854162051, val_AP=0.9513671993570103
INFO - 11/05/25 18:41:22 - 0:23:41 - Epoch 92: train_loss=0.8370904922485352, train_AUC=0.9900498377654905, train_AP=0.9866111940836244, time=0.29641103744506836
INFO - 11/05/25 18:41:22 - 0:23:41 - Epoch 92: val_AUC=0.9575128048065269, val_AP=0.9515416757985093
INFO - 11/05/25 18:41:23 - 0:23:41 - Epoch 93: train_loss=0.8363869190216064, train_AUC=0.9901365492129004, train_AP=0.9868095389627893, time=0.2991371154785156
INFO - 11/05/25 18:41:23 - 0:23:41 - Epoch 93: val_AUC=0.9576158460295325, val_AP=0.9516961940690047
INFO - 11/05/25 18:41:23 - 0:23:41 - Epoch 94: train_loss=0.8313912153244019, train_AUC=0.9905156479885081, train_AP=0.9872281929634791, time=0.29845428466796875
INFO - 11/05/25 18:41:23 - 0:23:42 - Epoch 94: val_AUC=0.9577272364425445, val_AP=0.9518565352845664
INFO - 11/05/25 18:41:23 - 0:23:42 - Epoch 95: train_loss=0.8319314122200012, train_AUC=0.9904010957312048, train_AP=0.9873742094548149, time=0.29887914657592773
INFO - 11/05/25 18:41:23 - 0:23:42 - Epoch 95: val_AUC=0.9578082846772407, val_AP=0.9519948460007716
INFO - 11/05/25 18:41:24 - 0:23:42 - Epoch 96: train_loss=0.8282872438430786, train_AUC=0.9907133089679392, train_AP=0.9877155863833912, time=0.29824161529541016
INFO - 11/05/25 18:41:24 - 0:23:42 - Epoch 96: val_AUC=0.9579119368165883, val_AP=0.9521622249590967
INFO - 11/05/25 18:41:24 - 0:23:43 - Epoch 97: train_loss=0.8274133801460266, train_AUC=0.9906483366283594, train_AP=0.9877039780906253, time=0.298736572265625
INFO - 11/05/25 18:41:24 - 0:23:43 - Epoch 97: val_AUC=0.9580353419176583, val_AP=0.9523488016800961
INFO - 11/05/25 18:41:25 - 0:23:43 - Epoch 98: train_loss=0.8251610994338989, train_AUC=0.9908718593492443, train_AP=0.9878559283205843, time=0.30209922790527344
INFO - 11/05/25 18:41:25 - 0:23:43 - Epoch 98: val_AUC=0.9581263684526059, val_AP=0.9524793795983542
INFO - 11/05/25 18:41:25 - 0:23:44 - Epoch 99: train_loss=0.8232162594795227, train_AUC=0.9911644182190152, train_AP=0.9885042349345767, time=0.2975022792816162
INFO - 11/05/25 18:41:25 - 0:23:44 - Epoch 99: val_AUC=0.9582076203260828, val_AP=0.9526029599670508
INFO - 11/05/25 18:41:25 - 0:23:44 - Epoch 100: train_loss=0.8216146230697632, train_AUC=0.9908635941803563, train_AP=0.987669123524112, time=0.29627466201782227
INFO - 11/05/25 18:41:25 - 0:23:44 - Epoch 100: val_AUC=0.958334283647643, val_AP=0.9527944347205427
INFO - 11/05/25 18:41:26 - 0:23:44 - Epoch 101: train_loss=0.8179431557655334, train_AUC=0.9913609303630427, train_AP=0.9885146585682563, time=0.2965583801269531
INFO - 11/05/25 18:41:26 - 0:23:44 - Epoch 101: val_AUC=0.9584275502091777, val_AP=0.9529478109752854
INFO - 11/05/25 18:41:26 - 0:23:45 - Epoch 102: train_loss=0.8182464241981506, train_AUC=0.9908152113551116, train_AP=0.9876798343662474, time=0.2977259159088135
INFO - 11/05/25 18:41:26 - 0:23:45 - Epoch 102: val_AUC=0.9585273332116931, val_AP=0.9531245809024915
INFO - 11/05/25 18:41:27 - 0:23:45 - Epoch 103: train_loss=0.8154622316360474, train_AUC=0.9912259232701404, train_AP=0.9881848863662849, time=0.29895734786987305
INFO - 11/05/25 18:41:27 - 0:23:45 - Epoch 103: val_AUC=0.958625079826402, val_AP=0.9532893502112914
INFO - 11/05/25 18:41:27 - 0:23:46 - Epoch 104: train_loss=0.8140081167221069, train_AUC=0.9913475923892904, train_AP=0.9882927717347438, time=0.29694199562072754
INFO - 11/05/25 18:41:27 - 0:23:46 - Epoch 104: val_AUC=0.958730768353556, val_AP=0.953483331137953
INFO - 11/05/25 18:41:27 - 0:23:46 - Epoch 105: train_loss=0.8118102550506592, train_AUC=0.9915802235450318, train_AP=0.988500963477823, time=0.30017566680908203
INFO - 11/05/25 18:41:27 - 0:23:46 - Epoch 105: val_AUC=0.9588420569471776, val_AP=0.95369555318054
INFO - 11/05/25 18:41:28 - 0:23:46 - Epoch 106: train_loss=0.8093022108078003, train_AUC=0.9918050805564301, train_AP=0.989057489665835, time=0.30644965171813965
INFO - 11/05/25 18:41:28 - 0:23:46 - Epoch 106: val_AUC=0.958939905381277, val_AP=0.9538842874375644
INFO - 11/05/25 18:41:28 - 0:23:47 - Epoch 107: train_loss=0.8078163862228394, train_AUC=0.9916523684006033, train_AP=0.9886707066267467, time=0.2977414131164551
INFO - 11/05/25 18:41:28 - 0:23:47 - Epoch 107: val_AUC=0.9590695214651567, val_AP=0.9540959188912328
INFO - 11/05/25 18:41:29 - 0:23:47 - Epoch 108: train_loss=0.8074101805686951, train_AUC=0.9920658420645153, train_AP=0.9895715869572973, time=0.30306029319763184
INFO - 11/05/25 18:41:29 - 0:23:47 - Epoch 108: val_AUC=0.9591749045341397, val_AP=0.9542767296261545
INFO - 11/05/25 18:41:29 - 0:23:48 - Epoch 109: train_loss=0.8040501475334167, train_AUC=0.9920586820530943, train_AP=0.989567333138988, time=0.2995717525482178
INFO - 11/05/25 18:41:29 - 0:23:48 - Epoch 109: val_AUC=0.9592779457571453, val_AP=0.9544723421636632
INFO - 11/05/25 18:41:29 - 0:23:48 - Epoch 110: train_loss=0.8017972707748413, train_AUC=0.9924888177930747, train_AP=0.9897748173543925, time=0.29864954948425293
INFO - 11/05/25 18:41:30 - 0:23:48 - Epoch 110: val_AUC=0.9593777287596605, val_AP=0.9546280391185697
INFO - 11/05/25 18:41:30 - 0:23:48 - Epoch 111: train_loss=0.7996894121170044, train_AUC=0.9922929882929267, train_AP=0.9896685995952916, time=0.30680012702941895
INFO - 11/05/25 18:41:30 - 0:23:48 - Epoch 111: val_AUC=0.9594606097433825, val_AP=0.9547986533626868
INFO - 11/05/25 18:41:30 - 0:23:49 - Epoch 112: train_loss=0.7982515692710876, train_AUC=0.9925003642669459, train_AP=0.9899811786314765, time=0.29927873611450195
INFO - 11/05/25 18:41:30 - 0:23:49 - Epoch 112: val_AUC=0.9595485816966207, val_AP=0.9549831266987996
INFO - 11/05/25 18:41:31 - 0:23:49 - Epoch 113: train_loss=0.7981684803962708, train_AUC=0.9924266343249675, train_AP=0.9899846098169596, time=0.29836130142211914
INFO - 11/05/25 18:41:31 - 0:23:49 - Epoch 113: val_AUC=0.9596290190149748, val_AP=0.9551537843015155
INFO - 11/05/25 18:41:31 - 0:23:50 - Epoch 114: train_loss=0.7961549758911133, train_AUC=0.9925961401190346, train_AP=0.9902190265671238, time=0.2964487075805664
INFO - 11/05/25 18:41:31 - 0:23:50 - Epoch 114: val_AUC=0.959703754447471, val_AP=0.9553316751044534
INFO - 11/05/25 18:41:31 - 0:23:50 - Epoch 115: train_loss=0.7937085032463074, train_AUC=0.992663567757459, train_AP=0.9902238339489245, time=0.29958057403564453
INFO - 11/05/25 18:41:32 - 0:23:50 - Epoch 115: val_AUC=0.9597611805836125, val_AP=0.9554672672822592
INFO - 11/05/25 18:41:32 - 0:23:50 - Epoch 116: train_loss=0.7919529676437378, train_AUC=0.9929435896504752, train_AP=0.9903059309821761, time=0.3071928024291992
INFO - 11/05/25 18:41:32 - 0:23:50 - Epoch 116: val_AUC=0.9598634072514953, val_AP=0.9556415643114613
INFO - 11/05/25 18:41:32 - 0:23:51 - Epoch 117: train_loss=0.7908865213394165, train_AUC=0.9928750355439776, train_AP=0.9903388883847146, time=0.2999880313873291
INFO - 11/05/25 18:41:32 - 0:23:51 - Epoch 117: val_AUC=0.9599251098020306, val_AP=0.9557803602821016
INFO - 11/05/25 18:41:33 - 0:23:51 - Epoch 118: train_loss=0.7887075543403625, train_AUC=0.993180818085159, train_AP=0.9909208927455525, time=0.30110955238342285
INFO - 11/05/25 18:41:33 - 0:23:51 - Epoch 118: val_AUC=0.9599959760976944, val_AP=0.9559217544715038
INFO - 11/05/25 18:41:33 - 0:23:52 - Epoch 119: train_loss=0.7869626879692078, train_AUC=0.9931103493704025, train_AP=0.9907986417180128, time=0.3160374164581299
INFO - 11/05/25 18:41:33 - 0:23:52 - Epoch 119: val_AUC=0.9600605295911585, val_AP=0.956069352339816
INFO - 11/05/25 18:41:34 - 0:23:52 - Epoch 120: train_loss=0.7857407331466675, train_AUC=0.9933204840992529, train_AP=0.9911356861887572, time=0.32380151748657227
INFO - 11/05/25 18:41:34 - 0:23:52 - Epoch 120: val_AUC=0.9601339413715806, val_AP=0.9562312241450421
INFO - 11/05/25 18:41:34 - 0:23:52 - Epoch 121: train_loss=0.7846181392669678, train_AUC=0.993331885097416, train_AP=0.9911792729115352, time=0.32059144973754883
INFO - 11/05/25 18:41:34 - 0:23:53 - Epoch 121: val_AUC=0.9601823055819835, val_AP=0.956346495427521
INFO - 11/05/25 18:41:34 - 0:23:53 - Epoch 122: train_loss=0.7834145426750183, train_AUC=0.9933474281024813, train_AP=0.9911503573176174, time=0.31578755378723145
INFO - 11/05/25 18:41:35 - 0:23:53 - Epoch 122: val_AUC=0.9602535791552085, val_AP=0.9564954318675084
INFO - 11/05/25 18:41:35 - 0:23:53 - Epoch 123: train_loss=0.7829329967498779, train_AUC=0.9933101637777779, train_AP=0.990888321595577, time=0.32038164138793945
INFO - 11/05/25 18:41:35 - 0:23:53 - Epoch 123: val_AUC=0.9603244454508727, val_AP=0.9566500944970397
INFO - 11/05/25 18:41:35 - 0:23:54 - Epoch 124: train_loss=0.780907154083252, train_AUC=0.9935534213527917, train_AP=0.9914162628114306, time=0.31009864807128906
INFO - 11/05/25 18:41:35 - 0:23:54 - Epoch 124: val_AUC=0.9603898134994591, val_AP=0.956807355016264
INFO - 11/05/25 18:41:36 - 0:23:54 - Epoch 125: train_loss=0.7784338593482971, train_AUC=0.9938926050108614, train_AP=0.9918016733949859, time=0.31522583961486816
INFO - 11/05/25 18:41:36 - 0:23:54 - Epoch 125: val_AUC=0.9604621052665876, val_AP=0.9569424331027997
INFO - 11/05/25 18:41:36 - 0:23:55 - Epoch 126: train_loss=0.7772061228752136, train_AUC=0.993741972840642, train_AP=0.9914466105958628, time=0.35651683807373047
INFO - 11/05/25 18:41:36 - 0:23:55 - Epoch 126: val_AUC=0.9605064985207679, val_AP=0.9570520521727055
INFO - 11/05/25 18:41:37 - 0:23:55 - Epoch 127: train_loss=0.77565598487854, train_AUC=0.9936490320036526, train_AP=0.9911871261813893, time=0.3454017639160156
INFO - 11/05/25 18:41:37 - 0:23:55 - Epoch 127: val_AUC=0.9605591391455642, val_AP=0.9571672676121067
INFO - 11/05/25 18:41:37 - 0:23:56 - Epoch 128: train_loss=0.7760862112045288, train_AUC=0.993621313597654, train_AP=0.991323777043876, time=0.3552124500274658
INFO - 11/05/25 18:41:37 - 0:23:56 - Epoch 128: val_AUC=0.9605977286944963, val_AP=0.9572924504581135
INFO - 11/05/25 18:41:38 - 0:23:56 - Epoch 129: train_loss=0.7731407880783081, train_AUC=0.9940127596680098, train_AP=0.9919980081623594, time=0.35821533203125
INFO - 11/05/25 18:41:38 - 0:23:56 - Epoch 129: val_AUC=0.9606221653481735, val_AP=0.9573860138441379
INFO - 11/05/25 18:41:38 - 0:23:57 - Epoch 130: train_loss=0.7713930606842041, train_AUC=0.9940709420257844, train_AP=0.9920710463888067, time=0.3643481731414795
INFO - 11/05/25 18:41:38 - 0:23:57 - Epoch 130: val_AUC=0.9606459910855087, val_AP=0.9574683072000362
INFO - 11/05/25 18:41:39 - 0:23:57 - Epoch 131: train_loss=0.7689775228500366, train_AUC=0.9942088834658676, train_AP=0.9918800994510427, time=0.3533778190612793
INFO - 11/05/25 18:41:39 - 0:23:57 - Epoch 131: val_AUC=0.9606643185757667, val_AP=0.9575519970457862
INFO - 11/05/25 18:41:39 - 0:23:58 - Epoch 132: train_loss=0.7679829597473145, train_AUC=0.9945197462089833, train_AP=0.9925246608255456, time=0.3484466075897217
INFO - 11/05/25 18:41:39 - 0:23:58 - Epoch 132: val_AUC=0.9606865152028569, val_AP=0.9576379282520104
INFO - 11/05/25 18:41:39 - 0:23:58 - Epoch 133: train_loss=0.7675110101699829, train_AUC=0.9941999659458627, train_AP=0.9920844412189141, time=0.35296630859375
INFO - 11/05/25 18:41:40 - 0:23:58 - Epoch 133: val_AUC=0.9607107482177536, val_AP=0.9577382519033028
INFO - 11/05/25 18:41:40 - 0:23:58 - Epoch 134: train_loss=0.7652068138122559, train_AUC=0.994476257073839, train_AP=0.9926106040129354, time=0.35567235946655273
INFO - 11/05/25 18:41:40 - 0:23:59 - Epoch 134: val_AUC=0.9607290757080112, val_AP=0.9578130156981248
INFO - 11/05/25 18:41:40 - 0:23:59 - Epoch 135: train_loss=0.7639429569244385, train_AUC=0.9947310551346199, train_AP=0.9930482417836857, time=0.3517436981201172
INFO - 11/05/25 18:41:41 - 0:23:59 - Epoch 135: val_AUC=0.9607421085899724, val_AP=0.9578949938113722
INFO - 11/05/25 18:41:41 - 0:23:59 - Epoch 136: train_loss=0.7630466222763062, train_AUC=0.9946812029342759, train_AP=0.9927935065318485, time=0.3508720397949219
INFO - 11/05/25 18:41:41 - 0:24:00 - Epoch 136: val_AUC=0.9607402758409467, val_AP=0.9579634367934596
INFO - 11/05/25 18:41:41 - 0:24:00 - Epoch 137: train_loss=0.762414813041687, train_AUC=0.9944986217624378, train_AP=0.9923251528591908, time=0.3712148666381836
INFO - 11/05/25 18:41:42 - 0:24:00 - Epoch 137: val_AUC=0.9607561596658369, val_AP=0.9580478681092617
INFO - 11/05/25 18:41:42 - 0:24:00 - Epoch 138: train_loss=0.760421633720398, train_AUC=0.9948464543564267, train_AP=0.9931186757788144, time=0.3579587936401367
INFO - 11/05/25 18:41:42 - 0:24:01 - Epoch 138: val_AUC=0.9607840581787851, val_AP=0.9581379474183809
INFO - 11/05/25 18:41:42 - 0:24:01 - Epoch 139: train_loss=0.7590770721435547, train_AUC=0.9946881040482504, train_AP=0.9927497022400545, time=0.35116124153137207
INFO - 11/05/25 18:41:42 - 0:24:01 - Epoch 139: val_AUC=0.9608044220568495, val_AP=0.9582305903066516
INFO - 11/05/25 18:41:43 - 0:24:01 - Epoch 140: train_loss=0.7597053647041321, train_AUC=0.994634276275077, train_AP=0.9927257415842947, time=0.3551619052886963
INFO - 11/05/25 18:41:43 - 0:24:01 - Epoch 140: val_AUC=0.9608361897066298, val_AP=0.9583205147036746
INFO - 11/05/25 18:41:43 - 0:24:02 - Epoch 141: train_loss=0.7565330266952515, train_AUC=0.9949756869795485, train_AP=0.9930367628470191, time=0.35207700729370117
INFO - 11/05/25 18:41:43 - 0:24:02 - Epoch 141: val_AUC=0.9608704010217778, val_AP=0.9584071260616247
INFO - 11/05/25 18:41:44 - 0:24:02 - Epoch 142: train_loss=0.7551769018173218, train_AUC=0.995085164318539, train_AP=0.9933866111455878, time=0.3531186580657959
INFO - 11/05/25 18:41:44 - 0:24:02 - Epoch 142: val_AUC=0.9609094996676615, val_AP=0.9585170560704526
INFO - 11/05/25 18:41:44 - 0:24:03 - Epoch 143: train_loss=0.7545052170753479, train_AUC=0.9949337151243371, train_AP=0.9930948258305219, time=0.36394715309143066
INFO - 11/05/25 18:41:44 - 0:24:03 - Epoch 143: val_AUC=0.9609382127357322, val_AP=0.958602983130938
INFO - 11/05/25 18:41:45 - 0:24:03 - Epoch 144: train_loss=0.7537256479263306, train_AUC=0.9951668753466971, train_AP=0.993420769616532, time=0.3385341167449951
INFO - 11/05/25 18:41:45 - 0:24:03 - Epoch 144: val_AUC=0.9609528747279386, val_AP=0.9586690382846045
INFO - 11/05/25 18:41:45 - 0:24:04 - Epoch 145: train_loss=0.7526766061782837, train_AUC=0.9950728253014642, train_AP=0.9932563577233129, time=0.3433265686035156
INFO - 11/05/25 18:41:45 - 0:24:04 - Epoch 145: val_AUC=0.9609543001994033, val_AP=0.9587218980661193
INFO - 11/05/25 18:41:46 - 0:24:04 - Epoch 146: train_loss=0.7512174248695374, train_AUC=0.9954154424328121, train_AP=0.9939229818485384, time=0.34165477752685547
INFO - 11/05/25 18:41:46 - 0:24:04 - Epoch 146: val_AUC=0.9609416745950032, val_AP=0.9587569570837566
INFO - 11/05/25 18:41:46 - 0:24:05 - Epoch 147: train_loss=0.750289797782898, train_AUC=0.9952931720375519, train_AP=0.9937293040057531, time=0.3413207530975342
INFO - 11/05/25 18:41:46 - 0:24:05 - Epoch 147: val_AUC=0.9609424891501258, val_AP=0.9588135784678211
INFO - 11/05/25 18:41:47 - 0:24:05 - Epoch 148: train_loss=0.7481350898742676, train_AUC=0.9952957419909797, train_AP=0.9934402276723399, time=0.33931612968444824
INFO - 11/05/25 18:41:47 - 0:24:05 - Epoch 148: val_AUC=0.9608893394283777, val_AP=0.9588136324412276
INFO - 11/05/25 18:41:47 - 0:24:06 - Epoch 149: train_loss=0.7483934164047241, train_AUC=0.9953387996303799, train_AP=0.9937327439581638, time=0.3397681713104248
INFO - 11/05/25 18:41:47 - 0:24:06 - Epoch 149: val_AUC=0.9608740665198294, val_AP=0.9588578951640323
INFO - 11/05/25 18:41:47 - 0:24:06 - Epoch 150: train_loss=0.7471212148666382, train_AUC=0.9954386199184961, train_AP=0.9936789285849295, time=0.34430718421936035
INFO - 11/05/25 18:41:48 - 0:24:06 - Epoch 150: val_AUC=0.960844131619075, val_AP=0.9588744598209691
INFO - 11/05/25 18:41:48 - 0:24:06 - Epoch 151: train_loss=0.7459677457809448, train_AUC=0.9954355437941423, train_AP=0.9938111670108853, time=0.34680747985839844
INFO - 11/05/25 18:41:48 - 0:24:07 - Epoch 151: val_AUC=0.9608290623493074, val_AP=0.9589099946333898
INFO - 11/05/25 18:41:48 - 0:24:07 - Epoch 152: train_loss=0.7428478598594666, train_AUC=0.9958025541724485, train_AP=0.99433904158454, time=0.3374447822570801
INFO - 11/05/25 18:41:48 - 0:24:07 - Epoch 152: val_AUC=0.9608162331061266, val_AP=0.9589378270085377
INFO - 11/05/25 18:41:49 - 0:24:07 - Epoch 153: train_loss=0.7428788542747498, train_AUC=0.9956817055996952, train_AP=0.9941922336912515, time=0.3396627902984619
INFO - 11/05/25 18:41:49 - 0:24:07 - Epoch 153: val_AUC=0.9607997383648946, val_AP=0.9589483534442846
INFO - 11/05/25 18:41:49 - 0:24:08 - Epoch 154: train_loss=0.7413344979286194, train_AUC=0.9957327688060541, train_AP=0.9939942746008533, time=0.33675670623779297
INFO - 11/05/25 18:41:49 - 0:24:08 - Epoch 154: val_AUC=0.9607797817643915, val_AP=0.9589657889820602
INFO - 11/05/25 18:41:50 - 0:24:08 - Epoch 155: train_loss=0.7391356229782104, train_AUC=0.9961016328548528, train_AP=0.9947543300292089, time=0.2981901168823242
INFO - 11/05/25 18:41:50 - 0:24:08 - Epoch 155: val_AUC=0.9607559560270563, val_AP=0.9589791434025375
INFO - 11/05/25 18:41:50 - 0:24:09 - Epoch 156: train_loss=0.7403591871261597, train_AUC=0.9957431136083081, train_AP=0.9942288630855064, time=0.30025434494018555
INFO - 11/05/25 18:41:50 - 0:24:09 - Epoch 156: val_AUC=0.9607209301567857, val_AP=0.9589929509254813
INFO - 11/05/25 18:41:50 - 0:24:09 - Epoch 157: train_loss=0.7376842498779297, train_AUC=0.995917483504196, train_AP=0.9944090675939906, time=0.3002462387084961
INFO - 11/05/25 18:41:51 - 0:24:09 - Epoch 157: val_AUC=0.9607034172216503, val_AP=0.959008348859101
INFO - 11/05/25 18:41:51 - 0:24:09 - Epoch 158: train_loss=0.7375003695487976, train_AUC=0.9958969268708255, train_AP=0.994377337412127, time=0.29862546920776367
INFO - 11/05/25 18:41:51 - 0:24:10 - Epoch 158: val_AUC=0.9606569875796636, val_AP=0.9589856952405581
INFO - 11/05/25 18:41:51 - 0:24:10 - Epoch 159: train_loss=0.7373782396316528, train_AUC=0.9958750033646101, train_AP=0.994069638871868, time=0.2982754707336426
INFO - 11/05/25 18:41:51 - 0:24:10 - Epoch 159: val_AUC=0.9606060778845027, val_AP=0.9589729892223116
INFO - 11/05/25 18:41:52 - 0:24:10 - Epoch 160: train_loss=0.7356083393096924, train_AUC=0.996011131818085, train_AP=0.9945590736850753, time=0.3011922836303711
INFO - 11/05/25 18:41:52 - 0:24:10 - Epoch 160: val_AUC=0.9605223823456581, val_AP=0.9589241185328587
INFO - 11/05/25 18:41:52 - 0:24:11 - Epoch 161: train_loss=0.7344967126846313, train_AUC=0.996162064978601, train_AP=0.9947642084232262, time=0.30043935775756836
INFO - 11/05/25 18:41:52 - 0:24:11 - Epoch 161: val_AUC=0.9604494796621876, val_AP=0.9589055769002854
INFO - 11/05/25 18:41:52 - 0:24:11 - Epoch 162: train_loss=0.731849193572998, train_AUC=0.9963551311447798, train_AP=0.995144893248232, time=0.2998490333557129
INFO - 11/05/25 18:41:53 - 0:24:11 - Epoch 162: val_AUC=0.9603572312945562, val_AP=0.95885941841659
INFO - 11/05/25 18:41:53 - 0:24:11 - Epoch 163: train_loss=0.7333397269248962, train_AUC=0.9960658077886069, train_AP=0.9946125562093235, time=0.29975461959838867
INFO - 11/05/25 18:41:53 - 0:24:11 - Epoch 163: val_AUC=0.9602668156759504, val_AP=0.9588196398450446
INFO - 11/05/25 18:41:53 - 0:24:12 - Epoch 164: train_loss=0.7299076914787292, train_AUC=0.9964759050423513, train_AP=0.995288768846225, time=0.29782581329345703
INFO - 11/05/25 18:41:53 - 0:24:12 - Epoch 164: val_AUC=0.9601988003232154, val_AP=0.9588005596364502
INFO - 11/05/25 18:41:54 - 0:24:12 - Epoch 165: train_loss=0.7287510633468628, train_AUC=0.996425605495399, train_AP=0.9950185063498493, time=0.29798364639282227
INFO - 11/05/25 18:41:54 - 0:24:12 - Epoch 165: val_AUC=0.9601360795787773, val_AP=0.9587675329078967
INFO - 11/05/25 18:41:54 - 0:24:13 - Epoch 166: train_loss=0.7292914986610413, train_AUC=0.9962545736153635, train_AP=0.9949923069134583, time=0.29776716232299805
INFO - 11/05/25 18:41:54 - 0:24:13 - Epoch 166: val_AUC=0.9600747843058036, val_AP=0.958744760727282
INFO - 11/05/25 18:41:54 - 0:24:13 - Epoch 167: train_loss=0.7281124591827393, train_AUC=0.9963723985477351, train_AP=0.994980374153755, time=0.3032104969024658
INFO - 11/05/25 18:41:55 - 0:24:13 - Epoch 167: val_AUC=0.9600230600555201, val_AP=0.9587333039135784
INFO - 11/05/25 18:41:55 - 0:24:13 - Epoch 168: train_loss=0.7269068956375122, train_AUC=0.9963466081351695, train_AP=0.9949174146849822, time=0.2978513240814209
INFO - 11/05/25 18:41:55 - 0:24:13 - Epoch 168: val_AUC=0.959985997797443, val_AP=0.9587180304133671
INFO - 11/05/25 18:41:55 - 0:24:14 - Epoch 169: train_loss=0.726346492767334, train_AUC=0.996467105699344, train_AP=0.9952602829256795, time=0.2995312213897705
INFO - 11/05/25 18:41:55 - 0:24:14 - Epoch 169: val_AUC=0.9599342735471594, val_AP=0.9586649375684442
INFO - 11/05/25 18:41:56 - 0:24:14 - Epoch 170: train_loss=0.7260078191757202, train_AUC=0.9964265348843957, train_AP=0.9950340760212706, time=0.30698442459106445
INFO - 11/05/25 18:41:56 - 0:24:14 - Epoch 170: val_AUC=0.9598807165478502, val_AP=0.9586318165637789
INFO - 11/05/25 18:41:56 - 0:24:15 - Epoch 171: train_loss=0.7240634560585022, train_AUC=0.9964456681101727, train_AP=0.9951609568614155, time=0.29853105545043945
INFO - 11/05/25 18:41:56 - 0:24:15 - Epoch 171: val_AUC=0.9598241049668313, val_AP=0.9585932638076906
INFO - 11/05/25 18:41:56 - 0:24:15 - Epoch 172: train_loss=0.7243814468383789, train_AUC=0.9964439056702088, train_AP=0.9950418354129758, time=0.3057444095611572
INFO - 11/05/25 18:41:57 - 0:24:15 - Epoch 172: val_AUC=0.959759755112148, val_AP=0.9585549467180995
INFO - 11/05/25 18:41:57 - 0:24:15 - Epoch 173: train_loss=0.7228718996047974, train_AUC=0.9964698811856426, train_AP=0.9950343138896705, time=0.2982912063598633
INFO - 11/05/25 18:41:57 - 0:24:15 - Epoch 173: val_AUC=0.9596992743942967, val_AP=0.9585070764114431
INFO - 11/05/25 18:41:57 - 0:24:16 - Epoch 174: train_loss=0.7219633460044861, train_AUC=0.9967873024879482, train_AP=0.9955918529702064, time=0.30135083198547363
INFO - 11/05/25 18:41:57 - 0:24:16 - Epoch 174: val_AUC=0.9596392009540069, val_AP=0.9584666560658993
INFO - 11/05/25 18:41:58 - 0:24:16 - Epoch 175: train_loss=0.7215915322303772, train_AUC=0.9966185258336284, train_AP=0.9954314847036559, time=0.30434536933898926
INFO - 11/05/25 18:41:58 - 0:24:16 - Epoch 175: val_AUC=0.9595553017763817, val_AP=0.9584141892544698
INFO - 11/05/25 18:41:58 - 0:24:17 - Epoch 176: train_loss=0.7191238403320312, train_AUC=0.9967584937186225, train_AP=0.9955734013540455, time=0.297863245010376
INFO - 11/05/25 18:41:58 - 0:24:17 - Epoch 176: val_AUC=0.959457555161673, val_AP=0.9583297476971281
INFO - 11/05/25 18:41:58 - 0:24:17 - Epoch 177: train_loss=0.718531608581543, train_AUC=0.9969562686481541, train_AP=0.9958676882556008, time=0.30304384231567383
INFO - 11/05/25 18:41:59 - 0:24:17 - Epoch 177: val_AUC=0.9593720268738026, val_AP=0.9582739748420545
INFO - 11/05/25 18:41:59 - 0:24:17 - Epoch 178: train_loss=0.716770350933075, train_AUC=0.9969692015442693, train_AP=0.9959251895169003, time=0.30753540992736816
INFO - 11/05/25 18:41:59 - 0:24:17 - Epoch 178: val_AUC=0.9592926077493518, val_AP=0.9582118206322837
INFO - 11/05/25 18:41:59 - 0:24:18 - Epoch 179: train_loss=0.7168099284172058, train_AUC=0.9968911658031266, train_AP=0.9957370939464538, time=0.2968730926513672
INFO - 11/05/25 18:41:59 - 0:24:18 - Epoch 179: val_AUC=0.9592095231268492, val_AP=0.9581609541712731
INFO - 11/05/25 18:42:00 - 0:24:18 - Epoch 180: train_loss=0.7153215408325195, train_AUC=0.9970205602811827, train_AP=0.9959487882009771, time=0.2990872859954834
INFO - 11/05/25 18:42:00 - 0:24:18 - Epoch 180: val_AUC=0.9591148310938498, val_AP=0.9580948211984225
INFO - 11/05/25 18:42:00 - 0:24:19 - Epoch 181: train_loss=0.7140971422195435, train_AUC=0.9969771632571707, train_AP=0.9956829741410845, time=0.30734729766845703
INFO - 11/05/25 18:42:00 - 0:24:19 - Epoch 181: val_AUC=0.9589940732969282, val_AP=0.9579819624071781
INFO - 11/05/25 18:42:00 - 0:24:19 - Epoch 182: train_loss=0.7140533328056335, train_AUC=0.9968034421899853, train_AP=0.995393233771803, time=0.2958378791809082
INFO - 11/05/25 18:42:01 - 0:24:19 - Epoch 182: val_AUC=0.958897548514903, val_AP=0.9578923519105814
INFO - 11/05/25 18:42:01 - 0:24:19 - Epoch 183: train_loss=0.7140593528747559, train_AUC=0.9968368290410959, train_AP=0.9955391424442381, time=0.2966420650482178
INFO - 11/05/25 18:42:01 - 0:24:19 - Epoch 183: val_AUC=0.9588142602536198, val_AP=0.957813495501397
INFO - 11/05/25 18:42:01 - 0:24:20 - Epoch 184: train_loss=0.7120663523674011, train_AUC=0.997016352581255, train_AP=0.9959031594958931, time=0.29535794258117676
INFO - 11/05/25 18:42:01 - 0:24:20 - Epoch 184: val_AUC=0.9587466521784462, val_AP=0.957749720862021
INFO - 11/05/25 18:42:02 - 0:24:20 - Epoch 185: train_loss=0.7106238603591919, train_AUC=0.9969972639140181, train_AP=0.99580115576657, time=0.2968003749847412
INFO - 11/05/25 18:42:02 - 0:24:20 - Epoch 185: val_AUC=0.9587142736123238, val_AP=0.957732531098511
INFO - 11/05/25 18:42:02 - 0:24:21 - Epoch 186: train_loss=0.7105542421340942, train_AUC=0.9970431431833434, train_AP=0.9959371137949258, time=0.2989993095397949
INFO - 11/05/25 18:42:02 - 0:24:21 - Epoch 186: val_AUC=0.9586766004379047, val_AP=0.9577086871756594
INFO - 11/05/25 18:42:02 - 0:24:21 - Epoch 187: train_loss=0.710220456123352, train_AUC=0.9970693897485527, train_AP=0.9960911270718472, time=0.2952444553375244
INFO - 11/05/25 18:42:02 - 0:24:21 - Epoch 187: val_AUC=0.9586087887239506, val_AP=0.9576619497663952
INFO - 11/05/25 18:42:03 - 0:24:21 - Epoch 188: train_loss=0.7097134590148926, train_AUC=0.9970594179699666, train_AP=0.9958141033119445, time=0.30079126358032227
INFO - 11/05/25 18:42:03 - 0:24:21 - Epoch 188: val_AUC=0.9585244822687642, val_AP=0.957592095650037
INFO - 11/05/25 18:42:03 - 0:24:22 - Epoch 189: train_loss=0.7076099514961243, train_AUC=0.9971198992313934, train_AP=0.995952049835682, time=0.2963716983795166
INFO - 11/05/25 18:42:03 - 0:24:22 - Epoch 189: val_AUC=0.9584240883499069, val_AP=0.9575148670995974
INFO - 11/05/25 18:42:04 - 0:24:22 - Epoch 190: train_loss=0.7066672444343567, train_AUC=0.997165285010484, train_AP=0.9960145135533695, time=0.2992227077484131
INFO - 11/05/25 18:42:04 - 0:24:22 - Epoch 190: val_AUC=0.9583550548032687, val_AP=0.9574595949929985
INFO - 11/05/25 18:42:04 - 0:24:23 - Epoch 191: train_loss=0.7061736583709717, train_AUC=0.9971926923873055, train_AP=0.995953495520423, time=0.2975761890411377
INFO - 11/05/25 18:42:04 - 0:24:23 - Epoch 191: val_AUC=0.9583071996898175, val_AP=0.9574180002805249
INFO - 11/05/25 18:42:04 - 0:24:23 - Epoch 192: train_loss=0.706418514251709, train_AUC=0.9971279426643052, train_AP=0.9961130896588499, time=0.3002774715423584
INFO - 11/05/25 18:42:04 - 0:24:23 - Epoch 192: val_AUC=0.9582499771924567, val_AP=0.9573702946954898
INFO - 11/05/25 18:42:05 - 0:24:23 - Epoch 193: train_loss=0.7052131295204163, train_AUC=0.9973654967461854, train_AP=0.9964779909611653, time=0.3021504878997803
INFO - 11/05/25 18:42:05 - 0:24:23 - Epoch 193: val_AUC=0.9581465286918895, val_AP=0.9572845279312902
INFO - 11/05/25 18:42:05 - 0:24:24 - Epoch 194: train_loss=0.7042019367218018, train_AUC=0.997243139523414, train_AP=0.9961301091518727, time=0.3049910068511963
INFO - 11/05/25 18:42:05 - 0:24:24 - Epoch 194: val_AUC=0.9580078506822713, val_AP=0.9571864339722442
INFO - 11/05/25 18:42:06 - 0:24:24 - Epoch 195: train_loss=0.7030096054077148, train_AUC=0.9972996186177842, train_AP=0.9959251937063465, time=0.3023231029510498
INFO - 11/05/25 18:42:06 - 0:24:24 - Epoch 195: val_AUC=0.957894423881453, val_AP=0.957089256707865
INFO - 11/05/25 18:42:06 - 0:24:25 - Epoch 196: train_loss=0.7023690938949585, train_AUC=0.997306419871315, train_AP=0.9963599451908703, time=0.3026394844055176
INFO - 11/05/25 18:42:06 - 0:24:25 - Epoch 196: val_AUC=0.9577960663504022, val_AP=0.9570243432630423
INFO - 11/05/25 18:42:06 - 0:24:25 - Epoch 197: train_loss=0.7020213603973389, train_AUC=0.9972515658427535, train_AP=0.9961227213959255, time=0.3011970520019531
INFO - 11/05/25 18:42:06 - 0:24:25 - Epoch 197: val_AUC=0.9577476003206089, val_AP=0.9569901600648353
INFO - 11/05/25 18:42:07 - 0:24:25 - Epoch 198: train_loss=0.7011609673500061, train_AUC=0.9973238364485133, train_AP=0.9961953559507459, time=0.2998793125152588
INFO - 11/05/25 18:42:07 - 0:24:25 - Epoch 198: val_AUC=0.9576806031617773, val_AP=0.9569444590802614
INFO - 11/05/25 18:42:07 - 0:24:26 - Epoch 199: train_loss=0.7003376483917236, train_AUC=0.9974501639604926, train_AP=0.9964971748283288, time=0.30057334899902344
INFO - 11/05/25 18:42:07 - 0:24:26 - Epoch 199: val_AUC=0.9575710454977912, val_AP=0.9568498975305698
INFO - 11/05/25 18:42:08 - 0:24:26 - Epoch 200: train_loss=0.6993193030357361, train_AUC=0.9972959368143022, train_AP=0.9960914682131408, time=0.3023030757904053
INFO - 11/05/25 18:42:08 - 0:24:26 - Epoch 200: val_AUC=0.9574647460542949, val_AP=0.9567749137728703
INFO - 11/05/25 18:42:08 - 0:24:26 - Epoch 201: train_loss=0.6987297534942627, train_AUC=0.9974530144742144, train_AP=0.9961898938280399, time=0.3045828342437744
INFO - 11/05/25 18:42:08 - 0:24:27 - Epoch 201: val_AUC=0.9574179091347468, val_AP=0.956737010928101
INFO - 11/05/25 18:42:08 - 0:24:27 - Epoch 202: train_loss=0.6978815793991089, train_AUC=0.9975208091482024, train_AP=0.9965224306816044, time=0.3057711124420166
INFO - 11/05/25 18:42:08 - 0:24:27 - Epoch 202: val_AUC=0.9573704612988572, val_AP=0.9567021067991651
INFO - 11/05/25 18:42:09 - 0:24:27 - Epoch 203: train_loss=0.6964386701583862, train_AUC=0.9977048699101411, train_AP=0.9967492103748783, time=0.30022740364074707
INFO - 11/05/25 18:42:09 - 0:24:27 - Epoch 203: val_AUC=0.9572985768092899, val_AP=0.9566420407419488
INFO - 11/05/25 18:42:09 - 0:24:28 - Epoch 204: train_loss=0.6964739561080933, train_AUC=0.997479834312341, train_AP=0.9964077469676791, time=0.30051589012145996
INFO - 11/05/25 18:42:09 - 0:24:28 - Epoch 204: val_AUC=0.9571678407121167, val_AP=0.9565388423833036
INFO - 11/05/25 18:42:10 - 0:24:28 - Epoch 205: train_loss=0.6947441697120667, train_AUC=0.997651832390602, train_AP=0.9967329090910829, time=0.30020880699157715
INFO - 11/05/25 18:42:10 - 0:24:28 - Epoch 205: val_AUC=0.9570415846681177, val_AP=0.9564490780128783
INFO - 11/05/25 18:42:10 - 0:24:28 - Epoch 206: train_loss=0.6946277618408203, train_AUC=0.9977177887165992, train_AP=0.996908252467638, time=0.30112481117248535
INFO - 11/05/25 18:42:10 - 0:24:29 - Epoch 206: val_AUC=0.9569603327946408, val_AP=0.9563682437482478
INFO - 11/05/25 18:42:10 - 0:24:29 - Epoch 207: train_loss=0.6936607360839844, train_AUC=0.9977136135990032, train_AP=0.9967839484888201, time=0.3000023365020752
INFO - 11/05/25 18:42:10 - 0:24:29 - Epoch 207: val_AUC=0.9569230668977833, val_AP=0.9563439871751052
INFO - 11/05/25 18:42:11 - 0:24:29 - Epoch 208: train_loss=0.6928110122680664, train_AUC=0.9977323125111048, train_AP=0.9968699691668069, time=0.30103635787963867
INFO - 11/05/25 18:42:11 - 0:24:29 - Epoch 208: val_AUC=0.9568611607084674, val_AP=0.9562850766215792
INFO - 11/05/25 18:42:11 - 0:24:30 - Epoch 209: train_loss=0.6929531693458557, train_AUC=0.9976472486729544, train_AP=0.9968431660209376, time=0.30352330207824707
INFO - 11/05/25 18:42:11 - 0:24:30 - Epoch 209: val_AUC=0.9567443738677683, val_AP=0.9561914260908093
INFO - 11/05/25 18:42:12 - 0:24:30 - Epoch 210: train_loss=0.6914992332458496, train_AUC=0.9977177283071951, train_AP=0.9969224710718265, time=0.30333662033081055
INFO - 11/05/25 18:42:12 - 0:24:30 - Epoch 210: val_AUC=0.956600910346805, val_AP=0.9560824351571053
INFO - 11/05/25 18:42:12 - 0:24:31 - Epoch 211: train_loss=0.6913416981697083, train_AUC=0.9978329882175188, train_AP=0.997077209800672, time=0.30049896240234375
INFO - 11/05/25 18:42:12 - 0:24:31 - Epoch 211: val_AUC=0.9564986836789219, val_AP=0.9560032294592775
INFO - 11/05/25 18:42:12 - 0:24:31 - Epoch 212: train_loss=0.6906790733337402, train_AUC=0.9976061359345756, train_AP=0.9965707333687588, time=0.29987072944641113
INFO - 11/05/25 18:42:12 - 0:24:31 - Epoch 212: val_AUC=0.956407249866413, val_AP=0.9559257367994466
INFO - 11/05/25 18:42:13 - 0:24:31 - Epoch 213: train_loss=0.6899008750915527, train_AUC=0.9976779613071757, train_AP=0.9968368088933869, time=0.30261754989624023
INFO - 11/05/25 18:42:13 - 0:24:31 - Epoch 213: val_AUC=0.956300339506575, val_AP=0.9558363192264162
INFO - 11/05/25 18:42:13 - 0:24:32 - Epoch 214: train_loss=0.6884819865226746, train_AUC=0.99769346697465, train_AP=0.9967131646512465, time=0.3010694980621338
INFO - 11/05/25 18:42:13 - 0:24:32 - Epoch 214: val_AUC=0.9561225628510734, val_AP=0.9557019195390571
INFO - 11/05/25 18:42:14 - 0:24:32 - Epoch 215: train_loss=0.6876775026321411, train_AUC=0.99786951723825, train_AP=0.9968026339012037, time=0.3009796142578125
INFO - 11/05/25 18:42:14 - 0:24:32 - Epoch 215: val_AUC=0.9560085251339128, val_AP=0.9556267350423685
INFO - 11/05/25 18:42:14 - 0:24:33 - Epoch 216: train_loss=0.687057375907898, train_AUC=0.9979586626738983, train_AP=0.9970832223662978, time=0.3033773899078369
INFO - 11/05/25 18:42:14 - 0:24:33 - Epoch 216: val_AUC=0.9559468225833777, val_AP=0.9555679515521718
INFO - 11/05/25 18:42:14 - 0:24:33 - Epoch 217: train_loss=0.6868629455566406, train_AUC=0.9979571617731917, train_AP=0.9970992075381176, time=0.30084991455078125
INFO - 11/05/25 18:42:14 - 0:24:33 - Epoch 217: val_AUC=0.955884509116501, val_AP=0.9555097269336759
INFO - 11/05/25 18:42:15 - 0:24:33 - Epoch 218: train_loss=0.6866188049316406, train_AUC=0.9978264724556619, train_AP=0.9970013892894654, time=0.3011128902435303
INFO - 11/05/25 18:42:15 - 0:24:33 - Epoch 218: val_AUC=0.9557749514525147, val_AP=0.9554322823196032
INFO - 11/05/25 18:42:15 - 0:24:34 - Epoch 219: train_loss=0.6849299669265747, train_AUC=0.9980184084552324, train_AP=0.9971217878624982, time=0.3458852767944336
INFO - 11/05/25 18:42:15 - 0:24:34 - Epoch 219: val_AUC=0.955603894876774, val_AP=0.9553004297829115
INFO - 11/05/25 18:42:16 - 0:24:34 - Epoch 220: train_loss=0.6835719347000122, train_AUC=0.9980998820726711, train_AP=0.9974141849887126, time=0.34384965896606445
INFO - 11/05/25 18:42:16 - 0:24:34 - Epoch 220: val_AUC=0.95548558074522, val_AP=0.9552064218224194
INFO - 11/05/25 18:42:16 - 0:24:35 - Epoch 221: train_loss=0.6852246522903442, train_AUC=0.9978368218370544, train_AP=0.9968958586402953, time=0.3423950672149658
INFO - 11/05/25 18:42:16 - 0:24:35 - Epoch 221: val_AUC=0.9554680678100849, val_AP=0.9552105349603099
INFO - 11/05/25 18:42:17 - 0:24:35 - Epoch 222: train_loss=0.6834615468978882, train_AUC=0.9979848262862524, train_AP=0.9971868860058508, time=0.3434317111968994
INFO - 11/05/25 18:42:17 - 0:24:35 - Epoch 222: val_AUC=0.9553949614878339, val_AP=0.9551687161072054
INFO - 11/05/25 18:42:17 - 0:24:36 - Epoch 223: train_loss=0.6819932460784912, train_AUC=0.9980191240336849, train_AP=0.99713993057867, time=0.32428836822509766
INFO - 11/05/25 18:42:17 - 0:24:36 - Epoch 223: val_AUC=0.9551955991215836, val_AP=0.9550264114421039
INFO - 11/05/25 18:42:17 - 0:24:36 - Epoch 224: train_loss=0.6828722953796387, train_AUC=0.9979359232004248, train_AP=0.9969294389854207, time=0.30040812492370605
INFO - 11/05/25 18:42:18 - 0:24:36 - Epoch 224: val_AUC=0.9550614011651396, val_AP=0.9549325060336354
INFO - 11/05/25 18:42:18 - 0:24:36 - Epoch 225: train_loss=0.6820135116577148, train_AUC=0.9981004259334294, train_AP=0.9973428469785371, time=0.30080294609069824
INFO - 11/05/25 18:42:18 - 0:24:36 - Epoch 225: val_AUC=0.9550648630244108, val_AP=0.9549393904547431
INFO - 11/05/25 18:42:18 - 0:24:37 - Epoch 226: train_loss=0.680239200592041, train_AUC=0.9980947805601306, train_AP=0.9973296768562657, time=0.3007845878601074
INFO - 11/05/25 18:42:18 - 0:24:37 - Epoch 226: val_AUC=0.9550622157202625, val_AP=0.9549451346384461
INFO - 11/05/25 18:42:19 - 0:24:37 - Epoch 227: train_loss=0.6811136603355408, train_AUC=0.9980659670355456, train_AP=0.9973960698796868, time=0.3016541004180908
INFO - 11/05/25 18:42:19 - 0:24:37 - Epoch 227: val_AUC=0.9549449197826116, val_AP=0.9548549681730013
INFO - 11/05/25 18:42:19 - 0:24:38 - Epoch 228: train_loss=0.6791064739227295, train_AUC=0.998064266766193, train_AP=0.9972598488166468, time=0.3009781837463379
INFO - 11/05/25 18:42:19 - 0:24:38 - Epoch 228: val_AUC=0.9547919870583482, val_AP=0.954744005193842
INFO - 11/05/25 18:42:19 - 0:24:38 - Epoch 229: train_loss=0.6787570714950562, train_AUC=0.9979669274905449, train_AP=0.9970387826358773, time=0.29992246627807617
INFO - 11/05/25 18:42:19 - 0:24:38 - Epoch 229: val_AUC=0.9547209171239036, val_AP=0.9547395982873137
INFO - 11/05/25 18:42:20 - 0:24:38 - Epoch 230: train_loss=0.6782436966896057, train_AUC=0.9980743200886688, train_AP=0.9972175299975972, time=0.2999839782714844
INFO - 11/05/25 18:42:20 - 0:24:38 - Epoch 230: val_AUC=0.9546771347860653, val_AP=0.9547104863783256
INFO - 11/05/25 18:42:20 - 0:24:39 - Epoch 231: train_loss=0.6774965524673462, train_AUC=0.9980629902432733, train_AP=0.997343476954165, time=0.3014533519744873
INFO - 11/05/25 18:42:20 - 0:24:39 - Epoch 231: val_AUC=0.9545510823808467, val_AP=0.9546277596623982
INFO - 11/05/25 18:42:21 - 0:24:39 - Epoch 232: train_loss=0.6781129240989685, train_AUC=0.9979368060935534, train_AP=0.9970139344429894, time=0.3017740249633789
INFO - 11/05/25 18:42:21 - 0:24:39 - Epoch 232: val_AUC=0.9543574219004547, val_AP=0.9544932649789374
INFO - 11/05/25 18:42:21 - 0:24:40 - Epoch 233: train_loss=0.6764499545097351, train_AUC=0.9981629207829552, train_AP=0.9972349756912953, time=0.30060672760009766
INFO - 11/05/25 18:42:21 - 0:24:40 - Epoch 233: val_AUC=0.9541780161347079, val_AP=0.9543642485808326
INFO - 11/05/25 18:42:21 - 0:24:40 - Epoch 234: train_loss=0.6754313111305237, train_AUC=0.9981533378789009, train_AP=0.9972616413355824, time=0.3028843402862549
INFO - 11/05/25 18:42:21 - 0:24:40 - Epoch 234: val_AUC=0.9540776222158507, val_AP=0.954288363105363
INFO - 11/05/25 18:42:22 - 0:24:40 - Epoch 235: train_loss=0.6760726571083069, train_AUC=0.9980176646974662, train_AP=0.9971762082146816, time=0.29678845405578613
INFO - 11/05/25 18:42:22 - 0:24:40 - Epoch 235: val_AUC=0.9540637747787668, val_AP=0.9542764852072765
INFO - 11/05/25 18:42:22 - 0:24:41 - Epoch 236: train_loss=0.6751646995544434, train_AUC=0.9981018031973963, train_AP=0.9974205957697285, time=0.29694199562072754
INFO - 11/05/25 18:42:22 - 0:24:41 - Epoch 236: val_AUC=0.9539914830116384, val_AP=0.9542125129602691
INFO - 11/05/25 18:42:23 - 0:24:41 - Epoch 237: train_loss=0.6749709844589233, train_AUC=0.9980994921414149, train_AP=0.9972813524920958, time=0.30031466484069824
INFO - 11/05/25 18:42:23 - 0:24:41 - Epoch 237: val_AUC=0.9538829435415555, val_AP=0.9541295848008944
INFO - 11/05/25 18:42:23 - 0:24:41 - Epoch 238: train_loss=0.6736811399459839, train_AUC=0.998097902123628, train_AP=0.9972999046211141, time=0.2969801425933838
INFO - 11/05/25 18:42:23 - 0:24:42 - Epoch 238: val_AUC=0.953755262026092, val_AP=0.9540355114084211
INFO - 11/05/25 18:42:23 - 0:24:42 - Epoch 239: train_loss=0.6721253395080566, train_AUC=0.9981650412763263, train_AP=0.9971444567975067, time=0.29624009132385254
INFO - 11/05/25 18:42:23 - 0:24:42 - Epoch 239: val_AUC=0.9536886721448214, val_AP=0.9539971969135925
INFO - 11/05/25 18:42:24 - 0:24:42 - Epoch 240: train_loss=0.6732718348503113, train_AUC=0.998201110974241, train_AP=0.9975112515101527, time=0.29688358306884766
INFO - 11/05/25 18:42:24 - 0:24:42 - Epoch 240: val_AUC=0.9536375588108799, val_AP=0.953982307736186
INFO - 11/05/25 18:42:24 - 0:24:43 - Epoch 241: train_loss=0.6723810434341431, train_AUC=0.9982533874761841, train_AP=0.9974889496845566, time=0.2963225841522217
INFO - 11/05/25 18:42:24 - 0:24:43 - Epoch 241: val_AUC=0.9534390109997524, val_AP=0.9538421571537203
INFO - 11/05/25 18:42:25 - 0:24:43 - Epoch 242: train_loss=0.6719402074813843, train_AUC=0.9980495633285613, train_AP=0.9971383579847166, time=0.30436182022094727
INFO - 11/05/25 18:42:25 - 0:24:43 - Epoch 242: val_AUC=0.9532756926976761, val_AP=0.9537257577039907
INFO - 11/05/25 18:42:25 - 0:24:43 - Epoch 243: train_loss=0.6709386110305786, train_AUC=0.9979505597121859, train_AP=0.9969455671411382, time=0.29729366302490234
INFO - 11/05/25 18:42:25 - 0:24:44 - Epoch 243: val_AUC=0.9532518669603409, val_AP=0.9537005310791887
INFO - 11/05/25 18:42:25 - 0:24:44 - Epoch 244: train_loss=0.6690534949302673, train_AUC=0.9983696938957779, train_AP=0.9977167110014641, time=0.2972085475921631
INFO - 11/05/25 18:42:25 - 0:24:44 - Epoch 244: val_AUC=0.953268972617915, val_AP=0.9537140720914373
INFO - 11/05/25 18:42:26 - 0:24:44 - Epoch 245: train_loss=0.669408917427063, train_AUC=0.9983370159305326, train_AP=0.9976331282841238, time=0.29803037643432617
INFO - 11/05/25 18:42:26 - 0:24:44 - Epoch 245: val_AUC=0.9532131755920188, val_AP=0.9536840261657552
INFO - 11/05/25 18:42:26 - 0:24:45 - Epoch 246: train_loss=0.6686887741088867, train_AUC=0.9982562571870636, train_AP=0.9973221054306581, time=0.2981221675872803
INFO - 11/05/25 18:42:26 - 0:24:45 - Epoch 246: val_AUC=0.9530789776355746, val_AP=0.9536085900436311
INFO - 11/05/25 18:42:26 - 0:24:45 - Epoch 247: train_loss=0.6683595776557922, train_AUC=0.998210557208623, train_AP=0.9973238192224301, time=0.29706788063049316
INFO - 11/05/25 18:42:27 - 0:24:45 - Epoch 247: val_AUC=0.9529602562264594, val_AP=0.9535362662388401
INFO - 11/05/25 18:42:27 - 0:24:45 - Epoch 248: train_loss=0.6673265099525452, train_AUC=0.9981418616771938, train_AP=0.9971382183043392, time=0.2986562252044678
INFO - 11/05/25 18:42:27 - 0:24:46 - Epoch 248: val_AUC=0.9528688224139503, val_AP=0.9534601433766152
INFO - 11/05/25 18:42:27 - 0:24:46 - Epoch 249: train_loss=0.6666043996810913, train_AUC=0.9983059161829866, train_AP=0.9975812183796439, time=0.30051374435424805
INFO - 11/05/25 18:42:27 - 0:24:46 - Epoch 249: val_AUC=0.9527262752674999, val_AP=0.953362616959079
INFO - 11/05/25 18:42:28 - 0:24:46 - Epoch 250: train_loss=0.66623455286026, train_AUC=0.9981753765680619, train_AP=0.9973816061368956, time=0.349459171295166
INFO - 11/05/25 18:42:28 - 0:24:46 - Epoch 250: val_AUC=0.9526285286527909, val_AP=0.9532959206058681
INFO - 11/05/25 18:42:28 - 0:24:47 - Epoch 251: train_loss=0.6660592555999756, train_AUC=0.9983908636053465, train_AP=0.997714773540282, time=0.33757925033569336
INFO - 11/05/25 18:42:28 - 0:24:47 - Epoch 251: val_AUC=0.9526047029154556, val_AP=0.9532862721637376
INFO - 11/05/25 18:42:29 - 0:24:47 - Epoch 252: train_loss=0.664421558380127, train_AUC=0.9982409438434067, train_AP=0.9973532117365849, time=0.33855652809143066
INFO - 11/05/25 18:42:29 - 0:24:47 - Epoch 252: val_AUC=0.9525008471373275, val_AP=0.9532097645562662
INFO - 11/05/25 18:42:29 - 0:24:48 - Epoch 253: train_loss=0.6652668714523315, train_AUC=0.9982939838286357, train_AP=0.9974570733264331, time=0.33884263038635254
INFO - 11/05/25 18:42:29 - 0:24:48 - Epoch 253: val_AUC=0.9525215164735629, val_AP=0.9532160026415104
INFO - 11/05/25 18:42:30 - 0:24:48 - Epoch 254: train_loss=0.6653320789337158, train_AUC=0.998269680755482, train_AP=0.9974076479598696, time=0.3364579677581787
INFO - 11/05/25 18:42:30 - 0:24:48 - Epoch 254: val_AUC=0.9525815899138528, val_AP=0.9533059110485603
INFO - 11/05/25 18:42:30 - 0:24:48 - Epoch 255: train_loss=0.6646624803543091, train_AUC=0.9982206971824891, train_AP=0.997321215060369, time=0.3354763984680176
INFO - 11/05/25 18:42:30 - 0:24:49 - Epoch 255: val_AUC=0.9523807002567478, val_AP=0.9531254621782341
INFO - 11/05/25 18:42:30 - 0:24:49 - Epoch 256: train_loss=0.6646127700805664, train_AUC=0.998271634462539, train_AP=0.9974816971877578, time=0.3324151039123535
INFO - 11/05/25 18:42:30 - 0:24:49 - Epoch 256: val_AUC=0.9521420356058334, val_AP=0.9529478930179325
INFO - 11/05/25 18:42:31 - 0:24:49 - Epoch 257: train_loss=0.6643328666687012, train_AUC=0.9981512888905388, train_AP=0.9971283398357734, time=0.33223915100097656
INFO - 11/05/25 18:42:31 - 0:24:49 - Epoch 257: val_AUC=0.9520106885923185, val_AP=0.9528352972820879
INFO - 11/05/25 18:42:31 - 0:24:50 - Epoch 258: train_loss=0.6627099514007568, train_AUC=0.9983099375472011, train_AP=0.9974752101349328, time=0.2958555221557617
INFO - 11/05/25 18:42:31 - 0:24:50 - Epoch 258: val_AUC=0.9520127249801248, val_AP=0.9528572282953064
INFO - 11/05/25 18:42:32 - 0:24:50 - Epoch 259: train_loss=0.6619688272476196, train_AUC=0.9983461992166918, train_AP=0.9976557471536347, time=0.29350781440734863
INFO - 11/05/25 18:42:32 - 0:24:50 - Epoch 259: val_AUC=0.9518287373418135, val_AP=0.9527137180781791
INFO - 11/05/25 18:42:32 - 0:24:51 - Epoch 260: train_loss=0.6602331399917603, train_AUC=0.9984488529348209, train_AP=0.9977007379270927, time=0.2927079200744629
INFO - 11/05/25 18:42:32 - 0:24:51 - Epoch 260: val_AUC=0.9517916750837363, val_AP=0.9526771279805788
INFO - 11/05/25 18:42:32 - 0:24:51 - Epoch 261: train_loss=0.6612643003463745, train_AUC=0.9983853420449081, train_AP=0.9976812532198478, time=0.29426074028015137
INFO - 11/05/25 18:42:32 - 0:24:51 - Epoch 261: val_AUC=0.9518901344341775, val_AP=0.9527205538546804
INFO - 11/05/25 18:42:33 - 0:24:51 - Epoch 262: train_loss=0.6605567932128906, train_AUC=0.9984767902588643, train_AP=0.9976883812537376, time=0.29436469078063965
INFO - 11/05/25 18:42:33 - 0:24:51 - Epoch 262: val_AUC=0.9518188608609521, val_AP=0.9526568574600087
INFO - 11/05/25 18:42:33 - 0:24:52 - Epoch 263: train_loss=0.659562349319458, train_AUC=0.9983869856033915, train_AP=0.9975761754860327, time=0.2930433750152588
INFO - 11/05/25 18:42:33 - 0:24:52 - Epoch 263: val_AUC=0.9514753222380065, val_AP=0.9523910938944983
INFO - 11/05/25 18:42:34 - 0:24:52 - Epoch 264: train_loss=0.6600098609924316, train_AUC=0.9983655857040524, train_AP=0.9975441515289228, time=0.29445528984069824
INFO - 11/05/25 18:42:34 - 0:24:52 - Epoch 264: val_AUC=0.9513692264332912, val_AP=0.9523118471139895
INFO - 11/05/25 18:42:34 - 0:24:52 - Epoch 265: train_loss=0.6593897342681885, train_AUC=0.99848030721336, train_AP=0.9977728021627692, time=0.29661059379577637
INFO - 11/05/25 18:42:34 - 0:24:53 - Epoch 265: val_AUC=0.9515376357048834, val_AP=0.9524429263873029
INFO - 11/05/25 18:42:34 - 0:24:53 - Epoch 266: train_loss=0.6583081483840942, train_AUC=0.9983817562272141, train_AP=0.997670950336902, time=0.2938251495361328
INFO - 11/05/25 18:42:34 - 0:24:53 - Epoch 266: val_AUC=0.9514820423177678, val_AP=0.9523983854484737
INFO - 11/05/25 18:42:35 - 0:24:53 - Epoch 267: train_loss=0.6577821969985962, train_AUC=0.9984511638146815, train_AP=0.9974229253950886, time=0.2948112487792969
INFO - 11/05/25 18:42:35 - 0:24:53 - Epoch 267: val_AUC=0.9513095602705627, val_AP=0.9522615116372927
INFO - 11/05/25 18:42:35 - 0:24:54 - Epoch 268: train_loss=0.658397376537323, train_AUC=0.9983226192951811, train_AP=0.9973474386905932, time=0.2926623821258545
INFO - 11/05/25 18:42:35 - 0:24:54 - Epoch 268: val_AUC=0.951261501518331, val_AP=0.9522269653942734
INFO - 11/05/25 18:42:36 - 0:24:54 - Epoch 269: train_loss=0.6570331454277039, train_AUC=0.9984319552092399, train_AP=0.9977571264299225, time=0.29216575622558594
INFO - 11/05/25 18:42:36 - 0:24:54 - Epoch 269: val_AUC=0.9511264890067641, val_AP=0.9521215041445563
INFO - 11/05/25 18:42:36 - 0:24:54 - Epoch 270: train_loss=0.6560796499252319, train_AUC=0.9985674202159931, train_AP=0.9979218370057594, time=0.2960691452026367
INFO - 11/05/25 18:42:36 - 0:24:55 - Epoch 270: val_AUC=0.9507727684447861, val_AP=0.9518619487642058
INFO - 11/05/25 18:42:36 - 0:24:55 - Epoch 271: train_loss=0.6555393934249878, train_AUC=0.9984441735836268, train_AP=0.9976860806376584, time=0.29193615913391113
INFO - 11/05/25 18:42:36 - 0:24:55 - Epoch 271: val_AUC=0.9506680981115355, val_AP=0.9517917466937608
INFO - 11/05/25 18:42:37 - 0:24:55 - Epoch 272: train_loss=0.6557685732841492, train_AUC=0.9983863128222721, train_AP=0.9974155304157007, time=0.2928938865661621
INFO - 11/05/25 18:42:37 - 0:24:55 - Epoch 272: val_AUC=0.9508120707294506, val_AP=0.9519136614358878
INFO - 11/05/25 18:42:37 - 0:24:56 - Epoch 273: train_loss=0.6548267602920532, train_AUC=0.9985134457342667, train_AP=0.9976611434513758, time=0.2928194999694824
INFO - 11/05/25 18:42:37 - 0:24:56 - Epoch 273: val_AUC=0.9507972050984633, val_AP=0.951904013797213
INFO - 11/05/25 18:42:37 - 0:24:56 - Epoch 274: train_loss=0.653826117515564, train_AUC=0.9985929452146458, train_AP=0.9978421246394752, time=0.2940084934234619
INFO - 11/05/25 18:42:38 - 0:24:56 - Epoch 274: val_AUC=0.9506009991333133, val_AP=0.9517494824589641
INFO - 11/05/25 18:42:38 - 0:24:56 - Epoch 275: train_loss=0.653404951095581, train_AUC=0.9984877291162795, train_AP=0.9978222764934982, time=0.2934548854827881
INFO - 11/05/25 18:42:38 - 0:24:56 - Epoch 275: val_AUC=0.9505801261582975, val_AP=0.9517316768745238
INFO - 11/05/25 18:42:38 - 0:24:57 - Epoch 276: train_loss=0.6521767973899841, train_AUC=0.9985555241425088, train_AP=0.9978459339369232, time=0.2923583984375
INFO - 11/05/25 18:42:38 - 0:24:57 - Epoch 276: val_AUC=0.9505216818282527, val_AP=0.9517112182754456
INFO - 11/05/25 18:42:39 - 0:24:57 - Epoch 277: train_loss=0.6515184640884399, train_AUC=0.9985479222442217, train_AP=0.9977759272244051, time=0.293140172958374
INFO - 11/05/25 18:42:39 - 0:24:57 - Epoch 277: val_AUC=0.9502976791695448, val_AP=0.9515783446878024
INFO - 11/05/25 18:42:39 - 0:24:58 - Epoch 278: train_loss=0.6522294282913208, train_AUC=0.9984748289786168, train_AP=0.9977121325947207, time=0.29405879974365234
INFO - 11/05/25 18:42:39 - 0:24:58 - Epoch 278: val_AUC=0.9501180697650171, val_AP=0.9514739778844137
INFO - 11/05/25 18:42:39 - 0:24:58 - Epoch 279: train_loss=0.6520217657089233, train_AUC=0.9985610914943323, train_AP=0.9978377728603548, time=0.293198823928833
INFO - 11/05/25 18:42:39 - 0:24:58 - Epoch 279: val_AUC=0.9505595586414524, val_AP=0.9519615074300243
INFO - 11/05/25 18:42:40 - 0:24:58 - Epoch 280: train_loss=0.6544100642204285, train_AUC=0.9984740959642139, train_AP=0.9976045897577046, time=0.2946815490722656
INFO - 11/05/25 18:42:40 - 0:24:58 - Epoch 280: val_AUC=0.9509450468532106, val_AP=0.9523514843228714
INFO - 11/05/25 18:42:40 - 0:24:59 - Epoch 281: train_loss=0.6555895209312439, train_AUC=0.9985409691746373, train_AP=0.9977699894946668, time=0.2944025993347168
INFO - 11/05/25 18:42:40 - 0:24:59 - Epoch 281: val_AUC=0.951026502365468, val_AP=0.9524592935776315
INFO - 11/05/25 18:42:41 - 0:24:59 - Epoch 282: train_loss=0.6584148406982422, train_AUC=0.9984312634070835, train_AP=0.9977159702564253, time=0.29520153999328613
INFO - 11/05/25 18:42:41 - 0:24:59 - Epoch 282: val_AUC=0.9505161835811753, val_AP=0.9520643413173682
INFO - 11/05/25 18:42:41 - 0:24:59 - Epoch 283: train_loss=0.6596271991729736, train_AUC=0.998497900615753, train_AP=0.9976796616165953, time=0.2999260425567627
INFO - 11/05/25 18:42:41 - 0:25:00 - Epoch 283: val_AUC=0.9498537466277418, val_AP=0.9516354392347042
INFO - 11/05/25 18:42:41 - 0:25:00 - Epoch 284: train_loss=0.6604553461074829, train_AUC=0.9984899288639709, train_AP=0.9977746543027989, time=0.2938570976257324
INFO - 11/05/25 18:42:41 - 0:25:00 - Epoch 284: val_AUC=0.9494808840203834, val_AP=0.951449904660935
INFO - 11/05/25 18:42:42 - 0:25:00 - Epoch 285: train_loss=0.6622886657714844, train_AUC=0.9986330230677216, train_AP=0.9980543768306666, time=0.29319262504577637
INFO - 11/05/25 18:42:42 - 0:25:00 - Epoch 285: val_AUC=0.9494191814698485, val_AP=0.9514405376252456
INFO - 11/05/25 18:42:42 - 0:25:01 - Epoch 286: train_loss=0.6609530448913574, train_AUC=0.9985473204397493, train_AP=0.9979264902891152, time=0.29734063148498535
INFO - 11/05/25 18:42:42 - 0:25:01 - Epoch 286: val_AUC=0.9492955727299976, val_AP=0.9513470490559077
INFO - 11/05/25 18:42:43 - 0:25:01 - Epoch 287: train_loss=0.6598891019821167, train_AUC=0.9985329338432782, train_AP=0.9978195060332611, time=0.29146504402160645
INFO - 11/05/25 18:42:43 - 0:25:01 - Epoch 287: val_AUC=0.9493061619465912, val_AP=0.9513952310112074
INFO - 11/05/25 18:42:43 - 0:25:01 - Epoch 288: train_loss=0.6584844589233398, train_AUC=0.9985051048334725, train_AP=0.9978300045783605, time=0.29210972785949707
INFO - 11/05/25 18:42:43 - 0:25:02 - Epoch 288: val_AUC=0.9496474605429499, val_AP=0.9516007315683314
INFO - 11/05/25 18:42:43 - 0:25:02 - Epoch 289: train_loss=0.657529890537262, train_AUC=0.9985106075489948, train_AP=0.9976884419526758, time=0.2995784282684326
INFO - 11/05/25 18:42:43 - 0:25:02 - Epoch 289: val_AUC=0.9501856778401907, val_AP=0.951964655467074
INFO - 11/05/25 18:42:44 - 0:25:02 - Epoch 290: train_loss=0.6544360518455505, train_AUC=0.998622774603497, train_AP=0.9978757394440647, time=0.2928047180175781
INFO - 11/05/25 18:42:44 - 0:25:02 - Epoch 290: val_AUC=0.9501942306689779, val_AP=0.9519568544097974
INFO - 11/05/25 18:42:44 - 0:25:03 - Epoch 291: train_loss=0.6534390449523926, train_AUC=0.9984206287101377, train_AP=0.997633562284899, time=0.292482852935791
INFO - 11/05/25 18:42:44 - 0:25:03 - Epoch 291: val_AUC=0.9500824329784044, val_AP=0.9518024166665275
INFO - 11/05/25 18:42:44 - 0:25:03 - Epoch 292: train_loss=0.650963544845581, train_AUC=0.9986739818765983, train_AP=0.9979985403343791, time=0.31348562240600586
INFO - 11/05/25 18:42:45 - 0:25:03 - Epoch 292: val_AUC=0.9499028235738769, val_AP=0.9516230167453872
INFO - 11/05/25 18:42:45 - 0:25:03 - Epoch 293: train_loss=0.6512451171875, train_AUC=0.9985163233705782, train_AP=0.9977491401933624, time=0.3070354461669922
INFO - 11/05/25 18:42:45 - 0:25:04 - Epoch 293: val_AUC=0.9498401028294386, val_AP=0.9515522758203581
INFO - 11/05/25 18:42:45 - 0:25:04 - Epoch 294: train_loss=0.6489410400390625, train_AUC=0.9985868104018888, train_AP=0.9977431978997598, time=0.3024165630340576
INFO - 11/05/25 18:42:45 - 0:25:04 - Epoch 294: val_AUC=0.9496069364256018, val_AP=0.9513273946494555
INFO - 11/05/25 18:42:46 - 0:25:04 - Epoch 295: train_loss=0.6483837962150574, train_AUC=0.9986896664827158, train_AP=0.9979331341246758, time=0.306720495223999
INFO - 11/05/25 18:42:46 - 0:25:04 - Epoch 295: val_AUC=0.9492772452397399, val_AP=0.9510647763258071
INFO - 11/05/25 18:42:46 - 0:25:05 - Epoch 296: train_loss=0.6470350027084351, train_AUC=0.9986239399942476, train_AP=0.9978406880415186, time=0.315509557723999
INFO - 11/05/25 18:42:46 - 0:25:05 - Epoch 296: val_AUC=0.9491129087437606, val_AP=0.9509776383747829
INFO - 11/05/25 18:42:47 - 0:25:05 - Epoch 297: train_loss=0.6478404998779297, train_AUC=0.998517841354994, train_AP=0.997810884275913, time=0.324937105178833
INFO - 11/05/25 18:42:47 - 0:25:05 - Epoch 297: val_AUC=0.9491289962074314, val_AP=0.9509963485628246
INFO - 11/05/25 18:42:47 - 0:25:05 - Epoch 298: train_loss=0.6463600397109985, train_AUC=0.9987089932651553, train_AP=0.9980355376947948, time=0.31444764137268066
INFO - 11/05/25 18:42:47 - 0:25:06 - Epoch 298: val_AUC=0.948985838144639, val_AP=0.9508668067944471
INFO - 11/05/25 18:42:47 - 0:25:06 - Epoch 299: train_loss=0.6450661420822144, train_AUC=0.9987381472310763, train_AP=0.9982024710403382, time=0.31765007972717285
INFO - 11/05/25 18:42:47 - 0:25:06 - Epoch 299: val_AUC=0.9486840454717251, val_AP=0.9506543127435988
INFO - 11/05/25 18:42:48 - 0:25:06 - Epoch 300: train_loss=0.6452282667160034, train_AUC=0.9986493776370272, train_AP=0.9979847394682297, time=0.3081493377685547
INFO - 11/05/25 18:42:48 - 0:25:06 - Epoch 300: val_AUC=0.9485089161203718, val_AP=0.950526448592752
INFO - 11/05/25 18:42:48 - 0:25:06 - best_epoch=157
INFO - 11/05/25 18:42:48 - 0:25:06 - test_auc= 95.96%, test_ap= 95.88%
INFO - 11/05/25 18:42:48 - 0:25:06 - 
                                     train iters 8
INFO - 11/05/25 18:42:48 - 0:25:06 - --------------------------Training Start-------------------------
INFO - 11/05/25 18:42:50 - 0:25:09 - Epoch 0: train_loss=6.004573822021484, train_AUC=0.9958598950254617, train_AP=0.9956908555762454, time=2.249054193496704
INFO - 11/05/25 18:42:50 - 0:25:09 - Epoch 0: val_AUC=0.7681366807204577, val_AP=0.8157944593018509
INFO - 11/05/25 18:42:51 - 0:25:09 - Epoch 1: train_loss=2.545222759246826, train_AUC=0.8956189679501559, train_AP=0.9278205307272351, time=0.31455063819885254
INFO - 11/05/25 18:42:51 - 0:25:09 - Epoch 1: val_AUC=0.6183023205046332, val_AP=0.6904936763938199
INFO - 11/05/25 18:42:51 - 0:25:10 - Epoch 2: train_loss=5.420525550842285, train_AUC=0.630261292948811, train_AP=0.7258802554437451, time=0.36313700675964355
INFO - 11/05/25 18:42:51 - 0:25:10 - Epoch 2: val_AUC=0.6078925096769149, val_AP=0.6706999884501541
INFO - 11/05/25 18:42:52 - 0:25:10 - Epoch 3: train_loss=6.113094329833984, train_AUC=0.598391268260294, train_AP=0.6843196316588215, time=0.3580300807952881
INFO - 11/05/25 18:42:52 - 0:25:10 - Epoch 3: val_AUC=0.6139464869866674, val_AP=0.6788611511818365
INFO - 11/05/25 18:42:52 - 0:25:10 - Epoch 4: train_loss=5.660600662231445, train_AUC=0.6080278269611694, train_AP=0.6903544409076917, time=0.35918116569519043
INFO - 11/05/25 18:42:52 - 0:25:11 - Epoch 4: val_AUC=0.6699429770686441, val_AP=0.714450368450073
INFO - 11/05/25 18:42:52 - 0:25:11 - Epoch 5: train_loss=3.941694974899292, train_AUC=0.6844232375608816, train_AP=0.7423942742399051, time=0.3609044551849365
INFO - 11/05/25 18:42:53 - 0:25:11 - Epoch 5: val_AUC=0.7436147023941404, val_AP=0.7636452513575269
INFO - 11/05/25 18:42:53 - 0:25:11 - Epoch 6: train_loss=2.961536169052124, train_AUC=0.7653798170733639, train_AP=0.7976507942482823, time=0.36490559577941895
INFO - 11/05/25 18:42:53 - 0:25:12 - Epoch 6: val_AUC=0.809809728068918, val_AP=0.8107828586322426
INFO - 11/05/25 18:42:53 - 0:25:12 - Epoch 7: train_loss=2.521411895751953, train_AUC=0.8387248438897006, train_AP=0.8496223465338434, time=0.35805392265319824
INFO - 11/05/25 18:42:53 - 0:25:12 - Epoch 7: val_AUC=0.8457992170496161, val_AP=0.8397212094144719
INFO - 11/05/25 18:42:54 - 0:25:12 - Epoch 8: train_loss=2.2180280685424805, train_AUC=0.8794512458122582, train_AP=0.8812631429605766, time=0.35923027992248535
INFO - 11/05/25 18:42:54 - 0:25:13 - Epoch 8: val_AUC=0.8683399936790522, val_AP=0.8581672290794888
INFO - 11/05/25 18:42:54 - 0:25:13 - Epoch 9: train_loss=1.9211816787719727, train_AUC=0.9041680839335179, train_AP=0.901473416164427, time=0.364851713180542
INFO - 11/05/25 18:42:54 - 0:25:13 - Epoch 9: val_AUC=0.8817983788723951, val_AP=0.8695265974827558
INFO - 11/05/25 18:42:55 - 0:25:13 - Epoch 10: train_loss=1.7311111688613892, train_AUC=0.919420669115047, train_AP=0.9141916914407135, time=0.35413289070129395
INFO - 11/05/25 18:42:55 - 0:25:13 - Epoch 10: val_AUC=0.8865985522097253, val_AP=0.8747964942567631
INFO - 11/05/25 18:42:55 - 0:25:14 - Epoch 11: train_loss=1.5706623792648315, train_AUC=0.9244080434579913, train_AP=0.9181629689467472, time=0.35425615310668945
INFO - 11/05/25 18:42:55 - 0:25:14 - Epoch 11: val_AUC=0.889069810632225, val_AP=0.8773228714442882
INFO - 11/05/25 18:42:56 - 0:25:14 - Epoch 12: train_loss=1.520828127861023, train_AUC=0.9261680270662536, train_AP=0.9196683620135452, time=0.3480801582336426
INFO - 11/05/25 18:42:56 - 0:25:14 - Epoch 12: val_AUC=0.8929990209047426, val_AP=0.8799831072416529
INFO - 11/05/25 18:42:56 - 0:25:15 - Epoch 13: train_loss=1.4635206460952759, train_AUC=0.9293960919910209, train_AP=0.9217466973082529, time=0.34636664390563965
INFO - 11/05/25 18:42:56 - 0:25:15 - Epoch 13: val_AUC=0.8977169241746927, val_AP=0.8830462481122108
INFO - 11/05/25 18:42:57 - 0:25:15 - Epoch 14: train_loss=1.411069631576538, train_AUC=0.9328668780271134, train_AP=0.9238468776125575, time=0.34525084495544434
INFO - 11/05/25 18:42:57 - 0:25:15 - Epoch 14: val_AUC=0.9014999218027082, val_AP=0.8854484697716759
INFO - 11/05/25 18:42:57 - 0:25:16 - Epoch 15: train_loss=1.3658108711242676, train_AUC=0.9346529576173763, train_AP=0.9237310584426283, time=0.3110973834991455
INFO - 11/05/25 18:42:57 - 0:25:16 - Epoch 15: val_AUC=0.9025107847098229, val_AP=0.8864727750016694
INFO - 11/05/25 18:42:58 - 0:25:16 - Epoch 16: train_loss=1.3840584754943848, train_AUC=0.9362038424388154, train_AP=0.9253018152461084, time=0.3036043643951416
INFO - 11/05/25 18:42:58 - 0:25:16 - Epoch 16: val_AUC=0.9039141613666279, val_AP=0.8877089543792448
INFO - 11/05/25 18:42:58 - 0:25:16 - Epoch 17: train_loss=1.3898316621780396, train_AUC=0.9363149705572384, train_AP=0.9251821229120322, time=0.30622315406799316
INFO - 11/05/25 18:42:58 - 0:25:17 - Epoch 17: val_AUC=0.9062906259367384, val_AP=0.889756213979808
INFO - 11/05/25 18:42:58 - 0:25:17 - Epoch 18: train_loss=1.3621432781219482, train_AUC=0.9384847247153243, train_AP=0.9263873811110305, time=0.3067622184753418
INFO - 11/05/25 18:42:58 - 0:25:17 - Epoch 18: val_AUC=0.9085957151142333, val_AP=0.8917232146158361
INFO - 11/05/25 18:42:59 - 0:25:17 - Epoch 19: train_loss=1.3306230306625366, train_AUC=0.9407703772213147, train_AP=0.9282544745863534, time=0.30512523651123047
INFO - 11/05/25 18:42:59 - 0:25:17 - Epoch 19: val_AUC=0.9104280568624641, val_AP=0.8936184917627021
INFO - 11/05/25 18:42:59 - 0:25:18 - Epoch 20: train_loss=1.3059065341949463, train_AUC=0.9426111403552901, train_AP=0.9308013490311848, time=0.3063499927520752
INFO - 11/05/25 18:42:59 - 0:25:18 - Epoch 20: val_AUC=0.9119469985272843, val_AP=0.8952937773100993
INFO - 11/05/25 18:43:00 - 0:25:18 - Epoch 21: train_loss=1.2818169593811035, train_AUC=0.9437820310034222, train_AP=0.9319982107467082, time=0.30571627616882324
INFO - 11/05/25 18:43:00 - 0:25:18 - Epoch 21: val_AUC=0.9135673523048652, val_AP=0.8971577507261901
INFO - 11/05/25 18:43:00 - 0:25:19 - Epoch 22: train_loss=1.2577433586120605, train_AUC=0.9448014409317452, train_AP=0.9331653540030934, time=0.3047657012939453
INFO - 11/05/25 18:43:00 - 0:25:19 - Epoch 22: val_AUC=0.9153387042382932, val_AP=0.8991597315421593
INFO - 11/05/25 18:43:00 - 0:25:19 - Epoch 23: train_loss=1.2255630493164062, train_AUC=0.947609772334138, train_AP=0.9364343119978149, time=0.3028595447540283
INFO - 11/05/25 18:43:01 - 0:25:19 - Epoch 23: val_AUC=0.9169351304591485, val_AP=0.9010124557270135
INFO - 11/05/25 18:43:01 - 0:25:19 - Epoch 24: train_loss=1.2089207172393799, train_AUC=0.9483271207996802, train_AP=0.9367720797896135, time=0.30243563652038574
INFO - 11/05/25 18:43:01 - 0:25:19 - Epoch 24: val_AUC=0.9181907671805967, val_AP=0.9025565405526015
INFO - 11/05/25 18:43:01 - 0:25:20 - Epoch 25: train_loss=1.200034499168396, train_AUC=0.9500366794630434, train_AP=0.9389998076608179, time=0.30245018005371094
INFO - 11/05/25 18:43:01 - 0:25:20 - Epoch 25: val_AUC=0.9191993900611244, val_AP=0.9038627497058334
INFO - 11/05/25 18:43:02 - 0:25:20 - Epoch 26: train_loss=1.194148302078247, train_AUC=0.9513994733522937, train_AP=0.9405045021681848, time=0.3041222095489502
INFO - 11/05/25 18:43:02 - 0:25:20 - Epoch 26: val_AUC=0.9199968395261243, val_AP=0.9049331074810497
INFO - 11/05/25 18:43:02 - 0:25:21 - Epoch 27: train_loss=1.19353187084198, train_AUC=0.9521149683234642, train_AP=0.9414256243361104, time=0.3070065975189209
INFO - 11/05/25 18:43:02 - 0:25:21 - Epoch 27: val_AUC=0.9207761651396474, val_AP=0.9058894630352181
INFO - 11/05/25 18:43:03 - 0:25:21 - Epoch 28: train_loss=1.1864819526672363, train_AUC=0.9534450312351352, train_AP=0.9430971133325166, time=0.3035736083984375
INFO - 11/05/25 18:43:03 - 0:25:21 - Epoch 28: val_AUC=0.9215983567164956, val_AP=0.9068227267386403
INFO - 11/05/25 18:43:03 - 0:25:21 - Epoch 29: train_loss=1.1751039028167725, train_AUC=0.9544183419193636, train_AP=0.9445061365119817, time=0.3030080795288086
INFO - 11/05/25 18:43:03 - 0:25:22 - Epoch 29: val_AUC=0.9225088257047531, val_AP=0.9078269195617855
INFO - 11/05/25 18:43:03 - 0:25:22 - Epoch 30: train_loss=1.1616179943084717, train_AUC=0.9550139108380696, train_AP=0.9440792779588361, time=0.3019137382507324
INFO - 11/05/25 18:43:03 - 0:25:22 - Epoch 30: val_AUC=0.9233855924748141, val_AP=0.9087750226076798
INFO - 11/05/25 18:43:04 - 0:25:22 - Epoch 31: train_loss=1.1451220512390137, train_AUC=0.9564386467339313, train_AP=0.9458817437418092, time=0.3062112331390381
INFO - 11/05/25 18:43:04 - 0:25:22 - Epoch 31: val_AUC=0.9242514645701103, val_AP=0.9097385433714569
INFO - 11/05/25 18:43:04 - 0:25:23 - Epoch 32: train_loss=1.1312880516052246, train_AUC=0.9569532578927636, train_AP=0.9461841608497469, time=0.3058481216430664
INFO - 11/05/25 18:43:04 - 0:25:23 - Epoch 32: val_AUC=0.925179446493503, val_AP=0.9108122849663428
INFO - 11/05/25 18:43:05 - 0:25:23 - Epoch 33: train_loss=1.1166640520095825, train_AUC=0.9584680768909438, train_AP=0.948007817881678, time=0.3058905601501465
INFO - 11/05/25 18:43:05 - 0:25:23 - Epoch 33: val_AUC=0.9260858427061476, val_AP=0.9118650976945298
INFO - 11/05/25 18:43:05 - 0:25:24 - Epoch 34: train_loss=1.1100667715072632, train_AUC=0.9584309944989358, train_AP=0.9477425048864385, time=0.298694372177124
INFO - 11/05/25 18:43:05 - 0:25:24 - Epoch 34: val_AUC=0.9270001808312371, val_AP=0.9129722938533308
INFO - 11/05/25 18:43:05 - 0:25:24 - Epoch 35: train_loss=1.1002390384674072, train_AUC=0.9606602085944406, train_AP=0.9504688026568422, time=0.3023569583892822
INFO - 11/05/25 18:43:06 - 0:25:24 - Epoch 35: val_AUC=0.9279363083058556, val_AP=0.9141499230664109
INFO - 11/05/25 18:43:06 - 0:25:24 - Epoch 36: train_loss=1.0987095832824707, train_AUC=0.9609485851256664, train_AP=0.9505822868274407, time=0.3016335964202881
INFO - 11/05/25 18:43:06 - 0:25:24 - Epoch 36: val_AUC=0.9288684648242517, val_AP=0.9154080798747778
INFO - 11/05/25 18:43:06 - 0:25:25 - Epoch 37: train_loss=1.0924875736236572, train_AUC=0.9622496141857417, train_AP=0.9522390346328242, time=0.30195116996765137
INFO - 11/05/25 18:43:06 - 0:25:25 - Epoch 37: val_AUC=0.9298739313036792, val_AP=0.916766122473355
INFO - 11/05/25 18:43:07 - 0:25:25 - Epoch 38: train_loss=1.087647557258606, train_AUC=0.963066190117084, train_AP=0.9536599927965697, time=0.2984316349029541
INFO - 11/05/25 18:43:07 - 0:25:25 - Epoch 38: val_AUC=0.9309609551147545, val_AP=0.9182848153523515
INFO - 11/05/25 18:43:07 - 0:25:26 - Epoch 39: train_loss=1.076401948928833, train_AUC=0.9650602013422123, train_AP=0.9555452049245723, time=0.2999534606933594
INFO - 11/05/25 18:43:07 - 0:25:26 - Epoch 39: val_AUC=0.9320314841845977, val_AP=0.9198182688096008
INFO - 11/05/25 18:43:07 - 0:25:26 - Epoch 40: train_loss=1.0677080154418945, train_AUC=0.9658071225887285, train_AP=0.956444707045902, time=0.30359721183776855
INFO - 11/05/25 18:43:08 - 0:25:26 - Epoch 40: val_AUC=0.9331195261895765, val_AP=0.9213965876866659
INFO - 11/05/25 18:43:08 - 0:25:26 - Epoch 41: train_loss=1.058587670326233, train_AUC=0.9667232380717725, train_AP=0.9570705848107105, time=0.2985799312591553
INFO - 11/05/25 18:43:08 - 0:25:26 - Epoch 41: val_AUC=0.9341625640240325, val_AP=0.9228713155864733
INFO - 11/05/25 18:43:08 - 0:25:27 - Epoch 42: train_loss=1.0502784252166748, train_AUC=0.9678309727132264, train_AP=0.9589234191054082, time=0.29788827896118164
INFO - 11/05/25 18:43:08 - 0:25:27 - Epoch 42: val_AUC=0.9351842197865213, val_AP=0.9243387350442536
INFO - 11/05/25 18:43:09 - 0:25:27 - Epoch 43: train_loss=1.0412607192993164, train_AUC=0.9692730225079115, train_AP=0.9601235656516205, time=0.2999718189239502
INFO - 11/05/25 18:43:09 - 0:25:27 - Epoch 43: val_AUC=0.9361910099180232, val_AP=0.9257670524892492
INFO - 11/05/25 18:43:09 - 0:25:28 - Epoch 44: train_loss=1.0360093116760254, train_AUC=0.9706388643422016, train_AP=0.9624825074696703, time=0.3007676601409912
INFO - 11/05/25 18:43:09 - 0:25:28 - Epoch 44: val_AUC=0.9371096244575063, val_AP=0.927082933911225
INFO - 11/05/25 18:43:09 - 0:25:28 - Epoch 45: train_loss=1.0297563076019287, train_AUC=0.9718559593784932, train_AP=0.9639975425053114, time=0.2995173931121826
INFO - 11/05/25 18:43:10 - 0:25:28 - Epoch 45: val_AUC=0.9379985077350154, val_AP=0.9283084065914471
INFO - 11/05/25 18:43:10 - 0:25:28 - Epoch 46: train_loss=1.0235986709594727, train_AUC=0.9728338979866681, train_AP=0.9653451288181231, time=0.3040931224822998
INFO - 11/05/25 18:43:10 - 0:25:28 - Epoch 46: val_AUC=0.938900831172047, val_AP=0.929540421368179
INFO - 11/05/25 18:43:10 - 0:25:29 - Epoch 47: train_loss=1.0144164562225342, train_AUC=0.9744317490944662, train_AP=0.9670325030294429, time=0.3016364574432373
INFO - 11/05/25 18:43:10 - 0:25:29 - Epoch 47: val_AUC=0.939718440876331, val_AP=0.9306531058801767
INFO - 11/05/25 18:43:11 - 0:25:29 - Epoch 48: train_loss=1.0099183320999146, train_AUC=0.9747956558735873, train_AP=0.9676642536655125, time=0.3028566837310791
INFO - 11/05/25 18:43:11 - 0:25:29 - Epoch 48: val_AUC=0.9405008210715636, val_AP=0.9316977403929511
INFO - 11/05/25 18:43:11 - 0:25:30 - Epoch 49: train_loss=1.0014629364013672, train_AUC=0.9757686900482982, train_AP=0.9690168550698792, time=0.34174633026123047
INFO - 11/05/25 18:43:11 - 0:25:30 - Epoch 49: val_AUC=0.9412033748647838, val_AP=0.9326417128684019
INFO - 11/05/25 18:43:12 - 0:25:30 - Epoch 50: train_loss=0.9961641430854797, train_AUC=0.9761744508578747, train_AP=0.9689472423787004, time=0.3417949676513672
INFO - 11/05/25 18:43:12 - 0:25:30 - Epoch 50: val_AUC=0.9419165178745975, val_AP=0.9335769068306298
INFO - 11/05/25 18:43:12 - 0:25:31 - Epoch 51: train_loss=0.9899866580963135, train_AUC=0.9772826881478401, train_AP=0.970692794583363, time=0.34130334854125977
INFO - 11/05/25 18:43:12 - 0:25:31 - Epoch 51: val_AUC=0.942580176660715, val_AP=0.9344350714613544
INFO - 11/05/25 18:43:13 - 0:25:31 - Epoch 52: train_loss=0.985660970211029, train_AUC=0.9774729182421956, train_AP=0.9709091169277875, time=0.3297255039215088
INFO - 11/05/25 18:43:13 - 0:25:31 - Epoch 52: val_AUC=0.9432008676641168, val_AP=0.9352436950124474
INFO - 11/05/25 18:43:13 - 0:25:31 - Epoch 53: train_loss=0.9803774356842041, train_AUC=0.9781591377241536, train_AP=0.9719395797866222, time=0.2989034652709961
INFO - 11/05/25 18:43:13 - 0:25:32 - Epoch 53: val_AUC=0.9437728889989443, val_AP=0.9359744744458002
INFO - 11/05/25 18:43:13 - 0:25:32 - Epoch 54: train_loss=0.9777636528015137, train_AUC=0.978271111574235, train_AP=0.9717482804655554, time=0.2975273132324219
INFO - 11/05/25 18:43:13 - 0:25:32 - Epoch 54: val_AUC=0.9442821895893339, val_AP=0.9366487860238921
INFO - 11/05/25 18:43:14 - 0:25:32 - Epoch 55: train_loss=0.9700899720191956, train_AUC=0.9797949329826031, train_AP=0.974105678057348, time=0.2981264591217041
INFO - 11/05/25 18:43:14 - 0:25:32 - Epoch 55: val_AUC=0.9447226602718658, val_AP=0.9372565494218159
INFO - 11/05/25 18:43:14 - 0:25:33 - Epoch 56: train_loss=0.9670239090919495, train_AUC=0.9795257333550909, train_AP=0.973040692050347, time=0.2965526580810547
INFO - 11/05/25 18:43:14 - 0:25:33 - Epoch 56: val_AUC=0.9452019241421106, val_AP=0.9379372771937949
INFO - 11/05/25 18:43:15 - 0:25:33 - Epoch 57: train_loss=0.961734414100647, train_AUC=0.9804808173068463, train_AP=0.9745599508927936, time=0.2965843677520752
INFO - 11/05/25 18:43:15 - 0:25:33 - Epoch 57: val_AUC=0.9456072671349814, val_AP=0.9385241225931833
INFO - 11/05/25 18:43:15 - 0:25:33 - Epoch 58: train_loss=0.9568766355514526, train_AUC=0.980682290595207, train_AP=0.9747253502576594, time=0.3004615306854248
INFO - 11/05/25 18:43:15 - 0:25:34 - Epoch 58: val_AUC=0.9459697441645272, val_AP=0.939035453450482
INFO - 11/05/25 18:43:15 - 0:25:34 - Epoch 59: train_loss=0.9506400227546692, train_AUC=0.9813396278655022, train_AP=0.9755909213388305, time=0.2974729537963867
INFO - 11/05/25 18:43:15 - 0:25:34 - Epoch 59: val_AUC=0.9463538069048207, val_AP=0.9395514955219347
INFO - 11/05/25 18:43:16 - 0:25:34 - Epoch 60: train_loss=0.9482549428939819, train_AUC=0.981629019908753, train_AP=0.9759709033801502, time=0.2976953983306885
INFO - 11/05/25 18:43:16 - 0:25:34 - Epoch 60: val_AUC=0.9467470333902436, val_AP=0.9400928636283835
INFO - 11/05/25 18:43:16 - 0:25:35 - Epoch 61: train_loss=0.9437081813812256, train_AUC=0.9821528210463315, train_AP=0.9766983580618512, time=0.29885149002075195
INFO - 11/05/25 18:43:16 - 0:25:35 - Epoch 61: val_AUC=0.9471492199820146, val_AP=0.9406322132412797
INFO - 11/05/25 18:43:17 - 0:25:35 - Epoch 62: train_loss=0.9368521571159363, train_AUC=0.982981141587346, train_AP=0.9777675253926152, time=0.2968719005584717
INFO - 11/05/25 18:43:17 - 0:25:35 - Epoch 62: val_AUC=0.947560366680134, val_AP=0.9411743052817682
INFO - 11/05/25 18:43:17 - 0:25:36 - Epoch 63: train_loss=0.9360000491142273, train_AUC=0.9830989675764418, train_AP=0.9776281068464305, time=0.2978355884552002
INFO - 11/05/25 18:43:17 - 0:25:36 - Epoch 63: val_AUC=0.947991673617537, val_AP=0.9417125321610624
INFO - 11/05/25 18:43:17 - 0:25:36 - Epoch 64: train_loss=0.9324852228164673, train_AUC=0.9831518686024292, train_AP=0.9781144593251015, time=0.29939794540405273
INFO - 11/05/25 18:43:18 - 0:25:36 - Epoch 64: val_AUC=0.9484294969959206, val_AP=0.9422248847058172
INFO - 11/05/25 18:43:18 - 0:25:36 - Epoch 65: train_loss=0.9285140633583069, train_AUC=0.9837553198035955, train_AP=0.9786132624110884, time=0.2996385097503662
INFO - 11/05/25 18:43:18 - 0:25:36 - Epoch 65: val_AUC=0.9488540838535625, val_AP=0.9427328892322395
INFO - 11/05/25 18:43:18 - 0:25:37 - Epoch 66: train_loss=0.9229896068572998, train_AUC=0.9840473002929488, train_AP=0.9788002013733506, time=0.29893970489501953
INFO - 11/05/25 18:43:18 - 0:25:37 - Epoch 66: val_AUC=0.9493373186800297, val_AP=0.9432915854178664
INFO - 11/05/25 18:43:19 - 0:25:37 - Epoch 67: train_loss=0.918959379196167, train_AUC=0.9845332780986844, train_AP=0.9794751727380375, time=0.29981160163879395
INFO - 11/05/25 18:43:19 - 0:25:37 - Epoch 67: val_AUC=0.9497779930013424, val_AP=0.9437962995871467
INFO - 11/05/25 18:43:19 - 0:25:38 - Epoch 68: train_loss=0.9152288436889648, train_AUC=0.9846525021339912, train_AP=0.9795978570547789, time=0.29918599128723145
INFO - 11/05/25 18:43:19 - 0:25:38 - Epoch 68: val_AUC=0.9502638751319579, val_AP=0.9443823615725705
INFO - 11/05/25 18:43:19 - 0:25:38 - Epoch 69: train_loss=0.9106450080871582, train_AUC=0.9854903356591375, train_AP=0.9810006207233187, time=0.30000972747802734
INFO - 11/05/25 18:43:20 - 0:25:38 - Epoch 69: val_AUC=0.9506968111796061, val_AP=0.9448871585654801
INFO - 11/05/25 18:43:20 - 0:25:38 - Epoch 70: train_loss=0.9100232124328613, train_AUC=0.9853215981036155, train_AP=0.9807395923350094, time=0.3004012107849121
INFO - 11/05/25 18:43:20 - 0:25:38 - Epoch 70: val_AUC=0.9511651803750863, val_AP=0.945425029955467
INFO - 11/05/25 18:43:20 - 0:25:39 - Epoch 71: train_loss=0.9059600830078125, train_AUC=0.985484756154985, train_AP=0.9805466405361394, time=0.3018372058868408
INFO - 11/05/25 18:43:20 - 0:25:39 - Epoch 71: val_AUC=0.9515700142710057, val_AP=0.945924973961162
INFO - 11/05/25 18:43:21 - 0:25:39 - Epoch 72: train_loss=0.9028468132019043, train_AUC=0.9861424247083393, train_AP=0.9817564690715889, time=0.2987556457519531
INFO - 11/05/25 18:43:21 - 0:25:39 - Epoch 72: val_AUC=0.9520049867064604, val_AP=0.9464665730538734
INFO - 11/05/25 18:43:21 - 0:25:40 - Epoch 73: train_loss=0.8989694118499756, train_AUC=0.9858923026524591, train_AP=0.9810815763740541, time=0.2989790439605713
INFO - 11/05/25 18:43:21 - 0:25:40 - Epoch 73: val_AUC=0.9524493265258246, val_AP=0.947037703781013
INFO - 11/05/25 18:43:21 - 0:25:40 - Epoch 74: train_loss=0.8949871063232422, train_AUC=0.9860954089320603, train_AP=0.9807835516828497, time=0.2956526279449463
INFO - 11/05/25 18:43:22 - 0:25:40 - Epoch 74: val_AUC=0.9528384802356344, val_AP=0.9475132188169123
INFO - 11/05/25 18:43:22 - 0:25:40 - Epoch 75: train_loss=0.8911886811256409, train_AUC=0.9867910690125374, train_AP=0.9823863024889277, time=0.29633069038391113
INFO - 11/05/25 18:43:22 - 0:25:41 - Epoch 75: val_AUC=0.953236390413012, val_AP=0.9479745885161373
INFO - 11/05/25 18:43:22 - 0:25:41 - Epoch 76: train_loss=0.8860480785369873, train_AUC=0.9876918503696804, train_AP=0.9837742443360409, time=0.2995936870574951
INFO - 11/05/25 18:43:22 - 0:25:41 - Epoch 76: val_AUC=0.9536349115067315, val_AP=0.9484450774056866
INFO - 11/05/25 18:43:23 - 0:25:41 - Epoch 77: train_loss=0.8852660655975342, train_AUC=0.9875966442680948, train_AP=0.9836652358090066, time=0.29651570320129395
INFO - 11/05/25 18:43:23 - 0:25:41 - Epoch 77: val_AUC=0.9540144941938511, val_AP=0.9488869219204391
INFO - 11/05/25 18:43:23 - 0:25:42 - Epoch 78: train_loss=0.8824578523635864, train_AUC=0.9874937753304557, train_AP=0.9835107313820869, time=0.29466772079467773
INFO - 11/05/25 18:43:23 - 0:25:42 - Epoch 78: val_AUC=0.9543606801209452, val_AP=0.9492698364257566
INFO - 11/05/25 18:43:24 - 0:25:42 - Epoch 79: train_loss=0.8790042400360107, train_AUC=0.9877440176767821, train_AP=0.9836223627225225, time=0.3007831573486328
INFO - 11/05/25 18:43:24 - 0:25:42 - Epoch 79: val_AUC=0.9547256008158584, val_AP=0.9496888247573362
INFO - 11/05/25 18:43:24 - 0:25:42 - Epoch 80: train_loss=0.8762465119361877, train_AUC=0.9875286393059769, train_AP=0.9828333219635838, time=0.29647231101989746
INFO - 11/05/25 18:43:24 - 0:25:43 - Epoch 80: val_AUC=0.9550805432105202, val_AP=0.9500790005639124
INFO - 11/05/25 18:43:24 - 0:25:43 - Epoch 81: train_loss=0.8730779886245728, train_AUC=0.9881840265677502, train_AP=0.9841676095863804, time=0.2974128723144531
INFO - 11/05/25 18:43:24 - 0:25:43 - Epoch 81: val_AUC=0.9553809104119694, val_AP=0.9504131753870377
INFO - 11/05/25 18:43:25 - 0:25:43 - Epoch 82: train_loss=0.8713783621788025, train_AUC=0.988221626930772, train_AP=0.9840981577858189, time=0.2970397472381592
INFO - 11/05/25 18:43:25 - 0:25:43 - Epoch 82: val_AUC=0.9556810739746381, val_AP=0.9507461990423701
INFO - 11/05/25 18:43:25 - 0:25:44 - Epoch 83: train_loss=0.8679450750350952, train_AUC=0.9886173851406374, train_AP=0.9845973412443578, time=0.3019275665283203
INFO - 11/05/25 18:43:25 - 0:25:44 - Epoch 83: val_AUC=0.955971259237055, val_AP=0.9510679428502429
INFO - 11/05/25 18:43:26 - 0:25:44 - Epoch 84: train_loss=0.8655613660812378, train_AUC=0.9885761005084439, train_AP=0.9846038398021234, time=0.2991292476654053
INFO - 11/05/25 18:43:26 - 0:25:44 - Epoch 84: val_AUC=0.9562333423477433, val_AP=0.9513603320627683
INFO - 11/05/25 18:43:26 - 0:25:44 - Epoch 85: train_loss=0.8633729219436646, train_AUC=0.9887995513720783, train_AP=0.9849950662508224, time=0.29572367668151855
INFO - 11/05/25 18:43:26 - 0:25:45 - Epoch 85: val_AUC=0.956513549309909, val_AP=0.9516603600256731
INFO - 11/05/25 18:43:26 - 0:25:45 - Epoch 86: train_loss=0.8601216077804565, train_AUC=0.9888183939986809, train_AP=0.984548532277009, time=0.29762792587280273
INFO - 11/05/25 18:43:26 - 0:25:45 - Epoch 86: val_AUC=0.956759748595707, val_AP=0.9519162209103633
INFO - 11/05/25 18:43:27 - 0:25:45 - Epoch 87: train_loss=0.8582676649093628, train_AUC=0.9891853101524061, train_AP=0.9854042601966477, time=0.29734086990356445
INFO - 11/05/25 18:43:27 - 0:25:45 - Epoch 87: val_AUC=0.9570063551590664, val_AP=0.9521888202194927
INFO - 11/05/25 18:43:27 - 0:25:46 - Epoch 88: train_loss=0.8559772372245789, train_AUC=0.989360922756037, train_AP=0.9856298575742182, time=0.3011000156402588
INFO - 11/05/25 18:43:27 - 0:25:46 - Epoch 88: val_AUC=0.9572814711517157, val_AP=0.9524872525720576
INFO - 11/05/25 18:43:28 - 0:25:46 - Epoch 89: train_loss=0.8540749549865723, train_AUC=0.9894883209058238, train_AP=0.9857148675190747, time=0.2948884963989258
INFO - 11/05/25 18:43:28 - 0:25:46 - Epoch 89: val_AUC=0.9575645290568103, val_AP=0.9527766881120133
INFO - 11/05/25 18:43:28 - 0:25:47 - Epoch 90: train_loss=0.852995753288269, train_AUC=0.9895513331980013, train_AP=0.9860932422704466, time=0.2966160774230957
INFO - 11/05/25 18:43:28 - 0:25:47 - Epoch 90: val_AUC=0.9577911790196667, val_AP=0.9530163234504571
INFO - 11/05/25 18:43:28 - 0:25:47 - Epoch 91: train_loss=0.8520104885101318, train_AUC=0.9894833160835541, train_AP=0.9858585452265163, time=0.29880809783935547
INFO - 11/05/25 18:43:28 - 0:25:47 - Epoch 91: val_AUC=0.9580221053969163, val_AP=0.9532729608729247
INFO - 11/05/25 18:43:29 - 0:25:47 - Epoch 92: train_loss=0.8476043343544006, train_AUC=0.9901670533201988, train_AP=0.9866297778856865, time=0.297717809677124
INFO - 11/05/25 18:43:29 - 0:25:47 - Epoch 92: val_AUC=0.9582061948546183, val_AP=0.9534800114128743
INFO - 11/05/25 18:43:29 - 0:25:48 - Epoch 93: train_loss=0.848237931728363, train_AUC=0.9896911446878032, train_AP=0.9859600597794096, time=0.29734134674072266
INFO - 11/05/25 18:43:29 - 0:25:48 - Epoch 93: val_AUC=0.9583609603279073, val_AP=0.9536803956866106
INFO - 11/05/25 18:43:30 - 0:25:48 - Epoch 94: train_loss=0.8445601463317871, train_AUC=0.9898407965701401, train_AP=0.9859742386722956, time=0.2969706058502197
INFO - 11/05/25 18:43:30 - 0:25:48 - Epoch 94: val_AUC=0.9585061547785062, val_AP=0.9538537034826144
INFO - 11/05/25 18:43:30 - 0:25:49 - Epoch 95: train_loss=0.8423362970352173, train_AUC=0.9906265596545762, train_AP=0.987420980777306, time=0.29740047454833984
INFO - 11/05/25 18:43:30 - 0:25:49 - Epoch 95: val_AUC=0.9586285416856729, val_AP=0.9539833692291528
INFO - 11/05/25 18:43:30 - 0:25:49 - Epoch 96: train_loss=0.8419972062110901, train_AUC=0.9899847174845126, train_AP=0.9862183335988657, time=0.2971458435058594
INFO - 11/05/25 18:43:31 - 0:25:49 - Epoch 96: val_AUC=0.9587450230682011, val_AP=0.9540879944408202
INFO - 11/05/25 18:43:31 - 0:25:49 - Epoch 97: train_loss=0.8393728137016296, train_AUC=0.9902954498983014, train_AP=0.9868610353379748, time=0.2965083122253418
INFO - 11/05/25 18:43:31 - 0:25:49 - Epoch 97: val_AUC=0.9588402241981518, val_AP=0.9541924044593292
INFO - 11/05/25 18:43:31 - 0:25:50 - Epoch 98: train_loss=0.8382642269134521, train_AUC=0.9903010547638365, train_AP=0.9869694551608388, time=0.2972605228424072
INFO - 11/05/25 18:43:31 - 0:25:50 - Epoch 98: val_AUC=0.9589602692593413, val_AP=0.9543166020085939
INFO - 11/05/25 18:43:32 - 0:25:50 - Epoch 99: train_loss=0.8358069658279419, train_AUC=0.9902053231180464, train_AP=0.9865562881674247, time=0.29955148696899414
INFO - 11/05/25 18:43:32 - 0:25:50 - Epoch 99: val_AUC=0.9590751215316242, val_AP=0.9544069157990944
INFO - 11/05/25 18:43:32 - 0:25:51 - Epoch 100: train_loss=0.8337954878807068, train_AUC=0.9908067367786971, train_AP=0.9874508258914859, time=0.2974050045013428
INFO - 11/05/25 18:43:32 - 0:25:51 - Epoch 100: val_AUC=0.9591785700321912, val_AP=0.9544912334897764
INFO - 11/05/25 18:43:32 - 0:25:51 - Epoch 101: train_loss=0.8319954872131348, train_AUC=0.9909371471210193, train_AP=0.9873193581724995, time=0.29566502571105957
INFO - 11/05/25 18:43:33 - 0:25:51 - Epoch 101: val_AUC=0.9593005496617967, val_AP=0.9545896360800317
INFO - 11/05/25 18:43:33 - 0:25:51 - Epoch 102: train_loss=0.8300375938415527, train_AUC=0.9907600112493511, train_AP=0.9870952910636173, time=0.2958362102508545
INFO - 11/05/25 18:43:33 - 0:25:51 - Epoch 102: val_AUC=0.959393001668209, val_AP=0.9546778770141932
INFO - 11/05/25 18:43:33 - 0:25:52 - Epoch 103: train_loss=0.8291540741920471, train_AUC=0.990969245296881, train_AP=0.987962209466182, time=0.2976553440093994
INFO - 11/05/25 18:43:33 - 0:25:52 - Epoch 103: val_AUC=0.9595009302219502, val_AP=0.95476707302085
INFO - 11/05/25 18:43:34 - 0:25:52 - Epoch 104: train_loss=0.8263305425643921, train_AUC=0.9912158592043011, train_AP=0.9882978994661764, time=0.29532480239868164
INFO - 11/05/25 18:43:34 - 0:25:52 - Epoch 104: val_AUC=0.9595886985364074, val_AP=0.9548347390861891
INFO - 11/05/25 18:43:34 - 0:25:53 - Epoch 105: train_loss=0.8246182203292847, train_AUC=0.9911264402531873, train_AP=0.9878115504484751, time=0.29635119438171387
INFO - 11/05/25 18:43:34 - 0:25:53 - Epoch 105: val_AUC=0.95965284475231, val_AP=0.9548967615459472
INFO - 11/05/25 18:43:34 - 0:25:53 - Epoch 106: train_loss=0.8221035003662109, train_AUC=0.9912626618745188, train_AP=0.9878084380779465, time=0.29500341415405273
INFO - 11/05/25 18:43:35 - 0:25:53 - Epoch 106: val_AUC=0.9596756522957423, val_AP=0.9549192702835753
INFO - 11/05/25 18:43:35 - 0:25:53 - Epoch 107: train_loss=0.8206478953361511, train_AUC=0.9916655320148511, train_AP=0.9887048901877309, time=0.29807519912719727
INFO - 11/05/25 18:43:35 - 0:25:54 - Epoch 107: val_AUC=0.9597021253372259, val_AP=0.9549372574942006
INFO - 11/05/25 18:43:35 - 0:25:54 - Epoch 108: train_loss=0.8176741003990173, train_AUC=0.9918686361810036, train_AP=0.9889757503948734, time=0.2989487648010254
INFO - 11/05/25 18:43:35 - 0:25:54 - Epoch 108: val_AUC=0.9597243219643159, val_AP=0.9549430378595265
INFO - 11/05/25 18:43:36 - 0:25:54 - Epoch 109: train_loss=0.816393256187439, train_AUC=0.9919110648933417, train_AP=0.9891095182844021, time=0.2977278232574463
INFO - 11/05/25 18:43:36 - 0:25:54 - Epoch 109: val_AUC=0.9597709552450834, val_AP=0.95500241905279
INFO - 11/05/25 18:43:36 - 0:25:55 - Epoch 110: train_loss=0.8151509761810303, train_AUC=0.992054166141921, train_AP=0.9889066966275933, time=0.29567861557006836
INFO - 11/05/25 18:43:36 - 0:25:55 - Epoch 110: val_AUC=0.9598515962022183, val_AP=0.9550645086882179
INFO - 11/05/25 18:43:37 - 0:25:55 - Epoch 111: train_loss=0.8128464221954346, train_AUC=0.9918711062739878, train_AP=0.9887713048849321, time=0.29561448097229004
INFO - 11/05/25 18:43:37 - 0:25:55 - Epoch 111: val_AUC=0.959933458992037, val_AP=0.9551236231627871
INFO - 11/05/25 18:43:37 - 0:25:55 - Epoch 112: train_loss=0.8112702965736389, train_AUC=0.992393143562637, train_AP=0.989767659050458, time=0.29804158210754395
INFO - 11/05/25 18:43:37 - 0:25:56 - Epoch 112: val_AUC=0.9600228564167395, val_AP=0.9551915893266087
INFO - 11/05/25 18:43:37 - 0:25:56 - Epoch 113: train_loss=0.8113972544670105, train_AUC=0.991868807722577, train_AP=0.9886526550331496, time=0.29582905769348145
INFO - 11/05/25 18:43:37 - 0:25:56 - Epoch 113: val_AUC=0.9600770243323906, val_AP=0.9552647140315217
INFO - 11/05/25 18:43:38 - 0:25:56 - Epoch 114: train_loss=0.8076145648956299, train_AUC=0.9921362993314254, train_AP=0.989268416179561, time=0.29621458053588867
INFO - 11/05/25 18:43:38 - 0:25:56 - Epoch 114: val_AUC=0.9601083847046097, val_AP=0.9553260372733079
INFO - 11/05/25 18:43:38 - 0:25:57 - Epoch 115: train_loss=0.809597373008728, train_AUC=0.9917177220415245, train_AP=0.9884885500253195, time=0.29522204399108887
INFO - 11/05/25 18:43:38 - 0:25:57 - Epoch 115: val_AUC=0.9601175484497386, val_AP=0.9553458185144633
INFO - 11/05/25 18:43:39 - 0:25:57 - Epoch 116: train_loss=0.8036177158355713, train_AUC=0.9924535895999215, train_AP=0.9897519623574524, time=0.29566240310668945
INFO - 11/05/25 18:43:39 - 0:25:57 - Epoch 116: val_AUC=0.9601692727000222, val_AP=0.955417719246821
INFO - 11/05/25 18:43:39 - 0:25:57 - Epoch 117: train_loss=0.8033363223075867, train_AUC=0.9924607862444506, train_AP=0.9895787211885413, time=0.2994070053100586
INFO - 11/05/25 18:43:39 - 0:25:58 - Epoch 117: val_AUC=0.9602503209347183, val_AP=0.9555043391438609
INFO - 11/05/25 18:43:39 - 0:25:58 - Epoch 118: train_loss=0.8021231889724731, train_AUC=0.9927192474399178, train_AP=0.9900785892570162, time=0.29906272888183594
INFO - 11/05/25 18:43:39 - 0:25:58 - Epoch 118: val_AUC=0.9603344237511242, val_AP=0.9556133150062448
INFO - 11/05/25 18:43:40 - 0:25:58 - Epoch 119: train_loss=0.7998526096343994, train_AUC=0.9924865847585688, train_AP=0.9896075170752361, time=0.29785585403442383
INFO - 11/05/25 18:43:40 - 0:25:58 - Epoch 119: val_AUC=0.9604012172711751, val_AP=0.955726543294239
INFO - 11/05/25 18:43:40 - 0:25:59 - Epoch 120: train_loss=0.7958335876464844, train_AUC=0.9932360955079119, train_AP=0.9908923026099813, time=0.2984178066253662
INFO - 11/05/25 18:43:40 - 0:25:59 - Epoch 120: val_AUC=0.9604930583612454, val_AP=0.9558361621871342
INFO - 11/05/25 18:43:41 - 0:25:59 - Epoch 121: train_loss=0.7962832450866699, train_AUC=0.9929028703657667, train_AP=0.990306685462501, time=0.29703664779663086
INFO - 11/05/25 18:43:41 - 0:25:59 - Epoch 121: val_AUC=0.960559037326174, val_AP=0.955935598730245
INFO - 11/05/25 18:43:41 - 0:25:59 - Epoch 122: train_loss=0.7950451970100403, train_AUC=0.9931034862985019, train_AP=0.9904080842821541, time=0.2971839904785156
INFO - 11/05/25 18:43:41 - 0:26:00 - Epoch 122: val_AUC=0.9606237944584186, val_AP=0.9560508785748488
INFO - 11/05/25 18:43:41 - 0:26:00 - Epoch 123: train_loss=0.7923022508621216, train_AUC=0.9932949550498238, train_AP=0.9907925520774524, time=0.30237555503845215
INFO - 11/05/25 18:43:41 - 0:26:00 - Epoch 123: val_AUC=0.9607109518565339, val_AP=0.956177316529483
INFO - 11/05/25 18:43:42 - 0:26:00 - Epoch 124: train_loss=0.7907578945159912, train_AUC=0.9932093660197105, train_AP=0.9905882975851047, time=0.298367977142334
INFO - 11/05/25 18:43:42 - 0:26:00 - Epoch 124: val_AUC=0.9608276368778428, val_AP=0.9563327226095466
INFO - 11/05/25 18:43:42 - 0:26:01 - Epoch 125: train_loss=0.7878761291503906, train_AUC=0.9935867786156227, train_AP=0.9912035625531878, time=0.2966890335083008
INFO - 11/05/25 18:43:42 - 0:26:01 - Epoch 125: val_AUC=0.9609223289108421, val_AP=0.956476727702164
INFO - 11/05/25 18:43:43 - 0:26:01 - Epoch 126: train_loss=0.7874987125396729, train_AUC=0.9934579052787531, train_AP=0.9907928803480686, time=0.2986757755279541
INFO - 11/05/25 18:43:43 - 0:26:01 - Epoch 126: val_AUC=0.9610168173050606, val_AP=0.9566101804509741
INFO - 11/05/25 18:43:43 - 0:26:02 - Epoch 127: train_loss=0.7845346927642822, train_AUC=0.9937806723730266, train_AP=0.9915283620754612, time=0.2981405258178711
INFO - 11/05/25 18:43:43 - 0:26:02 - Epoch 127: val_AUC=0.9610740398024215, val_AP=0.9566901199714809
INFO - 11/05/25 18:43:43 - 0:26:02 - Epoch 128: train_loss=0.7840453386306763, train_AUC=0.9937634708392175, train_AP=0.9913189313727492, time=0.29631590843200684
INFO - 11/05/25 18:43:43 - 0:26:02 - Epoch 128: val_AUC=0.9611322804936856, val_AP=0.956788794215957
INFO - 11/05/25 18:43:44 - 0:26:02 - Epoch 129: train_loss=0.7816678285598755, train_AUC=0.9939558619347076, train_AP=0.9916985761624776, time=0.2999544143676758
INFO - 11/05/25 18:43:44 - 0:26:02 - Epoch 129: val_AUC=0.9611001055663438, val_AP=0.9568213279956554
INFO - 11/05/25 18:43:44 - 0:26:03 - Epoch 130: train_loss=0.7811719179153442, train_AUC=0.9936903904304244, train_AP=0.9913238270455502, time=0.2976505756378174
INFO - 11/05/25 18:43:44 - 0:26:03 - Epoch 130: val_AUC=0.9610546941182604, val_AP=0.9568539139560778
INFO - 11/05/25 18:43:45 - 0:26:03 - Epoch 131: train_loss=0.7799115180969238, train_AUC=0.9937517094980778, train_AP=0.9911420845748291, time=0.29844236373901367
INFO - 11/05/25 18:43:45 - 0:26:03 - Epoch 131: val_AUC=0.961059581448996, val_AP=0.9569213370315673
INFO - 11/05/25 18:43:45 - 0:26:04 - Epoch 132: train_loss=0.776242733001709, train_AUC=0.9944025760934184, train_AP=0.9921720195319981, time=0.300140380859375
INFO - 11/05/25 18:43:45 - 0:26:04 - Epoch 132: val_AUC=0.9611021419541503, val_AP=0.9570216286292921
INFO - 11/05/25 18:43:45 - 0:26:04 - Epoch 133: train_loss=0.7754527926445007, train_AUC=0.9942390672095911, train_AP=0.9922127349452378, time=0.2981381416320801
INFO - 11/05/25 18:43:46 - 0:26:04 - Epoch 133: val_AUC=0.961178913774453, val_AP=0.9571311322423175
INFO - 11/05/25 18:43:46 - 0:26:04 - Epoch 134: train_loss=0.7740216255187988, train_AUC=0.9942771622956925, train_AP=0.9921768978918576, time=0.2962331771850586
INFO - 11/05/25 18:43:46 - 0:26:04 - Epoch 134: val_AUC=0.9612416345188911, val_AP=0.9572274258639979
INFO - 11/05/25 18:43:46 - 0:26:05 - Epoch 135: train_loss=0.7722357511520386, train_AUC=0.9945146700578253, train_AP=0.9925328322212701, time=0.29862499237060547
INFO - 11/05/25 18:43:46 - 0:26:05 - Epoch 135: val_AUC=0.9613055770960133, val_AP=0.9573460446238466
INFO - 11/05/25 18:43:47 - 0:26:05 - Epoch 136: train_loss=0.7709319591522217, train_AUC=0.9945640946370808, train_AP=0.9925056470446054, time=0.2969968318939209
INFO - 11/05/25 18:43:47 - 0:26:05 - Epoch 136: val_AUC=0.9613361229131097, val_AP=0.9574445463878646
INFO - 11/05/25 18:43:47 - 0:26:06 - Epoch 137: train_loss=0.7689120769500732, train_AUC=0.9944777937270501, train_AP=0.9923003840636808, time=0.298541784286499
INFO - 11/05/25 18:43:47 - 0:26:06 - Epoch 137: val_AUC=0.9613793961539965, val_AP=0.9575196112414684
INFO - 11/05/25 18:43:47 - 0:26:06 - Epoch 138: train_loss=0.7668111324310303, train_AUC=0.9949794321864868, train_AP=0.9931239375136414, time=0.29743337631225586
INFO - 11/05/25 18:43:48 - 0:26:06 - Epoch 138: val_AUC=0.9614126910946317, val_AP=0.9576113762843109
INFO - 11/05/25 18:43:48 - 0:26:06 - Epoch 139: train_loss=0.7662445306777954, train_AUC=0.9948176371333066, train_AP=0.992890086432939, time=0.2961568832397461
INFO - 11/05/25 18:43:48 - 0:26:06 - Epoch 139: val_AUC=0.9613980291024254, val_AP=0.9576476439986396
INFO - 11/05/25 18:43:48 - 0:26:07 - Epoch 140: train_loss=0.7643897533416748, train_AUC=0.9948387068063108, train_AP=0.9929043830574557, time=0.29875850677490234
INFO - 11/05/25 18:43:48 - 0:26:07 - Epoch 140: val_AUC=0.9613827561938773, val_AP=0.9576975416675038
INFO - 11/05/25 18:43:49 - 0:26:07 - Epoch 141: train_loss=0.763401985168457, train_AUC=0.9947991448108002, train_AP=0.9927733618492275, time=0.2970850467681885
INFO - 11/05/25 18:43:49 - 0:26:07 - Epoch 141: val_AUC=0.9615652165413339, val_AP=0.9579329084576871
INFO - 11/05/25 18:43:49 - 0:26:08 - Epoch 142: train_loss=0.7598975300788879, train_AUC=0.9954346343067861, train_AP=0.9938316461821284, time=0.295318603515625
INFO - 11/05/25 18:43:49 - 0:26:08 - Epoch 142: val_AUC=0.9618344270093446, val_AP=0.9582040209386624
INFO - 11/05/25 18:43:49 - 0:26:08 - Epoch 143: train_loss=0.7589898109436035, train_AUC=0.9954281109717388, train_AP=0.9938360759413827, time=0.29704809188842773
INFO - 11/05/25 18:43:50 - 0:26:08 - Epoch 143: val_AUC=0.9620443785921882, val_AP=0.958469561198696
INFO - 11/05/25 18:43:50 - 0:26:08 - Epoch 144: train_loss=0.7592592239379883, train_AUC=0.9951384392487975, train_AP=0.9931488839180825, time=0.30022668838500977
INFO - 11/05/25 18:43:50 - 0:26:09 - Epoch 144: val_AUC=0.9621820384079031, val_AP=0.9586341339890319
INFO - 11/05/25 18:43:50 - 0:26:09 - Epoch 145: train_loss=0.7568824291229248, train_AUC=0.9952920876623287, train_AP=0.9934680645585967, time=0.29558706283569336
INFO - 11/05/25 18:43:50 - 0:26:09 - Epoch 145: val_AUC=0.9623830298843983, val_AP=0.9588194307371725
INFO - 11/05/25 18:43:51 - 0:26:09 - Epoch 146: train_loss=0.7558476328849792, train_AUC=0.9952373479361094, train_AP=0.9932560150981959, time=0.29796838760375977
INFO - 11/05/25 18:43:51 - 0:26:09 - Epoch 146: val_AUC=0.9625041949588811, val_AP=0.9589208917146449
INFO - 11/05/25 18:43:51 - 0:26:10 - Epoch 147: train_loss=0.755631685256958, train_AUC=0.9952604438779037, train_AP=0.9932576642980535, time=0.29583001136779785
INFO - 11/05/25 18:43:51 - 0:26:10 - Epoch 147: val_AUC=0.9626104944023772, val_AP=0.9590192090037368
INFO - 11/05/25 18:43:52 - 0:26:10 - Epoch 148: train_loss=0.7534364461898804, train_AUC=0.9955750694400289, train_AP=0.9938427055147974, time=0.2958970069885254
INFO - 11/05/25 18:43:52 - 0:26:10 - Epoch 148: val_AUC=0.9626455202726479, val_AP=0.9590618745218373
INFO - 11/05/25 18:43:52 - 0:26:10 - Epoch 149: train_loss=0.751784086227417, train_AUC=0.9955440334481805, train_AP=0.9935899366529097, time=0.293839693069458
INFO - 11/05/25 18:43:52 - 0:26:11 - Epoch 149: val_AUC=0.9623005561782376, val_AP=0.9588911635615215
INFO - 11/05/25 18:43:52 - 0:26:11 - Epoch 150: train_loss=0.7513330578804016, train_AUC=0.9956284803354771, train_AP=0.9938688577998892, time=0.2948598861694336
INFO - 11/05/25 18:43:52 - 0:26:11 - Epoch 150: val_AUC=0.9615843585867142, val_AP=0.9582995644452817
INFO - 11/05/25 18:43:53 - 0:26:11 - Epoch 151: train_loss=0.7494560480117798, train_AUC=0.9958044319714785, train_AP=0.9941103964753268, time=0.2950093746185303
INFO - 11/05/25 18:43:53 - 0:26:11 - Epoch 151: val_AUC=0.9607374248980178, val_AP=0.957530366014865
INFO - 11/05/25 18:43:53 - 0:26:12 - Epoch 152: train_loss=0.748937726020813, train_AUC=0.9958654014395188, train_AP=0.9943645822546602, time=0.29226064682006836
INFO - 11/05/25 18:43:53 - 0:26:12 - Epoch 152: val_AUC=0.9599634957121819, val_AP=0.9568473722849871
INFO - 11/05/25 18:43:53 - 0:26:12 - Epoch 153: train_loss=0.7473556995391846, train_AUC=0.9962202242645625, train_AP=0.9948982628701333, time=0.2944812774658203
INFO - 11/05/25 18:43:54 - 0:26:12 - Epoch 153: val_AUC=0.9592408834990681, val_AP=0.9561873107564351
INFO - 11/05/25 18:43:54 - 0:26:12 - Epoch 154: train_loss=0.7482409477233887, train_AUC=0.9961418010578538, train_AP=0.9947222604248435, time=0.292863130569458
INFO - 11/05/25 18:43:54 - 0:26:12 - Epoch 154: val_AUC=0.9588704645570776, val_AP=0.9560002907424421
INFO - 11/05/25 18:43:54 - 0:26:13 - Epoch 155: train_loss=0.7475385665893555, train_AUC=0.9960902075520314, train_AP=0.9945755369916036, time=0.29293131828308105
INFO - 11/05/25 18:43:54 - 0:26:13 - Epoch 155: val_AUC=0.9586772113542468, val_AP=0.9560643657356198
INFO - 11/05/25 18:43:55 - 0:26:13 - Epoch 156: train_loss=0.7464280128479004, train_AUC=0.996170553292431, train_AP=0.994776588440407, time=0.2942929267883301
INFO - 11/05/25 18:43:55 - 0:26:13 - Epoch 156: val_AUC=0.958677007715466, val_AP=0.9561686084974487
INFO - 11/05/25 18:43:55 - 0:26:14 - Epoch 157: train_loss=0.7453990578651428, train_AUC=0.9964445791558111, train_AP=0.9951916265201396, time=0.2945711612701416
INFO - 11/05/25 18:43:55 - 0:26:14 - Epoch 157: val_AUC=0.9587700706382202, val_AP=0.9562278117324519
INFO - 11/05/25 18:43:55 - 0:26:14 - Epoch 158: train_loss=0.7449833750724792, train_AUC=0.9961793566862146, train_AP=0.9948060883803105, time=0.3153190612792969
INFO - 11/05/25 18:43:56 - 0:26:14 - Epoch 158: val_AUC=0.95867191674595, val_AP=0.9560939024835904
INFO - 11/05/25 18:43:56 - 0:26:14 - Epoch 159: train_loss=0.7433481216430664, train_AUC=0.9964842281549534, train_AP=0.9952515502023301, time=0.38039588928222656
INFO - 11/05/25 18:43:56 - 0:26:15 - Epoch 159: val_AUC=0.9583581093849783, val_AP=0.9557963390618252
INFO - 11/05/25 18:43:56 - 0:26:15 - Epoch 160: train_loss=0.7433004975318909, train_AUC=0.9965113410579445, train_AP=0.9953813140720427, time=0.35248446464538574
INFO - 11/05/25 18:43:57 - 0:26:15 - Epoch 160: val_AUC=0.9582383697819599, val_AP=0.9557713348696976
INFO - 11/05/25 18:43:57 - 0:26:15 - Epoch 161: train_loss=0.7418602705001831, train_AUC=0.9964298346820535, train_AP=0.9950917593342278, time=0.3458878993988037
INFO - 11/05/25 18:43:57 - 0:26:15 - Epoch 161: val_AUC=0.9582037511892505, val_AP=0.9558054171984178
INFO - 11/05/25 18:43:57 - 0:26:16 - Epoch 162: train_loss=0.7391314506530762, train_AUC=0.9967179114558278, train_AP=0.9956110848930523, time=0.3538813591003418
INFO - 11/05/25 18:43:57 - 0:26:16 - Epoch 162: val_AUC=0.9580508184649872, val_AP=0.955826642759714
INFO - 11/05/25 18:43:58 - 0:26:16 - Epoch 163: train_loss=0.7391928434371948, train_AUC=0.9965158210404927, train_AP=0.9952677863377041, time=0.3552548885345459
INFO - 11/05/25 18:43:58 - 0:26:16 - Epoch 163: val_AUC=0.9578697835889951, val_AP=0.9556823757804618
INFO - 11/05/25 18:43:58 - 0:26:17 - Epoch 164: train_loss=0.7377285957336426, train_AUC=0.9965429573675385, train_AP=0.9951714986912894, time=0.35112905502319336
INFO - 11/05/25 18:43:58 - 0:26:17 - Epoch 164: val_AUC=0.9577152217544866, val_AP=0.9554847999556323
INFO - 11/05/25 18:43:59 - 0:26:17 - Epoch 165: train_loss=0.7362920641899109, train_AUC=0.9965912928163118, train_AP=0.9951706105563465, time=0.37642383575439453
INFO - 11/05/25 18:43:59 - 0:26:17 - Epoch 165: val_AUC=0.9576072932007456, val_AP=0.9553839756150803
INFO - 11/05/25 18:43:59 - 0:26:18 - Epoch 166: train_loss=0.7349264621734619, train_AUC=0.9967991194832329, train_AP=0.9954098479588558, time=0.35298991203308105
INFO - 11/05/25 18:43:59 - 0:26:18 - Epoch 166: val_AUC=0.9576586101734675, val_AP=0.9554501639185258
INFO - 11/05/25 18:44:00 - 0:26:18 - Epoch 167: train_loss=0.7347224950790405, train_AUC=0.996656971047705, train_AP=0.9953615830890055, time=0.3469109535217285
INFO - 11/05/25 18:44:00 - 0:26:18 - Epoch 167: val_AUC=0.9577040216215511, val_AP=0.9555685912694186
INFO - 11/05/25 18:44:00 - 0:26:19 - Epoch 168: train_loss=0.7321940660476685, train_AUC=0.9968298322935748, train_AP=0.9957238687602792, time=0.3481121063232422
INFO - 11/05/25 18:44:00 - 0:26:19 - Epoch 168: val_AUC=0.9577015779561834, val_AP=0.9556294265226307
INFO - 11/05/25 18:44:01 - 0:26:19 - Epoch 169: train_loss=0.7328111529350281, train_AUC=0.9967202091266351, train_AP=0.9954775660202019, time=0.369335412979126
INFO - 11/05/25 18:44:01 - 0:26:19 - Epoch 169: val_AUC=0.9576516864549257, val_AP=0.9555881877360662
INFO - 11/05/25 18:44:01 - 0:26:20 - Epoch 170: train_loss=0.7305422425270081, train_AUC=0.996673410331073, train_AP=0.9953965271511557, time=0.35519933700561523
INFO - 11/05/25 18:44:01 - 0:26:20 - Epoch 170: val_AUC=0.9575464052053331, val_AP=0.9554807039632557
INFO - 11/05/25 18:44:02 - 0:26:20 - Epoch 171: train_loss=0.7305729389190674, train_AUC=0.996658114775608, train_AP=0.9953144456134346, time=0.35121679306030273
INFO - 11/05/25 18:44:02 - 0:26:20 - Epoch 171: val_AUC=0.9574741134382044, val_AP=0.955412697843433
INFO - 11/05/25 18:44:02 - 0:26:20 - Epoch 172: train_loss=0.7285411357879639, train_AUC=0.9967663034393495, train_AP=0.9954522671651932, time=0.35524630546569824
INFO - 11/05/25 18:44:02 - 0:26:21 - Epoch 172: val_AUC=0.9574504913396499, val_AP=0.9554368306624966
INFO - 11/05/25 18:44:02 - 0:26:21 - Epoch 173: train_loss=0.7267403602600098, train_AUC=0.9969077102305596, train_AP=0.9956131521527554, time=0.35338854789733887
INFO - 11/05/25 18:44:03 - 0:26:21 - Epoch 173: val_AUC=0.9574276837962178, val_AP=0.9554715907900776
INFO - 11/05/25 18:44:03 - 0:26:21 - Epoch 174: train_loss=0.7258352041244507, train_AUC=0.9968157900130956, train_AP=0.995598867521893, time=0.36417651176452637
INFO - 11/05/25 18:44:03 - 0:26:22 - Epoch 174: val_AUC=0.957455887767337, val_AP=0.9555403426790728
INFO - 11/05/25 18:44:03 - 0:26:22 - Epoch 175: train_loss=0.7258414030075073, train_AUC=0.9967808434369606, train_AP=0.9954302651172017, time=0.34561896324157715
INFO - 11/05/25 18:44:03 - 0:26:22 - Epoch 175: val_AUC=0.9574680042747854, val_AP=0.9555837935016952
INFO - 11/05/25 18:44:04 - 0:26:22 - Epoch 176: train_loss=0.7237093448638916, train_AUC=0.9968624887720932, train_AP=0.995602589449858, time=0.37053728103637695
INFO - 11/05/25 18:44:04 - 0:26:22 - Epoch 176: val_AUC=0.9575258376884881, val_AP=0.9556578276736378
INFO - 11/05/25 18:44:04 - 0:26:23 - Epoch 177: train_loss=0.7246735095977783, train_AUC=0.9967201326902461, train_AP=0.9953351674864181, time=0.3663449287414551
INFO - 11/05/25 18:44:04 - 0:26:23 - Epoch 177: val_AUC=0.9576178824173389, val_AP=0.9557453305611646
INFO - 11/05/25 18:44:05 - 0:26:23 - Epoch 178: train_loss=0.7218385338783264, train_AUC=0.9967903879466997, train_AP=0.9953385584619655, time=0.36347317695617676
INFO - 11/05/25 18:44:05 - 0:26:23 - Epoch 178: val_AUC=0.9575309286580042, val_AP=0.9556841076723638
INFO - 11/05/25 18:44:05 - 0:26:24 - Epoch 179: train_loss=0.7204709053039551, train_AUC=0.9970006598735847, train_AP=0.9957223699116445, time=0.3486359119415283
INFO - 11/05/25 18:44:05 - 0:26:24 - Epoch 179: val_AUC=0.9574508986172112, val_AP=0.9556714352824417
INFO - 11/05/25 18:44:06 - 0:26:24 - Epoch 180: train_loss=0.7202401161193848, train_AUC=0.9969517423458586, train_AP=0.9956858204538288, time=0.3540160655975342
INFO - 11/05/25 18:44:06 - 0:26:24 - Epoch 180: val_AUC=0.9573659812456828, val_AP=0.9556492891691837
INFO - 11/05/25 18:44:06 - 0:26:25 - Epoch 181: train_loss=0.717225193977356, train_AUC=0.9971412642588314, train_AP=0.9959980132615118, time=0.34697771072387695
INFO - 11/05/25 18:44:06 - 0:26:25 - Epoch 181: val_AUC=0.9572250632094774, val_AP=0.9556343245509892
INFO - 11/05/25 18:44:07 - 0:26:25 - Epoch 182: train_loss=0.71736741065979, train_AUC=0.9970398965741405, train_AP=0.9957404086963657, time=0.31683874130249023
INFO - 11/05/25 18:44:07 - 0:26:25 - Epoch 182: val_AUC=0.9571340366745298, val_AP=0.9556109112981247
INFO - 11/05/25 18:44:07 - 0:26:26 - Epoch 183: train_loss=0.7175924777984619, train_AUC=0.9969533774505478, train_AP=0.9956887953925291, time=0.3026082515716553
INFO - 11/05/25 18:44:07 - 0:26:26 - Epoch 183: val_AUC=0.9570747777893627, val_AP=0.955582803035674
INFO - 11/05/25 18:44:07 - 0:26:26 - Epoch 184: train_loss=0.7173132300376892, train_AUC=0.9970420378497555, train_AP=0.9959506073777818, time=0.30548667907714844
INFO - 11/05/25 18:44:07 - 0:26:26 - Epoch 184: val_AUC=0.9571087854657301, val_AP=0.9556297070274972
INFO - 11/05/25 18:44:08 - 0:26:26 - Epoch 185: train_loss=0.7164435386657715, train_AUC=0.9970456974620278, train_AP=0.9958840718253374, time=0.3035402297973633
INFO - 11/05/25 18:44:08 - 0:26:26 - Epoch 185: val_AUC=0.9570835342569304, val_AP=0.9556681857969929
INFO - 11/05/25 18:44:08 - 0:26:27 - Epoch 186: train_loss=0.7136962413787842, train_AUC=0.9971529581457385, train_AP=0.9957160144281672, time=0.3008871078491211
INFO - 11/05/25 18:44:08 - 0:26:27 - Epoch 186: val_AUC=0.9570476938315369, val_AP=0.955707151564477
INFO - 11/05/25 18:44:09 - 0:26:27 - Epoch 187: train_loss=0.7135735750198364, train_AUC=0.9970798204977142, train_AP=0.9959460088665907, time=0.30246973037719727
INFO - 11/05/25 18:44:09 - 0:26:27 - Epoch 187: val_AUC=0.95698853676576, val_AP=0.9557118772419052
INFO - 11/05/25 18:44:09 - 0:26:28 - Epoch 188: train_loss=0.7121002674102783, train_AUC=0.9971628055831021, train_AP=0.995869589762394, time=0.3004765510559082
INFO - 11/05/25 18:44:09 - 0:26:28 - Epoch 188: val_AUC=0.9568489423816289, val_AP=0.9556357975477444
INFO - 11/05/25 18:44:09 - 0:26:28 - Epoch 189: train_loss=0.7121270895004272, train_AUC=0.9972894332047745, train_AP=0.9963332770178632, time=0.3041574954986572
INFO - 11/05/25 18:44:09 - 0:26:28 - Epoch 189: val_AUC=0.9567540467098489, val_AP=0.9555751833988817
INFO - 11/05/25 18:44:10 - 0:26:28 - Epoch 190: train_loss=0.708897590637207, train_AUC=0.9975142053259896, train_AP=0.9965365667780746, time=0.30141329765319824
INFO - 11/05/25 18:44:10 - 0:26:28 - Epoch 190: val_AUC=0.9567173917293331, val_AP=0.9555769398621758
INFO - 11/05/25 18:44:10 - 0:26:29 - Epoch 191: train_loss=0.7087533473968506, train_AUC=0.9975750034285771, train_AP=0.9965941984412399, time=0.30408549308776855
INFO - 11/05/25 18:44:10 - 0:26:29 - Epoch 191: val_AUC=0.9566811440263786, val_AP=0.9556294827500565
INFO - 11/05/25 18:44:11 - 0:26:29 - Epoch 192: train_loss=0.7081021070480347, train_AUC=0.9974667696779334, train_AP=0.9964302426443419, time=0.30562400817871094
INFO - 11/05/25 18:44:11 - 0:26:29 - Epoch 192: val_AUC=0.956664852923927, val_AP=0.9557085855930914
INFO - 11/05/25 18:44:11 - 0:26:30 - Epoch 193: train_loss=0.7074517011642456, train_AUC=0.9974494332356589, train_AP=0.9964185936087133, time=0.30118775367736816
INFO - 11/05/25 18:44:11 - 0:26:30 - Epoch 193: val_AUC=0.9566705548097851, val_AP=0.9557389043799421
INFO - 11/05/25 18:44:11 - 0:26:30 - Epoch 194: train_loss=0.7062708139419556, train_AUC=0.997319730017995, train_AP=0.9962287360036401, time=0.3024928569793701
INFO - 11/05/25 18:44:12 - 0:26:30 - Epoch 194: val_AUC=0.9566144523257177, val_AP=0.955736773023808
INFO - 11/05/25 18:44:12 - 0:26:30 - Epoch 195: train_loss=0.7043484449386597, train_AUC=0.9974808193554825, train_AP=0.9963969193766244, time=0.3026294708251953
INFO - 11/05/25 18:44:12 - 0:26:30 - Epoch 195: val_AUC=0.9566450999622047, val_AP=0.955819709940588
INFO - 11/05/25 18:44:12 - 0:26:31 - Epoch 196: train_loss=0.7048795223236084, train_AUC=0.9973428303628072, train_AP=0.9962015394367761, time=0.30318379402160645
INFO - 11/05/25 18:44:12 - 0:26:31 - Epoch 196: val_AUC=0.95654552059847, val_AP=0.9557994499154444
INFO - 11/05/25 18:44:13 - 0:26:31 - Epoch 197: train_loss=0.7043648362159729, train_AUC=0.9974963167452834, train_AP=0.9964356464434387, time=0.30393505096435547
INFO - 11/05/25 18:44:13 - 0:26:31 - Epoch 197: val_AUC=0.956524953081625, val_AP=0.9557867369404973
INFO - 11/05/25 18:44:13 - 0:26:32 - Epoch 198: train_loss=0.7022197246551514, train_AUC=0.9975394133073608, train_AP=0.9965781499501697, time=0.30520105361938477
INFO - 11/05/25 18:44:13 - 0:26:32 - Epoch 198: val_AUC=0.9564758761354898, val_AP=0.9557476576256793
INFO - 11/05/25 18:44:13 - 0:26:32 - Epoch 199: train_loss=0.7010540962219238, train_AUC=0.9975997880157571, train_AP=0.996442515608468, time=0.3401522636413574
INFO - 11/05/25 18:44:14 - 0:26:32 - Epoch 199: val_AUC=0.9565223057774765, val_AP=0.955839286565398
INFO - 11/05/25 18:44:14 - 0:26:32 - Epoch 200: train_loss=0.7000691890716553, train_AUC=0.9976770706647357, train_AP=0.9966811399686664, time=0.33759236335754395
INFO - 11/05/25 18:44:14 - 0:26:33 - Epoch 200: val_AUC=0.9565753536798342, val_AP=0.9559568699917623
INFO - 11/05/25 18:44:14 - 0:26:33 - Epoch 201: train_loss=0.7003503441810608, train_AUC=0.9976443028779274, train_AP=0.9967050123894665, time=0.3366363048553467
INFO - 11/05/25 18:44:14 - 0:26:33 - Epoch 201: val_AUC=0.9567650432040036, val_AP=0.9561220328917692
INFO - 11/05/25 18:44:15 - 0:26:33 - Epoch 202: train_loss=0.700089156627655, train_AUC=0.9976191079294887, train_AP=0.996552257805188, time=0.3412761688232422
INFO - 11/05/25 18:44:15 - 0:26:33 - Epoch 202: val_AUC=0.9566532455134305, val_AP=0.9560682791750539
INFO - 11/05/25 18:44:15 - 0:26:34 - Epoch 203: train_loss=0.698499321937561, train_AUC=0.9977227318966196, train_AP=0.9967969690791944, time=0.2999234199523926
INFO - 11/05/25 18:44:15 - 0:26:34 - Epoch 203: val_AUC=0.956791719884268, val_AP=0.9561914046165061
INFO - 11/05/25 18:44:16 - 0:26:34 - Epoch 204: train_loss=0.6981052756309509, train_AUC=0.9976408107564522, train_AP=0.9966739015380219, time=0.2996337413787842
INFO - 11/05/25 18:44:16 - 0:26:34 - Epoch 204: val_AUC=0.9566341034680499, val_AP=0.9561356252014106
INFO - 11/05/25 18:44:16 - 0:26:35 - Epoch 205: train_loss=0.6973429918289185, train_AUC=0.9977018540190707, train_AP=0.9967229851603597, time=0.3084290027618408
INFO - 11/05/25 18:44:16 - 0:26:35 - Epoch 205: val_AUC=0.9566583364829464, val_AP=0.9561442257740227
INFO - 11/05/25 18:44:16 - 0:26:35 - Epoch 206: train_loss=0.6948085427284241, train_AUC=0.9978071717390878, train_AP=0.9967558501031855, time=0.29946041107177734
INFO - 11/05/25 18:44:17 - 0:26:35 - Epoch 206: val_AUC=0.9564718033598769, val_AP=0.9560103282204955
INFO - 11/05/25 18:44:17 - 0:26:35 - Epoch 207: train_loss=0.6949036121368408, train_AUC=0.997963889408265, train_AP=0.9971279289113996, time=0.2994227409362793
INFO - 11/05/25 18:44:17 - 0:26:35 - Epoch 207: val_AUC=0.9565752518604437, val_AP=0.9560934925108826
INFO - 11/05/25 18:44:17 - 0:26:36 - Epoch 208: train_loss=0.6952090263366699, train_AUC=0.9978277410531495, train_AP=0.9970004446108717, time=0.29982662200927734
INFO - 11/05/25 18:44:17 - 0:26:36 - Epoch 208: val_AUC=0.9564247628015483, val_AP=0.956045619224617
INFO - 11/05/25 18:44:18 - 0:26:36 - Epoch 209: train_loss=0.6952179074287415, train_AUC=0.9976335581055368, train_AP=0.9966832147357414, time=0.3013782501220703
INFO - 11/05/25 18:44:18 - 0:26:36 - Epoch 209: val_AUC=0.9565251567204056, val_AP=0.9561481988778944
INFO - 11/05/25 18:44:18 - 0:26:37 - Epoch 210: train_loss=0.6921052932739258, train_AUC=0.9980377223808599, train_AP=0.9972608353828121, time=0.3028247356414795
INFO - 11/05/25 18:44:18 - 0:26:37 - Epoch 210: val_AUC=0.956215218496266, val_AP=0.955928171377965
INFO - 11/05/25 18:44:18 - 0:26:37 - Epoch 211: train_loss=0.6919349431991577, train_AUC=0.9979099575477509, train_AP=0.9971430555454075, time=0.29508090019226074
INFO - 11/05/25 18:44:18 - 0:26:37 - Epoch 211: val_AUC=0.9562720337160656, val_AP=0.9559634604371091
INFO - 11/05/25 18:44:19 - 0:26:37 - Epoch 212: train_loss=0.6902694702148438, train_AUC=0.9979054087020043, train_AP=0.9970701844789841, time=0.2951393127441406
INFO - 11/05/25 18:44:19 - 0:26:37 - Epoch 212: val_AUC=0.9560789841520154, val_AP=0.9558590273523033
INFO - 11/05/25 18:44:19 - 0:26:38 - Epoch 213: train_loss=0.6895779967308044, train_AUC=0.9979873768664019, train_AP=0.9968238049311112, time=0.29735374450683594
INFO - 11/05/25 18:44:19 - 0:26:38 - Epoch 213: val_AUC=0.956030721761003, val_AP=0.9558568244815093
INFO - 11/05/25 18:44:20 - 0:26:38 - Epoch 214: train_loss=0.6888637542724609, train_AUC=0.9979619513759513, train_AP=0.9969866913967401, time=0.29483699798583984
INFO - 11/05/25 18:44:20 - 0:26:38 - Epoch 214: val_AUC=0.9560352018141771, val_AP=0.9558396748274355
INFO - 11/05/25 18:44:20 - 0:26:38 - Epoch 215: train_loss=0.689113199710846, train_AUC=0.9978512482368063, train_AP=0.9969490255548175, time=0.296872615814209
INFO - 11/05/25 18:44:20 - 0:26:39 - Epoch 215: val_AUC=0.9558387922102465, val_AP=0.9556961912811921
INFO - 11/05/25 18:44:20 - 0:26:39 - Epoch 216: train_loss=0.6885586977005005, train_AUC=0.9978057430478731, train_AP=0.9967789734359558, time=0.29535484313964844
INFO - 11/05/25 18:44:20 - 0:26:39 - Epoch 216: val_AUC=0.9559653537124165, val_AP=0.9558148787975662
INFO - 11/05/25 18:44:21 - 0:26:39 - Epoch 217: train_loss=0.686582624912262, train_AUC=0.9982781475825852, train_AP=0.9977217228119878, time=0.2966585159301758
INFO - 11/05/25 18:44:21 - 0:26:39 - Epoch 217: val_AUC=0.9556977723546506, val_AP=0.9556286377936302
INFO - 11/05/25 18:44:21 - 0:26:40 - Epoch 218: train_loss=0.6869339942932129, train_AUC=0.9979447327584332, train_AP=0.9970012266604994, time=0.29847121238708496
INFO - 11/05/25 18:44:21 - 0:26:40 - Epoch 218: val_AUC=0.955834821254024, val_AP=0.9557215875062953
INFO - 11/05/25 18:44:22 - 0:26:40 - Epoch 219: train_loss=0.686461329460144, train_AUC=0.9979776632807793, train_AP=0.9973098713320048, time=0.2924380302429199
INFO - 11/05/25 18:44:22 - 0:26:40 - Epoch 219: val_AUC=0.9556983832709927, val_AP=0.9556123796418773
INFO - 11/05/25 18:44:22 - 0:26:40 - Epoch 220: train_loss=0.6857315301895142, train_AUC=0.9977843179632723, train_AP=0.9968062653751062, time=0.2965514659881592
INFO - 11/05/25 18:44:22 - 0:26:41 - Epoch 220: val_AUC=0.9562237713250532, val_AP=0.9559168615663599
INFO - 11/05/25 18:44:22 - 0:26:41 - Epoch 221: train_loss=0.6855902075767517, train_AUC=0.9979182959828551, train_AP=0.9968668191227845, time=0.29225969314575195
INFO - 11/05/25 18:44:22 - 0:26:41 - Epoch 221: val_AUC=0.9575449797338684, val_AP=0.9570058154274276
INFO - 11/05/25 18:44:23 - 0:26:41 - Epoch 222: train_loss=0.6866720914840698, train_AUC=0.9978304867750478, train_AP=0.9968596441522273, time=0.29289674758911133
INFO - 11/05/25 18:44:23 - 0:26:41 - Epoch 222: val_AUC=0.9579858576939618, val_AP=0.9575333928259742
INFO - 11/05/25 18:44:23 - 0:26:42 - Epoch 223: train_loss=0.6858614683151245, train_AUC=0.9979345542141314, train_AP=0.9971080912648119, time=0.29319238662719727
INFO - 11/05/25 18:44:23 - 0:26:42 - Epoch 223: val_AUC=0.9590567940413662, val_AP=0.9584149568656779
INFO - 11/05/25 18:44:23 - 0:26:42 - Epoch 224: train_loss=0.686326801776886, train_AUC=0.9980263650606332, train_AP=0.9972848820550917, time=0.2943253517150879
INFO - 11/05/25 18:44:24 - 0:26:42 - Epoch 224: val_AUC=0.9592893495288614, val_AP=0.9585998245400865
INFO - 11/05/25 18:44:24 - 0:26:42 - Epoch 225: train_loss=0.6864628791809082, train_AUC=0.997819533651855, train_AP=0.9967340946884922, time=0.2919299602508545
INFO - 11/05/25 18:44:24 - 0:26:42 - Epoch 225: val_AUC=0.9591154420101917, val_AP=0.9585221418888502
INFO - 11/05/25 18:44:24 - 0:26:43 - Epoch 226: train_loss=0.686476469039917, train_AUC=0.997939566961833, train_AP=0.9967937879571092, time=0.29276251792907715
INFO - 11/05/25 18:44:24 - 0:26:43 - Epoch 226: val_AUC=0.9595553017763819, val_AP=0.9589728205861523
INFO - 11/05/25 18:44:25 - 0:26:43 - Epoch 227: train_loss=0.6863335967063904, train_AUC=0.9981011871271461, train_AP=0.9972226894871656, time=0.2943105697631836
INFO - 11/05/25 18:44:25 - 0:26:43 - Epoch 227: val_AUC=0.9595618182173624, val_AP=0.9591132388080214
INFO - 11/05/25 18:44:25 - 0:26:44 - Epoch 228: train_loss=0.686314582824707, train_AUC=0.9979529863033543, train_AP=0.9970019926212476, time=0.30446958541870117
INFO - 11/05/25 18:44:25 - 0:26:44 - Epoch 228: val_AUC=0.959303196965945, val_AP=0.95904523404931
INFO - 11/05/25 18:44:25 - 0:26:44 - Epoch 229: train_loss=0.6868177652359009, train_AUC=0.9980107206100379, train_AP=0.9972179734854548, time=0.29532957077026367
INFO - 11/05/25 18:44:26 - 0:26:44 - Epoch 229: val_AUC=0.9597145473028451, val_AP=0.959322399462743
INFO - 11/05/25 18:44:26 - 0:26:44 - Epoch 230: train_loss=0.686015248298645, train_AUC=0.9979776106206865, train_AP=0.9970881447237464, time=0.29320478439331055
INFO - 11/05/25 18:44:26 - 0:26:44 - Epoch 230: val_AUC=0.9594556205932567, val_AP=0.9591404113106258
INFO - 11/05/25 18:44:26 - 0:26:45 - Epoch 231: train_loss=0.6846993565559387, train_AUC=0.9980461240432996, train_AP=0.9971715504643026, time=0.295166015625
INFO - 11/05/25 18:44:26 - 0:26:45 - Epoch 231: val_AUC=0.9593072697415579, val_AP=0.9590754207866583
INFO - 11/05/25 18:44:27 - 0:26:45 - Epoch 232: train_loss=0.683937668800354, train_AUC=0.9982113694773462, train_AP=0.9974680109783676, time=0.2942624092102051
INFO - 11/05/25 18:44:27 - 0:26:45 - Epoch 232: val_AUC=0.9595722037951752, val_AP=0.9592989967581234
INFO - 11/05/25 18:44:27 - 0:26:46 - Epoch 233: train_loss=0.6835833787918091, train_AUC=0.998254145499728, train_AP=0.9975862909317974, time=0.2973053455352783
INFO - 11/05/25 18:44:27 - 0:26:46 - Epoch 233: val_AUC=0.9593457574710996, val_AP=0.9591604007421706
INFO - 11/05/25 18:44:27 - 0:26:46 - Epoch 234: train_loss=0.6827709674835205, train_AUC=0.9982009711343959, train_AP=0.9974270468517447, time=0.2953622341156006
INFO - 11/05/25 18:44:27 - 0:26:46 - Epoch 234: val_AUC=0.9592076903778233, val_AP=0.9590406971176718
INFO - 11/05/25 18:44:28 - 0:26:46 - Epoch 235: train_loss=0.6818820238113403, train_AUC=0.9983008863515759, train_AP=0.9976949277131218, time=0.29483532905578613
INFO - 11/05/25 18:44:28 - 0:26:46 - Epoch 235: val_AUC=0.9594388203938538, val_AP=0.959257612169121
INFO - 11/05/25 18:44:28 - 0:26:47 - Epoch 236: train_loss=0.6817879676818848, train_AUC=0.9980236038401122, train_AP=0.9969780798376162, time=0.2923464775085449
INFO - 11/05/25 18:44:28 - 0:26:47 - Epoch 236: val_AUC=0.9592720402325067, val_AP=0.9591736367250647
INFO - 11/05/25 18:44:29 - 0:26:47 - Epoch 237: train_loss=0.6810308694839478, train_AUC=0.9980863676259653, train_AP=0.9972805120944932, time=0.29374217987060547
INFO - 11/05/25 18:44:29 - 0:26:47 - Epoch 237: val_AUC=0.9590944672157854, val_AP=0.9590305188035593
INFO - 11/05/25 18:44:29 - 0:26:47 - Epoch 238: train_loss=0.6802574396133423, train_AUC=0.9981690138551036, train_AP=0.9973422096848377, time=0.30144286155700684
INFO - 11/05/25 18:44:29 - 0:26:48 - Epoch 238: val_AUC=0.9592993278291129, val_AP=0.9591989385561513
INFO - 11/05/25 18:44:29 - 0:26:48 - Epoch 239: train_loss=0.6781638860702515, train_AUC=0.9983050269495123, train_AP=0.9974993950490538, time=0.2950303554534912
INFO - 11/05/25 18:44:29 - 0:26:48 - Epoch 239: val_AUC=0.9590233972813409, val_AP=0.9589558489599865
INFO - 11/05/25 18:44:30 - 0:26:48 - Epoch 240: train_loss=0.6768199801445007, train_AUC=0.998210765031063, train_AP=0.9974122201977829, time=0.2951838970184326
INFO - 11/05/25 18:44:30 - 0:26:48 - Epoch 240: val_AUC=0.9588262749416778, val_AP=0.9587583676131078
INFO - 11/05/25 18:44:30 - 0:26:49 - Epoch 241: train_loss=0.6765901446342468, train_AUC=0.9984087454934655, train_AP=0.9979178328463394, time=0.2964661121368408
INFO - 11/05/25 18:44:30 - 0:26:49 - Epoch 241: val_AUC=0.9589323707463933, val_AP=0.9588116713529868
INFO - 11/05/25 18:44:30 - 0:26:49 - Epoch 242: train_loss=0.6753461360931396, train_AUC=0.9982915984497139, train_AP=0.997480136935505, time=0.29505443572998047
INFO - 11/05/25 18:44:31 - 0:26:49 - Epoch 242: val_AUC=0.9585542135307379, val_AP=0.9585105496498068
INFO - 11/05/25 18:44:31 - 0:26:49 - Epoch 243: train_loss=0.6753365993499756, train_AUC=0.9982193641248208, train_AP=0.9973371386911396, time=0.29335689544677734
INFO - 11/05/25 18:44:31 - 0:26:49 - Epoch 243: val_AUC=0.9586322071837244, val_AP=0.9585121247377186
INFO - 11/05/25 18:44:31 - 0:26:50 - Epoch 244: train_loss=0.6739798784255981, train_AUC=0.9982715851487396, train_AP=0.997254925157735, time=0.29207849502563477
INFO - 11/05/25 18:44:31 - 0:26:50 - Epoch 244: val_AUC=0.9585389406221898, val_AP=0.9583802515701966
INFO - 11/05/25 18:44:32 - 0:26:50 - Epoch 245: train_loss=0.6737053394317627, train_AUC=0.9983005260085993, train_AP=0.9973511051461726, time=0.2940058708190918
INFO - 11/05/25 18:44:32 - 0:26:50 - Epoch 245: val_AUC=0.9583395782559397, val_AP=0.9582091619944892
INFO - 11/05/25 18:44:32 - 0:26:51 - Epoch 246: train_loss=0.6719675064086914, train_AUC=0.9984500466810061, train_AP=0.9977967796896767, time=0.29534125328063965
INFO - 11/05/25 18:44:32 - 0:26:51 - Epoch 246: val_AUC=0.958322879875927, val_AP=0.9581646777211148
INFO - 11/05/25 18:44:32 - 0:26:51 - Epoch 247: train_loss=0.6714595556259155, train_AUC=0.9983685473499434, train_AP=0.9975874942929585, time=0.2959442138671875
INFO - 11/05/25 18:44:33 - 0:26:51 - Epoch 247: val_AUC=0.9582467189719662, val_AP=0.9581360774886691
INFO - 11/05/25 18:44:33 - 0:26:51 - Epoch 248: train_loss=0.6713129281997681, train_AUC=0.998388089175772, train_AP=0.9975601275434, time=0.2958674430847168
INFO - 11/05/25 18:44:33 - 0:26:51 - Epoch 248: val_AUC=0.9581791108967928, val_AP=0.9581126267074408
INFO - 11/05/25 18:44:33 - 0:26:52 - Epoch 249: train_loss=0.6705175638198853, train_AUC=0.9984368830667584, train_AP=0.9977870489712584, time=0.29987621307373047
INFO - 11/05/25 18:44:33 - 0:26:52 - Epoch 249: val_AUC=0.9582294096756114, val_AP=0.9581059483572585
INFO - 11/05/25 18:44:34 - 0:26:52 - Epoch 250: train_loss=0.6712455749511719, train_AUC=0.9982570083418997, train_AP=0.9976284607913635, time=0.2972409725189209
INFO - 11/05/25 18:44:34 - 0:26:52 - Epoch 250: val_AUC=0.9581145574033285, val_AP=0.9580002572250189
INFO - 11/05/25 18:44:34 - 0:26:53 - Epoch 251: train_loss=0.6682673096656799, train_AUC=0.9985090402507797, train_AP=0.9977437669574538, time=0.3017699718475342
INFO - 11/05/25 18:44:34 - 0:26:53 - Epoch 251: val_AUC=0.9581813509233796, val_AP=0.9581159418200652
INFO - 11/05/25 18:44:34 - 0:26:53 - Epoch 252: train_loss=0.6687389612197876, train_AUC=0.99836786118365, train_AP=0.9975626666984373, time=0.29977941513061523
INFO - 11/05/25 18:44:34 - 0:26:53 - Epoch 252: val_AUC=0.9581489723572574, val_AP=0.9580674260727629
INFO - 11/05/25 18:44:35 - 0:26:53 - Epoch 253: train_loss=0.6689423322677612, train_AUC=0.998331099683579, train_AP=0.9975411138008126, time=0.30045318603515625
INFO - 11/05/25 18:44:35 - 0:26:53 - Epoch 253: val_AUC=0.9580086652373938, val_AP=0.9579388410805136
INFO - 11/05/25 18:44:35 - 0:26:54 - Epoch 254: train_loss=0.66656893491745, train_AUC=0.9985939617833948, train_AP=0.9979774838795006, time=0.30318284034729004
INFO - 11/05/25 18:44:35 - 0:26:54 - Epoch 254: val_AUC=0.9579561264319878, val_AP=0.9579072669454983
INFO - 11/05/25 18:44:36 - 0:26:54 - Epoch 255: train_loss=0.6674514412879944, train_AUC=0.9982640084357143, train_AP=0.9975216682357371, time=0.302534818649292
INFO - 11/05/25 18:44:36 - 0:26:54 - Epoch 255: val_AUC=0.9578414777984856, val_AP=0.9578161099658119
INFO - 11/05/25 18:44:36 - 0:26:55 - Epoch 256: train_loss=0.6654386520385742, train_AUC=0.9985157626022315, train_AP=0.9979340792860634, time=0.3025510311126709
INFO - 11/05/25 18:44:36 - 0:26:55 - Epoch 256: val_AUC=0.957576747383649, val_AP=0.9576247785967129
INFO - 11/05/25 18:44:36 - 0:26:55 - Epoch 257: train_loss=0.6654306650161743, train_AUC=0.9984819433747734, train_AP=0.9977550595838873, time=0.30306506156921387
INFO - 11/05/25 18:44:36 - 0:26:55 - Epoch 257: val_AUC=0.957646391846629, val_AP=0.9576444353631952
INFO - 11/05/25 18:44:37 - 0:26:55 - Epoch 258: train_loss=0.6643590927124023, train_AUC=0.9985018340957322, train_AP=0.9978475899018977, time=0.3008153438568115
INFO - 11/05/25 18:44:37 - 0:26:55 - Epoch 258: val_AUC=0.9574591459878273, val_AP=0.9574743185990566
INFO - 11/05/25 18:44:37 - 0:26:56 - Epoch 259: train_loss=0.6641093492507935, train_AUC=0.9985691572945744, train_AP=0.9980066393508672, time=0.29978156089782715
INFO - 11/05/25 18:44:37 - 0:26:56 - Epoch 259: val_AUC=0.9573918433708246, val_AP=0.9574104441367122
INFO - 11/05/25 18:44:38 - 0:26:56 - Epoch 260: train_loss=0.6638424396514893, train_AUC=0.9984931411296349, train_AP=0.9978238294737927, time=0.3040182590484619
INFO - 11/05/25 18:44:38 - 0:26:56 - Epoch 260: val_AUC=0.9574813426149175, val_AP=0.9574680772482833
INFO - 11/05/25 18:44:38 - 0:26:56 - Epoch 261: train_loss=0.6624420285224915, train_AUC=0.9986695387032788, train_AP=0.9981940588370044, time=0.30074310302734375
INFO - 11/05/25 18:44:38 - 0:26:57 - Epoch 261: val_AUC=0.9572128448826389, val_AP=0.9573357506267389
INFO - 11/05/25 18:44:38 - 0:26:57 - Epoch 262: train_loss=0.6627681851387024, train_AUC=0.9985078510837331, train_AP=0.9977396011794816, time=0.3005485534667969
INFO - 11/05/25 18:44:38 - 0:26:57 - Epoch 262: val_AUC=0.9574321638493921, val_AP=0.9574545565486042
INFO - 11/05/25 18:44:39 - 0:26:57 - Epoch 263: train_loss=0.6616783142089844, train_AUC=0.9986167384183386, train_AP=0.9979284906147399, time=0.3097810745239258
INFO - 11/05/25 18:44:39 - 0:26:57 - Epoch 263: val_AUC=0.9571892227840844, val_AP=0.9572420503181529
INFO - 11/05/25 18:44:39 - 0:26:58 - Epoch 264: train_loss=0.6611455678939819, train_AUC=0.9985829480746772, train_AP=0.9979921127661409, time=0.2999842166900635
INFO - 11/05/25 18:44:39 - 0:26:58 - Epoch 264: val_AUC=0.9571038981349946, val_AP=0.9571729914402216
INFO - 11/05/25 18:44:40 - 0:26:58 - Epoch 265: train_loss=0.6613801121711731, train_AUC=0.9982486854054182, train_AP=0.9972821702642961, time=0.30062103271484375
INFO - 11/05/25 18:44:40 - 0:26:58 - Epoch 265: val_AUC=0.957091068891814, val_AP=0.9571525591005262
INFO - 11/05/25 18:44:40 - 0:26:58 - Epoch 266: train_loss=0.6605074405670166, train_AUC=0.9987343562327531, train_AP=0.9981875754762093, time=0.29882383346557617
INFO - 11/05/25 18:44:40 - 0:26:59 - Epoch 266: val_AUC=0.9568368258741806, val_AP=0.9569556912345553
INFO - 11/05/25 18:44:40 - 0:26:59 - Epoch 267: train_loss=0.659534215927124, train_AUC=0.9984715848351039, train_AP=0.9977268672023543, time=0.2993314266204834
INFO - 11/05/25 18:44:40 - 0:26:59 - Epoch 267: val_AUC=0.9570835342569303, val_AP=0.9570940070938315
INFO - 11/05/25 18:44:41 - 0:26:59 - Epoch 268: train_loss=0.6592283248901367, train_AUC=0.998526707447751, train_AP=0.9977853164692634, time=0.3089292049407959
INFO - 11/05/25 18:44:41 - 0:26:59 - Epoch 268: val_AUC=0.9567823525003585, val_AP=0.956894850511153
INFO - 11/05/25 18:44:41 - 0:27:00 - Epoch 269: train_loss=0.6574167609214783, train_AUC=0.9988018576657557, train_AP=0.9983463632761985, time=0.302013635635376
INFO - 11/05/25 18:44:41 - 0:27:00 - Epoch 269: val_AUC=0.9567709487286424, val_AP=0.9568779425139924
INFO - 11/05/25 18:44:42 - 0:27:00 - Epoch 270: train_loss=0.657680332660675, train_AUC=0.9985456455317792, train_AP=0.9979825990607014, time=0.29727792739868164
INFO - 11/05/25 18:44:42 - 0:27:00 - Epoch 270: val_AUC=0.9566609837870949, val_AP=0.9567861118009126
INFO - 11/05/25 18:44:42 - 0:27:00 - Epoch 271: train_loss=0.6571219563484192, train_AUC=0.9985566104550598, train_AP=0.9975698244990279, time=0.29718637466430664
INFO - 11/05/25 18:44:42 - 0:27:01 - Epoch 271: val_AUC=0.9565504079292054, val_AP=0.9567127300625249
INFO - 11/05/25 18:44:42 - 0:27:01 - Epoch 272: train_loss=0.6574967503547668, train_AUC=0.9985375358774798, train_AP=0.9977498249058628, time=0.29763269424438477
INFO - 11/05/25 18:44:42 - 0:27:01 - Epoch 272: val_AUC=0.9566652602014882, val_AP=0.9567914720130898
INFO - 11/05/25 18:44:43 - 0:27:01 - Epoch 273: train_loss=0.6562669277191162, train_AUC=0.9985503652146163, train_AP=0.9975615644227205, time=0.29756617546081543
INFO - 11/05/25 18:44:43 - 0:27:01 - Epoch 273: val_AUC=0.9563392345136781, val_AP=0.9565587523443008
INFO - 11/05/25 18:44:43 - 0:27:02 - Epoch 274: train_loss=0.6553771495819092, train_AUC=0.9986929844208071, train_AP=0.9980367178709227, time=0.2990131378173828
INFO - 11/05/25 18:44:43 - 0:27:02 - Epoch 274: val_AUC=0.9565377823248056, val_AP=0.9566650976034665
INFO - 11/05/25 18:44:43 - 0:27:02 - Epoch 275: train_loss=0.6553710103034973, train_AUC=0.9986829356774698, train_AP=0.9982163464396812, time=0.29672861099243164
INFO - 11/05/25 18:44:44 - 0:27:02 - Epoch 275: val_AUC=0.9561417048964538, val_AP=0.9563968061262291
INFO - 11/05/25 18:44:44 - 0:27:02 - Epoch 276: train_loss=0.6547791361808777, train_AUC=0.9985745934364675, train_AP=0.9977788743636706, time=0.2971372604370117
INFO - 11/05/25 18:44:44 - 0:27:03 - Epoch 276: val_AUC=0.9562148112187047, val_AP=0.9564358218225638
INFO - 11/05/25 18:44:44 - 0:27:03 - Epoch 277: train_loss=0.6545358300209045, train_AUC=0.9985948594706633, train_AP=0.9979315775545289, time=0.29744744300842285
INFO - 11/05/25 18:44:44 - 0:27:03 - Epoch 277: val_AUC=0.9561360030105958, val_AP=0.9563757761063933
INFO - 11/05/25 18:44:45 - 0:27:03 - Epoch 278: train_loss=0.6531867980957031, train_AUC=0.9987774656516426, train_AP=0.9981726547777241, time=0.29714274406433105
INFO - 11/05/25 18:44:45 - 0:27:03 - Epoch 278: val_AUC=0.9560818350949445, val_AP=0.9563223606183482
INFO - 11/05/25 18:44:45 - 0:27:04 - Epoch 279: train_loss=0.6528359055519104, train_AUC=0.9986124548103842, train_AP=0.9977878073588544, time=0.29201412200927734
INFO - 11/05/25 18:44:45 - 0:27:04 - Epoch 279: val_AUC=0.9560262417078288, val_AP=0.9562719154799151
INFO - 11/05/25 18:44:45 - 0:27:04 - Epoch 280: train_loss=0.6531186103820801, train_AUC=0.9986132596820375, train_AP=0.9979170354725142, time=0.29743170738220215
INFO - 11/05/25 18:44:46 - 0:27:04 - Epoch 280: val_AUC=0.9558914328350427, val_AP=0.9561911391768374
INFO - 11/05/25 18:44:46 - 0:27:04 - Epoch 281: train_loss=0.6521390080451965, train_AUC=0.9985628581611932, train_AP=0.9979418153986332, time=0.29245758056640625
INFO - 11/05/25 18:44:46 - 0:27:04 - Epoch 281: val_AUC=0.9560225762097773, val_AP=0.9562529401512474
INFO - 11/05/25 18:44:46 - 0:27:05 - Epoch 282: train_loss=0.6521530747413635, train_AUC=0.9986719806169491, train_AP=0.9981021164084268, time=0.293532133102417
INFO - 11/05/25 18:44:46 - 0:27:05 - Epoch 282: val_AUC=0.9557144707346636, val_AP=0.9560616271402075
INFO - 11/05/25 18:44:47 - 0:27:05 - Epoch 283: train_loss=0.6516116857528687, train_AUC=0.9985978919170806, train_AP=0.9977392273076302, time=0.29141998291015625
INFO - 11/05/25 18:44:47 - 0:27:05 - Epoch 283: val_AUC=0.9559836812026744, val_AP=0.9562065210698973
INFO - 11/05/25 18:44:47 - 0:27:06 - Epoch 284: train_loss=0.6516661643981934, train_AUC=0.9986572231102588, train_AP=0.9980944087842163, time=0.2979927062988281
INFO - 11/05/25 18:44:47 - 0:27:06 - Epoch 284: val_AUC=0.9552888656831185, val_AP=0.9557705740432866
INFO - 11/05/25 18:44:47 - 0:27:06 - Epoch 285: train_loss=0.6509137153625488, train_AUC=0.9987274542381751, train_AP=0.9982167640218086, time=0.29710888862609863
INFO - 11/05/25 18:44:47 - 0:27:06 - Epoch 285: val_AUC=0.9559132221845716, val_AP=0.9561177828973032
INFO - 11/05/25 18:44:48 - 0:27:06 - Epoch 286: train_loss=0.6498602628707886, train_AUC=0.9988018455134265, train_AP=0.9982512553208248, time=0.29730868339538574
INFO - 11/05/25 18:44:48 - 0:27:06 - Epoch 286: val_AUC=0.955347208193773, val_AP=0.9557968445854831
INFO - 11/05/25 18:44:48 - 0:27:07 - Epoch 287: train_loss=0.6511879563331604, train_AUC=0.9985936331421464, train_AP=0.9976290568031844, time=0.29879188537597656
INFO - 11/05/25 18:44:48 - 0:27:07 - Epoch 287: val_AUC=0.9555831237211484, val_AP=0.9559533668911746
INFO - 11/05/25 18:44:49 - 0:27:07 - Epoch 288: train_loss=0.6492425203323364, train_AUC=0.9986876912889321, train_AP=0.9979465002537722, time=0.2999427318572998
INFO - 11/05/25 18:44:49 - 0:27:07 - Epoch 288: val_AUC=0.9555201993379298, val_AP=0.9558848072495711
INFO - 11/05/25 18:44:49 - 0:27:07 - Epoch 289: train_loss=0.6493600606918335, train_AUC=0.9986758663682154, train_AP=0.9978131067968103, time=0.29764842987060547
INFO - 11/05/25 18:44:49 - 0:27:08 - Epoch 289: val_AUC=0.9551373584303198, val_AP=0.955636856596888
INFO - 11/05/25 18:44:49 - 0:27:08 - Epoch 290: train_loss=0.6484574675559998, train_AUC=0.9987133175569942, train_AP=0.9979610889975274, time=0.2987511157989502
INFO - 11/05/25 18:44:49 - 0:27:08 - Epoch 290: val_AUC=0.9555397486608714, val_AP=0.9558921229286235
INFO - 11/05/25 18:44:50 - 0:27:08 - Epoch 291: train_loss=0.6485017538070679, train_AUC=0.9987161973067542, train_AP=0.9980734140847874, time=0.3088810443878174
INFO - 11/05/25 18:44:50 - 0:27:08 - Epoch 291: val_AUC=0.9550742304083202, val_AP=0.9556324876204847
INFO - 11/05/25 18:44:50 - 0:27:09 - Epoch 292: train_loss=0.6470507383346558, train_AUC=0.9989288012479851, train_AP=0.9984986618468514, time=0.29776453971862793
INFO - 11/05/25 18:44:50 - 0:27:09 - Epoch 292: val_AUC=0.9554281546090787, val_AP=0.9558532392170087
INFO - 11/05/25 18:44:51 - 0:27:09 - Epoch 293: train_loss=0.6472505331039429, train_AUC=0.9987399998448447, train_AP=0.9980825047183008, time=0.29665684700012207
INFO - 11/05/25 18:44:51 - 0:27:09 - Epoch 293: val_AUC=0.955214333889403, val_AP=0.9557313036742107
INFO - 11/05/25 18:44:51 - 0:27:09 - Epoch 294: train_loss=0.6469558477401733, train_AUC=0.9986809021877303, train_AP=0.9979559089847924, time=0.2994565963745117
INFO - 11/05/25 18:44:51 - 0:27:10 - Epoch 294: val_AUC=0.9549654872994565, val_AP=0.9554921853357139
INFO - 11/05/25 18:44:51 - 0:27:10 - Epoch 295: train_loss=0.6462957859039307, train_AUC=0.9986738603533071, train_AP=0.9980763264541975, time=0.30350255966186523
INFO - 11/05/25 18:44:51 - 0:27:10 - Epoch 295: val_AUC=0.9552355123225899, val_AP=0.955609816962531
INFO - 11/05/25 18:44:52 - 0:27:10 - Epoch 296: train_loss=0.6451658010482788, train_AUC=0.9988028585597614, train_AP=0.9982752864627081, time=0.29726624488830566
INFO - 11/05/25 18:44:52 - 0:27:10 - Epoch 296: val_AUC=0.9546474035240913, val_AP=0.9552571910273081
INFO - 11/05/25 18:44:52 - 0:27:11 - Epoch 297: train_loss=0.6469292640686035, train_AUC=0.9987377174965394, train_AP=0.9981555767991465, time=0.2960779666900635
INFO - 11/05/25 18:44:52 - 0:27:11 - Epoch 297: val_AUC=0.9551149581644489, val_AP=0.9555430818946594
INFO - 11/05/25 18:44:53 - 0:27:11 - Epoch 298: train_loss=0.646140456199646, train_AUC=0.9987480538449992, train_AP=0.9980953987977886, time=0.2977180480957031
INFO - 11/05/25 18:44:53 - 0:27:11 - Epoch 298: val_AUC=0.9547009605234004, val_AP=0.9552553865239658
INFO - 11/05/25 18:44:53 - 0:27:11 - Epoch 299: train_loss=0.6446808576583862, train_AUC=0.9987685671526746, train_AP=0.9982973130568631, time=0.2971005439758301
INFO - 11/05/25 18:44:53 - 0:27:12 - Epoch 299: val_AUC=0.9548512459435156, val_AP=0.9554067424704407
INFO - 11/05/25 18:44:53 - 0:27:12 - Epoch 300: train_loss=0.6445733904838562, train_AUC=0.9988343242861467, train_AP=0.9983589175615883, time=0.2956075668334961
INFO - 11/05/25 18:44:53 - 0:27:12 - Epoch 300: val_AUC=0.9548345475635027, val_AP=0.9553747465921205
INFO - 11/05/25 18:44:54 - 0:27:12 - Epoch 301: train_loss=0.6449588537216187, train_AUC=0.9986444481944223, train_AP=0.9980373263566688, time=0.2979295253753662
INFO - 11/05/25 18:44:54 - 0:27:12 - Epoch 301: val_AUC=0.9543600692046033, val_AP=0.9550369987757742
INFO - 11/05/25 18:44:54 - 0:27:13 - Epoch 302: train_loss=0.6436358690261841, train_AUC=0.998674050563676, train_AP=0.9978996811299325, time=0.29984283447265625
INFO - 11/05/25 18:44:54 - 0:27:13 - Epoch 302: val_AUC=0.9547331354507423, val_AP=0.9552791799767678
INFO - 11/05/25 18:44:54 - 0:27:13 - Epoch 303: train_loss=0.6439368724822998, train_AUC=0.9985933966120304, train_AP=0.9979649876357664, time=0.2969808578491211
INFO - 11/05/25 18:44:55 - 0:27:13 - Epoch 303: val_AUC=0.9543327816079968, val_AP=0.9550262174114805
INFO - 11/05/25 18:44:55 - 0:27:13 - Epoch 304: train_loss=0.6435871124267578, train_AUC=0.9986850972069667, train_AP=0.9979610166492351, time=0.2969174385070801
INFO - 11/05/25 18:44:55 - 0:27:13 - Epoch 304: val_AUC=0.9545740935630596, val_AP=0.9551801671964886
INFO - 11/05/25 18:44:55 - 0:27:14 - Epoch 305: train_loss=0.6424964666366577, train_AUC=0.9987003043498345, train_AP=0.9980607659478649, time=0.2981142997741699
INFO - 11/05/25 18:44:55 - 0:27:14 - Epoch 305: val_AUC=0.9542627298674556, val_AP=0.9549465216535602
INFO - 11/05/25 18:44:56 - 0:27:14 - Epoch 306: train_loss=0.6417773962020874, train_AUC=0.998818400684223, train_AP=0.9980141204911751, time=0.2936277389526367
INFO - 11/05/25 18:44:56 - 0:27:14 - Epoch 306: val_AUC=0.9540603129194958, val_AP=0.9547823413383557
INFO - 11/05/25 18:44:56 - 0:27:15 - Epoch 307: train_loss=0.6408135890960693, train_AUC=0.9989466935272262, train_AP=0.9983583479004021, time=0.3009979724884033
INFO - 11/05/25 18:44:56 - 0:27:15 - Epoch 307: val_AUC=0.9540460582048509, val_AP=0.9547686275241277
INFO - 11/05/25 18:44:56 - 0:27:15 - Epoch 308: train_loss=0.6412056684494019, train_AUC=0.998803891859978, train_AP=0.9982277520040899, time=0.3003695011138916
INFO - 11/05/25 18:44:57 - 0:27:15 - Epoch 308: val_AUC=0.9537434509768145, val_AP=0.9545632817787864
INFO - 11/05/25 18:44:57 - 0:27:15 - Epoch 309: train_loss=0.6407287120819092, train_AUC=0.9988500411223545, train_AP=0.9983536495474163, time=0.30124855041503906
INFO - 11/05/25 18:44:57 - 0:27:15 - Epoch 309: val_AUC=0.9539751919091869, val_AP=0.9546790225202196
INFO - 11/05/25 18:44:57 - 0:27:16 - Epoch 310: train_loss=0.6400243043899536, train_AUC=0.9988444265701804, train_AP=0.9981206168067488, time=0.2996358871459961
INFO - 11/05/25 18:44:57 - 0:27:16 - Epoch 310: val_AUC=0.9534090760989976, val_AP=0.9542971771731581
INFO - 11/05/25 18:44:58 - 0:27:16 - Epoch 311: train_loss=0.6398661136627197, train_AUC=0.9989154497129379, train_AP=0.9984566681882637, time=0.2980475425720215
INFO - 11/05/25 18:44:58 - 0:27:16 - Epoch 311: val_AUC=0.9537422291441306, val_AP=0.9544180019259705
INFO - 11/05/25 18:44:58 - 0:27:17 - Epoch 312: train_loss=0.639725923538208, train_AUC=0.9989031198541403, train_AP=0.9984461014990198, time=0.2977879047393799
INFO - 11/05/25 18:44:58 - 0:27:17 - Epoch 312: val_AUC=0.9532290594169088, val_AP=0.9540661027914651
INFO - 11/05/25 18:44:58 - 0:27:17 - Epoch 313: train_loss=0.6384512186050415, train_AUC=0.9990243342296121, train_AP=0.9986286521499141, time=0.29897046089172363
INFO - 11/05/25 18:44:59 - 0:27:17 - Epoch 313: val_AUC=0.9532209138656831, val_AP=0.9540643209843219
INFO - 11/05/25 18:44:59 - 0:27:17 - Epoch 314: train_loss=0.6379996538162231, train_AUC=0.9988249844286747, train_AP=0.9980589826147483, time=0.29706883430480957
INFO - 11/05/25 18:44:59 - 0:27:17 - Epoch 314: val_AUC=0.9531447529617223, val_AP=0.9540116982502386
INFO - 11/05/25 18:44:59 - 0:27:18 - Epoch 315: train_loss=0.637997031211853, train_AUC=0.9989641264836507, train_AP=0.998410979796771, time=0.29860901832580566
INFO - 11/05/25 18:44:59 - 0:27:18 - Epoch 315: val_AUC=0.9528246327985508, val_AP=0.953844010839383
INFO - 11/05/25 18:45:00 - 0:27:18 - Epoch 316: train_loss=0.6380911469459534, train_AUC=0.9989852886200287, train_AP=0.9985051611973033, time=0.30181121826171875
INFO - 11/05/25 18:45:00 - 0:27:18 - Epoch 316: val_AUC=0.9530773485253294, val_AP=0.9541236901888057
INFO - 11/05/25 18:45:00 - 0:27:19 - Epoch 317: train_loss=0.6374687552452087, train_AUC=0.9988064639268543, train_AP=0.9981169365564441, time=0.2996656894683838
INFO - 11/05/25 18:45:00 - 0:27:19 - Epoch 317: val_AUC=0.9526395251469457, val_AP=0.9537618011555234
INFO - 11/05/25 18:45:00 - 0:27:19 - Epoch 318: train_loss=0.6371161937713623, train_AUC=0.9989365935327618, train_AP=0.9984170678509595, time=0.29770708084106445
INFO - 11/05/25 18:45:00 - 0:27:19 - Epoch 318: val_AUC=0.952922175774479, val_AP=0.9539437646271178
INFO - 11/05/25 18:45:01 - 0:27:19 - Epoch 319: train_loss=0.6372106075286865, train_AUC=0.9988382021119809, train_AP=0.9983187541743789, time=0.2993497848510742
INFO - 11/05/25 18:45:01 - 0:27:19 - Epoch 319: val_AUC=0.9524896470043922, val_AP=0.9536714592800504
INFO - 11/05/25 18:45:01 - 0:27:20 - Epoch 320: train_loss=0.6357104778289795, train_AUC=0.9989177123357235, train_AP=0.9984125007033473, time=0.3012082576751709
INFO - 11/05/25 18:45:01 - 0:27:20 - Epoch 320: val_AUC=0.9527498973660546, val_AP=0.9536286848450595
INFO - 11/05/25 18:45:02 - 0:27:20 - Epoch 321: train_loss=0.6357662677764893, train_AUC=0.9989309839119676, train_AP=0.9982268908818788, time=0.2967543601989746
INFO - 11/05/25 18:45:02 - 0:27:20 - Epoch 321: val_AUC=0.9525169346009984, val_AP=0.9534342973316271
INFO - 11/05/25 18:45:02 - 0:27:21 - Epoch 322: train_loss=0.6353753805160522, train_AUC=0.9988291845554118, train_AP=0.998145086113914, time=0.2995717525482178
INFO - 11/05/25 18:45:02 - 0:27:21 - Epoch 322: val_AUC=0.9525798589842172, val_AP=0.9534834743951035
INFO - 11/05/25 18:45:02 - 0:27:21 - Epoch 323: train_loss=0.6354572176933289, train_AUC=0.9989617127492945, train_AP=0.9985674784161668, time=0.303783655166626
INFO - 11/05/25 18:45:02 - 0:27:21 - Epoch 323: val_AUC=0.9525478876956561, val_AP=0.9534702599206062
INFO - 11/05/25 18:45:03 - 0:27:21 - Epoch 324: train_loss=0.6343446969985962, train_AUC=0.998935794473092, train_AP=0.9983804005516648, time=0.2987680435180664
INFO - 11/05/25 18:45:03 - 0:27:21 - Epoch 324: val_AUC=0.9523870130589477, val_AP=0.9533350861213606
INFO - 11/05/25 18:45:03 - 0:27:22 - Epoch 325: train_loss=0.6338817477226257, train_AUC=0.9989518936673654, train_AP=0.9985351787107315, time=0.30580759048461914
INFO - 11/05/25 18:45:03 - 0:27:22 - Epoch 325: val_AUC=0.9523927149448058, val_AP=0.9533050905482383
INFO - 11/05/25 18:45:04 - 0:27:22 - Epoch 326: train_loss=0.6335723400115967, train_AUC=0.9989445150901409, train_AP=0.9985046848502871, time=0.30292296409606934
INFO - 11/05/25 18:45:04 - 0:27:22 - Epoch 326: val_AUC=0.9517987006216684, val_AP=0.9528926021292538
INFO - 11/05/25 18:45:04 - 0:27:23 - Epoch 327: train_loss=0.6342912316322327, train_AUC=0.9989650033886751, train_AP=0.9985628673334871, time=0.3060145378112793
INFO - 11/05/25 18:45:04 - 0:27:23 - Epoch 327: val_AUC=0.9523479144130641, val_AP=0.9532411441235691
INFO - 11/05/25 18:45:04 - 0:27:23 - Epoch 328: train_loss=0.6345731019973755, train_AUC=0.9989123614362551, train_AP=0.998414179249004, time=0.30364465713500977
INFO - 11/05/25 18:45:04 - 0:27:23 - Epoch 328: val_AUC=0.9515873235673604, val_AP=0.9528255805318573
INFO - 11/05/25 18:45:05 - 0:27:23 - Epoch 329: train_loss=0.6337446570396423, train_AUC=0.9989679911004317, train_AP=0.9985006946171043, time=0.3038625717163086
INFO - 11/05/25 18:45:05 - 0:27:23 - Epoch 329: val_AUC=0.9521186171460595, val_AP=0.9533377410026717
INFO - 11/05/25 18:45:05 - 0:27:24 - Epoch 330: train_loss=0.6335518956184387, train_AUC=0.9988329248309701, train_AP=0.9982370562585161, time=0.3064913749694824
INFO - 11/05/25 18:45:05 - 0:27:24 - Epoch 330: val_AUC=0.9515506685868447, val_AP=0.9529454455026394
INFO - 11/05/25 18:45:05 - 0:27:24 - best_epoch=229
INFO - 11/05/25 18:45:05 - 0:27:24 - test_auc= 95.69%, test_ap= 95.83%
INFO - 11/05/25 18:45:05 - 0:27:24 - 
                                     train iters 9
INFO - 11/05/25 18:45:05 - 0:27:24 - --------------------------Training Start-------------------------
INFO - 11/05/25 18:45:08 - 0:27:26 - Epoch 0: train_loss=5.974115371704102, train_AUC=0.9954820444173392, train_AP=0.9950035601716076, time=2.257018566131592
INFO - 11/05/25 18:45:08 - 0:27:26 - Epoch 0: val_AUC=0.7683264720640175, val_AP=0.8202636209809367
INFO - 11/05/25 18:45:08 - 0:27:27 - Epoch 1: train_loss=2.413555383682251, train_AUC=0.9135246616013823, train_AP=0.9414992755218184, time=0.31148386001586914
INFO - 11/05/25 18:45:08 - 0:27:27 - Epoch 1: val_AUC=0.6703682766620183, val_AP=0.7359881606799444
INFO - 11/05/25 18:45:08 - 0:27:27 - Epoch 2: train_loss=3.89835786819458, train_AUC=0.7468531804402287, train_AP=0.8177435371174838, time=0.3256380558013916
INFO - 11/05/25 18:45:09 - 0:27:27 - Epoch 2: val_AUC=0.6285744715166365, val_AP=0.6956350993668328
INFO - 11/05/25 18:45:09 - 0:27:27 - Epoch 3: train_loss=4.584035873413086, train_AUC=0.6583026085233001, train_AP=0.7414329921916762, time=0.31041908264160156
INFO - 11/05/25 18:45:09 - 0:27:27 - Epoch 3: val_AUC=0.6383697005043725, val_AP=0.7033340556437788
INFO - 11/05/25 18:45:09 - 0:27:28 - Epoch 4: train_loss=4.446965217590332, train_AUC=0.6554331065230141, train_AP=0.7360195360901098, time=0.32447099685668945
INFO - 11/05/25 18:45:09 - 0:27:28 - Epoch 4: val_AUC=0.6665847699370512, val_AP=0.7218820241219667
INFO - 11/05/25 18:45:10 - 0:27:28 - Epoch 5: train_loss=4.098015308380127, train_AUC=0.6865206577097516, train_AP=0.7587208511623602, time=0.3245127201080322
INFO - 11/05/25 18:45:10 - 0:27:28 - Epoch 5: val_AUC=0.727858559019406, val_AP=0.7658961212357848
INFO - 11/05/25 18:45:10 - 0:27:29 - Epoch 6: train_loss=3.3353753089904785, train_AUC=0.7543920833427218, train_AP=0.809618622481347, time=0.35141754150390625
INFO - 11/05/25 18:45:10 - 0:27:29 - Epoch 6: val_AUC=0.806738549798642, val_AP=0.8227053007995766
INFO - 11/05/25 18:45:11 - 0:27:29 - Epoch 7: train_loss=2.6926777362823486, train_AUC=0.8474280542242365, train_AP=0.8762714286434985, time=0.3544163703918457
INFO - 11/05/25 18:45:11 - 0:27:29 - Epoch 7: val_AUC=0.8557669280845573, val_AP=0.8596880711108075
INFO - 11/05/25 18:45:11 - 0:27:30 - Epoch 8: train_loss=2.186131000518799, train_AUC=0.9039753826894543, train_AP=0.9174405902174444, time=0.34829211235046387
INFO - 11/05/25 18:45:11 - 0:27:30 - Epoch 8: val_AUC=0.8847940071550521, val_AP=0.8832539093793274
INFO - 11/05/25 18:45:12 - 0:27:30 - Epoch 9: train_loss=2.0007104873657227, train_AUC=0.933593751452996, train_AP=0.9405044245986349, time=0.34587693214416504
INFO - 11/05/25 18:45:12 - 0:27:30 - Epoch 9: val_AUC=0.901216660258833, val_AP=0.897024219967238
INFO - 11/05/25 18:45:12 - 0:27:31 - Epoch 10: train_loss=1.8515548706054688, train_AUC=0.9469557459571053, train_AP=0.9511083757907686, time=0.35637569427490234
INFO - 11/05/25 18:45:12 - 0:27:31 - Epoch 10: val_AUC=0.9090510514277523, val_AP=0.90440195949542
INFO - 11/05/25 18:45:13 - 0:27:31 - Epoch 11: train_loss=1.6227092742919922, train_AUC=0.9536182737823462, train_AP=0.9563694724114726, time=0.3534059524536133
INFO - 11/05/25 18:45:13 - 0:27:31 - Epoch 11: val_AUC=0.9182423896114899, val_AP=0.9112712718208216
INFO - 11/05/25 18:45:13 - 0:27:31 - Epoch 12: train_loss=1.458251714706421, train_AUC=0.9593141674834254, train_AP=0.9596257223602573, time=0.3210794925689697
INFO - 11/05/25 18:45:13 - 0:27:32 - Epoch 12: val_AUC=0.9239303262130355, val_AP=0.9156866657548537
INFO - 11/05/25 18:45:13 - 0:27:32 - Epoch 13: train_loss=1.2947006225585938, train_AUC=0.9633650731293774, train_AP=0.9617756687190495, time=0.30367612838745117
INFO - 11/05/25 18:45:13 - 0:27:32 - Epoch 13: val_AUC=0.917211875562043, val_AP=0.9121655213673736
INFO - 11/05/25 18:45:14 - 0:27:32 - Epoch 14: train_loss=1.4944180250167847, train_AUC=0.9548180420630026, train_AP=0.9563181432448609, time=0.3042118549346924
INFO - 11/05/25 18:45:14 - 0:27:32 - Epoch 14: val_AUC=0.9084497061085117, val_AP=0.9059019090223982
INFO - 11/05/25 18:45:14 - 0:27:33 - Epoch 15: train_loss=1.7556464672088623, train_AUC=0.941946842794461, train_AP=0.9469864602800959, time=0.3123486042022705
INFO - 11/05/25 18:45:14 - 0:27:33 - Epoch 15: val_AUC=0.9032567135633203, val_AP=0.902888513012303
INFO - 11/05/25 18:45:15 - 0:27:33 - Epoch 16: train_loss=1.9664762020111084, train_AUC=0.9355135411832388, train_AP=0.9419230795649199, time=0.3209199905395508
INFO - 11/05/25 18:45:15 - 0:27:33 - Epoch 16: val_AUC=0.9109023315825829, val_AP=0.9087865428456952
INFO - 11/05/25 18:45:15 - 0:27:34 - Epoch 17: train_loss=1.8321044445037842, train_AUC=0.9437691905706809, train_AP=0.9476975982557541, time=0.3199336528778076
INFO - 11/05/25 18:45:15 - 0:27:34 - Epoch 17: val_AUC=0.913396092090344, val_AP=0.9115136182603969
INFO - 11/05/25 18:45:15 - 0:27:34 - Epoch 18: train_loss=1.7803384065628052, train_AUC=0.9451402041896756, train_AP=0.9488324000398553, time=0.32236623764038086
INFO - 11/05/25 18:45:16 - 0:27:34 - Epoch 18: val_AUC=0.9166046247181641, val_AP=0.9144038890322312
INFO - 11/05/25 18:45:16 - 0:27:34 - Epoch 19: train_loss=1.6996607780456543, train_AUC=0.949044254926316, train_AP=0.9511481513352471, time=0.3163013458251953
INFO - 11/05/25 18:45:16 - 0:27:35 - Epoch 19: val_AUC=0.9196122676888789, val_AP=0.9168818793852435
INFO - 11/05/25 18:45:16 - 0:27:35 - Epoch 20: train_loss=1.544264554977417, train_AUC=0.9547657539370926, train_AP=0.9558196546342739, time=0.3178739547729492
INFO - 11/05/25 18:45:16 - 0:27:35 - Epoch 20: val_AUC=0.9231809355002669, val_AP=0.9199132792069198
INFO - 11/05/25 18:45:17 - 0:27:35 - Epoch 21: train_loss=1.460066795349121, train_AUC=0.9594283055048143, train_AP=0.9598149182932643, time=0.3636746406555176
INFO - 11/05/25 18:45:17 - 0:27:35 - Epoch 21: val_AUC=0.9256920053043829, val_AP=0.9217201917551633
INFO - 11/05/25 18:45:17 - 0:27:36 - Epoch 22: train_loss=1.3442562818527222, train_AUC=0.9612408539246249, train_AP=0.9604672099248426, time=0.360309362411499
INFO - 11/05/25 18:45:17 - 0:27:36 - Epoch 22: val_AUC=0.9277790991671989, val_AP=0.9228445637249881
INFO - 11/05/25 18:45:18 - 0:27:36 - Epoch 23: train_loss=1.2864351272583008, train_AUC=0.9626580562570357, train_AP=0.9613122381331703, time=0.3514091968536377
INFO - 11/05/25 18:45:18 - 0:27:36 - Epoch 23: val_AUC=0.9284823656961513, val_AP=0.9236486969458924
INFO - 11/05/25 18:45:18 - 0:27:37 - Epoch 24: train_loss=1.3025636672973633, train_AUC=0.96244453578362, train_AP=0.9605462000123436, time=0.34670448303222656
INFO - 11/05/25 18:45:18 - 0:27:37 - Epoch 24: val_AUC=0.9293411104341253, val_AP=0.9245986787508332
INFO - 11/05/25 18:45:19 - 0:27:37 - Epoch 25: train_loss=1.2965974807739258, train_AUC=0.9634412384685598, train_AP=0.9616428480803438, time=0.3428778648376465
INFO - 11/05/25 18:45:19 - 0:27:37 - Epoch 25: val_AUC=0.9308202407173298, val_AP=0.9259763683219807
INFO - 11/05/25 18:45:19 - 0:27:38 - Epoch 26: train_loss=1.263868808746338, train_AUC=0.9646151809363875, train_AP=0.9625005150806356, time=0.34578466415405273
INFO - 11/05/25 18:45:19 - 0:27:38 - Epoch 26: val_AUC=0.9315435656661759, val_AP=0.9270197654282001
INFO - 11/05/25 18:45:20 - 0:27:38 - Epoch 27: train_loss=1.2427515983581543, train_AUC=0.9665986825102755, train_AP=0.9649938001941825, time=0.3417024612426758
INFO - 11/05/25 18:45:20 - 0:27:38 - Epoch 27: val_AUC=0.9322917345462601, val_AP=0.9279981290916208
INFO - 11/05/25 18:45:20 - 0:27:39 - Epoch 28: train_loss=1.262213945388794, train_AUC=0.967407412440024, train_AP=0.9659197383299231, time=0.34305453300476074
INFO - 11/05/25 18:45:20 - 0:27:39 - Epoch 28: val_AUC=0.9332472077050398, val_AP=0.9290346365718405
INFO - 11/05/25 18:45:21 - 0:27:39 - Epoch 29: train_loss=1.2487863302230835, train_AUC=0.9685396026751681, train_AP=0.9676853992251004, time=0.3443126678466797
INFO - 11/05/25 18:45:21 - 0:27:39 - Epoch 29: val_AUC=0.9349068637672849, val_AP=0.9303760608480655
INFO - 11/05/25 18:45:21 - 0:27:40 - Epoch 30: train_loss=1.2303080558776855, train_AUC=0.9690909675847604, train_AP=0.9673708477108187, time=0.34506702423095703
INFO - 11/05/25 18:45:21 - 0:27:40 - Epoch 30: val_AUC=0.9372362877790668, val_AP=0.932002292911019
INFO - 11/05/25 18:45:21 - 0:27:40 - Epoch 31: train_loss=1.1988677978515625, train_AUC=0.970331214393112, train_AP=0.9678885917540007, time=0.31029367446899414
INFO - 11/05/25 18:45:22 - 0:27:40 - Epoch 31: val_AUC=0.9393687930899661, val_AP=0.9335209897094319
INFO - 11/05/25 18:45:22 - 0:27:40 - Epoch 32: train_loss=1.174078106880188, train_AUC=0.9717465035262297, train_AP=0.9689151966618241, time=0.3008713722229004
INFO - 11/05/25 18:45:22 - 0:27:40 - Epoch 32: val_AUC=0.9405485743656246, val_AP=0.9345787252754076
INFO - 11/05/25 18:45:22 - 0:27:41 - Epoch 33: train_loss=1.1578474044799805, train_AUC=0.9722878401224871, train_AP=0.9692025892484526, time=0.30153870582580566
INFO - 11/05/25 18:45:22 - 0:27:41 - Epoch 33: val_AUC=0.9419334198933911, val_AP=0.9356189124149409
INFO - 11/05/25 18:45:23 - 0:27:41 - Epoch 34: train_loss=1.1413261890411377, train_AUC=0.9730619755414037, train_AP=0.969804901290158, time=0.30330991744995117
INFO - 11/05/25 18:45:23 - 0:27:41 - Epoch 34: val_AUC=0.9433161272139607, val_AP=0.9366549409055225
INFO - 11/05/25 18:45:23 - 0:27:42 - Epoch 35: train_loss=1.1203429698944092, train_AUC=0.9742618947575102, train_AP=0.970996409605788, time=0.302609920501709
INFO - 11/05/25 18:45:23 - 0:27:42 - Epoch 35: val_AUC=0.9441343478345867, val_AP=0.9374511205078645
INFO - 11/05/25 18:45:23 - 0:27:42 - Epoch 36: train_loss=1.1124695539474487, train_AUC=0.9745489665865025, train_AP=0.9714021304176876, time=0.3030424118041992
INFO - 11/05/25 18:45:24 - 0:27:42 - Epoch 36: val_AUC=0.9447181802186917, val_AP=0.9380126747408007
INFO - 11/05/25 18:45:24 - 0:27:42 - Epoch 37: train_loss=1.1085200309753418, train_AUC=0.9748508897945245, train_AP=0.9716785930848542, time=0.30435776710510254
INFO - 11/05/25 18:45:24 - 0:27:43 - Epoch 37: val_AUC=0.9455939287948495, val_AP=0.9386771658954439
INFO - 11/05/25 18:45:24 - 0:27:43 - Epoch 38: train_loss=1.0995105504989624, train_AUC=0.9752681565702083, train_AP=0.9714262946453045, time=0.30051708221435547
INFO - 11/05/25 18:45:24 - 0:27:43 - Epoch 38: val_AUC=0.9466409375855283, val_AP=0.9394348722693291
INFO - 11/05/25 18:45:25 - 0:27:43 - Epoch 39: train_loss=1.0906634330749512, train_AUC=0.9756852051323299, train_AP=0.9719006282583263, time=0.3039116859436035
INFO - 11/05/25 18:45:25 - 0:27:43 - Epoch 39: val_AUC=0.9475822578490531, val_AP=0.9402884694229702
INFO - 11/05/25 18:45:25 - 0:27:44 - Epoch 40: train_loss=1.0739786624908447, train_AUC=0.9767627121760032, train_AP=0.9727693465825177, time=0.3042738437652588
INFO - 11/05/25 18:45:25 - 0:27:44 - Epoch 40: val_AUC=0.9481051004183556, val_AP=0.9409936751997703
INFO - 11/05/25 18:45:26 - 0:27:44 - Epoch 41: train_loss=1.065441608428955, train_AUC=0.9768157558597671, train_AP=0.9731701109819262, time=0.3024027347564697
INFO - 11/05/25 18:45:26 - 0:27:44 - Epoch 41: val_AUC=0.9485577894277262, val_AP=0.9414869969673374
INFO - 11/05/25 18:45:26 - 0:27:44 - Epoch 42: train_loss=1.0545170307159424, train_AUC=0.9770518719160348, train_AP=0.9730333890107854, time=0.3008103370666504
INFO - 11/05/25 18:45:26 - 0:27:45 - Epoch 42: val_AUC=0.9492809107377914, val_AP=0.9422195136607114
INFO - 11/05/25 18:45:26 - 0:27:45 - Epoch 43: train_loss=1.0399842262268066, train_AUC=0.9780872394375788, train_AP=0.9742914265222995, time=0.3028116226196289
INFO - 11/05/25 18:45:26 - 0:27:45 - Epoch 43: val_AUC=0.9499207437865735, val_AP=0.9427498368602866
INFO - 11/05/25 18:45:27 - 0:27:45 - Epoch 44: train_loss=1.0297890901565552, train_AUC=0.9782730518961178, train_AP=0.9743835190720709, time=0.3023247718811035
INFO - 11/05/25 18:45:27 - 0:27:45 - Epoch 44: val_AUC=0.9504697539391885, val_AP=0.9431619048020821
INFO - 11/05/25 18:45:27 - 0:27:46 - Epoch 45: train_loss=1.0210602283477783, train_AUC=0.9789628959423264, train_AP=0.9750995150252266, time=0.3036491870880127
INFO - 11/05/25 18:45:27 - 0:27:46 - Epoch 45: val_AUC=0.9509161301463591, val_AP=0.9435884626700888
INFO - 11/05/25 18:45:28 - 0:27:46 - Epoch 46: train_loss=1.015527606010437, train_AUC=0.9795198803354727, train_AP=0.9757854033035643, time=0.3016502857208252
INFO - 11/05/25 18:45:28 - 0:27:46 - Epoch 46: val_AUC=0.9513669864067043, val_AP=0.9440327164065255
INFO - 11/05/25 18:45:28 - 0:27:47 - Epoch 47: train_loss=1.0081367492675781, train_AUC=0.9799939588975513, train_AP=0.9759186109867057, time=0.3021087646484375
INFO - 11/05/25 18:45:28 - 0:27:47 - Epoch 47: val_AUC=0.9519180329471256, val_AP=0.9445438844742994
INFO - 11/05/25 18:45:28 - 0:27:47 - Epoch 48: train_loss=1.003429889678955, train_AUC=0.9800023654913711, train_AP=0.9758175034892536, time=0.3060128688812256
INFO - 11/05/25 18:45:29 - 0:27:47 - Epoch 48: val_AUC=0.9523955658877347, val_AP=0.9449986488736175
INFO - 11/05/25 18:45:29 - 0:27:47 - Epoch 49: train_loss=0.9987332224845886, train_AUC=0.980417257807617, train_AP=0.97625716915849, time=0.3032569885253906
INFO - 11/05/25 18:45:29 - 0:27:47 - Epoch 49: val_AUC=0.9528065089470734, val_AP=0.9454102968335647
INFO - 11/05/25 18:45:29 - 0:27:48 - Epoch 50: train_loss=0.9922676682472229, train_AUC=0.9810722893055525, train_AP=0.9771529200053543, time=0.2962019443511963
INFO - 11/05/25 18:45:29 - 0:27:48 - Epoch 50: val_AUC=0.9531787606380898, val_AP=0.9457896897128002
INFO - 11/05/25 18:45:30 - 0:27:48 - Epoch 51: train_loss=0.9853367805480957, train_AUC=0.9812143930064195, train_AP=0.9773808750080843, time=0.29920482635498047
INFO - 11/05/25 18:45:30 - 0:27:48 - Epoch 51: val_AUC=0.9535732089561963, val_AP=0.9461295386236588
INFO - 11/05/25 18:45:30 - 0:27:49 - Epoch 52: train_loss=0.9782730340957642, train_AUC=0.9813567652913723, train_AP=0.9771162999879429, time=0.2968902587890625
INFO - 11/05/25 18:45:30 - 0:27:49 - Epoch 52: val_AUC=0.9539971848974963, val_AP=0.946511753300142
INFO - 11/05/25 18:45:30 - 0:27:49 - Epoch 53: train_loss=0.9711231589317322, train_AUC=0.9816007847645857, train_AP=0.9770861023722341, time=0.2967033386230469
INFO - 11/05/25 18:45:31 - 0:27:49 - Epoch 53: val_AUC=0.9543496836267904, val_AP=0.9467754940839831
INFO - 11/05/25 18:45:31 - 0:27:49 - Epoch 54: train_loss=0.9690991044044495, train_AUC=0.9814917554766863, train_AP=0.976830500650286, time=0.299114465713501
INFO - 11/05/25 18:45:31 - 0:27:49 - Epoch 54: val_AUC=0.9546609455030041, val_AP=0.9470434796043078
INFO - 11/05/25 18:45:31 - 0:27:50 - Epoch 55: train_loss=0.9627739191055298, train_AUC=0.9821215849813545, train_AP=0.9775554939508677, time=0.2969081401824951
INFO - 11/05/25 18:45:31 - 0:27:50 - Epoch 55: val_AUC=0.9549595817748179, val_AP=0.9473054107920642
INFO - 11/05/25 18:45:32 - 0:27:50 - Epoch 56: train_loss=0.9580506682395935, train_AUC=0.9823462811945427, train_AP=0.9775448407468148, time=0.2975897789001465
INFO - 11/05/25 18:45:32 - 0:27:50 - Epoch 56: val_AUC=0.9552544507291897, val_AP=0.9476016683218564
INFO - 11/05/25 18:45:32 - 0:27:51 - Epoch 57: train_loss=0.954323410987854, train_AUC=0.9824139795305014, train_AP=0.9777904208812565, time=0.29857897758483887
INFO - 11/05/25 18:45:32 - 0:27:51 - Epoch 57: val_AUC=0.9555762000026066, val_AP=0.9479131002521326
INFO - 11/05/25 18:45:32 - 0:27:51 - Epoch 58: train_loss=0.9511423707008362, train_AUC=0.9826530160204133, train_AP=0.9778586182943902, time=0.2991924285888672
INFO - 11/05/25 18:45:33 - 0:27:51 - Epoch 58: val_AUC=0.9558557960484302, val_AP=0.9482478755524725
INFO - 11/05/25 18:45:33 - 0:27:51 - Epoch 59: train_loss=0.9471539258956909, train_AUC=0.982784657798753, train_AP=0.9781443765479894, time=0.303422212600708
INFO - 11/05/25 18:45:33 - 0:27:52 - Epoch 59: val_AUC=0.9561166573264345, val_AP=0.9484985680224244
INFO - 11/05/25 18:45:33 - 0:27:52 - Epoch 60: train_loss=0.9413700699806213, train_AUC=0.9833308970672672, train_AP=0.97850615700104, time=0.2991771697998047
INFO - 11/05/25 18:45:33 - 0:27:52 - Epoch 60: val_AUC=0.9563518601180778, val_AP=0.9488184955163927
INFO - 11/05/25 18:45:34 - 0:27:52 - Epoch 61: train_loss=0.9370231628417969, train_AUC=0.9837794400634504, train_AP=0.9794123424581771, time=0.2998518943786621
INFO - 11/05/25 18:45:34 - 0:27:52 - Epoch 61: val_AUC=0.9565614044233601, val_AP=0.949029380519359
INFO - 11/05/25 18:45:34 - 0:27:53 - Epoch 62: train_loss=0.9343953132629395, train_AUC=0.9837888715036924, train_AP=0.9794510353767001, time=0.29532933235168457
INFO - 11/05/25 18:45:34 - 0:27:53 - Epoch 62: val_AUC=0.9567748178654747, val_AP=0.9492461044254731
INFO - 11/05/25 18:45:35 - 0:27:53 - Epoch 63: train_loss=0.9292730689048767, train_AUC=0.9839792875815195, train_AP=0.9796020464341055, time=0.2958097457885742
INFO - 11/05/25 18:45:35 - 0:27:53 - Epoch 63: val_AUC=0.9569338597531573, val_AP=0.9493322195539992
INFO - 11/05/25 18:45:35 - 0:27:53 - Epoch 64: train_loss=0.9237812757492065, train_AUC=0.9848718423402104, train_AP=0.9806315847006043, time=0.29808664321899414
INFO - 11/05/25 18:45:35 - 0:27:54 - Epoch 64: val_AUC=0.9570851633671754, val_AP=0.9494986756110567
INFO - 11/05/25 18:45:35 - 0:27:54 - Epoch 65: train_loss=0.9237127304077148, train_AUC=0.9844530066812252, train_AP=0.9799124634374523, time=0.2964956760406494
INFO - 11/05/25 18:45:35 - 0:27:54 - Epoch 65: val_AUC=0.9572435943385161, val_AP=0.9496883859847454
INFO - 11/05/25 18:45:36 - 0:27:54 - Epoch 66: train_loss=0.9196819067001343, train_AUC=0.9848562882395403, train_AP=0.9805252095463419, time=0.2971658706665039
INFO - 11/05/25 18:45:36 - 0:27:54 - Epoch 66: val_AUC=0.9574020253098567, val_AP=0.9498784716274886
INFO - 11/05/25 18:45:36 - 0:27:55 - Epoch 67: train_loss=0.9160256385803223, train_AUC=0.9851590363969767, train_AP=0.9808854537986177, time=0.2985043525695801
INFO - 11/05/25 18:45:36 - 0:27:55 - Epoch 67: val_AUC=0.9575885584329262, val_AP=0.9500728999694938
INFO - 11/05/25 18:45:37 - 0:27:55 - Epoch 68: train_loss=0.9137988090515137, train_AUC=0.9855259647030311, train_AP=0.9813816243316456, time=0.29824113845825195
INFO - 11/05/25 18:45:37 - 0:27:55 - Epoch 68: val_AUC=0.9577820152745378, val_AP=0.9503143087943291
INFO - 11/05/25 18:45:37 - 0:27:55 - Epoch 69: train_loss=0.9129830598831177, train_AUC=0.9849997531773895, train_AP=0.9803936860461969, time=0.2979450225830078
INFO - 11/05/25 18:45:37 - 0:27:56 - Epoch 69: val_AUC=0.95798524677762, val_AP=0.950555106402505
INFO - 11/05/25 18:45:37 - 0:27:56 - Epoch 70: train_loss=0.9076076745986938, train_AUC=0.9853912776214622, train_AP=0.9807390852754776, time=0.296095609664917
INFO - 11/05/25 18:45:37 - 0:27:56 - Epoch 70: val_AUC=0.9581606815871443, val_AP=0.9507617094004023
INFO - 11/05/25 18:45:38 - 0:27:56 - Epoch 71: train_loss=0.9042304754257202, train_AUC=0.9853649741692629, train_AP=0.9806520793286894, time=0.2979288101196289
INFO - 11/05/25 18:45:38 - 0:27:56 - Epoch 71: val_AUC=0.9583611639666879, val_AP=0.9510307539741477
INFO - 11/05/25 18:45:38 - 0:27:57 - Epoch 72: train_loss=0.9019955396652222, train_AUC=0.9858329820265235, train_AP=0.9816389021866943, time=0.3006598949432373
INFO - 11/05/25 18:45:38 - 0:27:57 - Epoch 72: val_AUC=0.9585197985768092, val_AP=0.9512439300927304
INFO - 11/05/25 18:45:39 - 0:27:57 - Epoch 73: train_loss=0.898061990737915, train_AUC=0.9864170529045541, train_AP=0.9821633371491738, time=0.29692816734313965
INFO - 11/05/25 18:45:39 - 0:27:57 - Epoch 73: val_AUC=0.9586880042096209, val_AP=0.9514639958268676
INFO - 11/05/25 18:45:39 - 0:27:58 - Epoch 74: train_loss=0.8959063291549683, train_AUC=0.9864568047581921, train_AP=0.9825202701216, time=0.2965106964111328
INFO - 11/05/25 18:45:39 - 0:27:58 - Epoch 74: val_AUC=0.9588716863897613, val_AP=0.9516556578455133
INFO - 11/05/25 18:45:39 - 0:27:58 - Epoch 75: train_loss=0.8939721584320068, train_AUC=0.9867002428569356, train_AP=0.982595083071189, time=0.2958989143371582
INFO - 11/05/25 18:45:39 - 0:27:58 - Epoch 75: val_AUC=0.9590517030718504, val_AP=0.9519048769500156
INFO - 11/05/25 18:45:40 - 0:27:58 - Epoch 76: train_loss=0.8931046724319458, train_AUC=0.9865979343354018, train_AP=0.9826806818973448, time=0.29777073860168457
INFO - 11/05/25 18:45:40 - 0:27:58 - Epoch 76: val_AUC=0.9592355888907714, val_AP=0.9521416883011067
INFO - 11/05/25 18:45:40 - 0:27:59 - Epoch 77: train_loss=0.8869588375091553, train_AUC=0.9874717989880268, train_AP=0.9837366365455581, time=0.2954990863800049
INFO - 11/05/25 18:45:40 - 0:27:59 - Epoch 77: val_AUC=0.9594029799684604, val_AP=0.9523686042004702
INFO - 11/05/25 18:45:41 - 0:27:59 - Epoch 78: train_loss=0.8870824575424194, train_AUC=0.9869746679859696, train_AP=0.9829421047752488, time=0.2959709167480469
INFO - 11/05/25 18:45:41 - 0:27:59 - Epoch 78: val_AUC=0.9595805529851816, val_AP=0.9526255689194687
INFO - 11/05/25 18:45:41 - 0:28:00 - Epoch 79: train_loss=0.8834724426269531, train_AUC=0.9874062234350085, train_AP=0.98353540072971, time=0.29607653617858887
INFO - 11/05/25 18:45:41 - 0:28:00 - Epoch 79: val_AUC=0.9597697334123995, val_AP=0.9528421845303641
INFO - 11/05/25 18:45:41 - 0:28:00 - Epoch 80: train_loss=0.8804854154586792, train_AUC=0.9878036500363777, train_AP=0.9842455023361916, time=0.2959260940551758
INFO - 11/05/25 18:45:42 - 0:28:00 - Epoch 80: val_AUC=0.959944251847411, val_AP=0.9530473148871177
INFO - 11/05/25 18:45:42 - 0:28:00 - Epoch 81: train_loss=0.876555323600769, train_AUC=0.9881003567250344, train_AP=0.9845112084624057, time=0.2987937927246094
INFO - 11/05/25 18:45:42 - 0:28:00 - Epoch 81: val_AUC=0.9601049228453389, val_AP=0.9532519768271267
INFO - 11/05/25 18:45:42 - 0:28:01 - Epoch 82: train_loss=0.8769968748092651, train_AUC=0.9879525208233576, train_AP=0.9843672947604585, time=0.2980482578277588
INFO - 11/05/25 18:45:42 - 0:28:01 - Epoch 82: val_AUC=0.9602796449191311, val_AP=0.9534573226416966
INFO - 11/05/25 18:45:43 - 0:28:01 - Epoch 83: train_loss=0.8734524846076965, train_AUC=0.9881340292439397, train_AP=0.9845522446306887, time=0.29763221740722656
INFO - 11/05/25 18:45:43 - 0:28:01 - Epoch 83: val_AUC=0.9604535524378008, val_AP=0.9536853767695186
INFO - 11/05/25 18:45:43 - 0:28:02 - Epoch 84: train_loss=0.8714977502822876, train_AUC=0.9882882750589255, train_AP=0.9847892648043044, time=0.2970616817474365
INFO - 11/05/25 18:45:43 - 0:28:02 - Epoch 84: val_AUC=0.9606321436484249, val_AP=0.9539279759646577
INFO - 11/05/25 18:45:43 - 0:28:02 - Epoch 85: train_loss=0.868752658367157, train_AUC=0.9885040386057277, train_AP=0.9847674065846042, time=0.29750871658325195
INFO - 11/05/25 18:45:44 - 0:28:02 - Epoch 85: val_AUC=0.9608253968512557, val_AP=0.9541953907880195
INFO - 11/05/25 18:45:44 - 0:28:02 - Epoch 86: train_loss=0.8657190799713135, train_AUC=0.988719488481542, train_AP=0.9853886244785125, time=0.29907655715942383
INFO - 11/05/25 18:45:44 - 0:28:02 - Epoch 86: val_AUC=0.9610241483011639, val_AP=0.954451119832963
INFO - 11/05/25 18:45:44 - 0:28:03 - Epoch 87: train_loss=0.8642581701278687, train_AUC=0.988840502255523, train_AP=0.9851363571675767, time=0.29818129539489746
INFO - 11/05/25 18:45:44 - 0:28:03 - Epoch 87: val_AUC=0.96122860163693, val_AP=0.9547104407260166
INFO - 11/05/25 18:45:45 - 0:28:03 - Epoch 88: train_loss=0.8622537851333618, train_AUC=0.988897733209212, train_AP=0.985435268370848, time=0.30110931396484375
INFO - 11/05/25 18:45:45 - 0:28:03 - Epoch 88: val_AUC=0.961422873033664, val_AP=0.9549523529093784
INFO - 11/05/25 18:45:45 - 0:28:04 - Epoch 89: train_loss=0.8606968522071838, train_AUC=0.9889830289983401, train_AP=0.9855299918075577, time=0.29895734786987305
INFO - 11/05/25 18:45:45 - 0:28:04 - Epoch 89: val_AUC=0.961618773540643, val_AP=0.9552111332288116
INFO - 11/05/25 18:45:45 - 0:28:04 - Epoch 90: train_loss=0.8570760488510132, train_AUC=0.9895276798341537, train_AP=0.9861090479951186, time=0.29712414741516113
INFO - 11/05/25 18:45:46 - 0:28:04 - Epoch 90: val_AUC=0.9618089721617643, val_AP=0.9554649638405773
INFO - 11/05/25 18:45:46 - 0:28:04 - Epoch 91: train_loss=0.8539566397666931, train_AUC=0.9899111763439371, train_AP=0.9867755438676158, time=0.2982137203216553
INFO - 11/05/25 18:45:46 - 0:28:05 - Epoch 91: val_AUC=0.9619940798133692, val_AP=0.9557245440936926
INFO - 11/05/25 18:45:46 - 0:28:05 - Epoch 92: train_loss=0.8520515561103821, train_AUC=0.9900805935492862, train_AP=0.9869596085074063, time=0.29726409912109375
INFO - 11/05/25 18:45:46 - 0:28:05 - Epoch 92: val_AUC=0.9621857039059546, val_AP=0.9559989229235699
INFO - 11/05/25 18:45:47 - 0:28:05 - Epoch 93: train_loss=0.8506633043289185, train_AUC=0.9900090730416383, train_AP=0.9867793003854369, time=0.29897594451904297
INFO - 11/05/25 18:45:47 - 0:28:05 - Epoch 93: val_AUC=0.9623486149304696, val_AP=0.956210376925507
INFO - 11/05/25 18:45:47 - 0:28:06 - Epoch 94: train_loss=0.8477280139923096, train_AUC=0.9903416343848205, train_AP=0.9874705154410139, time=0.2996799945831299
INFO - 11/05/25 18:45:47 - 0:28:06 - Epoch 94: val_AUC=0.9625294461676811, val_AP=0.9564433283804139
INFO - 11/05/25 18:45:48 - 0:28:06 - Epoch 95: train_loss=0.8457087278366089, train_AUC=0.9904428197845746, train_AP=0.9873017001266903, time=0.302600622177124
INFO - 11/05/25 18:45:48 - 0:28:06 - Epoch 95: val_AUC=0.9626935790248798, val_AP=0.9566522591015904
INFO - 11/05/25 18:45:48 - 0:28:06 - Epoch 96: train_loss=0.8428993225097656, train_AUC=0.9908373819586858, train_AP=0.9881019183893726, time=0.30211377143859863
INFO - 11/05/25 18:45:48 - 0:28:07 - Epoch 96: val_AUC=0.962861988296472, val_AP=0.9568715125239508
INFO - 11/05/25 18:45:48 - 0:28:07 - Epoch 97: train_loss=0.8403284549713135, train_AUC=0.9911915314742478, train_AP=0.9886165741765323, time=0.3023190498352051
INFO - 11/05/25 18:45:48 - 0:28:07 - Epoch 97: val_AUC=0.9630275466251352, val_AP=0.9570811830986252
INFO - 11/05/25 18:45:49 - 0:28:07 - Epoch 98: train_loss=0.839429497718811, train_AUC=0.990560067217132, train_AP=0.9874174618498626, time=0.3012254238128662
INFO - 11/05/25 18:45:49 - 0:28:07 - Epoch 98: val_AUC=0.9631800720718372, val_AP=0.9572733640146903
INFO - 11/05/25 18:45:49 - 0:28:08 - Epoch 99: train_loss=0.8374422788619995, train_AUC=0.9910507419861329, train_AP=0.9883995142853973, time=0.3061065673828125
INFO - 11/05/25 18:45:49 - 0:28:08 - Epoch 99: val_AUC=0.9633399285146425, val_AP=0.9574873282478149
INFO - 11/05/25 18:45:50 - 0:28:08 - Epoch 100: train_loss=0.834240734577179, train_AUC=0.9913287006250093, train_AP=0.9883667390611345, time=0.30085229873657227
INFO - 11/05/25 18:45:50 - 0:28:08 - Epoch 100: val_AUC=0.9634710718893769, val_AP=0.9576810576904294
INFO - 11/05/25 18:45:50 - 0:28:09 - Epoch 101: train_loss=0.8324769735336304, train_AUC=0.991204738766432, train_AP=0.9883345927267897, time=0.3021531105041504
INFO - 11/05/25 18:45:50 - 0:28:09 - Epoch 101: val_AUC=0.9635932551577631, val_AP=0.9578382603972477
INFO - 11/05/25 18:45:50 - 0:28:09 - Epoch 102: train_loss=0.8305456638336182, train_AUC=0.9913345268742791, train_AP=0.9885877430385994, time=0.301285982131958
INFO - 11/05/25 18:45:51 - 0:28:09 - Epoch 102: val_AUC=0.9637085147076074, val_AP=0.9580079436528962
INFO - 11/05/25 18:45:51 - 0:28:09 - Epoch 103: train_loss=0.8286871910095215, train_AUC=0.9919000208918615, train_AP=0.9896752071052908, time=0.30150842666625977
INFO - 11/05/25 18:45:51 - 0:28:09 - Epoch 103: val_AUC=0.9638133886796387, val_AP=0.9581617375510411
INFO - 11/05/25 18:45:51 - 0:28:10 - Epoch 104: train_loss=0.8261082172393799, train_AUC=0.9917428377356429, train_AP=0.989001629409034, time=0.3055586814880371
INFO - 11/05/25 18:45:51 - 0:28:10 - Epoch 104: val_AUC=0.9638999351614121, val_AP=0.9582880228937131
INFO - 11/05/25 18:45:52 - 0:28:10 - Epoch 105: train_loss=0.8232117891311646, train_AUC=0.9923913733733618, train_AP=0.9898266895208849, time=0.30172204971313477
INFO - 11/05/25 18:45:52 - 0:28:10 - Epoch 105: val_AUC=0.9640306712585854, val_AP=0.9584704893624927
INFO - 11/05/25 18:45:52 - 0:28:11 - Epoch 106: train_loss=0.8222584128379822, train_AUC=0.9920184495660336, train_AP=0.9895810433586886, time=0.3023414611816406
INFO - 11/05/25 18:45:52 - 0:28:11 - Epoch 106: val_AUC=0.9641461344472104, val_AP=0.958633402961773
INFO - 11/05/25 18:45:52 - 0:28:11 - Epoch 107: train_loss=0.8216941356658936, train_AUC=0.9918460809297946, train_AP=0.9890768535597888, time=0.30100512504577637
INFO - 11/05/25 18:45:53 - 0:28:11 - Epoch 107: val_AUC=0.9642632267460804, val_AP=0.9587889841080044
INFO - 11/05/25 18:45:53 - 0:28:11 - Epoch 108: train_loss=0.8172596096992493, train_AUC=0.9924584468330346, train_AP=0.9899687549540448, time=0.30182337760925293
INFO - 11/05/25 18:45:53 - 0:28:11 - Epoch 108: val_AUC=0.9643823554327567, val_AP=0.9589371622884942
INFO - 11/05/25 18:45:53 - 0:28:12 - Epoch 109: train_loss=0.8162139654159546, train_AUC=0.9924410471634246, train_AP=0.9898781105522381, time=0.30338525772094727
INFO - 11/05/25 18:45:53 - 0:28:12 - Epoch 109: val_AUC=0.9644678837206271, val_AP=0.9590492570981806
INFO - 11/05/25 18:45:54 - 0:28:12 - Epoch 110: train_loss=0.8128606081008911, train_AUC=0.992685270760543, train_AP=0.990407648231447, time=0.3006465435028076
INFO - 11/05/25 18:45:54 - 0:28:12 - Epoch 110: val_AUC=0.964571332221194, val_AP=0.9591640550925192
INFO - 11/05/25 18:45:54 - 0:28:13 - Epoch 111: train_loss=0.8123639822006226, train_AUC=0.9927046965228227, train_AP=0.9902668179461745, time=0.3030204772949219
INFO - 11/05/25 18:45:54 - 0:28:13 - Epoch 111: val_AUC=0.9646487149578385, val_AP=0.9592528326850591
INFO - 11/05/25 18:45:55 - 0:28:13 - Epoch 112: train_loss=0.8111938834190369, train_AUC=0.9926262085036918, train_AP=0.9898819590613669, time=0.3005244731903076
INFO - 11/05/25 18:45:55 - 0:28:13 - Epoch 112: val_AUC=0.964692497295677, val_AP=0.9593122444884241
INFO - 11/05/25 18:45:55 - 0:28:13 - Epoch 113: train_loss=0.8095494508743286, train_AUC=0.9929041731306726, train_AP=0.990638010165834, time=0.3017542362213135
INFO - 11/05/25 18:45:55 - 0:28:14 - Epoch 113: val_AUC=0.9647515525420638, val_AP=0.9593973268645277
INFO - 11/05/25 18:45:55 - 0:28:14 - Epoch 114: train_loss=0.8068994283676147, train_AUC=0.9931426146848198, train_AP=0.9908581698304875, time=0.30414366722106934
INFO - 11/05/25 18:45:55 - 0:28:14 - Epoch 114: val_AUC=0.9648053131801535, val_AP=0.9594800768373773
INFO - 11/05/25 18:45:56 - 0:28:14 - Epoch 115: train_loss=0.8048779964447021, train_AUC=0.9932265999597307, train_AP=0.99091856807326, time=0.3027925491333008
INFO - 11/05/25 18:45:56 - 0:28:14 - Epoch 115: val_AUC=0.9648313789440759, val_AP=0.959512170749418
INFO - 11/05/25 18:45:56 - 0:28:15 - Epoch 116: train_loss=0.8040796518325806, train_AUC=0.9929052988942628, train_AP=0.9900191066452303, time=0.30505895614624023
INFO - 11/05/25 18:45:56 - 0:28:15 - Epoch 116: val_AUC=0.964856731972266, val_AP=0.9595982712568639
INFO - 11/05/25 18:45:57 - 0:28:15 - Epoch 117: train_loss=0.8029745817184448, train_AUC=0.9931864273537119, train_AP=0.9906878398957198, time=0.3007180690765381
INFO - 11/05/25 18:45:57 - 0:28:15 - Epoch 117: val_AUC=0.9648959324375399, val_AP=0.95966118924106
INFO - 11/05/25 18:45:57 - 0:28:15 - Epoch 118: train_loss=0.7989144325256348, train_AUC=0.9936866633639196, train_AP=0.9915193031660093, time=0.30187320709228516
INFO - 11/05/25 18:45:57 - 0:28:16 - Epoch 118: val_AUC=0.9649173145095075, val_AP=0.959701203007882
INFO - 11/05/25 18:45:57 - 0:28:16 - Epoch 119: train_loss=0.7997199296951294, train_AUC=0.9934513944482761, train_AP=0.9913798819454943, time=0.3031585216522217
INFO - 11/05/25 18:45:57 - 0:28:16 - Epoch 119: val_AUC=0.9649348274446428, val_AP=0.9597497267576804
INFO - 11/05/25 18:45:58 - 0:28:16 - Epoch 120: train_loss=0.7970693707466125, train_AUC=0.9935954016617973, train_AP=0.9914444148762506, time=0.3010687828063965
INFO - 11/05/25 18:45:58 - 0:28:16 - Epoch 120: val_AUC=0.9649446021061138, val_AP=0.9597484256421532
INFO - 11/05/25 18:45:58 - 0:28:17 - Epoch 121: train_loss=0.7965401411056519, train_AUC=0.9936641833162545, train_AP=0.9915667030516707, time=0.2996084690093994
INFO - 11/05/25 18:45:58 - 0:28:17 - Epoch 121: val_AUC=0.9649376783875717, val_AP=0.9597704551627834
INFO - 11/05/25 18:45:59 - 0:28:17 - Epoch 122: train_loss=0.7941285371780396, train_AUC=0.9938198520104717, train_AP=0.9918593222498925, time=0.3019258975982666
INFO - 11/05/25 18:45:59 - 0:28:17 - Epoch 122: val_AUC=0.9649524421991684, val_AP=0.9598017108413672
INFO - 11/05/25 18:45:59 - 0:28:18 - Epoch 123: train_loss=0.7924132347106934, train_AUC=0.9936950305066998, train_AP=0.9913638929998294, time=0.30600881576538086
INFO - 11/05/25 18:45:59 - 0:28:18 - Epoch 123: val_AUC=0.9649694460373524, val_AP=0.9598979624577918
INFO - 11/05/25 18:45:59 - 0:28:18 - Epoch 124: train_loss=0.7906945943832397, train_AUC=0.9940007852208087, train_AP=0.9918164508728633, time=0.3052990436553955
INFO - 11/05/25 18:46:00 - 0:28:18 - Epoch 124: val_AUC=0.9649545804063653, val_AP=0.9599273829129275
INFO - 11/05/25 18:46:00 - 0:28:18 - Epoch 125: train_loss=0.7875393629074097, train_AUC=0.9943120452922505, train_AP=0.9924512743763414, time=0.30255603790283203
INFO - 11/05/25 18:46:00 - 0:28:18 - Epoch 125: val_AUC=0.9649358456385462, val_AP=0.9599645530337683
INFO - 11/05/25 18:46:00 - 0:28:19 - Epoch 126: train_loss=0.7880045175552368, train_AUC=0.9939912218661534, train_AP=0.9917922340595586, time=0.30164623260498047
INFO - 11/05/25 18:46:00 - 0:28:19 - Epoch 126: val_AUC=0.9649097798746238, val_AP=0.9599660661175499
INFO - 11/05/25 18:46:01 - 0:28:19 - Epoch 127: train_loss=0.7867676615715027, train_AUC=0.994203918975241, train_AP=0.9921954891549375, time=0.30548596382141113
INFO - 11/05/25 18:46:01 - 0:28:19 - Epoch 127: val_AUC=0.964909576235843, val_AP=0.9599989351724753
INFO - 11/05/25 18:46:01 - 0:28:20 - Epoch 128: train_loss=0.7861949801445007, train_AUC=0.9939954910322095, train_AP=0.991695324363368, time=0.30344581604003906
INFO - 11/05/25 18:46:01 - 0:28:20 - Epoch 128: val_AUC=0.9648922669394884, val_AP=0.9600091044021243
INFO - 11/05/25 18:46:01 - 0:28:20 - Epoch 129: train_loss=0.7851888537406921, train_AUC=0.9944744669829234, train_AP=0.9927073396927896, time=0.3046848773956299
INFO - 11/05/25 18:46:02 - 0:28:20 - Epoch 129: val_AUC=0.9649032634336432, val_AP=0.9600341590389737
INFO - 11/05/25 18:46:02 - 0:28:20 - Epoch 130: train_loss=0.7832529544830322, train_AUC=0.9943359360668177, train_AP=0.9925472504219411, time=0.3050212860107422
INFO - 11/05/25 18:46:02 - 0:28:21 - Epoch 130: val_AUC=0.964898783380469, val_AP=0.9600427443252101
INFO - 11/05/25 18:46:02 - 0:28:21 - Epoch 131: train_loss=0.7815331220626831, train_AUC=0.9943259988078911, train_AP=0.9921417263430827, time=0.3027470111846924
INFO - 11/05/25 18:46:02 - 0:28:21 - Epoch 131: val_AUC=0.9648845286658239, val_AP=0.9600736725467549
INFO - 11/05/25 18:46:03 - 0:28:21 - Epoch 132: train_loss=0.7786356210708618, train_AUC=0.9945428849481108, train_AP=0.992584170002014, time=0.30217599868774414
INFO - 11/05/25 18:46:03 - 0:28:21 - Epoch 132: val_AUC=0.9648520482803111, val_AP=0.9601123294657573
INFO - 11/05/25 18:46:03 - 0:28:22 - Epoch 133: train_loss=0.7788450717926025, train_AUC=0.9947414274117048, train_AP=0.9928491014624454, time=0.3037569522857666
INFO - 11/05/25 18:46:03 - 0:28:22 - Epoch 133: val_AUC=0.9648247606837049, val_AP=0.9601508883780923
INFO - 11/05/25 18:46:04 - 0:28:22 - Epoch 134: train_loss=0.7763181924819946, train_AUC=0.9945468895808577, train_AP=0.9923565357928307, time=0.30190086364746094
INFO - 11/05/25 18:46:04 - 0:28:22 - Epoch 134: val_AUC=0.9647696763935409, val_AP=0.9601436988606721
INFO - 11/05/25 18:46:04 - 0:28:22 - Epoch 135: train_loss=0.7761231064796448, train_AUC=0.9947333172290432, train_AP=0.9928635694287234, time=0.3067967891693115
INFO - 11/05/25 18:46:04 - 0:28:23 - Epoch 135: val_AUC=0.9647501270705992, val_AP=0.9601547686689302
INFO - 11/05/25 18:46:04 - 0:28:23 - Epoch 136: train_loss=0.7721927165985107, train_AUC=0.9949726881721872, train_AP=0.9932368102038172, time=0.30551600456237793
INFO - 11/05/25 18:46:04 - 0:28:23 - Epoch 136: val_AUC=0.9647144902839865, val_AP=0.960174584798158
INFO - 11/05/25 18:46:05 - 0:28:23 - Epoch 137: train_loss=0.772422730922699, train_AUC=0.9950687938983692, train_AP=0.9932245222778623, time=0.30659961700439453
INFO - 11/05/25 18:46:05 - 0:28:23 - Epoch 137: val_AUC=0.9646617478397997, val_AP=0.9601501701707735
INFO - 11/05/25 18:46:05 - 0:28:24 - Epoch 138: train_loss=0.7712218165397644, train_AUC=0.9951886563712566, train_AP=0.9936076201676126, time=0.2979106903076172
INFO - 11/05/25 18:46:05 - 0:28:24 - Epoch 138: val_AUC=0.9645980089014583, val_AP=0.9600962683110643
INFO - 11/05/25 18:46:06 - 0:28:24 - Epoch 139: train_loss=0.7706866264343262, train_AUC=0.9949621697149112, train_AP=0.992997390017592, time=0.3007514476776123
INFO - 11/05/25 18:46:06 - 0:28:24 - Epoch 139: val_AUC=0.9645614557403328, val_AP=0.9600877571285463
INFO - 11/05/25 18:46:06 - 0:28:25 - Epoch 140: train_loss=0.770330011844635, train_AUC=0.9950147863059491, train_AP=0.9930628752508551, time=0.2983851432800293
INFO - 11/05/25 18:46:06 - 0:28:25 - Epoch 140: val_AUC=0.964525106217988, val_AP=0.9600724038189907
INFO - 11/05/25 18:46:06 - 0:28:25 - Epoch 141: train_loss=0.7678718566894531, train_AUC=0.9950012679845877, train_AP=0.9931797951041911, time=0.3009781837463379
INFO - 11/05/25 18:46:06 - 0:28:25 - Epoch 141: val_AUC=0.9644882475986916, val_AP=0.9600275781207553
INFO - 11/05/25 18:46:07 - 0:28:25 - Epoch 142: train_loss=0.7655540108680725, train_AUC=0.9953211680097923, train_AP=0.9937246806432519, time=0.30023765563964844
INFO - 11/05/25 18:46:07 - 0:28:25 - Epoch 142: val_AUC=0.9644414106791435, val_AP=0.9600030122341807
INFO - 11/05/25 18:46:07 - 0:28:26 - Epoch 143: train_loss=0.765068769454956, train_AUC=0.9953225361154823, train_AP=0.9935900849175661, time=0.29656481742858887
INFO - 11/05/25 18:46:07 - 0:28:26 - Epoch 143: val_AUC=0.9643735989651891, val_AP=0.9599451157958844
INFO - 11/05/25 18:46:08 - 0:28:26 - Epoch 144: train_loss=0.7642028331756592, train_AUC=0.9951975404283262, train_AP=0.993330585839191, time=0.30767273902893066
INFO - 11/05/25 18:46:08 - 0:28:26 - Epoch 144: val_AUC=0.9642892925100026, val_AP=0.9598924922385378
INFO - 11/05/25 18:46:08 - 0:28:26 - Epoch 145: train_loss=0.7613948583602905, train_AUC=0.9955217545303686, train_AP=0.9938165034107895, time=0.2933814525604248
INFO - 11/05/25 18:46:08 - 0:28:27 - Epoch 145: val_AUC=0.9642098733855519, val_AP=0.9598161386314062
INFO - 11/05/25 18:46:08 - 0:28:27 - Epoch 146: train_loss=0.7599728107452393, train_AUC=0.9957180174635887, train_AP=0.9941903502809095, time=0.29257941246032715
INFO - 11/05/25 18:46:08 - 0:28:27 - Epoch 146: val_AUC=0.9641614073557585, val_AP=0.9598290654032068
INFO - 11/05/25 18:46:09 - 0:28:27 - Epoch 147: train_loss=0.7605833411216736, train_AUC=0.9952585014425723, train_AP=0.9934988426347672, time=0.2944164276123047
INFO - 11/05/25 18:46:09 - 0:28:27 - Epoch 147: val_AUC=0.9641473562798942, val_AP=0.9598261255615531
INFO - 11/05/25 18:46:09 - 0:28:28 - Epoch 148: train_loss=0.7590346932411194, train_AUC=0.9954915758941457, train_AP=0.9938706015273072, time=0.2979774475097656
INFO - 11/05/25 18:46:09 - 0:28:28 - Epoch 148: val_AUC=0.9641443016981843, val_AP=0.9598420480559938
INFO - 11/05/25 18:46:10 - 0:28:28 - Epoch 149: train_loss=0.7574136257171631, train_AUC=0.9956707635721072, train_AP=0.9942376588839986, time=0.2925581932067871
INFO - 11/05/25 18:46:10 - 0:28:28 - Epoch 149: val_AUC=0.9641212905159717, val_AP=0.9598218232319216
INFO - 11/05/25 18:46:10 - 0:28:28 - Epoch 150: train_loss=0.7558233737945557, train_AUC=0.995693189374593, train_AP=0.9940760623613667, time=0.2944929599761963
INFO - 11/05/25 18:46:10 - 0:28:29 - Epoch 150: val_AUC=0.964057144300069, val_AP=0.9597737850335686
INFO - 11/05/25 18:46:10 - 0:28:29 - Epoch 151: train_loss=0.753653883934021, train_AUC=0.9958260602993808, train_AP=0.9941834059513547, time=0.3023796081542969
INFO - 11/05/25 18:46:10 - 0:28:29 - Epoch 151: val_AUC=0.9640003290802696, val_AP=0.9597317055295084
INFO - 11/05/25 18:46:11 - 0:28:29 - Epoch 152: train_loss=0.7538902759552002, train_AUC=0.9957200789565214, train_AP=0.9940751102512114, time=0.2967824935913086
INFO - 11/05/25 18:46:11 - 0:28:29 - Epoch 152: val_AUC=0.9639708014570763, val_AP=0.9597618634805396
INFO - 11/05/25 18:46:11 - 0:28:30 - Epoch 153: train_loss=0.7528921365737915, train_AUC=0.9957693765527436, train_AP=0.9941800016008737, time=0.29305028915405273
INFO - 11/05/25 18:46:11 - 0:28:30 - Epoch 153: val_AUC=0.963952677605599, val_AP=0.9597748104461981
INFO - 11/05/25 18:46:11 - 0:28:30 - Epoch 154: train_loss=0.750861644744873, train_AUC=0.9960920441388148, train_AP=0.9947345995225652, time=0.2950139045715332
INFO - 11/05/25 18:46:12 - 0:28:30 - Epoch 154: val_AUC=0.9639264082028959, val_AP=0.9597636350268018
INFO - 11/05/25 18:46:12 - 0:28:30 - Epoch 155: train_loss=0.7503148317337036, train_AUC=0.9957960148104161, train_AP=0.9941174931613919, time=0.29526400566101074
INFO - 11/05/25 18:46:12 - 0:28:30 - Epoch 155: val_AUC=0.9638695929830965, val_AP=0.9597354252828122
INFO - 11/05/25 18:46:12 - 0:28:31 - Epoch 156: train_loss=0.749001145362854, train_AUC=0.996159001358818, train_AP=0.9947785317282846, time=0.29627084732055664
INFO - 11/05/25 18:46:12 - 0:28:31 - Epoch 156: val_AUC=0.9638575782950385, val_AP=0.9597501136587554
INFO - 11/05/25 18:46:13 - 0:28:31 - Epoch 157: train_loss=0.7475077509880066, train_AUC=0.9960811301144201, train_AP=0.9946618038454624, time=0.2939581871032715
INFO - 11/05/25 18:46:13 - 0:28:31 - Epoch 157: val_AUC=0.9638290688657484, val_AP=0.9597566795157234
INFO - 11/05/25 18:46:13 - 0:28:32 - Epoch 158: train_loss=0.7470594644546509, train_AUC=0.996245069613388, train_AP=0.9946811450883796, time=0.31491899490356445
INFO - 11/05/25 18:46:13 - 0:28:32 - Epoch 158: val_AUC=0.9638343634740449, val_AP=0.9597781185570926
INFO - 11/05/25 18:46:13 - 0:28:32 - Epoch 159: train_loss=0.7456006407737732, train_AUC=0.9961677360655238, train_AP=0.9947484068190386, time=0.3166086673736572
INFO - 11/05/25 18:46:14 - 0:28:32 - Epoch 159: val_AUC=0.9638223487859872, val_AP=0.959822018673721
INFO - 11/05/25 18:46:14 - 0:28:32 - Epoch 160: train_loss=0.7450336217880249, train_AUC=0.9962023652721359, train_AP=0.9945787183370768, time=0.31316113471984863
INFO - 11/05/25 18:46:14 - 0:28:33 - Epoch 160: val_AUC=0.9638076867937806, val_AP=0.9598447768869104
INFO - 11/05/25 18:46:14 - 0:28:33 - Epoch 161: train_loss=0.7424865961074829, train_AUC=0.9963343106825829, train_AP=0.9950450760193508, time=0.3057680130004883
INFO - 11/05/25 18:46:14 - 0:28:33 - Epoch 161: val_AUC=0.9636922236051557, val_AP=0.9597480328612585
INFO - 11/05/25 18:46:15 - 0:28:33 - Epoch 162: train_loss=0.7434598207473755, train_AUC=0.9962814730600518, train_AP=0.994708627581453, time=0.3043644428253174
INFO - 11/05/25 18:46:15 - 0:28:33 - Epoch 162: val_AUC=0.9636105644541176, val_AP=0.9596823672926293
INFO - 11/05/25 18:46:15 - 0:28:34 - Epoch 163: train_loss=0.7408654689788818, train_AUC=0.9963328226386882, train_AP=0.9947644924822562, time=0.3052382469177246
INFO - 11/05/25 18:46:15 - 0:28:34 - Epoch 163: val_AUC=0.963529312580641, val_AP=0.959629691389268
INFO - 11/05/25 18:46:16 - 0:28:34 - Epoch 164: train_loss=0.7411084771156311, train_AUC=0.996338964320153, train_AP=0.9950204154884469, time=0.3021211624145508
INFO - 11/05/25 18:46:16 - 0:28:34 - Epoch 164: val_AUC=0.9634881775469509, val_AP=0.9596307848120267
INFO - 11/05/25 18:46:16 - 0:28:34 - Epoch 165: train_loss=0.7391901016235352, train_AUC=0.9966859876394708, train_AP=0.9953973878400566, time=0.3016505241394043
INFO - 11/05/25 18:46:16 - 0:28:35 - Epoch 165: val_AUC=0.9634519298439964, val_AP=0.9596230549264386
INFO - 11/05/25 18:46:16 - 0:28:35 - Epoch 166: train_loss=0.7390958666801453, train_AUC=0.9964159266055567, train_AP=0.9950433596305683, time=0.30526113510131836
INFO - 11/05/25 18:46:16 - 0:28:35 - Epoch 166: val_AUC=0.9634226058595836, val_AP=0.9596706407690749
INFO - 11/05/25 18:46:17 - 0:28:35 - Epoch 167: train_loss=0.737336277961731, train_AUC=0.9964781609725497, train_AP=0.9950764894685019, time=0.3071272373199463
INFO - 11/05/25 18:46:17 - 0:28:35 - Epoch 167: val_AUC=0.9633708816093002, val_AP=0.9596658430983074
INFO - 11/05/25 18:46:17 - 0:28:36 - Epoch 168: train_loss=0.7374737858772278, train_AUC=0.9964540509276962, train_AP=0.994838206039149, time=0.304903507232666
INFO - 11/05/25 18:46:17 - 0:28:36 - Epoch 168: val_AUC=0.9632930915950944, val_AP=0.9596030772048384
INFO - 11/05/25 18:46:18 - 0:28:36 - Epoch 169: train_loss=0.7342183589935303, train_AUC=0.9968239193929148, train_AP=0.9954073157036418, time=0.3024637699127197
INFO - 11/05/25 18:46:18 - 0:28:36 - Epoch 169: val_AUC=0.963211025166495, val_AP=0.959528266146892
INFO - 11/05/25 18:46:18 - 0:28:36 - Epoch 170: train_loss=0.7332339286804199, train_AUC=0.9968537193696071, train_AP=0.995727656997762, time=0.33005666732788086
INFO - 11/05/25 18:46:18 - 0:28:37 - Epoch 170: val_AUC=0.9631419916198567, val_AP=0.9594853342658131
INFO - 11/05/25 18:46:18 - 0:28:37 - Epoch 171: train_loss=0.732742428779602, train_AUC=0.9965751316275478, train_AP=0.9950799093151402, time=0.3817481994628906
INFO - 11/05/25 18:46:19 - 0:28:37 - Epoch 171: val_AUC=0.9631191840764247, val_AP=0.9595076101665689
INFO - 11/05/25 18:46:19 - 0:28:37 - Epoch 172: train_loss=0.7307432889938354, train_AUC=0.9968952454632968, train_AP=0.9955625020887507, time=0.3627772331237793
INFO - 11/05/25 18:46:19 - 0:28:38 - Epoch 172: val_AUC=0.9630937292288443, val_AP=0.9595133638926787
INFO - 11/05/25 18:46:19 - 0:28:38 - Epoch 173: train_loss=0.7313435077667236, train_AUC=0.9967489881315607, train_AP=0.9953742492312417, time=0.34702610969543457
INFO - 11/05/25 18:46:19 - 0:28:38 - Epoch 173: val_AUC=0.9630418013397802, val_AP=0.959517751516849
INFO - 11/05/25 18:46:20 - 0:28:38 - Epoch 174: train_loss=0.7289688587188721, train_AUC=0.9968835306180249, train_AP=0.9955682714793932, time=0.37087225914001465
INFO - 11/05/25 18:46:20 - 0:28:38 - Epoch 174: val_AUC=0.9629265417899361, val_AP=0.9594876656106455
INFO - 11/05/25 18:46:20 - 0:28:39 - Epoch 175: train_loss=0.7283236980438232, train_AUC=0.9969521808864312, train_AP=0.9958986515260254, time=0.3543257713317871
INFO - 11/05/25 18:46:20 - 0:28:39 - Epoch 175: val_AUC=0.9628499736084138, val_AP=0.9594427115744679
INFO - 11/05/25 18:46:21 - 0:28:39 - Epoch 176: train_loss=0.7279434204101562, train_AUC=0.9967965065563513, train_AP=0.9953854086665049, time=0.3508918285369873
INFO - 11/05/25 18:46:21 - 0:28:39 - Epoch 176: val_AUC=0.9627805327842145, val_AP=0.9594221011392527
INFO - 11/05/25 18:46:21 - 0:28:40 - Epoch 177: train_loss=0.7257497906684875, train_AUC=0.9971174976493662, train_AP=0.996156916870111, time=0.35497331619262695
INFO - 11/05/25 18:46:21 - 0:28:40 - Epoch 177: val_AUC=0.9627263648685633, val_AP=0.9593968908391453
INFO - 11/05/25 18:46:22 - 0:28:40 - Epoch 178: train_loss=0.7251993417739868, train_AUC=0.9970478628661804, train_AP=0.9958751889579947, time=0.3561527729034424
INFO - 11/05/25 18:46:22 - 0:28:40 - Epoch 178: val_AUC=0.9626530549075316, val_AP=0.959407084650292
INFO - 11/05/25 18:46:22 - 0:28:41 - Epoch 179: train_loss=0.7250123023986816, train_AUC=0.9969293200657872, train_AP=0.9956951849851519, time=0.3719675540924072
INFO - 11/05/25 18:46:22 - 0:28:41 - Epoch 179: val_AUC=0.9625644720379517, val_AP=0.9593835262571356
INFO - 11/05/25 18:46:23 - 0:28:41 - Epoch 180: train_loss=0.7241131663322449, train_AUC=0.9970503887894303, train_AP=0.9958720291044847, time=0.35472726821899414
INFO - 11/05/25 18:46:23 - 0:28:41 - Epoch 180: val_AUC=0.9625147841754748, val_AP=0.9593707905586947
INFO - 11/05/25 18:46:23 - 0:28:42 - Epoch 181: train_loss=0.7220405340194702, train_AUC=0.9971583904129759, train_AP=0.9960311606350641, time=0.3549821376800537
INFO - 11/05/25 18:46:23 - 0:28:42 - Epoch 181: val_AUC=0.9624864783849653, val_AP=0.9593676447323674
INFO - 11/05/25 18:46:24 - 0:28:42 - Epoch 182: train_loss=0.7209818363189697, train_AUC=0.9971375669567268, train_AP=0.9961073693169317, time=0.3588752746582031
INFO - 11/05/25 18:46:24 - 0:28:42 - Epoch 182: val_AUC=0.9624406596593206, val_AP=0.9593437364523809
INFO - 11/05/25 18:46:24 - 0:28:43 - Epoch 183: train_loss=0.7195702791213989, train_AUC=0.9970910025778323, train_AP=0.9958528030096013, time=0.3547992706298828
INFO - 11/05/25 18:46:24 - 0:28:43 - Epoch 183: val_AUC=0.9623730515841469, val_AP=0.9592842334197793
INFO - 11/05/25 18:46:25 - 0:28:43 - Epoch 184: train_loss=0.7186287045478821, train_AUC=0.9972497572591632, train_AP=0.9960868719224115, time=0.3494446277618408
INFO - 11/05/25 18:46:25 - 0:28:43 - Epoch 184: val_AUC=0.9623217346114246, val_AP=0.9592782191423009
INFO - 11/05/25 18:46:25 - 0:28:44 - Epoch 185: train_loss=0.7164736986160278, train_AUC=0.9974199404134882, train_AP=0.9962928297153252, time=0.34105920791625977
INFO - 11/05/25 18:46:25 - 0:28:44 - Epoch 185: val_AUC=0.9623168472806893, val_AP=0.9593260524304936
INFO - 11/05/25 18:46:25 - 0:28:44 - Epoch 186: train_loss=0.7172242999076843, train_AUC=0.9972736792070963, train_AP=0.9963071598035707, time=0.35004377365112305
INFO - 11/05/25 18:46:26 - 0:28:44 - Epoch 186: val_AUC=0.9622923088076216, val_AP=0.9593794625983589
INFO - 11/05/25 18:46:26 - 0:28:44 - Epoch 187: train_loss=0.7165486812591553, train_AUC=0.9969239344705385, train_AP=0.9955447440045038, time=0.35626721382141113
INFO - 11/05/25 18:46:26 - 0:28:45 - Epoch 187: val_AUC=0.9621967004001095, val_AP=0.95933496733159
INFO - 11/05/25 18:46:26 - 0:28:45 - Epoch 188: train_loss=0.7139507532119751, train_AUC=0.9974473483186717, train_AP=0.9964112328556968, time=0.3542342185974121
INFO - 11/05/25 18:46:27 - 0:28:45 - Epoch 188: val_AUC=0.9620612806109814, val_AP=0.9592637263165875
INFO - 11/05/25 18:46:27 - 0:28:45 - Epoch 189: train_loss=0.7137261629104614, train_AUC=0.9973816353914983, train_AP=0.9964208886626572, time=0.35510730743408203
INFO - 11/05/25 18:46:27 - 0:28:46 - Epoch 189: val_AUC=0.9619786032660402, val_AP=0.9592393489545327
INFO - 11/05/25 18:46:27 - 0:28:46 - Epoch 190: train_loss=0.7139560580253601, train_AUC=0.9972865675446714, train_AP=0.9961685919005542, time=0.34699177742004395
INFO - 11/05/25 18:46:27 - 0:28:46 - Epoch 190: val_AUC=0.9619944870909304, val_AP=0.9593425409200942
INFO - 11/05/25 18:46:28 - 0:28:46 - Epoch 191: train_loss=0.7133665084838867, train_AUC=0.9971322049616536, train_AP=0.9957617884957783, time=0.3551952838897705
INFO - 11/05/25 18:46:28 - 0:28:46 - Epoch 191: val_AUC=0.9619500938367502, val_AP=0.9593483224049216
INFO - 11/05/25 18:46:28 - 0:28:47 - Epoch 192: train_loss=0.7102752923965454, train_AUC=0.997473273991944, train_AP=0.9963709720426968, time=0.3524348735809326
INFO - 11/05/25 18:46:28 - 0:28:47 - Epoch 192: val_AUC=0.9618423689217896, val_AP=0.9592832609969488
INFO - 11/05/25 18:46:29 - 0:28:47 - Epoch 193: train_loss=0.710618793964386, train_AUC=0.9974502171489475, train_AP=0.9963835647165282, time=0.3520636558532715
INFO - 11/05/25 18:46:29 - 0:28:47 - Epoch 193: val_AUC=0.9617603024931903, val_AP=0.9592577014648672
INFO - 11/05/25 18:46:29 - 0:28:48 - Epoch 194: train_loss=0.7095981240272522, train_AUC=0.9973672084633842, train_AP=0.9962862107345564, time=0.337841272354126
INFO - 11/05/25 18:46:29 - 0:28:48 - Epoch 194: val_AUC=0.9617175383492551, val_AP=0.9592375146976897
INFO - 11/05/25 18:46:30 - 0:28:48 - Epoch 195: train_loss=0.7074164152145386, train_AUC=0.9977290731228511, train_AP=0.9969395821108208, time=0.3406250476837158
INFO - 11/05/25 18:46:30 - 0:28:48 - Epoch 195: val_AUC=0.9616460611372493, val_AP=0.9592058344494379
INFO - 11/05/25 18:46:30 - 0:28:49 - Epoch 196: train_loss=0.7084429860115051, train_AUC=0.997432833154081, train_AP=0.9961621780660845, time=0.3388640880584717
INFO - 11/05/25 18:46:30 - 0:28:49 - Epoch 196: val_AUC=0.9615529982144951, val_AP=0.95914788275585
INFO - 11/05/25 18:46:30 - 0:28:49 - Epoch 197: train_loss=0.7065256834030151, train_AUC=0.9976040515459504, train_AP=0.9966360243740547, time=0.3376009464263916
INFO - 11/05/25 18:46:31 - 0:28:49 - Epoch 197: val_AUC=0.9615242851464245, val_AP=0.9591744770645594
INFO - 11/05/25 18:46:31 - 0:28:49 - Epoch 198: train_loss=0.7064265608787537, train_AUC=0.9974680023467958, train_AP=0.9964306914526384, time=0.30944156646728516
INFO - 11/05/25 18:46:31 - 0:28:50 - Epoch 198: val_AUC=0.9614957757171344, val_AP=0.959214959728151
INFO - 11/05/25 18:46:31 - 0:28:50 - Epoch 199: train_loss=0.7043033838272095, train_AUC=0.9975190713651382, train_AP=0.9963094203577335, time=0.3072695732116699
INFO - 11/05/25 18:46:31 - 0:28:50 - Epoch 199: val_AUC=0.9614403859687991, val_AP=0.9592620718661596
INFO - 11/05/25 18:46:32 - 0:28:50 - Epoch 200: train_loss=0.7047105431556702, train_AUC=0.9976277957880854, train_AP=0.9963572850659302, time=0.2999563217163086
INFO - 11/05/25 18:46:32 - 0:28:50 - Epoch 200: val_AUC=0.9613566904299548, val_AP=0.9592295548302664
INFO - 11/05/25 18:46:32 - 0:28:51 - Epoch 201: train_loss=0.7020191550254822, train_AUC=0.9977629425447123, train_AP=0.9969092470960307, time=0.31087446212768555
INFO - 11/05/25 18:46:32 - 0:28:51 - Epoch 201: val_AUC=0.961269125754278, val_AP=0.9592056336932269
INFO - 11/05/25 18:46:32 - 0:28:51 - Epoch 202: train_loss=0.7025780081748962, train_AUC=0.9975570569041569, train_AP=0.9965547259280598, time=0.3048725128173828
INFO - 11/05/25 18:46:33 - 0:28:51 - Epoch 202: val_AUC=0.9612369508269362, val_AP=0.9592209412948001
INFO - 11/05/25 18:46:33 - 0:28:51 - Epoch 203: train_loss=0.7011790871620178, train_AUC=0.9977217082830422, train_AP=0.9967406657271843, time=0.2993340492248535
INFO - 11/05/25 18:46:33 - 0:28:52 - Epoch 203: val_AUC=0.9611381860183242, val_AP=0.959164048406768
INFO - 11/05/25 18:46:33 - 0:28:52 - Epoch 204: train_loss=0.7016453742980957, train_AUC=0.9975443985802315, train_AP=0.9963848174249503, time=0.298905611038208
INFO - 11/05/25 18:46:33 - 0:28:52 - Epoch 204: val_AUC=0.9610155954723768, val_AP=0.9590760103012672
INFO - 11/05/25 18:46:34 - 0:28:52 - Epoch 205: train_loss=0.7006853818893433, train_AUC=0.9976895069004432, train_AP=0.996585012438659, time=0.29929471015930176
INFO - 11/05/25 18:46:34 - 0:28:52 - Epoch 205: val_AUC=0.9609009468388744, val_AP=0.959008239608608
INFO - 11/05/25 18:46:34 - 0:28:53 - Epoch 206: train_loss=0.6995232701301575, train_AUC=0.9977355645800497, train_AP=0.9969142412869613, time=0.3067471981048584
INFO - 11/05/25 18:46:34 - 0:28:53 - Epoch 206: val_AUC=0.9609092960288809, val_AP=0.9590578802957654
INFO - 11/05/25 18:46:34 - 0:28:53 - Epoch 207: train_loss=0.698265552520752, train_AUC=0.9977614890204771, train_AP=0.9966779792224096, time=0.30165767669677734
INFO - 11/05/25 18:46:35 - 0:28:53 - Epoch 207: val_AUC=0.9608551281132297, val_AP=0.9590337243255971
INFO - 11/05/25 18:46:35 - 0:28:53 - Epoch 208: train_loss=0.6975147724151611, train_AUC=0.9978297925072015, train_AP=0.996774875451834, time=0.2991950511932373
INFO - 11/05/25 18:46:35 - 0:28:53 - Epoch 208: val_AUC=0.9607105445789728, val_AP=0.9589441315478142
INFO - 11/05/25 18:46:35 - 0:28:54 - Epoch 209: train_loss=0.696418046951294, train_AUC=0.9978777413710123, train_AP=0.9969461747489556, time=0.29835033416748047
INFO - 11/05/25 18:46:35 - 0:28:54 - Epoch 209: val_AUC=0.9609500237850096, val_AP=0.9592333163686237
INFO - 11/05/25 18:46:36 - 0:28:54 - Epoch 210: train_loss=0.6970828771591187, train_AUC=0.9978176840321388, train_AP=0.9966592823672511, time=0.30682897567749023
INFO - 11/05/25 18:46:36 - 0:28:54 - Epoch 210: val_AUC=0.9609443218991516, val_AP=0.9592702551885094
INFO - 11/05/25 18:46:36 - 0:28:55 - Epoch 211: train_loss=0.6954969763755798, train_AUC=0.9978389685724115, train_AP=0.9969142975280391, time=0.29955410957336426
INFO - 11/05/25 18:46:36 - 0:28:55 - Epoch 211: val_AUC=0.9607305011794758, val_AP=0.9590878674440779
INFO - 11/05/25 18:46:36 - 0:28:55 - Epoch 212: train_loss=0.6960062980651855, train_AUC=0.9979224552495869, train_AP=0.9970602336825928, time=0.3027479648590088
INFO - 11/05/25 18:46:37 - 0:28:55 - Epoch 212: val_AUC=0.9608072729997784, val_AP=0.9591530873646961
INFO - 11/05/25 18:46:37 - 0:28:55 - Epoch 213: train_loss=0.6950340270996094, train_AUC=0.9979390560356478, train_AP=0.9971635901910444, time=0.2988436222076416
INFO - 11/05/25 18:46:37 - 0:28:55 - Epoch 213: val_AUC=0.9610229264684801, val_AP=0.9593774596470072
INFO - 11/05/25 18:46:37 - 0:28:56 - Epoch 214: train_loss=0.6938148140907288, train_AUC=0.9978634720709354, train_AP=0.9969268580859223, time=0.29862141609191895
INFO - 11/05/25 18:46:37 - 0:28:56 - Epoch 214: val_AUC=0.9608651064134812, val_AP=0.9592972459417678
INFO - 11/05/25 18:46:38 - 0:28:56 - Epoch 215: train_loss=0.6927393674850464, train_AUC=0.9979797735591491, train_AP=0.9969320170469578, time=0.29886579513549805
INFO - 11/05/25 18:46:38 - 0:28:56 - Epoch 215: val_AUC=0.9603930717199494, val_AP=0.9588908040311395
INFO - 11/05/25 18:46:38 - 0:28:57 - Epoch 216: train_loss=0.6924989819526672, train_AUC=0.997866520192096, train_AP=0.996817818654741, time=0.2984468936920166
INFO - 11/05/25 18:46:38 - 0:28:57 - Epoch 216: val_AUC=0.9603004160747566, val_AP=0.9588905252559613
INFO - 11/05/25 18:46:38 - 0:28:57 - Epoch 217: train_loss=0.6906588077545166, train_AUC=0.997987401875543, train_AP=0.9971606472778168, time=0.30570530891418457
INFO - 11/05/25 18:46:39 - 0:28:57 - Epoch 217: val_AUC=0.9604861346427035, val_AP=0.9590988831347735
INFO - 11/05/25 18:46:39 - 0:28:57 - Epoch 218: train_loss=0.6905639171600342, train_AUC=0.9980130240928288, train_AP=0.9972061030641669, time=0.29870152473449707
INFO - 11/05/25 18:46:39 - 0:28:57 - Epoch 218: val_AUC=0.9604048827692268, val_AP=0.9590052578866618
INFO - 11/05/25 18:46:39 - 0:28:58 - Epoch 219: train_loss=0.6889940500259399, train_AUC=0.9979247574995328, train_AP=0.99698973329691, time=0.2991971969604492
INFO - 11/05/25 18:46:39 - 0:28:58 - Epoch 219: val_AUC=0.9601421887421966, val_AP=0.9587714098264006
INFO - 11/05/25 18:46:40 - 0:28:58 - Epoch 220: train_loss=0.6873595714569092, train_AUC=0.9982477162131407, train_AP=0.9975827350534517, time=0.2982180118560791
INFO - 11/05/25 18:46:40 - 0:28:58 - Epoch 220: val_AUC=0.9602392226211732, val_AP=0.9589390671801319
INFO - 11/05/25 18:46:40 - 0:28:59 - Epoch 221: train_loss=0.6883490085601807, train_AUC=0.9979605570282755, train_AP=0.9970960140600562, time=0.3065807819366455
INFO - 11/05/25 18:46:40 - 0:28:59 - Epoch 221: val_AUC=0.9602545973491118, val_AP=0.9590009060816984
INFO - 11/05/25 18:46:40 - 0:28:59 - Epoch 222: train_loss=0.6880010962486267, train_AUC=0.9980154228569246, train_AP=0.996812976408555, time=0.2993645668029785
INFO - 11/05/25 18:46:41 - 0:28:59 - Epoch 222: val_AUC=0.9600022888998945, val_AP=0.9588174401534381
INFO - 11/05/25 18:46:41 - 0:28:59 - Epoch 223: train_loss=0.687558114528656, train_AUC=0.9979301656382326, train_AP=0.9970500289278396, time=0.3065638542175293
INFO - 11/05/25 18:46:41 - 0:28:59 - Epoch 223: val_AUC=0.9601273231112095, val_AP=0.958968853696909
INFO - 11/05/25 18:46:41 - 0:29:00 - Epoch 224: train_loss=0.686869204044342, train_AUC=0.9980094273556506, train_AP=0.9971489302905434, time=0.2992880344390869
INFO - 11/05/25 18:46:41 - 0:29:00 - Epoch 224: val_AUC=0.9603083579872018, val_AP=0.9591559093760218
INFO - 11/05/25 18:46:42 - 0:29:00 - Epoch 225: train_loss=0.6857609748840332, train_AUC=0.9979872201189683, train_AP=0.9970560835142637, time=0.2972984313964844
INFO - 11/05/25 18:46:42 - 0:29:00 - Epoch 225: val_AUC=0.9601694763388029, val_AP=0.9590174020828588
INFO - 11/05/25 18:46:42 - 0:29:01 - Epoch 226: train_loss=0.6852428913116455, train_AUC=0.9980032263215058, train_AP=0.9971375425403965, time=0.2971630096435547
INFO - 11/05/25 18:46:42 - 0:29:01 - Epoch 226: val_AUC=0.9599902742118365, val_AP=0.9588511141099639
INFO - 11/05/25 18:46:42 - 0:29:01 - Epoch 227: train_loss=0.6843557357788086, train_AUC=0.9981391418450402, train_AP=0.9971879744954393, time=0.2931177616119385
INFO - 11/05/25 18:46:42 - 0:29:01 - Epoch 227: val_AUC=0.9601201957538871, val_AP=0.959010604048441
INFO - 11/05/25 18:46:43 - 0:29:01 - Epoch 228: train_loss=0.6825568675994873, train_AUC=0.9981499435044208, train_AP=0.9972705341269037, time=0.29375481605529785
INFO - 11/05/25 18:46:43 - 0:29:01 - Epoch 228: val_AUC=0.9600407766294361, val_AP=0.9589574393313196
INFO - 11/05/25 18:46:43 - 0:29:02 - Epoch 229: train_loss=0.6820437908172607, train_AUC=0.9981100105986909, train_AP=0.9972067526942087, time=0.2944812774658203
INFO - 11/05/25 18:46:43 - 0:29:02 - Epoch 229: val_AUC=0.9598012974233994, val_AP=0.9587072668694413
INFO - 11/05/25 18:46:44 - 0:29:02 - Epoch 230: train_loss=0.6813142895698547, train_AUC=0.9982082186778105, train_AP=0.997350392555375, time=0.29352664947509766
INFO - 11/05/25 18:46:44 - 0:29:02 - Epoch 230: val_AUC=0.9598544471451472, val_AP=0.9587272220342701
INFO - 11/05/25 18:46:44 - 0:29:02 - Epoch 231: train_loss=0.6806836128234863, train_AUC=0.9980226853705999, train_AP=0.9969785040857508, time=0.2943534851074219
INFO - 11/05/25 18:46:44 - 0:29:03 - Epoch 231: val_AUC=0.959966448474501, val_AP=0.9588419581603085
INFO - 11/05/25 18:46:44 - 0:29:03 - Epoch 232: train_loss=0.6794707775115967, train_AUC=0.998173702188454, train_AP=0.9973399016785276, time=0.33731770515441895
INFO - 11/05/25 18:46:44 - 0:29:03 - Epoch 232: val_AUC=0.9598577053656374, val_AP=0.9587715593753124
INFO - 11/05/25 18:46:45 - 0:29:03 - Epoch 233: train_loss=0.6796703338623047, train_AUC=0.9982374029364942, train_AP=0.9975262010824159, time=0.34226202964782715
INFO - 11/05/25 18:46:45 - 0:29:03 - Epoch 233: val_AUC=0.9598200321912184, val_AP=0.9587694950976067
INFO - 11/05/25 18:46:45 - 0:29:04 - Epoch 234: train_loss=0.6800016760826111, train_AUC=0.9980627646326413, train_AP=0.9969613488149539, time=0.33907079696655273
INFO - 11/05/25 18:46:45 - 0:29:04 - Epoch 234: val_AUC=0.9598528180349021, val_AP=0.9588390974196168
INFO - 11/05/25 18:46:46 - 0:29:04 - Epoch 235: train_loss=0.6776717901229858, train_AUC=0.9982909496210114, train_AP=0.9975292461909117, time=0.3433096408843994
INFO - 11/05/25 18:46:46 - 0:29:04 - Epoch 235: val_AUC=0.9596874633450196, val_AP=0.958680668710448
INFO - 11/05/25 18:46:46 - 0:29:05 - Epoch 236: train_loss=0.6778950095176697, train_AUC=0.9983889366686377, train_AP=0.9978219363768389, time=0.3352851867675781
INFO - 11/05/25 18:46:46 - 0:29:05 - Epoch 236: val_AUC=0.9597312456828578, val_AP=0.9587405894762583
INFO - 11/05/25 18:46:47 - 0:29:05 - Epoch 237: train_loss=0.6771493554115295, train_AUC=0.9981061114622505, train_AP=0.9973108753705574, time=0.3345162868499756
INFO - 11/05/25 18:46:47 - 0:29:05 - Epoch 237: val_AUC=0.9597528313936061, val_AP=0.9588044235651673
INFO - 11/05/25 18:46:47 - 0:29:06 - Epoch 238: train_loss=0.6762024164199829, train_AUC=0.9982742657059746, train_AP=0.9975708331039878, time=0.3411440849304199
INFO - 11/05/25 18:46:47 - 0:29:06 - Epoch 238: val_AUC=0.9596611939423165, val_AP=0.9587779659284802
INFO - 11/05/25 18:46:47 - 0:29:06 - Epoch 239: train_loss=0.6762547492980957, train_AUC=0.9981869027880512, train_AP=0.9972405739110758, time=0.3367729187011719
INFO - 11/05/25 18:46:48 - 0:29:06 - Epoch 239: val_AUC=0.959483213648034, val_AP=0.9586494274082016
INFO - 11/05/25 18:46:48 - 0:29:06 - Epoch 240: train_loss=0.6753902435302734, train_AUC=0.9982371035312839, train_AP=0.997488131898179, time=0.3441734313964844
INFO - 11/05/25 18:46:48 - 0:29:07 - Epoch 240: val_AUC=0.959473744444734, val_AP=0.9586522144646605
INFO - 11/05/25 18:46:48 - 0:29:07 - Epoch 241: train_loss=0.6745901107788086, train_AUC=0.99840574809507, train_AP=0.997717697144716, time=0.3360316753387451
INFO - 11/05/25 18:46:48 - 0:29:07 - Epoch 241: val_AUC=0.9594039981623635, val_AP=0.9586230172774984
INFO - 11/05/25 18:46:49 - 0:29:07 - Epoch 242: train_loss=0.6745730638504028, train_AUC=0.9981917478688351, train_AP=0.997362096645335, time=0.2974410057067871
INFO - 11/05/25 18:46:49 - 0:29:07 - Epoch 242: val_AUC=0.9592712256773841, val_AP=0.9585384845729972
INFO - 11/05/25 18:46:49 - 0:29:08 - Epoch 243: train_loss=0.6740631461143494, train_AUC=0.9982881628629872, train_AP=0.9975168716433592, time=0.29799938201904297
INFO - 11/05/25 18:46:49 - 0:29:08 - Epoch 243: val_AUC=0.9593872997823509, val_AP=0.9586875592986386
INFO - 11/05/25 18:46:50 - 0:29:08 - Epoch 244: train_loss=0.67339026927948, train_AUC=0.9982955946286666, train_AP=0.9976930855889425, time=0.295607328414917
INFO - 11/05/25 18:46:50 - 0:29:08 - Epoch 244: val_AUC=0.9592748911754356, val_AP=0.9585964879060314
INFO - 11/05/25 18:46:50 - 0:29:08 - Epoch 245: train_loss=0.67232745885849, train_AUC=0.9983032523572194, train_AP=0.9973805676497882, time=0.2955443859100342
INFO - 11/05/25 18:46:50 - 0:29:09 - Epoch 245: val_AUC=0.9591276603370303, val_AP=0.9584724766305293
INFO - 11/05/25 18:46:50 - 0:29:09 - Epoch 246: train_loss=0.6717653274536133, train_AUC=0.9982911688912977, train_AP=0.9975244410712826, time=0.29750943183898926
INFO - 11/05/25 18:46:50 - 0:29:09 - Epoch 246: val_AUC=0.9592748911754356, val_AP=0.9586624949421307
INFO - 11/05/25 18:46:51 - 0:29:09 - Epoch 247: train_loss=0.6707531809806824, train_AUC=0.9984401920226933, train_AP=0.9978003132558043, time=0.2952275276184082
INFO - 11/05/25 18:46:51 - 0:29:09 - Epoch 247: val_AUC=0.9591675735380365, val_AP=0.9585768876853061
INFO - 11/05/25 18:46:51 - 0:29:10 - Epoch 248: train_loss=0.6700844764709473, train_AUC=0.9983221649037444, train_AP=0.9975807275521094, time=0.2984945774078369
INFO - 11/05/25 18:46:51 - 0:29:10 - Epoch 248: val_AUC=0.959006087984986, val_AP=0.9584229995382392
INFO - 11/05/25 18:46:52 - 0:29:10 - Epoch 249: train_loss=0.6702178716659546, train_AUC=0.9984537962909621, train_AP=0.9976904743412911, time=0.34595155715942383
INFO - 11/05/25 18:46:52 - 0:29:10 - Epoch 249: val_AUC=0.9591231802838562, val_AP=0.9585492316909112
INFO - 11/05/25 18:46:52 - 0:29:11 - Epoch 250: train_loss=0.6692162156105042, train_AUC=0.998493235882578, train_AP=0.997938671203479, time=0.3460054397583008
INFO - 11/05/25 18:46:52 - 0:29:11 - Epoch 250: val_AUC=0.9589800222210637, val_AP=0.9584502435225022
INFO - 11/05/25 18:46:52 - 0:29:11 - Epoch 251: train_loss=0.6675850749015808, train_AUC=0.9984537492667319, train_AP=0.9977304878796823, time=0.34432125091552734
INFO - 11/05/25 18:46:53 - 0:29:11 - Epoch 251: val_AUC=0.958881053773671, val_AP=0.9583930412721827
INFO - 11/05/25 18:46:53 - 0:29:11 - Epoch 252: train_loss=0.6674760580062866, train_AUC=0.9983769234748799, train_AP=0.9974716939366169, time=0.34351420402526855
INFO - 11/05/25 18:46:53 - 0:29:12 - Epoch 252: val_AUC=0.9589771712781349, val_AP=0.9585197353154848
INFO - 11/05/25 18:46:53 - 0:29:12 - Epoch 253: train_loss=0.6663211584091187, train_AUC=0.9984911199683454, train_AP=0.9976133692738599, time=0.3223531246185303
INFO - 11/05/25 18:46:53 - 0:29:12 - Epoch 253: val_AUC=0.9589140432561353, val_AP=0.9584541962289627
INFO - 11/05/25 18:46:54 - 0:29:12 - Epoch 254: train_loss=0.6672102212905884, train_AUC=0.9982902155498843, train_AP=0.9974243939932368, time=0.3002793788909912
INFO - 11/05/25 18:46:54 - 0:29:12 - Epoch 254: val_AUC=0.958819351223136, val_AP=0.9583538997660676
INFO - 11/05/25 18:46:54 - 0:29:13 - Epoch 255: train_loss=0.6652953624725342, train_AUC=0.998618937637668, train_AP=0.9979462319912963, time=0.29882097244262695
INFO - 11/05/25 18:46:54 - 0:29:13 - Epoch 255: val_AUC=0.9589390908261543, val_AP=0.9585317385573338
INFO - 11/05/25 18:46:55 - 0:29:13 - Epoch 256: train_loss=0.665989875793457, train_AUC=0.9984299740273518, train_AP=0.9976479203079369, time=0.3002145290374756
INFO - 11/05/25 18:46:55 - 0:29:13 - Epoch 256: val_AUC=0.9588637444773161, val_AP=0.9585073852632423
INFO - 11/05/25 18:46:55 - 0:29:13 - Epoch 257: train_loss=0.6658847332000732, train_AUC=0.9984697679738401, train_AP=0.9978736745614276, time=0.3013763427734375
INFO - 11/05/25 18:46:55 - 0:29:14 - Epoch 257: val_AUC=0.9587220118859883, val_AP=0.9583878946004095
INFO - 11/05/25 18:46:55 - 0:29:14 - Epoch 258: train_loss=0.6639763116836548, train_AUC=0.9985009980507129, train_AP=0.9976977041679113, time=0.30064868927001953
INFO - 11/05/25 18:46:55 - 0:29:14 - Epoch 258: val_AUC=0.958666825776434, val_AP=0.958354898835194
INFO - 11/05/25 18:46:56 - 0:29:14 - Epoch 259: train_loss=0.6639434099197388, train_AUC=0.9985676333220544, train_AP=0.9980270023923524, time=0.3036537170410156
INFO - 11/05/25 18:46:56 - 0:29:14 - Epoch 259: val_AUC=0.9586142869710278, val_AP=0.9583231782262741
INFO - 11/05/25 18:46:56 - 0:29:15 - Epoch 260: train_loss=0.6639324426651001, train_AUC=0.9984804271515648, train_AP=0.9974250151625818, time=0.30137014389038086
INFO - 11/05/25 18:46:56 - 0:29:15 - Epoch 260: val_AUC=0.9586061414198022, val_AP=0.95833209356075
INFO - 11/05/25 18:46:57 - 0:29:15 - Epoch 261: train_loss=0.6630678176879883, train_AUC=0.9984029187158335, train_AP=0.9976675332076537, time=0.30092453956604004
INFO - 11/05/25 18:46:57 - 0:29:15 - Epoch 261: val_AUC=0.9584768307940936, val_AP=0.9582036876150066
INFO - 11/05/25 18:46:57 - 0:29:15 - Epoch 262: train_loss=0.6623874306678772, train_AUC=0.9984197747008058, train_AP=0.9975655259362759, time=0.3018326759338379
INFO - 11/05/25 18:46:57 - 0:29:16 - Epoch 262: val_AUC=0.9583748077649911, val_AP=0.9581294119347599
INFO - 11/05/25 18:46:57 - 0:29:16 - Epoch 263: train_loss=0.6627807021141052, train_AUC=0.9985980368644264, train_AP=0.9980214115880857, time=0.3024001121520996
INFO - 11/05/25 18:46:57 - 0:29:16 - Epoch 263: val_AUC=0.9583476219877752, val_AP=0.9581465936448629
INFO - 11/05/25 18:46:58 - 0:29:16 - Epoch 264: train_loss=0.6611679792404175, train_AUC=0.9985074969049814, train_AP=0.9978417280981486, time=0.3352046012878418
INFO - 11/05/25 18:46:58 - 0:29:16 - Epoch 264: val_AUC=0.9583729750159652, val_AP=0.9582232086492529
INFO - 11/05/25 18:46:58 - 0:29:17 - Epoch 265: train_loss=0.6602029204368591, train_AUC=0.9986772027721773, train_AP=0.9981532385712499, time=0.34212279319763184
INFO - 11/05/25 18:46:58 - 0:29:17 - Epoch 265: val_AUC=0.958339985533501, val_AP=0.9582475443953586
INFO - 11/05/25 18:46:59 - 0:29:17 - Epoch 266: train_loss=0.6615240573883057, train_AUC=0.998409454907693, train_AP=0.9975778614475747, time=0.3353865146636963
INFO - 11/05/25 18:46:59 - 0:29:17 - Epoch 266: val_AUC=0.9583882479245135, val_AP=0.9583147700670793
INFO - 11/05/25 18:46:59 - 0:29:18 - Epoch 267: train_loss=0.6594792604446411, train_AUC=0.9985571111662436, train_AP=0.9980133971124632, time=0.3423640727996826
INFO - 11/05/25 18:46:59 - 0:29:18 - Epoch 267: val_AUC=0.9581066154908835, val_AP=0.9580605554171142
INFO - 11/05/25 18:47:00 - 0:29:18 - Epoch 268: train_loss=0.6589561700820923, train_AUC=0.9985193781843259, train_AP=0.9978276321199884, time=0.34002184867858887
INFO - 11/05/25 18:47:00 - 0:29:18 - Epoch 268: val_AUC=0.9583548511644878, val_AP=0.9583480219808205
INFO - 11/05/25 18:47:00 - 0:29:19 - Epoch 269: train_loss=0.6589673161506653, train_AUC=0.998469800380051, train_AP=0.9977003065824487, time=0.3365349769592285
INFO - 11/05/25 18:47:00 - 0:29:19 - Epoch 269: val_AUC=0.9581355321977348, val_AP=0.9581136991264448
INFO - 11/05/25 18:47:00 - 0:29:19 - Epoch 270: train_loss=0.6588296890258789, train_AUC=0.9985854088332635, train_AP=0.9977521885161862, time=0.3384408950805664
INFO - 11/05/25 18:47:01 - 0:29:19 - Epoch 270: val_AUC=0.9581697435128829, val_AP=0.9581756794705626
INFO - 11/05/25 18:47:01 - 0:29:19 - Epoch 271: train_loss=0.657855212688446, train_AUC=0.9985904765306274, train_AP=0.9978519251470783, time=0.34307098388671875
INFO - 11/05/25 18:47:01 - 0:29:20 - Epoch 271: val_AUC=0.9580200690091099, val_AP=0.95802627693398
INFO - 11/05/25 18:47:01 - 0:29:20 - Epoch 272: train_loss=0.6557573080062866, train_AUC=0.9986418213540046, train_AP=0.9979011818046841, time=0.34279608726501465
INFO - 11/05/25 18:47:01 - 0:29:20 - Epoch 272: val_AUC=0.9581027463540511, val_AP=0.9581516029476622
INFO - 11/05/25 18:47:02 - 0:29:20 - Epoch 273: train_loss=0.6564844250679016, train_AUC=0.998679315516237, train_AP=0.9981611740140226, time=0.3381173610687256
INFO - 11/05/25 18:47:02 - 0:29:20 - Epoch 273: val_AUC=0.9579899304695748, val_AP=0.958003468829517
INFO - 11/05/25 18:47:02 - 0:29:21 - Epoch 274: train_loss=0.6575628519058228, train_AUC=0.9985022687616492, train_AP=0.99772269042982, time=0.33591198921203613
INFO - 11/05/25 18:47:02 - 0:29:21 - Epoch 274: val_AUC=0.9583572948298557, val_AP=0.9583509394083416
INFO - 11/05/25 18:47:03 - 0:29:21 - Epoch 275: train_loss=0.6559104919433594, train_AUC=0.9987065527604507, train_AP=0.9981579939785893, time=0.33370256423950195
INFO - 11/05/25 18:47:03 - 0:29:21 - Epoch 275: val_AUC=0.9581860346153345, val_AP=0.9581766100608362
INFO - 11/05/25 18:47:03 - 0:29:22 - Epoch 276: train_loss=0.6555119752883911, train_AUC=0.9987747521598345, train_AP=0.9982847707887494, time=0.3385341167449951
INFO - 11/05/25 18:47:03 - 0:29:22 - Epoch 276: val_AUC=0.9583019050815206, val_AP=0.9583177241973291
INFO - 11/05/25 18:47:04 - 0:29:22 - Epoch 277: train_loss=0.6553717851638794, train_AUC=0.9986646266966244, train_AP=0.9980972704347725, time=0.3359992504119873
INFO - 11/05/25 18:47:04 - 0:29:22 - Epoch 277: val_AUC=0.9580888989169677, val_AP=0.9581969991596494
INFO - 11/05/25 18:47:04 - 0:29:23 - Epoch 278: train_loss=0.6558951139450073, train_AUC=0.9986020351568277, train_AP=0.9980271919273187, time=0.33467698097229004
INFO - 11/05/25 18:47:04 - 0:29:23 - Epoch 278: val_AUC=0.9580522439364517, val_AP=0.9581767062600175
INFO - 11/05/25 18:47:04 - 0:29:23 - Epoch 279: train_loss=0.653802752494812, train_AUC=0.9985605316065892, train_AP=0.9978872752344311, time=0.3128068447113037
INFO - 11/05/25 18:47:05 - 0:29:23 - Epoch 279: val_AUC=0.9579530718502782, val_AP=0.9580768077312327
INFO - 11/05/25 18:47:05 - 0:29:23 - Epoch 280: train_loss=0.6523416042327881, train_AUC=0.9987315685941254, train_AP=0.9980116542037617, time=0.29926562309265137
INFO - 11/05/25 18:47:05 - 0:29:23 - Epoch 280: val_AUC=0.9578084883160214, val_AP=0.9579656610582142
INFO - 11/05/25 18:47:05 - 0:29:24 - Epoch 281: train_loss=0.6538292765617371, train_AUC=0.9985888560439573, train_AP=0.9978303097661231, time=0.29836153984069824
INFO - 11/05/25 18:47:05 - 0:29:24 - Epoch 281: val_AUC=0.9576718466942096, val_AP=0.9578609396920696
INFO - 11/05/25 18:47:06 - 0:29:24 - Epoch 282: train_loss=0.6530051231384277, train_AUC=0.9988193043595958, train_AP=0.9983509595000128, time=0.29900693893432617
INFO - 11/05/25 18:47:06 - 0:29:24 - Epoch 282: val_AUC=0.9575783764938941, val_AP=0.9577786623559816
INFO - 11/05/25 18:47:06 - 0:29:25 - Epoch 283: train_loss=0.6531662940979004, train_AUC=0.9987299831554769, train_AP=0.9981783928347938, time=0.3022267818450928
INFO - 11/05/25 18:47:06 - 0:29:25 - Epoch 283: val_AUC=0.9575551616729009, val_AP=0.9577522358693086
INFO - 11/05/25 18:47:06 - 0:29:25 - Epoch 284: train_loss=0.6530755162239075, train_AUC=0.9986462433928386, train_AP=0.9980137257426605, time=0.3062615394592285
INFO - 11/05/25 18:47:06 - 0:29:25 - Epoch 284: val_AUC=0.9574299238228049, val_AP=0.9576549259903259
INFO - 11/05/25 18:47:07 - 0:29:25 - Epoch 285: train_loss=0.6535477042198181, train_AUC=0.9986204341353568, train_AP=0.9979950097307791, time=0.2957181930541992
INFO - 11/05/25 18:47:07 - 0:29:25 - Epoch 285: val_AUC=0.9575965003453714, val_AP=0.9578541490418848
INFO - 11/05/25 18:47:07 - 0:29:26 - Epoch 286: train_loss=0.6521302461624146, train_AUC=0.99868391050561, train_AP=0.998040832065489, time=0.29478001594543457
INFO - 11/05/25 18:47:07 - 0:29:26 - Epoch 286: val_AUC=0.9573665921620249, val_AP=0.9576702934051995
INFO - 11/05/25 18:47:08 - 0:29:26 - Epoch 287: train_loss=0.6525133848190308, train_AUC=0.9986179060986584, train_AP=0.997820509818153, time=0.300152063369751
INFO - 11/05/25 18:47:08 - 0:29:26 - Epoch 287: val_AUC=0.9574804262404045, val_AP=0.9577643428499885
INFO - 11/05/25 18:47:08 - 0:29:27 - Epoch 288: train_loss=0.6507424116134644, train_AUC=0.9987827931270563, train_AP=0.9983260353823606, time=0.3032999038696289
INFO - 11/05/25 18:47:08 - 0:29:27 - Epoch 288: val_AUC=0.9575683981936425, val_AP=0.9578863310384484
INFO - 11/05/25 18:47:08 - 0:29:27 - Epoch 289: train_loss=0.6500988006591797, train_AUC=0.9988589012270074, train_AP=0.99840333566389, time=0.3039510250091553
INFO - 11/05/25 18:47:08 - 0:29:27 - Epoch 289: val_AUC=0.9575176921372623, val_AP=0.9578771522893899
INFO - 11/05/25 18:47:09 - 0:29:27 - Epoch 290: train_loss=0.6495304703712463, train_AUC=0.9986959594518723, train_AP=0.9979289114428612, time=0.29479384422302246
INFO - 11/05/25 18:47:09 - 0:29:27 - Epoch 290: val_AUC=0.9579893195532326, val_AP=0.9583669434717224
INFO - 11/05/25 18:47:09 - 0:29:28 - Epoch 291: train_loss=0.6476940512657166, train_AUC=0.9988920297090336, train_AP=0.9984471643894425, time=0.3037576675415039
INFO - 11/05/25 18:47:09 - 0:29:28 - Epoch 291: val_AUC=0.9576123841702615, val_AP=0.9580708341344759
INFO - 11/05/25 18:47:10 - 0:29:28 - Epoch 292: train_loss=0.6487554311752319, train_AUC=0.9986033287634565, train_AP=0.9978727789976235, time=0.29488086700439453
INFO - 11/05/25 18:47:10 - 0:29:28 - Epoch 292: val_AUC=0.9578624525928919, val_AP=0.9583138871665463
INFO - 11/05/25 18:47:10 - 0:29:28 - Epoch 293: train_loss=0.6481012105941772, train_AUC=0.9987280290961786, train_AP=0.9981386821087952, time=0.2968461513519287
INFO - 11/05/25 18:47:10 - 0:29:29 - Epoch 293: val_AUC=0.957620733360268, val_AP=0.9580954909382952
INFO - 11/05/25 18:47:10 - 0:29:29 - Epoch 294: train_loss=0.6473600268363953, train_AUC=0.9986377689925449, train_AP=0.9975648811021147, time=0.29900527000427246
INFO - 11/05/25 18:47:10 - 0:29:29 - Epoch 294: val_AUC=0.957623584303197, val_AP=0.9581048611656258
INFO - 11/05/25 18:47:11 - 0:29:29 - Epoch 295: train_loss=0.6469792127609253, train_AUC=0.9987330869307826, train_AP=0.9980105824774141, time=0.2948873043060303
INFO - 11/05/25 18:47:11 - 0:29:29 - Epoch 295: val_AUC=0.957612791447823, val_AP=0.9581230558499286
INFO - 11/05/25 18:47:11 - 0:29:30 - Epoch 296: train_loss=0.645514190196991, train_AUC=0.9989557262301767, train_AP=0.9985904488636768, time=0.2968719005584717
INFO - 11/05/25 18:47:11 - 0:29:30 - Epoch 296: val_AUC=0.9572181394909356, val_AP=0.9577789728655285
INFO - 11/05/25 18:47:12 - 0:29:30 - Epoch 297: train_loss=0.6471772789955139, train_AUC=0.9986862301915063, train_AP=0.9978202291307707, time=0.299100399017334
INFO - 11/05/25 18:47:12 - 0:29:30 - Epoch 297: val_AUC=0.9575077138370107, val_AP=0.9580347883106286
INFO - 11/05/25 18:47:12 - 0:29:30 - Epoch 298: train_loss=0.6447625160217285, train_AUC=0.9987485896042048, train_AP=0.9980011915980938, time=0.3023834228515625
INFO - 11/05/25 18:47:12 - 0:29:31 - Epoch 298: val_AUC=0.9571038981349945, val_AP=0.9577183713453172
INFO - 11/05/25 18:47:12 - 0:29:31 - Epoch 299: train_loss=0.6459935903549194, train_AUC=0.998821604496093, train_AP=0.9982900178237561, time=0.3093905448913574
INFO - 11/05/25 18:47:12 - 0:29:31 - Epoch 299: val_AUC=0.9574396984842757, val_AP=0.9581238120664756
INFO - 11/05/25 18:47:13 - 0:29:31 - Epoch 300: train_loss=0.6449522972106934, train_AUC=0.9987246320798877, train_AP=0.9981244630256233, time=0.2996690273284912
INFO - 11/05/25 18:47:13 - 0:29:31 - Epoch 300: val_AUC=0.9570949380286462, val_AP=0.9578305857077406
INFO - 11/05/25 18:47:13 - 0:29:31 - best_epoch=136
INFO - 11/05/25 18:47:13 - 0:29:31 - test_auc= 96.28%, test_ap= 96.13%
INFO - 11/05/25 18:47:13 - 0:29:31 - ----LP Task----
INFO - 11/05/25 18:47:13 - 0:29:31 - test AUC: 0.9589615216378423~0.003566965864168193
INFO - 11/05/25 18:47:13 - 0:29:31 - test AP: 0.9581847851530518~0.0034188139823706303
