INFO - 11/01/25 23:49:04 - 0:00:00 - Namespace(backbone='gcn', batch_size_dqn=64, coef_dis=1.0, coef_distortion_reward=1.0, coef_task_reward=1.0, dataset='airport', devices='0,1', downstream_task='LP', dqn_update_freq=1, drop_cls=0.0, drop_edge_cls=0.0, embed_features=16, epochs_cls=5000, epochs_lp=5000, epsilon_decay=0.995, epsilon_decay_steps=None, epsilon_end=0.01, epsilon_fixed=0.1, epsilon_start=1.0, eval_freq=1, exp_iters=3, gamma=0.99, gpu=0, hidden_features=32, hidden_features_cls=32, in_features=None, init_curvs=[-3, -1, 0, 1, 3], log_path='./results/Train/LP_gcn_airport_20251101_234904.log', lr_Riemann=0.01, lr_cls=0.01, lr_gating=0.001, min_epoch_cls=200, min_epoch_lp=200, n_heads=8, n_layers=2, num_factors=5, num_factors_cls=5, patience_cls=100, patience_lp=100, r=2.0, replay_buffer_size=10000, root_path='./datasets', sample_hop=[2, 3], t=1.0, target_update_freq=10, tau=0.01, use_dqn=True, version='Train', w_decay=0.0, w_decay_cls=0.0005, w_decay_gating=0.0)
INFO - 11/01/25 23:52:30 - 0:03:27 - 
                                     train iters 0
INFO - 11/01/25 23:52:30 - 0:03:27 - --------------------------Training Start-------------------------
INFO - 11/01/25 23:52:39 - 0:03:35 - Epoch 0: train_loss=7.84684944152832, train_AUC=0.7920408606671592, train_AP=0.795316266683106, distortion=5.689111709594727, reward=-4.8954, epsilon=0.1000, time=8.700197219848633
INFO - 11/01/25 23:52:40 - 0:03:36 - Epoch 0: val_AUC=0.7585857773882387, val_AP=0.7997533934983609
INFO - 11/01/25 23:52:42 - 0:03:38 - Epoch 1: train_loss=4.9975690841674805, train_AUC=0.8197273057219296, train_AP=0.8196860869377169, distortion=3.467026472091675, reward=-2.6473, epsilon=0.1000, time=2.203591823577881
INFO - 11/01/25 23:52:42 - 0:03:38 - Epoch 1: val_AUC=0.7583849573394252, val_AP=0.817462138503376
INFO - 11/01/25 23:52:43 - 0:03:39 - Epoch 2: train_loss=2.696582317352295, train_AUC=0.8605969838068033, train_AP=0.8435776461049542, distortion=1.6497458219528198, reward=-0.7977, epsilon=0.1000, time=0.47624969482421875
INFO - 11/01/25 23:52:43 - 0:03:39 - Epoch 2: val_AUC=0.8124372437347459, val_AP=0.8537696681523115
INFO - 11/01/25 23:52:43 - 0:03:39 - Epoch 3: train_loss=2.168506383895874, train_AUC=0.8811423420174878, train_AP=0.8575858980154165, distortion=1.2325626611709595, reward=-0.3632, epsilon=0.1000, time=0.33499884605407715
INFO - 11/01/25 23:52:43 - 0:03:39 - Epoch 3: val_AUC=0.7952854252184458, val_AP=0.858077277564659
INFO - 11/01/25 23:52:43 - 0:03:39 - Epoch 4: train_loss=2.0382909774780273, train_AUC=0.89180825297596, train_AP=0.8649026983041366, distortion=1.0721527338027954, reward=-0.1938, epsilon=0.1000, time=0.30797481536865234
INFO - 11/01/25 23:52:44 - 0:03:40 - Epoch 4: val_AUC=0.8939759459647126, val_AP=0.9051563058321408
INFO - 11/01/25 23:52:44 - 0:03:40 - Epoch 5: train_loss=1.9441075325012207, train_AUC=0.8948456237920435, train_AP=0.8648826379300982, distortion=0.9371774792671204, reward=-0.0573, epsilon=0.1000, time=0.31050872802734375
INFO - 11/01/25 23:52:44 - 0:03:40 - Epoch 5: val_AUC=0.9217012137655949, val_AP=0.9190092097658866
INFO - 11/01/25 23:52:44 - 0:03:40 - Epoch 6: train_loss=1.953391194343567, train_AUC=0.8940433044852386, train_AP=0.8640203658006476, distortion=0.9162300825119019, reward=-0.0372, epsilon=0.1000, time=0.30902910232543945
INFO - 11/01/25 23:52:44 - 0:03:40 - Epoch 6: val_AUC=0.9279030093907144, val_AP=0.9197353749451037
INFO - 11/01/25 23:52:45 - 0:03:41 - Epoch 7: train_loss=2.007723331451416, train_AUC=0.8917278106009366, train_AP=0.8622326139571623, distortion=0.9650453329086304, reward=-0.0881, epsilon=0.1000, time=0.31136536598205566
INFO - 11/01/25 23:52:45 - 0:03:41 - Epoch 7: val_AUC=0.9229382595038736, val_AP=0.9126152632159932
INFO - 11/01/25 23:52:45 - 0:03:41 - Epoch 8: train_loss=1.9869238138198853, train_AUC=0.8935001118475296, train_AP=0.8664851503114751, distortion=0.9641261100769043, reward=-0.0841, epsilon=0.1000, time=0.3182075023651123
INFO - 11/01/25 23:52:45 - 0:03:41 - Epoch 8: val_AUC=0.919091129372194, val_AP=0.9069026104944429
INFO - 11/01/25 23:52:46 - 0:03:42 - Epoch 9: train_loss=1.8967944383621216, train_AUC=0.897157049351553, train_AP=0.8706097103864618, distortion=0.9148143529891968, reward=-0.0309, epsilon=0.1000, time=0.3119792938232422
INFO - 11/01/25 23:52:46 - 0:03:42 - Epoch 9: val_AUC=0.9153959828499101, val_AP=0.9017662166961449
INFO - 11/01/25 23:52:46 - 0:03:42 - Epoch 10: train_loss=1.7658686637878418, train_AUC=0.899327677576984, train_AP=0.866934886494263, distortion=0.8381147980690002, reward=0.0450, epsilon=0.1000, time=0.3095588684082031
INFO - 11/01/25 23:52:46 - 0:03:42 - Epoch 10: val_AUC=0.8877289154075076, val_AP=0.8823395994105927
INFO - 11/01/25 23:52:46 - 0:03:42 - Epoch 11: train_loss=1.7100377082824707, train_AUC=0.8998843223035802, train_AP=0.8685349863144358, distortion=0.818574070930481, reward=0.0656, epsilon=0.1000, time=0.30862998962402344
INFO - 11/01/25 23:52:46 - 0:03:43 - Epoch 11: val_AUC=0.8729209578626522, val_AP=0.8730930262249073
INFO - 11/01/25 23:52:47 - 0:03:43 - Epoch 12: train_loss=1.68427312374115, train_AUC=0.8981435747488098, train_AP=0.8639199323460899, distortion=0.8214924335479736, reward=0.0595, epsilon=0.1000, time=0.3125185966491699
INFO - 11/01/25 23:52:47 - 0:03:43 - Epoch 12: val_AUC=0.8972092351867843, val_AP=0.8828607394468146
INFO - 11/01/25 23:52:47 - 0:03:43 - Epoch 13: train_loss=1.6311898231506348, train_AUC=0.8998785821873944, train_AP=0.867088030908965, distortion=0.8057507872581482, reward=0.0777, epsilon=0.1000, time=0.2695174217224121
INFO - 11/01/25 23:52:47 - 0:03:43 - Epoch 13: val_AUC=0.8797635336722207, val_AP=0.8722703021126015
INFO - 11/01/25 23:52:48 - 0:03:44 - Epoch 14: train_loss=1.6172118186950684, train_AUC=0.8937377783774915, train_AP=0.8578875244444528, distortion=0.7926111221313477, reward=0.0832, epsilon=0.1000, time=0.30843281745910645
INFO - 11/01/25 23:52:48 - 0:03:44 - Epoch 14: val_AUC=0.901637648601794, val_AP=0.8833120327203654
INFO - 11/01/25 23:52:48 - 0:03:44 - Epoch 15: train_loss=1.5736298561096191, train_AUC=0.895339823571119, train_AP=0.8601094611184525, distortion=0.7754364609718323, reward=0.1023, epsilon=0.1000, time=0.3089313507080078
INFO - 11/01/25 23:52:48 - 0:03:44 - Epoch 15: val_AUC=0.9069749384070216, val_AP=0.8866132152380989
INFO - 11/01/25 23:52:48 - 0:03:44 - Epoch 16: train_loss=1.5483192205429077, train_AUC=0.8945505062555184, train_AP=0.8593454882711071, distortion=0.7620654702186584, reward=0.1149, epsilon=0.1000, time=0.3088970184326172
INFO - 11/01/25 23:52:49 - 0:03:45 - Epoch 16: val_AUC=0.9089819864128093, val_AP=0.8884351778705236
INFO - 11/01/25 23:52:49 - 0:03:45 - Epoch 17: train_loss=1.5362045764923096, train_AUC=0.8938738524273591, train_AP=0.859234211260937, distortion=0.7539133429527283, reward=0.1226, epsilon=0.1000, time=0.31147146224975586
INFO - 11/01/25 23:52:49 - 0:03:45 - Epoch 17: val_AUC=0.9118961820852959, val_AP=0.8911709002865482
INFO - 11/01/25 23:52:49 - 0:03:45 - Epoch 18: train_loss=1.5378925800323486, train_AUC=0.8919978477774302, train_AP=0.855660450170501, distortion=0.7534147500991821, reward=0.1204, epsilon=0.1000, time=0.3092823028564453
INFO - 11/01/25 23:52:49 - 0:03:45 - Epoch 18: val_AUC=0.915153673436636, val_AP=0.8939432513967146
INFO - 11/01/25 23:52:50 - 0:03:46 - Epoch 19: train_loss=1.5334416627883911, train_AUC=0.8950037820367469, train_AP=0.8601467914523078, distortion=0.7576489448547363, reward=0.1199, epsilon=0.1000, time=0.30880308151245117
INFO - 11/01/25 23:52:50 - 0:03:46 - Epoch 19: val_AUC=0.918465043337658, val_AP=0.8971678265418519
INFO - 11/01/25 23:52:50 - 0:03:46 - Epoch 20: train_loss=1.5432409048080444, train_AUC=0.8930906834560751, train_AP=0.8576641420838553, distortion=0.7609270811080933, reward=0.1145, epsilon=0.1000, time=0.3101053237915039
INFO - 11/01/25 23:52:50 - 0:03:46 - Epoch 20: val_AUC=0.923053075557607, val_AP=0.9016066705083069
INFO - 11/01/25 23:52:50 - 0:03:47 - Epoch 21: train_loss=1.5174444913864136, train_AUC=0.8926678234120625, train_AP=0.8549342294834645, distortion=0.7418941855430603, reward=0.1319, epsilon=0.1000, time=0.3118174076080322
INFO - 11/01/25 23:52:51 - 0:03:47 - Epoch 21: val_AUC=0.9259530092610601, val_AP=0.9049385051336112
INFO - 11/01/25 23:52:51 - 0:03:47 - Epoch 22: train_loss=1.4944932460784912, train_AUC=0.8953266914852357, train_AP=0.8582388515861792, distortion=0.7277812957763672, reward=0.1490, epsilon=0.1000, time=0.3124270439147949
INFO - 11/01/25 23:52:51 - 0:03:47 - Epoch 22: val_AUC=0.9283951193525123, val_AP=0.9079725494111592
INFO - 11/01/25 23:52:51 - 0:03:47 - Epoch 23: train_loss=1.474848985671997, train_AUC=0.897324720458136, train_AP=0.8598049126268679, distortion=0.7154564261436462, reward=0.1631, epsilon=0.1000, time=0.31182289123535156
INFO - 11/01/25 23:52:51 - 0:03:47 - Epoch 23: val_AUC=0.9304678588520295, val_AP=0.9105630571701278
INFO - 11/01/25 23:52:52 - 0:03:48 - Epoch 24: train_loss=1.4603313207626343, train_AUC=0.8983987960852973, train_AP=0.8604949806996706, distortion=0.7061731815338135, reward=0.1733, epsilon=0.1000, time=0.30943942070007324
INFO - 11/01/25 23:52:52 - 0:03:48 - Epoch 24: val_AUC=0.9322288518769183, val_AP=0.9129390648472332
INFO - 11/01/25 23:52:52 - 0:03:48 - Epoch 25: train_loss=1.4493539333343506, train_AUC=0.8997132841871989, train_AP=0.8608867484650764, distortion=0.6981004476547241, reward=0.1822, epsilon=0.1000, time=0.26644253730773926
INFO - 11/01/25 23:52:52 - 0:03:48 - Epoch 25: val_AUC=0.9339031206052606, val_AP=0.9151658434923274
INFO - 11/01/25 23:52:53 - 0:03:49 - Epoch 26: train_loss=1.4385759830474854, train_AUC=0.9025070250528576, train_AP=0.8669304804857443, distortion=0.6906828284263611, reward=0.1940, epsilon=0.1000, time=0.30849361419677734
INFO - 11/01/25 23:52:53 - 0:03:49 - Epoch 26: val_AUC=0.9351696987036591, val_AP=0.9168826574777361
INFO - 11/01/25 23:52:53 - 0:03:49 - Epoch 27: train_loss=1.4281787872314453, train_AUC=0.9037237342930164, train_AP=0.8678364194917363, distortion=0.6830195188522339, reward=0.2028, epsilon=0.1000, time=0.3124241828918457
INFO - 11/01/25 23:52:53 - 0:03:49 - Epoch 27: val_AUC=0.9364212945315578, val_AP=0.9184570658769131
INFO - 11/01/25 23:52:53 - 0:03:49 - Epoch 28: train_loss=1.4259815216064453, train_AUC=0.9015990474334012, train_AP=0.8630858876411434, distortion=0.6761761903762817, reward=0.2062, epsilon=0.1000, time=0.3160665035247803
INFO - 11/01/25 23:52:53 - 0:03:50 - Epoch 28: val_AUC=0.9375976908863712, val_AP=0.9200238210044069
INFO - 11/01/25 23:52:54 - 0:03:50 - Epoch 29: train_loss=1.4172526597976685, train_AUC=0.9028931590200476, train_AP=0.86396657467525, distortion=0.6706193685531616, reward=0.2128, epsilon=0.1000, time=0.31145501136779785
INFO - 11/01/25 23:52:54 - 0:03:50 - Epoch 29: val_AUC=0.9385781652423425, val_AP=0.9212703075275027
INFO - 11/01/25 23:52:54 - 0:03:50 - Epoch 30: train_loss=1.3948842287063599, train_AUC=0.9080963659916582, train_AP=0.8724336208462173, distortion=0.6657392978668213, reward=0.2245, epsilon=0.1000, time=0.31305551528930664
INFO - 11/01/25 23:52:54 - 0:03:50 - Epoch 30: val_AUC=0.9389426377843065, val_AP=0.9218846963102745
INFO - 11/01/25 23:52:55 - 0:03:51 - Epoch 31: train_loss=1.4065868854522705, train_AUC=0.9036179159788629, train_AP=0.8665081313304202, distortion=0.6619470715522766, reward=0.2231, epsilon=0.1000, time=0.311995267868042
INFO - 11/01/25 23:52:55 - 0:03:51 - Epoch 31: val_AUC=0.938883861184654, val_AP=0.9218385146926346
INFO - 11/01/25 23:52:55 - 0:03:51 - Epoch 32: train_loss=1.3965646028518677, train_AUC=0.9039314132517753, train_AP=0.8659910621575633, distortion=0.6587221026420593, reward=0.2262, epsilon=0.1000, time=0.3098914623260498
INFO - 11/01/25 23:52:55 - 0:03:51 - Epoch 32: val_AUC=0.938493025609022, val_AP=0.9215226703279205
INFO - 11/01/25 23:52:55 - 0:03:52 - Epoch 33: train_loss=1.3907475471496582, train_AUC=0.9046204455138841, train_AP=0.8672250598384343, distortion=0.6535214781761169, reward=0.2324, epsilon=0.1000, time=0.3091287612915039
INFO - 11/01/25 23:52:56 - 0:03:52 - Epoch 33: val_AUC=0.9376103681921787, val_AP=0.9206060319510121
INFO - 11/01/25 23:52:56 - 0:03:52 - Epoch 34: train_loss=1.3792381286621094, train_AUC=0.9041634727509129, train_AP=0.8649269020187921, distortion=0.6481940746307373, reward=0.2364, epsilon=0.1000, time=0.3118891716003418
INFO - 11/01/25 23:52:56 - 0:03:52 - Epoch 34: val_AUC=0.9363498406260976, val_AP=0.919382486426171
INFO - 11/01/25 23:52:56 - 0:03:52 - Epoch 35: train_loss=1.378875970840454, train_AUC=0.9048930855808537, train_AP=0.8670760290574897, distortion=0.6491456627845764, reward=0.2368, epsilon=0.1000, time=0.3199484348297119
INFO - 11/01/25 23:52:56 - 0:03:52 - Epoch 35: val_AUC=0.9353797386112414, val_AP=0.9183133627915804
INFO - 11/01/25 23:52:57 - 0:03:53 - Epoch 36: train_loss=1.3680046796798706, train_AUC=0.9064938447811014, train_AP=0.8688773834961836, distortion=0.6456488966941833, reward=0.2420, epsilon=0.1000, time=0.3129386901855469
INFO - 11/01/25 23:52:57 - 0:03:53 - Epoch 36: val_AUC=0.9355917953629297, val_AP=0.9184861443967318
INFO - 11/01/25 23:52:57 - 0:03:53 - Epoch 37: train_loss=1.3703444004058838, train_AUC=0.9033951908975626, train_AP=0.8625071805173803, distortion=0.6437727212905884, reward=0.2392, epsilon=0.1000, time=0.3122992515563965
INFO - 11/01/25 23:52:57 - 0:03:53 - Epoch 37: val_AUC=0.936892371690539, val_AP=0.9198930303204884
INFO - 11/01/25 23:52:58 - 0:03:54 - Epoch 38: train_loss=1.3633675575256348, train_AUC=0.9052276063532874, train_AP=0.8676908694064553, distortion=0.6426507234573364, reward=0.2438, epsilon=0.1000, time=0.31227540969848633
INFO - 11/01/25 23:52:58 - 0:03:54 - Epoch 38: val_AUC=0.9381229347156208, val_AP=0.9209820471682681
INFO - 11/01/25 23:52:58 - 0:03:54 - Epoch 39: train_loss=1.358396053314209, train_AUC=0.9057051246050625, train_AP=0.8676917608612635, distortion=0.6415411829948425, reward=0.2452, epsilon=0.1000, time=0.3122260570526123
INFO - 11/01/25 23:52:58 - 0:03:54 - Epoch 39: val_AUC=0.9392189454267915, val_AP=0.922106038632122
INFO - 11/01/25 23:52:58 - 0:03:54 - Epoch 40: train_loss=1.3573352098464966, train_AUC=0.9040696371037538, train_AP=0.8648358550267109, distortion=0.6395310163497925, reward=0.2449, epsilon=0.1000, time=0.3131134510040283
INFO - 11/01/25 23:52:59 - 0:03:55 - Epoch 40: val_AUC=0.9402921946116264, val_AP=0.9230898915093219
INFO - 11/01/25 23:52:59 - 0:03:55 - Epoch 41: train_loss=1.3494162559509277, train_AUC=0.9055626126131442, train_AP=0.866141333473237, distortion=0.6364345550537109, reward=0.2494, epsilon=0.1000, time=0.3124818801879883
INFO - 11/01/25 23:52:59 - 0:03:55 - Epoch 41: val_AUC=0.9413130058497123, val_AP=0.9240349506933273
INFO - 11/01/25 23:52:59 - 0:03:55 - Epoch 42: train_loss=1.3387374877929688, train_AUC=0.9071622562889023, train_AP=0.8686321790633004, distortion=0.6326583623886108, reward=0.2552, epsilon=0.1000, time=0.31293582916259766
INFO - 11/01/25 23:52:59 - 0:03:55 - Epoch 42: val_AUC=0.9423176823349523, val_AP=0.9250095406080694
INFO - 11/01/25 23:53:00 - 0:03:56 - Epoch 43: train_loss=1.3335206508636475, train_AUC=0.9073035630358626, train_AP=0.8667154383787768, distortion=0.6286203265190125, reward=0.2584, epsilon=0.1000, time=0.3204953670501709
INFO - 11/01/25 23:53:00 - 0:03:56 - Epoch 43: val_AUC=0.9432468712265206, val_AP=0.9258352543514535
INFO - 11/01/25 23:53:00 - 0:03:56 - Epoch 44: train_loss=1.3366293907165527, train_AUC=0.9060153106942459, train_AP=0.867807951889046, distortion=0.6247124671936035, reward=0.2622, epsilon=0.1000, time=0.3210909366607666
INFO - 11/01/25 23:53:00 - 0:03:56 - Epoch 44: val_AUC=0.9441253508948593, val_AP=0.9266019578652533
INFO - 11/01/25 23:53:01 - 0:03:57 - Epoch 45: train_loss=1.3289258480072021, train_AUC=0.9067873299035498, train_AP=0.8674916547503354, distortion=0.6210997700691223, reward=0.2660, epsilon=0.1000, time=0.31834912300109863
INFO - 11/01/25 23:53:01 - 0:03:57 - Epoch 45: val_AUC=0.9449583075105258, val_AP=0.9272549264911841
INFO - 11/01/25 23:53:01 - 0:03:57 - Epoch 46: train_loss=1.3208211660385132, train_AUC=0.9083987857774124, train_AP=0.8687524043015954, distortion=0.617597222328186, reward=0.2710, epsilon=0.1000, time=0.31354451179504395
INFO - 11/01/25 23:53:01 - 0:03:57 - Epoch 46: val_AUC=0.9457324875265395, val_AP=0.9278641474390361
INFO - 11/01/25 23:53:02 - 0:03:58 - Epoch 47: train_loss=1.3225359916687012, train_AUC=0.9064511333521462, train_AP=0.8664156543486032, distortion=0.6140622496604919, reward=0.2724, epsilon=0.1000, time=0.3719749450683594
INFO - 11/01/25 23:53:02 - 0:03:58 - Epoch 47: val_AUC=0.9463516586669987, val_AP=0.9282322878785876
INFO - 11/01/25 23:53:02 - 0:03:58 - Epoch 48: train_loss=1.3199584484100342, train_AUC=0.9066115774750041, train_AP=0.8660563257650398, distortion=0.6105339527130127, reward=0.2758, epsilon=0.1000, time=0.3101491928100586
INFO - 11/01/25 23:53:02 - 0:03:58 - Epoch 48: val_AUC=0.9468975031181851, val_AP=0.9284729497483246
INFO - 11/01/25 23:53:02 - 0:03:58 - Epoch 49: train_loss=1.3051519393920898, train_AUC=0.9103970066524258, train_AP=0.8730234806570374, distortion=0.607245147228241, reward=0.2845, epsilon=0.1000, time=0.31046628952026367
INFO - 11/01/25 23:53:02 - 0:03:59 - Epoch 49: val_AUC=0.9473286755759314, val_AP=0.9285950126192493
INFO - 11/01/25 23:53:03 - 0:03:59 - Epoch 50: train_loss=1.292220115661621, train_AUC=0.9122150773006035, train_AP=0.8733268038321609, distortion=0.6036174893379211, reward=0.2892, epsilon=0.1000, time=0.27039051055908203
INFO - 11/01/25 23:53:03 - 0:03:59 - Epoch 50: val_AUC=0.9476461844622907, val_AP=0.928580412014312
INFO - 11/01/25 23:53:03 - 0:03:59 - Epoch 51: train_loss=1.2992527484893799, train_AUC=0.9092168490326235, train_AP=0.8691836793397436, distortion=0.6014625430107117, reward=0.2877, epsilon=0.1000, time=0.3108828067779541
INFO - 11/01/25 23:53:03 - 0:03:59 - Epoch 51: val_AUC=0.9479017474225452, val_AP=0.9285247529160403
INFO - 11/01/25 23:53:04 - 0:04:00 - Epoch 52: train_loss=1.2965030670166016, train_AUC=0.9084521859048298, train_AP=0.868366644467957, distortion=0.5992779731750488, reward=0.2891, epsilon=0.1000, time=0.3101351261138916
INFO - 11/01/25 23:53:04 - 0:04:00 - Epoch 52: val_AUC=0.9480976694213876, val_AP=0.9284735202647559
INFO - 11/01/25 23:53:04 - 0:04:00 - Epoch 53: train_loss=1.2867465019226074, train_AUC=0.9109261495632391, train_AP=0.8714663259947403, distortion=0.5974512696266174, reward=0.2937, epsilon=0.1000, time=0.3106381893157959
INFO - 11/01/25 23:53:04 - 0:04:00 - Epoch 53: val_AUC=0.9482483564881441, val_AP=0.9283455391205173
INFO - 11/01/25 23:53:04 - 0:04:00 - Epoch 54: train_loss=1.2907166481018066, train_AUC=0.9095939277123224, train_AP=0.8702024675475661, distortion=0.5957963466644287, reward=0.2941, epsilon=0.1000, time=0.31006789207458496
INFO - 11/01/25 23:53:05 - 0:04:01 - Epoch 54: val_AUC=0.9483564017080941, val_AP=0.9282526154213435
INFO - 11/01/25 23:53:05 - 0:04:01 - Epoch 55: train_loss=1.2763835191726685, train_AUC=0.91310637837723, train_AP=0.8743919943603997, distortion=0.5942613482475281, reward=0.2995, epsilon=0.1000, time=0.3189105987548828
INFO - 11/01/25 23:53:05 - 0:04:01 - Epoch 55: val_AUC=0.9484117208607085, val_AP=0.9281912540107855
INFO - 11/01/25 23:53:05 - 0:04:01 - Epoch 56: train_loss=1.2795774936676025, train_AUC=0.9109888726442116, train_AP=0.8719970180513692, distortion=0.5930761694908142, reward=0.2984, epsilon=0.1000, time=0.2734527587890625
INFO - 11/01/25 23:53:05 - 0:04:01 - Epoch 56: val_AUC=0.9485416632452347, val_AP=0.9282886559817296
INFO - 11/01/25 23:53:06 - 0:04:02 - Epoch 57: train_loss=1.2772784233093262, train_AUC=0.9107354332559148, train_AP=0.8714611045177769, distortion=0.590421199798584, reward=0.3007, epsilon=0.1000, time=0.2672879695892334
INFO - 11/01/25 23:53:06 - 0:04:02 - Epoch 57: val_AUC=0.9486808254885302, val_AP=0.9283110542702941
INFO - 11/01/25 23:53:06 - 0:04:02 - Epoch 58: train_loss=1.2753026485443115, train_AUC=0.9104254749570313, train_AP=0.8697932429619732, distortion=0.5896136164665222, reward=0.3005, epsilon=0.1000, time=0.3105161190032959
INFO - 11/01/25 23:53:06 - 0:04:02 - Epoch 58: val_AUC=0.9488597483727669, val_AP=0.9285288634664703
INFO - 11/01/25 23:53:06 - 0:04:02 - Epoch 59: train_loss=1.2715957164764404, train_AUC=0.9116387065321476, train_AP=0.8724868021333925, distortion=0.5878351330757141, reward=0.3042, epsilon=0.1000, time=0.3105015754699707
INFO - 11/01/25 23:53:07 - 0:04:03 - Epoch 59: val_AUC=0.9490622971450994, val_AP=0.9287349929448128
INFO - 11/01/25 23:53:07 - 0:04:03 - Epoch 60: train_loss=1.2677016258239746, train_AUC=0.9123318464963653, train_AP=0.8738575455226376, distortion=0.585981547832489, reward=0.3071, epsilon=0.1000, time=0.3115875720977783
INFO - 11/01/25 23:53:07 - 0:04:03 - Epoch 60: val_AUC=0.9492511601895718, val_AP=0.9287648009222413
INFO - 11/01/25 23:53:07 - 0:04:03 - Epoch 61: train_loss=1.266201376914978, train_AUC=0.9119517148285077, train_AP=0.8722220615301801, distortion=0.5841100811958313, reward=0.3080, epsilon=0.1000, time=0.31066370010375977
INFO - 11/01/25 23:53:07 - 0:04:03 - Epoch 61: val_AUC=0.9494250409635443, val_AP=0.9288994683280807
INFO - 11/01/25 23:53:08 - 0:04:04 - Epoch 62: train_loss=1.2616467475891113, train_AUC=0.911677837615969, train_AP=0.870068017447825, distortion=0.5824819207191467, reward=0.3084, epsilon=0.1000, time=0.31046009063720703
INFO - 11/01/25 23:53:08 - 0:04:04 - Epoch 62: val_AUC=0.9495322218217346, val_AP=0.9289389728681453
INFO - 11/01/25 23:53:08 - 0:04:04 - Epoch 63: train_loss=1.261997938156128, train_AUC=0.9127367185833691, train_AP=0.8736914418579, distortion=0.5827193856239319, reward=0.3105, epsilon=0.1000, time=0.26911282539367676
INFO - 11/01/25 23:53:08 - 0:04:04 - Epoch 63: val_AUC=0.9496226916859059, val_AP=0.9289256652306392
INFO - 11/01/25 23:53:09 - 0:04:05 - Epoch 64: train_loss=1.262204647064209, train_AUC=0.9119708581857702, train_AP=0.8718460632974662, distortion=0.5802016258239746, reward=0.3117, epsilon=0.1000, time=0.3105461597442627
INFO - 11/01/25 23:53:09 - 0:04:05 - Epoch 64: val_AUC=0.9496296065799826, val_AP=0.9287492429172384
INFO - 11/01/25 23:53:09 - 0:04:05 - Epoch 65: train_loss=1.2531222105026245, train_AUC=0.9142806019849454, train_AP=0.8753694705381833, distortion=0.578457236289978, reward=0.3164, epsilon=0.1000, time=0.3109469413757324
INFO - 11/01/25 23:53:09 - 0:04:05 - Epoch 65: val_AUC=0.9495616101215609, val_AP=0.928629804015176
INFO - 11/01/25 23:53:09 - 0:04:05 - Epoch 66: train_loss=1.2578356266021729, train_AUC=0.9121213702527824, train_AP=0.8716279816204674, distortion=0.5767905116081238, reward=0.3151, epsilon=0.1000, time=0.3107423782348633
INFO - 11/01/25 23:53:09 - 0:04:06 - Epoch 66: val_AUC=0.9494184141900541, val_AP=0.9283025593711999
INFO - 11/01/25 23:53:10 - 0:04:06 - Epoch 67: train_loss=1.2515933513641357, train_AUC=0.9144657740657729, train_AP=0.8764606718113872, distortion=0.5756648182868958, reward=0.3198, epsilon=0.1000, time=0.27106785774230957
INFO - 11/01/25 23:53:10 - 0:04:06 - Epoch 67: val_AUC=0.9493386047875845, val_AP=0.9281492000256727
INFO - 11/01/25 23:53:10 - 0:04:06 - Epoch 68: train_loss=1.2541316747665405, train_AUC=0.9128286372031879, train_AP=0.8729716105150828, distortion=0.5756411552429199, reward=0.3173, epsilon=0.1000, time=0.31151437759399414
INFO - 11/01/25 23:53:10 - 0:04:06 - Epoch 68: val_AUC=0.9492562022998361, val_AP=0.9279225661293007
INFO - 11/01/25 23:53:11 - 0:04:07 - Epoch 69: train_loss=1.2467522621154785, train_AUC=0.9154107130290581, train_AP=0.8763913159829905, distortion=0.5752713680267334, reward=0.3206, epsilon=0.1000, time=0.31065988540649414
INFO - 11/01/25 23:53:11 - 0:04:07 - Epoch 69: val_AUC=0.9492331526529136, val_AP=0.9277039689762137
INFO - 11/01/25 23:53:11 - 0:04:07 - Epoch 70: train_loss=1.2429099082946777, train_AUC=0.9156100973305186, train_AP=0.8761591600192602, distortion=0.5748252868652344, reward=0.3211, epsilon=0.1000, time=0.31121063232421875
INFO - 11/01/25 23:53:11 - 0:04:07 - Epoch 70: val_AUC=0.9492706083291629, val_AP=0.9275906268329739
INFO - 11/01/25 23:53:11 - 0:04:07 - Epoch 71: train_loss=1.245802402496338, train_AUC=0.9129107339239584, train_AP=0.8717297139481983, distortion=0.5738300085067749, reward=0.3185, epsilon=0.1000, time=0.3190476894378662
INFO - 11/01/25 23:53:12 - 0:04:08 - Epoch 71: val_AUC=0.94932650372295, val_AP=0.9275008903699863
INFO - 11/01/25 23:53:12 - 0:04:08 - Epoch 72: train_loss=1.2468018531799316, train_AUC=0.913819950682772, train_AP=0.8754736272164673, distortion=0.5723404288291931, reward=0.3223, epsilon=0.1000, time=0.3345940113067627
INFO - 11/01/25 23:53:12 - 0:04:08 - Epoch 72: val_AUC=0.9493417741140363, val_AP=0.9274299037413949
INFO - 11/01/25 23:53:12 - 0:04:08 - Epoch 73: train_loss=1.244114875793457, train_AUC=0.9128544766980712, train_AP=0.8717213995628085, distortion=0.5710036158561707, reward=0.3213, epsilon=0.1000, time=0.34213805198669434
INFO - 11/01/25 23:53:12 - 0:04:08 - Epoch 73: val_AUC=0.9493757723432473, val_AP=0.9273907897406719
INFO - 11/01/25 23:53:13 - 0:04:09 - Epoch 74: train_loss=1.2438676357269287, train_AUC=0.9133463651781927, train_AP=0.8730502357191018, distortion=0.5697911977767944, reward=0.3234, epsilon=0.1000, time=0.3348710536956787
INFO - 11/01/25 23:53:13 - 0:04:09 - Epoch 74: val_AUC=0.9494495312133996, val_AP=0.9274246234280134
INFO - 11/01/25 23:53:13 - 0:04:09 - Epoch 75: train_loss=1.243239164352417, train_AUC=0.9130219175221188, train_AP=0.8730417848648422, distortion=0.5687851309776306, reward=0.3242, epsilon=0.1000, time=0.32328128814697266
INFO - 11/01/25 23:53:13 - 0:04:09 - Epoch 75: val_AUC=0.9496013707625025, val_AP=0.927535964374819
INFO - 11/01/25 23:53:14 - 0:04:10 - Epoch 76: train_loss=1.2474391460418701, train_AUC=0.9117144271183012, train_AP=0.8717922141963614, distortion=0.5682294964790344, reward=0.3235, epsilon=0.1000, time=0.27494096755981445
INFO - 11/01/25 23:53:14 - 0:04:10 - Epoch 76: val_AUC=0.9497791411643932, val_AP=0.9276805195936184
INFO - 11/01/25 23:53:14 - 0:04:10 - Epoch 77: train_loss=1.2413852214813232, train_AUC=0.9130612848698401, train_AP=0.8735897961323894, distortion=0.5654177069664001, reward=0.3279, epsilon=0.1000, time=0.27361536026000977
INFO - 11/01/25 23:53:14 - 0:04:10 - Epoch 77: val_AUC=0.9498732125358963, val_AP=0.9277370961097637
INFO - 11/01/25 23:53:14 - 0:04:10 - Epoch 78: train_loss=1.2398693561553955, train_AUC=0.9135867113594758, train_AP=0.874551132666259, distortion=0.5649022459983826, reward=0.3292, epsilon=0.1000, time=0.3103971481323242
INFO - 11/01/25 23:53:14 - 0:04:11 - Epoch 78: val_AUC=0.9499376074869863, val_AP=0.9277040399405166
INFO - 11/01/25 23:53:15 - 0:04:11 - Epoch 79: train_loss=1.234858751296997, train_AUC=0.9138627727669715, train_AP=0.874011228931826, distortion=0.5637857913970947, reward=0.3302, epsilon=0.1000, time=0.31310367584228516
INFO - 11/01/25 23:53:15 - 0:04:11 - Epoch 79: val_AUC=0.9500099257542061, val_AP=0.9276810942433883
INFO - 11/01/25 23:53:15 - 0:04:11 - Epoch 80: train_loss=1.2343945503234863, train_AUC=0.914000180162688, train_AP=0.8730975042327986, distortion=0.562525749206543, reward=0.3310, epsilon=0.1000, time=0.31442975997924805
INFO - 11/01/25 23:53:15 - 0:04:11 - Epoch 80: val_AUC=0.9501091832962667, val_AP=0.9277093864065187
INFO - 11/01/25 23:53:16 - 0:04:12 - Epoch 81: train_loss=1.2362087965011597, train_AUC=0.9131426010225359, train_AP=0.8732380010717161, distortion=0.5614727735519409, reward=0.3317, epsilon=0.1000, time=0.3097825050354004
INFO - 11/01/25 23:53:16 - 0:04:12 - Epoch 81: val_AUC=0.9502764372967488, val_AP=0.9278391624511312
INFO - 11/01/25 23:53:16 - 0:04:12 - Epoch 82: train_loss=1.2380707263946533, train_AUC=0.9118944861293273, train_AP=0.8720336072367298, distortion=0.5603975057601929, reward=0.3316, epsilon=0.1000, time=0.31055402755737305
INFO - 11/01/25 23:53:16 - 0:04:12 - Epoch 82: val_AUC=0.9505077981277349, val_AP=0.928112603654301
INFO - 11/01/25 23:53:16 - 0:04:13 - Epoch 83: train_loss=1.2373449802398682, train_AUC=0.9122664158510371, train_AP=0.8719821568915382, distortion=0.5593386292457581, reward=0.3328, epsilon=0.1000, time=0.3101165294647217
INFO - 11/01/25 23:53:17 - 0:04:13 - Epoch 83: val_AUC=0.9506636713650491, val_AP=0.9282801630944418
INFO - 11/01/25 23:53:17 - 0:04:13 - Epoch 84: train_loss=1.2341328859329224, train_AUC=0.9127818140845472, train_AP=0.8716295246295197, distortion=0.5584991574287415, reward=0.3337, epsilon=0.1000, time=0.31352806091308594
INFO - 11/01/25 23:53:17 - 0:04:13 - Epoch 84: val_AUC=0.9507322440646438, val_AP=0.9282867730082947
INFO - 11/01/25 23:53:17 - 0:04:13 - Epoch 85: train_loss=1.2269961833953857, train_AUC=0.9147535943375396, train_AP=0.8743375126332725, distortion=0.5575997829437256, reward=0.3369, epsilon=0.1000, time=0.31872081756591797
INFO - 11/01/25 23:53:17 - 0:04:13 - Epoch 85: val_AUC=0.9507973593172003, val_AP=0.928240298343283
INFO - 11/01/25 23:53:18 - 0:04:14 - Epoch 86: train_loss=1.2292892932891846, train_AUC=0.9133971419788052, train_AP=0.8725112950605062, distortion=0.5563715100288391, reward=0.3366, epsilon=0.1000, time=0.3110313415527344
INFO - 11/01/25 23:53:18 - 0:04:14 - Epoch 86: val_AUC=0.9509189462047171, val_AP=0.9283838535552553
INFO - 11/01/25 23:53:18 - 0:04:14 - Epoch 87: train_loss=1.2296700477600098, train_AUC=0.9129187504478049, train_AP=0.8713351862119779, distortion=0.5552152395248413, reward=0.3369, epsilon=0.1000, time=0.31507158279418945
INFO - 11/01/25 23:53:18 - 0:04:14 - Epoch 87: val_AUC=0.9510163309629652, val_AP=0.928496530508859
INFO - 11/01/25 23:53:19 - 0:04:15 - Epoch 88: train_loss=1.2288225889205933, train_AUC=0.9124997972317415, train_AP=0.8711312578234155, distortion=0.5538283586502075, reward=0.3380, epsilon=0.1000, time=0.2739682197570801
INFO - 11/01/25 23:53:19 - 0:04:15 - Epoch 88: val_AUC=0.9511140038417999, val_AP=0.9285763388935424
INFO - 11/01/25 23:53:19 - 0:04:15 - Epoch 89: train_loss=1.2249507904052734, train_AUC=0.912993737818353, train_AP=0.872083911439609, distortion=0.553299605846405, reward=0.3392, epsilon=0.1000, time=0.3191494941711426
INFO - 11/01/25 23:53:19 - 0:04:15 - Epoch 89: val_AUC=0.9512533101453885, val_AP=0.9287105645343607
INFO - 11/01/25 23:53:19 - 0:04:15 - Epoch 90: train_loss=1.2275054454803467, train_AUC=0.9123767446125132, train_AP=0.8711244121833976, distortion=0.5524401664733887, reward=0.3393, epsilon=0.1000, time=0.31615471839904785
INFO - 11/01/25 23:53:19 - 0:04:16 - Epoch 90: val_AUC=0.9513367210551898, val_AP=0.9288433422547614
INFO - 11/01/25 23:53:20 - 0:04:16 - Epoch 91: train_loss=1.223982810974121, train_AUC=0.9121211888180576, train_AP=0.8705489618184581, distortion=0.5515571236610413, reward=0.3398, epsilon=0.1000, time=0.3157472610473633
INFO - 11/01/25 23:53:20 - 0:04:16 - Epoch 91: val_AUC=0.9513678380785354, val_AP=0.9288713325737274
INFO - 11/01/25 23:53:20 - 0:04:16 - Epoch 92: train_loss=1.2258579730987549, train_AUC=0.9112550638032955, train_AP=0.8676317959664667, distortion=0.5508972406387329, reward=0.3385, epsilon=0.1000, time=0.3162407875061035
INFO - 11/01/25 23:53:20 - 0:04:16 - Epoch 92: val_AUC=0.9514715614896871, val_AP=0.9290366017878409
INFO - 11/01/25 23:53:21 - 0:04:17 - Epoch 93: train_loss=1.2237229347229004, train_AUC=0.9119019698132812, train_AP=0.8694695706295004, distortion=0.5496637225151062, reward=0.3410, epsilon=0.1000, time=0.3157229423522949
INFO - 11/01/25 23:53:21 - 0:04:17 - Epoch 93: val_AUC=0.9516876519295868, val_AP=0.9292610434451879
INFO - 11/01/25 23:53:21 - 0:04:17 - Epoch 94: train_loss=1.225814938545227, train_AUC=0.9120820512544244, train_AP=0.8717661965612093, distortion=0.5476516485214233, reward=0.3443, epsilon=0.1000, time=0.3190178871154785
INFO - 11/01/25 23:53:21 - 0:04:17 - Epoch 94: val_AUC=0.9518164418317668, val_AP=0.9295064986673335
INFO - 11/01/25 23:53:22 - 0:04:18 - Epoch 95: train_loss=1.2181000709533691, train_AUC=0.9121196550964958, train_AP=0.8693442226616939, distortion=0.5468961000442505, reward=0.3438, epsilon=0.1000, time=0.31571221351623535
INFO - 11/01/25 23:53:22 - 0:04:18 - Epoch 95: val_AUC=0.9517890703760462, val_AP=0.9295320630616181
INFO - 11/01/25 23:53:22 - 0:04:18 - Epoch 96: train_loss=1.2246477603912354, train_AUC=0.9112012594353236, train_AP=0.8694736330392348, distortion=0.5474788546562195, reward=0.3429, epsilon=0.1000, time=0.27726316452026367
INFO - 11/01/25 23:53:22 - 0:04:18 - Epoch 96: val_AUC=0.9517614107997393, val_AP=0.9293839194804031
INFO - 11/01/25 23:53:22 - 0:04:18 - Epoch 97: train_loss=1.2213385105133057, train_AUC=0.9112241361609631, train_AP=0.8683040319397559, distortion=0.5459584593772888, reward=0.3438, epsilon=0.1000, time=0.3192784786224365
INFO - 11/01/25 23:53:22 - 0:04:19 - Epoch 97: val_AUC=0.95187435406966, val_AP=0.9294940806370054
INFO - 11/01/25 23:53:23 - 0:04:19 - Epoch 98: train_loss=1.2157576084136963, train_AUC=0.9123622771869927, train_AP=0.8695316262551268, distortion=0.5444615483283997, reward=0.3465, epsilon=0.1000, time=0.3186054229736328
INFO - 11/01/25 23:53:23 - 0:04:19 - Epoch 98: val_AUC=0.9520601918479737, val_AP=0.9297754832624131
INFO - 11/01/25 23:53:23 - 0:04:19 - Epoch 99: train_loss=1.211862564086914, train_AUC=0.9139235085395703, train_AP=0.8720152616551445, distortion=0.5429826974868774, reward=0.3500, epsilon=0.1000, time=0.32567358016967773
INFO - 11/01/25 23:53:23 - 0:04:19 - Epoch 99: val_AUC=0.9521290526681551, val_AP=0.9298857617123419
INFO - 11/01/25 23:53:24 - 0:04:20 - Epoch 100: train_loss=1.2160682678222656, train_AUC=0.9128048672604412, train_AP=0.8715056545423683, distortion=0.5428292155265808, reward=0.3493, epsilon=0.1000, time=0.2759721279144287
INFO - 11/01/25 23:53:24 - 0:04:20 - Epoch 100: val_AUC=0.9520437689745415, val_AP=0.9296607287205398
INFO - 11/01/25 23:53:24 - 0:04:20 - Epoch 101: train_loss=1.2153620719909668, train_AUC=0.9119873981541093, train_AP=0.869872279384221, distortion=0.5419986844062805, reward=0.3489, epsilon=0.1000, time=0.3129565715789795
INFO - 11/01/25 23:53:24 - 0:04:20 - Epoch 101: val_AUC=0.9520921732330789, val_AP=0.9296573995887478
INFO - 11/01/25 23:53:24 - 0:04:21 - Epoch 102: train_loss=1.2166333198547363, train_AUC=0.9103671691137838, train_AP=0.866241276692177, distortion=0.5409330725669861, reward=0.3474, epsilon=0.1000, time=0.3326694965362549
INFO - 11/01/25 23:53:25 - 0:04:21 - Epoch 102: val_AUC=0.9523670402726312, val_AP=0.9300161008526029
INFO - 11/01/25 23:53:25 - 0:04:21 - Epoch 103: train_loss=1.2160377502441406, train_AUC=0.9118474471831155, train_AP=0.8702759378409897, distortion=0.5394768118858337, reward=0.3516, epsilon=0.1000, time=0.31311988830566406
INFO - 11/01/25 23:53:25 - 0:04:21 - Epoch 103: val_AUC=0.9524866103160423, val_AP=0.9301372020616827
INFO - 11/01/25 23:53:25 - 0:04:21 - Epoch 104: train_loss=1.2117419242858887, train_AUC=0.9120252407523161, train_AP=0.8711768044841042, distortion=0.5389782190322876, reward=0.3526, epsilon=0.1000, time=0.3071575164794922
INFO - 11/01/25 23:53:25 - 0:04:21 - Epoch 104: val_AUC=0.9523756838902271, val_AP=0.9298985808511472
INFO - 11/01/25 23:53:26 - 0:04:22 - Epoch 105: train_loss=1.2115395069122314, train_AUC=0.9122440739590784, train_AP=0.870580635238299, distortion=0.5394323468208313, reward=0.3520, epsilon=0.1000, time=0.3069913387298584
INFO - 11/01/25 23:53:26 - 0:04:22 - Epoch 105: val_AUC=0.9524595269809082, val_AP=0.929893467522022
INFO - 11/01/25 23:53:26 - 0:04:22 - Epoch 106: train_loss=1.2137092351913452, train_AUC=0.9125490861679206, train_AP=0.8709481442705629, distortion=0.5389026403427124, reward=0.3528, epsilon=0.1000, time=0.26505303382873535
INFO - 11/01/25 23:53:26 - 0:04:22 - Epoch 106: val_AUC=0.9527436138792298, val_AP=0.9303004674747977
INFO - 11/01/25 23:53:27 - 0:04:23 - Epoch 107: train_loss=1.2071022987365723, train_AUC=0.9129100131695291, train_AP=0.8691681804491501, distortion=0.536471426486969, reward=0.3546, epsilon=0.1000, time=0.3067052364349365
INFO - 11/01/25 23:53:27 - 0:04:23 - Epoch 107: val_AUC=0.9530210740040608, val_AP=0.9307414490665606
INFO - 11/01/25 23:53:27 - 0:04:23 - Epoch 108: train_loss=1.205855369567871, train_AUC=0.9130378015341452, train_AP=0.8707526078789223, distortion=0.5359198451042175, reward=0.3560, epsilon=0.1000, time=0.3065640926361084
INFO - 11/01/25 23:53:27 - 0:04:23 - Epoch 108: val_AUC=0.9529156218693898, val_AP=0.9304630359876238
INFO - 11/01/25 23:53:27 - 0:04:23 - Epoch 109: train_loss=1.2013053894042969, train_AUC=0.915448023784266, train_AP=0.8754168209701945, distortion=0.5365110635757446, reward=0.3589, epsilon=0.1000, time=0.3069589138031006
INFO - 11/01/25 23:53:27 - 0:04:24 - Epoch 109: val_AUC=0.9529242654869857, val_AP=0.9303181780583399
INFO - 11/01/25 23:53:28 - 0:04:24 - Epoch 110: train_loss=1.2047476768493652, train_AUC=0.9133372685195966, train_AP=0.8707413698407236, distortion=0.5360552072525024, reward=0.3560, epsilon=0.1000, time=0.3072187900543213
INFO - 11/01/25 23:53:28 - 0:04:24 - Epoch 110: val_AUC=0.9532437912174507, val_AP=0.9308584516544921
INFO - 11/01/25 23:53:28 - 0:04:24 - Epoch 111: train_loss=1.2073748111724854, train_AUC=0.9118971084592381, train_AP=0.8693788611447967, distortion=0.5343182682991028, reward=0.3563, epsilon=0.1000, time=0.31237339973449707
INFO - 11/01/25 23:53:28 - 0:04:24 - Epoch 111: val_AUC=0.953523556306974, val_AP=0.9312612368097829
INFO - 11/01/25 23:53:29 - 0:04:25 - Epoch 112: train_loss=1.2019658088684082, train_AUC=0.9129982163650645, train_AP=0.8694525352104027, distortion=0.533941388130188, reward=0.3573, epsilon=0.1000, time=0.3067498207092285
INFO - 11/01/25 23:53:29 - 0:04:25 - Epoch 112: val_AUC=0.9533838178225056, val_AP=0.9308742424820464
INFO - 11/01/25 23:53:29 - 0:04:25 - Epoch 113: train_loss=1.2060445547103882, train_AUC=0.9121939740495548, train_AP=0.8697940996596664, distortion=0.5331391096115112, reward=0.3579, epsilon=0.1000, time=0.2646903991699219
INFO - 11/01/25 23:53:29 - 0:04:25 - Epoch 113: val_AUC=0.9533336848404489, val_AP=0.9306700728269098
INFO - 11/01/25 23:53:29 - 0:04:25 - Epoch 114: train_loss=1.19826340675354, train_AUC=0.9148008610740515, train_AP=0.8736241502731039, distortion=0.5341576933860779, reward=0.3601, epsilon=0.1000, time=0.30717897415161133
INFO - 11/01/25 23:53:30 - 0:04:26 - Epoch 114: val_AUC=0.9535855022330787, val_AP=0.9310698529214928
INFO - 11/01/25 23:53:30 - 0:04:26 - Epoch 115: train_loss=1.2028863430023193, train_AUC=0.9122653631308753, train_AP=0.8693073041936578, distortion=0.5324904918670654, reward=0.3583, epsilon=0.1000, time=0.30709338188171387
INFO - 11/01/25 23:53:30 - 0:04:26 - Epoch 115: val_AUC=0.9537952540200746, val_AP=0.9313664419114818
INFO - 11/01/25 23:53:30 - 0:04:26 - Epoch 116: train_loss=1.2022337913513184, train_AUC=0.9130450504495401, train_AP=0.8698778088767949, distortion=0.5316274762153625, reward=0.3598, epsilon=0.1000, time=0.31656432151794434
INFO - 11/01/25 23:53:30 - 0:04:26 - Epoch 116: val_AUC=0.9537021910706244, val_AP=0.9311137305039816
INFO - 11/01/25 23:53:31 - 0:04:27 - Epoch 117: train_loss=1.2005586624145508, train_AUC=0.9139533934306817, train_AP=0.870867579210609, distortion=0.5334464311599731, reward=0.3590, epsilon=0.1000, time=0.26405954360961914
INFO - 11/01/25 23:53:31 - 0:04:27 - Epoch 117: val_AUC=0.9536316015269238, val_AP=0.9308013648495699
INFO - 11/01/25 23:53:31 - 0:04:27 - Epoch 118: train_loss=1.2045886516571045, train_AUC=0.9121188012567054, train_AP=0.8687713091255733, distortion=0.5326409935951233, reward=0.3578, epsilon=0.1000, time=0.30712127685546875
INFO - 11/01/25 23:53:31 - 0:04:27 - Epoch 118: val_AUC=0.9538488444491696, val_AP=0.9311144563682585
INFO - 11/01/25 23:53:31 - 0:04:28 - Epoch 119: train_loss=1.2003709077835083, train_AUC=0.9128417373884603, train_AP=0.8702994596101934, distortion=0.5308027267456055, reward=0.3608, epsilon=0.1000, time=0.3071718215942383
INFO - 11/01/25 23:53:32 - 0:04:28 - Epoch 119: val_AUC=0.9541142035093664, val_AP=0.9316221312246225
INFO - 11/01/25 23:53:32 - 0:04:28 - Epoch 120: train_loss=1.2016375064849854, train_AUC=0.9125020218009094, train_AP=0.8692798719235357, distortion=0.5280123353004456, reward=0.3629, epsilon=0.1000, time=0.26520252227783203
INFO - 11/01/25 23:53:32 - 0:04:28 - Epoch 120: val_AUC=0.9540620536832041, val_AP=0.9314141432638002
INFO - 11/01/25 23:53:32 - 0:04:28 - Epoch 121: train_loss=1.1921374797821045, train_AUC=0.9154984242573585, train_AP=0.8742753859020563, distortion=0.5295819044113159, reward=0.3653, epsilon=0.1000, time=0.32245945930480957
INFO - 11/01/25 23:53:32 - 0:04:28 - Epoch 121: val_AUC=0.9539257726457739, val_AP=0.9310810302927458
INFO - 11/01/25 23:53:33 - 0:04:29 - Epoch 122: train_loss=1.198594093322754, train_AUC=0.9120679033334608, train_AP=0.8683461643418476, distortion=0.5293691158294678, reward=0.3608, epsilon=0.1000, time=0.31144285202026367
INFO - 11/01/25 23:53:33 - 0:04:29 - Epoch 122: val_AUC=0.9541435918091927, val_AP=0.9313929204117242
INFO - 11/01/25 23:53:33 - 0:04:29 - Epoch 123: train_loss=1.1947696208953857, train_AUC=0.9136792973998896, train_AP=0.870675319228576, distortion=0.5282096862792969, reward=0.3640, epsilon=0.1000, time=0.3118557929992676
INFO - 11/01/25 23:53:33 - 0:04:29 - Epoch 123: val_AUC=0.954440067892735, val_AP=0.9319324306342102
INFO - 11/01/25 23:53:34 - 0:04:30 - Epoch 124: train_loss=1.1950702667236328, train_AUC=0.9132655270362144, train_AP=0.8700941270952561, distortion=0.5277184247970581, reward=0.3640, epsilon=0.1000, time=0.3147764205932617
INFO - 11/01/25 23:53:34 - 0:04:30 - Epoch 124: val_AUC=0.9544236450193027, val_AP=0.9317718911485185
INFO - 11/01/25 23:53:34 - 0:04:30 - Epoch 125: train_loss=1.1932501792907715, train_AUC=0.913655312626466, train_AP=0.8717513932376655, distortion=0.526739776134491, reward=0.3660, epsilon=0.1000, time=0.31492066383361816
INFO - 11/01/25 23:53:34 - 0:04:30 - Epoch 125: val_AUC=0.9543075324229299, val_AP=0.9314351173229755
INFO - 11/01/25 23:53:34 - 0:04:30 - Epoch 126: train_loss=1.1904840469360352, train_AUC=0.9143159613199668, train_AP=0.872007055912788, distortion=0.5266397595405579, reward=0.3665, epsilon=0.1000, time=0.31523942947387695
INFO - 11/01/25 23:53:35 - 0:04:31 - Epoch 126: val_AUC=0.954413560798774, val_AP=0.9316170636000459
INFO - 11/01/25 23:53:35 - 0:04:31 - Epoch 127: train_loss=1.1891891956329346, train_AUC=0.9151795621988861, train_AP=0.8745791454514871, distortion=0.526469886302948, reward=0.3684, epsilon=0.1000, time=0.3110849857330322
INFO - 11/01/25 23:53:35 - 0:04:31 - Epoch 127: val_AUC=0.9546238888269429, val_AP=0.9319421486075676
INFO - 11/01/25 23:53:35 - 0:04:31 - Epoch 128: train_loss=1.1901421546936035, train_AUC=0.9141702099206944, train_AP=0.8708501169133829, distortion=0.5251352190971375, reward=0.3674, epsilon=0.1000, time=0.2772798538208008
INFO - 11/01/25 23:53:35 - 0:04:31 - Epoch 128: val_AUC=0.9547221379469506, val_AP=0.9320471679367933
INFO - 11/01/25 23:53:36 - 0:04:32 - Epoch 129: train_loss=1.1907963752746582, train_AUC=0.9134992344012871, train_AP=0.8705136874163201, distortion=0.5241554379463196, reward=0.3679, epsilon=0.1000, time=0.3110532760620117
INFO - 11/01/25 23:53:36 - 0:04:32 - Epoch 129: val_AUC=0.9546685475178556, val_AP=0.9318770600465779
INFO - 11/01/25 23:53:36 - 0:04:32 - Epoch 130: train_loss=1.1893929243087769, train_AUC=0.9145893779674347, train_AP=0.873356212384037, distortion=0.5259351134300232, reward=0.3680, epsilon=0.1000, time=0.3118126392364502
INFO - 11/01/25 23:53:36 - 0:04:32 - Epoch 130: val_AUC=0.9549742434601668, val_AP=0.9323213475042337
INFO - 11/01/25 23:53:36 - 0:04:33 - Epoch 131: train_loss=1.1869919300079346, train_AUC=0.9149279072510152, train_AP=0.8737505478345303, distortion=0.523454487323761, reward=0.3709, epsilon=0.1000, time=0.31417346000671387
INFO - 11/01/25 23:53:37 - 0:04:33 - Epoch 131: val_AUC=0.9551837071265763, val_AP=0.9326275808016373
INFO - 11/01/25 23:53:37 - 0:04:33 - Epoch 132: train_loss=1.1901401281356812, train_AUC=0.9133750876907919, train_AP=0.870973959541917, distortion=0.5223520398139954, reward=0.3698, epsilon=0.1000, time=0.31437015533447266
INFO - 11/01/25 23:53:37 - 0:04:33 - Epoch 132: val_AUC=0.9551329979033466, val_AP=0.932452671464337
INFO - 11/01/25 23:53:37 - 0:04:33 - Epoch 133: train_loss=1.1895424127578735, train_AUC=0.9138236332095504, train_AP=0.8714456000814009, distortion=0.5227855443954468, reward=0.3698, epsilon=0.1000, time=0.31381964683532715
INFO - 11/01/25 23:53:37 - 0:04:34 - Epoch 133: val_AUC=0.9551790971971919, val_AP=0.9325068034882543
INFO - 11/01/25 23:53:38 - 0:04:34 - Epoch 134: train_loss=1.1876698732376099, train_AUC=0.9144313483220694, train_AP=0.8721195434662581, distortion=0.5219520330429077, reward=0.3713, epsilon=0.1000, time=0.27191901206970215
INFO - 11/01/25 23:53:38 - 0:04:34 - Epoch 134: val_AUC=0.9553983569635432, val_AP=0.9328694701468347
INFO - 11/01/25 23:53:38 - 0:04:34 - Epoch 135: train_loss=1.1867347955703735, train_AUC=0.9144681112839733, train_AP=0.8734058452726993, distortion=0.5209534168243408, reward=0.3730, epsilon=0.1000, time=0.31118083000183105
INFO - 11/01/25 23:53:38 - 0:04:34 - Epoch 135: val_AUC=0.955756202732017, val_AP=0.9335142882537777
INFO - 11/01/25 23:53:39 - 0:04:35 - Epoch 136: train_loss=1.1793031692504883, train_AUC=0.9164876003960079, train_AP=0.8749612630275048, distortion=0.5196996927261353, reward=0.3760, epsilon=0.1000, time=0.3113548755645752
INFO - 11/01/25 23:53:39 - 0:04:35 - Epoch 136: val_AUC=0.9557210520204601, val_AP=0.9333566575097841
INFO - 11/01/25 23:53:39 - 0:04:35 - Epoch 137: train_loss=1.1845917701721191, train_AUC=0.9139498619333581, train_AP=0.8708202547173223, distortion=0.5189958214759827, reward=0.3734, epsilon=0.1000, time=0.3138465881347656
INFO - 11/01/25 23:53:39 - 0:04:35 - Epoch 137: val_AUC=0.955717306452835, val_AP=0.9333598352859926
INFO - 11/01/25 23:53:39 - 0:04:35 - Epoch 138: train_loss=1.1842916011810303, train_AUC=0.9139213647188238, train_AP=0.8705205924616108, distortion=0.5192996859550476, reward=0.3729, epsilon=0.1000, time=0.3136465549468994
INFO - 11/01/25 23:53:40 - 0:04:36 - Epoch 138: val_AUC=0.9561036761593757, val_AP=0.9339993873585211
INFO - 11/01/25 23:53:40 - 0:04:36 - Epoch 139: train_loss=1.1845835447311401, train_AUC=0.9127601934454643, train_AP=0.868324235808319, distortion=0.5175468921661377, reward=0.3730, epsilon=0.1000, time=0.31086206436157227
INFO - 11/01/25 23:53:40 - 0:04:36 - Epoch 139: val_AUC=0.9565460853199967, val_AP=0.9348308100042916
INFO - 11/01/25 23:53:40 - 0:04:36 - Epoch 140: train_loss=1.1799535751342773, train_AUC=0.9150595416330407, train_AP=0.8724015273711173, distortion=0.5184506773948669, reward=0.3753, epsilon=0.1000, time=0.27822232246398926
INFO - 11/01/25 23:53:40 - 0:04:36 - Epoch 140: val_AUC=0.9563906442635624, val_AP=0.9345492334192305
INFO - 11/01/25 23:53:41 - 0:04:37 - Epoch 141: train_loss=1.1847325563430786, train_AUC=0.9134719494099695, train_AP=0.8693942247679185, distortion=0.5182349681854248, reward=0.3732, epsilon=0.1000, time=0.3111002445220947
INFO - 11/01/25 23:53:41 - 0:04:37 - Epoch 141: val_AUC=0.9566346824003557, val_AP=0.9349411585020853
INFO - 11/01/25 23:53:41 - 0:04:37 - Epoch 142: train_loss=1.1798419952392578, train_AUC=0.9146884951594971, train_AP=0.8704420700987182, distortion=0.5161995887756348, reward=0.3764, epsilon=0.1000, time=0.3111233711242676
INFO - 11/01/25 23:53:41 - 0:04:37 - Epoch 142: val_AUC=0.9570789643447893, val_AP=0.9357365580924518
INFO - 11/01/25 23:53:42 - 0:04:38 - Epoch 143: train_loss=1.1722384691238403, train_AUC=0.9170102196318786, train_AP=0.8747542541931265, distortion=0.5168459415435791, reward=0.3790, epsilon=0.1000, time=0.31107044219970703
INFO - 11/01/25 23:53:42 - 0:04:38 - Epoch 143: val_AUC=0.9573316460991786, val_AP=0.9361728255651665
INFO - 11/01/25 23:53:42 - 0:04:38 - Epoch 144: train_loss=1.1825358867645264, train_AUC=0.9138868726816629, train_AP=0.8708581870600476, distortion=0.5144093036651611, reward=0.3780, epsilon=0.1000, time=0.31128811836242676
INFO - 11/01/25 23:53:42 - 0:04:38 - Epoch 144: val_AUC=0.9571158437798656, val_AP=0.935872318096721
INFO - 11/01/25 23:53:42 - 0:04:38 - Epoch 145: train_loss=1.1716036796569824, train_AUC=0.917321824799803, train_AP=0.8761228097867582, distortion=0.5160278677940369, reward=0.3807, epsilon=0.1000, time=0.31355786323547363
INFO - 11/01/25 23:53:42 - 0:04:39 - Epoch 145: val_AUC=0.9575621425684047, val_AP=0.9365415157505014
INFO - 11/01/25 23:53:43 - 0:04:39 - Epoch 146: train_loss=1.1767966747283936, train_AUC=0.9143656629703003, train_AP=0.8706434135395458, distortion=0.5144957304000854, reward=0.3780, epsilon=0.1000, time=0.3187549114227295
INFO - 11/01/25 23:53:43 - 0:04:39 - Epoch 146: val_AUC=0.9580784546594717, val_AP=0.9374244725603037
INFO - 11/01/25 23:53:43 - 0:04:39 - Epoch 147: train_loss=1.168161153793335, train_AUC=0.9172782475683281, train_AP=0.8751120296055686, distortion=0.5128764510154724, reward=0.3833, epsilon=0.1000, time=0.3139932155609131
INFO - 11/01/25 23:53:43 - 0:04:39 - Epoch 147: val_AUC=0.9577618101348722, val_AP=0.9369131574358603
INFO - 11/01/25 23:53:44 - 0:04:40 - Epoch 148: train_loss=1.1735038757324219, train_AUC=0.9155660914345839, train_AP=0.8720289034382527, distortion=0.5137632489204407, reward=0.3800, epsilon=0.1000, time=0.2721266746520996
INFO - 11/01/25 23:53:44 - 0:04:40 - Epoch 148: val_AUC=0.9579139378045616, val_AP=0.937273582533796
INFO - 11/01/25 23:53:44 - 0:04:40 - Epoch 149: train_loss=1.176124095916748, train_AUC=0.9150854643685807, train_AP=0.872435914241108, distortion=0.5128780603408813, reward=0.3809, epsilon=0.1000, time=0.31444287300109863
INFO - 11/01/25 23:53:44 - 0:04:40 - Epoch 149: val_AUC=0.9584112339369172, val_AP=0.9380405344205514
INFO - 11/01/25 23:53:44 - 0:04:41 - Epoch 150: train_loss=1.1697200536727905, train_AUC=0.9162422961619546, train_AP=0.8723601884660341, distortion=0.5118820667266846, reward=0.3824, epsilon=0.1000, time=0.3143959045410156
INFO - 11/01/25 23:53:45 - 0:04:41 - Epoch 150: val_AUC=0.9585215841215591, val_AP=0.9381799455187815
INFO - 11/01/25 23:53:45 - 0:04:41 - Epoch 151: train_loss=1.1680697202682495, train_AUC=0.9176987978087279, train_AP=0.8774074613048042, distortion=0.5113246440887451, reward=0.3862, epsilon=0.1000, time=0.3142867088317871
INFO - 11/01/25 23:53:45 - 0:04:41 - Epoch 151: val_AUC=0.9583634059195527, val_AP=0.9380104533515637
INFO - 11/01/25 23:53:45 - 0:04:41 - Epoch 152: train_loss=1.171657681465149, train_AUC=0.9152581209425215, train_AP=0.8720645654868482, distortion=0.5111607313156128, reward=0.3825, epsilon=0.1000, time=0.3145139217376709
INFO - 11/01/25 23:53:45 - 0:04:41 - Epoch 152: val_AUC=0.9585584635566355, val_AP=0.9382250972590089
INFO - 11/01/25 23:53:46 - 0:04:42 - Epoch 153: train_loss=1.16360342502594, train_AUC=0.9179113122022835, train_AP=0.8765335221432469, distortion=0.5120910406112671, reward=0.3851, epsilon=0.1000, time=0.31364989280700684
INFO - 11/01/25 23:53:46 - 0:04:42 - Epoch 153: val_AUC=0.9589964068481653, val_AP=0.9392294428600443
INFO - 11/01/25 23:53:46 - 0:04:42 - Epoch 154: train_loss=1.169227123260498, train_AUC=0.9173339779356873, train_AP=0.8751653347260784, distortion=0.5089534521102905, reward=0.3873, epsilon=0.1000, time=0.31247687339782715
INFO - 11/01/25 23:53:46 - 0:04:42 - Epoch 154: val_AUC=0.9587921293523136, val_AP=0.9387285464283637
INFO - 11/01/25 23:53:47 - 0:04:43 - Epoch 155: train_loss=1.170649528503418, train_AUC=0.9160695040104172, train_AP=0.8724007057682283, distortion=0.5121542811393738, reward=0.3821, epsilon=0.1000, time=0.3137505054473877
INFO - 11/01/25 23:53:47 - 0:04:43 - Epoch 155: val_AUC=0.9589521803381326, val_AP=0.9392109254511706
INFO - 11/01/25 23:53:47 - 0:04:43 - Epoch 156: train_loss=1.174897313117981, train_AUC=0.9146002750167621, train_AP=0.8703531712513848, distortion=0.5090576410293579, reward=0.3834, epsilon=0.1000, time=0.3115239143371582
INFO - 11/01/25 23:53:47 - 0:04:43 - Epoch 156: val_AUC=0.959305560237515, val_AP=0.9396224774018064
INFO - 11/01/25 23:53:47 - 0:04:43 - Epoch 157: train_loss=1.1721645593643188, train_AUC=0.9149160462051001, train_AP=0.8727691815202496, distortion=0.5087841153144836, reward=0.3851, epsilon=0.1000, time=0.32128143310546875
INFO - 11/01/25 23:53:48 - 0:04:44 - Epoch 157: val_AUC=0.9593515154710669, val_AP=0.9395256084207253
INFO - 11/01/25 23:53:48 - 0:04:44 - Epoch 158: train_loss=1.165757656097412, train_AUC=0.9166681080093757, train_AP=0.8734362162427438, distortion=0.5105687379837036, reward=0.3845, epsilon=0.1000, time=0.32095766067504883
INFO - 11/01/25 23:53:48 - 0:04:44 - Epoch 158: val_AUC=0.9594741107806368, val_AP=0.9399879750417272
INFO - 11/01/25 23:53:48 - 0:04:44 - Epoch 159: train_loss=1.1699059009552002, train_AUC=0.915282965038653, train_AP=0.8728719209857689, distortion=0.5083461403846741, reward=0.3857, epsilon=0.1000, time=0.3203246593475342
INFO - 11/01/25 23:53:48 - 0:04:44 - Epoch 159: val_AUC=0.9594778563482617, val_AP=0.9397845142960698
INFO - 11/01/25 23:53:49 - 0:04:45 - Epoch 160: train_loss=1.164736032485962, train_AUC=0.9166726184566982, train_AP=0.8732279972047605, distortion=0.5091957449913025, reward=0.3858, epsilon=0.1000, time=0.31697726249694824
INFO - 11/01/25 23:53:49 - 0:04:45 - Epoch 160: val_AUC=0.9596884724970172, val_AP=0.94008224169205
INFO - 11/01/25 23:53:49 - 0:04:45 - Epoch 161: train_loss=1.1655689477920532, train_AUC=0.9164147762856409, train_AP=0.8740792658295, distortion=0.5076785087585449, reward=0.3876, epsilon=0.1000, time=0.3189578056335449
INFO - 11/01/25 23:53:49 - 0:04:45 - Epoch 161: val_AUC=0.9598809370488212, val_AP=0.9404699975729691
INFO - 11/01/25 23:53:50 - 0:04:46 - Epoch 162: train_loss=1.165397047996521, train_AUC=0.9164140784597761, train_AP=0.8734782688320184, distortion=0.5068398714065552, reward=0.3881, epsilon=0.1000, time=0.31780147552490234
INFO - 11/01/25 23:53:50 - 0:04:46 - Epoch 162: val_AUC=0.9598769033606096, val_AP=0.940210298554921
INFO - 11/01/25 23:53:50 - 0:04:46 - Epoch 163: train_loss=1.159902811050415, train_AUC=0.9183774932759892, train_AP=0.8765582209019219, distortion=0.5093047618865967, reward=0.3882, epsilon=0.1000, time=0.3142242431640625
INFO - 11/01/25 23:53:50 - 0:04:46 - Epoch 163: val_AUC=0.9599725593953387, val_AP=0.9405914323403995
INFO - 11/01/25 23:53:50 - 0:04:46 - Epoch 164: train_loss=1.162473201751709, train_AUC=0.9172111884964993, train_AP=0.87489647570979, distortion=0.5061349868774414, reward=0.3899, epsilon=0.1000, time=0.3138880729675293
INFO - 11/01/25 23:53:51 - 0:04:47 - Epoch 164: val_AUC=0.9601828874235075, val_AP=0.9409421992156728
INFO - 11/01/25 23:53:51 - 0:04:47 - Epoch 165: train_loss=1.160827398300171, train_AUC=0.9170313139108802, train_AP=0.8736204905694708, distortion=0.5061780214309692, reward=0.3891, epsilon=0.1000, time=0.3176717758178711
INFO - 11/01/25 23:53:51 - 0:04:47 - Epoch 165: val_AUC=0.9603819787488017, val_AP=0.940850283571921
INFO - 11/01/25 23:53:51 - 0:04:47 - Epoch 166: train_loss=1.1658711433410645, train_AUC=0.9158580767298695, train_AP=0.871786888979189, distortion=0.5081409811973572, reward=0.3857, epsilon=0.1000, time=0.31377100944519043
INFO - 11/01/25 23:53:51 - 0:04:47 - Epoch 166: val_AUC=0.9603041861904378, val_AP=0.941002351154041
INFO - 11/01/25 23:53:52 - 0:04:48 - Epoch 167: train_loss=1.1586511135101318, train_AUC=0.9174923739396316, train_AP=0.8753222749727474, distortion=0.5048964023590088, reward=0.3915, epsilon=0.1000, time=0.31349754333496094
INFO - 11/01/25 23:53:52 - 0:04:48 - Epoch 167: val_AUC=0.9603845718340807, val_AP=0.94111198578666
INFO - 11/01/25 23:53:52 - 0:04:48 - Epoch 168: train_loss=1.1652511358261108, train_AUC=0.9155619637945929, train_AP=0.872470648636466, distortion=0.5043290853500366, reward=0.3897, epsilon=0.1000, time=0.3148317337036133
INFO - 11/01/25 23:53:52 - 0:04:48 - Epoch 168: val_AUC=0.9605411653728613, val_AP=0.9410719731253882
INFO - 11/01/25 23:53:53 - 0:04:49 - Epoch 169: train_loss=1.1589343547821045, train_AUC=0.9176078591358021, train_AP=0.8741397800888986, distortion=0.5071854591369629, reward=0.3887, epsilon=0.1000, time=0.31091737747192383
INFO - 11/01/25 23:53:53 - 0:04:49 - Epoch 169: val_AUC=0.9606847934852479, val_AP=0.9413936302509474
INFO - 11/01/25 23:53:53 - 0:04:49 - Epoch 170: train_loss=1.1588486433029175, train_AUC=0.9174996103938506, train_AP=0.8757972039410108, distortion=0.5048567056655884, reward=0.3918, epsilon=0.1000, time=0.31174302101135254
INFO - 11/01/25 23:53:53 - 0:04:49 - Epoch 170: val_AUC=0.9609046294927723, val_AP=0.9417994690137586
INFO - 11/01/25 23:53:53 - 0:04:49 - Epoch 171: train_loss=1.1601030826568604, train_AUC=0.9169042876717983, train_AP=0.8750017415174794, distortion=0.5041630864143372, reward=0.3918, epsilon=0.1000, time=0.31401968002319336
INFO - 11/01/25 23:53:54 - 0:04:50 - Epoch 171: val_AUC=0.9611414646149024, val_AP=0.9418767677589934
INFO - 11/01/25 23:53:54 - 0:04:50 - Epoch 172: train_loss=1.159289836883545, train_AUC=0.9170296162002404, train_AP=0.8732082756926158, distortion=0.5055860877037048, reward=0.3895, epsilon=0.1000, time=0.3115513324737549
INFO - 11/01/25 23:53:54 - 0:04:50 - Epoch 172: val_AUC=0.9610259282597026, val_AP=0.9418182948376399
INFO - 11/01/25 23:53:54 - 0:04:50 - Epoch 173: train_loss=1.157916784286499, train_AUC=0.9181207486853278, train_AP=0.8758580088850705, distortion=0.5052815675735474, reward=0.3917, epsilon=0.1000, time=0.3140273094177246
INFO - 11/01/25 23:53:54 - 0:04:50 - Epoch 173: val_AUC=0.9610138271950683, val_AP=0.9420245378206074
INFO - 11/01/25 23:53:55 - 0:04:51 - Epoch 174: train_loss=1.1609405279159546, train_AUC=0.91548115007652, train_AP=0.8707915094980905, distortion=0.5028094053268433, reward=0.3903, epsilon=0.1000, time=0.31833982467651367
INFO - 11/01/25 23:53:55 - 0:04:51 - Epoch 174: val_AUC=0.9612940244654715, val_AP=0.9422235553527711
INFO - 11/01/25 23:53:55 - 0:04:51 - Epoch 175: train_loss=1.158981442451477, train_AUC=0.9163373654655534, train_AP=0.8724099456642852, distortion=0.5021932125091553, reward=0.3922, epsilon=0.1000, time=0.31863880157470703
INFO - 11/01/25 23:53:55 - 0:04:51 - Epoch 175: val_AUC=0.9610152677980008, val_AP=0.9417386574477173
INFO - 11/01/25 23:53:56 - 0:04:52 - Epoch 176: train_loss=1.1536870002746582, train_AUC=0.9193165071992342, train_AP=0.877906133080189, distortion=0.5045766830444336, reward=0.3940, epsilon=0.1000, time=0.3130631446838379
INFO - 11/01/25 23:53:56 - 0:04:52 - Epoch 176: val_AUC=0.9613457421107542, val_AP=0.9422291998183858
INFO - 11/01/25 23:53:56 - 0:04:52 - Epoch 177: train_loss=1.157444715499878, train_AUC=0.9165312857904917, train_AP=0.8724664692234994, distortion=0.5039572715759277, reward=0.3905, epsilon=0.1000, time=0.3200867176055908
INFO - 11/01/25 23:53:56 - 0:04:52 - Epoch 177: val_AUC=0.961374842289994, val_AP=0.942193474691805
INFO - 11/01/25 23:53:56 - 0:04:52 - Epoch 178: train_loss=1.1550190448760986, train_AUC=0.9172231118482952, train_AP=0.8746230941510819, distortion=0.5023914575576782, reward=0.3935, epsilon=0.1000, time=0.3142204284667969
INFO - 11/01/25 23:53:57 - 0:04:53 - Epoch 178: val_AUC=0.961389536439907, val_AP=0.9422591895733254
INFO - 11/01/25 23:53:57 - 0:04:53 - Epoch 179: train_loss=1.148815393447876, train_AUC=0.9202714569729983, train_AP=0.8789179754778438, distortion=0.5022037625312805, reward=0.3974, epsilon=0.1000, time=0.3186473846435547
INFO - 11/01/25 23:53:57 - 0:04:53 - Epoch 179: val_AUC=0.9618862563310898, val_AP=0.9429392964554896
INFO - 11/01/25 23:53:57 - 0:04:53 - Epoch 180: train_loss=1.151243805885315, train_AUC=0.9180406612046015, train_AP=0.874912842224412, distortion=0.5025866627693176, reward=0.3939, epsilon=0.1000, time=0.31466174125671387
INFO - 11/01/25 23:53:57 - 0:04:53 - Epoch 180: val_AUC=0.9614269921161566, val_AP=0.9422975976148913
INFO - 11/01/25 23:53:58 - 0:04:54 - Epoch 181: train_loss=1.1477408409118652, train_AUC=0.9204604835448353, train_AP=0.8794850545207203, distortion=0.5027995705604553, reward=0.3972, epsilon=0.1000, time=0.3175506591796875
INFO - 11/01/25 23:53:58 - 0:04:54 - Epoch 181: val_AUC=0.9621553609589115, val_AP=0.943279375054571
INFO - 11/01/25 23:53:58 - 0:04:54 - Epoch 182: train_loss=1.1547019481658936, train_AUC=0.9171044221360636, train_AP=0.8741474171523039, distortion=0.5015907287597656, reward=0.3940, epsilon=0.1000, time=0.2856566905975342
INFO - 11/01/25 23:53:58 - 0:04:54 - Epoch 182: val_AUC=0.9620311809861158, val_AP=0.9433369032456573
INFO - 11/01/25 23:53:59 - 0:04:55 - Epoch 183: train_loss=1.1495288610458374, train_AUC=0.9178635729379716, train_AP=0.8739131435970245, distortion=0.5011686086654663, reward=0.3947, epsilon=0.1000, time=0.3116002082824707
INFO - 11/01/25 23:53:59 - 0:04:55 - Epoch 183: val_AUC=0.961910170339772, val_AP=0.9429422902240063
INFO - 11/01/25 23:53:59 - 0:04:55 - Epoch 184: train_loss=1.1516330242156982, train_AUC=0.9176048749333356, train_AP=0.8745794735542809, distortion=0.5018899440765381, reward=0.3942, epsilon=0.1000, time=0.31468987464904785
INFO - 11/01/25 23:53:59 - 0:04:55 - Epoch 184: val_AUC=0.9625440356301442, val_AP=0.9437681751059915
INFO - 11/01/25 23:53:59 - 0:04:55 - Epoch 185: train_loss=1.1499192714691162, train_AUC=0.9176347284222833, train_AP=0.873927497059699, distortion=0.5007856488227844, reward=0.3950, epsilon=0.1000, time=0.31476736068725586
INFO - 11/01/25 23:53:59 - 0:04:56 - Epoch 185: val_AUC=0.9615843059564033, val_AP=0.9426782472265636
INFO - 11/01/25 23:54:00 - 0:04:56 - Epoch 186: train_loss=1.1468604803085327, train_AUC=0.9195414513667848, train_AP=0.8769707311474229, distortion=0.5008902549743652, reward=0.3974, epsilon=0.1000, time=0.3137364387512207
INFO - 11/01/25 23:54:00 - 0:04:56 - Epoch 186: val_AUC=0.962765024120015, val_AP=0.9440345839818087
INFO - 11/01/25 23:54:00 - 0:04:56 - Epoch 187: train_loss=1.1457109451293945, train_AUC=0.9192971505066359, train_AP=0.8781999166451206, distortion=0.5000976920127869, reward=0.3987, epsilon=0.1000, time=0.3137953281402588
INFO - 11/01/25 23:54:00 - 0:04:56 - Epoch 187: val_AUC=0.9614451437131081, val_AP=0.9421251185157244
INFO - 11/01/25 23:54:01 - 0:04:57 - Epoch 188: train_loss=1.148394227027893, train_AUC=0.9189459093280321, train_AP=0.8753200670948629, distortion=0.5014674663543701, reward=0.3957, epsilon=0.1000, time=0.3102402687072754
INFO - 11/01/25 23:54:01 - 0:04:57 - Epoch 188: val_AUC=0.9623002856139373, val_AP=0.9436099109275567
INFO - 11/01/25 23:54:01 - 0:04:57 - Epoch 189: train_loss=1.143125057220459, train_AUC=0.9190853015398872, train_AP=0.8768887416305954, distortion=0.49865156412124634, reward=0.3993, epsilon=0.1000, time=0.27753448486328125
INFO - 11/01/25 23:54:01 - 0:04:57 - Epoch 189: val_AUC=0.9628111234138602, val_AP=0.9441426601387755
INFO - 11/01/25 23:54:01 - 0:04:58 - Epoch 190: train_loss=1.1434454917907715, train_AUC=0.9195282360402449, train_AP=0.8768164889764296, distortion=0.4982234835624695, reward=0.3999, epsilon=0.1000, time=0.3141145706176758
INFO - 11/01/25 23:54:02 - 0:04:58 - Epoch 190: val_AUC=0.9609634060924251, val_AP=0.9411727621973065
INFO - 11/01/25 23:54:02 - 0:04:58 - Epoch 191: train_loss=1.149461269378662, train_AUC=0.9191399717103788, train_AP=0.8769785848418394, distortion=0.5025696754455566, reward=0.3955, epsilon=0.1000, time=0.3203754425048828
INFO - 11/01/25 23:54:02 - 0:04:58 - Epoch 191: val_AUC=0.9624328210837426, val_AP=0.943442843501819
INFO - 11/01/25 23:54:02 - 0:04:58 - Epoch 192: train_loss=1.1388589143753052, train_AUC=0.9212919664898755, train_AP=0.8804305481975341, distortion=0.49744710326194763, reward=0.4034, epsilon=0.1000, time=0.31458210945129395
INFO - 11/01/25 23:54:02 - 0:04:58 - Epoch 192: val_AUC=0.9627828875963799, val_AP=0.9442456667601312
INFO - 11/01/25 23:54:03 - 0:04:59 - Epoch 193: train_loss=1.1508270502090454, train_AUC=0.9173378005260857, train_AP=0.8745169923254292, distortion=0.49975019693374634, reward=0.3962, epsilon=0.1000, time=0.32152414321899414
INFO - 11/01/25 23:54:03 - 0:04:59 - Epoch 193: val_AUC=0.9611434814590081, val_AP=0.9414754814018844
INFO - 11/01/25 23:54:03 - 0:04:59 - Epoch 194: train_loss=1.1481294631958008, train_AUC=0.9190687206988901, train_AP=0.8760738853262877, distortion=0.5006939768791199, reward=0.3969, epsilon=0.1000, time=0.315044641494751
INFO - 11/01/25 23:54:03 - 0:04:59 - Epoch 194: val_AUC=0.9615675949623844, val_AP=0.9419166141933015
INFO - 11/01/25 23:54:04 - 0:05:00 - Epoch 195: train_loss=1.1504254341125488, train_AUC=0.9188899187713149, train_AP=0.8766399000884857, distortion=0.5020808577537537, reward=0.3957, epsilon=0.1000, time=0.2730722427368164
INFO - 11/01/25 23:54:04 - 0:05:00 - Epoch 195: val_AUC=0.963024620768481, val_AP=0.9442314595346905
INFO - 11/01/25 23:54:04 - 0:05:00 - Epoch 196: train_loss=1.1388007402420044, train_AUC=0.9196602522327078, train_AP=0.8772262807657325, distortion=0.49604958295822144, reward=0.4024, epsilon=0.1000, time=0.3141288757324219
INFO - 11/01/25 23:54:04 - 0:05:00 - Epoch 196: val_AUC=0.9621801393293531, val_AP=0.9435278344202378
INFO - 11/01/25 23:54:04 - 0:05:00 - Epoch 197: train_loss=1.1404293775558472, train_AUC=0.9217377765312438, train_AP=0.8804691579173851, distortion=0.5010395646095276, reward=0.4001, epsilon=0.1000, time=0.3146061897277832
INFO - 11/01/25 23:54:05 - 0:05:01 - Epoch 197: val_AUC=0.9628399354725135, val_AP=0.9437842608325224
INFO - 11/01/25 23:54:05 - 0:05:01 - Epoch 198: train_loss=1.1456260681152344, train_AUC=0.9170284612984339, train_AP=0.8729019088982111, distortion=0.49627527594566345, reward=0.3987, epsilon=0.1000, time=0.31830358505249023
INFO - 11/01/25 23:54:05 - 0:05:01 - Epoch 198: val_AUC=0.961915068389743, val_AP=0.9424030591087456
INFO - 11/01/25 23:54:05 - 0:05:01 - Epoch 199: train_loss=1.1431858539581299, train_AUC=0.9192148554039411, train_AP=0.8764575394255945, distortion=0.4995388388633728, reward=0.3983, epsilon=0.1000, time=0.3130216598510742
INFO - 11/01/25 23:54:05 - 0:05:01 - Epoch 199: val_AUC=0.9622991331315912, val_AP=0.9431126645466726
INFO - 11/01/25 23:54:06 - 0:05:02 - Epoch 200: train_loss=1.13865327835083, train_AUC=0.920860946867714, train_AP=0.8788022098973418, distortion=0.49591177701950073, reward=0.4039, epsilon=0.1000, time=0.31430983543395996
INFO - 11/01/25 23:54:06 - 0:05:02 - Epoch 200: val_AUC=0.963481003777549, val_AP=0.945038986034932
INFO - 11/01/25 23:54:06 - 0:05:02 - Epoch 201: train_loss=1.13774836063385, train_AUC=0.9207092504905198, train_AP=0.8788638573066987, distortion=0.49564096331596375, reward=0.4041, epsilon=0.1000, time=0.3192737102508545
INFO - 11/01/25 23:54:06 - 0:05:02 - Epoch 201: val_AUC=0.9631015489650852, val_AP=0.9442920219187722
INFO - 11/01/25 23:54:07 - 0:05:03 - Epoch 202: train_loss=1.1431708335876465, train_AUC=0.91846281993362, train_AP=0.8756685775466726, distortion=0.4942558705806732, reward=0.4028, epsilon=0.1000, time=0.3114619255065918
INFO - 11/01/25 23:54:07 - 0:05:03 - Epoch 202: val_AUC=0.9624697005188187, val_AP=0.9429981155206458
INFO - 11/01/25 23:54:07 - 0:05:03 - Epoch 203: train_loss=1.1442131996154785, train_AUC=0.9190680507860598, train_AP=0.8776835882907057, distortion=0.4962926506996155, reward=0.4021, epsilon=0.1000, time=0.3217024803161621
INFO - 11/01/25 23:54:07 - 0:05:03 - Epoch 203: val_AUC=0.9629697337967466, val_AP=0.9439394391166627
INFO - 11/01/25 23:54:07 - 0:05:03 - Epoch 204: train_loss=1.1373567581176758, train_AUC=0.9214249421929029, train_AP=0.8810184481561767, distortion=0.4957934021949768, reward=0.4054, epsilon=0.1000, time=0.2783017158508301
INFO - 11/01/25 23:54:07 - 0:05:04 - Epoch 204: val_AUC=0.963072160665259, val_AP=0.9443785845211307
INFO - 11/01/25 23:54:08 - 0:05:04 - Epoch 205: train_loss=1.1350853443145752, train_AUC=0.9217621894706802, train_AP=0.8821081110380347, distortion=0.49477264285087585, reward=0.4072, epsilon=0.1000, time=0.3110353946685791
INFO - 11/01/25 23:54:08 - 0:05:04 - Epoch 205: val_AUC=0.9631093282209215, val_AP=0.9443428299369097
INFO - 11/01/25 23:54:08 - 0:05:04 - Epoch 206: train_loss=1.1361591815948486, train_AUC=0.9194596332779136, train_AP=0.8769139839090956, distortion=0.49385157227516174, reward=0.4043, epsilon=0.1000, time=0.3118751049041748
INFO - 11/01/25 23:54:08 - 0:05:04 - Epoch 206: val_AUC=0.9637123646085349, val_AP=0.9453220593524035
INFO - 11/01/25 23:54:09 - 0:05:05 - Epoch 207: train_loss=1.1348896026611328, train_AUC=0.9204514282573442, train_AP=0.8789039940164994, distortion=0.4929811954498291, reward=0.4067, epsilon=0.1000, time=0.31754326820373535
INFO - 11/01/25 23:54:09 - 0:05:05 - Epoch 207: val_AUC=0.9633651793017628, val_AP=0.9449054115259636
INFO - 11/01/25 23:54:09 - 0:05:05 - Epoch 208: train_loss=1.1305726766586304, train_AUC=0.9226806334812161, train_AP=0.8810547783103807, distortion=0.4932897388935089, reward=0.4086, epsilon=0.1000, time=0.27846670150756836
INFO - 11/01/25 23:54:09 - 0:05:05 - Epoch 208: val_AUC=0.9634776903908039, val_AP=0.9450620552788825
INFO - 11/01/25 23:54:09 - 0:05:05 - Epoch 209: train_loss=1.1329052448272705, train_AUC=0.9209832762402781, train_AP=0.878621008741455, distortion=0.4930673837661743, reward=0.4067, epsilon=0.1000, time=0.3116297721862793
INFO - 11/01/25 23:54:10 - 0:05:06 - Epoch 209: val_AUC=0.9640621430005858, val_AP=0.9459640108996589
INFO - 11/01/25 23:54:10 - 0:05:06 - Epoch 210: train_loss=1.1264184713363647, train_AUC=0.9225229273279838, train_AP=0.8826540892584235, distortion=0.49174070358276367, reward=0.4108, epsilon=0.1000, time=0.31159329414367676
INFO - 11/01/25 23:54:10 - 0:05:06 - Epoch 210: val_AUC=0.9636089293179696, val_AP=0.9454059799985749
INFO - 11/01/25 23:54:10 - 0:05:06 - Epoch 211: train_loss=1.130119800567627, train_AUC=0.9212158521305556, train_AP=0.8795652239550149, distortion=0.48993614315986633, reward=0.4105, epsilon=0.1000, time=0.32287073135375977
INFO - 11/01/25 23:54:10 - 0:05:06 - Epoch 211: val_AUC=0.9643725929325748, val_AP=0.946587519991681
INFO - 11/01/25 23:54:11 - 0:05:07 - Epoch 212: train_loss=1.1288882493972778, train_AUC=0.9222751497996865, train_AP=0.8819518684412446, distortion=0.48973649740219116, reward=0.4124, epsilon=0.1000, time=0.32015228271484375
INFO - 11/01/25 23:54:11 - 0:05:07 - Epoch 212: val_AUC=0.9641059373297386, val_AP=0.9462294897556306
INFO - 11/01/25 23:54:11 - 0:05:07 - Epoch 213: train_loss=1.1264086961746216, train_AUC=0.9223096039548717, train_AP=0.880930389208215, distortion=0.49095791578292847, reward=0.4107, epsilon=0.1000, time=0.28202056884765625
INFO - 11/01/25 23:54:11 - 0:05:07 - Epoch 213: val_AUC=0.9641811368028239, val_AP=0.9463828001185891
INFO - 11/01/25 23:54:12 - 0:05:08 - Epoch 214: train_loss=1.1263409852981567, train_AUC=0.9221054051533906, train_AP=0.8808653612659476, distortion=0.48920536041259766, reward=0.4123, epsilon=0.1000, time=0.31206178665161133
INFO - 11/01/25 23:54:12 - 0:05:08 - Epoch 214: val_AUC=0.9646533664441509, val_AP=0.9473047004679062
INFO - 11/01/25 23:54:12 - 0:05:08 - Epoch 215: train_loss=1.1283693313598633, train_AUC=0.9210268509795179, train_AP=0.8793458367948654, distortion=0.48668819665908813, reward=0.4135, epsilon=0.1000, time=0.31160569190979004
INFO - 11/01/25 23:54:12 - 0:05:08 - Epoch 215: val_AUC=0.9641583752764877, val_AP=0.9469908748196932
INFO - 11/01/25 23:54:12 - 0:05:08 - Epoch 216: train_loss=1.1210817098617554, train_AUC=0.9242156235905912, train_AP=0.884070039996161, distortion=0.4859793186187744, reward=0.4182, epsilon=0.1000, time=0.3154892921447754
INFO - 11/01/25 23:54:12 - 0:05:09 - Epoch 216: val_AUC=0.9648279675195901, val_AP=0.9480235797372096
INFO - 11/01/25 23:54:13 - 0:05:09 - Epoch 217: train_loss=1.1247817277908325, train_AUC=0.9226396895454871, train_AP=0.8827902406658964, distortion=0.4864148795604706, reward=0.4163, epsilon=0.1000, time=0.31941652297973633
INFO - 11/01/25 23:54:13 - 0:05:09 - Epoch 217: val_AUC=0.9648792529839929, val_AP=0.9481218619082696
INFO - 11/01/25 23:54:13 - 0:05:09 - Epoch 218: train_loss=1.121356725692749, train_AUC=0.923222405046396, train_AP=0.8830160043137849, distortion=0.48576024174690247, reward=0.4174, epsilon=0.1000, time=0.3147892951965332
INFO - 11/01/25 23:54:13 - 0:05:09 - Epoch 218: val_AUC=0.9647000419791695, val_AP=0.9476434908089383
INFO - 11/01/25 23:54:14 - 0:05:10 - Epoch 219: train_loss=1.1212878227233887, train_AUC=0.9217920668850861, train_AP=0.8793440668225292, distortion=0.483664333820343, reward=0.4169, epsilon=0.1000, time=0.31110501289367676
INFO - 11/01/25 23:54:14 - 0:05:10 - Epoch 219: val_AUC=0.9645384063301246, val_AP=0.9474839689323385
INFO - 11/01/25 23:54:14 - 0:05:10 - Epoch 220: train_loss=1.1182516813278198, train_AUC=0.9244231061612139, train_AP=0.8853311337873402, distortion=0.4824662506580353, reward=0.4224, epsilon=0.1000, time=0.3197312355041504
INFO - 11/01/25 23:54:14 - 0:05:10 - Epoch 220: val_AUC=0.9656926173997751, val_AP=0.9497629229890926
INFO - 11/01/25 23:54:15 - 0:05:11 - Epoch 221: train_loss=1.1208984851837158, train_AUC=0.9230886871557167, train_AP=0.882316245510132, distortion=0.48459556698799133, reward=0.4181, epsilon=0.1000, time=0.3127880096435547
INFO - 11/01/25 23:54:15 - 0:05:11 - Epoch 221: val_AUC=0.9644986456891831, val_AP=0.9476750188584607
INFO - 11/01/25 23:54:15 - 0:05:11 - Epoch 222: train_loss=1.1263487339019775, train_AUC=0.9223250149406511, train_AP=0.8813273407697826, distortion=0.48516562581062317, reward=0.4167, epsilon=0.1000, time=0.3168506622314453
INFO - 11/01/25 23:54:15 - 0:05:11 - Epoch 222: val_AUC=0.9643079098608982, val_AP=0.9470389528976695
INFO - 11/01/25 23:54:15 - 0:05:11 - Epoch 223: train_loss=1.1177735328674316, train_AUC=0.9250429390198767, train_AP=0.8853422414916271, distortion=0.4837077558040619, reward=0.4215, epsilon=0.1000, time=0.31412458419799805
INFO - 11/01/25 23:54:15 - 0:05:12 - Epoch 223: val_AUC=0.9666984463673614, val_AP=0.9511266963177196
INFO - 11/01/25 23:54:16 - 0:05:12 - Epoch 224: train_loss=1.1279239654541016, train_AUC=0.9210156772920796, train_AP=0.8791464814362784, distortion=0.4853355586528778, reward=0.4147, epsilon=0.1000, time=0.31117939949035645
INFO - 11/01/25 23:54:16 - 0:05:12 - Epoch 224: val_AUC=0.9658142042872919, val_AP=0.9496741355840166
INFO - 11/01/25 23:54:16 - 0:05:12 - Epoch 225: train_loss=1.1144307851791382, train_AUC=0.9244196549138648, train_AP=0.8837211732849034, distortion=0.48370394110679626, reward=0.4204, epsilon=0.1000, time=0.31404948234558105
INFO - 11/01/25 23:54:16 - 0:05:12 - Epoch 225: val_AUC=0.9638241553961097, val_AP=0.9468381120027625
INFO - 11/01/25 23:54:17 - 0:05:13 - Epoch 226: train_loss=1.1182961463928223, train_AUC=0.925522653429338, train_AP=0.8854517540028898, distortion=0.48707064986228943, reward=0.4184, epsilon=0.1000, time=0.3110463619232178
INFO - 11/01/25 23:54:17 - 0:05:13 - Epoch 226: val_AUC=0.9658849378912856, val_AP=0.9501688960719638
INFO - 11/01/25 23:54:17 - 0:05:13 - Epoch 227: train_loss=1.1153466701507568, train_AUC=0.9237748897339432, train_AP=0.8826774743576951, distortion=0.48210692405700684, reward=0.4211, epsilon=0.1000, time=0.31131839752197266
INFO - 11/01/25 23:54:17 - 0:05:13 - Epoch 227: val_AUC=0.9665284552213067, val_AP=0.9513321451596672
INFO - 11/01/25 23:54:17 - 0:05:14 - Epoch 228: train_loss=1.1173874139785767, train_AUC=0.9235489711024168, train_AP=0.8832363487669517, distortion=0.48295336961746216, reward=0.4204, epsilon=0.1000, time=0.3118429183959961
INFO - 11/01/25 23:54:18 - 0:05:14 - Epoch 228: val_AUC=0.9650806492739793, val_AP=0.9487286436664308
INFO - 11/01/25 23:54:18 - 0:05:14 - Epoch 229: train_loss=1.1148037910461426, train_AUC=0.925505223234574, train_AP=0.8858336355972962, distortion=0.4846385717391968, reward=0.4210, epsilon=0.1000, time=0.31292295455932617
INFO - 11/01/25 23:54:18 - 0:05:14 - Epoch 229: val_AUC=0.9652373868730533, val_AP=0.9490346905962365
INFO - 11/01/25 23:54:18 - 0:05:14 - Epoch 230: train_loss=1.1138588190078735, train_AUC=0.9248486857323114, train_AP=0.8849041359965979, distortion=0.48396459221839905, reward=0.4209, epsilon=0.1000, time=0.3154003620147705
INFO - 11/01/25 23:54:18 - 0:05:14 - Epoch 230: val_AUC=0.9668474047105987, val_AP=0.951878794331966
INFO - 11/01/25 23:54:19 - 0:05:15 - Epoch 231: train_loss=1.116579294204712, train_AUC=0.9231411826017449, train_AP=0.8809727877026761, distortion=0.48313021659851074, reward=0.4189, epsilon=0.1000, time=0.31174349784851074
INFO - 11/01/25 23:54:19 - 0:05:15 - Epoch 231: val_AUC=0.9657946120874076, val_AP=0.9502735563908213
INFO - 11/01/25 23:54:19 - 0:05:15 - Epoch 232: train_loss=1.113092303276062, train_AUC=0.9241481996555245, train_AP=0.8842116261284116, distortion=0.4800601303577423, reward=0.4241, epsilon=0.1000, time=0.3144385814666748
INFO - 11/01/25 23:54:19 - 0:05:15 - Epoch 232: val_AUC=0.9649175730220018, val_AP=0.9485070549516917
INFO - 11/01/25 23:54:20 - 0:05:16 - Epoch 233: train_loss=1.1148567199707031, train_AUC=0.9240640333826177, train_AP=0.8829572431789516, distortion=0.4815432131290436, reward=0.4220, epsilon=0.1000, time=0.2710862159729004
INFO - 11/01/25 23:54:20 - 0:05:16 - Epoch 233: val_AUC=0.9664806272039426, val_AP=0.9511557694183599
INFO - 11/01/25 23:54:20 - 0:05:16 - Epoch 234: train_loss=1.11148202419281, train_AUC=0.9254594418702601, train_AP=0.8842809383059868, distortion=0.48236283659935, reward=0.4225, epsilon=0.1000, time=0.31112027168273926
INFO - 11/01/25 23:54:20 - 0:05:16 - Epoch 234: val_AUC=0.9659455872747509, val_AP=0.950639985180323
INFO - 11/01/25 23:54:20 - 0:05:16 - Epoch 235: train_loss=1.1114596128463745, train_AUC=0.9248098013797781, train_AP=0.88538085835972, distortion=0.48084279894828796, reward=0.4243, epsilon=0.1000, time=0.27094340324401855
INFO - 11/01/25 23:54:20 - 0:05:17 - Epoch 235: val_AUC=0.9653857689751176, val_AP=0.9498078242356477
INFO - 11/01/25 23:54:21 - 0:05:17 - Epoch 236: train_loss=1.1148074865341187, train_AUC=0.9237197360698166, train_AP=0.883925502338438, distortion=0.48026856780052185, reward=0.4236, epsilon=0.1000, time=0.317974328994751
INFO - 11/01/25 23:54:21 - 0:05:17 - Epoch 236: val_AUC=0.9659406892247797, val_AP=0.9504030837771565
INFO - 11/01/25 23:54:21 - 0:05:17 - Epoch 237: train_loss=1.1126412153244019, train_AUC=0.9240230475773368, train_AP=0.8841040027437657, distortion=0.47998204827308655, reward=0.4241, epsilon=0.1000, time=0.31536030769348145
INFO - 11/01/25 23:54:21 - 0:05:17 - Epoch 237: val_AUC=0.9665454543359122, val_AP=0.9516648938998374
INFO - 11/01/25 23:54:22 - 0:05:18 - Epoch 238: train_loss=1.1097158193588257, train_AUC=0.9243944743659769, train_AP=0.8839496381026215, distortion=0.47873711585998535, reward=0.4254, epsilon=0.1000, time=0.28024935722351074
INFO - 11/01/25 23:54:22 - 0:05:18 - Epoch 238: val_AUC=0.9659643151128756, val_AP=0.9509999525212318
INFO - 11/01/25 23:54:22 - 0:05:18 - Epoch 239: train_loss=1.1071579456329346, train_AUC=0.9251157083010686, train_AP=0.8851470050118643, distortion=0.4795534014701843, reward=0.4256, epsilon=0.1000, time=0.3141133785247803
INFO - 11/01/25 23:54:22 - 0:05:18 - Epoch 239: val_AUC=0.965377413478108, val_AP=0.9500334617954098
INFO - 11/01/25 23:54:22 - 0:05:18 - Epoch 240: train_loss=1.1119338274002075, train_AUC=0.9241470945984227, train_AP=0.8831315010997836, distortion=0.4790111780166626, reward=0.4246, epsilon=0.1000, time=0.31486988067626953
INFO - 11/01/25 23:54:23 - 0:05:19 - Epoch 240: val_AUC=0.9663480917341373, val_AP=0.9514281873231359
INFO - 11/01/25 23:54:23 - 0:05:19 - Epoch 241: train_loss=1.1092805862426758, train_AUC=0.9244162260966329, train_AP=0.8842678589055005, distortion=0.4776915907859802, reward=0.4267, epsilon=0.1000, time=0.3107922077178955
INFO - 11/01/25 23:54:23 - 0:05:19 - Epoch 241: val_AUC=0.9663599046781852, val_AP=0.9513813062556722
INFO - 11/01/25 23:54:23 - 0:05:19 - Epoch 242: train_loss=1.1084802150726318, train_AUC=0.9250154536528464, train_AP=0.8852581114448017, distortion=0.47679436206817627, reward=0.4283, epsilon=0.1000, time=0.32247328758239746
INFO - 11/01/25 23:54:23 - 0:05:19 - Epoch 242: val_AUC=0.9657496652759086, val_AP=0.9505457248328333
INFO - 11/01/25 23:54:24 - 0:05:20 - Epoch 243: train_loss=1.1078404188156128, train_AUC=0.9253229755425671, train_AP=0.8842748247097362, distortion=0.4789753258228302, reward=0.4258, epsilon=0.1000, time=0.313579797744751
INFO - 11/01/25 23:54:24 - 0:05:20 - Epoch 243: val_AUC=0.9660083975626153, val_AP=0.9509216700066387
INFO - 11/01/25 23:54:24 - 0:05:20 - Epoch 244: train_loss=1.1116392612457275, train_AUC=0.9240130856146683, train_AP=0.8837748019303602, distortion=0.4798937439918518, reward=0.4240, epsilon=0.1000, time=0.3140392303466797
INFO - 11/01/25 23:54:24 - 0:05:20 - Epoch 244: val_AUC=0.9652425730436107, val_AP=0.9496951634352123
INFO - 11/01/25 23:54:25 - 0:05:21 - Epoch 245: train_loss=1.111222743988037, train_AUC=0.924095627448651, train_AP=0.8831708194566721, distortion=0.47980383038520813, reward=0.4238, epsilon=0.1000, time=0.3106412887573242
INFO - 11/01/25 23:54:25 - 0:05:21 - Epoch 245: val_AUC=0.9661899135321308, val_AP=0.9516249841833619
INFO - 11/01/25 23:54:25 - 0:05:21 - Epoch 246: train_loss=1.1200894117355347, train_AUC=0.923532177424531, train_AP=0.8812593314482504, distortion=0.47940245270729065, reward=0.4230, epsilon=0.1000, time=0.32288670539855957
INFO - 11/01/25 23:54:25 - 0:05:21 - Epoch 246: val_AUC=0.9651774577910543, val_AP=0.9496596634442968
INFO - 11/01/25 23:54:25 - 0:05:21 - Epoch 247: train_loss=1.1254199743270874, train_AUC=0.9217597879528108, train_AP=0.8806156703532129, distortion=0.48603197932243347, reward=0.4152, epsilon=0.1000, time=0.3209192752838135
INFO - 11/01/25 23:54:26 - 0:05:22 - Epoch 247: val_AUC=0.9647651572317258, val_AP=0.9485603729594514
INFO - 11/01/25 23:54:26 - 0:05:22 - Epoch 248: train_loss=1.1125637292861938, train_AUC=0.9245284170562741, train_AP=0.8842928336811706, distortion=0.48225709795951843, reward=0.4222, epsilon=0.1000, time=0.31444573402404785
INFO - 11/01/25 23:54:26 - 0:05:22 - Epoch 248: val_AUC=0.9658643372693487, val_AP=0.9510441979152091
INFO - 11/01/25 23:54:26 - 0:05:22 - Epoch 249: train_loss=1.1148369312286377, train_AUC=0.926971248210615, train_AP=0.8872058114147336, distortion=0.48676761984825134, reward=0.4203, epsilon=0.1000, time=0.31432533264160156
INFO - 11/01/25 23:54:26 - 0:05:22 - Epoch 249: val_AUC=0.9668283887518876, val_AP=0.9522629848505558
INFO - 11/01/25 23:54:27 - 0:05:23 - Epoch 250: train_loss=1.1104804277420044, train_AUC=0.9241537653152441, train_AP=0.883717101396573, distortion=0.4807073473930359, reward=0.4232, epsilon=0.1000, time=0.31145596504211426
INFO - 11/01/25 23:54:27 - 0:05:23 - Epoch 250: val_AUC=0.9646674843528913, val_AP=0.9489431580663016
INFO - 11/01/25 23:54:27 - 0:05:23 - Epoch 251: train_loss=1.110743761062622, train_AUC=0.9251082360813966, train_AP=0.8848523586723678, distortion=0.47993865609169006, reward=0.4250, epsilon=0.1000, time=0.32124757766723633
INFO - 11/01/25 23:54:27 - 0:05:23 - Epoch 251: val_AUC=0.965353499469426, val_AP=0.9498478408703606
INFO - 11/01/25 23:54:28 - 0:05:24 - Epoch 252: train_loss=1.1105329990386963, train_AUC=0.9254369409736934, train_AP=0.8860131149892596, distortion=0.4776449203491211, reward=0.4281, epsilon=0.1000, time=0.3113837242126465
INFO - 11/01/25 23:54:28 - 0:05:24 - Epoch 252: val_AUC=0.966090511929777, val_AP=0.9510487889759915
INFO - 11/01/25 23:54:28 - 0:05:24 - Epoch 253: train_loss=1.111342191696167, train_AUC=0.9239578088341214, train_AP=0.8831483838520358, distortion=0.4816204309463501, reward=0.4219, epsilon=0.1000, time=0.3215160369873047
INFO - 11/01/25 23:54:28 - 0:05:24 - Epoch 253: val_AUC=0.9661178833854975, val_AP=0.9510403138943425
INFO - 11/01/25 23:54:28 - 0:05:24 - Epoch 254: train_loss=1.1071252822875977, train_AUC=0.9250435516112967, train_AP=0.8851044244900584, distortion=0.4796111285686493, reward=0.4255, epsilon=0.1000, time=0.3141014575958252
INFO - 11/01/25 23:54:28 - 0:05:25 - Epoch 254: val_AUC=0.9645248646625576, val_AP=0.9485318583986141
INFO - 11/01/25 23:54:29 - 0:05:25 - Epoch 255: train_loss=1.109339952468872, train_AUC=0.9260246753379121, train_AP=0.8873032425392076, distortion=0.4786238372325897, reward=0.4280, epsilon=0.1000, time=0.3192296028137207
INFO - 11/01/25 23:54:29 - 0:05:25 - Epoch 255: val_AUC=0.9654675952216929, val_AP=0.9501842255986609
INFO - 11/01/25 23:54:29 - 0:05:25 - Epoch 256: train_loss=1.1093440055847168, train_AUC=0.9248726445864888, train_AP=0.8841688640731566, distortion=0.47547441720962524, reward=0.4290, epsilon=0.1000, time=0.3146340847015381
INFO - 11/01/25 23:54:29 - 0:05:25 - Epoch 256: val_AUC=0.9662740447433984, val_AP=0.9515205738607898
INFO - 11/01/25 23:54:30 - 0:05:26 - Epoch 257: train_loss=1.1081922054290771, train_AUC=0.9257134764043303, train_AP=0.8865837425535684, distortion=0.47896772623062134, reward=0.4272, epsilon=0.1000, time=0.3179159164428711
INFO - 11/01/25 23:54:30 - 0:05:26 - Epoch 257: val_AUC=0.9660919525327095, val_AP=0.9508944950234629
INFO - 11/01/25 23:54:30 - 0:05:26 - Epoch 258: train_loss=1.1053814888000488, train_AUC=0.9255766541854463, train_AP=0.8857826405985161, distortion=0.47895747423171997, reward=0.4267, epsilon=0.1000, time=0.3116164207458496
INFO - 11/01/25 23:54:30 - 0:05:26 - Epoch 258: val_AUC=0.9650809373945659, val_AP=0.9494668755924593
INFO - 11/01/25 23:54:30 - 0:05:27 - Epoch 259: train_loss=1.1070868968963623, train_AUC=0.9249430846246328, train_AP=0.8834388904215555, distortion=0.47857141494750977, reward=0.4256, epsilon=0.1000, time=0.3135056495666504
INFO - 11/01/25 23:54:31 - 0:05:27 - Epoch 259: val_AUC=0.9660337521742299, val_AP=0.9511033099803533
INFO - 11/01/25 23:54:31 - 0:05:27 - Epoch 260: train_loss=1.093435287475586, train_AUC=0.9291154353155777, train_AP=0.8912986351774617, distortion=0.47643837332725525, reward=0.4338, epsilon=0.1000, time=0.31140708923339844
INFO - 11/01/25 23:54:31 - 0:05:27 - Epoch 260: val_AUC=0.9668197451342915, val_AP=0.9520710007808818
INFO - 11/01/25 23:54:31 - 0:05:27 - Epoch 261: train_loss=1.104499340057373, train_AUC=0.9256927978301651, train_AP=0.8855169654527927, distortion=0.476838618516922, reward=0.4288, epsilon=0.1000, time=0.3142406940460205
INFO - 11/01/25 23:54:31 - 0:05:27 - Epoch 261: val_AUC=0.9657548514464662, val_AP=0.9502047036004412
INFO - 11/01/25 23:54:32 - 0:05:28 - Epoch 262: train_loss=1.099698543548584, train_AUC=0.9272479595930593, train_AP=0.8873688317032041, distortion=0.4764202833175659, reward=0.4309, epsilon=0.1000, time=0.3136148452758789
INFO - 11/01/25 23:54:32 - 0:05:28 - Epoch 262: val_AUC=0.9653169081549362, val_AP=0.9494827999669478
INFO - 11/01/25 23:54:32 - 0:05:28 - Epoch 263: train_loss=1.105400562286377, train_AUC=0.9249249476319571, train_AP=0.8837780958175252, distortion=0.47752606868743896, reward=0.4268, epsilon=0.1000, time=0.311506986618042
INFO - 11/01/25 23:54:32 - 0:05:28 - Epoch 263: val_AUC=0.9665287433418933, val_AP=0.9515422732750067
INFO - 11/01/25 23:54:33 - 0:05:29 - Epoch 264: train_loss=1.1078853607177734, train_AUC=0.9244509464225411, train_AP=0.8833562985187677, distortion=0.47687533497810364, reward=0.4270, epsilon=0.1000, time=0.31136488914489746
INFO - 11/01/25 23:54:33 - 0:05:29 - Epoch 264: val_AUC=0.9666523470735159, val_AP=0.9517637290428592
INFO - 11/01/25 23:54:33 - 0:05:29 - Epoch 265: train_loss=1.0997111797332764, train_AUC=0.926076555700285, train_AP=0.8871296217640526, distortion=0.4749431610107422, reward=0.4317, epsilon=0.1000, time=0.3211536407470703
INFO - 11/01/25 23:54:33 - 0:05:29 - Epoch 265: val_AUC=0.9656635172205353, val_AP=0.9501216087546495
INFO - 11/01/25 23:54:33 - 0:05:30 - Epoch 266: train_loss=1.098164439201355, train_AUC=0.927292408109971, train_AP=0.8884547486719805, distortion=0.4750652313232422, reward=0.4328, epsilon=0.1000, time=0.32047009468078613
INFO - 11/01/25 23:54:34 - 0:05:30 - Epoch 266: val_AUC=0.9661400686706604, val_AP=0.9509215828774289
INFO - 11/01/25 23:54:34 - 0:05:30 - Epoch 267: train_loss=1.1031651496887207, train_AUC=0.925130959783793, train_AP=0.8848108483539847, distortion=0.47611820697784424, reward=0.4289, epsilon=0.1000, time=0.31413960456848145
INFO - 11/01/25 23:54:34 - 0:05:30 - Epoch 267: val_AUC=0.9667333089583319, val_AP=0.9522031955900341
INFO - 11/01/25 23:54:34 - 0:05:30 - Epoch 268: train_loss=1.0989075899124146, train_AUC=0.9265698622622537, train_AP=0.8860815093160533, distortion=0.476572185754776, reward=0.4298, epsilon=0.1000, time=0.3146240711212158
INFO - 11/01/25 23:54:34 - 0:05:30 - Epoch 268: val_AUC=0.9663037211638112, val_AP=0.9514249983723975
INFO - 11/01/25 23:54:35 - 0:05:31 - Epoch 269: train_loss=1.1060669422149658, train_AUC=0.9244738774789087, train_AP=0.8833447698271428, distortion=0.4751743972301483, reward=0.4287, epsilon=0.1000, time=0.3109278678894043
INFO - 11/01/25 23:54:35 - 0:05:31 - Epoch 269: val_AUC=0.9661988452703133, val_AP=0.9509037171798458
INFO - 11/01/25 23:54:35 - 0:05:31 - Epoch 270: train_loss=1.1079503297805786, train_AUC=0.9235108488754173, train_AP=0.8809999469022505, distortion=0.4752066731452942, reward=0.4270, epsilon=0.1000, time=0.3226912021636963
INFO - 11/01/25 23:54:35 - 0:05:31 - Epoch 270: val_AUC=0.9663962078720882, val_AP=0.951622518514413
INFO - 11/01/25 23:54:36 - 0:05:32 - Epoch 271: train_loss=1.1016569137573242, train_AUC=0.9255520134557096, train_AP=0.8848135609132923, distortion=0.4745078384876251, reward=0.4307, epsilon=0.1000, time=0.3136622905731201
INFO - 11/01/25 23:54:36 - 0:05:32 - Epoch 271: val_AUC=0.9659294525219052, val_AP=0.9514594435673596
INFO - 11/01/25 23:54:36 - 0:05:32 - Epoch 272: train_loss=1.1065386533737183, train_AUC=0.923829250368819, train_AP=0.8824877725408677, distortion=0.4741570055484772, reward=0.4290, epsilon=0.1000, time=0.32175326347351074
INFO - 11/01/25 23:54:36 - 0:05:32 - Epoch 272: val_AUC=0.9661544746999872, val_AP=0.9513530991136727
INFO - 11/01/25 23:54:36 - 0:05:32 - Epoch 273: train_loss=1.0987980365753174, train_AUC=0.9266449906933157, train_AP=0.8865526034244933, distortion=0.47496259212493896, reward=0.4316, epsilon=0.1000, time=0.31439208984375
INFO - 11/01/25 23:54:37 - 0:05:33 - Epoch 273: val_AUC=0.9659628745099428, val_AP=0.9511360821904637
INFO - 11/01/25 23:54:37 - 0:05:33 - Epoch 274: train_loss=1.1012827157974243, train_AUC=0.9260694428609335, train_AP=0.8861743036296322, distortion=0.4740648567676544, reward=0.4321, epsilon=0.1000, time=0.2745480537414551
INFO - 11/01/25 23:54:37 - 0:05:33 - Epoch 274: val_AUC=0.9663397362371278, val_AP=0.9518995250125497
INFO - 11/01/25 23:54:37 - 0:05:33 - Epoch 275: train_loss=1.1019611358642578, train_AUC=0.9256178164409815, train_AP=0.8865680888796735, distortion=0.47350311279296875, reward=0.4326, epsilon=0.1000, time=0.32229065895080566
INFO - 11/01/25 23:54:37 - 0:05:33 - Epoch 275: val_AUC=0.9659441466718183, val_AP=0.951138902627549
INFO - 11/01/25 23:54:38 - 0:05:34 - Epoch 276: train_loss=1.1035826206207275, train_AUC=0.9248292821856908, train_AP=0.8831370812309174, distortion=0.473196804523468, reward=0.4308, epsilon=0.1000, time=0.31310319900512695
INFO - 11/01/25 23:54:38 - 0:05:34 - Epoch 276: val_AUC=0.9657634950640622, val_AP=0.9507867108225571
INFO - 11/01/25 23:54:38 - 0:05:34 - Epoch 277: train_loss=1.0953025817871094, train_AUC=0.9277359711520542, train_AP=0.8880395538692689, distortion=0.47444337606430054, reward=0.4334, epsilon=0.1000, time=0.3145408630371094
INFO - 11/01/25 23:54:38 - 0:05:34 - Epoch 277: val_AUC=0.9667027681761593, val_AP=0.9524101699408923
INFO - 11/01/25 23:54:38 - 0:05:35 - Epoch 278: train_loss=1.097969889640808, train_AUC=0.9258019766743052, train_AP=0.8833111387079717, distortion=0.4726801812648773, reward=0.4319, epsilon=0.1000, time=0.31389522552490234
INFO - 11/01/25 23:54:39 - 0:05:35 - Epoch 278: val_AUC=0.9661334418971704, val_AP=0.9516119334504599
INFO - 11/01/25 23:54:39 - 0:05:35 - Epoch 279: train_loss=1.0987420082092285, train_AUC=0.9261936124999929, train_AP=0.886372702034401, distortion=0.47371435165405273, reward=0.4326, epsilon=0.1000, time=0.3110189437866211
INFO - 11/01/25 23:54:39 - 0:05:35 - Epoch 279: val_AUC=0.9664611790643514, val_AP=0.951708818103586
INFO - 11/01/25 23:54:39 - 0:05:35 - Epoch 280: train_loss=1.0972884893417358, train_AUC=0.927392864629247, train_AP=0.8884859680221093, distortion=0.4752797484397888, reward=0.4327, epsilon=0.1000, time=0.31482815742492676
INFO - 11/01/25 23:54:39 - 0:05:35 - Epoch 280: val_AUC=0.9656208753737284, val_AP=0.9507937116040136
INFO - 11/01/25 23:54:40 - 0:05:36 - Epoch 281: train_loss=1.0984296798706055, train_AUC=0.9269957015242623, train_AP=0.8874464787987273, distortion=0.47327637672424316, reward=0.4339, epsilon=0.1000, time=0.31511664390563965
INFO - 11/01/25 23:54:40 - 0:05:36 - Epoch 281: val_AUC=0.9666788541674769, val_AP=0.9526324078197319
INFO - 11/01/25 23:54:40 - 0:05:36 - Epoch 282: train_loss=1.1018458604812622, train_AUC=0.9257402260635201, train_AP=0.8863890008742787, distortion=0.47219905257225037, reward=0.4339, epsilon=0.1000, time=0.3139307498931885
INFO - 11/01/25 23:54:40 - 0:05:36 - Epoch 282: val_AUC=0.9665564029182004, val_AP=0.9518451569946629
INFO - 11/01/25 23:54:41 - 0:05:37 - Epoch 283: train_loss=1.096929669380188, train_AUC=0.9275157098945042, train_AP=0.8870922561032744, distortion=0.47352874279022217, reward=0.4338, epsilon=0.1000, time=0.3110344409942627
INFO - 11/01/25 23:54:41 - 0:05:37 - Epoch 283: val_AUC=0.9655396253683263, val_AP=0.9505330469966686
INFO - 11/01/25 23:54:41 - 0:05:37 - Epoch 284: train_loss=1.098209023475647, train_AUC=0.926892886353563, train_AP=0.8861156492026141, distortion=0.4763554036617279, reward=0.4301, epsilon=0.1000, time=0.3141818046569824
INFO - 11/01/25 23:54:41 - 0:05:37 - Epoch 284: val_AUC=0.966937298333597, val_AP=0.9532749328869042
INFO - 11/01/25 23:54:41 - 0:05:38 - Epoch 285: train_loss=1.0948326587677002, train_AUC=0.928576288572544, train_AP=0.888958793629991, distortion=0.47411108016967773, reward=0.4347, epsilon=0.1000, time=0.3304316997528076
INFO - 11/01/25 23:54:42 - 0:05:38 - Epoch 285: val_AUC=0.9664979144391345, val_AP=0.952385949961015
INFO - 11/01/25 23:54:42 - 0:05:38 - Epoch 286: train_loss=1.0992531776428223, train_AUC=0.9253315453426352, train_AP=0.8846710415031332, distortion=0.4718390703201294, reward=0.4332, epsilon=0.1000, time=0.3062584400177002
INFO - 11/01/25 23:54:42 - 0:05:38 - Epoch 286: val_AUC=0.9651149356237768, val_AP=0.9500114950802977
INFO - 11/01/25 23:54:42 - 0:05:38 - Epoch 287: train_loss=1.092561960220337, train_AUC=0.9294263685768838, train_AP=0.8918903409710741, distortion=0.473259836435318, reward=0.4374, epsilon=0.1000, time=0.31296443939208984
INFO - 11/01/25 23:54:42 - 0:05:38 - Epoch 287: val_AUC=0.9669361458512509, val_AP=0.9531223967151419
INFO - 11/01/25 23:54:43 - 0:05:39 - Epoch 288: train_loss=1.096522331237793, train_AUC=0.9270559014662861, train_AP=0.887450127820876, distortion=0.475850373506546, reward=0.4314, epsilon=0.1000, time=0.3068673610687256
INFO - 11/01/25 23:54:43 - 0:05:39 - Epoch 288: val_AUC=0.9654471386600489, val_AP=0.9518396727845048
INFO - 11/01/25 23:54:43 - 0:05:39 - Epoch 289: train_loss=1.09854257106781, train_AUC=0.9273073719887498, train_AP=0.8874179304805769, distortion=0.47503018379211426, reward=0.4323, epsilon=0.1000, time=0.30980539321899414
INFO - 11/01/25 23:54:43 - 0:05:39 - Epoch 289: val_AUC=0.9652696563787448, val_AP=0.9506168985108869
INFO - 11/01/25 23:54:44 - 0:05:40 - Epoch 290: train_loss=1.1021318435668945, train_AUC=0.9252201005582225, train_AP=0.8845942891281391, distortion=0.4739804267883301, reward=0.4309, epsilon=0.1000, time=0.30872583389282227
INFO - 11/01/25 23:54:44 - 0:05:40 - Epoch 290: val_AUC=0.9664823559274615, val_AP=0.9523023901309196
INFO - 11/01/25 23:54:44 - 0:05:40 - Epoch 291: train_loss=1.0942485332489014, train_AUC=0.92873466912463, train_AP=0.8892558362439814, distortion=0.47488218545913696, reward=0.4341, epsilon=0.1000, time=0.2713303565979004
INFO - 11/01/25 23:54:44 - 0:05:40 - Epoch 291: val_AUC=0.9652500641788606, val_AP=0.9510424104309745
INFO - 11/01/25 23:54:44 - 0:05:40 - Epoch 292: train_loss=1.0974929332733154, train_AUC=0.9276333792856318, train_AP=0.8877022259101526, distortion=0.4726298153400421, reward=0.4350, epsilon=0.1000, time=0.30630946159362793
INFO - 11/01/25 23:54:44 - 0:05:41 - Epoch 292: val_AUC=0.9655554720005853, val_AP=0.9516165021470306
INFO - 11/01/25 23:54:45 - 0:05:41 - Epoch 293: train_loss=1.0942397117614746, train_AUC=0.9278391571673559, train_AP=0.8883656909261952, distortion=0.4745402932167053, reward=0.4336, epsilon=0.1000, time=0.30623865127563477
INFO - 11/01/25 23:54:45 - 0:05:41 - Epoch 293: val_AUC=0.9659614339070102, val_AP=0.9518742187415157
INFO - 11/01/25 23:54:45 - 0:05:41 - Epoch 294: train_loss=1.097994327545166, train_AUC=0.9276861289396536, train_AP=0.8877236329299536, distortion=0.4775027334690094, reward=0.4302, epsilon=0.1000, time=0.3100249767303467
INFO - 11/01/25 23:54:45 - 0:05:41 - Epoch 294: val_AUC=0.9651863895292369, val_AP=0.95091355525296
INFO - 11/01/25 23:54:46 - 0:05:42 - Epoch 295: train_loss=1.0919231176376343, train_AUC=0.9289008314320037, train_AP=0.8900731054748654, distortion=0.47171273827552795, reward=0.4378, epsilon=0.1000, time=0.27071356773376465
INFO - 11/01/25 23:54:46 - 0:05:42 - Epoch 295: val_AUC=0.9661812699145348, val_AP=0.9522998176094767
INFO - 11/01/25 23:54:46 - 0:05:42 - Epoch 296: train_loss=1.0899896621704102, train_AUC=0.9282924105184673, train_AP=0.8887934104377531, distortion=0.46989136934280396, reward=0.4387, epsilon=0.1000, time=0.2639138698577881
INFO - 11/01/25 23:54:46 - 0:05:42 - Epoch 296: val_AUC=0.9667641378610909, val_AP=0.952927156401079
INFO - 11/01/25 23:54:46 - 0:05:42 - Epoch 297: train_loss=1.0945250988006592, train_AUC=0.9268033348587674, train_AP=0.8856055309785293, distortion=0.4750451147556305, reward=0.4312, epsilon=0.1000, time=0.30762314796447754
INFO - 11/01/25 23:54:46 - 0:05:43 - Epoch 297: val_AUC=0.9650437698389032, val_AP=0.9507949822931637
INFO - 11/01/25 23:54:47 - 0:05:43 - Epoch 298: train_loss=1.0928704738616943, train_AUC=0.9283048507598503, train_AP=0.8884719444512024, distortion=0.47347480058670044, reward=0.4349, epsilon=0.1000, time=0.305997371673584
INFO - 11/01/25 23:54:47 - 0:05:43 - Epoch 298: val_AUC=0.965535159499235, val_AP=0.9515028717964387
INFO - 11/01/25 23:54:47 - 0:05:43 - Epoch 299: train_loss=1.0890703201293945, train_AUC=0.9292927668243662, train_AP=0.8901304334041791, distortion=0.4736219644546509, reward=0.4361, epsilon=0.1000, time=0.27020931243896484
INFO - 11/01/25 23:54:47 - 0:05:43 - Epoch 299: val_AUC=0.966725817823082, val_AP=0.9527548753642586
INFO - 11/01/25 23:54:48 - 0:05:44 - Epoch 300: train_loss=1.0951850414276123, train_AUC=0.9274229184939071, train_AP=0.8872110006525953, distortion=0.47414034605026245, reward=0.4332, epsilon=0.1000, time=0.3064441680908203
INFO - 11/01/25 23:54:48 - 0:05:44 - Epoch 300: val_AUC=0.965249199817101, val_AP=0.9507714345204509
INFO - 11/01/25 23:54:48 - 0:05:44 - Epoch 301: train_loss=1.0923714637756348, train_AUC=0.9286615255097063, train_AP=0.8884322879427036, distortion=0.46946802735328674, reward=0.4391, epsilon=0.1000, time=0.30689358711242676
INFO - 11/01/25 23:54:48 - 0:05:44 - Epoch 301: val_AUC=0.9654500198659145, val_AP=0.9516410737583731
INFO - 11/01/25 23:54:48 - 0:05:44 - Epoch 302: train_loss=1.0920928716659546, train_AUC=0.9275925151014303, train_AP=0.8887184049419434, distortion=0.472249835729599, reward=0.4359, epsilon=0.1000, time=0.3065311908721924
INFO - 11/01/25 23:54:48 - 0:05:45 - Epoch 302: val_AUC=0.9663259064489742, val_AP=0.9529260668736211
INFO - 11/01/25 23:54:49 - 0:05:45 - Epoch 303: train_loss=1.0935375690460205, train_AUC=0.9286659706604657, train_AP=0.8902267985500891, distortion=0.47436830401420593, reward=0.4351, epsilon=0.1000, time=0.3062117099761963
INFO - 11/01/25 23:54:49 - 0:05:45 - Epoch 303: val_AUC=0.9657992220167922, val_AP=0.9514048584756061
INFO - 11/01/25 23:54:49 - 0:05:45 - Epoch 304: train_loss=1.0897716283798218, train_AUC=0.9290224669662793, train_AP=0.890957036806481, distortion=0.4721801280975342, reward=0.4378, epsilon=0.1000, time=0.30913829803466797
INFO - 11/01/25 23:54:49 - 0:05:45 - Epoch 304: val_AUC=0.9651786102734004, val_AP=0.9507775747355403
INFO - 11/01/25 23:54:50 - 0:05:46 - Epoch 305: train_loss=1.0943459272384644, train_AUC=0.9277928020904916, train_AP=0.8876780764197251, distortion=0.47137823700904846, reward=0.4364, epsilon=0.1000, time=0.3061521053314209
INFO - 11/01/25 23:54:50 - 0:05:46 - Epoch 305: val_AUC=0.9668871653515402, val_AP=0.953580620537146
INFO - 11/01/25 23:54:50 - 0:05:46 - Epoch 306: train_loss=1.088916301727295, train_AUC=0.9284429470093846, train_AP=0.8890312826960525, distortion=0.47105100750923157, reward=0.4377, epsilon=0.1000, time=0.3068985939025879
INFO - 11/01/25 23:54:50 - 0:05:46 - Epoch 306: val_AUC=0.9660228035919417, val_AP=0.9520211405879808
INFO - 11/01/25 23:54:50 - 0:05:47 - Epoch 307: train_loss=1.0864710807800293, train_AUC=0.9297341695969504, train_AP=0.8904165438901269, distortion=0.4730801582336426, reward=0.4370, epsilon=0.1000, time=0.3064284324645996
INFO - 11/01/25 23:54:51 - 0:05:47 - Epoch 307: val_AUC=0.9649875863245293, val_AP=0.9507037154500593
INFO - 11/01/25 23:54:51 - 0:05:47 - Epoch 308: train_loss=1.0855450630187988, train_AUC=0.9298965187844196, train_AP=0.8912576682293656, distortion=0.47159871459007263, reward=0.4390, epsilon=0.1000, time=0.30613183975219727
INFO - 11/01/25 23:54:51 - 0:05:47 - Epoch 308: val_AUC=0.9664719835863463, val_AP=0.9528130884685309
INFO - 11/01/25 23:54:51 - 0:05:47 - Epoch 309: train_loss=1.0898112058639526, train_AUC=0.9283098780967598, train_AP=0.8895410164777026, distortion=0.46807539463043213, reward=0.4409, epsilon=0.1000, time=0.3092324733734131
INFO - 11/01/25 23:54:51 - 0:05:47 - Epoch 309: val_AUC=0.9668839960250882, val_AP=0.9532062636356852
INFO - 11/01/25 23:54:52 - 0:05:48 - Epoch 310: train_loss=1.0913535356521606, train_AUC=0.9277599050838792, train_AP=0.8878706774941286, distortion=0.4695466458797455, reward=0.4383, epsilon=0.1000, time=0.30647945404052734
INFO - 11/01/25 23:54:52 - 0:05:48 - Epoch 310: val_AUC=0.9651840845645447, val_AP=0.9506792342617126
INFO - 11/01/25 23:54:52 - 0:05:48 - Epoch 311: train_loss=1.0873006582260132, train_AUC=0.9299357939194374, train_AP=0.8916398811440595, distortion=0.4712274372577667, reward=0.4396, epsilon=0.1000, time=0.30698680877685547
INFO - 11/01/25 23:54:52 - 0:05:48 - Epoch 311: val_AUC=0.9655560482417586, val_AP=0.9515361882339098
INFO - 11/01/25 23:54:52 - 0:05:49 - Epoch 312: train_loss=1.0877219438552856, train_AUC=0.9289337154789932, train_AP=0.8896437815342393, distortion=0.47269704937934875, reward=0.4366, epsilon=0.1000, time=0.26363396644592285
INFO - 11/01/25 23:54:53 - 0:05:49 - Epoch 312: val_AUC=0.9659795855039618, val_AP=0.9525145321432593
INFO - 11/01/25 23:54:53 - 0:05:49 - Epoch 313: train_loss=1.092911720275879, train_AUC=0.9276819145698767, train_AP=0.8873935290103512, distortion=0.47042644023895264, reward=0.4371, epsilon=0.1000, time=0.3105449676513672
INFO - 11/01/25 23:54:53 - 0:05:49 - Epoch 313: val_AUC=0.9658337964871763, val_AP=0.9522127334375426
INFO - 11/01/25 23:54:53 - 0:05:49 - Epoch 314: train_loss=1.089358925819397, train_AUC=0.9276735306905569, train_AP=0.886939208014704, distortion=0.4671768546104431, reward=0.4401, epsilon=0.1000, time=0.31572532653808594
INFO - 11/01/25 23:54:53 - 0:05:49 - Epoch 314: val_AUC=0.9658522362047144, val_AP=0.9519104716688724
INFO - 11/01/25 23:54:54 - 0:05:50 - Epoch 315: train_loss=1.083164095878601, train_AUC=0.9295111982828093, train_AP=0.8896217008867644, distortion=0.4656718671321869, reward=0.4439, epsilon=0.1000, time=0.30956339836120605
INFO - 11/01/25 23:54:54 - 0:05:50 - Epoch 315: val_AUC=0.9661766599851503, val_AP=0.9520845378780474
INFO - 11/01/25 23:54:54 - 0:05:50 - Epoch 316: train_loss=1.0887730121612549, train_AUC=0.9277012154364058, train_AP=0.8880168285126009, distortion=0.47092530131340027, reward=0.4369, epsilon=0.1000, time=0.312772274017334
INFO - 11/01/25 23:54:54 - 0:05:50 - Epoch 316: val_AUC=0.964889625325108, val_AP=0.9506070301739424
INFO - 11/01/25 23:54:55 - 0:05:51 - Epoch 317: train_loss=1.0847798585891724, train_AUC=0.9299892209629953, train_AP=0.8905033608114252, distortion=0.4706752896308899, reward=0.4396, epsilon=0.1000, time=0.31029748916625977
INFO - 11/01/25 23:54:55 - 0:05:51 - Epoch 317: val_AUC=0.9658254409901668, val_AP=0.952172862122264
INFO - 11/01/25 23:54:55 - 0:05:51 - Epoch 318: train_loss=1.0787768363952637, train_AUC=0.9318805718005873, train_AP=0.8940214663692124, distortion=0.4692351222038269, reward=0.4437, epsilon=0.1000, time=0.2663900852203369
INFO - 11/01/25 23:54:55 - 0:05:51 - Epoch 318: val_AUC=0.9664036990073381, val_AP=0.9529730855008448
INFO - 11/01/25 23:54:55 - 0:05:51 - Epoch 319: train_loss=1.090834379196167, train_AUC=0.9271649018663836, train_AP=0.8851452157562559, distortion=0.46877533197402954, reward=0.4374, epsilon=0.1000, time=0.3070981502532959
INFO - 11/01/25 23:54:55 - 0:05:52 - Epoch 319: val_AUC=0.9645804719357582, val_AP=0.9505459310872678
INFO - 11/01/25 23:54:56 - 0:05:52 - Epoch 320: train_loss=1.0842962265014648, train_AUC=0.9299976845938424, train_AP=0.8896245991868253, distortion=0.4659990668296814, reward=0.4438, epsilon=0.1000, time=0.30707788467407227
INFO - 11/01/25 23:54:56 - 0:05:52 - Epoch 320: val_AUC=0.9657534108435335, val_AP=0.9517193447588148
INFO - 11/01/25 23:54:56 - 0:05:52 - Epoch 321: train_loss=1.0823806524276733, train_AUC=0.9300854880348465, train_AP=0.8902303102229363, distortion=0.4689149856567383, reward=0.4412, epsilon=0.1000, time=0.26445508003234863
INFO - 11/01/25 23:54:56 - 0:05:52 - Epoch 321: val_AUC=0.9661334418971703, val_AP=0.9524884872727979
INFO - 11/01/25 23:54:57 - 0:05:53 - Epoch 322: train_loss=1.0843676328659058, train_AUC=0.9298390528244449, train_AP=0.8908115312200758, distortion=0.46879252791404724, reward=0.4415, epsilon=0.1000, time=0.3070223331451416
INFO - 11/01/25 23:54:57 - 0:05:53 - Epoch 322: val_AUC=0.9656756182851698, val_AP=0.9516964621282811
INFO - 11/01/25 23:54:57 - 0:05:53 - Epoch 323: train_loss=1.0819265842437744, train_AUC=0.9312230069989621, train_AP=0.8946094690885726, distortion=0.46835029125213623, reward=0.4446, epsilon=0.1000, time=0.3072047233581543
INFO - 11/01/25 23:54:57 - 0:05:53 - Epoch 323: val_AUC=0.9662973825109077, val_AP=0.9526808638447473
INFO - 11/01/25 23:54:57 - 0:05:53 - Epoch 324: train_loss=1.0817266702651978, train_AUC=0.9294608381839276, train_AP=0.8899978056072531, distortion=0.467815637588501, reward=0.4419, epsilon=0.1000, time=0.31243467330932617
INFO - 11/01/25 23:54:58 - 0:05:54 - Epoch 324: val_AUC=0.9662930607021096, val_AP=0.9529272829829449
INFO - 11/01/25 23:54:58 - 0:05:54 - Epoch 325: train_loss=1.0754284858703613, train_AUC=0.9310949405008945, train_AP=0.8922832531614453, distortion=0.46649500727653503, reward=0.4452, epsilon=0.1000, time=0.3178093433380127
INFO - 11/01/25 23:54:58 - 0:05:54 - Epoch 325: val_AUC=0.9656436369000644, val_AP=0.9517275346664206
INFO - 11/01/25 23:54:58 - 0:05:54 - Epoch 326: train_loss=1.0798425674438477, train_AUC=0.9304817160531722, train_AP=0.8918191249534411, distortion=0.46681153774261475, reward=0.4443, epsilon=0.1000, time=0.3073725700378418
INFO - 11/01/25 23:54:58 - 0:05:54 - Epoch 326: val_AUC=0.9654341732336551, val_AP=0.9514667397070184
INFO - 11/01/25 23:54:59 - 0:05:55 - Epoch 327: train_loss=1.0864653587341309, train_AUC=0.9293993213448073, train_AP=0.8900844628677232, distortion=0.46575695276260376, reward=0.4440, epsilon=0.1000, time=0.26409053802490234
INFO - 11/01/25 23:54:59 - 0:05:55 - Epoch 327: val_AUC=0.9664039871279246, val_AP=0.952941707666196
INFO - 11/01/25 23:54:59 - 0:05:55 - Epoch 328: train_loss=1.0759598016738892, train_AUC=0.9321061210828522, train_AP=0.8956297093090428, distortion=0.4655260145664215, reward=0.4483, epsilon=0.1000, time=0.3144059181213379
INFO - 11/01/25 23:54:59 - 0:05:55 - Epoch 328: val_AUC=0.9657297849554378, val_AP=0.9520483658287989
INFO - 11/01/25 23:54:59 - 0:05:56 - Epoch 329: train_loss=1.0801873207092285, train_AUC=0.9309897532207017, train_AP=0.8936149803218569, distortion=0.4666525721549988, reward=0.4456, epsilon=0.1000, time=0.3069796562194824
INFO - 11/01/25 23:55:00 - 0:05:56 - Epoch 329: val_AUC=0.9658026794638306, val_AP=0.9521345412704619
INFO - 11/01/25 23:55:00 - 0:05:56 - Epoch 330: train_loss=1.082198143005371, train_AUC=0.9296154818785071, train_AP=0.89021134493404, distortion=0.46839040517807007, reward=0.4415, epsilon=0.1000, time=0.3071279525756836
INFO - 11/01/25 23:55:00 - 0:05:56 - Epoch 330: val_AUC=0.9660135837331727, val_AP=0.9524475256852698
INFO - 11/01/25 23:55:00 - 0:05:56 - Epoch 331: train_loss=1.0770691633224487, train_AUC=0.931906341512884, train_AP=0.8937272754963722, distortion=0.4669050872325897, reward=0.4459, epsilon=0.1000, time=0.307234525680542
INFO - 11/01/25 23:55:00 - 0:05:56 - Epoch 331: val_AUC=0.9656983798115055, val_AP=0.9521536154646026
INFO - 11/01/25 23:55:01 - 0:05:57 - Epoch 332: train_loss=1.0821808576583862, train_AUC=0.9296125639694978, train_AP=0.891142764121964, distortion=0.4626990258693695, reward=0.4477, epsilon=0.1000, time=0.3065056800842285
INFO - 11/01/25 23:55:01 - 0:05:57 - Epoch 332: val_AUC=0.9662040314408709, val_AP=0.9526711550767076
INFO - 11/01/25 23:55:01 - 0:05:57 - Epoch 333: train_loss=1.0819743871688843, train_AUC=0.9298477133418755, train_AP=0.8912250033345039, distortion=0.4648946225643158, reward=0.4456, epsilon=0.1000, time=0.3067924976348877
INFO - 11/01/25 23:55:01 - 0:05:57 - Epoch 333: val_AUC=0.9654206315660879, val_AP=0.9520630594932598
INFO - 11/01/25 23:55:01 - 0:05:58 - Epoch 334: train_loss=1.0797816514968872, train_AUC=0.931446179187263, train_AP=0.8939100065896729, distortion=0.4640505015850067, reward=0.4486, epsilon=0.1000, time=0.26357531547546387
INFO - 11/01/25 23:55:02 - 0:05:58 - Epoch 334: val_AUC=0.9656865668674579, val_AP=0.9519641429637936
INFO - 11/01/25 23:55:02 - 0:05:58 - Epoch 335: train_loss=1.0747942924499512, train_AUC=0.9316324578205336, train_AP=0.8927609297005539, distortion=0.470342218875885, reward=0.4419, epsilon=0.1000, time=0.3070707321166992
INFO - 11/01/25 23:55:02 - 0:05:58 - Epoch 335: val_AUC=0.9655278124242782, val_AP=0.9522764511468969
INFO - 11/01/25 23:55:02 - 0:05:58 - Epoch 336: train_loss=1.0849343538284302, train_AUC=0.9294612548856583, train_AP=0.8893162715930424, distortion=0.46481677889823914, reward=0.4446, epsilon=0.1000, time=0.3065359592437744
INFO - 11/01/25 23:55:02 - 0:05:58 - Epoch 336: val_AUC=0.9664996431626535, val_AP=0.952735926854508
INFO - 11/01/25 23:55:03 - 0:05:59 - Epoch 337: train_loss=1.0862984657287598, train_AUC=0.9289285894495684, train_AP=0.8901396033870538, distortion=0.47002798318862915, reward=0.4395, epsilon=0.1000, time=0.3064882755279541
INFO - 11/01/25 23:55:03 - 0:05:59 - Epoch 337: val_AUC=0.9650881404092292, val_AP=0.9514662498691742
INFO - 11/01/25 23:55:03 - 0:05:59 - Epoch 338: train_loss=1.0784488916397095, train_AUC=0.931082935403783, train_AP=0.8926407817724072, distortion=0.46249309182167053, reward=0.4494, epsilon=0.1000, time=0.3067352771759033
INFO - 11/01/25 23:55:03 - 0:05:59 - Epoch 338: val_AUC=0.9657580207729178, val_AP=0.9522152249780125
INFO - 11/01/25 23:55:04 - 0:06:00 - Epoch 339: train_loss=1.076503038406372, train_AUC=0.931916298989529, train_AP=0.8937988027386059, distortion=0.46775248646736145, reward=0.4451, epsilon=0.1000, time=0.3099632263183594
INFO - 11/01/25 23:55:04 - 0:06:00 - Epoch 339: val_AUC=0.9652388274759859, val_AP=0.9520740292897955
INFO - 11/01/25 23:55:04 - 0:06:00 - Epoch 340: train_loss=1.081139326095581, train_AUC=0.9301187444217794, train_AP=0.890335159273071, distortion=0.46742352843284607, reward=0.4428, epsilon=0.1000, time=0.26982736587524414
INFO - 11/01/25 23:55:04 - 0:06:00 - Epoch 340: val_AUC=0.965829906859258, val_AP=0.9529450965994428
INFO - 11/01/25 23:55:04 - 0:06:00 - Epoch 341: train_loss=1.0742223262786865, train_AUC=0.9326516923098664, train_AP=0.8955321775816216, distortion=0.46210405230522156, reward=0.4520, epsilon=0.1000, time=0.30678224563598633
INFO - 11/01/25 23:55:04 - 0:06:01 - Epoch 341: val_AUC=0.9665177947596052, val_AP=0.9529204154805623
INFO - 11/01/25 23:55:05 - 0:06:01 - Epoch 342: train_loss=1.0752198696136475, train_AUC=0.9324855948006088, train_AP=0.8953430294260316, distortion=0.46656185388565063, reward=0.4474, epsilon=0.1000, time=0.3092536926269531
INFO - 11/01/25 23:55:05 - 0:06:01 - Epoch 342: val_AUC=0.9650861235651235, val_AP=0.9512426394203196
INFO - 11/01/25 23:55:05 - 0:06:01 - Epoch 343: train_loss=1.0767563581466675, train_AUC=0.9324253754191502, train_AP=0.8948870153599986, distortion=0.46458950638771057, reward=0.4491, epsilon=0.1000, time=0.30924367904663086
INFO - 11/01/25 23:55:05 - 0:06:01 - Epoch 343: val_AUC=0.9659934152921154, val_AP=0.9530820950396179
INFO - 11/01/25 23:55:06 - 0:06:02 - Epoch 344: train_loss=1.0782747268676758, train_AUC=0.9307983056915602, train_AP=0.8916084531017517, distortion=0.46795833110809326, reward=0.4432, epsilon=0.1000, time=0.31011104583740234
INFO - 11/01/25 23:55:06 - 0:06:02 - Epoch 344: val_AUC=0.965546540262403, val_AP=0.9525022848450772
INFO - 11/01/25 23:55:06 - 0:06:02 - Epoch 345: train_loss=1.0753118991851807, train_AUC=0.9314264690957089, train_AP=0.8933337781976288, distortion=0.46570029854774475, reward=0.4467, epsilon=0.1000, time=0.30696988105773926
INFO - 11/01/25 23:55:06 - 0:06:02 - Epoch 345: val_AUC=0.9652938585080137, val_AP=0.9517417469009141
INFO - 11/01/25 23:55:06 - 0:06:02 - Epoch 346: train_loss=1.0739998817443848, train_AUC=0.9313594105223272, train_AP=0.8928921053013075, distortion=0.46235769987106323, reward=0.4498, epsilon=0.1000, time=0.264329195022583
INFO - 11/01/25 23:55:06 - 0:06:03 - Epoch 346: val_AUC=0.9670496653623448, val_AP=0.9539819806095071
INFO - 11/01/25 23:55:07 - 0:06:03 - Epoch 347: train_loss=1.076991081237793, train_AUC=0.9302732729750911, train_AP=0.8912820146411262, distortion=0.4639929234981537, reward=0.4468, epsilon=0.1000, time=0.3092515468597412
INFO - 11/01/25 23:55:07 - 0:06:03 - Epoch 347: val_AUC=0.9657554276876392, val_AP=0.9527634527913191
INFO - 11/01/25 23:55:07 - 0:06:03 - Epoch 348: train_loss=1.0825692415237427, train_AUC=0.9295764310446601, train_AP=0.8910165076589472, distortion=0.4615720510482788, reward=0.4487, epsilon=0.1000, time=0.3109281063079834
INFO - 11/01/25 23:55:07 - 0:06:03 - Epoch 348: val_AUC=0.9656047406208826, val_AP=0.9520799607401744
INFO - 11/01/25 23:55:08 - 0:06:04 - Epoch 349: train_loss=1.0719572305679321, train_AUC=0.9322952318922402, train_AP=0.894633702490876, distortion=0.4661409556865692, reward=0.4473, epsilon=0.1000, time=0.3095417022705078
INFO - 11/01/25 23:55:08 - 0:06:04 - Epoch 349: val_AUC=0.9654428168512512, val_AP=0.9519868965994727
INFO - 11/01/25 23:55:08 - 0:06:04 - Epoch 350: train_loss=1.0740293264389038, train_AUC=0.9314478111028929, train_AP=0.8930621546419696, distortion=0.4661101996898651, reward=0.4461, epsilon=0.1000, time=0.30732274055480957
INFO - 11/01/25 23:55:08 - 0:06:04 - Epoch 350: val_AUC=0.965555760121172, val_AP=0.9530808450506334
INFO - 11/01/25 23:55:08 - 0:06:05 - Epoch 351: train_loss=1.0700860023498535, train_AUC=0.9323863510029966, train_AP=0.8950395249530407, distortion=0.4624694883823395, reward=0.4512, epsilon=0.1000, time=0.3064095973968506
INFO - 11/01/25 23:55:09 - 0:06:05 - Epoch 351: val_AUC=0.9662152681437455, val_AP=0.953248711010203
INFO - 11/01/25 23:55:09 - 0:06:05 - Epoch 352: train_loss=1.075134038925171, train_AUC=0.9305354346882523, train_AP=0.8916136644931125, distortion=0.46093040704727173, reward=0.4501, epsilon=0.1000, time=0.30637669563293457
INFO - 11/01/25 23:55:09 - 0:06:05 - Epoch 352: val_AUC=0.9659530784100008, val_AP=0.9522500211285184
INFO - 11/01/25 23:55:09 - 0:06:05 - Epoch 353: train_loss=1.074828028678894, train_AUC=0.9326308472543878, train_AP=0.895382184711183, distortion=0.4624177813529968, reward=0.4516, epsilon=0.1000, time=0.3097984790802002
INFO - 11/01/25 23:55:09 - 0:06:05 - Epoch 353: val_AUC=0.9657721386816582, val_AP=0.9522922361408145
INFO - 11/01/25 23:55:10 - 0:06:06 - Epoch 354: train_loss=1.0751861333847046, train_AUC=0.930898363951646, train_AP=0.8913638061842881, distortion=0.46392902731895447, reward=0.4472, epsilon=0.1000, time=0.3096303939819336
INFO - 11/01/25 23:55:10 - 0:06:06 - Epoch 354: val_AUC=0.966638805405949, val_AP=0.9541335213275979
INFO - 11/01/25 23:55:10 - 0:06:06 - Epoch 355: train_loss=1.071225643157959, train_AUC=0.9322171137757941, train_AP=0.8952852073356046, distortion=0.4615999758243561, reward=0.4522, epsilon=0.1000, time=0.31214404106140137
INFO - 11/01/25 23:55:10 - 0:06:06 - Epoch 355: val_AUC=0.9664941688715094, val_AP=0.9534622306931225
INFO - 11/01/25 23:55:11 - 0:06:07 - Epoch 356: train_loss=1.0732066631317139, train_AUC=0.9310060823459402, train_AP=0.8916959574730651, distortion=0.4639793336391449, reward=0.4474, epsilon=0.1000, time=0.31454968452453613
INFO - 11/01/25 23:55:11 - 0:06:07 - Epoch 356: val_AUC=0.9659329099689435, val_AP=0.9527699999319379
INFO - 11/01/25 23:55:11 - 0:06:07 - Epoch 357: train_loss=1.0681432485580444, train_AUC=0.932850743150253, train_AP=0.8957302453721717, distortion=0.46009448170661926, reward=0.4542, epsilon=0.1000, time=0.2730565071105957
INFO - 11/01/25 23:55:11 - 0:06:07 - Epoch 357: val_AUC=0.9670542752917293, val_AP=0.9541991021132188
INFO - 11/01/25 23:55:11 - 0:06:07 - Epoch 358: train_loss=1.0748214721679688, train_AUC=0.9302205901129734, train_AP=0.8916523081927509, distortion=0.46040382981300354, reward=0.4505, epsilon=0.1000, time=0.3152048587799072
INFO - 11/01/25 23:55:11 - 0:06:08 - Epoch 358: val_AUC=0.9663910217015309, val_AP=0.9533339573722698
INFO - 11/01/25 23:55:12 - 0:06:08 - Epoch 359: train_loss=1.066367745399475, train_AUC=0.9334757807929739, train_AP=0.8964467006068875, distortion=0.4598097801208496, reward=0.4552, epsilon=0.1000, time=0.31107473373413086
INFO - 11/01/25 23:55:12 - 0:06:08 - Epoch 359: val_AUC=0.9667892043521191, val_AP=0.9536035467653325
INFO - 11/01/25 23:55:12 - 0:06:08 - Epoch 360: train_loss=1.0688209533691406, train_AUC=0.9325195196050309, train_AP=0.8954563565319831, distortion=0.4606821537017822, reward=0.4533, epsilon=0.1000, time=0.31456947326660156
INFO - 11/01/25 23:55:12 - 0:06:08 - Epoch 360: val_AUC=0.9670505297241045, val_AP=0.9537731081985005
INFO - 11/01/25 23:55:13 - 0:06:09 - Epoch 361: train_loss=1.0720020532608032, train_AUC=0.9313284360259724, train_AP=0.8917131294443994, distortion=0.4641932249069214, reward=0.4473, epsilon=0.1000, time=0.3142690658569336
INFO - 11/01/25 23:55:13 - 0:06:09 - Epoch 361: val_AUC=0.9659888053627309, val_AP=0.9530325715702731
INFO - 11/01/25 23:55:13 - 0:06:09 - Epoch 362: train_loss=1.0741199254989624, train_AUC=0.9328269298426133, train_AP=0.8965934835592727, distortion=0.4586772918701172, reward=0.4560, epsilon=0.1000, time=0.32091426849365234
INFO - 11/01/25 23:55:13 - 0:06:09 - Epoch 362: val_AUC=0.9671528125323234, val_AP=0.9539023951747632
INFO - 11/01/25 23:55:13 - 0:06:10 - Epoch 363: train_loss=1.066077470779419, train_AUC=0.9323943092085388, train_AP=0.8943917389334183, distortion=0.46148890256881714, reward=0.4519, epsilon=0.1000, time=0.31504392623901367
INFO - 11/01/25 23:55:14 - 0:06:10 - Epoch 363: val_AUC=0.9665638940534506, val_AP=0.9524345089976005
INFO - 11/01/25 23:55:14 - 0:06:10 - Epoch 364: train_loss=1.0762758255004883, train_AUC=0.9305578882323495, train_AP=0.8917113381732085, distortion=0.46071088314056396, reward=0.4504, epsilon=0.1000, time=0.27315187454223633
INFO - 11/01/25 23:55:14 - 0:06:10 - Epoch 364: val_AUC=0.9661029011149977, val_AP=0.9522677590554475
INFO - 11/01/25 23:55:14 - 0:06:10 - Epoch 365: train_loss=1.0689642429351807, train_AUC=0.9321128117375556, train_AP=0.8934753881024324, distortion=0.4587613344192505, reward=0.4540, epsilon=0.1000, time=0.3115115165710449
INFO - 11/01/25 23:55:14 - 0:06:10 - Epoch 365: val_AUC=0.96713149160892, val_AP=0.9537364350012713
INFO - 11/01/25 23:55:15 - 0:06:11 - Epoch 366: train_loss=1.0643380880355835, train_AUC=0.932919106658002, train_AP=0.8957044678110027, distortion=0.4599175751209259, reward=0.4544, epsilon=0.1000, time=0.31421828269958496
INFO - 11/01/25 23:55:15 - 0:06:11 - Epoch 366: val_AUC=0.9675265049330568, val_AP=0.9542190211322955
INFO - 11/01/25 23:55:15 - 0:06:11 - Epoch 367: train_loss=1.0675143003463745, train_AUC=0.9329117286448219, train_AP=0.8950326920529716, distortion=0.45995643734931946, reward=0.4540, epsilon=0.1000, time=0.31209635734558105
INFO - 11/01/25 23:55:15 - 0:06:11 - Epoch 367: val_AUC=0.9667261059436685, val_AP=0.9529194784412761
INFO - 11/01/25 23:55:16 - 0:06:12 - Epoch 368: train_loss=1.0678635835647583, train_AUC=0.9327733647292235, train_AP=0.8948903658264924, distortion=0.4596008360385895, reward=0.4542, epsilon=0.1000, time=0.3150825500488281
INFO - 11/01/25 23:55:16 - 0:06:12 - Epoch 368: val_AUC=0.9667338851995049, val_AP=0.9528653185362692
INFO - 11/01/25 23:55:16 - 0:06:12 - Epoch 369: train_loss=1.0679714679718018, train_AUC=0.9319565281521935, train_AP=0.8943793509737097, distortion=0.46146464347839355, reward=0.4517, epsilon=0.1000, time=0.314680814743042
INFO - 11/01/25 23:55:16 - 0:06:12 - Epoch 369: val_AUC=0.9669105031190495, val_AP=0.9537537417336702
INFO - 11/01/25 23:55:16 - 0:06:12 - Epoch 370: train_loss=1.069673776626587, train_AUC=0.9321686612337586, train_AP=0.894952991036954, distortion=0.46054577827453613, reward=0.4530, epsilon=0.1000, time=0.31217503547668457
INFO - 11/01/25 23:55:17 - 0:06:13 - Epoch 370: val_AUC=0.9666857690615538, val_AP=0.9535751173668409
INFO - 11/01/25 23:55:17 - 0:06:13 - Epoch 371: train_loss=1.0667840242385864, train_AUC=0.9331660986337542, train_AP=0.8963031481547635, distortion=0.45976558327674866, reward=0.4550, epsilon=0.1000, time=0.31395626068115234
INFO - 11/01/25 23:55:17 - 0:06:13 - Epoch 371: val_AUC=0.9668056272255514, val_AP=0.953175614107787
INFO - 11/01/25 23:55:17 - 0:06:13 - Epoch 372: train_loss=1.061747670173645, train_AUC=0.934673160755122, train_AP=0.8978159353187565, distortion=0.4590664207935333, reward=0.4572, epsilon=0.1000, time=0.3119480609893799
INFO - 11/01/25 23:55:17 - 0:06:13 - Epoch 372: val_AUC=0.966660414449939, val_AP=0.9524725917150407
INFO - 11/01/25 23:55:18 - 0:06:14 - Epoch 373: train_loss=1.063926100730896, train_AUC=0.9328609244296219, train_AP=0.8952705812685565, distortion=0.45989784598350525, reward=0.4542, epsilon=0.1000, time=0.31500744819641113
INFO - 11/01/25 23:55:18 - 0:06:14 - Epoch 373: val_AUC=0.9672986015491092, val_AP=0.9539766912985591
INFO - 11/01/25 23:55:18 - 0:06:14 - Epoch 374: train_loss=1.070904016494751, train_AUC=0.9304730590248711, train_AP=0.8910496563125965, distortion=0.4606272876262665, reward=0.4501, epsilon=0.1000, time=0.31124067306518555
INFO - 11/01/25 23:55:18 - 0:06:14 - Epoch 374: val_AUC=0.9672095722878705, val_AP=0.9540723465291158
INFO - 11/01/25 23:55:19 - 0:06:15 - Epoch 375: train_loss=1.069923758506775, train_AUC=0.9308044031942784, train_AP=0.8921382358601684, distortion=0.45711103081703186, reward=0.4544, epsilon=0.1000, time=0.3119015693664551
INFO - 11/01/25 23:55:19 - 0:06:15 - Epoch 375: val_AUC=0.9671637611146118, val_AP=0.9533744611255198
INFO - 11/01/25 23:55:19 - 0:06:15 - Epoch 376: train_loss=1.0672924518585205, train_AUC=0.931814550495509, train_AP=0.8936950549425505, distortion=0.46014878153800964, reward=0.4526, epsilon=0.1000, time=0.3123199939727783
INFO - 11/01/25 23:55:19 - 0:06:15 - Epoch 376: val_AUC=0.9662259286054473, val_AP=0.9529944151626936
INFO - 11/01/25 23:55:19 - 0:06:15 - Epoch 377: train_loss=1.07029390335083, train_AUC=0.9316205259951379, train_AP=0.8928476560439823, distortion=0.45678073167800903, reward=0.4555, epsilon=0.1000, time=0.31212830543518066
INFO - 11/01/25 23:55:19 - 0:06:16 - Epoch 377: val_AUC=0.9677497983876197, val_AP=0.954716323286327
INFO - 11/01/25 23:55:20 - 0:06:16 - Epoch 378: train_loss=1.070115327835083, train_AUC=0.9306433175700718, train_AP=0.8922280418498042, distortion=0.45972248911857605, reward=0.4517, epsilon=0.1000, time=0.31544995307922363
INFO - 11/01/25 23:55:20 - 0:06:16 - Epoch 378: val_AUC=0.9669024357426265, val_AP=0.9526934337895165
INFO - 11/01/25 23:55:20 - 0:06:16 - Epoch 379: train_loss=1.0687596797943115, train_AUC=0.9312477753311427, train_AP=0.8919642913868923, distortion=0.45874935388565063, reward=0.4529, epsilon=0.1000, time=0.31227803230285645
INFO - 11/01/25 23:55:20 - 0:06:16 - Epoch 379: val_AUC=0.9661795411910157, val_AP=0.9521537000405801
INFO - 11/01/25 23:55:21 - 0:06:17 - Epoch 380: train_loss=1.0642952919006348, train_AUC=0.9334337253203315, train_AP=0.8962866732448413, distortion=0.4577883183956146, reward=0.4571, epsilon=0.1000, time=0.31148719787597656
INFO - 11/01/25 23:55:21 - 0:06:17 - Epoch 380: val_AUC=0.9681785218203804, val_AP=0.9553734679671998
INFO - 11/01/25 23:55:21 - 0:06:17 - Epoch 381: train_loss=1.0685755014419556, train_AUC=0.9302977058524095, train_AP=0.890554526357486, distortion=0.45742300152778625, reward=0.4530, epsilon=0.1000, time=0.31487488746643066
INFO - 11/01/25 23:55:21 - 0:06:17 - Epoch 381: val_AUC=0.9674838630862498, val_AP=0.9541395967109425
INFO - 11/01/25 23:55:22 - 0:06:18 - Epoch 382: train_loss=1.0617197751998901, train_AUC=0.9322489989349024, train_AP=0.8932627994920983, distortion=0.45866337418556213, reward=0.4541, epsilon=0.1000, time=0.33721232414245605
INFO - 11/01/25 23:55:22 - 0:06:18 - Epoch 382: val_AUC=0.9661328656559972, val_AP=0.9522534518446935
INFO - 11/01/25 23:55:22 - 0:06:18 - Epoch 383: train_loss=1.067269206047058, train_AUC=0.933225899818141, train_AP=0.8967732456924128, distortion=0.4585987627506256, reward=0.4564, epsilon=0.1000, time=0.337573766708374
INFO - 11/01/25 23:55:22 - 0:06:18 - Epoch 383: val_AUC=0.9673954100661842, val_AP=0.953902539405529
INFO - 11/01/25 23:55:22 - 0:06:18 - Epoch 384: train_loss=1.0632174015045166, train_AUC=0.9328254529440148, train_AP=0.8950752913905461, distortion=0.4565581977367401, reward=0.4574, epsilon=0.1000, time=0.328449010848999
INFO - 11/01/25 23:55:23 - 0:06:19 - Epoch 384: val_AUC=0.9682640936345808, val_AP=0.9551201362844518
INFO - 11/01/25 23:55:23 - 0:06:19 - Epoch 385: train_loss=1.0648689270019531, train_AUC=0.9318764750643131, train_AP=0.8938640545654724, distortion=0.45687657594680786, reward=0.4560, epsilon=0.1000, time=0.32646870613098145
INFO - 11/01/25 23:55:23 - 0:06:19 - Epoch 385: val_AUC=0.9666800066498232, val_AP=0.9529263776867969
INFO - 11/01/25 23:55:23 - 0:06:19 - Epoch 386: train_loss=1.0644317865371704, train_AUC=0.9333022210329852, train_AP=0.8962678530218733, distortion=0.456932008266449, reward=0.4579, epsilon=0.1000, time=0.30945849418640137
INFO - 11/01/25 23:55:23 - 0:06:19 - Epoch 386: val_AUC=0.9676287877412758, val_AP=0.9541428322995543
INFO - 11/01/25 23:55:24 - 0:06:20 - Epoch 387: train_loss=1.0657260417938232, train_AUC=0.9312590641598486, train_AP=0.8931975792543071, distortion=0.4571931064128876, reward=0.4550, epsilon=0.1000, time=0.31258225440979004
INFO - 11/01/25 23:55:24 - 0:06:20 - Epoch 387: val_AUC=0.9678999092132033, val_AP=0.9544707278517564
INFO - 11/01/25 23:55:24 - 0:06:20 - Epoch 388: train_loss=1.069965124130249, train_AUC=0.9301090939885149, train_AP=0.8905533498855857, distortion=0.4576285481452942, reward=0.4527, epsilon=0.1000, time=0.2723374366760254
INFO - 11/01/25 23:55:24 - 0:06:20 - Epoch 388: val_AUC=0.9665601484858255, val_AP=0.9529532372666365
INFO - 11/01/25 23:55:24 - 0:06:21 - Epoch 389: train_loss=1.070019006729126, train_AUC=0.93020539246253, train_AP=0.8913073517109462, distortion=0.4537745416164398, reward=0.4570, epsilon=0.1000, time=0.30887603759765625
INFO - 11/01/25 23:55:25 - 0:06:21 - Epoch 389: val_AUC=0.9673029233579071, val_AP=0.9535185294682227
INFO - 11/01/25 23:55:25 - 0:06:21 - Epoch 390: train_loss=1.0587248802185059, train_AUC=0.9338254722997105, train_AP=0.8976506977809111, distortion=0.4567641615867615, reward=0.4590, epsilon=0.1000, time=0.2646000385284424
INFO - 11/01/25 23:55:25 - 0:06:21 - Epoch 390: val_AUC=0.9677042753349474, val_AP=0.9544248296434681
INFO - 11/01/25 23:55:25 - 0:06:21 - Epoch 391: train_loss=1.0651235580444336, train_AUC=0.9320537048899042, train_AP=0.8934924746844655, distortion=0.4572752118110657, reward=0.4555, epsilon=0.1000, time=0.313610315322876
INFO - 11/01/25 23:55:25 - 0:06:21 - Epoch 391: val_AUC=0.9676192797619202, val_AP=0.9543102802208889
INFO - 11/01/25 23:55:26 - 0:06:22 - Epoch 392: train_loss=1.0605121850967407, train_AUC=0.9329881076795234, train_AP=0.8956984062827793, distortion=0.4572477638721466, reward=0.4571, epsilon=0.1000, time=0.2777550220489502
INFO - 11/01/25 23:55:26 - 0:06:22 - Epoch 392: val_AUC=0.9673680386104636, val_AP=0.954039447161706
INFO - 11/01/25 23:55:26 - 0:06:22 - Epoch 393: train_loss=1.0603210926055908, train_AUC=0.9326618097880134, train_AP=0.8951789019447147, distortion=0.45476657152175903, reward=0.4592, epsilon=0.1000, time=0.3118596076965332
INFO - 11/01/25 23:55:26 - 0:06:22 - Epoch 393: val_AUC=0.9672925510167918, val_AP=0.9534413700682467
INFO - 11/01/25 23:55:26 - 0:06:23 - Epoch 394: train_loss=1.0648623704910278, train_AUC=0.9320159559997425, train_AP=0.8945068056655764, distortion=0.4557022154331207, reward=0.4576, epsilon=0.1000, time=0.31556153297424316
INFO - 11/01/25 23:55:27 - 0:06:23 - Epoch 394: val_AUC=0.9675008622008552, val_AP=0.9539751005241563
INFO - 11/01/25 23:55:27 - 0:06:23 - Epoch 395: train_loss=1.065708041191101, train_AUC=0.9307989068186981, train_AP=0.8914583650264885, distortion=0.45537784695625305, reward=0.4558, epsilon=0.1000, time=0.31110143661499023
INFO - 11/01/25 23:55:27 - 0:06:23 - Epoch 395: val_AUC=0.9676722939498421, val_AP=0.9546420580054336
INFO - 11/01/25 23:55:27 - 0:06:23 - Epoch 396: train_loss=1.0618877410888672, train_AUC=0.9324642094285319, train_AP=0.8938948700780831, distortion=0.4539526104927063, reward=0.4592, epsilon=0.1000, time=0.31441617012023926
INFO - 11/01/25 23:55:27 - 0:06:24 - Epoch 396: val_AUC=0.9679059597455204, val_AP=0.954162043199031
INFO - 11/01/25 23:55:28 - 0:06:24 - Epoch 397: train_loss=1.0606721639633179, train_AUC=0.9332916170705209, train_AP=0.8954151123182199, distortion=0.45666393637657166, reward=0.4577, epsilon=0.1000, time=0.31133270263671875
INFO - 11/01/25 23:55:28 - 0:06:24 - Epoch 397: val_AUC=0.9673680386104636, val_AP=0.9537781448155915
INFO - 11/01/25 23:55:28 - 0:06:24 - Epoch 398: train_loss=1.059821367263794, train_AUC=0.9332024548628686, train_AP=0.8967996619450291, distortion=0.4532255232334137, reward=0.4618, epsilon=0.1000, time=0.3139023780822754
INFO - 11/01/25 23:55:28 - 0:06:24 - Epoch 398: val_AUC=0.9681525909675925, val_AP=0.9547491717741199
INFO - 11/01/25 23:55:29 - 0:06:25 - Epoch 399: train_loss=1.058658242225647, train_AUC=0.933249511753174, train_AP=0.8965439886562584, distortion=0.4550435245037079, reward=0.4599, epsilon=0.1000, time=0.312269926071167
INFO - 11/01/25 23:55:29 - 0:06:25 - Epoch 399: val_AUC=0.9672663320434175, val_AP=0.9533476679435768
INFO - 11/01/25 23:55:29 - 0:06:25 - Epoch 400: train_loss=1.0641032457351685, train_AUC=0.9322570144618549, train_AP=0.8942925491304348, distortion=0.4546535313129425, reward=0.4586, epsilon=0.1000, time=0.3149263858795166
INFO - 11/01/25 23:55:29 - 0:06:25 - Epoch 400: val_AUC=0.9678742664810016, val_AP=0.9543111933823517
INFO - 11/01/25 23:55:29 - 0:06:25 - Epoch 401: train_loss=1.0620574951171875, train_AUC=0.9318493361179802, train_AP=0.8938678926588675, distortion=0.4563755989074707, reward=0.4565, epsilon=0.1000, time=0.3151051998138428
INFO - 11/01/25 23:55:30 - 0:06:26 - Epoch 401: val_AUC=0.9681116778443047, val_AP=0.9551680215928358
INFO - 11/01/25 23:55:30 - 0:06:26 - Epoch 402: train_loss=1.0563949346542358, train_AUC=0.9334751143692729, train_AP=0.8959878484006026, distortion=0.45267507433891296, reward=0.4621, epsilon=0.1000, time=0.3113245964050293
INFO - 11/01/25 23:55:30 - 0:06:26 - Epoch 402: val_AUC=0.9680168861713355, val_AP=0.9543573854301478
INFO - 11/01/25 23:55:30 - 0:06:26 - Epoch 403: train_loss=1.064335823059082, train_AUC=0.930271313579752, train_AP=0.8900099205809998, distortion=0.4542923867702484, reward=0.4558, epsilon=0.1000, time=0.3143160343170166
INFO - 11/01/25 23:55:30 - 0:06:26 - Epoch 403: val_AUC=0.9671721166116212, val_AP=0.9534393501237302
INFO - 11/01/25 23:55:31 - 0:06:27 - Epoch 404: train_loss=1.0590070486068726, train_AUC=0.9339268963047033, train_AP=0.8961685434968992, distortion=0.4532971680164337, reward=0.4618, epsilon=0.1000, time=0.31093764305114746
INFO - 11/01/25 23:55:31 - 0:06:27 - Epoch 404: val_AUC=0.968131270044189, val_AP=0.9550562030013307
INFO - 11/01/25 23:55:31 - 0:06:27 - Epoch 405: train_loss=1.062333583831787, train_AUC=0.930989402812428, train_AP=0.8912127837955621, distortion=0.4539749324321747, reward=0.4571, epsilon=0.1000, time=0.3149986267089844
INFO - 11/01/25 23:55:31 - 0:06:27 - Epoch 405: val_AUC=0.9676449224941216, val_AP=0.9542941880914834
INFO - 11/01/25 23:55:31 - 0:06:28 - Epoch 406: train_loss=1.0534322261810303, train_AUC=0.934981588821573, train_AP=0.8980723089339313, distortion=0.4547277092933655, reward=0.4618, epsilon=0.1000, time=0.272489070892334
INFO - 11/01/25 23:55:32 - 0:06:28 - Epoch 406: val_AUC=0.9677140714348894, val_AP=0.9542432802194465
INFO - 11/01/25 23:55:32 - 0:06:28 - Epoch 407: train_loss=1.0582536458969116, train_AUC=0.9329914542529926, train_AP=0.8956523889670518, distortion=0.4536378085613251, reward=0.4607, epsilon=0.1000, time=0.27246952056884766
INFO - 11/01/25 23:55:32 - 0:06:28 - Epoch 407: val_AUC=0.9682666867198595, val_AP=0.954744772236604
INFO - 11/01/25 23:55:32 - 0:06:28 - Epoch 408: train_loss=1.0549647808074951, train_AUC=0.9334824161200551, train_AP=0.8956873253058937, distortion=0.45280513167381287, reward=0.4618, epsilon=0.1000, time=0.31776976585388184
INFO - 11/01/25 23:55:32 - 0:06:28 - Epoch 408: val_AUC=0.9675181494360471, val_AP=0.9537087475078029
INFO - 11/01/25 23:55:33 - 0:06:29 - Epoch 409: train_loss=1.056984782218933, train_AUC=0.9330203467360347, train_AP=0.8950845835371182, distortion=0.45216867327690125, reward=0.4619, epsilon=0.1000, time=0.31136393547058105
INFO - 11/01/25 23:55:33 - 0:06:29 - Epoch 409: val_AUC=0.9680125643625377, val_AP=0.9543228812608637
INFO - 11/01/25 23:55:33 - 0:06:29 - Epoch 410: train_loss=1.0615562200546265, train_AUC=0.9320965578778208, train_AP=0.8939321911266633, distortion=0.45321211218833923, reward=0.4598, epsilon=0.1000, time=0.3155066967010498
INFO - 11/01/25 23:55:33 - 0:06:29 - Epoch 410: val_AUC=0.9677901352697341, val_AP=0.9544141991703682
INFO - 11/01/25 23:55:34 - 0:06:30 - Epoch 411: train_loss=1.057978630065918, train_AUC=0.9326907904961826, train_AP=0.8947372623303178, distortion=0.453254759311676, reward=0.4605, epsilon=0.1000, time=0.3117947578430176
INFO - 11/01/25 23:55:34 - 0:06:30 - Epoch 411: val_AUC=0.9677740005168883, val_AP=0.9540388651229843
INFO - 11/01/25 23:55:34 - 0:06:30 - Epoch 412: train_loss=1.059574842453003, train_AUC=0.9328800353878263, train_AP=0.8952955075792912, distortion=0.4547833204269409, reward=0.4593, epsilon=0.1000, time=0.3147096633911133
INFO - 11/01/25 23:55:34 - 0:06:30 - Epoch 412: val_AUC=0.9679607026569617, val_AP=0.954664625549857
INFO - 11/01/25 23:55:34 - 0:06:30 - Epoch 413: train_loss=1.0573275089263916, train_AUC=0.9319822046548926, train_AP=0.8926197981398891, distortion=0.4511265456676483, reward=0.4612, epsilon=0.1000, time=0.31173086166381836
INFO - 11/01/25 23:55:35 - 0:06:31 - Epoch 413: val_AUC=0.9682782115433208, val_AP=0.9544578201567764
INFO - 11/01/25 23:55:35 - 0:06:31 - Epoch 414: train_loss=1.056820273399353, train_AUC=0.9334015346131836, train_AP=0.8964344720645501, distortion=0.4560130536556244, reward=0.4589, epsilon=0.1000, time=0.3110382556915283
INFO - 11/01/25 23:55:35 - 0:06:31 - Epoch 414: val_AUC=0.9655200331684419, val_AP=0.9518959406724177
INFO - 11/01/25 23:55:35 - 0:06:31 - Epoch 415: train_loss=1.0638090372085571, train_AUC=0.9340847370386384, train_AP=0.8957656636688929, distortion=0.4558413326740265, reward=0.4591, epsilon=0.1000, time=0.31148386001586914
INFO - 11/01/25 23:55:35 - 0:06:31 - Epoch 415: val_AUC=0.9671245767148432, val_AP=0.9542265884967118
INFO - 11/01/25 23:55:36 - 0:06:32 - Epoch 416: train_loss=1.0625542402267456, train_AUC=0.9329477100417572, train_AP=0.8952503886192122, distortion=0.458536833524704, reward=0.4556, epsilon=0.1000, time=0.31340813636779785
INFO - 11/01/25 23:55:36 - 0:06:32 - Epoch 416: val_AUC=0.9679125865190107, val_AP=0.9546786733879519
INFO - 11/01/25 23:55:36 - 0:06:32 - Epoch 417: train_loss=1.0692189931869507, train_AUC=0.9304861258141912, train_AP=0.8911171352985785, distortion=0.4593706429004669, reward=0.4514, epsilon=0.1000, time=0.3141822814941406
INFO - 11/01/25 23:55:36 - 0:06:32 - Epoch 417: val_AUC=0.9682266379583315, val_AP=0.9551482177336523
INFO - 11/01/25 23:55:37 - 0:06:33 - Epoch 418: train_loss=1.0629284381866455, train_AUC=0.9328177614076426, train_AP=0.8955153983449975, distortion=0.45643988251686096, reward=0.4577, epsilon=0.1000, time=0.3115565776824951
INFO - 11/01/25 23:55:37 - 0:06:33 - Epoch 418: val_AUC=0.9659113009249535, val_AP=0.9525439037309235
INFO - 11/01/25 23:55:37 - 0:06:33 - Epoch 419: train_loss=1.0690302848815918, train_AUC=0.9328229716746181, train_AP=0.8950162470117635, distortion=0.4609861671924591, reward=0.4529, epsilon=0.1000, time=0.3137671947479248
INFO - 11/01/25 23:55:37 - 0:06:33 - Epoch 419: val_AUC=0.9679362124071064, val_AP=0.9553761387087792
INFO - 11/01/25 23:55:37 - 0:06:33 - Epoch 420: train_loss=1.05836820602417, train_AUC=0.9340168091736076, train_AP=0.8980161963165354, distortion=0.45754534006118774, reward=0.4585, epsilon=0.1000, time=0.31519317626953125
INFO - 11/01/25 23:55:37 - 0:06:34 - Epoch 420: val_AUC=0.9681661326351594, val_AP=0.9550258585856671
INFO - 11/01/25 23:55:38 - 0:06:34 - Epoch 421: train_loss=1.0633856058120728, train_AUC=0.9325458645252189, train_AP=0.8943852089089795, distortion=0.4598480761051178, reward=0.4536, epsilon=0.1000, time=0.3109612464904785
INFO - 11/01/25 23:55:38 - 0:06:34 - Epoch 421: val_AUC=0.9666880740262461, val_AP=0.9531415270678509
INFO - 11/01/25 23:55:38 - 0:06:34 - Epoch 422: train_loss=1.0565682649612427, train_AUC=0.9345339544640152, train_AP=0.8961770959475179, distortion=0.45512855052948, reward=0.4602, epsilon=0.1000, time=0.31151652336120605
INFO - 11/01/25 23:55:38 - 0:06:34 - Epoch 422: val_AUC=0.9664158000719726, val_AP=0.9528007843144757
INFO - 11/01/25 23:55:39 - 0:06:35 - Epoch 423: train_loss=1.0624016523361206, train_AUC=0.9330178221017449, train_AP=0.8946627555482873, distortion=0.4589073956012726, reward=0.4549, epsilon=0.1000, time=0.3112337589263916
INFO - 11/01/25 23:55:39 - 0:06:35 - Epoch 423: val_AUC=0.9671614561499194, val_AP=0.953811577632976
INFO - 11/01/25 23:55:39 - 0:06:35 - Epoch 424: train_loss=1.058431625366211, train_AUC=0.9323370545901118, train_AP=0.8931735847174, distortion=0.453219473361969, reward=0.4595, epsilon=0.1000, time=0.3116321563720703
INFO - 11/01/25 23:55:39 - 0:06:35 - Epoch 424: val_AUC=0.9677330873936006, val_AP=0.9544906885627807
INFO - 11/01/25 23:55:39 - 0:06:36 - Epoch 425: train_loss=1.058401346206665, train_AUC=0.9346752163507411, train_AP=0.897315534301848, distortion=0.45659202337265015, reward=0.4594, epsilon=0.1000, time=0.3112049102783203
INFO - 11/01/25 23:55:40 - 0:06:36 - Epoch 425: val_AUC=0.9681004411414301, val_AP=0.9552000689863679
INFO - 11/01/25 23:55:40 - 0:06:36 - Epoch 426: train_loss=1.0543122291564941, train_AUC=0.9344328733905901, train_AP=0.8965790565580446, distortion=0.4546934962272644, reward=0.4608, epsilon=0.1000, time=0.31116509437561035
INFO - 11/01/25 23:55:40 - 0:06:36 - Epoch 426: val_AUC=0.9684853702450378, val_AP=0.9556443425042382
INFO - 11/01/25 23:55:40 - 0:06:36 - Epoch 427: train_loss=1.057927131652832, train_AUC=0.9327642341762283, train_AP=0.894611099034238, distortion=0.45441919565200806, reward=0.4593, epsilon=0.1000, time=0.31198644638061523
INFO - 11/01/25 23:55:40 - 0:06:36 - Epoch 427: val_AUC=0.9681332868882948, val_AP=0.95524259123104
INFO - 11/01/25 23:55:41 - 0:06:37 - Epoch 428: train_loss=1.0597578287124634, train_AUC=0.9332512827355297, train_AP=0.8961260894783861, distortion=0.4539472460746765, reward=0.4607, epsilon=0.1000, time=0.31107234954833984
INFO - 11/01/25 23:55:41 - 0:06:37 - Epoch 428: val_AUC=0.9687345945523888, val_AP=0.9559904004551516
INFO - 11/01/25 23:55:41 - 0:06:37 - Epoch 429: train_loss=1.0597879886627197, train_AUC=0.9320648063025208, train_AP=0.8938921224302963, distortion=0.45473676919937134, reward=0.4582, epsilon=0.1000, time=0.31456947326660156
INFO - 11/01/25 23:55:41 - 0:06:37 - Epoch 429: val_AUC=0.9677160882789952, val_AP=0.9546165643430965
INFO - 11/01/25 23:55:42 - 0:06:38 - Epoch 430: train_loss=1.0559736490249634, train_AUC=0.9339233957110968, train_AP=0.8971578017629411, distortion=0.452990859746933, reward=0.4625, epsilon=0.1000, time=0.31191396713256836
INFO - 11/01/25 23:55:42 - 0:06:38 - Epoch 430: val_AUC=0.9675527239064311, val_AP=0.9539940851170774
INFO - 11/01/25 23:55:42 - 0:06:38 - Epoch 431: train_loss=1.058274269104004, train_AUC=0.9318850991951093, train_AP=0.8930842211540039, distortion=0.45134738087654114, reward=0.4611, epsilon=0.1000, time=0.3109099864959717
INFO - 11/01/25 23:55:42 - 0:06:38 - Epoch 431: val_AUC=0.9681494216411406, val_AP=0.9545664331171905
INFO - 11/01/25 23:55:42 - 0:06:38 - Epoch 432: train_loss=1.0581474304199219, train_AUC=0.9324167861796473, train_AP=0.8943747020949689, distortion=0.45161929726600647, reward=0.4618, epsilon=0.1000, time=0.3117692470550537
INFO - 11/01/25 23:55:43 - 0:06:39 - Epoch 432: val_AUC=0.9680364783712198, val_AP=0.9542562208134131
INFO - 11/01/25 23:55:43 - 0:06:39 - Epoch 433: train_loss=1.0548334121704102, train_AUC=0.9343425861879542, train_AP=0.8983142740945418, distortion=0.45078322291374207, reward=0.4655, epsilon=0.1000, time=0.3113102912902832
INFO - 11/01/25 23:55:43 - 0:06:39 - Epoch 433: val_AUC=0.9679595501746154, val_AP=0.9537354361923185
INFO - 11/01/25 23:55:43 - 0:06:39 - Epoch 434: train_loss=1.0573925971984863, train_AUC=0.9333597144075473, train_AP=0.895648059599552, distortion=0.452841192483902, reward=0.4617, epsilon=0.1000, time=0.31450819969177246
INFO - 11/01/25 23:55:43 - 0:06:39 - Epoch 434: val_AUC=0.968877502363309, val_AP=0.9555338370309313
INFO - 11/01/25 23:55:44 - 0:06:40 - Epoch 435: train_loss=1.053107738494873, train_AUC=0.9345840957446434, train_AP=0.897954008250925, distortion=0.4540084898471832, reward=0.4623, epsilon=0.1000, time=0.27093076705932617
INFO - 11/01/25 23:55:44 - 0:06:40 - Epoch 435: val_AUC=0.9680658666710461, val_AP=0.9549876259004395
INFO - 11/01/25 23:55:44 - 0:06:40 - Epoch 436: train_loss=1.0538767576217651, train_AUC=0.9346879551619048, train_AP=0.8975163214226629, distortion=0.451785683631897, reward=0.4643, epsilon=0.1000, time=0.3113875389099121
INFO - 11/01/25 23:55:44 - 0:06:40 - Epoch 436: val_AUC=0.9680119881213645, val_AP=0.9539308508345934
INFO - 11/01/25 23:55:44 - 0:06:41 - Epoch 437: train_loss=1.0540900230407715, train_AUC=0.9334403905542356, train_AP=0.8957568564953222, distortion=0.45464828610420227, reward=0.4600, epsilon=0.1000, time=0.3197934627532959
INFO - 11/01/25 23:55:45 - 0:06:41 - Epoch 437: val_AUC=0.9684015271543568, val_AP=0.9552765613649462
INFO - 11/01/25 23:55:45 - 0:06:41 - Epoch 438: train_loss=1.0538023710250854, train_AUC=0.9331767419735351, train_AP=0.8956265356399257, distortion=0.44961807131767273, reward=0.4648, epsilon=0.1000, time=0.31467318534851074
INFO - 11/01/25 23:55:45 - 0:06:41 - Epoch 438: val_AUC=0.9680756627709882, val_AP=0.9546623248907963
INFO - 11/01/25 23:55:45 - 0:06:41 - Epoch 439: train_loss=1.0574036836624146, train_AUC=0.932829907066821, train_AP=0.8948476398606198, distortion=0.45172667503356934, reward=0.4621, epsilon=0.1000, time=0.27814793586730957
INFO - 11/01/25 23:55:45 - 0:06:41 - Epoch 439: val_AUC=0.9683979256470252, val_AP=0.9551356863185464
INFO - 11/01/25 23:55:46 - 0:06:42 - Epoch 440: train_loss=1.0557663440704346, train_AUC=0.9330827742379086, train_AP=0.8954344423065697, distortion=0.4514977037906647, reward=0.4628, epsilon=0.1000, time=0.31154513359069824
INFO - 11/01/25 23:55:46 - 0:06:42 - Epoch 440: val_AUC=0.9688435041340983, val_AP=0.955904136156114
INFO - 11/01/25 23:55:46 - 0:06:42 - Epoch 441: train_loss=1.055927038192749, train_AUC=0.9317236626641822, train_AP=0.8921595250359194, distortion=0.451138973236084, reward=0.4608, epsilon=0.1000, time=0.31429290771484375
INFO - 11/01/25 23:55:46 - 0:06:42 - Epoch 441: val_AUC=0.968726527175966, val_AP=0.9555792375321638
INFO - 11/01/25 23:55:47 - 0:06:43 - Epoch 442: train_loss=1.05379056930542, train_AUC=0.9334790760263973, train_AP=0.8968872450822455, distortion=0.45047712326049805, reward=0.4647, epsilon=0.1000, time=0.31246376037597656
INFO - 11/01/25 23:55:47 - 0:06:43 - Epoch 442: val_AUC=0.968450795774654, val_AP=0.9546489812695345
INFO - 11/01/25 23:55:47 - 0:06:43 - Epoch 443: train_loss=1.0532188415527344, train_AUC=0.9338806723194124, train_AP=0.8970966635328517, distortion=0.4515690505504608, reward=0.4639, epsilon=0.1000, time=0.3115968704223633
INFO - 11/01/25 23:55:47 - 0:06:43 - Epoch 443: val_AUC=0.968640667241179, val_AP=0.955639729975487
INFO - 11/01/25 23:55:47 - 0:06:43 - Epoch 444: train_loss=1.0519099235534668, train_AUC=0.9337415218543749, train_AP=0.8955610559201264, distortion=0.44904595613479614, reward=0.4656, epsilon=0.1000, time=0.31165528297424316
INFO - 11/01/25 23:55:47 - 0:06:44 - Epoch 444: val_AUC=0.9689290759482985, val_AP=0.9561385826913886
INFO - 11/01/25 23:55:48 - 0:06:44 - Epoch 445: train_loss=1.0538785457611084, train_AUC=0.9317094828426072, train_AP=0.8926439639122041, distortion=0.44978588819503784, reward=0.4624, epsilon=0.1000, time=0.3149282932281494
INFO - 11/01/25 23:55:48 - 0:06:44 - Epoch 445: val_AUC=0.968147981038208, val_AP=0.9545996752714815
INFO - 11/01/25 23:55:48 - 0:06:44 - Epoch 446: train_loss=1.0465295314788818, train_AUC=0.9361772735653162, train_AP=0.9005360125609418, distortion=0.4502009153366089, reward=0.4682, epsilon=0.1000, time=0.3152029514312744
INFO - 11/01/25 23:55:48 - 0:06:44 - Epoch 446: val_AUC=0.9686745214100967, val_AP=0.9557933005130657
INFO - 11/01/25 23:55:49 - 0:06:45 - Epoch 447: train_loss=1.048654556274414, train_AUC=0.9347658823731324, train_AP=0.897709011258178, distortion=0.4475423991680145, reward=0.4687, epsilon=0.1000, time=0.31348347663879395
INFO - 11/01/25 23:55:49 - 0:06:45 - Epoch 447: val_AUC=0.9688247762959736, val_AP=0.9555712365041289
INFO - 11/01/25 23:55:49 - 0:06:45 - Epoch 448: train_loss=1.0488470792770386, train_AUC=0.9341346395631314, train_AP=0.8969083349369718, distortion=0.449786514043808, reward=0.4657, epsilon=0.1000, time=0.31410932540893555
INFO - 11/01/25 23:55:49 - 0:06:45 - Epoch 448: val_AUC=0.9679831760627111, val_AP=0.9542964827037868
INFO - 11/01/25 23:55:49 - 0:06:46 - Epoch 449: train_loss=1.0495659112930298, train_AUC=0.9350562178086947, train_AP=0.8979520626981583, distortion=0.4492061138153076, reward=0.4673, epsilon=0.1000, time=0.31211352348327637
INFO - 11/01/25 23:55:50 - 0:06:46 - Epoch 449: val_AUC=0.9689841069803263, val_AP=0.9558891391725475
INFO - 11/01/25 23:55:50 - 0:06:46 - Epoch 450: train_loss=1.0538816452026367, train_AUC=0.9324996280787519, train_AP=0.8949278143282293, distortion=0.44999343156814575, reward=0.4637, epsilon=0.1000, time=0.31150317192077637
INFO - 11/01/25 23:55:50 - 0:06:46 - Epoch 450: val_AUC=0.968722781608341, val_AP=0.9558895253937829
INFO - 11/01/25 23:55:50 - 0:06:46 - Epoch 451: train_loss=1.04679536819458, train_AUC=0.9348111264115302, train_AP=0.8975139084036083, distortion=0.44820722937583923, reward=0.4680, epsilon=0.1000, time=0.3118908405303955
INFO - 11/01/25 23:55:50 - 0:06:46 - Epoch 451: val_AUC=0.9683678170457325, val_AP=0.9545440229592456
INFO - 11/01/25 23:55:51 - 0:06:47 - Epoch 452: train_loss=1.0494848489761353, train_AUC=0.934318164276471, train_AP=0.8971308183350895, distortion=0.44988739490509033, reward=0.4658, epsilon=0.1000, time=0.3110642433166504
INFO - 11/01/25 23:55:51 - 0:06:47 - Epoch 452: val_AUC=0.9687976929608395, val_AP=0.9560472904694839
INFO - 11/01/25 23:55:51 - 0:06:47 - Epoch 453: train_loss=1.0524144172668457, train_AUC=0.9323308479274907, train_AP=0.8938516482710962, distortion=0.4463295042514801, reward=0.4668, epsilon=0.1000, time=0.3148517608642578
INFO - 11/01/25 23:55:51 - 0:06:47 - Epoch 453: val_AUC=0.968953278077567, val_AP=0.95582378209802
INFO - 11/01/25 23:55:52 - 0:06:48 - Epoch 454: train_loss=1.0445165634155273, train_AUC=0.935468086098441, train_AP=0.8976839533323163, distortion=0.44936156272888184, reward=0.4672, epsilon=0.1000, time=0.3109734058380127
INFO - 11/01/25 23:55:52 - 0:06:48 - Epoch 454: val_AUC=0.9680408001800178, val_AP=0.9544149077736179
INFO - 11/01/25 23:55:52 - 0:06:48 - Epoch 455: train_loss=1.049755334854126, train_AUC=0.9341136938213492, train_AP=0.8959417051894587, distortion=0.44921353459358215, reward=0.4658, epsilon=0.1000, time=0.31349706649780273
INFO - 11/01/25 23:55:52 - 0:06:48 - Epoch 455: val_AUC=0.9688743330368573, val_AP=0.9554371872846105
INFO - 11/01/25 23:55:52 - 0:06:48 - Epoch 456: train_loss=1.0495758056640625, train_AUC=0.9338389662581497, train_AP=0.8962388365720704, distortion=0.4506409764289856, reward=0.4644, epsilon=0.1000, time=0.31160521507263184
INFO - 11/01/25 23:55:53 - 0:06:49 - Epoch 456: val_AUC=0.9682738897345229, val_AP=0.9559001271335118
INFO - 11/01/25 23:55:53 - 0:06:49 - Epoch 457: train_loss=1.0530173778533936, train_AUC=0.9336829717720745, train_AP=0.8953530474403728, distortion=0.4471903443336487, reward=0.4673, epsilon=0.1000, time=0.3113892078399658
INFO - 11/01/25 23:55:53 - 0:06:49 - Epoch 457: val_AUC=0.9686769704350823, val_AP=0.9549675018911487
INFO - 11/01/25 23:55:53 - 0:06:49 - Epoch 458: train_loss=1.054262399673462, train_AUC=0.9325762478633769, train_AP=0.8948376232170915, distortion=0.45084148645401, reward=0.4629, epsilon=0.1000, time=0.3190591335296631
INFO - 11/01/25 23:55:53 - 0:06:49 - Epoch 458: val_AUC=0.9683793418691938, val_AP=0.9552755375460467
INFO - 11/01/25 23:55:54 - 0:06:50 - Epoch 459: train_loss=1.0484570264816284, train_AUC=0.9337867344906088, train_AP=0.8955329959287088, distortion=0.44732677936553955, reward=0.4673, epsilon=0.1000, time=0.31581926345825195
INFO - 11/01/25 23:55:54 - 0:06:50 - Epoch 459: val_AUC=0.9687204766436486, val_AP=0.9554925060262301
INFO - 11/01/25 23:55:54 - 0:06:50 - Epoch 460: train_loss=1.0498119592666626, train_AUC=0.9338793504378455, train_AP=0.8965026504957471, distortion=0.45008182525634766, reward=0.4651, epsilon=0.1000, time=0.31221985816955566
INFO - 11/01/25 23:55:54 - 0:06:50 - Epoch 460: val_AUC=0.9687930830314551, val_AP=0.9551225467970035
INFO - 11/01/25 23:55:55 - 0:06:51 - Epoch 461: train_loss=1.0565800666809082, train_AUC=0.9312093809520557, train_AP=0.8916342999120069, distortion=0.4484749138355255, reward=0.4629, epsilon=0.1000, time=0.31156301498413086
INFO - 11/01/25 23:55:55 - 0:06:51 - Epoch 461: val_AUC=0.9691192355354102, val_AP=0.9559554565712263
INFO - 11/01/25 23:55:55 - 0:06:51 - Epoch 462: train_loss=1.048197865486145, train_AUC=0.9341276294038713, train_AP=0.8967602023497628, distortion=0.44662603735923767, reward=0.4688, epsilon=0.1000, time=0.3135964870452881
INFO - 11/01/25 23:55:55 - 0:06:51 - Epoch 462: val_AUC=0.969683663764428, val_AP=0.9572283228771411
INFO - 11/01/25 23:55:55 - 0:06:51 - Epoch 463: train_loss=1.0517466068267822, train_AUC=0.9330937046831883, train_AP=0.8953819629981881, distortion=0.4500700533390045, reward=0.4642, epsilon=0.1000, time=0.3150773048400879
INFO - 11/01/25 23:55:55 - 0:06:52 - Epoch 463: val_AUC=0.9683790537486073, val_AP=0.9554419212537495
INFO - 11/01/25 23:55:56 - 0:06:52 - Epoch 464: train_loss=1.0521910190582275, train_AUC=0.9346386004307157, train_AP=0.8982740221101722, distortion=0.44862690567970276, reward=0.4678, epsilon=0.1000, time=0.3114182949066162
INFO - 11/01/25 23:55:56 - 0:06:52 - Epoch 464: val_AUC=0.9692393818199944, val_AP=0.9562142960672384
INFO - 11/01/25 23:55:56 - 0:06:52 - Epoch 465: train_loss=1.0480926036834717, train_AUC=0.9346549784037649, train_AP=0.898028010429671, distortion=0.4505521059036255, reward=0.4658, epsilon=0.1000, time=0.31475400924682617
INFO - 11/01/25 23:55:56 - 0:06:52 - Epoch 465: val_AUC=0.9688097940254738, val_AP=0.9574907298551546
INFO - 11/01/25 23:55:57 - 0:06:53 - Epoch 466: train_loss=1.052964210510254, train_AUC=0.9346636633451006, train_AP=0.8978249996082879, distortion=0.44881564378738403, reward=0.4674, epsilon=0.1000, time=0.31131958961486816
INFO - 11/01/25 23:55:57 - 0:06:53 - Epoch 466: val_AUC=0.9689495325099422, val_AP=0.9554125533423388
INFO - 11/01/25 23:55:57 - 0:06:53 - Epoch 467: train_loss=1.055138349533081, train_AUC=0.9334914285411001, train_AP=0.8959894414477516, distortion=0.45451444387435913, reward=0.4602, epsilon=0.1000, time=0.3113224506378174
INFO - 11/01/25 23:55:57 - 0:06:53 - Epoch 467: val_AUC=0.969209417278995, val_AP=0.9570512359569449
INFO - 11/01/25 23:55:57 - 0:06:54 - Epoch 468: train_loss=1.0506174564361572, train_AUC=0.9340671617957838, train_AP=0.8962634184153941, distortion=0.44697800278663635, reward=0.4682, epsilon=0.1000, time=0.31180405616760254
INFO - 11/01/25 23:55:58 - 0:06:54 - Epoch 468: val_AUC=0.9697023916025527, val_AP=0.9575658444590196
INFO - 11/01/25 23:55:58 - 0:06:54 - Epoch 469: train_loss=1.0471632480621338, train_AUC=0.9339249678130811, train_AP=0.896898902740788, distortion=0.44695353507995605, reward=0.4685, epsilon=0.1000, time=0.3145322799682617
INFO - 11/01/25 23:55:58 - 0:06:54 - Epoch 469: val_AUC=0.9695583313092861, val_AP=0.9571007775322461
INFO - 11/01/25 23:55:58 - 0:06:54 - Epoch 470: train_loss=1.0483143329620361, train_AUC=0.9334342103093077, train_AP=0.8949256507494547, distortion=0.4484942555427551, reward=0.4657, epsilon=0.1000, time=0.3152291774749756
INFO - 11/01/25 23:55:58 - 0:06:55 - Epoch 470: val_AUC=0.9689377195658946, val_AP=0.9561183790489959
INFO - 11/01/25 23:55:59 - 0:06:55 - Epoch 471: train_loss=1.0509440898895264, train_AUC=0.9339633013816282, train_AP=0.8950960860608246, distortion=0.4496447741985321, reward=0.4649, epsilon=0.1000, time=0.31120800971984863
INFO - 11/01/25 23:55:59 - 0:06:55 - Epoch 471: val_AUC=0.9697489230772778, val_AP=0.9570451493602801
INFO - 11/01/25 23:55:59 - 0:06:55 - Epoch 472: train_loss=1.0487457513809204, train_AUC=0.9344223581517003, train_AP=0.8971184361289553, distortion=0.45262208580970764, reward=0.4631, epsilon=0.1000, time=0.32180047035217285
INFO - 11/01/25 23:55:59 - 0:06:55 - Epoch 472: val_AUC=0.9678440138194159, val_AP=0.9570432037543817
INFO - 11/01/25 23:56:00 - 0:06:56 - Epoch 473: train_loss=1.0563697814941406, train_AUC=0.9342555239377082, train_AP=0.897056815376282, distortion=0.44932568073272705, reward=0.4663, epsilon=0.1000, time=0.3145616054534912
INFO - 11/01/25 23:56:00 - 0:06:56 - Epoch 473: val_AUC=0.9681203214619009, val_AP=0.9553726935426736
INFO - 11/01/25 23:56:00 - 0:06:56 - Epoch 474: train_loss=1.0523003339767456, train_AUC=0.9338536415360884, train_AP=0.8971120375644066, distortion=0.448596328496933, reward=0.4669, epsilon=0.1000, time=0.3116772174835205
INFO - 11/01/25 23:56:00 - 0:06:56 - Epoch 474: val_AUC=0.9687386282406003, val_AP=0.955133200429635
INFO - 11/01/25 23:56:00 - 0:06:57 - Epoch 475: train_loss=1.051975965499878, train_AUC=0.9358897942313296, train_AP=0.9002933596018462, distortion=0.4576966464519501, reward=0.4604, epsilon=0.1000, time=0.31344056129455566
INFO - 11/01/25 23:56:01 - 0:06:57 - Epoch 475: val_AUC=0.9691984686967067, val_AP=0.9586404517049804
INFO - 11/01/25 23:56:01 - 0:06:57 - Epoch 476: train_loss=1.058597207069397, train_AUC=0.9330358723646347, train_AP=0.8943857119002799, distortion=0.4528067111968994, reward=0.4609, epsilon=0.1000, time=0.27097439765930176
INFO - 11/01/25 23:56:01 - 0:06:57 - Epoch 476: val_AUC=0.9689619216951632, val_AP=0.9568809483549575
INFO - 11/01/25 23:56:01 - 0:06:57 - Epoch 477: train_loss=1.0558110475540161, train_AUC=0.9341796373686881, train_AP=0.8966257695593112, distortion=0.4556037187576294, reward=0.4598, epsilon=0.1000, time=0.3151988983154297
INFO - 11/01/25 23:56:01 - 0:06:57 - Epoch 477: val_AUC=0.969063916382796, val_AP=0.9566814006903086
INFO - 11/01/25 23:56:02 - 0:06:58 - Epoch 478: train_loss=1.0512974262237549, train_AUC=0.9344828501836934, train_AP=0.8973515600514248, distortion=0.45082831382751465, reward=0.4651, epsilon=0.1000, time=0.3113117218017578
INFO - 11/01/25 23:56:02 - 0:06:58 - Epoch 478: val_AUC=0.9688832647750398, val_AP=0.9570391869268895
INFO - 11/01/25 23:56:02 - 0:06:58 - Epoch 479: train_loss=1.0503395795822144, train_AUC=0.9352903872341793, train_AP=0.8974199783611799, distortion=0.4522716999053955, reward=0.4641, epsilon=0.1000, time=0.31872010231018066
INFO - 11/01/25 23:56:02 - 0:06:58 - Epoch 479: val_AUC=0.969504164639018, val_AP=0.9580176659950055
INFO - 11/01/25 23:56:03 - 0:06:59 - Epoch 480: train_loss=1.0542194843292236, train_AUC=0.9358341471046272, train_AP=0.901114327889269, distortion=0.4603877663612366, reward=0.4581, epsilon=0.1000, time=0.31546545028686523
INFO - 11/01/25 23:56:03 - 0:06:59 - Epoch 480: val_AUC=0.9690912878385165, val_AP=0.9573618349911731
INFO - 11/01/25 23:56:03 - 0:06:59 - Epoch 481: train_loss=1.0504512786865234, train_AUC=0.9352289650999978, train_AP=0.8987993555128984, distortion=0.45107126235961914, reward=0.4659, epsilon=0.1000, time=0.2789289951324463
INFO - 11/01/25 23:56:03 - 0:06:59 - Epoch 481: val_AUC=0.9691244217059677, val_AP=0.9563251341422316
INFO - 11/01/25 23:56:03 - 0:06:59 - Epoch 482: train_loss=1.0529897212982178, train_AUC=0.9349771446677075, train_AP=0.8987758729653623, distortion=0.4535685181617737, reward=0.4633, epsilon=0.1000, time=0.3141438961029053
INFO - 11/01/25 23:56:03 - 0:07:00 - Epoch 482: val_AUC=0.9697856584520607, val_AP=0.9577493919125027
INFO - 11/01/25 23:56:04 - 0:07:00 - Epoch 483: train_loss=1.0466662645339966, train_AUC=0.9361956637690917, train_AP=0.8995831413333357, distortion=0.4537775218486786, reward=0.4641, epsilon=0.1000, time=0.31157755851745605
INFO - 11/01/25 23:56:04 - 0:07:00 - Epoch 483: val_AUC=0.9701305387941404, val_AP=0.9584864921942238
INFO - 11/01/25 23:56:04 - 0:07:00 - Epoch 484: train_loss=1.0475480556488037, train_AUC=0.9349790906049765, train_AP=0.8974367191085147, distortion=0.4532512426376343, reward=0.4630, epsilon=0.1000, time=0.3145778179168701
INFO - 11/01/25 23:56:04 - 0:07:00 - Epoch 484: val_AUC=0.9692195014995235, val_AP=0.9564054210923988
INFO - 11/01/25 23:56:05 - 0:07:01 - Epoch 485: train_loss=1.047154426574707, train_AUC=0.9349264012630474, train_AP=0.8983211929665101, distortion=0.45001456141471863, reward=0.4666, epsilon=0.1000, time=0.3116476535797119
INFO - 11/01/25 23:56:05 - 0:07:01 - Epoch 485: val_AUC=0.9689512612334615, val_AP=0.9562352777690147
INFO - 11/01/25 23:56:05 - 0:07:01 - Epoch 486: train_loss=1.0467166900634766, train_AUC=0.9349595280537483, train_AP=0.8977809495238325, distortion=0.4495578408241272, reward=0.4668, epsilon=0.1000, time=0.3191561698913574
INFO - 11/01/25 23:56:05 - 0:07:01 - Epoch 486: val_AUC=0.9695911770561509, val_AP=0.9579172368821397
INFO - 11/01/25 23:56:05 - 0:07:02 - Epoch 487: train_loss=1.0490752458572388, train_AUC=0.9338217907698262, train_AP=0.8957885587303082, distortion=0.4501314163208008, reward=0.4647, epsilon=0.1000, time=0.31287598609924316
INFO - 11/01/25 23:56:06 - 0:07:02 - Epoch 487: val_AUC=0.9696963410702355, val_AP=0.9586592327216834
INFO - 11/01/25 23:56:06 - 0:07:02 - Epoch 488: train_loss=1.046971321105957, train_AUC=0.9335614643386898, train_AP=0.8940537486488085, distortion=0.44988375902175903, reward=0.4639, epsilon=0.1000, time=0.3114044666290283
INFO - 11/01/25 23:56:06 - 0:07:02 - Epoch 488: val_AUC=0.9690549846446133, val_AP=0.9571170252851233
INFO - 11/01/25 23:56:06 - 0:07:02 - Epoch 489: train_loss=1.050215244293213, train_AUC=0.9344415997030309, train_AP=0.8988302160828545, distortion=0.4498952031135559, reward=0.4667, epsilon=0.1000, time=0.31185078620910645
INFO - 11/01/25 23:56:06 - 0:07:02 - Epoch 489: val_AUC=0.9692532116081479, val_AP=0.9574402025189134
INFO - 11/01/25 23:56:07 - 0:07:03 - Epoch 490: train_loss=1.0458904504776, train_AUC=0.934519092766881, train_AP=0.8968535385427726, distortion=0.44806334376335144, reward=0.4676, epsilon=0.1000, time=0.31200337409973145
INFO - 11/01/25 23:56:07 - 0:07:03 - Epoch 490: val_AUC=0.9694281008041734, val_AP=0.9581981622726667
INFO - 11/01/25 23:56:07 - 0:07:03 - Epoch 491: train_loss=1.0458720922470093, train_AUC=0.9339612687145732, train_AP=0.8958109376617491, distortion=0.4468161165714264, reward=0.4681, epsilon=0.1000, time=0.27140092849731445
INFO - 11/01/25 23:56:07 - 0:07:03 - Epoch 491: val_AUC=0.9694208977895101, val_AP=0.9572668991484854
INFO - 11/01/25 23:56:08 - 0:07:04 - Epoch 492: train_loss=1.0476001501083374, train_AUC=0.9339181336056286, train_AP=0.8966647290967812, distortion=0.44527655839920044, reward=0.4700, epsilon=0.1000, time=0.3117070198059082
INFO - 11/01/25 23:56:08 - 0:07:04 - Epoch 492: val_AUC=0.9692958534549548, val_AP=0.9563516794395038
INFO - 11/01/25 23:56:08 - 0:07:04 - Epoch 493: train_loss=1.0435702800750732, train_AUC=0.9353692869155944, train_AP=0.8992150809646051, distortion=0.448481947183609, reward=0.4688, epsilon=0.1000, time=0.31145143508911133
INFO - 11/01/25 23:56:08 - 0:07:04 - Epoch 493: val_AUC=0.9695321123359119, val_AP=0.9574776203621485
INFO - 11/01/25 23:56:08 - 0:07:04 - Epoch 494: train_loss=1.0475773811340332, train_AUC=0.933380097901061, train_AP=0.8955654995785284, distortion=0.44600439071655273, reward=0.4685, epsilon=0.1000, time=0.312241792678833
INFO - 11/01/25 23:56:08 - 0:07:05 - Epoch 494: val_AUC=0.969836655795877, val_AP=0.9577280993554781
INFO - 11/01/25 23:56:09 - 0:07:05 - Epoch 495: train_loss=1.0447757244110107, train_AUC=0.9338505576442127, train_AP=0.8965431538644912, distortion=0.4463712275028229, reward=0.4688, epsilon=0.1000, time=0.31127309799194336
INFO - 11/01/25 23:56:09 - 0:07:05 - Epoch 495: val_AUC=0.969520875633037, val_AP=0.9570048591096708
INFO - 11/01/25 23:56:09 - 0:07:05 - Epoch 496: train_loss=1.0520739555358887, train_AUC=0.9319523930354969, train_AP=0.8922044539562658, distortion=0.44574135541915894, reward=0.4663, epsilon=0.1000, time=0.31877827644348145
INFO - 11/01/25 23:56:09 - 0:07:05 - Epoch 496: val_AUC=0.9697216956818504, val_AP=0.9573716728704496
INFO - 11/01/25 23:56:10 - 0:07:06 - Epoch 497: train_loss=1.043501615524292, train_AUC=0.9354503802624604, train_AP=0.8999022661164429, distortion=0.44624507427215576, reward=0.4714, epsilon=0.1000, time=0.31212830543518066
INFO - 11/01/25 23:56:10 - 0:07:06 - Epoch 497: val_AUC=0.9696032781207853, val_AP=0.9569753180838895
INFO - 11/01/25 23:56:10 - 0:07:06 - Epoch 498: train_loss=1.0480847358703613, train_AUC=0.9340651879454801, train_AP=0.8976740138499695, distortion=0.44911378622055054, reward=0.4668, epsilon=0.1000, time=0.31183290481567383
INFO - 11/01/25 23:56:10 - 0:07:06 - Epoch 498: val_AUC=0.9696568685498804, val_AP=0.9571956646157829
INFO - 11/01/25 23:56:10 - 0:07:07 - Epoch 499: train_loss=1.0450916290283203, train_AUC=0.9338302324690034, train_AP=0.895692919516696, distortion=0.44406887888908386, reward=0.4707, epsilon=0.1000, time=0.3118917942047119
INFO - 11/01/25 23:56:11 - 0:07:07 - Epoch 499: val_AUC=0.9698481806193381, val_AP=0.9568622535681901
INFO - 11/01/25 23:56:11 - 0:07:07 - Epoch 500: train_loss=1.0444350242614746, train_AUC=0.9338528250798265, train_AP=0.8962275143897288, distortion=0.4445112943649292, reward=0.4705, epsilon=0.1000, time=0.31200385093688965
INFO - 11/01/25 23:56:11 - 0:07:07 - Epoch 500: val_AUC=0.9692039429878508, val_AP=0.9562209489266675
INFO - 11/01/25 23:56:11 - 0:07:07 - Epoch 501: train_loss=1.0404433012008667, train_AUC=0.9363314771311538, train_AP=0.8997303855596033, distortion=0.446232408285141, reward=0.4718, epsilon=0.1000, time=0.3120267391204834
INFO - 11/01/25 23:56:11 - 0:07:07 - Epoch 501: val_AUC=0.9697810485226761, val_AP=0.9565755487238224
INFO - 11/01/25 23:56:12 - 0:07:08 - Epoch 502: train_loss=1.042657494544983, train_AUC=0.9345829757341304, train_AP=0.8974094656888317, distortion=0.4461017847061157, reward=0.4699, epsilon=0.1000, time=0.27117466926574707
INFO - 11/01/25 23:56:12 - 0:07:08 - Epoch 502: val_AUC=0.9689887169097108, val_AP=0.9558974025339477
INFO - 11/01/25 23:56:12 - 0:07:08 - Epoch 503: train_loss=1.0491282939910889, train_AUC=0.9329325173757842, train_AP=0.8950879353238645, distortion=0.4437949061393738, reward=0.4702, epsilon=0.1000, time=0.2715787887573242
INFO - 11/01/25 23:56:12 - 0:07:08 - Epoch 503: val_AUC=0.96899044563323, val_AP=0.9556136726745723
INFO - 11/01/25 23:56:12 - 0:07:08 - Epoch 504: train_loss=1.0501996278762817, train_AUC=0.9325192698830607, train_AP=0.8940481419306194, distortion=0.4478355944156647, reward=0.4654, epsilon=0.1000, time=0.2725026607513428
INFO - 11/01/25 23:56:13 - 0:07:09 - Epoch 504: val_AUC=0.9690051397831432, val_AP=0.9569342278312545
INFO - 11/01/25 23:56:13 - 0:07:09 - Epoch 505: train_loss=1.0547763109207153, train_AUC=0.930826893623457, train_AP=0.8901574742937719, distortion=0.44454893469810486, reward=0.4659, epsilon=0.1000, time=0.3109710216522217
INFO - 11/01/25 23:56:13 - 0:07:09 - Epoch 505: val_AUC=0.9697516602228499, val_AP=0.9565347895313181
INFO - 11/01/25 23:56:13 - 0:07:09 - Epoch 506: train_loss=1.0436493158340454, train_AUC=0.9355186042050365, train_AP=0.8997722840221838, distortion=0.4491342604160309, reward=0.4685, epsilon=0.1000, time=0.31449127197265625
INFO - 11/01/25 23:56:13 - 0:07:09 - Epoch 506: val_AUC=0.9690150799433785, val_AP=0.9562654150368171
INFO - 11/01/25 23:56:14 - 0:07:10 - Epoch 507: train_loss=1.0424931049346924, train_AUC=0.9355122380393603, train_AP=0.8975029889373521, distortion=0.4442749321460724, reward=0.4722, epsilon=0.1000, time=0.3116745948791504
INFO - 11/01/25 23:56:14 - 0:07:10 - Epoch 507: val_AUC=0.9694618109127978, val_AP=0.956444328853451
INFO - 11/01/25 23:56:14 - 0:07:10 - Epoch 508: train_loss=1.0410692691802979, train_AUC=0.9352657355386077, train_AP=0.8990553058061007, distortion=0.4463171362876892, reward=0.4708, epsilon=0.1000, time=0.32093024253845215
INFO - 11/01/25 23:56:14 - 0:07:10 - Epoch 508: val_AUC=0.9694309820100386, val_AP=0.9571196340808268
INFO - 11/01/25 23:56:15 - 0:07:11 - Epoch 509: train_loss=1.0441334247589111, train_AUC=0.9345226162890516, train_AP=0.8967707192848539, distortion=0.44491174817085266, reward=0.4707, epsilon=0.1000, time=0.31482458114624023
INFO - 11/01/25 23:56:15 - 0:07:11 - Epoch 509: val_AUC=0.969877280798578, val_AP=0.9571711532829852
INFO - 11/01/25 23:56:15 - 0:07:11 - Epoch 510: train_loss=1.042498230934143, train_AUC=0.9348749057017941, train_AP=0.8978869523576837, distortion=0.4464431703090668, reward=0.4699, epsilon=0.1000, time=0.2730112075805664
INFO - 11/01/25 23:56:15 - 0:07:11 - Epoch 510: val_AUC=0.9693661548780689, val_AP=0.9563570397358043
INFO - 11/01/25 23:56:15 - 0:07:11 - Epoch 511: train_loss=1.0420039892196655, train_AUC=0.9351413321278836, train_AP=0.8981882454606344, distortion=0.4446137249469757, reward=0.4721, epsilon=0.1000, time=0.31480836868286133
INFO - 11/01/25 23:56:15 - 0:07:12 - Epoch 511: val_AUC=0.9693189031018775, val_AP=0.9560417616271264
INFO - 11/01/25 23:56:16 - 0:07:12 - Epoch 512: train_loss=1.0439767837524414, train_AUC=0.9336062871893334, train_AP=0.8951873945772322, distortion=0.4451407790184021, reward=0.4693, epsilon=0.1000, time=0.27130675315856934
INFO - 11/01/25 23:56:16 - 0:07:12 - Epoch 512: val_AUC=0.9701051841825254, val_AP=0.9581418635005526
INFO - 11/01/25 23:56:16 - 0:07:12 - Epoch 513: train_loss=1.0478808879852295, train_AUC=0.9325723953661555, train_AP=0.8945460889750071, distortion=0.4422832727432251, reward=0.4713, epsilon=0.1000, time=0.2791931629180908
INFO - 11/01/25 23:56:16 - 0:07:12 - Epoch 513: val_AUC=0.9691203880177564, val_AP=0.9561443600513804
INFO - 11/01/25 23:56:17 - 0:07:13 - Epoch 514: train_loss=1.0415600538253784, train_AUC=0.9344505822172533, train_AP=0.8959508538513762, distortion=0.44425544142723083, reward=0.4709, epsilon=0.1000, time=0.3142585754394531
INFO - 11/01/25 23:56:17 - 0:07:13 - Epoch 514: val_AUC=0.969726305611235, val_AP=0.9571430732482344
INFO - 11/01/25 23:56:17 - 0:07:13 - Epoch 515: train_loss=1.0441521406173706, train_AUC=0.9334942921193816, train_AP=0.8971286773310831, distortion=0.4445215165615082, reward=0.4708, epsilon=0.1000, time=0.31179094314575195
INFO - 11/01/25 23:56:17 - 0:07:13 - Epoch 515: val_AUC=0.9699893597067393, val_AP=0.9581449836255034
INFO - 11/01/25 23:56:17 - 0:07:13 - Epoch 516: train_loss=1.0456151962280273, train_AUC=0.9347454694712428, train_AP=0.8980098931619143, distortion=0.4430689215660095, reward=0.4733, epsilon=0.1000, time=0.2787649631500244
INFO - 11/01/25 23:56:17 - 0:07:14 - Epoch 516: val_AUC=0.9700109687507293, val_AP=0.9572829070954979
INFO - 11/01/25 23:56:18 - 0:07:14 - Epoch 517: train_loss=1.0415958166122437, train_AUC=0.9349099804235521, train_AP=0.8975092466450292, distortion=0.44712409377098083, reward=0.4691, epsilon=0.1000, time=0.31142759323120117
INFO - 11/01/25 23:56:18 - 0:07:14 - Epoch 517: val_AUC=0.9689685484686535, val_AP=0.9577457944958054
INFO - 11/01/25 23:56:18 - 0:07:14 - Epoch 518: train_loss=1.044527530670166, train_AUC=0.9369414417351929, train_AP=0.9010500868041689, distortion=0.4449298083782196, reward=0.4741, epsilon=0.1000, time=0.3148691654205322
INFO - 11/01/25 23:56:18 - 0:07:14 - Epoch 518: val_AUC=0.9699374980011635, val_AP=0.9573896146073566
INFO - 11/01/25 23:56:19 - 0:07:15 - Epoch 519: train_loss=1.0501480102539062, train_AUC=0.9335039525215869, train_AP=0.8960961898133633, distortion=0.4511173963546753, reward=0.4637, epsilon=0.1000, time=0.3116269111633301
INFO - 11/01/25 23:56:19 - 0:07:15 - Epoch 519: val_AUC=0.9694865892832395, val_AP=0.9577143438370874
INFO - 11/01/25 23:56:19 - 0:07:15 - Epoch 520: train_loss=1.0514124631881714, train_AUC=0.9343157946592124, train_AP=0.8980040239135463, distortion=0.446230411529541, reward=0.4699, epsilon=0.1000, time=0.31647419929504395
INFO - 11/01/25 23:56:19 - 0:07:15 - Epoch 520: val_AUC=0.969943260412894, val_AP=0.958456379583637
INFO - 11/01/25 23:56:19 - 0:07:16 - Epoch 521: train_loss=1.0446528196334839, train_AUC=0.9345599350194125, train_AP=0.8975284245468804, distortion=0.44336023926734924, reward=0.4727, epsilon=0.1000, time=0.3146965503692627
INFO - 11/01/25 23:56:20 - 0:07:16 - Epoch 521: val_AUC=0.9692416867846866, val_AP=0.9564165636792352
INFO - 11/01/25 23:56:20 - 0:07:16 - Epoch 522: train_loss=1.0453813076019287, train_AUC=0.934944698755672, train_AP=0.8970072474907234, distortion=0.4499703645706177, reward=0.4660, epsilon=0.1000, time=0.32746243476867676
INFO - 11/01/25 23:56:20 - 0:07:16 - Epoch 522: val_AUC=0.9692762612550705, val_AP=0.9570469137126248
INFO - 11/01/25 23:56:20 - 0:07:16 - Epoch 523: train_loss=1.0449225902557373, train_AUC=0.9350358572437452, train_AP=0.8979487982910871, distortion=0.4447796940803528, reward=0.4717, epsilon=0.1000, time=0.3131449222564697
INFO - 11/01/25 23:56:20 - 0:07:16 - Epoch 523: val_AUC=0.9697320680229655, val_AP=0.956749019356764
INFO - 11/01/25 23:56:21 - 0:07:17 - Epoch 524: train_loss=1.043095350265503, train_AUC=0.9349925058087823, train_AP=0.8968278956420417, distortion=0.44626232981681824, reward=0.4696, epsilon=0.1000, time=0.3199958801269531
INFO - 11/01/25 23:56:21 - 0:07:17 - Epoch 524: val_AUC=0.9700222054536041, val_AP=0.9581528269099083
INFO - 11/01/25 23:56:21 - 0:07:17 - Epoch 525: train_loss=1.0450352430343628, train_AUC=0.9336482698887071, train_AP=0.8948463873915526, distortion=0.4446030557155609, reward=0.4696, epsilon=0.1000, time=0.3071022033691406
INFO - 11/01/25 23:56:21 - 0:07:17 - Epoch 525: val_AUC=0.9694315582512117, val_AP=0.9564074601235895
INFO - 11/01/25 23:56:22 - 0:07:18 - Epoch 526: train_loss=1.0472091436386108, train_AUC=0.9339072221013366, train_AP=0.8948275918705236, distortion=0.4470096528530121, reward=0.4674, epsilon=0.1000, time=0.30682969093322754
INFO - 11/01/25 23:56:22 - 0:07:18 - Epoch 526: val_AUC=0.9703374093752709, val_AP=0.9574835340902602
INFO - 11/01/25 23:56:22 - 0:07:18 - Epoch 527: train_loss=1.038038969039917, train_AUC=0.9352905751487158, train_AP=0.897834781114848, distortion=0.44604262709617615, reward=0.4705, epsilon=0.1000, time=0.3064002990722656
INFO - 11/01/25 23:56:22 - 0:07:18 - Epoch 527: val_AUC=0.9701959421672833, val_AP=0.959126669449551
INFO - 11/01/25 23:56:22 - 0:07:18 - Epoch 528: train_loss=1.0396013259887695, train_AUC=0.9357259826002263, train_AP=0.897767442468958, distortion=0.4441414177417755, reward=0.4726, epsilon=0.1000, time=0.32349419593811035
INFO - 11/01/25 23:56:23 - 0:07:19 - Epoch 528: val_AUC=0.9702256185876962, val_AP=0.9577676241437265
INFO - 11/01/25 23:56:23 - 0:07:19 - Epoch 529: train_loss=1.0464222431182861, train_AUC=0.9331942883064609, train_AP=0.8949776609889835, distortion=0.44707199931144714, reward=0.4670, epsilon=0.1000, time=0.31333017349243164
INFO - 11/01/25 23:56:23 - 0:07:19 - Epoch 529: val_AUC=0.9695800844135694, val_AP=0.9571510464500981
INFO - 11/01/25 23:56:23 - 0:07:19 - Epoch 530: train_loss=1.0398666858673096, train_AUC=0.9366515434376902, train_AP=0.9008970252703645, distortion=0.443170964717865, reward=0.4756, epsilon=0.1000, time=0.3169882297515869
INFO - 11/01/25 23:56:23 - 0:07:19 - Epoch 530: val_AUC=0.9703486460781457, val_AP=0.9581469600440847
INFO - 11/01/25 23:56:24 - 0:07:20 - Epoch 531: train_loss=1.0390710830688477, train_AUC=0.935711472806707, train_AP=0.899822704165676, distortion=0.4437185227870941, reward=0.4740, epsilon=0.1000, time=0.31313610076904297
INFO - 11/01/25 23:56:24 - 0:07:20 - Epoch 531: val_AUC=0.9707203216347732, val_AP=0.9587221101478779
INFO - 11/01/25 23:56:24 - 0:07:20 - Epoch 532: train_loss=1.0451570749282837, train_AUC=0.933120387550474, train_AP=0.8947096696097232, distortion=0.4451722800731659, reward=0.4687, epsilon=0.1000, time=0.31905245780944824
INFO - 11/01/25 23:56:24 - 0:07:20 - Epoch 532: val_AUC=0.9696606141175054, val_AP=0.9578409029257948
INFO - 11/01/25 23:56:25 - 0:07:21 - Epoch 533: train_loss=1.0418856143951416, train_AUC=0.9355815261663804, train_AP=0.8994765307690338, distortion=0.44417864084243774, reward=0.4734, epsilon=0.1000, time=0.3133876323699951
INFO - 11/01/25 23:56:25 - 0:07:21 - Epoch 533: val_AUC=0.9703688145192031, val_AP=0.9579726859200379
INFO - 11/01/25 23:56:25 - 0:07:21 - Epoch 534: train_loss=1.041963815689087, train_AUC=0.9346555979734436, train_AP=0.8967689753815149, distortion=0.4455101191997528, reward=0.4702, epsilon=0.1000, time=0.31393933296203613
INFO - 11/01/25 23:56:25 - 0:07:21 - Epoch 534: val_AUC=0.9702106363171965, val_AP=0.9591921368702643
INFO - 11/01/25 23:56:25 - 0:07:21 - Epoch 535: train_loss=1.0427781343460083, train_AUC=0.9345234626521364, train_AP=0.896981015818501, distortion=0.4416019022464752, reward=0.4742, epsilon=0.1000, time=0.32071447372436523
INFO - 11/01/25 23:56:26 - 0:07:22 - Epoch 535: val_AUC=0.9698104368225025, val_AP=0.9572816281479306
INFO - 11/01/25 23:56:26 - 0:07:22 - Epoch 536: train_loss=1.0433528423309326, train_AUC=0.9347411185269753, train_AP=0.8990265353749103, distortion=0.4451846480369568, reward=0.4717, epsilon=0.1000, time=0.3144567012786865
INFO - 11/01/25 23:56:26 - 0:07:22 - Epoch 536: val_AUC=0.9698493331016845, val_AP=0.9579544625742348
INFO - 11/01/25 23:56:26 - 0:07:22 - Epoch 537: train_loss=1.0378868579864502, train_AUC=0.9365815186059356, train_AP=0.9004194431375045, distortion=0.4437848627567291, reward=0.4747, epsilon=0.1000, time=0.31378912925720215
INFO - 11/01/25 23:56:26 - 0:07:22 - Epoch 537: val_AUC=0.9703780343779721, val_AP=0.9593620560808586
INFO - 11/01/25 23:56:27 - 0:07:23 - Epoch 538: train_loss=1.044615626335144, train_AUC=0.9334347476352236, train_AP=0.8956009028491644, distortion=0.44350457191467285, reward=0.4710, epsilon=0.1000, time=0.2733192443847656
INFO - 11/01/25 23:56:27 - 0:07:23 - Epoch 538: val_AUC=0.9694053392778372, val_AP=0.9567585459839045
INFO - 11/01/25 23:56:27 - 0:07:23 - Epoch 539: train_loss=1.0416491031646729, train_AUC=0.9352320096145571, train_AP=0.8982307838128241, distortion=0.44510337710380554, reward=0.4716, epsilon=0.1000, time=0.31319260597229004
INFO - 11/01/25 23:56:27 - 0:07:23 - Epoch 539: val_AUC=0.9701521478381305, val_AP=0.9576620733082791
INFO - 11/01/25 23:56:27 - 0:07:24 - Epoch 540: train_loss=1.0395694971084595, train_AUC=0.9351201964777769, train_AP=0.8980178982949805, distortion=0.4449904263019562, reward=0.4716, epsilon=0.1000, time=0.27587175369262695
INFO - 11/01/25 23:56:28 - 0:07:24 - Epoch 540: val_AUC=0.9711107250295251, val_AP=0.9600958460750508
INFO - 11/01/25 23:56:28 - 0:07:24 - Epoch 541: train_loss=1.0342738628387451, train_AUC=0.936434184138844, train_AP=0.8998722067951546, distortion=0.4405584931373596, reward=0.4776, epsilon=0.1000, time=0.3159060478210449
INFO - 11/01/25 23:56:28 - 0:07:24 - Epoch 541: val_AUC=0.9706295636500153, val_AP=0.9581695541193933
INFO - 11/01/25 23:56:28 - 0:07:24 - Epoch 542: train_loss=1.044618844985962, train_AUC=0.9331440283954355, train_AP=0.8951976815238526, distortion=0.4442704916000366, reward=0.4699, epsilon=0.1000, time=0.3129088878631592
INFO - 11/01/25 23:56:28 - 0:07:24 - Epoch 542: val_AUC=0.9697156451495332, val_AP=0.9579320767291141
INFO - 11/01/25 23:56:29 - 0:07:25 - Epoch 543: train_loss=1.0377094745635986, train_AUC=0.9358688998295933, train_AP=0.8988839882991633, distortion=0.4420177638530731, reward=0.4754, epsilon=0.1000, time=0.31306004524230957
INFO - 11/01/25 23:56:29 - 0:07:25 - Epoch 543: val_AUC=0.9704123207277695, val_AP=0.9573611091946095
INFO - 11/01/25 23:56:29 - 0:07:25 - Epoch 544: train_loss=1.0447559356689453, train_AUC=0.933125797694715, train_AP=0.8949515530698183, distortion=0.4455457627773285, reward=0.4685, epsilon=0.1000, time=0.31333136558532715
INFO - 11/01/25 23:56:29 - 0:07:25 - Epoch 544: val_AUC=0.9708972276749044, val_AP=0.9594294666587412
INFO - 11/01/25 23:56:30 - 0:07:26 - Epoch 545: train_loss=1.0392409563064575, train_AUC=0.9369075588003227, train_AP=0.9007487110687202, distortion=0.4470824897289276, reward=0.4717, epsilon=0.1000, time=0.3129611015319824
INFO - 11/01/25 23:56:30 - 0:07:26 - Epoch 545: val_AUC=0.9720540318298336, val_AP=0.961046869161335
INFO - 11/01/25 23:56:30 - 0:07:26 - Epoch 546: train_loss=1.0370023250579834, train_AUC=0.9348464159639652, train_AP=0.897106350149246, distortion=0.44493716955184937, reward=0.4710, epsilon=0.1000, time=0.2758021354675293
INFO - 11/01/25 23:56:30 - 0:07:26 - Epoch 546: val_AUC=0.9704705210862492, val_AP=0.9590840664583897
INFO - 11/01/25 23:56:30 - 0:07:26 - Epoch 547: train_loss=1.0387858152389526, train_AUC=0.9349507798096375, train_AP=0.8982760169207291, distortion=0.44081035256385803, reward=0.4758, epsilon=0.1000, time=0.3131692409515381
INFO - 11/01/25 23:56:30 - 0:07:27 - Epoch 547: val_AUC=0.9700662879033435, val_AP=0.9579864060132223
INFO - 11/01/25 23:56:31 - 0:07:27 - Epoch 548: train_loss=1.034220576286316, train_AUC=0.9357683251783676, train_AP=0.8976119348667686, distortion=0.4434722363948822, reward=0.4732, epsilon=0.1000, time=0.3127260208129883
INFO - 11/01/25 23:56:31 - 0:07:27 - Epoch 548: val_AUC=0.9711565362027839, val_AP=0.959542456854088
INFO - 11/01/25 23:56:31 - 0:07:27 - Epoch 549: train_loss=1.0435388088226318, train_AUC=0.9336882388620135, train_AP=0.8955593014214687, distortion=0.4445001482963562, reward=0.4701, epsilon=0.1000, time=0.31641435623168945
INFO - 11/01/25 23:56:31 - 0:07:27 - Epoch 549: val_AUC=0.9708044528460407, val_AP=0.9600537898192539
INFO - 11/01/25 23:56:32 - 0:07:28 - Epoch 550: train_loss=1.035651683807373, train_AUC=0.9361587253538272, train_AP=0.8996152891758157, distortion=0.44162607192993164, reward=0.4763, epsilon=0.1000, time=0.3153951168060303
INFO - 11/01/25 23:56:32 - 0:07:28 - Epoch 550: val_AUC=0.9699495990657978, val_AP=0.9573294775662645
INFO - 11/01/25 23:56:32 - 0:07:28 - Epoch 551: train_loss=1.044755220413208, train_AUC=0.9341583581658321, train_AP=0.8972450969093212, distortion=0.4494996666908264, reward=0.4662, epsilon=0.1000, time=0.31563496589660645
INFO - 11/01/25 23:56:32 - 0:07:28 - Epoch 551: val_AUC=0.9704872320802681, val_AP=0.9602727074313857
INFO - 11/01/25 23:56:32 - 0:07:29 - Epoch 552: train_loss=1.0508583784103394, train_AUC=0.9347567308853613, train_AP=0.8954928711461307, distortion=0.44650450348854065, reward=0.4686, epsilon=0.1000, time=0.313859224319458
INFO - 11/01/25 23:56:33 - 0:07:29 - Epoch 552: val_AUC=0.9706606806733609, val_AP=0.9590289993165088
INFO - 11/01/25 23:56:33 - 0:07:29 - Epoch 553: train_loss=1.0459752082824707, train_AUC=0.9345835215336461, train_AP=0.8966962273279865, distortion=0.45175302028656006, reward=0.4639, epsilon=0.1000, time=0.3125474452972412
INFO - 11/01/25 23:56:33 - 0:07:29 - Epoch 553: val_AUC=0.970719169152427, val_AP=0.9593585686542234
INFO - 11/01/25 23:56:33 - 0:07:29 - Epoch 554: train_loss=1.0417592525482178, train_AUC=0.9347890930582929, train_AP=0.8976353515982283, distortion=0.44765281677246094, reward=0.4686, epsilon=0.1000, time=0.31568431854248047
INFO - 11/01/25 23:56:33 - 0:07:30 - Epoch 554: val_AUC=0.9703812037044239, val_AP=0.9606789296737662
INFO - 11/01/25 23:56:34 - 0:07:30 - Epoch 555: train_loss=1.0441316366195679, train_AUC=0.9348938053184507, train_AP=0.8977750007773523, distortion=0.443127304315567, reward=0.4732, epsilon=0.1000, time=0.3135335445404053
INFO - 11/01/25 23:56:34 - 0:07:30 - Epoch 555: val_AUC=0.9713429502222708, val_AP=0.9603146214921654
INFO - 11/01/25 23:56:34 - 0:07:30 - Epoch 556: train_loss=1.0447427034378052, train_AUC=0.9338861951126861, train_AP=0.8961536763605381, distortion=0.4458257853984833, reward=0.4692, epsilon=0.1000, time=0.31424546241760254
INFO - 11/01/25 23:56:34 - 0:07:30 - Epoch 556: val_AUC=0.9703814918250105, val_AP=0.9585391698013026
INFO - 11/01/25 23:56:35 - 0:07:31 - Epoch 557: train_loss=1.0388176441192627, train_AUC=0.9364780355161944, train_AP=0.8992355044848988, distortion=0.4491630494594574, reward=0.4687, epsilon=0.1000, time=0.3129289150238037
INFO - 11/01/25 23:56:35 - 0:07:31 - Epoch 557: val_AUC=0.970087608826747, val_AP=0.9581284120520814
INFO - 11/01/25 23:56:35 - 0:07:31 - Epoch 558: train_loss=1.0429202318191528, train_AUC=0.9356567024483592, train_AP=0.8978551299564761, distortion=0.4498049318790436, reward=0.4670, epsilon=0.1000, time=0.275667667388916
INFO - 11/01/25 23:56:35 - 0:07:31 - Epoch 558: val_AUC=0.9704734022921145, val_AP=0.9585726988876903
INFO - 11/01/25 23:56:35 - 0:07:31 - Epoch 559: train_loss=1.0401513576507568, train_AUC=0.935037264359757, train_AP=0.8976279723071966, distortion=0.44524481892585754, reward=0.4711, epsilon=0.1000, time=0.31296539306640625
INFO - 11/01/25 23:56:36 - 0:07:32 - Epoch 559: val_AUC=0.9713083757518867, val_AP=0.9604394565353952
INFO - 11/01/25 23:56:36 - 0:07:32 - Epoch 560: train_loss=1.043884515762329, train_AUC=0.9338436013172337, train_AP=0.8967740306476596, distortion=0.4457535445690155, reward=0.4696, epsilon=0.1000, time=0.31390905380249023
INFO - 11/01/25 23:56:36 - 0:07:32 - Epoch 560: val_AUC=0.9716394263058128, val_AP=0.9602351313433346
INFO - 11/01/25 23:56:36 - 0:07:32 - Epoch 561: train_loss=1.0336343050003052, train_AUC=0.9362285503083162, train_AP=0.8996557034140686, distortion=0.4441300630569458, reward=0.4738, epsilon=0.1000, time=0.31314611434936523
INFO - 11/01/25 23:56:36 - 0:07:32 - Epoch 561: val_AUC=0.9703627639868858, val_AP=0.9585990407744582
INFO - 11/01/25 23:56:37 - 0:07:33 - Epoch 562: train_loss=1.0479553937911987, train_AUC=0.9342473015552314, train_AP=0.8958621114100449, distortion=0.4438247084617615, reward=0.4712, epsilon=0.1000, time=0.31291675567626953
INFO - 11/01/25 23:56:37 - 0:07:33 - Epoch 562: val_AUC=0.9712455654640226, val_AP=0.9589073900611099
INFO - 11/01/25 23:56:37 - 0:07:33 - Epoch 563: train_loss=1.0420047044754028, train_AUC=0.9338550297111124, train_AP=0.8959406316419543, distortion=0.44551628828048706, reward=0.4694, epsilon=0.1000, time=0.3128964900970459
INFO - 11/01/25 23:56:37 - 0:07:33 - Epoch 563: val_AUC=0.9709418863658169, val_AP=0.9604610775258121
INFO - 11/01/25 23:56:38 - 0:07:34 - Epoch 564: train_loss=1.0456581115722656, train_AUC=0.9347045200525964, train_AP=0.8973830688151762, distortion=0.4446651339530945, reward=0.4714, epsilon=0.1000, time=0.312852144241333
INFO - 11/01/25 23:56:38 - 0:07:34 - Epoch 564: val_AUC=0.9717880965284638, val_AP=0.960359842394095
INFO - 11/01/25 23:56:38 - 0:07:34 - Epoch 565: train_loss=1.046588659286499, train_AUC=0.9326519320628958, train_AP=0.8944905614479652, distortion=0.4437497854232788, reward=0.4698, epsilon=0.1000, time=0.3157505989074707
INFO - 11/01/25 23:56:38 - 0:07:34 - Epoch 565: val_AUC=0.9710804723679392, val_AP=0.9580992496972682
INFO - 11/01/25 23:56:38 - 0:07:34 - Epoch 566: train_loss=1.0393445491790771, train_AUC=0.9357690329731734, train_AP=0.8987130399819623, distortion=0.4512922167778015, reward=0.4659, epsilon=0.1000, time=0.313030481338501
INFO - 11/01/25 23:56:38 - 0:07:35 - Epoch 566: val_AUC=0.9697968951549354, val_AP=0.9587935565700808
INFO - 11/01/25 23:56:39 - 0:07:35 - Epoch 567: train_loss=1.0481538772583008, train_AUC=0.9361782101473165, train_AP=0.8997682625733787, distortion=0.45043250918388367, reward=0.4675, epsilon=0.1000, time=0.2750880718231201
INFO - 11/01/25 23:56:39 - 0:07:35 - Epoch 567: val_AUC=0.9706240893588712, val_AP=0.9596071379528188
INFO - 11/01/25 23:56:39 - 0:07:35 - Epoch 568: train_loss=1.0377395153045654, train_AUC=0.9355030217534732, train_AP=0.8983719101288117, distortion=0.4430326819419861, reward=0.4739, epsilon=0.1000, time=0.3127584457397461
INFO - 11/01/25 23:56:39 - 0:07:35 - Epoch 568: val_AUC=0.9706508845734187, val_AP=0.9586579767101376
INFO - 11/01/25 23:56:40 - 0:07:36 - Epoch 569: train_loss=1.0478503704071045, train_AUC=0.9343894197739829, train_AP=0.8967867958178926, distortion=0.4503142237663269, reward=0.4653, epsilon=0.1000, time=0.3130652904510498
INFO - 11/01/25 23:56:40 - 0:07:36 - Epoch 569: val_AUC=0.9695361460241231, val_AP=0.9585852682216792
INFO - 11/01/25 23:56:40 - 0:07:36 - Epoch 570: train_loss=1.0481555461883545, train_AUC=0.9349707680346435, train_AP=0.8978701071452151, distortion=0.4472482204437256, reward=0.4692, epsilon=0.1000, time=0.3161797523498535
INFO - 11/01/25 23:56:40 - 0:07:36 - Epoch 570: val_AUC=0.970521806550652, val_AP=0.9595744458014
INFO - 11/01/25 23:56:40 - 0:07:36 - Epoch 571: train_loss=1.0518763065338135, train_AUC=0.9335637198115746, train_AP=0.8958809280271147, distortion=0.4525777995586395, reward=0.4621, epsilon=0.1000, time=0.3128538131713867
INFO - 11/01/25 23:56:41 - 0:07:37 - Epoch 571: val_AUC=0.971614647935371, val_AP=0.9597662102838378
INFO - 11/01/25 23:56:41 - 0:07:37 - Epoch 572: train_loss=1.0498526096343994, train_AUC=0.9336742504441045, train_AP=0.8961141071139666, distortion=0.456600159406662, reward=0.4583, epsilon=0.1000, time=0.2747657299041748
INFO - 11/01/25 23:56:41 - 0:07:37 - Epoch 572: val_AUC=0.9714616559039221, val_AP=0.9599349216107681
INFO - 11/01/25 23:56:41 - 0:07:37 - Epoch 573: train_loss=1.0440078973770142, train_AUC=0.9350487131899649, train_AP=0.8967468926991877, distortion=0.4478888511657715, reward=0.4680, epsilon=0.1000, time=0.31356239318847656
INFO - 11/01/25 23:56:41 - 0:07:37 - Epoch 573: val_AUC=0.9715443465122571, val_AP=0.9609082696081865
INFO - 11/01/25 23:56:42 - 0:07:38 - Epoch 574: train_loss=1.0424447059631348, train_AUC=0.9352625389976994, train_AP=0.8972860857467375, distortion=0.44545167684555054, reward=0.4708, epsilon=0.1000, time=0.31278204917907715
INFO - 11/01/25 23:56:42 - 0:07:38 - Epoch 574: val_AUC=0.9699086859425101, val_AP=0.9583819259495114
INFO - 11/01/25 23:56:42 - 0:07:38 - Epoch 575: train_loss=1.0451197624206543, train_AUC=0.9360100675098275, train_AP=0.8999127792007429, distortion=0.4545751214027405, reward=0.4634, epsilon=0.1000, time=0.3238065242767334
INFO - 11/01/25 23:56:42 - 0:07:38 - Epoch 575: val_AUC=0.9706889164908411, val_AP=0.9598992325816449
INFO - 11/01/25 23:56:43 - 0:07:39 - Epoch 576: train_loss=1.0476820468902588, train_AUC=0.9331717495279188, train_AP=0.8942074692103443, distortion=0.44580376148223877, reward=0.4679, epsilon=0.1000, time=0.314866304397583
INFO - 11/01/25 23:56:43 - 0:07:39 - Epoch 576: val_AUC=0.9710093065830656, val_AP=0.9594931254458375
INFO - 11/01/25 23:56:43 - 0:07:39 - Epoch 577: train_loss=1.039960265159607, train_AUC=0.936297823980372, train_AP=0.9006465349292251, distortion=0.44469109177589417, reward=0.4738, epsilon=0.1000, time=0.3127889633178711
INFO - 11/01/25 23:56:43 - 0:07:39 - Epoch 577: val_AUC=0.9713029014607424, val_AP=0.9591903431763414
INFO - 11/01/25 23:56:43 - 0:07:39 - Epoch 578: train_loss=1.0451457500457764, train_AUC=0.9348428705101246, train_AP=0.8972071447149517, distortion=0.45017939805984497, reward=0.4658, epsilon=0.1000, time=0.31558823585510254
INFO - 11/01/25 23:56:43 - 0:07:40 - Epoch 578: val_AUC=0.971191254733461, val_AP=0.9590866104640395
INFO - 11/01/25 23:56:44 - 0:07:40 - Epoch 579: train_loss=1.0429584980010986, train_AUC=0.9343887623223288, train_AP=0.8955726809383846, distortion=0.44939637184143066, reward=0.4656, epsilon=0.1000, time=0.3132481575012207
INFO - 11/01/25 23:56:44 - 0:07:40 - Epoch 579: val_AUC=0.9710868110208429, val_AP=0.9593062099384058
INFO - 11/01/25 23:56:44 - 0:07:40 - Epoch 580: train_loss=1.041529655456543, train_AUC=0.934761350991034, train_AP=0.8960740530134697, distortion=0.44429993629455566, reward=0.4711, epsilon=0.1000, time=0.3167576789855957
INFO - 11/01/25 23:56:44 - 0:07:40 - Epoch 580: val_AUC=0.9710703881474106, val_AP=0.9590861810903524
INFO - 11/01/25 23:56:45 - 0:07:41 - Epoch 581: train_loss=1.0467872619628906, train_AUC=0.9327599639803822, train_AP=0.8948577021068924, distortion=0.4448567032814026, reward=0.4690, epsilon=0.1000, time=0.31351661682128906
INFO - 11/01/25 23:56:45 - 0:07:41 - Epoch 581: val_AUC=0.9715420415475648, val_AP=0.9602750384357165
INFO - 11/01/25 23:56:45 - 0:07:41 - Epoch 582: train_loss=1.0331628322601318, train_AUC=0.9373484760854838, train_AP=0.900501010048665, distortion=0.446091890335083, reward=0.4728, epsilon=0.1000, time=0.3160216808319092
INFO - 11/01/25 23:56:45 - 0:07:41 - Epoch 582: val_AUC=0.9702754634491664, val_AP=0.958594124980363
INFO - 11/01/25 23:56:45 - 0:07:42 - Epoch 583: train_loss=1.042711853981018, train_AUC=0.9347244424825922, train_AP=0.8973301716650501, distortion=0.44468793272972107, reward=0.4713, epsilon=0.1000, time=0.31576013565063477
INFO - 11/01/25 23:56:46 - 0:07:42 - Epoch 583: val_AUC=0.9697937258284834, val_AP=0.9571282164726425
INFO - 11/01/25 23:56:46 - 0:07:42 - Epoch 584: train_loss=1.0383524894714355, train_AUC=0.9360077078615101, train_AP=0.8992387438560788, distortion=0.4429372549057007, reward=0.4747, epsilon=0.1000, time=0.3212704658508301
INFO - 11/01/25 23:56:46 - 0:07:42 - Epoch 584: val_AUC=0.9705042311948736, val_AP=0.9581660525489905
INFO - 11/01/25 23:56:46 - 0:07:42 - Epoch 585: train_loss=1.0334062576293945, train_AUC=0.9366622266532348, train_AP=0.9016829919313747, distortion=0.44378700852394104, reward=0.4754, epsilon=0.1000, time=0.3183462619781494
INFO - 11/01/25 23:56:46 - 0:07:42 - Epoch 585: val_AUC=0.9714639608686145, val_AP=0.9603369781630655
INFO - 11/01/25 23:56:47 - 0:07:43 - Epoch 586: train_loss=1.040320873260498, train_AUC=0.9340996032217957, train_AP=0.8954717121683826, distortion=0.4467415511608124, reward=0.4680, epsilon=0.1000, time=0.31643033027648926
INFO - 11/01/25 23:56:47 - 0:07:43 - Epoch 586: val_AUC=0.9709129302468703, val_AP=0.9595230191277347
INFO - 11/01/25 23:56:47 - 0:07:43 - Epoch 587: train_loss=1.0381603240966797, train_AUC=0.934533759072773, train_AP=0.8968041119811845, distortion=0.4408358037471771, reward=0.4748, epsilon=0.1000, time=0.32439422607421875
INFO - 11/01/25 23:56:47 - 0:07:43 - Epoch 587: val_AUC=0.9701072010266314, val_AP=0.9581643993092557
INFO - 11/01/25 23:56:48 - 0:07:44 - Epoch 588: train_loss=1.0369606018066406, train_AUC=0.9371808229229944, train_AP=0.8995177133308214, distortion=0.44137099385261536, reward=0.4770, epsilon=0.1000, time=0.3193521499633789
INFO - 11/01/25 23:56:48 - 0:07:44 - Epoch 588: val_AUC=0.9708372985929056, val_AP=0.9597777590727113
INFO - 11/01/25 23:56:48 - 0:07:44 - Epoch 589: train_loss=1.0379278659820557, train_AUC=0.9346832019708708, train_AP=0.8967300948670565, distortion=0.44254347681999207, reward=0.4732, epsilon=0.1000, time=0.2813527584075928
INFO - 11/01/25 23:56:48 - 0:07:44 - Epoch 589: val_AUC=0.9715541426121991, val_AP=0.960698894434909
INFO - 11/01/25 23:56:48 - 0:07:44 - Epoch 590: train_loss=1.0357929468154907, train_AUC=0.9352066376630034, train_AP=0.898605863493322, distortion=0.4454522430896759, reward=0.4715, epsilon=0.1000, time=0.31615400314331055
INFO - 11/01/25 23:56:49 - 0:07:45 - Epoch 590: val_AUC=0.9713060707871943, val_AP=0.9602560647505656
INFO - 11/01/25 23:56:49 - 0:07:45 - Epoch 591: train_loss=1.0328965187072754, train_AUC=0.9362994613789193, train_AP=0.8995874097468193, distortion=0.4420294761657715, reward=0.4759, epsilon=0.1000, time=0.31301093101501465
INFO - 11/01/25 23:56:49 - 0:07:45 - Epoch 591: val_AUC=0.9710833535738046, val_AP=0.9594665017242695
INFO - 11/01/25 23:56:49 - 0:07:45 - Epoch 592: train_loss=1.0321922302246094, train_AUC=0.9363805537288911, train_AP=0.8989285656687948, distortion=0.44224387407302856, reward=0.4754, epsilon=0.1000, time=0.32271647453308105
INFO - 11/01/25 23:56:49 - 0:07:45 - Epoch 592: val_AUC=0.9711294528676497, val_AP=0.9595358122092306
INFO - 11/01/25 23:56:50 - 0:07:46 - Epoch 593: train_loss=1.0369820594787598, train_AUC=0.9346066175759861, train_AP=0.8961616757761339, distortion=0.442507803440094, reward=0.4729, epsilon=0.1000, time=0.3163111209869385
INFO - 11/01/25 23:56:50 - 0:07:46 - Epoch 593: val_AUC=0.9716757294997159, val_AP=0.9604973684687033
INFO - 11/01/25 23:56:50 - 0:07:46 - Epoch 594: train_loss=1.028662085533142, train_AUC=0.9373794874669199, train_AP=0.9011387438656846, distortion=0.44120359420776367, reward=0.4781, epsilon=0.1000, time=0.31716322898864746
INFO - 11/01/25 23:56:50 - 0:07:46 - Epoch 594: val_AUC=0.9709217179247596, val_AP=0.9597705757904562
INFO - 11/01/25 23:56:51 - 0:07:47 - Epoch 595: train_loss=1.0415080785751343, train_AUC=0.9330757092494738, train_AP=0.8943269995805665, distortion=0.43945416808128357, reward=0.4742, epsilon=0.1000, time=0.33785462379455566
INFO - 11/01/25 23:56:51 - 0:07:47 - Epoch 595: val_AUC=0.9707589297933684, val_AP=0.9590349352859695
INFO - 11/01/25 23:56:51 - 0:07:47 - Epoch 596: train_loss=1.0309348106384277, train_AUC=0.9366753278354013, train_AP=0.8999648995770437, distortion=0.44281360507011414, reward=0.4755, epsilon=0.1000, time=0.33353519439697266
INFO - 11/01/25 23:56:51 - 0:07:47 - Epoch 596: val_AUC=0.9712167534053693, val_AP=0.9606710345059777
INFO - 11/01/25 23:56:51 - 0:07:48 - Epoch 597: train_loss=1.0363526344299316, train_AUC=0.9348112874099261, train_AP=0.8969027889291094, distortion=0.4414314925670624, reward=0.4744, epsilon=0.1000, time=0.3357968330383301
INFO - 11/01/25 23:56:52 - 0:07:48 - Epoch 597: val_AUC=0.9716425956322647, val_AP=0.9601410779532196
INFO - 11/01/25 23:56:52 - 0:07:48 - Epoch 598: train_loss=1.0352445840835571, train_AUC=0.9353333105031294, train_AP=0.8988698217835831, distortion=0.4408830404281616, reward=0.4762, epsilon=0.1000, time=0.3246297836303711
INFO - 11/01/25 23:56:52 - 0:07:48 - Epoch 598: val_AUC=0.9706165982236212, val_AP=0.958313346192266
INFO - 11/01/25 23:56:52 - 0:07:48 - Epoch 599: train_loss=1.0409698486328125, train_AUC=0.9351878576736378, train_AP=0.8971895634956465, distortion=0.4443740248680115, reward=0.4718, epsilon=0.1000, time=0.3145871162414551
INFO - 11/01/25 23:56:52 - 0:07:48 - Epoch 599: val_AUC=0.9718215185165017, val_AP=0.9604280692181884
INFO - 11/01/25 23:56:53 - 0:07:49 - Epoch 600: train_loss=1.0369620323181152, train_AUC=0.9345493868830174, train_AP=0.8969659317363703, distortion=0.4403795897960663, reward=0.4754, epsilon=0.1000, time=0.3118560314178467
INFO - 11/01/25 23:56:53 - 0:07:49 - Epoch 600: val_AUC=0.9723070017048095, val_AP=0.9606142012838522
INFO - 11/01/25 23:56:53 - 0:07:49 - Epoch 601: train_loss=1.037387490272522, train_AUC=0.9341250833363585, train_AP=0.8958620484228984, distortion=0.4412948489189148, reward=0.4737, epsilon=0.1000, time=0.277346134185791
INFO - 11/01/25 23:56:53 - 0:07:49 - Epoch 601: val_AUC=0.970793216143166, val_AP=0.9591886729450263
INFO - 11/01/25 23:56:54 - 0:07:50 - Epoch 602: train_loss=1.0378694534301758, train_AUC=0.9380962912046633, train_AP=0.9029699537087228, distortion=0.4464360773563385, reward=0.4741, epsilon=0.1000, time=0.31432223320007324
INFO - 11/01/25 23:56:54 - 0:07:50 - Epoch 602: val_AUC=0.9712121434759846, val_AP=0.9588460244530439
INFO - 11/01/25 23:56:54 - 0:07:50 - Epoch 603: train_loss=1.0305886268615723, train_AUC=0.9360930400020583, train_AP=0.898082112245022, distortion=0.4422157108783722, reward=0.4749, epsilon=0.1000, time=0.31408166885375977
INFO - 11/01/25 23:56:54 - 0:07:50 - Epoch 603: val_AUC=0.9718137392606653, val_AP=0.9600760058334296
INFO - 11/01/25 23:56:54 - 0:07:50 - Epoch 604: train_loss=1.0391621589660645, train_AUC=0.9359495141688478, train_AP=0.8995577974778309, distortion=0.44648873805999756, reward=0.4713, epsilon=0.1000, time=0.33066868782043457
INFO - 11/01/25 23:56:55 - 0:07:51 - Epoch 604: val_AUC=0.9700913543943719, val_AP=0.9587116120276095
INFO - 11/01/25 23:56:55 - 0:07:51 - Epoch 605: train_loss=1.0510015487670898, train_AUC=0.9351538745509111, train_AP=0.8976274474787329, distortion=0.445719838142395, reward=0.4707, epsilon=0.1000, time=0.3360867500305176
INFO - 11/01/25 23:56:55 - 0:07:51 - Epoch 605: val_AUC=0.9710669307003722, val_AP=0.9584648215373692
INFO - 11/01/25 23:56:55 - 0:07:51 - Epoch 606: train_loss=1.0399137735366821, train_AUC=0.9368082796129703, train_AP=0.9008669409854904, distortion=0.44818568229675293, reward=0.4707, epsilon=0.1000, time=0.32356786727905273
INFO - 11/01/25 23:56:55 - 0:07:51 - Epoch 606: val_AUC=0.9724795859361427, val_AP=0.962082946025157
INFO - 11/01/25 23:56:56 - 0:07:52 - Epoch 607: train_loss=1.043445348739624, train_AUC=0.9341820438710281, train_AP=0.8961410462619617, distortion=0.4466288089752197, reward=0.4685, epsilon=0.1000, time=0.31188225746154785
INFO - 11/01/25 23:56:56 - 0:07:52 - Epoch 607: val_AUC=0.9714120991630385, val_AP=0.9600828177813462
INFO - 11/01/25 23:56:56 - 0:07:52 - Epoch 608: train_loss=1.0363433361053467, train_AUC=0.9359370953606878, train_AP=0.8996442810895661, distortion=0.4461551606655121, reward=0.4716, epsilon=0.1000, time=0.3152482509613037
INFO - 11/01/25 23:56:56 - 0:07:52 - Epoch 608: val_AUC=0.970037763965277, val_AP=0.957734619607554
INFO - 11/01/25 23:56:57 - 0:07:53 - Epoch 609: train_loss=1.0408645868301392, train_AUC=0.9367520572783764, train_AP=0.8999216202119342, distortion=0.4501398503780365, reward=0.4682, epsilon=0.1000, time=0.3180227279663086
INFO - 11/01/25 23:56:57 - 0:07:53 - Epoch 609: val_AUC=0.9717149138994845, val_AP=0.9605420843090241
INFO - 11/01/25 23:56:57 - 0:07:53 - Epoch 610: train_loss=1.0382922887802124, train_AUC=0.9353510288002863, train_AP=0.8978645506351826, distortion=0.4432262182235718, reward=0.4734, epsilon=0.1000, time=0.3225574493408203
INFO - 11/01/25 23:56:57 - 0:07:53 - Epoch 610: val_AUC=0.9722725712947188, val_AP=0.9618353654695898
INFO - 11/01/25 23:56:57 - 0:07:53 - Epoch 611: train_loss=1.036268949508667, train_AUC=0.935854305300076, train_AP=0.8984138218565034, distortion=0.4437486529350281, reward=0.4734, epsilon=0.1000, time=0.27245116233825684
INFO - 11/01/25 23:56:57 - 0:07:54 - Epoch 611: val_AUC=0.9710424404505168, val_AP=0.9593580336624764
INFO - 11/01/25 23:56:58 - 0:07:54 - Epoch 612: train_loss=1.0340471267700195, train_AUC=0.9365498497728453, train_AP=0.8993409395760079, distortion=0.4449690580368042, reward=0.4730, epsilon=0.1000, time=0.30891847610473633
INFO - 11/01/25 23:56:58 - 0:07:54 - Epoch 612: val_AUC=0.9704967400596237, val_AP=0.9587491101185914
INFO - 11/01/25 23:56:58 - 0:07:54 - Epoch 613: train_loss=1.035923719406128, train_AUC=0.9361808324772272, train_AP=0.8998342683400994, distortion=0.4433223307132721, reward=0.4747, epsilon=0.1000, time=0.3102259635925293
INFO - 11/01/25 23:56:58 - 0:07:54 - Epoch 613: val_AUC=0.9715792091032275, val_AP=0.9609269443191404
INFO - 11/01/25 23:56:59 - 0:07:55 - Epoch 614: train_loss=1.0330555438995361, train_AUC=0.9361594800026554, train_AP=0.8987040777222024, distortion=0.44144320487976074, reward=0.4760, epsilon=0.1000, time=0.30822253227233887
INFO - 11/01/25 23:56:59 - 0:07:55 - Epoch 614: val_AUC=0.9721589077233316, val_AP=0.9616051301318517
INFO - 11/01/25 23:56:59 - 0:07:55 - Epoch 615: train_loss=1.0301766395568848, train_AUC=0.9369225785051707, train_AP=0.8996387239811792, distortion=0.445588082075119, reward=0.4727, epsilon=0.1000, time=0.3088696002960205
INFO - 11/01/25 23:56:59 - 0:07:55 - Epoch 615: val_AUC=0.9710407117269976, val_AP=0.9594874382972665
INFO - 11/01/25 23:56:59 - 0:07:56 - Epoch 616: train_loss=1.0379382371902466, train_AUC=0.9355846898097836, train_AP=0.8972380251998163, distortion=0.44855865836143494, reward=0.4679, epsilon=0.1000, time=0.30881357192993164
INFO - 11/01/25 23:57:00 - 0:07:56 - Epoch 616: val_AUC=0.9709271922159037, val_AP=0.9583015596669173
INFO - 11/01/25 23:57:00 - 0:07:56 - Epoch 617: train_loss=1.0361502170562744, train_AUC=0.9364707875976933, train_AP=0.8996921600581554, distortion=0.4468288719654083, reward=0.4713, epsilon=0.1000, time=0.310321569442749
INFO - 11/01/25 23:57:00 - 0:07:56 - Epoch 617: val_AUC=0.9718356364252418, val_AP=0.9598248426852909
INFO - 11/01/25 23:57:00 - 0:07:56 - Epoch 618: train_loss=1.0374757051467896, train_AUC=0.9346654896550785, train_AP=0.8971334092973156, distortion=0.4429817199707031, reward=0.4729, epsilon=0.1000, time=0.30899977684020996
INFO - 11/01/25 23:57:00 - 0:07:56 - Epoch 618: val_AUC=0.972100707364852, val_AP=0.960983477512572
INFO - 11/01/25 23:57:01 - 0:07:57 - Epoch 619: train_loss=1.0371901988983154, train_AUC=0.9352886471555405, train_AP=0.8978636215721028, distortion=0.44000157713890076, reward=0.4766, epsilon=0.1000, time=0.2644948959350586
INFO - 11/01/25 23:57:01 - 0:07:57 - Epoch 619: val_AUC=0.9719759511508833, val_AP=0.9608178989124319
INFO - 11/01/25 23:57:01 - 0:07:57 - Epoch 620: train_loss=1.0407960414886475, train_AUC=0.9347945181559457, train_AP=0.8974623438648032, distortion=0.44470709562301636, reward=0.4714, epsilon=0.1000, time=0.3095383644104004
INFO - 11/01/25 23:57:01 - 0:07:57 - Epoch 620: val_AUC=0.9720544640107135, val_AP=0.9615653162251373
INFO - 11/01/25 23:57:02 - 0:07:58 - Epoch 621: train_loss=1.0342011451721191, train_AUC=0.9365570109615604, train_AP=0.9004451028208602, distortion=0.4415399432182312, reward=0.4770, epsilon=0.1000, time=0.3097364902496338
INFO - 11/01/25 23:57:02 - 0:07:58 - Epoch 621: val_AUC=0.9717454546816571, val_AP=0.9608750676374127
INFO - 11/01/25 23:57:02 - 0:07:58 - Epoch 622: train_loss=1.0344128608703613, train_AUC=0.9351211300690949, train_AP=0.896879588446866, distortion=0.4422414004802704, reward=0.4738, epsilon=0.1000, time=0.3089122772216797
INFO - 11/01/25 23:57:02 - 0:07:58 - Epoch 622: val_AUC=0.9714993997007579, val_AP=0.9604775833375965
INFO - 11/01/25 23:57:02 - 0:07:58 - Epoch 623: train_loss=1.037097454071045, train_AUC=0.9357135508324432, train_AP=0.8992387525726265, distortion=0.4440717101097107, reward=0.4734, epsilon=0.1000, time=0.30942821502685547
INFO - 11/01/25 23:57:02 - 0:07:59 - Epoch 623: val_AUC=0.9717585641683442, val_AP=0.9609262551541923
INFO - 11/01/25 23:57:03 - 0:07:59 - Epoch 624: train_loss=1.0346969366073608, train_AUC=0.936555652194912, train_AP=0.9001244283531733, distortion=0.4435766041278839, reward=0.4748, epsilon=0.1000, time=0.3083457946777344
INFO - 11/01/25 23:57:03 - 0:07:59 - Epoch 624: val_AUC=0.9720572011562855, val_AP=0.9612034822743366
INFO - 11/01/25 23:57:03 - 0:07:59 - Epoch 625: train_loss=1.0360207557678223, train_AUC=0.9356693615079955, train_AP=0.8987972387831744, distortion=0.44312602281570435, reward=0.4741, epsilon=0.1000, time=0.31594419479370117
INFO - 11/01/25 23:57:03 - 0:07:59 - Epoch 625: val_AUC=0.9717765717050026, val_AP=0.9605032704626792
INFO - 11/01/25 23:57:04 - 0:08:00 - Epoch 626: train_loss=1.0368908643722534, train_AUC=0.9359632090014464, train_AP=0.8996900342432588, distortion=0.44480815529823303, reward=0.4730, epsilon=0.1000, time=0.30870842933654785
INFO - 11/01/25 23:57:04 - 0:08:00 - Epoch 626: val_AUC=0.9722101931877345, val_AP=0.9616589213073503
INFO - 11/01/25 23:57:04 - 0:08:00 - Epoch 627: train_loss=1.037684440612793, train_AUC=0.934755125885872, train_AP=0.895479948218835, distortion=0.4430913031101227, reward=0.4720, epsilon=0.1000, time=0.3171205520629883
INFO - 11/01/25 23:57:04 - 0:08:00 - Epoch 627: val_AUC=0.9726360354146301, val_AP=0.9617969178027864
INFO - 11/01/25 23:57:04 - 0:08:00 - Epoch 628: train_loss=1.0376501083374023, train_AUC=0.9350122846860287, train_AP=0.8979183099030981, distortion=0.4447411894798279, reward=0.4717, epsilon=0.1000, time=0.3092041015625
INFO - 11/01/25 23:57:05 - 0:08:01 - Epoch 628: val_AUC=0.9722874095049252, val_AP=0.9615598657245062
INFO - 11/01/25 23:57:05 - 0:08:01 - Epoch 629: train_loss=1.0343596935272217, train_AUC=0.9349988968968106, train_AP=0.8978779262903247, distortion=0.44191956520080566, reward=0.4745, epsilon=0.1000, time=0.30785560607910156
INFO - 11/01/25 23:57:05 - 0:08:01 - Epoch 629: val_AUC=0.9721465185381106, val_AP=0.9613428235699091
INFO - 11/01/25 23:57:05 - 0:08:01 - Epoch 630: train_loss=1.0403554439544678, train_AUC=0.9338692942686853, train_AP=0.8953618894402273, distortion=0.4402838349342346, reward=0.4743, epsilon=0.1000, time=0.30613255500793457
INFO - 11/01/25 23:57:05 - 0:08:01 - Epoch 630: val_AUC=0.9722029901730712, val_AP=0.9609990661788619
INFO - 11/01/25 23:57:06 - 0:08:02 - Epoch 631: train_loss=1.0344340801239014, train_AUC=0.9361232020297274, train_AP=0.8997047956337728, distortion=0.4430601894855499, reward=0.4749, epsilon=0.1000, time=0.3048098087310791
INFO - 11/01/25 23:57:06 - 0:08:02 - Epoch 631: val_AUC=0.9718563811074721, val_AP=0.9615344964927741
INFO - 11/01/25 23:57:06 - 0:08:02 - Epoch 632: train_loss=1.0314465761184692, train_AUC=0.9364722246205279, train_AP=0.8994280938836071, distortion=0.4417227804660797, reward=0.4762, epsilon=0.1000, time=0.30895328521728516
INFO - 11/01/25 23:57:06 - 0:08:02 - Epoch 632: val_AUC=0.972135858076409, val_AP=0.9606613165701026
INFO - 11/01/25 23:57:07 - 0:08:03 - Epoch 633: train_loss=1.0340088605880737, train_AUC=0.93653209409216, train_AP=0.8999316866988707, distortion=0.445233553647995, reward=0.4730, epsilon=0.1000, time=0.30852746963500977
INFO - 11/01/25 23:57:07 - 0:08:03 - Epoch 633: val_AUC=0.9729304946540664, val_AP=0.9627832787903118
INFO - 11/01/25 23:57:07 - 0:08:03 - Epoch 634: train_loss=1.0337742567062378, train_AUC=0.9359981601083369, train_AP=0.8993849243795043, distortion=0.44028440117836, reward=0.4774, epsilon=0.1000, time=0.30838727951049805
INFO - 11/01/25 23:57:07 - 0:08:03 - Epoch 634: val_AUC=0.9730212526388246, val_AP=0.9624264877286067
INFO - 11/01/25 23:57:07 - 0:08:03 - Epoch 635: train_loss=1.0358693599700928, train_AUC=0.9351960147595514, train_AP=0.8975703317303156, distortion=0.4419833719730377, reward=0.4744, epsilon=0.1000, time=0.3095076084136963
INFO - 11/01/25 23:57:07 - 0:08:04 - Epoch 635: val_AUC=0.9724602818568451, val_AP=0.9616450366827048
INFO - 11/01/25 23:57:08 - 0:08:04 - Epoch 636: train_loss=1.0361933708190918, train_AUC=0.9348847500309596, train_AP=0.8980261677769583, distortion=0.44210973381996155, reward=0.4743, epsilon=0.1000, time=0.30565834045410156
INFO - 11/01/25 23:57:08 - 0:08:04 - Epoch 636: val_AUC=0.971824399722367, val_AP=0.9613515766399509
INFO - 11/01/25 23:57:08 - 0:08:04 - Epoch 637: train_loss=1.0346922874450684, train_AUC=0.9350140437056553, train_AP=0.8965030888306986, distortion=0.44006019830703735, reward=0.4757, epsilon=0.1000, time=0.310683012008667
INFO - 11/01/25 23:57:08 - 0:08:04 - Epoch 637: val_AUC=0.971799045110752, val_AP=0.9606383552047728
INFO - 11/01/25 23:57:09 - 0:08:05 - Epoch 638: train_loss=1.035970687866211, train_AUC=0.9360668107215848, train_AP=0.8997799837155462, distortion=0.44309017062187195, reward=0.4748, epsilon=0.1000, time=0.3089323043823242
INFO - 11/01/25 23:57:09 - 0:08:05 - Epoch 638: val_AUC=0.9722150912377056, val_AP=0.9620547460924781
INFO - 11/01/25 23:57:09 - 0:08:05 - Epoch 639: train_loss=1.033724069595337, train_AUC=0.935643832047175, train_AP=0.8967363826068498, distortion=0.4404359459877014, reward=0.4758, epsilon=0.1000, time=0.31670451164245605
INFO - 11/01/25 23:57:09 - 0:08:05 - Epoch 639: val_AUC=0.9727691471256082, val_AP=0.9621285397766057
INFO - 11/01/25 23:57:09 - 0:08:05 - Epoch 640: train_loss=1.0347416400909424, train_AUC=0.9346230698176452, train_AP=0.895945088438604, distortion=0.4419379234313965, reward=0.4733, epsilon=0.1000, time=0.30954647064208984
INFO - 11/01/25 23:57:10 - 0:08:06 - Epoch 640: val_AUC=0.9723222720958957, val_AP=0.9620088283048748
INFO - 11/01/25 23:57:10 - 0:08:06 - Epoch 641: train_loss=1.0373402833938599, train_AUC=0.9342604545758906, train_AP=0.8958204873804937, distortion=0.43901097774505615, reward=0.4760, epsilon=0.1000, time=0.30870962142944336
INFO - 11/01/25 23:57:10 - 0:08:06 - Epoch 641: val_AUC=0.9715839630929054, val_AP=0.9602892714066282
INFO - 11/01/25 23:57:10 - 0:08:06 - Epoch 642: train_loss=1.0295008420944214, train_AUC=0.9377144269348726, train_AP=0.9013630073495321, distortion=0.4413072168827057, reward=0.4782, epsilon=0.1000, time=0.3096652030944824
INFO - 11/01/25 23:57:10 - 0:08:06 - Epoch 642: val_AUC=0.9726020371854192, val_AP=0.9621257325653901
INFO - 11/01/25 23:57:11 - 0:08:07 - Epoch 643: train_loss=1.0301873683929443, train_AUC=0.9365114843036872, train_AP=0.9007520897293139, distortion=0.4389481842517853, reward=0.4797, epsilon=0.1000, time=0.3089933395385742
INFO - 11/01/25 23:57:11 - 0:08:07 - Epoch 643: val_AUC=0.9727469618404452, val_AP=0.9619893944131191
INFO - 11/01/25 23:57:11 - 0:08:07 - Epoch 644: train_loss=1.033139944076538, train_AUC=0.9346674804525817, train_AP=0.8976608245908094, distortion=0.44006967544555664, reward=0.4761, epsilon=0.1000, time=0.3088552951812744
INFO - 11/01/25 23:57:11 - 0:08:07 - Epoch 644: val_AUC=0.9717463190434167, val_AP=0.9611894045499926
INFO - 11/01/25 23:57:11 - 0:08:08 - Epoch 645: train_loss=1.0345368385314941, train_AUC=0.9361537792637863, train_AP=0.9002034564993657, distortion=0.43917617201805115, reward=0.4790, epsilon=0.1000, time=0.26923441886901855
INFO - 11/01/25 23:57:12 - 0:08:08 - Epoch 645: val_AUC=0.9725245327476417, val_AP=0.9615920532314663
INFO - 11/01/25 23:57:12 - 0:08:08 - Epoch 646: train_loss=1.0364161729812622, train_AUC=0.9348676827056452, train_AP=0.8978476713337734, distortion=0.4415518045425415, reward=0.4748, epsilon=0.1000, time=0.26938819885253906
INFO - 11/01/25 23:57:12 - 0:08:08 - Epoch 646: val_AUC=0.9724308935570187, val_AP=0.9629002774205334
INFO - 11/01/25 23:57:12 - 0:08:08 - Epoch 647: train_loss=1.0391160249710083, train_AUC=0.9343409996310056, train_AP=0.8962367530735552, distortion=0.43923285603523254, reward=0.4761, epsilon=0.1000, time=0.30837512016296387
INFO - 11/01/25 23:57:12 - 0:08:08 - Epoch 647: val_AUC=0.9712547853227916, val_AP=0.9597533104966105
INFO - 11/01/25 23:57:13 - 0:08:09 - Epoch 648: train_loss=1.0340973138809204, train_AUC=0.9359553674325131, train_AP=0.8988458356578932, distortion=0.4441247284412384, reward=0.4733, epsilon=0.1000, time=0.3086082935333252
INFO - 11/01/25 23:57:13 - 0:08:09 - Epoch 648: val_AUC=0.9723787437308562, val_AP=0.9619943578858887
INFO - 11/01/25 23:57:13 - 0:08:09 - Epoch 649: train_loss=1.0335910320281982, train_AUC=0.9354903527248959, train_AP=0.8988626291605858, distortion=0.4387877285480499, reward=0.4784, epsilon=0.1000, time=0.3093070983886719
INFO - 11/01/25 23:57:13 - 0:08:09 - Epoch 649: val_AUC=0.9728221613135302, val_AP=0.962393203066116
INFO - 11/01/25 23:57:14 - 0:08:10 - Epoch 650: train_loss=1.0285162925720215, train_AUC=0.9369904086745799, train_AP=0.9001398471414211, distortion=0.4389387369155884, reward=0.4796, epsilon=0.1000, time=0.3089120388031006
INFO - 11/01/25 23:57:14 - 0:08:10 - Epoch 650: val_AUC=0.9716218509500343, val_AP=0.9602393050505178
INFO - 11/01/25 23:57:14 - 0:08:10 - Epoch 651: train_loss=1.0331486463546753, train_AUC=0.9357496787728103, train_AP=0.8976382902041764, distortion=0.4405245780944824, reward=0.4762, epsilon=0.1000, time=0.278059720993042
INFO - 11/01/25 23:57:14 - 0:08:10 - Epoch 651: val_AUC=0.9717791647902814, val_AP=0.9603621391394433
INFO - 11/01/25 23:57:14 - 0:08:10 - Epoch 652: train_loss=1.027732491493225, train_AUC=0.9366043115924715, train_AP=0.8982820849061622, distortion=0.43866822123527527, reward=0.4788, epsilon=0.1000, time=0.3096284866333008
INFO - 11/01/25 23:57:14 - 0:08:10 - Epoch 652: val_AUC=0.972228344784686, val_AP=0.9610880821510507
INFO - 11/01/25 23:57:15 - 0:08:11 - Epoch 653: train_loss=1.0321509838104248, train_AUC=0.9350203964132612, train_AP=0.897329568771447, distortion=0.43943357467651367, reward=0.4767, epsilon=0.1000, time=0.3083772659301758
INFO - 11/01/25 23:57:15 - 0:08:11 - Epoch 653: val_AUC=0.9720451000916511, val_AP=0.9611136498547366
INFO - 11/01/25 23:57:15 - 0:08:11 - Epoch 654: train_loss=1.0369865894317627, train_AUC=0.9353901972676362, train_AP=0.897278554897893, distortion=0.44165289402008057, reward=0.4747, epsilon=0.1000, time=0.3087456226348877
INFO - 11/01/25 23:57:15 - 0:08:11 - Epoch 654: val_AUC=0.9725317357623051, val_AP=0.9613927952015079
INFO - 11/01/25 23:57:16 - 0:08:12 - Epoch 655: train_loss=1.0327558517456055, train_AUC=0.9354213477157982, train_AP=0.8987806893388229, distortion=0.4401724934577942, reward=0.4769, epsilon=0.1000, time=0.30957484245300293
INFO - 11/01/25 23:57:16 - 0:08:12 - Epoch 655: val_AUC=0.9718782782720485, val_AP=0.9610293195221047
INFO - 11/01/25 23:57:16 - 0:08:12 - Epoch 656: train_loss=1.0326811075210571, train_AUC=0.9348333347196808, train_AP=0.8976549568112043, distortion=0.4373418688774109, reward=0.4789, epsilon=0.1000, time=0.32279038429260254
INFO - 11/01/25 23:57:16 - 0:08:12 - Epoch 656: val_AUC=0.9713974050131253, val_AP=0.9594705398598853
INFO - 11/01/25 23:57:16 - 0:08:12 - Epoch 657: train_loss=1.029954195022583, train_AUC=0.9372916740569749, train_AP=0.9013782528623642, distortion=0.4404805898666382, reward=0.4789, epsilon=0.1000, time=0.31428098678588867
INFO - 11/01/25 23:57:17 - 0:08:13 - Epoch 657: val_AUC=0.9725956985325154, val_AP=0.9622154397896657
INFO - 11/01/25 23:57:17 - 0:08:13 - Epoch 658: train_loss=1.0322442054748535, train_AUC=0.9365808377272704, train_AP=0.8998330361624212, distortion=0.4396399259567261, reward=0.4786, epsilon=0.1000, time=0.3139491081237793
INFO - 11/01/25 23:57:17 - 0:08:13 - Epoch 658: val_AUC=0.9724533669627682, val_AP=0.9610616691065126
INFO - 11/01/25 23:57:17 - 0:08:13 - Epoch 659: train_loss=1.0387444496154785, train_AUC=0.9335357783654968, train_AP=0.8952464298511188, distortion=0.4415534436702728, reward=0.4728, epsilon=0.1000, time=0.3203582763671875
INFO - 11/01/25 23:57:17 - 0:08:13 - Epoch 659: val_AUC=0.9714815362243928, val_AP=0.9603317762529963
INFO - 11/01/25 23:57:18 - 0:08:14 - Epoch 660: train_loss=1.0364971160888672, train_AUC=0.9347380376257818, train_AP=0.8962277361505917, distortion=0.4388681948184967, reward=0.4766, epsilon=0.1000, time=0.3146541118621826
INFO - 11/01/25 23:57:18 - 0:08:14 - Epoch 660: val_AUC=0.9722197011670901, val_AP=0.9607379549781718
INFO - 11/01/25 23:57:18 - 0:08:14 - Epoch 661: train_loss=1.0305347442626953, train_AUC=0.9365292958104418, train_AP=0.9011157344484538, distortion=0.4391305148601532, reward=0.4797, epsilon=0.1000, time=0.31438565254211426
INFO - 11/01/25 23:57:18 - 0:08:14 - Epoch 661: val_AUC=0.9723600158927316, val_AP=0.9613332863709957
INFO - 11/01/25 23:57:19 - 0:08:15 - Epoch 662: train_loss=1.028162956237793, train_AUC=0.9369993802229675, train_AP=0.9006975077130078, distortion=0.43913140892982483, reward=0.4797, epsilon=0.1000, time=0.3107633590698242
INFO - 11/01/25 23:57:19 - 0:08:15 - Epoch 662: val_AUC=0.9717347942199552, val_AP=0.9604027097414617
INFO - 11/01/25 23:57:19 - 0:08:15 - Epoch 663: train_loss=1.0330455303192139, train_AUC=0.9356914880708304, train_AP=0.8991394532327046, distortion=0.4372531771659851, reward=0.4802, epsilon=0.1000, time=0.3143351078033447
INFO - 11/01/25 23:57:19 - 0:08:15 - Epoch 663: val_AUC=0.971916310189471, val_AP=0.9601844018779023
INFO - 11/01/25 23:57:19 - 0:08:15 - Epoch 664: train_loss=1.0324409008026123, train_AUC=0.9352259435140029, train_AP=0.898507463803071, distortion=0.438626229763031, reward=0.4782, epsilon=0.1000, time=0.3138856887817383
INFO - 11/01/25 23:57:19 - 0:08:16 - Epoch 664: val_AUC=0.9723337969193571, val_AP=0.9619985654189793
INFO - 11/01/25 23:57:20 - 0:08:16 - Epoch 665: train_loss=1.0342559814453125, train_AUC=0.9349424128775173, train_AP=0.8963156452819888, distortion=0.4384351074695587, reward=0.4772, epsilon=0.1000, time=0.3211359977722168
INFO - 11/01/25 23:57:20 - 0:08:16 - Epoch 665: val_AUC=0.9718753970661834, val_AP=0.9602216060828458
INFO - 11/01/25 23:57:20 - 0:08:16 - Epoch 666: train_loss=1.0350059270858765, train_AUC=0.9354665409125973, train_AP=0.8985433729057147, distortion=0.44278478622436523, reward=0.4742, epsilon=0.1000, time=0.31417179107666016
INFO - 11/01/25 23:57:20 - 0:08:16 - Epoch 666: val_AUC=0.9721033004501307, val_AP=0.9607997086042889
INFO - 11/01/25 23:57:21 - 0:08:17 - Epoch 667: train_loss=1.0324487686157227, train_AUC=0.9359170941760585, train_AP=0.8998469717710419, distortion=0.4370262920856476, reward=0.4809, epsilon=0.1000, time=0.2770364284515381
INFO - 11/01/25 23:57:21 - 0:08:17 - Epoch 667: val_AUC=0.9725853261914001, val_AP=0.961587202252581
INFO - 11/01/25 23:57:21 - 0:08:17 - Epoch 668: train_loss=1.0331320762634277, train_AUC=0.9348129965848482, train_AP=0.8980399690271045, distortion=0.4372323453426361, reward=0.4792, epsilon=0.1000, time=0.31379199028015137
INFO - 11/01/25 23:57:21 - 0:08:17 - Epoch 668: val_AUC=0.9719431054040186, val_AP=0.9602843987039296
INFO - 11/01/25 23:57:21 - 0:08:18 - Epoch 669: train_loss=1.0311429500579834, train_AUC=0.937060211198952, train_AP=0.901956130012115, distortion=0.44108229875564575, reward=0.4784, epsilon=0.1000, time=0.3111541271209717
INFO - 11/01/25 23:57:22 - 0:08:18 - Epoch 669: val_AUC=0.972172161270312, val_AP=0.9616939177785674
INFO - 11/01/25 23:57:22 - 0:08:18 - Epoch 670: train_loss=1.0358057022094727, train_AUC=0.9344215008227806, train_AP=0.896747085207567, distortion=0.4363713562488556, reward=0.4792, epsilon=0.1000, time=0.3145158290863037
INFO - 11/01/25 23:57:22 - 0:08:18 - Epoch 670: val_AUC=0.9725763944532178, val_AP=0.9612739943818626
INFO - 11/01/25 23:57:22 - 0:08:18 - Epoch 671: train_loss=1.0297796726226807, train_AUC=0.9358615337791423, train_AP=0.8984089569152286, distortion=0.4396941065788269, reward=0.4774, epsilon=0.1000, time=0.3160743713378906
INFO - 11/01/25 23:57:22 - 0:08:18 - Epoch 671: val_AUC=0.9720384733181608, val_AP=0.9612899653522955
INFO - 11/01/25 23:57:23 - 0:08:19 - Epoch 672: train_loss=1.0289417505264282, train_AUC=0.9366305104676751, train_AP=0.8986037034181988, distortion=0.4395062029361725, reward=0.4781, epsilon=0.1000, time=0.31046390533447266
INFO - 11/01/25 23:57:23 - 0:08:19 - Epoch 672: val_AUC=0.9721707206673794, val_AP=0.9609803787148374
INFO - 11/01/25 23:57:23 - 0:08:19 - Epoch 673: train_loss=1.0317705869674683, train_AUC=0.9349358867103396, train_AP=0.8982999212921141, distortion=0.43911924958229065, reward=0.4775, epsilon=0.1000, time=0.31060266494750977
INFO - 11/01/25 23:57:23 - 0:08:19 - Epoch 673: val_AUC=0.9721110797059671, val_AP=0.9613507085907486
INFO - 11/01/25 23:57:24 - 0:08:20 - Epoch 674: train_loss=1.0359495878219604, train_AUC=0.9340652243321144, train_AP=0.8960715352886817, distortion=0.4362187087535858, reward=0.4788, epsilon=0.1000, time=0.3143765926361084
INFO - 11/01/25 23:57:24 - 0:08:20 - Epoch 674: val_AUC=0.9715766160179488, val_AP=0.9602979194704899
INFO - 11/01/25 23:57:24 - 0:08:20 - Epoch 675: train_loss=1.0268603563308716, train_AUC=0.9371184686928361, train_AP=0.9002558073302368, distortion=0.4397163391113281, reward=0.4790, epsilon=0.1000, time=0.3110196590423584
INFO - 11/01/25 23:57:24 - 0:08:20 - Epoch 675: val_AUC=0.9728057384400979, val_AP=0.9622551329414104
INFO - 11/01/25 23:57:24 - 0:08:20 - Epoch 676: train_loss=1.0335302352905273, train_AUC=0.9349027723808147, train_AP=0.8964928528042871, distortion=0.4403454065322876, reward=0.4754, epsilon=0.1000, time=0.3109920024871826
INFO - 11/01/25 23:57:24 - 0:08:21 - Epoch 676: val_AUC=0.9727123873700612, val_AP=0.9618677590015969
INFO - 11/01/25 23:57:25 - 0:08:21 - Epoch 677: train_loss=1.030198574066162, train_AUC=0.9363556348657025, train_AP=0.9003957995591247, distortion=0.4380647838115692, reward=0.4803, epsilon=0.1000, time=0.31358814239501953
INFO - 11/01/25 23:57:25 - 0:08:21 - Epoch 677: val_AUC=0.9721067578971693, val_AP=0.9610241570373278
INFO - 11/01/25 23:57:25 - 0:08:21 - Epoch 678: train_loss=1.0375933647155762, train_AUC=0.9336296588728902, train_AP=0.8941040327796113, distortion=0.43712595105171204, reward=0.4767, epsilon=0.1000, time=0.3206923007965088
INFO - 11/01/25 23:57:25 - 0:08:21 - Epoch 678: val_AUC=0.9725729370061793, val_AP=0.9618237741369665
INFO - 11/01/25 23:57:26 - 0:08:22 - Epoch 679: train_loss=1.032731533050537, train_AUC=0.9352548733805733, train_AP=0.8991630016360861, distortion=0.4377415180206299, reward=0.4795, epsilon=0.1000, time=0.31432652473449707
INFO - 11/01/25 23:57:26 - 0:08:22 - Epoch 679: val_AUC=0.9720788102002755, val_AP=0.9615665237730204
INFO - 11/01/25 23:57:26 - 0:08:22 - Epoch 680: train_loss=1.0387911796569824, train_AUC=0.9331535761486087, train_AP=0.8940483910799704, distortion=0.4383007884025574, reward=0.4753, epsilon=0.1000, time=0.3135242462158203
INFO - 11/01/25 23:57:26 - 0:08:22 - Epoch 680: val_AUC=0.9713919307219812, val_AP=0.959459638942062
INFO - 11/01/25 23:57:26 - 0:08:23 - Epoch 681: train_loss=1.0308643579483032, train_AUC=0.9366637354524442, train_AP=0.8995266513596675, distortion=0.4419158697128296, reward=0.4762, epsilon=0.1000, time=0.3143754005432129
INFO - 11/01/25 23:57:27 - 0:08:23 - Epoch 681: val_AUC=0.972293748157829, val_AP=0.9620154573949511
INFO - 11/01/25 23:57:27 - 0:08:23 - Epoch 682: train_loss=1.0287665128707886, train_AUC=0.9383512005133, train_AP=0.902254257733032, distortion=0.437745064496994, reward=0.4826, epsilon=0.1000, time=0.31418633460998535
INFO - 11/01/25 23:57:27 - 0:08:23 - Epoch 682: val_AUC=0.9721493997439761, val_AP=0.9605521548147808
INFO - 11/01/25 23:57:27 - 0:08:23 - Epoch 683: train_loss=1.0289971828460693, train_AUC=0.9368737541216386, train_AP=0.9004692821750966, distortion=0.44336891174316406, reward=0.4753, epsilon=0.1000, time=0.31436967849731445
INFO - 11/01/25 23:57:27 - 0:08:23 - Epoch 683: val_AUC=0.9716869662025909, val_AP=0.9615415173224536
INFO - 11/01/25 23:57:28 - 0:08:24 - Epoch 684: train_loss=1.0390574932098389, train_AUC=0.9343860996182072, train_AP=0.8955845967140297, distortion=0.43967485427856445, reward=0.4753, epsilon=0.1000, time=0.3137953281402588
INFO - 11/01/25 23:57:28 - 0:08:24 - Epoch 684: val_AUC=0.972771740210887, val_AP=0.9619506587959398
INFO - 11/01/25 23:57:28 - 0:08:24 - Epoch 685: train_loss=1.028160572052002, train_AUC=0.9362701422252055, train_AP=0.8979934995021468, distortion=0.4393745958805084, reward=0.4778, epsilon=0.1000, time=0.313831090927124
INFO - 11/01/25 23:57:28 - 0:08:24 - Epoch 685: val_AUC=0.9718143155018383, val_AP=0.9603210415069654
INFO - 11/01/25 23:57:29 - 0:08:25 - Epoch 686: train_loss=1.0336400270462036, train_AUC=0.9370499666168083, train_AP=0.9006777850838653, distortion=0.4428256154060364, reward=0.4760, epsilon=0.1000, time=0.321835994720459
INFO - 11/01/25 23:57:29 - 0:08:25 - Epoch 686: val_AUC=0.9713337303635016, val_AP=0.9610048193507514
INFO - 11/01/25 23:57:29 - 0:08:25 - Epoch 687: train_loss=1.0360535383224487, train_AUC=0.9361181034148902, train_AP=0.8989583843174909, distortion=0.44096845388412476, reward=0.4766, epsilon=0.1000, time=0.314129114151001
INFO - 11/01/25 23:57:29 - 0:08:25 - Epoch 687: val_AUC=0.9719675956538738, val_AP=0.9606045793702318
INFO - 11/01/25 23:57:29 - 0:08:26 - Epoch 688: train_loss=1.0351476669311523, train_AUC=0.9354724505007791, train_AP=0.8998267171050655, distortion=0.44236981868743896, reward=0.4753, epsilon=0.1000, time=0.314258337020874
INFO - 11/01/25 23:57:30 - 0:08:26 - Epoch 688: val_AUC=0.9714422077643312, val_AP=0.9602022649835827
INFO - 11/01/25 23:57:30 - 0:08:26 - Epoch 689: train_loss=1.041460633277893, train_AUC=0.9336063006474038, train_AP=0.8950328626862207, distortion=0.44130387902259827, reward=0.4730, epsilon=0.1000, time=0.314316987991333
INFO - 11/01/25 23:57:30 - 0:08:26 - Epoch 689: val_AUC=0.9721963633995809, val_AP=0.9622258946937144
INFO - 11/01/25 23:57:30 - 0:08:26 - Epoch 690: train_loss=1.032959222793579, train_AUC=0.9347820031475057, train_AP=0.8954614975991122, distortion=0.43930044770240784, reward=0.4758, epsilon=0.1000, time=0.32122111320495605
INFO - 11/01/25 23:57:30 - 0:08:26 - Epoch 690: val_AUC=0.9725452774298722, val_AP=0.9616177382949515
INFO - 11/01/25 23:57:31 - 0:08:27 - Epoch 691: train_loss=1.037576675415039, train_AUC=0.9337860112439446, train_AP=0.8938728546547862, distortion=0.4424411356449127, reward=0.4714, epsilon=0.1000, time=0.3137478828430176
INFO - 11/01/25 23:57:31 - 0:08:27 - Epoch 691: val_AUC=0.9711236904559191, val_AP=0.9597862363330579
INFO - 11/01/25 23:57:31 - 0:08:27 - Epoch 692: train_loss=1.0351934432983398, train_AUC=0.9373424957178215, train_AP=0.9013996587071422, distortion=0.4401792883872986, reward=0.4792, epsilon=0.1000, time=0.31326794624328613
INFO - 11/01/25 23:57:31 - 0:08:27 - Epoch 692: val_AUC=0.9719848828890658, val_AP=0.9607418332452373
INFO - 11/01/25 23:57:32 - 0:08:28 - Epoch 693: train_loss=1.0336806774139404, train_AUC=0.9378416834564899, train_AP=0.9032380104964454, distortion=0.4415420889854431, reward=0.4790, epsilon=0.1000, time=0.3170044422149658
INFO - 11/01/25 23:57:32 - 0:08:28 - Epoch 693: val_AUC=0.9722614786521373, val_AP=0.9604628176717935
INFO - 11/01/25 23:57:32 - 0:08:28 - Epoch 694: train_loss=1.0404386520385742, train_AUC=0.9347161891963987, train_AP=0.8974778730174197, distortion=0.4473864436149597, reward=0.4687, epsilon=0.1000, time=0.3107333183288574
INFO - 11/01/25 23:57:32 - 0:08:28 - Epoch 694: val_AUC=0.9717059821613021, val_AP=0.9613771605670246
INFO - 11/01/25 23:57:32 - 0:08:28 - Epoch 695: train_loss=1.0298383235931396, train_AUC=0.9375736674827694, train_AP=0.9017107222604518, distortion=0.4367416799068451, reward=0.4829, epsilon=0.1000, time=0.3111264705657959
INFO - 11/01/25 23:57:32 - 0:08:29 - Epoch 695: val_AUC=0.9707492777537198, val_AP=0.9592217226613563
INFO - 11/01/25 23:57:33 - 0:08:29 - Epoch 696: train_loss=1.0386778116226196, train_AUC=0.9357784979841366, train_AP=0.8995947683645906, distortion=0.44398877024650574, reward=0.4737, epsilon=0.1000, time=0.31074976921081543
INFO - 11/01/25 23:57:33 - 0:08:29 - Epoch 696: val_AUC=0.9732540540727428, val_AP=0.9631255133016041
INFO - 11/01/25 23:57:33 - 0:08:29 - Epoch 697: train_loss=1.0361992120742798, train_AUC=0.9344447518821519, train_AP=0.8954017219816675, distortion=0.44330310821533203, reward=0.4716, epsilon=0.1000, time=0.2722289562225342
INFO - 11/01/25 23:57:33 - 0:08:29 - Epoch 697: val_AUC=0.9725475823945644, val_AP=0.9616452221022818
INFO - 11/01/25 23:57:34 - 0:08:30 - Epoch 698: train_loss=1.0337122678756714, train_AUC=0.9355045898678811, train_AP=0.899530564290795, distortion=0.4402218759059906, reward=0.4773, epsilon=0.1000, time=0.31032776832580566
INFO - 11/01/25 23:57:34 - 0:08:30 - Epoch 698: val_AUC=0.97165296797338, val_AP=0.9596599694776257
INFO - 11/01/25 23:57:34 - 0:08:30 - Epoch 699: train_loss=1.0343399047851562, train_AUC=0.9357935386237606, train_AP=0.8967503780563628, distortion=0.442707896232605, reward=0.4736, epsilon=0.1000, time=0.31072020530700684
INFO - 11/01/25 23:57:34 - 0:08:30 - Epoch 699: val_AUC=0.9728282118458474, val_AP=0.9617110609013773
INFO - 11/01/25 23:57:34 - 0:08:31 - Epoch 700: train_loss=1.0290473699569702, train_AUC=0.9369972558416558, train_AP=0.901058669811243, distortion=0.4400078058242798, reward=0.4790, epsilon=0.1000, time=0.31403231620788574
INFO - 11/01/25 23:57:35 - 0:08:31 - Epoch 700: val_AUC=0.9733361684399047, val_AP=0.9629792870496628
INFO - 11/01/25 23:57:35 - 0:08:31 - Epoch 701: train_loss=1.0339109897613525, train_AUC=0.9353410120084427, train_AP=0.897040786661135, distortion=0.4430623948574066, reward=0.4731, epsilon=0.1000, time=0.3136610984802246
INFO - 11/01/25 23:57:35 - 0:08:31 - Epoch 701: val_AUC=0.9715924626502082, val_AP=0.9596472641344135
INFO - 11/01/25 23:57:35 - 0:08:31 - Epoch 702: train_loss=1.0289751291275024, train_AUC=0.9380299439152169, train_AP=0.9029774556602772, distortion=0.4433516561985016, reward=0.4772, epsilon=0.1000, time=0.3227193355560303
INFO - 11/01/25 23:57:35 - 0:08:31 - Epoch 702: val_AUC=0.9714319794835091, val_AP=0.9604249101435145
INFO - 11/01/25 23:57:36 - 0:08:32 - Epoch 703: train_loss=1.0365937948226929, train_AUC=0.9338376997042048, train_AP=0.8941087510419243, distortion=0.4373815953731537, reward=0.4766, epsilon=0.1000, time=0.31137657165527344
INFO - 11/01/25 23:57:36 - 0:08:32 - Epoch 703: val_AUC=0.9726060708736306, val_AP=0.9614039197204071
INFO - 11/01/25 23:57:36 - 0:08:32 - Epoch 704: train_loss=1.033197045326233, train_AUC=0.9354004099491691, train_AP=0.897381452426267, distortion=0.43952587246894836, reward=0.4769, epsilon=0.1000, time=0.31363534927368164
INFO - 11/01/25 23:57:36 - 0:08:32 - Epoch 704: val_AUC=0.9721041648118903, val_AP=0.9605959502065821
INFO - 11/01/25 23:57:37 - 0:08:33 - Epoch 705: train_loss=1.032444953918457, train_AUC=0.9373318473935702, train_AP=0.9012228363162164, distortion=0.4422141909599304, reward=0.4771, epsilon=0.1000, time=0.31365537643432617
INFO - 11/01/25 23:57:37 - 0:08:33 - Epoch 705: val_AUC=0.9722430389345992, val_AP=0.9614278940370007
INFO - 11/01/25 23:57:37 - 0:08:33 - Epoch 706: train_loss=1.0323717594146729, train_AUC=0.9361922937686112, train_AP=0.899197174101319, distortion=0.44064784049987793, reward=0.4770, epsilon=0.1000, time=0.320404052734375
INFO - 11/01/25 23:57:37 - 0:08:33 - Epoch 706: val_AUC=0.9723817689970147, val_AP=0.9613461680862108
INFO - 11/01/25 23:57:37 - 0:08:33 - Epoch 707: train_loss=1.0337982177734375, train_AUC=0.9344558298677573, train_AP=0.8967627742466817, distortion=0.43962541222572327, reward=0.4760, epsilon=0.1000, time=0.3141496181488037
INFO - 11/01/25 23:57:38 - 0:08:34 - Epoch 707: val_AUC=0.9718016381960308, val_AP=0.9611536047252377
INFO - 11/01/25 23:57:38 - 0:08:34 - Epoch 708: train_loss=1.032959222793579, train_AUC=0.9359680534082899, train_AP=0.8985855076551414, distortion=0.43871521949768066, reward=0.4786, epsilon=0.1000, time=0.32205891609191895
INFO - 11/01/25 23:57:38 - 0:08:34 - Epoch 708: val_AUC=0.9718013500754443, val_AP=0.9607381458123934
INFO - 11/01/25 23:57:38 - 0:08:34 - Epoch 709: train_loss=1.0341078042984009, train_AUC=0.9350883711323141, train_AP=0.8965368799324802, distortion=0.44372448325157166, reward=0.4721, epsilon=0.1000, time=0.27739906311035156
INFO - 11/01/25 23:57:38 - 0:08:34 - Epoch 709: val_AUC=0.9723865229866924, val_AP=0.9623930331805288
INFO - 11/01/25 23:57:39 - 0:08:35 - Epoch 710: train_loss=1.0336027145385742, train_AUC=0.9355125974196807, train_AP=0.8989133801627727, distortion=0.44224584102630615, reward=0.4750, epsilon=0.1000, time=0.31394171714782715
INFO - 11/01/25 23:57:39 - 0:08:35 - Epoch 710: val_AUC=0.9720661328944681, val_AP=0.9606433898865288
INFO - 11/01/25 23:57:39 - 0:08:35 - Epoch 711: train_loss=1.0328476428985596, train_AUC=0.9346179188658682, train_AP=0.897292484940361, distortion=0.4401192367076874, reward=0.4758, epsilon=0.1000, time=0.3131523132324219
INFO - 11/01/25 23:57:39 - 0:08:35 - Epoch 711: val_AUC=0.9718641603633084, val_AP=0.9610020302637834
INFO - 11/01/25 23:57:39 - 0:08:36 - Epoch 712: train_loss=1.0319578647613525, train_AUC=0.9361083732300983, train_AP=0.8987444438586017, distortion=0.4372884929180145, reward=0.4801, epsilon=0.1000, time=0.31407856941223145
INFO - 11/01/25 23:57:40 - 0:08:36 - Epoch 712: val_AUC=0.9721305278455581, val_AP=0.9613174780539794
INFO - 11/01/25 23:57:40 - 0:08:36 - Epoch 713: train_loss=1.0312632322311401, train_AUC=0.9365411583516982, train_AP=0.9000565936299019, distortion=0.43845897912979126, reward=0.4798, epsilon=0.1000, time=0.32128024101257324
INFO - 11/01/25 23:57:40 - 0:08:36 - Epoch 713: val_AUC=0.9717313367729169, val_AP=0.9600804255911122
INFO - 11/01/25 23:57:40 - 0:08:36 - Epoch 714: train_loss=1.0350579023361206, train_AUC=0.9336755244747548, train_AP=0.8950428140818097, distortion=0.44189926981925964, reward=0.4725, epsilon=0.1000, time=0.32151246070861816
INFO - 11/01/25 23:57:40 - 0:08:36 - Epoch 714: val_AUC=0.9710245769741519, val_AP=0.9597816439692597
INFO - 11/01/25 23:57:41 - 0:08:37 - Epoch 715: train_loss=1.0298231840133667, train_AUC=0.9369575221353554, train_AP=0.8995473879853015, distortion=0.44070902466773987, reward=0.4775, epsilon=0.1000, time=0.3132140636444092
INFO - 11/01/25 23:57:41 - 0:08:37 - Epoch 715: val_AUC=0.9711064032207272, val_AP=0.9598622806037187
INFO - 11/01/25 23:57:41 - 0:08:37 - Epoch 716: train_loss=1.0271164178848267, train_AUC=0.9376575321952131, train_AP=0.9005036384623243, distortion=0.43853703141212463, reward=0.4805, epsilon=0.1000, time=0.3135106563568115
INFO - 11/01/25 23:57:41 - 0:08:37 - Epoch 716: val_AUC=0.9714495548392877, val_AP=0.9601458756311841
INFO - 11/01/25 23:57:42 - 0:08:38 - Epoch 717: train_loss=1.0335097312927246, train_AUC=0.9352257376553729, train_AP=0.898327510033302, distortion=0.4394422471523285, reward=0.4773, epsilon=0.1000, time=0.31409645080566406
INFO - 11/01/25 23:57:42 - 0:08:38 - Epoch 717: val_AUC=0.9711032338942753, val_AP=0.9600334003182043
INFO - 11/01/25 23:57:42 - 0:08:38 - Epoch 718: train_loss=1.0346055030822754, train_AUC=0.9353263147988339, train_AP=0.8978184570905822, distortion=0.4392856955528259, reward=0.4773, epsilon=0.1000, time=0.2763500213623047
INFO - 11/01/25 23:57:42 - 0:08:38 - Epoch 718: val_AUC=0.9720724715473716, val_AP=0.9608731069876059
INFO - 11/01/25 23:57:42 - 0:08:38 - Epoch 719: train_loss=1.0279743671417236, train_AUC=0.9356966041313142, train_AP=0.8980024308981586, distortion=0.43921107053756714, reward=0.4776, epsilon=0.1000, time=0.31494808197021484
INFO - 11/01/25 23:57:43 - 0:08:39 - Epoch 719: val_AUC=0.973395233160144, val_AP=0.9628728113864322
INFO - 11/01/25 23:57:43 - 0:08:39 - Epoch 720: train_loss=1.0305781364440918, train_AUC=0.9362214205217652, train_AP=0.8998840740505792, distortion=0.43941253423690796, reward=0.4786, epsilon=0.1000, time=0.27648258209228516
INFO - 11/01/25 23:57:43 - 0:08:39 - Epoch 720: val_AUC=0.9720894706619773, val_AP=0.9615065781760763
INFO - 11/01/25 23:57:43 - 0:08:39 - Epoch 721: train_loss=1.0331007242202759, train_AUC=0.9354961790724209, train_AP=0.8987497343691669, distortion=0.436219185590744, reward=0.4809, epsilon=0.1000, time=0.313706636428833
INFO - 11/01/25 23:57:43 - 0:08:39 - Epoch 721: val_AUC=0.9713567800104242, val_AP=0.959298380768461
INFO - 11/01/25 23:57:44 - 0:08:40 - Epoch 722: train_loss=1.0272233486175537, train_AUC=0.9370862311316659, train_AP=0.9000625193224506, distortion=0.4405673146247864, reward=0.4780, epsilon=0.1000, time=0.3138604164123535
INFO - 11/01/25 23:57:44 - 0:08:40 - Epoch 722: val_AUC=0.9722044307760037, val_AP=0.9618273681801964
INFO - 11/01/25 23:57:44 - 0:08:40 - Epoch 723: train_loss=1.033214807510376, train_AUC=0.9346088860084941, train_AP=0.8961580607963625, distortion=0.4364933967590332, reward=0.4789, epsilon=0.1000, time=0.3214719295501709
INFO - 11/01/25 23:57:44 - 0:08:40 - Epoch 723: val_AUC=0.9720773695973427, val_AP=0.9609760200947914
INFO - 11/01/25 23:57:44 - 0:08:41 - Epoch 724: train_loss=1.0242711305618286, train_AUC=0.9372315080093503, train_AP=0.9002461517513078, distortion=0.43608197569847107, reward=0.4827, epsilon=0.1000, time=0.313950777053833
INFO - 11/01/25 23:57:45 - 0:08:41 - Epoch 724: val_AUC=0.9719523252627876, val_AP=0.9601230645978008
INFO - 11/01/25 23:57:45 - 0:08:41 - Epoch 725: train_loss=1.0338032245635986, train_AUC=0.9345392659157411, train_AP=0.8966424892914453, distortion=0.44059425592422485, reward=0.4750, epsilon=0.1000, time=0.3130366802215576
INFO - 11/01/25 23:57:45 - 0:08:41 - Epoch 725: val_AUC=0.9723680832691545, val_AP=0.9621660488956114
INFO - 11/01/25 23:57:45 - 0:08:41 - Epoch 726: train_loss=1.0342750549316406, train_AUC=0.9348320412495955, train_AP=0.8964574740282669, distortion=0.4390087425708771, reward=0.4766, epsilon=0.1000, time=0.321089506149292
INFO - 11/01/25 23:57:45 - 0:08:41 - Epoch 726: val_AUC=0.9719606807597971, val_AP=0.9606168417688541
INFO - 11/01/25 23:57:46 - 0:08:42 - Epoch 727: train_loss=1.0362237691879272, train_AUC=0.9342297691788228, train_AP=0.8962837210925547, distortion=0.44085967540740967, reward=0.4744, epsilon=0.1000, time=0.31355929374694824
INFO - 11/01/25 23:57:46 - 0:08:42 - Epoch 727: val_AUC=0.9716967623025329, val_AP=0.9601053137229483
INFO - 11/01/25 23:57:46 - 0:08:42 - Epoch 728: train_loss=1.0313019752502441, train_AUC=0.9358538716511458, train_AP=0.899200888069196, distortion=0.4393189549446106, reward=0.4782, epsilon=0.1000, time=0.31406211853027344
INFO - 11/01/25 23:57:46 - 0:08:42 - Epoch 728: val_AUC=0.972447316430451, val_AP=0.9620969579820093
INFO - 11/01/25 23:57:47 - 0:08:43 - Epoch 729: train_loss=1.0341486930847168, train_AUC=0.9342738129567331, train_AP=0.8953704614872912, distortion=0.4359283447265625, reward=0.4789, epsilon=0.1000, time=0.34073758125305176
INFO - 11/01/25 23:57:47 - 0:08:43 - Epoch 729: val_AUC=0.9719010397983847, val_AP=0.9607772392989844
INFO - 11/01/25 23:57:47 - 0:08:43 - Epoch 730: train_loss=1.029274582862854, train_AUC=0.9355438410774406, train_AP=0.8973855880458976, distortion=0.43791237473487854, reward=0.4786, epsilon=0.1000, time=0.27689504623413086
INFO - 11/01/25 23:57:47 - 0:08:43 - Epoch 730: val_AUC=0.9718909555778561, val_AP=0.9605800186732306
INFO - 11/01/25 23:57:47 - 0:08:43 - Epoch 731: train_loss=1.0306837558746338, train_AUC=0.9362823272617008, train_AP=0.898306425819748, distortion=0.4400872588157654, reward=0.4772, epsilon=0.1000, time=0.3138885498046875
INFO - 11/01/25 23:57:48 - 0:08:44 - Epoch 731: val_AUC=0.972231658171431, val_AP=0.9611247852596788
INFO - 11/01/25 23:57:48 - 0:08:44 - Epoch 732: train_loss=1.0284457206726074, train_AUC=0.9366832805580259, train_AP=0.8992631610859124, distortion=0.4373306632041931, reward=0.4806, epsilon=0.1000, time=0.3208136558532715
INFO - 11/01/25 23:57:48 - 0:08:44 - Epoch 732: val_AUC=0.9725559378915738, val_AP=0.9615852432781196
INFO - 11/01/25 23:57:48 - 0:08:44 - Epoch 733: train_loss=1.0254422426223755, train_AUC=0.937837780616117, train_AP=0.9004016361954433, distortion=0.4387916028499603, reward=0.4803, epsilon=0.1000, time=0.3146517276763916
INFO - 11/01/25 23:57:48 - 0:08:44 - Epoch 733: val_AUC=0.9719534777451337, val_AP=0.9611950329746998
INFO - 11/01/25 23:57:49 - 0:08:45 - Epoch 734: train_loss=1.0303996801376343, train_AUC=0.9360260252920166, train_AP=0.8990064458026461, distortion=0.43851539492607117, reward=0.4790, epsilon=0.1000, time=0.31073760986328125
INFO - 11/01/25 23:57:49 - 0:08:45 - Epoch 734: val_AUC=0.97228452829906, val_AP=0.9610825908539442
INFO - 11/01/25 23:57:49 - 0:08:45 - Epoch 735: train_loss=1.0293099880218506, train_AUC=0.936165055631316, train_AP=0.8989562058605087, distortion=0.4398975372314453, reward=0.4777, epsilon=0.1000, time=0.3179037570953369
INFO - 11/01/25 23:57:49 - 0:08:45 - Epoch 735: val_AUC=0.9720399139210936, val_AP=0.9615331873456808
INFO - 11/01/25 23:57:50 - 0:08:46 - Epoch 736: train_loss=1.0279884338378906, train_AUC=0.9362758394749453, train_AP=0.8996227983932163, distortion=0.4366362690925598, reward=0.4813, epsilon=0.1000, time=0.31415867805480957
INFO - 11/01/25 23:57:50 - 0:08:46 - Epoch 736: val_AUC=0.9705324670123538, val_AP=0.958712987438008
INFO - 11/01/25 23:57:50 - 0:08:46 - Epoch 737: train_loss=1.0386428833007812, train_AUC=0.9344827948560711, train_AP=0.8961600368915991, distortion=0.4401514232158661, reward=0.4752, epsilon=0.1000, time=0.3142824172973633
INFO - 11/01/25 23:57:50 - 0:08:46 - Epoch 737: val_AUC=0.9727524361315892, val_AP=0.961905283593849
INFO - 11/01/25 23:57:50 - 0:08:46 - Epoch 738: train_loss=1.0259150266647339, train_AUC=0.9368375309778858, train_AP=0.9003540763527863, distortion=0.4380696713924408, reward=0.4805, epsilon=0.1000, time=0.31423163414001465
INFO - 11/01/25 23:57:50 - 0:08:47 - Epoch 738: val_AUC=0.9732883404225404, val_AP=0.9626883747076402
INFO - 11/01/25 23:57:51 - 0:08:47 - Epoch 739: train_loss=1.033421277999878, train_AUC=0.9338087503981994, train_AP=0.894495101907776, distortion=0.43801674246788025, reward=0.4761, epsilon=0.1000, time=0.3136272430419922
INFO - 11/01/25 23:57:51 - 0:08:47 - Epoch 739: val_AUC=0.9719543421068934, val_AP=0.9611949181807545
INFO - 11/01/25 23:57:51 - 0:08:47 - Epoch 740: train_loss=1.0258359909057617, train_AUC=0.9376402126556933, train_AP=0.9013043192270167, distortion=0.43756553530693054, reward=0.4819, epsilon=0.1000, time=0.31263184547424316
INFO - 11/01/25 23:57:51 - 0:08:47 - Epoch 740: val_AUC=0.9722888501078579, val_AP=0.96128881288845
INFO - 11/01/25 23:57:52 - 0:08:48 - Epoch 741: train_loss=1.0288379192352295, train_AUC=0.9347826825308299, train_AP=0.8960202012357201, distortion=0.43654924631118774, reward=0.4789, epsilon=0.1000, time=0.3142404556274414
INFO - 11/01/25 23:57:52 - 0:08:48 - Epoch 741: val_AUC=0.9732615452079928, val_AP=0.9628551777847048
INFO - 11/01/25 23:57:52 - 0:08:48 - Epoch 742: train_loss=1.0311663150787354, train_AUC=0.9346138440612642, train_AP=0.8958736250482944, distortion=0.4368341863155365, reward=0.4784, epsilon=0.1000, time=0.3170933723449707
INFO - 11/01/25 23:57:52 - 0:08:48 - Epoch 742: val_AUC=0.9721663988585816, val_AP=0.9614692866563913
INFO - 11/01/25 23:57:52 - 0:08:49 - Epoch 743: train_loss=1.0313690900802612, train_AUC=0.9344460722683778, train_AP=0.8943202066594422, distortion=0.43651363253593445, reward=0.4779, epsilon=0.1000, time=0.31406593322753906
INFO - 11/01/25 23:57:53 - 0:08:49 - Epoch 743: val_AUC=0.9711811705129325, val_AP=0.9595625597144325
INFO - 11/01/25 23:57:53 - 0:08:49 - Epoch 744: train_loss=1.0319088697433472, train_AUC=0.9356110167858782, train_AP=0.8981228124170619, distortion=0.4403534531593323, reward=0.4765, epsilon=0.1000, time=0.31363677978515625
INFO - 11/01/25 23:57:53 - 0:08:49 - Epoch 744: val_AUC=0.9724049627042307, val_AP=0.9623785591615746
INFO - 11/01/25 23:57:53 - 0:08:49 - Epoch 745: train_loss=1.0374698638916016, train_AUC=0.9332225956126707, train_AP=0.8944508328607188, distortion=0.4369974136352539, reward=0.4768, epsilon=0.1000, time=0.31630659103393555
INFO - 11/01/25 23:57:53 - 0:08:49 - Epoch 745: val_AUC=0.9726734910908791, val_AP=0.9615625455573722
INFO - 11/01/25 23:57:54 - 0:08:50 - Epoch 746: train_loss=1.0280089378356934, train_AUC=0.9366279963007732, train_AP=0.8990119258269336, distortion=0.4399985074996948, reward=0.4778, epsilon=0.1000, time=0.3507246971130371
INFO - 11/01/25 23:57:54 - 0:08:50 - Epoch 746: val_AUC=0.9718166204665306, val_AP=0.9612462933646571
INFO - 11/01/25 23:57:54 - 0:08:50 - Epoch 747: train_loss=1.0335817337036133, train_AUC=0.9350285868951269, train_AP=0.897454847725532, distortion=0.4387957751750946, reward=0.4774, epsilon=0.1000, time=0.33586835861206055
INFO - 11/01/25 23:57:54 - 0:08:50 - Epoch 747: val_AUC=0.9722199892876766, val_AP=0.9611615450950772
INFO - 11/01/25 23:57:55 - 0:08:51 - Epoch 748: train_loss=1.0271865129470825, train_AUC=0.9364249010610526, train_AP=0.8996494008485265, distortion=0.4376434087753296, reward=0.4804, epsilon=0.1000, time=0.33257532119750977
INFO - 11/01/25 23:57:55 - 0:08:51 - Epoch 748: val_AUC=0.9720782339591023, val_AP=0.96119957310483
INFO - 11/01/25 23:57:55 - 0:08:51 - Epoch 749: train_loss=1.0332242250442505, train_AUC=0.9339778884344399, train_AP=0.8949713176867589, distortion=0.4356304109096527, reward=0.4788, epsilon=0.1000, time=0.3357851505279541
INFO - 11/01/25 23:57:55 - 0:08:51 - Epoch 749: val_AUC=0.9715408890652187, val_AP=0.9604903886275699
INFO - 11/01/25 23:57:56 - 0:08:52 - Epoch 750: train_loss=1.0305529832839966, train_AUC=0.9353461509974907, train_AP=0.8968957830450872, distortion=0.4377312958240509, reward=0.4784, epsilon=0.1000, time=0.32126641273498535
INFO - 11/01/25 23:57:56 - 0:08:52 - Epoch 750: val_AUC=0.9721784999232158, val_AP=0.9612442612066535
INFO - 11/01/25 23:57:56 - 0:08:52 - Epoch 751: train_loss=1.0291950702667236, train_AUC=0.9355356969511501, train_AP=0.8983568696025731, distortion=0.4386204183101654, reward=0.4783, epsilon=0.1000, time=0.31509923934936523
INFO - 11/01/25 23:57:56 - 0:08:52 - Epoch 751: val_AUC=0.9717203881906286, val_AP=0.9605649941087124
INFO - 11/01/25 23:57:56 - 0:08:52 - Epoch 752: train_loss=1.0323233604431152, train_AUC=0.9350545350514663, train_AP=0.8979329111083091, distortion=0.4386497139930725, reward=0.4778, epsilon=0.1000, time=0.31175875663757324
INFO - 11/01/25 23:57:57 - 0:08:53 - Epoch 752: val_AUC=0.9719341736658359, val_AP=0.9606843766436247
INFO - 11/01/25 23:57:57 - 0:08:53 - Epoch 753: train_loss=1.0271258354187012, train_AUC=0.9365054720354139, train_AP=0.9000267191082836, distortion=0.43909209966659546, reward=0.4792, epsilon=0.1000, time=0.31634020805358887
INFO - 11/01/25 23:57:57 - 0:08:53 - Epoch 753: val_AUC=0.9725821568649483, val_AP=0.9623121291325858
INFO - 11/01/25 23:57:57 - 0:08:53 - Epoch 754: train_loss=1.027586579322815, train_AUC=0.935962161764202, train_AP=0.8991660522022373, distortion=0.43490466475486755, reward=0.4827, epsilon=0.1000, time=0.3149900436401367
INFO - 11/01/25 23:57:57 - 0:08:53 - Epoch 754: val_AUC=0.9719569351921721, val_AP=0.9604550256380209
INFO - 11/01/25 23:57:58 - 0:08:54 - Epoch 755: train_loss=1.0276002883911133, train_AUC=0.936359133963968, train_AP=0.8998617882617147, distortion=0.43645572662353516, reward=0.4817, epsilon=0.1000, time=0.31396961212158203
INFO - 11/01/25 23:57:58 - 0:08:54 - Epoch 755: val_AUC=0.9716712636306247, val_AP=0.9607147816393842
INFO - 11/01/25 23:57:58 - 0:08:54 - Epoch 756: train_loss=1.0270826816558838, train_AUC=0.9362792533387658, train_AP=0.8996995601620994, distortion=0.43633508682250977, reward=0.4817, epsilon=0.1000, time=0.31476473808288574
INFO - 11/01/25 23:57:58 - 0:08:54 - Epoch 756: val_AUC=0.9722611905315507, val_AP=0.9609465811523259
INFO - 11/01/25 23:57:59 - 0:08:55 - Epoch 757: train_loss=1.0269749164581299, train_AUC=0.9356615971983544, train_AP=0.8983186096290023, distortion=0.4374059736728668, reward=0.4796, epsilon=0.1000, time=0.315091609954834
INFO - 11/01/25 23:57:59 - 0:08:55 - Epoch 757: val_AUC=0.972309018548915, val_AP=0.9611735640379244
INFO - 11/01/25 23:57:59 - 0:08:55 - Epoch 758: train_loss=1.0251394510269165, train_AUC=0.9372688008204645, train_AP=0.9005340708883908, distortion=0.4345977306365967, reward=0.4843, epsilon=0.1000, time=0.31457948684692383
INFO - 11/01/25 23:57:59 - 0:08:55 - Epoch 758: val_AUC=0.9723652020632891, val_AP=0.9610779245115737
INFO - 11/01/25 23:57:59 - 0:08:55 - Epoch 759: train_loss=1.0268239974975586, train_AUC=0.9356244803390473, train_AP=0.8980967436314194, distortion=0.4361816644668579, reward=0.4807, epsilon=0.1000, time=0.315260648727417
INFO - 11/01/25 23:57:59 - 0:08:56 - Epoch 759: val_AUC=0.9724346391246435, val_AP=0.9619114507542058
INFO - 11/01/25 23:58:00 - 0:08:56 - Epoch 760: train_loss=1.0326728820800781, train_AUC=0.9333996873684298, train_AP=0.8933515940513048, distortion=0.43618881702423096, reward=0.4772, epsilon=0.1000, time=0.3214285373687744
INFO - 11/01/25 23:58:00 - 0:08:56 - Epoch 760: val_AUC=0.9716618997115625, val_AP=0.9601834626698043
INFO - 11/01/25 23:58:00 - 0:08:56 - Epoch 761: train_loss=1.0270664691925049, train_AUC=0.9363378148853483, train_AP=0.8989306347991884, distortion=0.43827033042907715, reward=0.4794, epsilon=0.1000, time=0.27706456184387207
INFO - 11/01/25 23:58:00 - 0:08:56 - Epoch 761: val_AUC=0.9719456984892972, val_AP=0.9609492063782261
INFO - 11/01/25 23:58:01 - 0:08:57 - Epoch 762: train_loss=1.022090196609497, train_AUC=0.9377120573176142, train_AP=0.9011311590448159, distortion=0.4345737397670746, reward=0.4848, epsilon=0.1000, time=0.31438708305358887
INFO - 11/01/25 23:58:01 - 0:08:57 - Epoch 762: val_AUC=0.9727875868431461, val_AP=0.961698144123465
INFO - 11/01/25 23:58:01 - 0:08:57 - Epoch 763: train_loss=1.0299384593963623, train_AUC=0.9348225388551036, train_AP=0.8972448152036954, distortion=0.43665385246276855, reward=0.4794, epsilon=0.1000, time=0.317474365234375
INFO - 11/01/25 23:58:01 - 0:08:57 - Epoch 763: val_AUC=0.972052591226901, val_AP=0.9612810693826962
INFO - 11/01/25 23:58:01 - 0:08:58 - Epoch 764: train_loss=1.0308035612106323, train_AUC=0.934923042228402, train_AP=0.8970330338863564, distortion=0.4365900754928589, reward=0.4794, epsilon=0.1000, time=0.31487011909484863
INFO - 11/01/25 23:58:02 - 0:08:58 - Epoch 764: val_AUC=0.9715485242607618, val_AP=0.9597208963212751
INFO - 11/01/25 23:58:02 - 0:08:58 - Epoch 765: train_loss=1.0270025730133057, train_AUC=0.9365290286428247, train_AP=0.8982736073024798, distortion=0.4382959306240082, reward=0.4791, epsilon=0.1000, time=0.311784029006958
INFO - 11/01/25 23:58:02 - 0:08:58 - Epoch 765: val_AUC=0.9723493554310297, val_AP=0.9615359270679017
INFO - 11/01/25 23:58:02 - 0:08:58 - Epoch 766: train_loss=1.0241544246673584, train_AUC=0.9364730659991422, train_AP=0.8984365719209315, distortion=0.4355955123901367, reward=0.4819, epsilon=0.1000, time=0.3146204948425293
INFO - 11/01/25 23:58:02 - 0:08:58 - Epoch 766: val_AUC=0.9720736240297179, val_AP=0.9610749190281141
INFO - 11/01/25 23:58:03 - 0:08:59 - Epoch 767: train_loss=1.0297746658325195, train_AUC=0.9356937804287965, train_AP=0.8986298079650243, distortion=0.43738657236099243, reward=0.4798, epsilon=0.1000, time=0.31452369689941406
INFO - 11/01/25 23:58:03 - 0:08:59 - Epoch 767: val_AUC=0.9723072898253962, val_AP=0.9609193871279362
INFO - 11/01/25 23:58:03 - 0:08:59 - Epoch 768: train_loss=1.032099962234497, train_AUC=0.9335981968953241, train_AP=0.8957518572592212, distortion=0.4350526034832001, reward=0.4796, epsilon=0.1000, time=0.3153996467590332
INFO - 11/01/25 23:58:03 - 0:08:59 - Epoch 768: val_AUC=0.9722001089672059, val_AP=0.9617750630092579
INFO - 11/01/25 23:58:04 - 0:09:00 - Epoch 769: train_loss=1.0289263725280762, train_AUC=0.9352606174843356, train_AP=0.8981556216753468, distortion=0.4352353811264038, reward=0.4815, epsilon=0.1000, time=0.3150920867919922
INFO - 11/01/25 23:58:04 - 0:09:00 - Epoch 769: val_AUC=0.9718033669195502, val_AP=0.9603214613341483
INFO - 11/01/25 23:58:04 - 0:09:00 - Epoch 770: train_loss=1.0309265851974487, train_AUC=0.9354997903212717, train_AP=0.8985681215246046, distortion=0.439243882894516, reward=0.4778, epsilon=0.1000, time=0.31537652015686035
INFO - 11/01/25 23:58:04 - 0:09:00 - Epoch 770: val_AUC=0.9726553394939278, val_AP=0.9619035169975717
INFO - 11/01/25 23:58:04 - 0:09:00 - Epoch 771: train_loss=1.0267233848571777, train_AUC=0.9367456422648899, train_AP=0.900090755381882, distortion=0.4364417791366577, reward=0.4820, epsilon=0.1000, time=0.3152179718017578
INFO - 11/01/25 23:58:05 - 0:09:01 - Epoch 771: val_AUC=0.9729008182336537, val_AP=0.9615691268892315
INFO - 11/01/25 23:58:05 - 0:09:01 - Epoch 772: train_loss=1.0314083099365234, train_AUC=0.9352386808298255, train_AP=0.8988811495499123, distortion=0.4385696053504944, reward=0.4785, epsilon=0.1000, time=0.314586877822876
INFO - 11/01/25 23:58:05 - 0:09:01 - Epoch 772: val_AUC=0.9710358136770264, val_AP=0.9603618923169817
INFO - 11/01/25 23:58:05 - 0:09:01 - Epoch 773: train_loss=1.0349180698394775, train_AUC=0.936165475323729, train_AP=0.8989641549308172, distortion=0.43803560733795166, reward=0.4795, epsilon=0.1000, time=0.31456995010375977
INFO - 11/01/25 23:58:05 - 0:09:01 - Epoch 773: val_AUC=0.9713371878105399, val_AP=0.959606685833586
INFO - 11/01/25 23:58:06 - 0:09:02 - Epoch 774: train_loss=1.0285183191299438, train_AUC=0.9367048927235089, train_AP=0.8993152053346674, distortion=0.4384821653366089, reward=0.4795, epsilon=0.1000, time=0.31516432762145996
INFO - 11/01/25 23:58:06 - 0:09:02 - Epoch 774: val_AUC=0.9726708980056005, val_AP=0.962073745583686
INFO - 11/01/25 23:58:06 - 0:09:02 - Epoch 775: train_loss=1.035874605178833, train_AUC=0.9338793903136091, train_AP=0.8970418105164315, distortion=0.4384380578994751, reward=0.4770, epsilon=0.1000, time=0.33789992332458496
INFO - 11/01/25 23:58:06 - 0:09:02 - Epoch 775: val_AUC=0.9716411550293321, val_AP=0.960829160968779
INFO - 11/01/25 23:58:07 - 0:09:03 - Epoch 776: train_loss=1.0313221216201782, train_AUC=0.936736622865586, train_AP=0.9001684331096296, distortion=0.439745157957077, reward=0.4787, epsilon=0.1000, time=0.3313319683074951
INFO - 11/01/25 23:58:07 - 0:09:03 - Epoch 776: val_AUC=0.971723845637667, val_AP=0.9602841584766202
INFO - 11/01/25 23:58:07 - 0:09:03 - Epoch 777: train_loss=1.0300171375274658, train_AUC=0.9361919069737031, train_AP=0.899553868633042, distortion=0.43964630365371704, reward=0.4782, epsilon=0.1000, time=0.3304898738861084
INFO - 11/01/25 23:58:07 - 0:09:03 - Epoch 777: val_AUC=0.9727867224813864, val_AP=0.9625428783296862
INFO - 11/01/25 23:58:07 - 0:09:04 - Epoch 778: train_loss=1.0319641828536987, train_AUC=0.9356039203952792, train_AP=0.8980539285324083, distortion=0.4398246705532074, reward=0.4770, epsilon=0.1000, time=0.3305542469024658
INFO - 11/01/25 23:58:08 - 0:09:04 - Epoch 778: val_AUC=0.9717595725903971, val_AP=0.9602579984107618
INFO - 11/01/25 23:58:08 - 0:09:04 - Epoch 779: train_loss=1.0261417627334595, train_AUC=0.9374661424859292, train_AP=0.9014656672601378, distortion=0.43657252192497253, reward=0.4829, epsilon=0.1000, time=0.3109912872314453
INFO - 11/01/25 23:58:08 - 0:09:04 - Epoch 779: val_AUC=0.9717613013139164, val_AP=0.960217388969503
INFO - 11/01/25 23:58:08 - 0:09:04 - Epoch 780: train_loss=1.0327495336532593, train_AUC=0.9349562293311954, train_AP=0.8970340280648789, distortion=0.43771710991859436, reward=0.4783, epsilon=0.1000, time=0.3108992576599121
INFO - 11/01/25 23:58:08 - 0:09:04 - Epoch 780: val_AUC=0.9735620549797466, val_AP=0.9633468403653476
INFO - 11/01/25 23:58:09 - 0:09:05 - Epoch 781: train_loss=1.0322571992874146, train_AUC=0.9340732268994437, train_AP=0.8942849227317078, distortion=0.4389609396457672, reward=0.4752, epsilon=0.1000, time=0.31009507179260254
INFO - 11/01/25 23:58:09 - 0:09:05 - Epoch 781: val_AUC=0.9725406675004876, val_AP=0.9617879822620372
INFO - 11/01/25 23:58:09 - 0:09:05 - Epoch 782: train_loss=1.02952241897583, train_AUC=0.9350363372482507, train_AP=0.8973200442313578, distortion=0.4362778663635254, reward=0.4799, epsilon=0.1000, time=0.30956268310546875
INFO - 11/01/25 23:58:09 - 0:09:05 - Epoch 782: val_AUC=0.9711908225525812, val_AP=0.9599951643243053
INFO - 11/01/25 23:58:10 - 0:09:06 - Epoch 783: train_loss=1.0345096588134766, train_AUC=0.9345757457597229, train_AP=0.8965882079942544, distortion=0.43613821268081665, reward=0.4794, epsilon=0.1000, time=0.31188464164733887
INFO - 11/01/25 23:58:10 - 0:09:06 - Epoch 783: val_AUC=0.9720341515093629, val_AP=0.9610737770379457
INFO - 11/01/25 23:58:10 - 0:09:06 - Epoch 784: train_loss=1.0248456001281738, train_AUC=0.9363697653410197, train_AP=0.8988363746115702, distortion=0.4359375834465027, reward=0.4817, epsilon=0.1000, time=0.3108501434326172
INFO - 11/01/25 23:58:10 - 0:09:06 - Epoch 784: val_AUC=0.9724893820360847, val_AP=0.9615798463073161
INFO - 11/01/25 23:58:10 - 0:09:06 - Epoch 785: train_loss=1.0265107154846191, train_AUC=0.9355824602561453, train_AP=0.8982862034966562, distortion=0.435996949672699, reward=0.4809, epsilon=0.1000, time=0.30785107612609863
INFO - 11/01/25 23:58:10 - 0:09:07 - Epoch 785: val_AUC=0.9721583314821586, val_AP=0.9613336115845814
INFO - 11/01/25 23:58:11 - 0:09:07 - Epoch 786: train_loss=1.0282676219940186, train_AUC=0.936832413920508, train_AP=0.9007462223631986, distortion=0.4369601011276245, reward=0.4818, epsilon=0.1000, time=0.3080177307128906
INFO - 11/01/25 23:58:11 - 0:09:07 - Epoch 786: val_AUC=0.972118570841217, val_AP=0.9619309004098433
INFO - 11/01/25 23:58:11 - 0:09:07 - Epoch 787: train_loss=1.0250654220581055, train_AUC=0.9364500467176473, train_AP=0.8987570922862176, distortion=0.43468180298805237, reward=0.4829, epsilon=0.1000, time=0.3107025623321533
INFO - 11/01/25 23:58:11 - 0:09:07 - Epoch 787: val_AUC=0.9716474936822359, val_AP=0.9615913402128932
INFO - 11/01/25 23:58:12 - 0:09:08 - Epoch 788: train_loss=1.0235315561294556, train_AUC=0.9373147885418556, train_AP=0.9010021882735659, distortion=0.43488195538520813, reward=0.4843, epsilon=0.1000, time=0.310239315032959
INFO - 11/01/25 23:58:12 - 0:09:08 - Epoch 788: val_AUC=0.9713553394074916, val_AP=0.9610056433644132
INFO - 11/01/25 23:58:12 - 0:09:08 - Epoch 789: train_loss=1.0305368900299072, train_AUC=0.9343085058680535, train_AP=0.8956935623345079, distortion=0.4346822202205658, reward=0.4803, epsilon=0.1000, time=0.31052231788635254
INFO - 11/01/25 23:58:12 - 0:09:08 - Epoch 789: val_AUC=0.9716549848174857, val_AP=0.9619575480945339
INFO - 11/01/25 23:58:12 - 0:09:09 - Epoch 790: train_loss=1.025609016418457, train_AUC=0.936009106503922, train_AP=0.8989023482450276, distortion=0.4341055750846863, reward=0.4834, epsilon=0.1000, time=0.31093454360961914
INFO - 11/01/25 23:58:13 - 0:09:09 - Epoch 790: val_AUC=0.9723836417808271, val_AP=0.9623615643101691
INFO - 11/01/25 23:58:13 - 0:09:09 - Epoch 791: train_loss=1.0196712017059326, train_AUC=0.9380366186196146, train_AP=0.9014253286053485, distortion=0.43641483783721924, reward=0.4833, epsilon=0.1000, time=0.3073766231536865
INFO - 11/01/25 23:58:13 - 0:09:09 - Epoch 791: val_AUC=0.972479729996436, val_AP=0.9630440468931345
INFO - 11/01/25 23:58:13 - 0:09:09 - Epoch 792: train_loss=1.0322604179382324, train_AUC=0.9333278805884847, train_AP=0.8943216339731228, distortion=0.43605658411979675, reward=0.4778, epsilon=0.1000, time=0.3105311393737793
INFO - 11/01/25 23:58:13 - 0:09:09 - Epoch 792: val_AUC=0.9716924404937349, val_AP=0.961857910140932
INFO - 11/01/25 23:58:14 - 0:09:10 - Epoch 793: train_loss=1.0272327661514282, train_AUC=0.9356755945883102, train_AP=0.8981901460972226, distortion=0.43496039509773254, reward=0.4820, epsilon=0.1000, time=0.3103957176208496
INFO - 11/01/25 23:58:14 - 0:09:10 - Epoch 793: val_AUC=0.9715777685002949, val_AP=0.9616809367533552
INFO - 11/01/25 23:58:14 - 0:09:10 - Epoch 794: train_loss=1.0225672721862793, train_AUC=0.9368361293447914, train_AP=0.9001174328192045, distortion=0.4346073269844055, reward=0.4839, epsilon=0.1000, time=0.3099944591522217
INFO - 11/01/25 23:58:14 - 0:09:10 - Epoch 794: val_AUC=0.9720759289944102, val_AP=0.9624223195350308
INFO - 11/01/25 23:58:15 - 0:09:11 - Epoch 795: train_loss=1.0257654190063477, train_AUC=0.9358628342274862, train_AP=0.8977826077115943, distortion=0.43461889028549194, reward=0.4822, epsilon=0.1000, time=0.3097083568572998
INFO - 11/01/25 23:58:15 - 0:09:11 - Epoch 795: val_AUC=0.9718837525631927, val_AP=0.9609407053814724
INFO - 11/01/25 23:58:15 - 0:09:11 - Epoch 796: train_loss=1.0274463891983032, train_AUC=0.9361308721328768, train_AP=0.8999100615744642, distortion=0.4363795518875122, reward=0.4816, epsilon=0.1000, time=0.30992960929870605
INFO - 11/01/25 23:58:15 - 0:09:11 - Epoch 796: val_AUC=0.9716189697441691, val_AP=0.9612046413392692
INFO - 11/01/25 23:58:15 - 0:09:11 - Epoch 797: train_loss=1.024740219116211, train_AUC=0.9360188282151143, train_AP=0.8984563446012901, distortion=0.4347652792930603, reward=0.4825, epsilon=0.1000, time=0.3087151050567627
INFO - 11/01/25 23:58:16 - 0:09:12 - Epoch 797: val_AUC=0.9720013057624983, val_AP=0.9607783716792078
INFO - 11/01/25 23:58:16 - 0:09:12 - Epoch 798: train_loss=1.0233978033065796, train_AUC=0.936573005130384, train_AP=0.8989286357577316, distortion=0.43635186553001404, reward=0.4814, epsilon=0.1000, time=0.31040501594543457
INFO - 11/01/25 23:58:16 - 0:09:12 - Epoch 798: val_AUC=0.9721589077233317, val_AP=0.961377062504128
INFO - 11/01/25 23:58:16 - 0:09:12 - Epoch 799: train_loss=1.0236501693725586, train_AUC=0.9373929704595237, train_AP=0.8993269608665205, distortion=0.4347405433654785, reward=0.4836, epsilon=0.1000, time=0.3110063076019287
INFO - 11/01/25 23:58:16 - 0:09:12 - Epoch 799: val_AUC=0.9725544972886411, val_AP=0.9617433222636453
INFO - 11/01/25 23:58:17 - 0:09:13 - Epoch 800: train_loss=1.0290484428405762, train_AUC=0.9342264420447883, train_AP=0.895071423284694, distortion=0.43465107679367065, reward=0.4800, epsilon=0.1000, time=0.2713160514831543
INFO - 11/01/25 23:58:17 - 0:09:13 - Epoch 800: val_AUC=0.9718961417484138, val_AP=0.9608905648334993
INFO - 11/01/25 23:58:17 - 0:09:13 - Epoch 801: train_loss=1.0206340551376343, train_AUC=0.9369342765589016, train_AP=0.8987631155895242, distortion=0.43352362513542175, reward=0.4843, epsilon=0.1000, time=0.3077700138092041
INFO - 11/01/25 23:58:17 - 0:09:13 - Epoch 801: val_AUC=0.9719938146272484, val_AP=0.9605289172274368
INFO - 11/01/25 23:58:17 - 0:09:14 - Epoch 802: train_loss=1.0237457752227783, train_AUC=0.9368919977819824, train_AP=0.9003414121307773, distortion=0.4338439702987671, reward=0.4848, epsilon=0.1000, time=0.31116461753845215
INFO - 11/01/25 23:58:18 - 0:09:14 - Epoch 802: val_AUC=0.9719998651595655, val_AP=0.9609333057230425
INFO - 11/01/25 23:58:18 - 0:09:14 - Epoch 803: train_loss=1.0233449935913086, train_AUC=0.9374386655924987, train_AP=0.9009329078473225, distortion=0.43465760350227356, reward=0.4845, epsilon=0.1000, time=0.31113100051879883
INFO - 11/01/25 23:58:18 - 0:09:14 - Epoch 803: val_AUC=0.972179652405562, val_AP=0.9605916364264684
INFO - 11/01/25 23:58:18 - 0:09:14 - Epoch 804: train_loss=1.0253701210021973, train_AUC=0.9362183092153017, train_AP=0.900469988819842, distortion=0.43735188245773315, reward=0.4810, epsilon=0.1000, time=0.3107774257659912
INFO - 11/01/25 23:58:18 - 0:09:14 - Epoch 804: val_AUC=0.9721116559471402, val_AP=0.9619989467590766
INFO - 11/01/25 23:58:19 - 0:09:15 - Epoch 805: train_loss=1.0271811485290527, train_AUC=0.9361857621185158, train_AP=0.8980760453867257, distortion=0.4350817799568176, reward=0.4820, epsilon=0.1000, time=0.3105771541595459
INFO - 11/01/25 23:58:19 - 0:09:15 - Epoch 805: val_AUC=0.9721462304175242, val_AP=0.9605357062333173
INFO - 11/01/25 23:58:19 - 0:09:15 - Epoch 806: train_loss=1.023666501045227, train_AUC=0.9371336324488804, train_AP=0.9006155556442951, distortion=0.44037163257598877, reward=0.4785, epsilon=0.1000, time=0.3105645179748535
INFO - 11/01/25 23:58:19 - 0:09:15 - Epoch 806: val_AUC=0.9716437481146109, val_AP=0.9614997213433488
INFO - 11/01/25 23:58:20 - 0:09:16 - Epoch 807: train_loss=1.0280190706253052, train_AUC=0.9372420456783573, train_AP=0.9000128443849071, distortion=0.43508878350257874, reward=0.4835, epsilon=0.1000, time=0.309981107711792
INFO - 11/01/25 23:58:20 - 0:09:16 - Epoch 807: val_AUC=0.9718428394399051, val_AP=0.9606828375337699
INFO - 11/01/25 23:58:20 - 0:09:16 - Epoch 808: train_loss=1.030036211013794, train_AUC=0.9348178075957396, train_AP=0.8969270004643118, distortion=0.43615779280662537, reward=0.4797, epsilon=0.1000, time=0.31079888343811035
INFO - 11/01/25 23:58:20 - 0:09:16 - Epoch 808: val_AUC=0.9720874538178714, val_AP=0.9613164953573162
INFO - 11/01/25 23:58:20 - 0:09:16 - Epoch 809: train_loss=1.0288257598876953, train_AUC=0.9358478583859784, train_AP=0.8977644371590113, distortion=0.43660968542099, reward=0.4802, epsilon=0.1000, time=0.3114204406738281
INFO - 11/01/25 23:58:20 - 0:09:17 - Epoch 809: val_AUC=0.9723551178427605, val_AP=0.9613284228956791
INFO - 11/01/25 23:58:21 - 0:09:17 - Epoch 810: train_loss=1.0221521854400635, train_AUC=0.9368062309956098, train_AP=0.9002206651949511, distortion=0.43567684292793274, reward=0.4828, epsilon=0.1000, time=0.3103034496307373
INFO - 11/01/25 23:58:21 - 0:09:17 - Epoch 810: val_AUC=0.9725619884238911, val_AP=0.9612784608937993
INFO - 11/01/25 23:58:21 - 0:09:17 - Epoch 811: train_loss=1.0257322788238525, train_AUC=0.9352492374398204, train_AP=0.8970302257333653, distortion=0.4357646107673645, reward=0.4804, epsilon=0.1000, time=0.3114445209503174
INFO - 11/01/25 23:58:21 - 0:09:17 - Epoch 811: val_AUC=0.9722735797167718, val_AP=0.961475915408962
INFO - 11/01/25 23:58:22 - 0:09:18 - Epoch 812: train_loss=1.023813009262085, train_AUC=0.9371482758262083, train_AP=0.9001714554520235, distortion=0.4353923797607422, reward=0.4833, epsilon=0.1000, time=0.30982232093811035
INFO - 11/01/25 23:58:22 - 0:09:18 - Epoch 812: val_AUC=0.9721764830791101, val_AP=0.9607834317392878
INFO - 11/01/25 23:58:22 - 0:09:18 - Epoch 813: train_loss=1.0333706140518188, train_AUC=0.9340232007600832, train_AP=0.8955128441425756, distortion=0.4383734464645386, reward=0.4764, epsilon=0.1000, time=0.3104066848754883
INFO - 11/01/25 23:58:22 - 0:09:18 - Epoch 813: val_AUC=0.9721911772290233, val_AP=0.9623099778791415
INFO - 11/01/25 23:58:22 - 0:09:19 - Epoch 814: train_loss=1.0268573760986328, train_AUC=0.9358271324593438, train_AP=0.8987092109995489, distortion=0.4334304630756378, reward=0.4838, epsilon=0.1000, time=0.3110940456390381
INFO - 11/01/25 23:58:23 - 0:09:19 - Epoch 814: val_AUC=0.9717414209934455, val_AP=0.9603731953602613
INFO - 11/01/25 23:58:23 - 0:09:19 - Epoch 815: train_loss=1.0320907831192017, train_AUC=0.9345210566482437, train_AP=0.8957630606181487, distortion=0.43671736121177673, reward=0.4784, epsilon=0.1000, time=0.31006860733032227
INFO - 11/01/25 23:58:23 - 0:09:19 - Epoch 815: val_AUC=0.9725006187389595, val_AP=0.9624663052320752
INFO - 11/01/25 23:58:23 - 0:09:19 - Epoch 816: train_loss=1.0287405252456665, train_AUC=0.9349263339726961, train_AP=0.8966771420594122, distortion=0.4351731538772583, reward=0.4806, epsilon=0.1000, time=0.31141018867492676
INFO - 11/01/25 23:58:23 - 0:09:19 - Epoch 816: val_AUC=0.972232666593484, val_AP=0.9617100001178435
INFO - 11/01/25 23:58:24 - 0:09:20 - Epoch 817: train_loss=1.0260143280029297, train_AUC=0.9354806255307864, train_AP=0.8981375498368125, distortion=0.4365245997905731, reward=0.4803, epsilon=0.1000, time=0.31048154830932617
INFO - 11/01/25 23:58:24 - 0:09:20 - Epoch 817: val_AUC=0.9716555610586588, val_AP=0.961156349690323
INFO - 11/01/25 23:58:24 - 0:09:20 - Epoch 818: train_loss=1.0216187238693237, train_AUC=0.9372946587578884, train_AP=0.8993188737741264, distortion=0.4338567554950714, reward=0.4845, epsilon=0.1000, time=0.31532979011535645
INFO - 11/01/25 23:58:24 - 0:09:20 - Epoch 818: val_AUC=0.9722427508140127, val_AP=0.9626207748416158
INFO - 11/01/25 23:58:25 - 0:09:21 - Epoch 819: train_loss=1.023123860359192, train_AUC=0.937490129751588, train_AP=0.9016775052883045, distortion=0.4335310161113739, reward=0.4861, epsilon=0.1000, time=0.2726325988769531
INFO - 11/01/25 23:58:25 - 0:09:21 - Epoch 819: val_AUC=0.9722464963816377, val_AP=0.9625446694078686
INFO - 11/01/25 23:58:25 - 0:09:21 - Epoch 820: train_loss=1.0219279527664185, train_AUC=0.9369831059269039, train_AP=0.9010275593296985, distortion=0.4360109567642212, reward=0.4830, epsilon=0.1000, time=0.31058287620544434
INFO - 11/01/25 23:58:25 - 0:09:21 - Epoch 820: val_AUC=0.9717598607109836, val_AP=0.9620796600616444
INFO - 11/01/25 23:58:25 - 0:09:21 - Epoch 821: train_loss=1.0249119997024536, train_AUC=0.9362814639514164, train_AP=0.8991892547669602, distortion=0.43363484740257263, reward=0.4841, epsilon=0.1000, time=0.3100302219390869
INFO - 11/01/25 23:58:25 - 0:09:22 - Epoch 821: val_AUC=0.9719739343067776, val_AP=0.9617154946951295
INFO - 11/01/25 23:58:26 - 0:09:22 - Epoch 822: train_loss=1.022040843963623, train_AUC=0.9367921762842436, train_AP=0.9013133792030281, distortion=0.4338875710964203, reward=0.4852, epsilon=0.1000, time=0.3102836608886719
INFO - 11/01/25 23:58:26 - 0:09:22 - Epoch 822: val_AUC=0.972071030944439, val_AP=0.96295440334192
INFO - 11/01/25 23:58:26 - 0:09:22 - Epoch 823: train_loss=1.0165762901306152, train_AUC=0.9397225065940158, train_AP=0.9047287899620793, distortion=0.4343341290950775, reward=0.4879, epsilon=0.1000, time=0.311079740524292
INFO - 11/01/25 23:58:26 - 0:09:22 - Epoch 823: val_AUC=0.9721070460177558, val_AP=0.961865479384799
INFO - 11/01/25 23:58:27 - 0:09:23 - Epoch 824: train_loss=1.0213112831115723, train_AUC=0.9373112610321086, train_AP=0.9001731133770909, distortion=0.4369868040084839, reward=0.4818, epsilon=0.1000, time=0.3102986812591553
INFO - 11/01/25 23:58:27 - 0:09:23 - Epoch 824: val_AUC=0.9715665317974201, val_AP=0.96212929802201
INFO - 11/01/25 23:58:27 - 0:09:23 - Epoch 825: train_loss=1.0295348167419434, train_AUC=0.9359212856172714, train_AP=0.8987664465184175, distortion=0.43364131450653076, reward=0.4837, epsilon=0.1000, time=0.3102543354034424
INFO - 11/01/25 23:58:27 - 0:09:23 - Epoch 825: val_AUC=0.9721384511616878, val_AP=0.9617902215080143
INFO - 11/01/25 23:58:27 - 0:09:24 - Epoch 826: train_loss=1.0224800109863281, train_AUC=0.9362932392644395, train_AP=0.8993084869824656, distortion=0.43386051058769226, reward=0.4839, epsilon=0.1000, time=0.3113548755645752
INFO - 11/01/25 23:58:28 - 0:09:24 - Epoch 826: val_AUC=0.9722937481578291, val_AP=0.9619547921460757
INFO - 11/01/25 23:58:28 - 0:09:24 - Epoch 827: train_loss=1.0231750011444092, train_AUC=0.9360084734761732, train_AP=0.8978379881731549, distortion=0.43430283665657043, reward=0.4826, epsilon=0.1000, time=0.31050634384155273
INFO - 11/01/25 23:58:28 - 0:09:24 - Epoch 827: val_AUC=0.9715362791358343, val_AP=0.9601692422692164
INFO - 11/01/25 23:58:28 - 0:09:24 - Epoch 828: train_loss=1.0278888940811157, train_AUC=0.9352158414877144, train_AP=0.8967270639244641, distortion=0.4361761808395386, reward=0.4798, epsilon=0.1000, time=0.3100719451904297
INFO - 11/01/25 23:58:28 - 0:09:24 - Epoch 828: val_AUC=0.9721721612703121, val_AP=0.960935032529267
INFO - 11/01/25 23:58:29 - 0:09:25 - Epoch 829: train_loss=1.023295521736145, train_AUC=0.936473279334478, train_AP=0.8989417961950066, distortion=0.43414443731307983, reward=0.4836, epsilon=0.1000, time=0.30757761001586914
INFO - 11/01/25 23:58:29 - 0:09:25 - Epoch 829: val_AUC=0.972475552247931, val_AP=0.9619796787691469
INFO - 11/01/25 23:58:29 - 0:09:25 - Epoch 830: train_loss=1.023564338684082, train_AUC=0.935956334419783, train_AP=0.898674040737248, distortion=0.43365493416786194, reward=0.4837, epsilon=0.1000, time=0.3114445209503174
INFO - 11/01/25 23:58:29 - 0:09:25 - Epoch 830: val_AUC=0.9726547632527546, val_AP=0.9618752155997737
INFO - 11/01/25 23:58:30 - 0:09:26 - Epoch 831: train_loss=1.0252699851989746, train_AUC=0.935835917588536, train_AP=0.8988221916003136, distortion=0.43523746728897095, reward=0.4821, epsilon=0.1000, time=0.31043577194213867
INFO - 11/01/25 23:58:30 - 0:09:26 - Epoch 831: val_AUC=0.9727269374596812, val_AP=0.9625348340784481
INFO - 11/01/25 23:58:30 - 0:09:26 - Epoch 832: train_loss=1.0263254642486572, train_AUC=0.9360077995757666, train_AP=0.89864553076513, distortion=0.4349997639656067, reward=0.4823, epsilon=0.1000, time=0.27214670181274414
INFO - 11/01/25 23:58:30 - 0:09:26 - Epoch 832: val_AUC=0.9728091958871363, val_AP=0.9616060966816646
INFO - 11/01/25 23:58:30 - 0:09:26 - Epoch 833: train_loss=1.023756980895996, train_AUC=0.9370186456997563, train_AP=0.9006850914647065, distortion=0.43814775347709656, reward=0.4807, epsilon=0.1000, time=0.3079094886779785
INFO - 11/01/25 23:58:30 - 0:09:27 - Epoch 833: val_AUC=0.9725389387769684, val_AP=0.9626730420536855
INFO - 11/01/25 23:58:31 - 0:09:27 - Epoch 834: train_loss=1.0309839248657227, train_AUC=0.9363871671243023, train_AP=0.8994640573131426, distortion=0.4362492561340332, reward=0.4817, epsilon=0.1000, time=0.30755162239074707
INFO - 11/01/25 23:58:31 - 0:09:27 - Epoch 834: val_AUC=0.9723868111072791, val_AP=0.9610667253279551
INFO - 11/01/25 23:58:31 - 0:09:27 - Epoch 835: train_loss=1.0297993421554565, train_AUC=0.935307404714789, train_AP=0.8977023934914286, distortion=0.4404142200946808, reward=0.4761, epsilon=0.1000, time=0.31070947647094727
INFO - 11/01/25 23:58:31 - 0:09:27 - Epoch 835: val_AUC=0.9720667091356411, val_AP=0.9621565185677885
INFO - 11/01/25 23:58:32 - 0:09:28 - Epoch 836: train_loss=1.032456874847412, train_AUC=0.9353408191094358, train_AP=0.8971335050781865, distortion=0.43514636158943176, reward=0.4811, epsilon=0.1000, time=0.30742931365966797
INFO - 11/01/25 23:58:32 - 0:09:28 - Epoch 836: val_AUC=0.9723662104853421, val_AP=0.9615874361890481
INFO - 11/01/25 23:58:32 - 0:09:28 - Epoch 837: train_loss=1.0244855880737305, train_AUC=0.9367248983941615, train_AP=0.8989611161362342, distortion=0.43680620193481445, reward=0.4810, epsilon=0.1000, time=0.31030750274658203
INFO - 11/01/25 23:58:32 - 0:09:28 - Epoch 837: val_AUC=0.9723029680165981, val_AP=0.9619785606870703
INFO - 11/01/25 23:58:32 - 0:09:28 - Epoch 838: train_loss=1.0248106718063354, train_AUC=0.9360091638253325, train_AP=0.8971357696177352, distortion=0.43693551421165466, reward=0.4796, epsilon=0.1000, time=0.2708394527435303
INFO - 11/01/25 23:58:32 - 0:09:29 - Epoch 838: val_AUC=0.9714311151217496, val_AP=0.9612140446742616
INFO - 11/01/25 23:58:33 - 0:09:29 - Epoch 839: train_loss=1.0237009525299072, train_AUC=0.9387474160704495, train_AP=0.9026396842552024, distortion=0.43710386753082275, reward=0.4836, epsilon=0.1000, time=0.30770111083984375
INFO - 11/01/25 23:58:33 - 0:09:29 - Epoch 839: val_AUC=0.9721447898145915, val_AP=0.961011579883952
INFO - 11/01/25 23:58:33 - 0:09:29 - Epoch 840: train_loss=1.0266960859298706, train_AUC=0.9369606758098178, train_AP=0.8988212643836472, distortion=0.4407918453216553, reward=0.4771, epsilon=0.1000, time=0.31087422370910645
INFO - 11/01/25 23:58:33 - 0:09:29 - Epoch 840: val_AUC=0.972969679053835, val_AP=0.9638340478617557
INFO - 11/01/25 23:58:34 - 0:09:30 - Epoch 841: train_loss=1.0310224294662476, train_AUC=0.9355440574034587, train_AP=0.898062367086642, distortion=0.43790557980537415, reward=0.4789, epsilon=0.1000, time=0.30738210678100586
INFO - 11/01/25 23:58:34 - 0:09:30 - Epoch 841: val_AUC=0.9718004857136847, val_AP=0.9613297948391145
INFO - 11/01/25 23:58:34 - 0:09:30 - Epoch 842: train_loss=1.0275784730911255, train_AUC=0.9364216756102156, train_AP=0.8980733221018277, distortion=0.44031214714050293, reward=0.4769, epsilon=0.1000, time=0.31045961380004883
INFO - 11/01/25 23:58:34 - 0:09:30 - Epoch 842: val_AUC=0.9735269042681894, val_AP=0.9633456154954793
INFO - 11/01/25 23:58:34 - 0:09:31 - Epoch 843: train_loss=1.0384430885314941, train_AUC=0.9336837892252304, train_AP=0.8952455866097422, distortion=0.440061092376709, reward=0.4744, epsilon=0.1000, time=0.3108236789703369
INFO - 11/01/25 23:58:35 - 0:09:31 - Epoch 843: val_AUC=0.9730379636328436, val_AP=0.9635911311846703
INFO - 11/01/25 23:58:35 - 0:09:31 - Epoch 844: train_loss=1.0342034101486206, train_AUC=0.9365029115129369, train_AP=0.8995870832190167, distortion=0.43972277641296387, reward=0.4783, epsilon=0.1000, time=0.3092019557952881
INFO - 11/01/25 23:58:35 - 0:09:31 - Epoch 844: val_AUC=0.9713034777019156, val_AP=0.9600396820612225
INFO - 11/01/25 23:58:35 - 0:09:31 - Epoch 845: train_loss=1.0519648790359497, train_AUC=0.9351770657966371, train_AP=0.8983539578034903, distortion=0.45819300413131714, reward=0.4586, epsilon=0.1000, time=0.31044864654541016
INFO - 11/01/25 23:58:35 - 0:09:31 - Epoch 845: val_AUC=0.9738297190046357, val_AP=0.9645708743558598
INFO - 11/01/25 23:58:36 - 0:09:32 - Epoch 846: train_loss=1.0474430322647095, train_AUC=0.933814240792415, train_AP=0.8965963740365565, distortion=0.4469749629497528, reward=0.4682, epsilon=0.1000, time=0.30710625648498535
INFO - 11/01/25 23:58:36 - 0:09:32 - Epoch 846: val_AUC=0.9730365230299107, val_AP=0.9636514697861971
INFO - 11/01/25 23:58:36 - 0:09:32 - Epoch 847: train_loss=1.051253080368042, train_AUC=0.9357225308544305, train_AP=0.8976473807670758, distortion=0.4456852674484253, reward=0.4710, epsilon=0.1000, time=0.31746673583984375
INFO - 11/01/25 23:58:36 - 0:09:32 - Epoch 847: val_AUC=0.9711994661701772, val_AP=0.9590898682057831
INFO - 11/01/25 23:58:37 - 0:09:33 - Epoch 848: train_loss=1.0536879301071167, train_AUC=0.9360903902575598, train_AP=0.8990963286576645, distortion=0.46445953845977783, reward=0.4531, epsilon=0.1000, time=0.31640005111694336
INFO - 11/01/25 23:58:37 - 0:09:33 - Epoch 848: val_AUC=0.9720252197711804, val_AP=0.9629968162322999
INFO - 11/01/25 23:58:37 - 0:09:33 - Epoch 849: train_loss=1.042551040649414, train_AUC=0.9380167774364874, train_AP=0.9008808386321603, distortion=0.45529085397720337, reward=0.4642, epsilon=0.1000, time=0.3072829246520996
INFO - 11/01/25 23:58:37 - 0:09:33 - Epoch 849: val_AUC=0.9717644706403682, val_AP=0.9627055040938937
INFO - 11/01/25 23:58:37 - 0:09:33 - Epoch 850: train_loss=1.0521053075790405, train_AUC=0.9343792011110854, train_AP=0.8971029486410605, distortion=0.4572981297969818, reward=0.4584, epsilon=0.1000, time=0.3078594207763672
INFO - 11/01/25 23:58:38 - 0:09:34 - Epoch 850: val_AUC=0.9715941913737273, val_AP=0.9614769358394663
INFO - 11/01/25 23:58:38 - 0:09:34 - Epoch 851: train_loss=1.0434343814849854, train_AUC=0.9360483143485887, train_AP=0.8976070320339127, distortion=0.4548147916793823, reward=0.4620, epsilon=0.1000, time=0.3069925308227539
INFO - 11/01/25 23:58:38 - 0:09:34 - Epoch 851: val_AUC=0.9728365673428568, val_AP=0.9635475379383265
INFO - 11/01/25 23:58:38 - 0:09:34 - Epoch 852: train_loss=1.0458976030349731, train_AUC=0.9349647044263246, train_AP=0.8969855434058229, distortion=0.451377272605896, reward=0.4646, epsilon=0.1000, time=0.30754733085632324
INFO - 11/01/25 23:58:38 - 0:09:34 - Epoch 852: val_AUC=0.9726605256644854, val_AP=0.9629293456423681
INFO - 11/01/25 23:58:39 - 0:09:35 - Epoch 853: train_loss=1.0451807975769043, train_AUC=0.9351314947769768, train_AP=0.8981535647227725, distortion=0.45261046290397644, reward=0.4640, epsilon=0.1000, time=0.30998754501342773
INFO - 11/01/25 23:58:39 - 0:09:35 - Epoch 853: val_AUC=0.9711069794619002, val_AP=0.9602950410169331
INFO - 11/01/25 23:58:39 - 0:09:35 - Epoch 854: train_loss=1.0458478927612305, train_AUC=0.9357942698455775, train_AP=0.8979019672775673, distortion=0.45572009682655334, reward=0.4611, epsilon=0.1000, time=0.30727434158325195
INFO - 11/01/25 23:58:39 - 0:09:35 - Epoch 854: val_AUC=0.9701959421672834, val_AP=0.9592282180664081
INFO - 11/01/25 23:58:39 - 0:09:36 - Epoch 855: train_loss=1.0360798835754395, train_AUC=0.9359779341240899, train_AP=0.8996473104669294, distortion=0.4433225095272064, reward=0.4745, epsilon=0.1000, time=0.307572603225708
INFO - 11/01/25 23:58:40 - 0:09:36 - Epoch 855: val_AUC=0.970153588441063, val_AP=0.9601159990634769
INFO - 11/01/25 23:58:40 - 0:09:36 - Epoch 856: train_loss=1.0330781936645508, train_AUC=0.9383996655165115, train_AP=0.9037988811368491, distortion=0.43967950344085693, reward=0.4814, epsilon=0.1000, time=0.30957770347595215
INFO - 11/01/25 23:58:40 - 0:09:36 - Epoch 856: val_AUC=0.9705877861649681, val_AP=0.9601209851114187
INFO - 11/01/25 23:58:40 - 0:09:36 - Epoch 857: train_loss=1.0386617183685303, train_AUC=0.9348160804767239, train_AP=0.8968096672915538, distortion=0.4452747404575348, reward=0.4705, epsilon=0.1000, time=0.30695128440856934
INFO - 11/01/25 23:58:40 - 0:09:36 - Epoch 857: val_AUC=0.9717117445730326, val_AP=0.9616936759206831
INFO - 11/01/25 23:58:41 - 0:09:37 - Epoch 858: train_loss=1.0387039184570312, train_AUC=0.935407292007538, train_AP=0.8976028990893762, distortion=0.4497859477996826, reward=0.4667, epsilon=0.1000, time=0.3066263198852539
INFO - 11/01/25 23:58:41 - 0:09:37 - Epoch 858: val_AUC=0.9723018155342519, val_AP=0.96265444356077
INFO - 11/01/25 23:58:41 - 0:09:37 - Epoch 859: train_loss=1.0337008237838745, train_AUC=0.9361710315129548, train_AP=0.8983490262844599, distortion=0.4472743570804596, reward=0.4700, epsilon=0.1000, time=0.30727291107177734
INFO - 11/01/25 23:58:41 - 0:09:37 - Epoch 859: val_AUC=0.9716273252411785, val_AP=0.9611923671282925
INFO - 11/01/25 23:58:42 - 0:09:38 - Epoch 860: train_loss=1.0277858972549438, train_AUC=0.9378465099192398, train_AP=0.9018797954302538, distortion=0.4435599744319916, reward=0.4763, epsilon=0.1000, time=0.307553768157959
INFO - 11/01/25 23:58:42 - 0:09:38 - Epoch 860: val_AUC=0.9716307826882169, val_AP=0.9617920658497199
INFO - 11/01/25 23:58:42 - 0:09:38 - Epoch 861: train_loss=1.0340783596038818, train_AUC=0.9351342741177073, train_AP=0.8972200124119781, distortion=0.4388105571269989, reward=0.4774, epsilon=0.1000, time=0.2700068950653076
INFO - 11/01/25 23:58:42 - 0:09:38 - Epoch 861: val_AUC=0.972079098320862, val_AP=0.9629722782062962
INFO - 11/01/25 23:58:42 - 0:09:38 - Epoch 862: train_loss=1.0303956270217896, train_AUC=0.9353327128651209, train_AP=0.8969743781671342, distortion=0.43866321444511414, reward=0.4775, epsilon=0.1000, time=0.3073999881744385
INFO - 11/01/25 23:58:42 - 0:09:39 - Epoch 862: val_AUC=0.972467772992095, val_AP=0.9630202060881726
INFO - 11/01/25 23:58:43 - 0:09:39 - Epoch 863: train_loss=1.025266408920288, train_AUC=0.9378088806563691, train_AP=0.9021844949449896, distortion=0.4420873522758484, reward=0.4779, epsilon=0.1000, time=0.30700254440307617
INFO - 11/01/25 23:58:43 - 0:09:39 - Epoch 863: val_AUC=0.972719878505311, val_AP=0.9630741188795324
INFO - 11/01/25 23:58:43 - 0:09:39 - Epoch 864: train_loss=1.031603455543518, train_AUC=0.9363742010212852, train_AP=0.8997041481150867, distortion=0.4439227283000946, reward=0.4741, epsilon=0.1000, time=0.30687522888183594
INFO - 11/01/25 23:58:43 - 0:09:39 - Epoch 864: val_AUC=0.9732874760607808, val_AP=0.9640022678311427
INFO - 11/01/25 23:58:44 - 0:09:40 - Epoch 865: train_loss=1.0288641452789307, train_AUC=0.9356521446485672, train_AP=0.8972159143350437, distortion=0.44098424911499023, reward=0.4754, epsilon=0.1000, time=0.30764198303222656
INFO - 11/01/25 23:58:44 - 0:09:40 - Epoch 865: val_AUC=0.9731339077881588, val_AP=0.9637486995348745
INFO - 11/01/25 23:58:44 - 0:09:40 - Epoch 866: train_loss=1.02498197555542, train_AUC=0.9362566068956616, train_AP=0.8994404318448616, distortion=0.44004344940185547, reward=0.4778, epsilon=0.1000, time=0.3101682662963867
INFO - 11/01/25 23:58:44 - 0:09:40 - Epoch 866: val_AUC=0.9718549405045394, val_AP=0.9615428645511536
INFO - 11/01/25 23:58:44 - 0:09:41 - Epoch 867: train_loss=1.0283522605895996, train_AUC=0.9369421380657168, train_AP=0.8999586817941426, distortion=0.44023597240448, reward=0.4782, epsilon=0.1000, time=0.3077263832092285
INFO - 11/01/25 23:58:45 - 0:09:41 - Epoch 867: val_AUC=0.9715665317974203, val_AP=0.9611880499606361
INFO - 11/01/25 23:58:45 - 0:09:41 - Epoch 868: train_loss=1.02370285987854, train_AUC=0.9384207348731609, train_AP=0.902166245684028, distortion=0.4392901360988617, reward=0.4810, epsilon=0.1000, time=0.3072166442871094
INFO - 11/01/25 23:58:45 - 0:09:41 - Epoch 868: val_AUC=0.972236412161109, val_AP=0.9626052796777917
INFO - 11/01/25 23:58:45 - 0:09:41 - Epoch 869: train_loss=1.0218862295150757, train_AUC=0.9371259703208837, train_AP=0.9003239840233892, distortion=0.43573853373527527, reward=0.4830, epsilon=0.1000, time=0.31331539154052734
INFO - 11/01/25 23:58:45 - 0:09:41 - Epoch 869: val_AUC=0.9724303173158455, val_AP=0.9628886229146779
INFO - 11/01/25 23:58:46 - 0:09:42 - Epoch 870: train_loss=1.0262914896011353, train_AUC=0.9359852039742611, train_AP=0.8979255400991958, distortion=0.43640053272247314, reward=0.4806, epsilon=0.1000, time=0.3105168342590332
INFO - 11/01/25 23:58:46 - 0:09:42 - Epoch 870: val_AUC=0.9717373873052341, val_AP=0.9618006958414497
INFO - 11/01/25 23:58:46 - 0:09:42 - Epoch 871: train_loss=1.0254470109939575, train_AUC=0.9368469072652749, train_AP=0.8994703220753938, distortion=0.4375886023044586, reward=0.4806, epsilon=0.1000, time=0.3095536231994629
INFO - 11/01/25 23:58:46 - 0:09:42 - Epoch 871: val_AUC=0.9720355921122955, val_AP=0.9619290688118312
INFO - 11/01/25 23:58:46 - 0:09:43 - Epoch 872: train_loss=1.0285508632659912, train_AUC=0.9359844901980907, train_AP=0.9000938742157764, distortion=0.43753236532211304, reward=0.4805, epsilon=0.1000, time=0.2644643783569336
INFO - 11/01/25 23:58:47 - 0:09:43 - Epoch 872: val_AUC=0.9728936152189904, val_AP=0.9630995009717364
INFO - 11/01/25 23:58:47 - 0:09:43 - Epoch 873: train_loss=1.0232237577438354, train_AUC=0.9368384231980988, train_AP=0.899857951475382, distortion=0.43586525321006775, reward=0.4825, epsilon=0.1000, time=0.30718040466308594
INFO - 11/01/25 23:58:47 - 0:09:43 - Epoch 873: val_AUC=0.9726564919762738, val_AP=0.962133070153577
INFO - 11/01/25 23:58:47 - 0:09:43 - Epoch 874: train_loss=1.0254749059677124, train_AUC=0.9365887037201089, train_AP=0.8996030624971305, distortion=0.4357072412967682, reward=0.4824, epsilon=0.1000, time=0.30674171447753906
INFO - 11/01/25 23:58:47 - 0:09:43 - Epoch 874: val_AUC=0.9722925956754829, val_AP=0.9613588336677501
INFO - 11/01/25 23:58:48 - 0:09:44 - Epoch 875: train_loss=1.023099660873413, train_AUC=0.9374239992866067, train_AP=0.9007938489090774, distortion=0.43783435225486755, reward=0.4813, epsilon=0.1000, time=0.30676889419555664
INFO - 11/01/25 23:58:48 - 0:09:44 - Epoch 875: val_AUC=0.9727898918078385, val_AP=0.9625847270256359
INFO - 11/01/25 23:58:48 - 0:09:44 - Epoch 876: train_loss=1.0227868556976318, train_AUC=0.9363568126960732, train_AP=0.8990544100660025, distortion=0.4359803795814514, reward=0.4817, epsilon=0.1000, time=0.31380534172058105
INFO - 11/01/25 23:58:48 - 0:09:44 - Epoch 876: val_AUC=0.9727157007568065, val_AP=0.9626222221105167
INFO - 11/01/25 23:58:49 - 0:09:45 - Epoch 877: train_loss=1.0201884508132935, train_AUC=0.9373230293668731, train_AP=0.899834661962555, distortion=0.4343099296092987, reward=0.4843, epsilon=0.1000, time=0.30899834632873535
INFO - 11/01/25 23:58:49 - 0:09:45 - Epoch 877: val_AUC=0.9717889608902233, val_AP=0.9608325544048146
INFO - 11/01/25 23:58:49 - 0:09:45 - Epoch 878: train_loss=1.0253574848175049, train_AUC=0.9358431799620012, train_AP=0.8985602766438213, distortion=0.4358949065208435, reward=0.4813, epsilon=0.1000, time=0.3073742389678955
INFO - 11/01/25 23:58:49 - 0:09:45 - Epoch 878: val_AUC=0.9721805167673214, val_AP=0.9636655742488632
INFO - 11/01/25 23:58:49 - 0:09:45 - Epoch 879: train_loss=1.019900918006897, train_AUC=0.937931025105079, train_AP=0.9017299854390647, distortion=0.4326438903808594, reward=0.4872, epsilon=0.1000, time=0.3138551712036133
INFO - 11/01/25 23:58:50 - 0:09:46 - Epoch 879: val_AUC=0.9717339298581956, val_AP=0.9610880801290322
INFO - 11/01/25 23:58:50 - 0:09:46 - Epoch 880: train_loss=1.02437162399292, train_AUC=0.9366184355879771, train_AP=0.9001856793551604, distortion=0.43432489037513733, reward=0.4841, epsilon=0.1000, time=0.3096590042114258
INFO - 11/01/25 23:58:50 - 0:09:46 - Epoch 880: val_AUC=0.9697611682022054, val_AP=0.9588725494714975
INFO - 11/01/25 23:58:50 - 0:09:46 - Epoch 881: train_loss=1.0576468706130981, train_AUC=0.9368557571925828, train_AP=0.9006151297208675, distortion=0.4642333984375, reward=0.4545, epsilon=0.1000, time=0.30840325355529785
INFO - 11/01/25 23:58:50 - 0:09:46 - Epoch 881: val_AUC=0.9703379856164441, val_AP=0.958748387985574
INFO - 11/01/25 23:58:51 - 0:09:47 - Epoch 882: train_loss=1.0921052694320679, train_AUC=0.9354555337064726, train_AP=0.8995476147709585, distortion=0.49211356043815613, reward=0.4254, epsilon=0.1000, time=0.26475048065185547
INFO - 11/01/25 23:58:51 - 0:09:47 - Epoch 882: val_AUC=0.970407134557212, val_AP=0.9637110669996589
INFO - 11/01/25 23:58:51 - 0:09:47 - Epoch 883: train_loss=1.0642069578170776, train_AUC=0.9357009122091358, train_AP=0.8983553662141784, distortion=0.46037915349006653, reward=0.4566, epsilon=0.1000, time=0.3069603443145752
INFO - 11/01/25 23:58:51 - 0:09:47 - Epoch 883: val_AUC=0.9675665536945847, val_AP=0.9586489438338265
INFO - 11/01/25 23:58:51 - 0:09:48 - Epoch 884: train_loss=1.0751662254333496, train_AUC=0.9359570781027763, train_AP=0.898132276669137, distortion=0.46634361147880554, reward=0.4507, epsilon=0.1000, time=0.31302332878112793
INFO - 11/01/25 23:58:52 - 0:09:48 - Epoch 884: val_AUC=0.9663616334017043, val_AP=0.956024920961377
INFO - 11/01/25 23:58:52 - 0:09:48 - Epoch 885: train_loss=1.0735423564910889, train_AUC=0.9335551893888233, train_AP=0.8947907946006436, distortion=0.47052693367004395, reward=0.4436, epsilon=0.1000, time=0.30904459953308105
INFO - 11/01/25 23:58:52 - 0:09:48 - Epoch 885: val_AUC=0.9689138055572122, val_AP=0.9590470240521828
INFO - 11/01/25 23:58:52 - 0:09:48 - Epoch 886: train_loss=1.06889009475708, train_AUC=0.93275537079085, train_AP=0.8933146930093736, distortion=0.4663195013999939, reward=0.4467, epsilon=0.1000, time=0.30869030952453613
INFO - 11/01/25 23:58:52 - 0:09:48 - Epoch 886: val_AUC=0.9707472609096139, val_AP=0.9620678223570912
INFO - 11/01/25 23:58:53 - 0:09:49 - Epoch 887: train_loss=1.0555346012115479, train_AUC=0.9342546222470013, train_AP=0.8954686068309645, distortion=0.4573366641998291, reward=0.4575, epsilon=0.1000, time=0.30857253074645996
INFO - 11/01/25 23:58:53 - 0:09:49 - Epoch 887: val_AUC=0.9711790096085334, val_AP=0.961838346927606
INFO - 11/01/25 23:58:53 - 0:09:49 - Epoch 888: train_loss=1.0511374473571777, train_AUC=0.9352928520548236, train_AP=0.8983379435313665, distortion=0.4598923921585083, reward=0.4569, epsilon=0.1000, time=0.3089027404785156
INFO - 11/01/25 23:58:53 - 0:09:49 - Epoch 888: val_AUC=0.9696222940794965, val_AP=0.958131340388176
INFO - 11/01/25 23:58:53 - 0:09:50 - Epoch 889: train_loss=1.0643270015716553, train_AUC=0.9357766402719949, train_AP=0.8980907974266003, distortion=0.4763195812702179, reward=0.4406, epsilon=0.1000, time=0.26766371726989746
INFO - 11/01/25 23:58:54 - 0:09:50 - Epoch 889: val_AUC=0.969781048522676, val_AP=0.9594061034674585
INFO - 11/01/25 23:58:54 - 0:09:50 - Epoch 890: train_loss=1.054839849472046, train_AUC=0.9359277883574383, train_AP=0.89917722956699, distortion=0.4652256369590759, reward=0.4523, epsilon=0.1000, time=0.27204108238220215
INFO - 11/01/25 23:58:54 - 0:09:50 - Epoch 890: val_AUC=0.9701250645029964, val_AP=0.960915258299792
INFO - 11/01/25 23:58:54 - 0:09:50 - Epoch 891: train_loss=1.0536928176879883, train_AUC=0.9354851060712861, train_AP=0.8964025182588287, distortion=0.4601626396179199, reward=0.4558, epsilon=0.1000, time=0.3152437210083008
INFO - 11/01/25 23:58:54 - 0:09:50 - Epoch 891: val_AUC=0.9709718509068163, val_AP=0.9614367222518265
INFO - 11/01/25 23:58:55 - 0:09:51 - Epoch 892: train_loss=1.0396229028701782, train_AUC=0.936303447459949, train_AP=0.8987654895900836, distortion=0.4525780975818634, reward=0.4650, epsilon=0.1000, time=0.30875158309936523
INFO - 11/01/25 23:58:55 - 0:09:51 - Epoch 892: val_AUC=0.9714308270011631, val_AP=0.9612693273358281
INFO - 11/01/25 23:58:55 - 0:09:51 - Epoch 893: train_loss=1.051939845085144, train_AUC=0.9348834944428498, train_AP=0.8967587046199987, distortion=0.4607314169406891, reward=0.4551, epsilon=0.1000, time=0.3088853359222412
INFO - 11/01/25 23:58:55 - 0:09:51 - Epoch 893: val_AUC=0.9720370327152281, val_AP=0.9621976691204284
INFO - 11/01/25 23:58:56 - 0:09:52 - Epoch 894: train_loss=1.0460518598556519, train_AUC=0.9349360611668057, train_AP=0.8980828134518766, distortion=0.45533809065818787, reward=0.4612, epsilon=0.1000, time=0.308713436126709
INFO - 11/01/25 23:58:56 - 0:09:52 - Epoch 894: val_AUC=0.9721162658765247, val_AP=0.9626805973986088
INFO - 11/01/25 23:58:56 - 0:09:52 - Epoch 895: train_loss=1.0447721481323242, train_AUC=0.9365104161316669, train_AP=0.8997394995195152, distortion=0.4532395005226135, reward=0.4649, epsilon=0.1000, time=0.3115694522857666
INFO - 11/01/25 23:58:56 - 0:09:52 - Epoch 895: val_AUC=0.9714514276231002, val_AP=0.9614526198855989
INFO - 11/01/25 23:58:56 - 0:09:52 - Epoch 896: train_loss=1.0441818237304688, train_AUC=0.9350898201178779, train_AP=0.8963188612028951, distortion=0.45220571756362915, reward=0.4635, epsilon=0.1000, time=0.3096632957458496
INFO - 11/01/25 23:58:56 - 0:09:53 - Epoch 896: val_AUC=0.9705761172812134, val_AP=0.9597538744456787
INFO - 11/01/25 23:58:57 - 0:09:53 - Epoch 897: train_loss=1.0404720306396484, train_AUC=0.9380666694935924, train_AP=0.9025105200190642, distortion=0.4557378590106964, reward=0.4646, epsilon=0.1000, time=0.3097951412200928
INFO - 11/01/25 23:58:57 - 0:09:53 - Epoch 897: val_AUC=0.9710199670447673, val_AP=0.9601971474280477
INFO - 11/01/25 23:58:57 - 0:09:53 - Epoch 898: train_loss=1.037431240081787, train_AUC=0.9381480070795112, train_AP=0.9021167496539338, distortion=0.45312413573265076, reward=0.4670, epsilon=0.1000, time=0.30845189094543457
INFO - 11/01/25 23:58:57 - 0:09:53 - Epoch 898: val_AUC=0.9718365007870013, val_AP=0.9619657434563248
INFO - 11/01/25 23:58:58 - 0:09:54 - Epoch 899: train_loss=1.0402576923370361, train_AUC=0.9356258236538373, train_AP=0.8989564710906753, distortion=0.4472750425338745, reward=0.4700, epsilon=0.1000, time=0.30899930000305176
INFO - 11/01/25 23:58:58 - 0:09:54 - Epoch 899: val_AUC=0.9720085087771614, val_AP=0.9624943159530738
INFO - 11/01/25 23:58:58 - 0:09:54 - Epoch 900: train_loss=1.0369391441345215, train_AUC=0.936540611056841, train_AP=0.8998409207561517, distortion=0.4461710751056671, reward=0.4720, epsilon=0.1000, time=0.3117716312408447
INFO - 11/01/25 23:58:58 - 0:09:54 - Epoch 900: val_AUC=0.9715774803797083, val_AP=0.9614998836345372
INFO - 11/01/25 23:58:58 - 0:09:55 - Epoch 901: train_loss=1.0388224124908447, train_AUC=0.9349044965091481, train_AP=0.8966058560947426, distortion=0.44732898473739624, reward=0.4684, epsilon=0.1000, time=0.30843186378479004
INFO - 11/01/25 23:58:59 - 0:09:55 - Epoch 901: val_AUC=0.9712697675932913, val_AP=0.9610395629571131
INFO - 11/01/25 23:58:59 - 0:09:55 - Epoch 902: train_loss=1.0341583490371704, train_AUC=0.9365742617153877, train_AP=0.9011013621311007, distortion=0.44761261343955994, reward=0.4712, epsilon=0.1000, time=0.26567673683166504
INFO - 11/01/25 23:58:59 - 0:09:55 - Epoch 902: val_AUC=0.9714028793042693, val_AP=0.961802652712125
INFO - 11/01/25 23:58:59 - 0:09:55 - Epoch 903: train_loss=1.0324592590332031, train_AUC=0.9375159508039306, train_AP=0.899518206663482, distortion=0.44679880142211914, reward=0.4717, epsilon=0.1000, time=0.31592559814453125
INFO - 11/01/25 23:58:59 - 0:09:55 - Epoch 903: val_AUC=0.9716970504231194, val_AP=0.9619972717616743
INFO - 11/01/25 23:59:00 - 0:09:56 - Epoch 904: train_loss=1.0354623794555664, train_AUC=0.9362824473874388, train_AP=0.899584982111757, distortion=0.44621360301971436, reward=0.4717, epsilon=0.1000, time=0.3100159168243408
INFO - 11/01/25 23:59:00 - 0:09:56 - Epoch 904: val_AUC=0.9718316027370303, val_AP=0.9615109942404424
INFO - 11/01/25 23:59:00 - 0:09:56 - Epoch 905: train_loss=1.0357786417007446, train_AUC=0.9353375084241539, train_AP=0.8973140736093028, distortion=0.4473666250705719, reward=0.4690, epsilon=0.1000, time=0.3113987445831299
INFO - 11/01/25 23:59:00 - 0:09:56 - Epoch 905: val_AUC=0.9717198119494556, val_AP=0.9614618011729782
INFO - 11/01/25 23:59:01 - 0:09:57 - Epoch 906: train_loss=1.0324400663375854, train_AUC=0.9370810876565945, train_AP=0.9000719114495727, distortion=0.44569364190101624, reward=0.4729, epsilon=0.1000, time=0.3087425231933594
INFO - 11/01/25 23:59:01 - 0:09:57 - Epoch 906: val_AUC=0.9715646590136077, val_AP=0.9616352409952175
INFO - 11/01/25 23:59:01 - 0:09:57 - Epoch 907: train_loss=1.03016197681427, train_AUC=0.9371583000947575, train_AP=0.90035206979995, distortion=0.4412265717983246, reward=0.4775, epsilon=0.1000, time=0.30830836296081543
INFO - 11/01/25 23:59:01 - 0:09:57 - Epoch 907: val_AUC=0.9711813145732257, val_AP=0.9610435808999864
INFO - 11/01/25 23:59:01 - 0:09:57 - Epoch 908: train_loss=1.0307059288024902, train_AUC=0.9356824043718576, train_AP=0.8980948727446143, distortion=0.43949374556541443, reward=0.4774, epsilon=0.1000, time=0.30888962745666504
INFO - 11/01/25 23:59:01 - 0:09:58 - Epoch 908: val_AUC=0.9708747542691547, val_AP=0.9605390254175292
INFO - 11/01/25 23:59:02 - 0:09:58 - Epoch 909: train_loss=1.0310728549957275, train_AUC=0.9365557688315208, train_AP=0.8993151687975462, distortion=0.44041913747787476, reward=0.4775, epsilon=0.1000, time=0.3105583190917969
INFO - 11/01/25 23:59:02 - 0:09:58 - Epoch 909: val_AUC=0.9713317135193958, val_AP=0.9611000647017712
INFO - 11/01/25 23:59:02 - 0:09:58 - Epoch 910: train_loss=1.028960943222046, train_AUC=0.9373725979318451, train_AP=0.9017170933464776, distortion=0.4388176202774048, reward=0.4807, epsilon=0.1000, time=0.3217000961303711
INFO - 11/01/25 23:59:02 - 0:09:58 - Epoch 910: val_AUC=0.9718082649695211, val_AP=0.9613516161837364
INFO - 11/01/25 23:59:03 - 0:09:59 - Epoch 911: train_loss=1.0279110670089722, train_AUC=0.9366089815428488, train_AP=0.8986364263613914, distortion=0.43987441062927246, reward=0.4777, epsilon=0.1000, time=0.3111701011657715
INFO - 11/01/25 23:59:03 - 0:09:59 - Epoch 911: val_AUC=0.9721351377749426, val_AP=0.9615568462650494
INFO - 11/01/25 23:59:03 - 0:09:59 - Epoch 912: train_loss=1.0272705554962158, train_AUC=0.9367316987072151, train_AP=0.8997258799287783, distortion=0.4412572383880615, reward=0.4770, epsilon=0.1000, time=0.3084867000579834
INFO - 11/01/25 23:59:03 - 0:09:59 - Epoch 912: val_AUC=0.9723453217428184, val_AP=0.9621134775353172
INFO - 11/01/25 23:59:03 - 0:10:00 - Epoch 913: train_loss=1.022442102432251, train_AUC=0.9387690691085905, train_AP=0.9029881662962718, distortion=0.44048407673835754, reward=0.4804, epsilon=0.1000, time=0.3089933395385742
INFO - 11/01/25 23:59:04 - 0:10:00 - Epoch 913: val_AUC=0.9725179059741516, val_AP=0.9625732015186786
INFO - 11/01/25 23:59:04 - 0:10:00 - Epoch 914: train_loss=1.0271114110946655, train_AUC=0.9364425186719062, train_AP=0.8991057618955173, distortion=0.4405660033226013, reward=0.4772, epsilon=0.1000, time=0.30835533142089844
INFO - 11/01/25 23:59:04 - 0:10:00 - Epoch 914: val_AUC=0.9727288102434936, val_AP=0.9628128675549252
INFO - 11/01/25 23:59:04 - 0:10:00 - Epoch 915: train_loss=1.02707040309906, train_AUC=0.9365391142203608, train_AP=0.9000374853736379, distortion=0.4405628740787506, reward=0.4777, epsilon=0.1000, time=0.308788537979126
INFO - 11/01/25 23:59:04 - 0:10:00 - Epoch 915: val_AUC=0.9731206542411782, val_AP=0.9636162286592784
INFO - 11/01/25 23:59:05 - 0:10:01 - Epoch 916: train_loss=1.027179479598999, train_AUC=0.9362004927240768, train_AP=0.8976791117394265, distortion=0.4399040937423706, reward=0.4770, epsilon=0.1000, time=0.30821657180786133
INFO - 11/01/25 23:59:05 - 0:10:01 - Epoch 916: val_AUC=0.9730468953710258, val_AP=0.963468067850796
INFO - 11/01/25 23:59:05 - 0:10:01 - Epoch 917: train_loss=1.0281580686569214, train_AUC=0.9365225822271743, train_AP=0.8996803223632555, distortion=0.438572496175766, reward=0.4795, epsilon=0.1000, time=0.3084282875061035
INFO - 11/01/25 23:59:05 - 0:10:01 - Epoch 917: val_AUC=0.9728627863162312, val_AP=0.9631179290357864
INFO - 11/01/25 23:59:06 - 0:10:02 - Epoch 918: train_loss=1.025160551071167, train_AUC=0.9371158523442898, train_AP=0.8996034294321693, distortion=0.4383898973464966, reward=0.4800, epsilon=0.1000, time=0.3088243007659912
INFO - 11/01/25 23:59:06 - 0:10:02 - Epoch 918: val_AUC=0.9729235797599898, val_AP=0.963398382136727
INFO - 11/01/25 23:59:06 - 0:10:02 - Epoch 919: train_loss=1.0266258716583252, train_AUC=0.9365328626975054, train_AP=0.8995539172045603, distortion=0.4369993209838867, reward=0.4810, epsilon=0.1000, time=0.31144022941589355
INFO - 11/01/25 23:59:06 - 0:10:02 - Epoch 919: val_AUC=0.9730553949283287, val_AP=0.9638166738620942
INFO - 11/01/25 23:59:06 - 0:10:02 - Epoch 920: train_loss=1.0255835056304932, train_AUC=0.9365270363499806, train_AP=0.8995073948229089, distortion=0.43573957681655884, reward=0.4823, epsilon=0.1000, time=0.3088955879211426
INFO - 11/01/25 23:59:06 - 0:10:03 - Epoch 920: val_AUC=0.9731292978587742, val_AP=0.963593225099413
INFO - 11/01/25 23:59:07 - 0:10:03 - Epoch 921: train_loss=1.0264853239059448, train_AUC=0.9369701163968759, train_AP=0.9016490734890762, distortion=0.43638911843299866, reward=0.4829, epsilon=0.1000, time=0.3081014156341553
INFO - 11/01/25 23:59:07 - 0:10:03 - Epoch 921: val_AUC=0.9734061817424323, val_AP=0.9637965480465316
INFO - 11/01/25 23:59:07 - 0:10:03 - Epoch 922: train_loss=1.0268750190734863, train_AUC=0.9362580339495553, train_AP=0.8984055411248915, distortion=0.43733489513397217, reward=0.4800, epsilon=0.1000, time=0.3081231117248535
INFO - 11/01/25 23:59:07 - 0:10:03 - Epoch 922: val_AUC=0.973368726066183, val_AP=0.9636622213345714
INFO - 11/01/25 23:59:08 - 0:10:04 - Epoch 923: train_loss=1.0264476537704468, train_AUC=0.9358861381222445, train_AP=0.8982264351954057, distortion=0.43666037917137146, reward=0.4804, epsilon=0.1000, time=0.3086385726928711
INFO - 11/01/25 23:59:08 - 0:10:04 - Epoch 923: val_AUC=0.9732263944964358, val_AP=0.9633556237167132
INFO - 11/01/25 23:59:08 - 0:10:04 - Epoch 924: train_loss=1.0263060331344604, train_AUC=0.9361897960504619, train_AP=0.8991573024849493, distortion=0.4361891746520996, reward=0.4815, epsilon=0.1000, time=0.2716822624206543
INFO - 11/01/25 23:59:08 - 0:10:04 - Epoch 924: val_AUC=0.973105383850092, val_AP=0.9633062822076562
INFO - 11/01/25 23:59:08 - 0:10:04 - Epoch 925: train_loss=1.021376609802246, train_AUC=0.9380105946993242, train_AP=0.9012659812048887, distortion=0.43395036458969116, reward=0.4857, epsilon=0.1000, time=0.30817103385925293
INFO - 11/01/25 23:59:09 - 0:10:05 - Epoch 925: val_AUC=0.9730849272884481, val_AP=0.9630337190134959
INFO - 11/01/25 23:59:09 - 0:10:05 - Epoch 926: train_loss=1.0229380130767822, train_AUC=0.9372685610674353, train_AP=0.9008628677076848, distortion=0.43492189049720764, reward=0.4841, epsilon=0.1000, time=0.30861639976501465
INFO - 11/01/25 23:59:09 - 0:10:05 - Epoch 926: val_AUC=0.9730532340239296, val_AP=0.9630697758371627
INFO - 11/01/25 23:59:09 - 0:10:05 - Epoch 927: train_loss=1.0302484035491943, train_AUC=0.934511532322082, train_AP=0.8973435205367802, distortion=0.4350019097328186, reward=0.4809, epsilon=0.1000, time=0.31548428535461426
INFO - 11/01/25 23:59:09 - 0:10:05 - Epoch 927: val_AUC=0.9730883847354865, val_AP=0.9628795218426296
INFO - 11/01/25 23:59:10 - 0:10:06 - Epoch 928: train_loss=1.0266854763031006, train_AUC=0.9355500616965791, train_AP=0.898098621257986, distortion=0.4348788857460022, reward=0.4819, epsilon=0.1000, time=0.3124973773956299
INFO - 11/01/25 23:59:10 - 0:10:06 - Epoch 928: val_AUC=0.9733324228722798, val_AP=0.9632068082935923
INFO - 11/01/25 23:59:10 - 0:10:06 - Epoch 929: train_loss=1.0165821313858032, train_AUC=0.9399546543182805, train_AP=0.9047119973501678, distortion=0.43463191390037537, reward=0.4877, epsilon=0.1000, time=0.3124537467956543
INFO - 11/01/25 23:59:10 - 0:10:06 - Epoch 929: val_AUC=0.9733448120575008, val_AP=0.9631000816133917
INFO - 11/01/25 23:59:11 - 0:10:07 - Epoch 930: train_loss=1.01923668384552, train_AUC=0.9372896807672365, train_AP=0.8995656710963966, distortion=0.43476423621177673, reward=0.4837, epsilon=0.1000, time=0.31212496757507324
INFO - 11/01/25 23:59:11 - 0:10:07 - Epoch 930: val_AUC=0.9731416870439952, val_AP=0.9627987992962537
INFO - 11/01/25 23:59:11 - 0:10:07 - Epoch 931: train_loss=1.0258643627166748, train_AUC=0.9356504170311046, train_AP=0.8981746439201941, distortion=0.434119313955307, reward=0.4828, epsilon=0.1000, time=0.3118581771850586
INFO - 11/01/25 23:59:11 - 0:10:07 - Epoch 931: val_AUC=0.9729212747952977, val_AP=0.9624313590767194
INFO - 11/01/25 23:59:11 - 0:10:07 - Epoch 932: train_loss=1.0226154327392578, train_AUC=0.936839532741224, train_AP=0.9000651131086272, distortion=0.4337812066078186, reward=0.4847, epsilon=0.1000, time=0.3126101493835449
INFO - 11/01/25 23:59:11 - 0:10:08 - Epoch 932: val_AUC=0.9729934490022241, val_AP=0.9626131494332846
INFO - 11/01/25 23:59:12 - 0:10:08 - Epoch 933: train_loss=1.0208338499069214, train_AUC=0.9378005740363415, train_AP=0.9013078797630948, distortion=0.43268364667892456, reward=0.4869, epsilon=0.1000, time=0.3112013339996338
INFO - 11/01/25 23:59:12 - 0:10:08 - Epoch 933: val_AUC=0.9728161107812129, val_AP=0.9621508014819433
INFO - 11/01/25 23:59:12 - 0:10:08 - Epoch 934: train_loss=1.024113655090332, train_AUC=0.935270534088323, train_AP=0.8970310705144071, distortion=0.4330328404903412, reward=0.4831, epsilon=0.1000, time=0.3207435607910156
INFO - 11/01/25 23:59:12 - 0:10:08 - Epoch 934: val_AUC=0.9726530345292355, val_AP=0.9619114871676014
INFO - 11/01/25 23:59:13 - 0:10:09 - Epoch 935: train_loss=1.0212430953979492, train_AUC=0.9370298248701119, train_AP=0.9000414710346171, distortion=0.4328531324863434, reward=0.4857, epsilon=0.1000, time=0.3124830722808838
INFO - 11/01/25 23:59:13 - 0:10:09 - Epoch 935: val_AUC=0.9729232916394032, val_AP=0.9624611822520677
INFO - 11/01/25 23:59:13 - 0:10:09 - Epoch 936: train_loss=1.0229321718215942, train_AUC=0.9363996188299673, train_AP=0.8997513874479857, distortion=0.43289342522621155, reward=0.4852, epsilon=0.1000, time=0.2756927013397217
INFO - 11/01/25 23:59:13 - 0:10:09 - Epoch 936: val_AUC=0.9730322012211128, val_AP=0.9624865544174831
INFO - 11/01/25 23:59:13 - 0:10:09 - Epoch 937: train_loss=1.0261523723602295, train_AUC=0.9347639135072993, train_AP=0.8958336164842673, distortion=0.43271562457084656, reward=0.4826, epsilon=0.1000, time=0.3190653324127197
INFO - 11/01/25 23:59:14 - 0:10:10 - Epoch 937: val_AUC=0.9728691249691351, val_AP=0.9620621145716551
INFO - 11/01/25 23:59:14 - 0:10:10 - Epoch 938: train_loss=1.0230094194412231, train_AUC=0.9367089979333827, train_AP=0.8992367470204408, distortion=0.43263933062553406, reward=0.4853, epsilon=0.1000, time=0.31465911865234375
INFO - 11/01/25 23:59:14 - 0:10:10 - Epoch 938: val_AUC=0.97282965244878, val_AP=0.9621609239993552
INFO - 11/01/25 23:59:14 - 0:10:10 - Epoch 939: train_loss=1.023328185081482, train_AUC=0.9362447328901233, train_AP=0.899202044788082, distortion=0.4323066174983978, reward=0.4854, epsilon=0.1000, time=0.3136579990386963
INFO - 11/01/25 23:59:14 - 0:10:10 - Epoch 939: val_AUC=0.9729120549365285, val_AP=0.9623341531958385
INFO - 11/01/25 23:59:15 - 0:10:11 - Epoch 940: train_loss=1.0224155187606812, train_AUC=0.9360941789535592, train_AP=0.8982956190348572, distortion=0.4328804016113281, reward=0.4843, epsilon=0.1000, time=0.311922550201416
INFO - 11/01/25 23:59:15 - 0:10:11 - Epoch 940: val_AUC=0.9728406010310683, val_AP=0.9622858000592099
INFO - 11/01/25 23:59:15 - 0:10:11 - Epoch 941: train_loss=1.021407127380371, train_AUC=0.9367048199502402, train_AP=0.898900014550436, distortion=0.4325602650642395, reward=0.4852, epsilon=0.1000, time=0.31092238426208496
INFO - 11/01/25 23:59:15 - 0:10:11 - Epoch 941: val_AUC=0.9727414875493011, val_AP=0.9618960243497776
INFO - 11/01/25 23:59:16 - 0:10:12 - Epoch 942: train_loss=1.0224692821502686, train_AUC=0.9363416898126866, train_AP=0.8978387418970196, distortion=0.43288663029670715, reward=0.4842, epsilon=0.1000, time=0.3116030693054199
INFO - 11/01/25 23:59:16 - 0:10:12 - Epoch 942: val_AUC=0.9728849716013943, val_AP=0.9622013362566503
INFO - 11/01/25 23:59:16 - 0:10:12 - Epoch 943: train_loss=1.018139362335205, train_AUC=0.9395226128796739, train_AP=0.9056446413234396, distortion=0.43245792388916016, reward=0.4901, epsilon=0.1000, time=0.31415772438049316
INFO - 11/01/25 23:59:16 - 0:10:12 - Epoch 943: val_AUC=0.9729823563596425, val_AP=0.9625830410300532
INFO - 11/01/25 23:59:16 - 0:10:12 - Epoch 944: train_loss=1.023535966873169, train_AUC=0.9351653124152838, train_AP=0.8960616630609701, distortion=0.43220826983451843, reward=0.4834, epsilon=0.1000, time=0.3117532730102539
INFO - 11/01/25 23:59:16 - 0:10:13 - Epoch 944: val_AUC=0.9727077774406766, val_AP=0.9621358812198477
INFO - 11/01/25 23:59:17 - 0:10:13 - Epoch 945: train_loss=1.0229352712631226, train_AUC=0.9361202263008607, train_AP=0.8975789134707329, distortion=0.4322098195552826, reward=0.4846, epsilon=0.1000, time=0.27384352684020996
INFO - 11/01/25 23:59:17 - 0:10:13 - Epoch 945: val_AUC=0.9724078439100962, val_AP=0.9618485091195079
INFO - 11/01/25 23:59:17 - 0:10:13 - Epoch 946: train_loss=1.0180609226226807, train_AUC=0.9372234461268224, train_AP=0.9004397981714884, distortion=0.43160101771354675, reward=0.4872, epsilon=0.1000, time=0.3162715435028076
INFO - 11/01/25 23:59:17 - 0:10:13 - Epoch 946: val_AUC=0.9723819130573081, val_AP=0.9615615369518486
INFO - 11/01/25 23:59:17 - 0:10:13 - best_epoch=845
INFO - 11/01/25 23:59:17 - 0:10:13 - test_auc= 97.65%, test_ap= 96.57%
INFO - 11/01/25 23:59:17 - 0:10:13 - 
                                     train iters 1
INFO - 11/01/25 23:59:17 - 0:10:13 - --------------------------Training Start-------------------------
INFO - 11/01/25 23:59:18 - 0:10:14 - Epoch 0: train_loss=5.100889205932617, train_AUC=0.8668872484588974, train_AP=0.8409059612742094, distortion=3.295494556427002, reward=-2.4416, epsilon=0.1000, time=1.0474352836608887
INFO - 11/01/25 23:59:18 - 0:10:15 - Epoch 0: val_AUC=0.7626477014171787, val_AP=0.8035289160741532
INFO - 11/01/25 23:59:19 - 0:10:15 - Epoch 1: train_loss=6.3708953857421875, train_AUC=0.807042132444829, train_AP=0.8076353278041795, distortion=4.381688594818115, reward=-3.5743, epsilon=0.1000, time=0.31197667121887207
INFO - 11/01/25 23:59:19 - 0:10:15 - Epoch 1: val_AUC=0.8420920551036384, val_AP=0.8572500766094877
INFO - 11/01/25 23:59:19 - 0:10:15 - Epoch 2: train_loss=4.271249294281006, train_AUC=0.8238877599772191, train_AP=0.8210538819131559, distortion=2.7920045852661133, reward=-1.9695, epsilon=0.1000, time=0.31087279319763184
INFO - 11/01/25 23:59:19 - 0:10:15 - Epoch 2: val_AUC=0.8176309054275869, val_AP=0.854820761301144
INFO - 11/01/25 23:59:20 - 0:10:16 - Epoch 3: train_loss=3.398127555847168, train_AUC=0.8243643486252528, train_AP=0.8152050225268108, distortion=2.1136269569396973, reward=-1.2938, epsilon=0.1000, time=0.3140733242034912
INFO - 11/01/25 23:59:20 - 0:10:16 - Epoch 3: val_AUC=0.7660723027087082, val_AP=0.8169388093172549
INFO - 11/01/25 23:59:20 - 0:10:16 - Epoch 4: train_loss=3.3863019943237305, train_AUC=0.8092029288022704, train_AP=0.8091221892625078, distortion=2.1215293407440186, reward=-1.3124, epsilon=0.1000, time=0.31128811836242676
INFO - 11/01/25 23:59:20 - 0:10:16 - Epoch 4: val_AUC=0.7722887924837407, val_AP=0.8288695094442319
INFO - 11/01/25 23:59:20 - 0:10:17 - Epoch 5: train_loss=3.209897994995117, train_AUC=0.809569542586231, train_AP=0.8068474698761603, distortion=1.9521809816360474, reward=-1.1440, epsilon=0.1000, time=0.314608097076416
INFO - 11/01/25 23:59:21 - 0:10:17 - Epoch 5: val_AUC=0.7847606683129876, val_AP=0.8347585959634443
INFO - 11/01/25 23:59:21 - 0:10:17 - Epoch 6: train_loss=3.1739301681518555, train_AUC=0.8052045884674441, train_AP=0.8085348064195029, distortion=1.8653758764266968, reward=-1.0585, epsilon=0.1000, time=0.31086182594299316
INFO - 11/01/25 23:59:21 - 0:10:17 - Epoch 6: val_AUC=0.7933504073592913, val_AP=0.8374876017701199
INFO - 11/01/25 23:59:21 - 0:10:17 - Epoch 7: train_loss=2.7652673721313477, train_AUC=0.8162774874206321, train_AP=0.8120579033414009, distortion=1.48876953125, reward=-0.6746, epsilon=0.1000, time=0.31792187690734863
INFO - 11/01/25 23:59:21 - 0:10:17 - Epoch 7: val_AUC=0.7822315458044025, val_AP=0.8273528511304133
INFO - 11/01/25 23:59:22 - 0:10:18 - Epoch 8: train_loss=3.07658052444458, train_AUC=0.8049599770747855, train_AP=0.8037828836490423, distortion=1.7199736833572388, reward=-0.9156, epsilon=0.1000, time=0.3145639896392822
INFO - 11/01/25 23:59:22 - 0:10:18 - Epoch 8: val_AUC=0.8171661669215093, val_AP=0.8355348122071296
INFO - 11/01/25 23:59:22 - 0:10:18 - Epoch 9: train_loss=2.6973791122436523, train_AUC=0.8140446031591112, train_AP=0.8090647565540269, distortion=1.3581773042678833, reward=-0.5466, epsilon=0.1000, time=0.31071949005126953
INFO - 11/01/25 23:59:22 - 0:10:18 - Epoch 9: val_AUC=0.8274854938487696, val_AP=0.8358722753280325
INFO - 11/01/25 23:59:23 - 0:10:19 - Epoch 10: train_loss=2.649932861328125, train_AUC=0.8200606362028168, train_AP=0.8120945961221313, distortion=1.3150670528411865, reward=-0.4990, epsilon=0.1000, time=0.3142714500427246
INFO - 11/01/25 23:59:23 - 0:10:19 - Epoch 10: val_AUC=0.8300123113926626, val_AP=0.8290466134089691
INFO - 11/01/25 23:59:23 - 0:10:19 - Epoch 11: train_loss=2.4701271057128906, train_AUC=0.8267965419227302, train_AP=0.8101914917228592, distortion=1.1931183338165283, reward=-0.3746, epsilon=0.1000, time=0.3109447956085205
INFO - 11/01/25 23:59:23 - 0:10:19 - Epoch 11: val_AUC=0.8162577227121712, val_AP=0.8183489435150257
INFO - 11/01/25 23:59:23 - 0:10:19 - Epoch 12: train_loss=2.414318561553955, train_AUC=0.8228098846882235, train_AP=0.8081979714550419, distortion=1.1410588026046753, reward=-0.3256, epsilon=0.1000, time=0.3127632141113281
INFO - 11/01/25 23:59:24 - 0:10:20 - Epoch 12: val_AUC=0.7600769454838394, val_AP=0.7840827375856305
INFO - 11/01/25 23:59:24 - 0:10:20 - Epoch 13: train_loss=2.4263522624969482, train_AUC=0.8136185106860028, train_AP=0.8004741059966943, distortion=1.1825169324874878, reward=-0.3755, epsilon=0.1000, time=0.3175480365753174
INFO - 11/01/25 23:59:24 - 0:10:20 - Epoch 13: val_AUC=0.7524809343404876, val_AP=0.7825525096725047
INFO - 11/01/25 23:59:24 - 0:10:20 - Epoch 14: train_loss=2.369417190551758, train_AUC=0.8206958989882466, train_AP=0.8065895006082743, distortion=1.1265480518341064, reward=-0.3129, epsilon=0.1000, time=0.3119065761566162
INFO - 11/01/25 23:59:24 - 0:10:20 - Epoch 14: val_AUC=0.8342566157528779, val_AP=0.8324956545290705
INFO - 11/01/25 23:59:25 - 0:10:21 - Epoch 15: train_loss=2.2904181480407715, train_AUC=0.8354094247627599, train_AP=0.8178979033754981, distortion=1.0944947004318237, reward=-0.2678, epsilon=0.1000, time=0.3110828399658203
INFO - 11/01/25 23:59:25 - 0:10:21 - Epoch 15: val_AUC=0.8556368919971338, val_AP=0.8596132236011091
INFO - 11/01/25 23:59:25 - 0:10:21 - Epoch 16: train_loss=2.307535171508789, train_AUC=0.8416218185281428, train_AP=0.8213257179359577, distortion=1.1404180526733398, reward=-0.3089, epsilon=0.1000, time=0.3120083808898926
INFO - 11/01/25 23:59:25 - 0:10:21 - Epoch 16: val_AUC=0.8252926080646681, val_AP=0.8452990771997406
INFO - 11/01/25 23:59:26 - 0:10:22 - Epoch 17: train_loss=2.02719783782959, train_AUC=0.8471101995161507, train_AP=0.8220755247199384, distortion=0.9052478671073914, reward=-0.0707, epsilon=0.1000, time=0.3112969398498535
INFO - 11/01/25 23:59:26 - 0:10:22 - Epoch 17: val_AUC=0.8863470890744962, val_AP=0.8771215132525005
INFO - 11/01/25 23:59:26 - 0:10:22 - Epoch 18: train_loss=1.9038281440734863, train_AUC=0.8581890260016138, train_AP=0.829299294325631, distortion=0.8512207269668579, reward=-0.0075, epsilon=0.1000, time=0.31542420387268066
INFO - 11/01/25 23:59:26 - 0:10:22 - Epoch 18: val_AUC=0.8828671686303525, val_AP=0.8741472096791492
INFO - 11/01/25 23:59:26 - 0:10:22 - Epoch 19: train_loss=1.9111554622650146, train_AUC=0.8655977485043239, train_AP=0.8363993368936605, distortion=0.8699319362640381, reward=-0.0189, epsilon=0.1000, time=0.32055020332336426
INFO - 11/01/25 23:59:26 - 0:10:23 - Epoch 19: val_AUC=0.8867203492943496, val_AP=0.8748100467292259
INFO - 11/01/25 23:59:27 - 0:10:23 - Epoch 20: train_loss=2.199097156524658, train_AUC=0.8602959412302381, train_AP=0.8359818465425555, distortion=1.1387492418289185, reward=-0.2906, epsilon=0.1000, time=0.3119809627532959
INFO - 11/01/25 23:59:27 - 0:10:23 - Epoch 20: val_AUC=0.8984844569027786, val_AP=0.8803853463754552
INFO - 11/01/25 23:59:27 - 0:10:23 - Epoch 21: train_loss=1.8056483268737793, train_AUC=0.8680075959222662, train_AP=0.8373535748637464, distortion=0.8130143880844116, reward=0.0397, epsilon=0.1000, time=0.31162023544311523
INFO - 11/01/25 23:59:27 - 0:10:23 - Epoch 21: val_AUC=0.8920465464569955, val_AP=0.8753893307490537
INFO - 11/01/25 23:59:28 - 0:10:24 - Epoch 22: train_loss=1.717690110206604, train_AUC=0.8779335517730329, train_AP=0.8461573717252711, distortion=0.7767717838287354, reward=0.0853, epsilon=0.1000, time=0.31432366371154785
INFO - 11/01/25 23:59:28 - 0:10:24 - Epoch 22: val_AUC=0.8483710670459486, val_AP=0.8542870182907386
INFO - 11/01/25 23:59:28 - 0:10:24 - Epoch 23: train_loss=1.962034821510315, train_AUC=0.8662954826549678, train_AP=0.8397530872591081, distortion=0.9582036733627319, reward=-0.1052, epsilon=0.1000, time=0.3174464702606201
INFO - 11/01/25 23:59:28 - 0:10:24 - Epoch 23: val_AUC=0.8760341008001398, val_AP=0.862408715674841
INFO - 11/01/25 23:59:28 - 0:10:25 - Epoch 24: train_loss=2.1237435340881348, train_AUC=0.86801122860434, train_AP=0.845292010019384, distortion=1.140241265296936, reward=-0.2836, epsilon=0.1000, time=0.31164002418518066
INFO - 11/01/25 23:59:29 - 0:10:25 - Epoch 24: val_AUC=0.8740858293940045, val_AP=0.8592478720613745
INFO - 11/01/25 23:59:29 - 0:10:25 - Epoch 25: train_loss=1.7270240783691406, train_AUC=0.8767749968482196, train_AP=0.8453822248453502, distortion=0.8213381767272949, reward=0.0397, epsilon=0.1000, time=0.3116793632507324
INFO - 11/01/25 23:59:29 - 0:10:25 - Epoch 25: val_AUC=0.8354749336530319, val_AP=0.8437359551433343
INFO - 11/01/25 23:59:29 - 0:10:25 - Epoch 26: train_loss=1.8789405822753906, train_AUC=0.8761598264632284, train_AP=0.847289074432843, distortion=0.9716129302978516, reward=-0.1099, epsilon=0.1000, time=0.3119690418243408
INFO - 11/01/25 23:59:29 - 0:10:25 - Epoch 26: val_AUC=0.8715817733764477, val_AP=0.8615492413638217
INFO - 11/01/25 23:59:30 - 0:10:26 - Epoch 27: train_loss=1.6745214462280273, train_AUC=0.8867317123646641, train_AP=0.8558094272980769, distortion=0.8129780292510986, reward=0.0583, epsilon=0.1000, time=0.3226954936981201
INFO - 11/01/25 23:59:30 - 0:10:26 - Epoch 27: val_AUC=0.8901468233696912, val_AP=0.8702197913698938
INFO - 11/01/25 23:59:30 - 0:10:26 - Epoch 28: train_loss=1.6514592170715332, train_AUC=0.8872997904696095, train_AP=0.8550942794911223, distortion=0.8049792647361755, reward=0.0662, epsilon=0.1000, time=0.31536126136779785
INFO - 11/01/25 23:59:30 - 0:10:26 - Epoch 28: val_AUC=0.894912625991531, val_AP=0.8731709118092094
INFO - 11/01/25 23:59:31 - 0:10:27 - Epoch 29: train_loss=1.62058687210083, train_AUC=0.8885205166945147, train_AP=0.8549280604710272, distortion=0.7895738482475281, reward=0.0822, epsilon=0.1000, time=0.31435489654541016
INFO - 11/01/25 23:59:31 - 0:10:27 - Epoch 29: val_AUC=0.8966733308958331, val_AP=0.8747492842735205
INFO - 11/01/25 23:59:31 - 0:10:27 - Epoch 30: train_loss=1.5977957248687744, train_AUC=0.8905854053604256, train_AP=0.8560128941127128, distortion=0.7845451235771179, reward=0.0888, epsilon=0.1000, time=0.31215739250183105
INFO - 11/01/25 23:59:31 - 0:10:27 - Epoch 30: val_AUC=0.8929536941236942, val_AP=0.8733159239816799
INFO - 11/01/25 23:59:31 - 0:10:27 - Epoch 31: train_loss=1.5882985591888428, train_AUC=0.8927369470515574, train_AP=0.857683816343977, distortion=0.7860569357872009, reward=0.0892, epsilon=0.1000, time=0.31200432777404785
INFO - 11/01/25 23:59:32 - 0:10:28 - Epoch 31: val_AUC=0.8551946268968058, val_AP=0.8568109771918972
INFO - 11/01/25 23:59:32 - 0:10:28 - Epoch 32: train_loss=1.6371468305587769, train_AUC=0.8910992898102559, train_AP=0.8577118186720629, distortion=0.8228864669799805, reward=0.0515, epsilon=0.1000, time=0.2695503234863281
INFO - 11/01/25 23:59:32 - 0:10:28 - Epoch 32: val_AUC=0.8638440069045217, val_AP=0.8669959220995681
INFO - 11/01/25 23:59:32 - 0:10:28 - Epoch 33: train_loss=1.6133397817611694, train_AUC=0.8928483220533837, train_AP=0.8572944993989355, distortion=0.8163179159164429, reward=0.0588, epsilon=0.1000, time=0.322246789932251
INFO - 11/01/25 23:59:32 - 0:10:28 - Epoch 33: val_AUC=0.8794869379091492, val_AP=0.8725320771119616
INFO - 11/01/25 23:59:33 - 0:10:29 - Epoch 34: train_loss=1.5723825693130493, train_AUC=0.8966477047574211, train_AP=0.8641261330312036, distortion=0.7865505218505859, reward=0.0938, epsilon=0.1000, time=0.31373167037963867
INFO - 11/01/25 23:59:33 - 0:10:29 - Epoch 34: val_AUC=0.8993093461420221, val_AP=0.8809908609196742
INFO - 11/01/25 23:59:33 - 0:10:29 - Epoch 35: train_loss=1.5443055629730225, train_AUC=0.8972541029728434, train_AP=0.863687847371317, distortion=0.7675068974494934, reward=0.1130, epsilon=0.1000, time=0.31258296966552734
INFO - 11/01/25 23:59:33 - 0:10:29 - Epoch 35: val_AUC=0.9041863633102635, val_AP=0.8830339133958517
INFO - 11/01/25 23:59:34 - 0:10:30 - Epoch 36: train_loss=1.5401206016540527, train_AUC=0.8945087847423971, train_AP=0.8583594553113587, distortion=0.7612578272819519, reward=0.1152, epsilon=0.1000, time=0.32693028450012207
INFO - 11/01/25 23:59:34 - 0:10:30 - Epoch 36: val_AUC=0.9030465582699397, val_AP=0.8810973832626354
INFO - 11/01/25 23:59:34 - 0:10:30 - Epoch 37: train_loss=1.5401157140731812, train_AUC=0.8953389772080343, train_AP=0.86041283316681, distortion=0.7612196207046509, reward=0.1167, epsilon=0.1000, time=0.3256955146789551
INFO - 11/01/25 23:59:34 - 0:10:30 - Epoch 37: val_AUC=0.9033450511975876, val_AP=0.8816397876797307
INFO - 11/01/25 23:59:34 - 0:10:30 - Epoch 38: train_loss=1.5244624614715576, train_AUC=0.8988566570809053, train_AP=0.8657561352786127, distortion=0.7560172080993652, reward=0.1263, epsilon=0.1000, time=0.31882810592651367
INFO - 11/01/25 23:59:34 - 0:10:31 - Epoch 38: val_AUC=0.9108436775826912, val_AP=0.8866171248631579
INFO - 11/01/25 23:59:35 - 0:10:31 - Epoch 39: train_loss=1.5073145627975464, train_AUC=0.8973909152227865, train_AP=0.8623314707924666, distortion=0.7419063448905945, reward=0.1380, epsilon=0.1000, time=0.3156445026397705
INFO - 11/01/25 23:59:35 - 0:10:31 - Epoch 39: val_AUC=0.9168668384441604, val_AP=0.8923862144699761
INFO - 11/01/25 23:59:35 - 0:10:31 - Epoch 40: train_loss=1.4836585521697998, train_AUC=0.8979175290132867, train_AP=0.8620226725103095, distortion=0.7232418060302734, reward=0.1567, epsilon=0.1000, time=0.31623148918151855
INFO - 11/01/25 23:59:35 - 0:10:31 - Epoch 40: val_AUC=0.9182290725772877, val_AP=0.8947017380970818
INFO - 11/01/25 23:59:36 - 0:10:32 - Epoch 41: train_loss=1.459744930267334, train_AUC=0.9016180925965955, train_AP=0.8656939937358239, distortion=0.7129287123680115, reward=0.1707, epsilon=0.1000, time=0.3185887336730957
INFO - 11/01/25 23:59:36 - 0:10:32 - Epoch 41: val_AUC=0.9145976007046277, val_AP=0.8931911463416671
INFO - 11/01/25 23:59:36 - 0:10:32 - Epoch 42: train_loss=1.4477810859680176, train_AUC=0.9043753142409559, train_AP=0.8694521837488066, distortion=0.706974983215332, reward=0.1799, epsilon=0.1000, time=0.31636500358581543
INFO - 11/01/25 23:59:36 - 0:10:32 - Epoch 42: val_AUC=0.9067319086922812, val_AP=0.8892041534762593
INFO - 11/01/25 23:59:37 - 0:10:33 - Epoch 43: train_loss=1.4485710859298706, train_AUC=0.9024681596413121, train_AP=0.8662122689900962, distortion=0.7033965587615967, reward=0.1809, epsilon=0.1000, time=0.341627836227417
INFO - 11/01/25 23:59:37 - 0:10:33 - Epoch 43: val_AUC=0.9016690537457261, val_AP=0.8867949571021162
INFO - 11/01/25 23:59:37 - 0:10:33 - Epoch 44: train_loss=1.4467592239379883, train_AUC=0.9013141490582206, train_AP=0.8628744748224426, distortion=0.6997211575508118, reward=0.1824, epsilon=0.1000, time=0.3341519832611084
INFO - 11/01/25 23:59:37 - 0:10:33 - Epoch 44: val_AUC=0.9066267446781967, val_AP=0.889191678164989
INFO - 11/01/25 23:59:37 - 0:10:34 - Epoch 45: train_loss=1.4320420026779175, train_AUC=0.9031128256302715, train_AP=0.8651099871292305, distortion=0.6909900903701782, reward=0.1931, epsilon=0.1000, time=0.33508753776550293
INFO - 11/01/25 23:59:38 - 0:10:34 - Epoch 45: val_AUC=0.9138222682062679, val_AP=0.8926238242528569
INFO - 11/01/25 23:59:38 - 0:10:34 - Epoch 46: train_loss=1.4212809801101685, train_AUC=0.9031710731552147, train_AP=0.8655019461078494, distortion=0.6819055676460266, reward=0.2024, epsilon=0.1000, time=0.32944321632385254
INFO - 11/01/25 23:59:38 - 0:10:34 - Epoch 46: val_AUC=0.9164510804377934, val_AP=0.8926742285301705
INFO - 11/01/25 23:59:38 - 0:10:34 - Epoch 47: train_loss=1.4200522899627686, train_AUC=0.9021727470241355, train_AP=0.8637462689713206, distortion=0.6787880063056946, reward=0.2042, epsilon=0.1000, time=0.2716073989868164
INFO - 11/01/25 23:59:38 - 0:10:34 - Epoch 47: val_AUC=0.9140369180432347, val_AP=0.8905245443655404
INFO - 11/01/25 23:59:39 - 0:10:35 - Epoch 48: train_loss=1.412684679031372, train_AUC=0.9035958332793681, train_AP=0.8671393733938353, distortion=0.6747332215309143, reward=0.2106, epsilon=0.1000, time=0.31148695945739746
INFO - 11/01/25 23:59:39 - 0:10:35 - Epoch 48: val_AUC=0.9123488195267389, val_AP=0.8892747993057328
INFO - 11/01/25 23:59:39 - 0:10:35 - Epoch 49: train_loss=1.404741883277893, train_AUC=0.9066797261520761, train_AP=0.8733942079920487, distortion=0.6719653606414795, reward=0.2181, epsilon=0.1000, time=0.31143832206726074
INFO - 11/01/25 23:59:39 - 0:10:35 - Epoch 49: val_AUC=0.913844453491431, val_AP=0.8907268229529223
INFO - 11/01/25 23:59:40 - 0:10:36 - Epoch 50: train_loss=1.3966126441955566, train_AUC=0.905399594011292, train_AP=0.8666444571693521, distortion=0.6660394072532654, reward=0.2200, epsilon=0.1000, time=0.31920814514160156
INFO - 11/01/25 23:59:40 - 0:10:36 - Epoch 50: val_AUC=0.9157302027302883, val_AP=0.892692350079825
INFO - 11/01/25 23:59:40 - 0:10:36 - Epoch 51: train_loss=1.3904749155044556, train_AUC=0.9072278598953558, train_AP=0.8719426085066071, distortion=0.659888505935669, reward=0.2297, epsilon=0.1000, time=0.31159305572509766
INFO - 11/01/25 23:59:40 - 0:10:36 - Epoch 51: val_AUC=0.9155783631811856, val_AP=0.8932866244894948
INFO - 11/01/25 23:59:40 - 0:10:36 - Epoch 52: train_loss=1.3850929737091064, train_AUC=0.9071035387283943, train_AP=0.8685696524753699, distortion=0.6572037935256958, reward=0.2306, epsilon=0.1000, time=0.2761530876159668
INFO - 11/01/25 23:59:40 - 0:10:36 - Epoch 52: val_AUC=0.9135279530271245, val_AP=0.8927895765131006
INFO - 11/01/25 23:59:41 - 0:10:37 - Epoch 53: train_loss=1.3778862953186035, train_AUC=0.907965370618746, train_AP=0.8718541922084303, distortion=0.6534058451652527, reward=0.2365, epsilon=0.1000, time=0.3127408027648926
INFO - 11/01/25 23:59:41 - 0:10:37 - Epoch 53: val_AUC=0.9115331501462646, val_AP=0.8921782600543076
INFO - 11/01/25 23:59:41 - 0:10:37 - Epoch 54: train_loss=1.379378318786621, train_AUC=0.9068396165002656, train_AP=0.8681339339830276, distortion=0.6514255404472351, reward=0.2361, epsilon=0.1000, time=0.26880669593811035
INFO - 11/01/25 23:59:41 - 0:10:37 - Epoch 54: val_AUC=0.9106823300542329, val_AP=0.8918107110805245
INFO - 11/01/25 23:59:42 - 0:10:38 - Epoch 55: train_loss=1.3840487003326416, train_AUC=0.9065274226663793, train_AP=0.8702708486438337, distortion=0.6496017575263977, reward=0.2388, epsilon=0.1000, time=0.27199506759643555
INFO - 11/01/25 23:59:42 - 0:10:38 - Epoch 55: val_AUC=0.9127449853332215, val_AP=0.8929709468492482
INFO - 11/01/25 23:59:42 - 0:10:38 - Epoch 56: train_loss=1.3669501543045044, train_AUC=0.908736915306462, train_AP=0.8712726512597037, distortion=0.6452118158340454, reward=0.2448, epsilon=0.1000, time=0.3116765022277832
INFO - 11/01/25 23:59:42 - 0:10:38 - Epoch 56: val_AUC=0.9155216034256386, val_AP=0.8943858007729419
INFO - 11/01/25 23:59:42 - 0:10:38 - Epoch 57: train_loss=1.3590936660766602, train_AUC=0.9094616269065959, train_AP=0.8731170017701126, distortion=0.6416075825691223, reward=0.2497, epsilon=0.1000, time=0.31121134757995605
INFO - 11/01/25 23:59:42 - 0:10:38 - Epoch 57: val_AUC=0.9176946088892693, val_AP=0.895492521720803
INFO - 11/01/25 23:59:43 - 0:10:39 - Epoch 58: train_loss=1.351230502128601, train_AUC=0.9100009137132496, train_AP=0.8734194679159397, distortion=0.6387933492660522, reward=0.2529, epsilon=0.1000, time=0.3115041255950928
INFO - 11/01/25 23:59:43 - 0:10:39 - Epoch 58: val_AUC=0.9186655752658849, val_AP=0.8958634229149384
INFO - 11/01/25 23:59:43 - 0:10:39 - Epoch 59: train_loss=1.3511974811553955, train_AUC=0.9080986493775776, train_AP=0.8680430298941179, distortion=0.6369379162788391, reward=0.2511, epsilon=0.1000, time=0.31298327445983887
INFO - 11/01/25 23:59:43 - 0:10:39 - Epoch 59: val_AUC=0.9187880265151613, val_AP=0.8957960097777767
INFO - 11/01/25 23:59:44 - 0:10:40 - Epoch 60: train_loss=1.3434127569198608, train_AUC=0.9089872847594003, train_AP=0.8694481818698843, distortion=0.6356589198112488, reward=0.2536, epsilon=0.1000, time=0.3215517997741699
INFO - 11/01/25 23:59:44 - 0:10:40 - Epoch 60: val_AUC=0.9187378935331046, val_AP=0.89576419058524
INFO - 11/01/25 23:59:44 - 0:10:40 - Epoch 61: train_loss=1.3385870456695557, train_AUC=0.9104630364311038, train_AP=0.8719056776138674, distortion=0.6337769031524658, reward=0.2574, epsilon=0.1000, time=0.2749195098876953
INFO - 11/01/25 23:59:44 - 0:10:40 - Epoch 61: val_AUC=0.9191313221940153, val_AP=0.8961597450866099
INFO - 11/01/25 23:59:44 - 0:10:40 - Epoch 62: train_loss=1.340851068496704, train_AUC=0.9090876530535489, train_AP=0.8702325564394504, distortion=0.6324703693389893, reward=0.2572, epsilon=0.1000, time=0.3118555545806885
INFO - 11/01/25 23:59:45 - 0:10:41 - Epoch 62: val_AUC=0.920114821816145, val_AP=0.8969059114037223
INFO - 11/01/25 23:59:45 - 0:10:41 - Epoch 63: train_loss=1.3344433307647705, train_AUC=0.9095979212700578, train_AP=0.872274516787731, distortion=0.629511296749115, reward=0.2614, epsilon=0.1000, time=0.27270030975341797
INFO - 11/01/25 23:59:45 - 0:10:41 - Epoch 63: val_AUC=0.9212549149770556, val_AP=0.8979800276324374
INFO - 11/01/25 23:59:45 - 0:10:41 - Epoch 64: train_loss=1.325351595878601, train_AUC=0.9111581891244946, train_AP=0.8737179731140349, distortion=0.6272398233413696, reward=0.2652, epsilon=0.1000, time=0.3116168975830078
INFO - 11/01/25 23:59:45 - 0:10:41 - Epoch 64: val_AUC=0.9219440994200422, val_AP=0.898792511444612
INFO - 11/01/25 23:59:46 - 0:10:42 - Epoch 65: train_loss=1.3252480030059814, train_AUC=0.9102436833440721, train_AP=0.8731111868620569, distortion=0.6242621541023254, reward=0.2674, epsilon=0.1000, time=0.3116605281829834
INFO - 11/01/25 23:59:46 - 0:10:42 - Epoch 65: val_AUC=0.9220034522608679, val_AP=0.898985735358266
INFO - 11/01/25 23:59:46 - 0:10:42 - Epoch 66: train_loss=1.3121755123138428, train_AUC=0.9132382918896014, train_AP=0.8768017267553455, distortion=0.6209152936935425, reward=0.2741, epsilon=0.1000, time=0.2767150402069092
INFO - 11/01/25 23:59:46 - 0:10:42 - Epoch 66: val_AUC=0.9219222022554655, val_AP=0.899302771827184
INFO - 11/01/25 23:59:46 - 0:10:43 - Epoch 67: train_loss=1.3040156364440918, train_AUC=0.9138744384216445, train_AP=0.876752205738379, distortion=0.6182190775871277, reward=0.2771, epsilon=0.1000, time=0.3119480609893799
INFO - 11/01/25 23:59:47 - 0:10:43 - Epoch 67: val_AUC=0.9218988644879563, val_AP=0.8995676786589061
INFO - 11/01/25 23:59:47 - 0:10:43 - Epoch 68: train_loss=1.307157039642334, train_AUC=0.9125116911751616, train_AP=0.8754130394157082, distortion=0.6147446036338806, reward=0.2792, epsilon=0.1000, time=0.31177186965942383
INFO - 11/01/25 23:59:47 - 0:10:43 - Epoch 68: val_AUC=0.9220697199957704, val_AP=0.9000101781903215
INFO - 11/01/25 23:59:47 - 0:10:43 - Epoch 69: train_loss=1.3086411952972412, train_AUC=0.9106913610665229, train_AP=0.8726429066533208, distortion=0.6108347773551941, reward=0.2808, epsilon=0.1000, time=0.27191901206970215
INFO - 11/01/25 23:59:47 - 0:10:43 - Epoch 69: val_AUC=0.9227136695066711, val_AP=0.9006506729276784
INFO - 11/01/25 23:59:48 - 0:10:44 - Epoch 70: train_loss=1.299477219581604, train_AUC=0.9113366914853952, train_AP=0.87179571386703, distortion=0.6066943407058716, reward=0.2849, epsilon=0.1000, time=0.3123648166656494
INFO - 11/01/25 23:59:48 - 0:10:44 - Epoch 70: val_AUC=0.9240185676430785, val_AP=0.9019455991515396
INFO - 11/01/25 23:59:48 - 0:10:44 - Epoch 71: train_loss=1.2966482639312744, train_AUC=0.9125005703231104, train_AP=0.874575230972578, distortion=0.6031752228736877, reward=0.2904, epsilon=0.1000, time=0.31580233573913574
INFO - 11/01/25 23:59:48 - 0:10:44 - Epoch 71: val_AUC=0.9255503607413804, val_AP=0.9033383790652681
INFO - 11/01/25 23:59:49 - 0:10:45 - Epoch 72: train_loss=1.2892639636993408, train_AUC=0.9132346193317639, train_AP=0.8753826842413134, distortion=0.6005109548568726, reward=0.2938, epsilon=0.1000, time=0.31337904930114746
INFO - 11/01/25 23:59:49 - 0:10:45 - Epoch 72: val_AUC=0.9266110766807009, val_AP=0.9045178606466442
INFO - 11/01/25 23:59:49 - 0:10:45 - Epoch 73: train_loss=1.2893142700195312, train_AUC=0.9129931850405785, train_AP=0.8756663826177962, distortion=0.5986372828483582, reward=0.2957, epsilon=0.1000, time=0.31320881843566895
INFO - 11/01/25 23:59:49 - 0:10:45 - Epoch 73: val_AUC=0.9273941884348973, val_AP=0.9055745616557412
INFO - 11/01/25 23:59:49 - 0:10:45 - Epoch 74: train_loss=1.2821319103240967, train_AUC=0.9150029175501274, train_AP=0.8779265047644655, distortion=0.5974715948104858, reward=0.2990, epsilon=0.1000, time=0.3117372989654541
INFO - 11/01/25 23:59:50 - 0:10:46 - Epoch 74: val_AUC=0.9277674486547506, val_AP=0.9063769011925543
INFO - 11/01/25 23:59:50 - 0:10:46 - Epoch 75: train_loss=1.2832655906677246, train_AUC=0.913568585831082, train_AP=0.874939436450427, distortion=0.5967357754707336, reward=0.2975, epsilon=0.1000, time=0.3111872673034668
INFO - 11/01/25 23:59:50 - 0:10:46 - Epoch 75: val_AUC=0.9280427478751827, val_AP=0.9071148462881851
INFO - 11/01/25 23:59:50 - 0:10:46 - Epoch 76: train_loss=1.2790799140930176, train_AUC=0.9154769820623183, train_AP=0.878058209126014, distortion=0.5961959362030029, reward=0.3006, epsilon=0.1000, time=0.32435011863708496
INFO - 11/01/25 23:59:50 - 0:10:46 - Epoch 76: val_AUC=0.9283455626116286, val_AP=0.9076519810750164
INFO - 11/01/25 23:59:51 - 0:10:47 - Epoch 77: train_loss=1.2811622619628906, train_AUC=0.9150211557275537, train_AP=0.8793573763123433, distortion=0.595645010471344, reward=0.3015, epsilon=0.1000, time=0.31385183334350586
INFO - 11/01/25 23:59:51 - 0:10:47 - Epoch 77: val_AUC=0.928919498820002, val_AP=0.9085163400812911
INFO - 11/01/25 23:59:51 - 0:10:47 - Epoch 78: train_loss=1.2804980278015137, train_AUC=0.9145891701150164, train_AP=0.8767687604290246, distortion=0.5951609015464783, reward=0.3005, epsilon=0.1000, time=0.3117823600769043
INFO - 11/01/25 23:59:51 - 0:10:47 - Epoch 78: val_AUC=0.9296279873422864, val_AP=0.9094030688561769
INFO - 11/01/25 23:59:52 - 0:10:48 - Epoch 79: train_loss=1.279410719871521, train_AUC=0.914667539448774, train_AP=0.87734681168897, distortion=0.5947699546813965, reward=0.3012, epsilon=0.1000, time=0.3117368221282959
INFO - 11/01/25 23:59:52 - 0:10:48 - Epoch 79: val_AUC=0.930283173556062, val_AP=0.9102988344286612
INFO - 11/01/25 23:59:52 - 0:10:48 - Epoch 80: train_loss=1.2789745330810547, train_AUC=0.915358079014751, train_AP=0.8796635183750243, distortion=0.5944882035255432, reward=0.3030, epsilon=0.1000, time=0.31760740280151367
INFO - 11/01/25 23:59:52 - 0:10:48 - Epoch 80: val_AUC=0.9306271895363825, val_AP=0.9107458985828143
INFO - 11/01/25 23:59:52 - 0:10:48 - Epoch 81: train_loss=1.2717971801757812, train_AUC=0.9164708515783561, train_AP=0.8791053819863442, distortion=0.5938937067985535, reward=0.3039, epsilon=0.1000, time=0.3139994144439697
INFO - 11/01/25 23:59:53 - 0:10:49 - Epoch 81: val_AUC=0.9307974688030233, val_AP=0.9110271265554408
INFO - 11/01/25 23:59:53 - 0:10:49 - Epoch 82: train_loss=1.274516224861145, train_AUC=0.9152426830406015, train_AP=0.87715256393775, distortion=0.5937823057174683, reward=0.3024, epsilon=0.1000, time=0.2764010429382324
INFO - 11/01/25 23:59:53 - 0:10:49 - Epoch 82: val_AUC=0.9309046496612134, val_AP=0.9113230771512543
INFO - 11/01/25 23:59:53 - 0:10:49 - Epoch 83: train_loss=1.2781100273132324, train_AUC=0.9137562297108126, train_AP=0.8757295650653432, distortion=0.593386173248291, reward=0.3014, epsilon=0.1000, time=0.3146982192993164
INFO - 11/01/25 23:59:53 - 0:10:49 - Epoch 83: val_AUC=0.9309023446965212, val_AP=0.9112184005428671
INFO - 11/01/25 23:59:54 - 0:10:50 - Epoch 84: train_loss=1.276775598526001, train_AUC=0.9152073875068019, train_AP=0.878354164538938, distortion=0.5939879417419434, reward=0.3028, epsilon=0.1000, time=0.2760803699493408
INFO - 11/01/25 23:59:54 - 0:10:50 - Epoch 84: val_AUC=0.93111267272469, val_AP=0.9114219435016541
INFO - 11/01/25 23:59:54 - 0:10:50 - Epoch 85: train_loss=1.2751455307006836, train_AUC=0.9145629124230613, train_AP=0.8764166228531132, distortion=0.5930292010307312, reward=0.3025, epsilon=0.1000, time=0.31465983390808105
INFO - 11/01/25 23:59:54 - 0:10:50 - Epoch 85: val_AUC=0.9314005051906364, val_AP=0.9117489314829857
INFO - 11/01/25 23:59:54 - 0:10:51 - Epoch 86: train_loss=1.2683806419372559, train_AUC=0.9173863667140476, train_AP=0.8803179965237807, distortion=0.5934486985206604, reward=0.3054, epsilon=0.1000, time=0.2763795852661133
INFO - 11/01/25 23:59:55 - 0:10:51 - Epoch 86: val_AUC=0.9313642019967333, val_AP=0.9111678298973687
INFO - 11/01/25 23:59:55 - 0:10:51 - Epoch 87: train_loss=1.2804925441741943, train_AUC=0.9126637459357825, train_AP=0.8738301657057604, distortion=0.5925054550170898, reward=0.3007, epsilon=0.1000, time=0.31464576721191406
INFO - 11/01/25 23:59:55 - 0:10:51 - Epoch 87: val_AUC=0.9319813562930866, val_AP=0.9122572179556249
INFO - 11/01/25 23:59:55 - 0:10:51 - Epoch 88: train_loss=1.273439884185791, train_AUC=0.9149806798336013, train_AP=0.8774994754232782, distortion=0.5932937860488892, reward=0.3029, epsilon=0.1000, time=0.31510210037231445
INFO - 11/01/25 23:59:55 - 0:10:51 - Epoch 88: val_AUC=0.9318315335880896, val_AP=0.911429178476383
INFO - 11/01/25 23:59:56 - 0:10:52 - Epoch 89: train_loss=1.2653651237487793, train_AUC=0.9170378256230939, train_AP=0.8792523280661254, distortion=0.591684103012085, reward=0.3065, epsilon=0.1000, time=0.3148343563079834
INFO - 11/01/25 23:59:56 - 0:10:52 - Epoch 89: val_AUC=0.9318372959998202, val_AP=0.9111319754437335
INFO - 11/01/25 23:59:56 - 0:10:52 - Epoch 90: train_loss=1.2734893560409546, train_AUC=0.9144796752554489, train_AP=0.876175987131615, distortion=0.5909804105758667, reward=0.3043, epsilon=0.1000, time=0.3171708583831787
INFO - 11/01/25 23:59:56 - 0:10:52 - Epoch 90: val_AUC=0.9323234994895944, val_AP=0.9121736156096935
INFO - 11/01/25 23:59:57 - 0:10:53 - Epoch 91: train_loss=1.26422119140625, train_AUC=0.9174239885002125, train_AP=0.880971710304963, distortion=0.5918152332305908, reward=0.3074, epsilon=0.1000, time=0.3835608959197998
INFO - 11/01/25 23:59:57 - 0:10:53 - Epoch 91: val_AUC=0.9321138917628917, val_AP=0.9112523417931635
INFO - 11/01/25 23:59:57 - 0:10:53 - Epoch 92: train_loss=1.2730025053024292, train_AUC=0.9145181683270509, train_AP=0.8776071295925907, distortion=0.5895606875419617, reward=0.3065, epsilon=0.1000, time=0.3158397674560547
INFO - 11/01/25 23:59:57 - 0:10:53 - Epoch 92: val_AUC=0.9319827968960194, val_AP=0.9107368782198322
INFO - 11/01/25 23:59:57 - 0:10:54 - Epoch 93: train_loss=1.262969970703125, train_AUC=0.9167481615957029, train_AP=0.8802138774157711, distortion=0.5885190963745117, reward=0.3100, epsilon=0.1000, time=0.31487488746643066
INFO - 11/01/25 23:59:58 - 0:10:54 - Epoch 93: val_AUC=0.9325103456899609, val_AP=0.9118573313699164
INFO - 11/01/25 23:59:58 - 0:10:54 - Epoch 94: train_loss=1.2662980556488037, train_AUC=0.9155516593988036, train_AP=0.8760565265887815, distortion=0.5890448689460754, reward=0.3068, epsilon=0.1000, time=0.31545114517211914
INFO - 11/01/25 23:59:58 - 0:10:54 - Epoch 94: val_AUC=0.9325112100517204, val_AP=0.9114980039982689
INFO - 11/01/25 23:59:58 - 0:10:54 - Epoch 95: train_loss=1.2607377767562866, train_AUC=0.9170972066166205, train_AP=0.8800164737005878, distortion=0.5873553156852722, reward=0.3112, epsilon=0.1000, time=0.31551289558410645
INFO - 11/01/25 23:59:58 - 0:10:55 - Epoch 95: val_AUC=0.9321864981506981, val_AP=0.9103272805114485
INFO - 11/01/25 23:59:59 - 0:10:55 - Epoch 96: train_loss=1.2612422704696655, train_AUC=0.9161574819078874, train_AP=0.8782942563894147, distortion=0.5859060883522034, reward=0.3113, epsilon=0.1000, time=0.3150928020477295
INFO - 11/01/25 23:59:59 - 0:10:55 - Epoch 96: val_AUC=0.9325155318605185, val_AP=0.9108258367994148
INFO - 11/01/25 23:59:59 - 0:10:55 - Epoch 97: train_loss=1.2668683528900146, train_AUC=0.9145668596252214, train_AP=0.8771044517515081, distortion=0.5851634740829468, reward=0.3107, epsilon=0.1000, time=0.31564998626708984
INFO - 11/01/25 23:59:59 - 0:10:55 - Epoch 97: val_AUC=0.932752078862062, val_AP=0.9114327905298809
INFO - 11/02/25 00:00:00 - 0:10:56 - Epoch 98: train_loss=1.2614192962646484, train_AUC=0.9158514159819893, train_AP=0.8778393581647463, distortion=0.5860543847084045, reward=0.3108, epsilon=0.1000, time=0.3170289993286133
INFO - 11/02/25 00:00:00 - 0:10:56 - Epoch 98: val_AUC=0.9324921940930094, val_AP=0.9103723758681572
INFO - 11/02/25 00:00:00 - 0:10:56 - Epoch 99: train_loss=1.263742446899414, train_AUC=0.9147238624696712, train_AP=0.8756523511207241, distortion=0.5837053656578064, reward=0.3115, epsilon=0.1000, time=0.3182108402252197
INFO - 11/02/25 00:00:00 - 0:10:56 - Epoch 99: val_AUC=0.9323717596878387, val_AP=0.9099361643381942
INFO - 11/02/25 00:00:00 - 0:10:57 - Epoch 100: train_loss=1.2617299556732178, train_AUC=0.9153392775921623, train_AP=0.8773753678600402, distortion=0.5832399129867554, reward=0.3131, epsilon=0.1000, time=0.32507967948913574
INFO - 11/02/25 00:00:01 - 0:10:57 - Epoch 100: val_AUC=0.9327143350652264, val_AP=0.9107732943346564
INFO - 11/02/25 00:00:01 - 0:10:57 - Epoch 101: train_loss=1.257753610610962, train_AUC=0.9167049851156535, train_AP=0.8785620467122537, distortion=0.5834852457046509, reward=0.3141, epsilon=0.1000, time=0.3130016326904297
INFO - 11/02/25 00:00:01 - 0:10:57 - Epoch 101: val_AUC=0.9328627171672905, val_AP=0.9109647521958942
INFO - 11/02/25 00:00:01 - 0:10:57 - Epoch 102: train_loss=1.267536997795105, train_AUC=0.9149362193539603, train_AP=0.8758264275411854, distortion=0.5880162715911865, reward=0.3074, epsilon=0.1000, time=0.31441760063171387
INFO - 11/02/25 00:00:01 - 0:10:57 - Epoch 102: val_AUC=0.9323786745819154, val_AP=0.9096595872091839
INFO - 11/02/25 00:00:02 - 0:10:58 - Epoch 103: train_loss=1.2633843421936035, train_AUC=0.9148256677866545, train_AP=0.8763328451653993, distortion=0.5847916007041931, reward=0.3108, epsilon=0.1000, time=0.31061625480651855
INFO - 11/02/25 00:00:02 - 0:10:58 - Epoch 103: val_AUC=0.931818856282282, val_AP=0.9089177316676963
INFO - 11/02/25 00:00:02 - 0:10:58 - Epoch 104: train_loss=1.258310317993164, train_AUC=0.9157330991081483, train_AP=0.8775040025337304, distortion=0.5844593644142151, reward=0.3122, epsilon=0.1000, time=0.310488224029541
INFO - 11/02/25 00:00:02 - 0:10:58 - Epoch 104: val_AUC=0.931405115120021, val_AP=0.9088231772334703
INFO - 11/02/25 00:00:03 - 0:10:59 - Epoch 105: train_loss=1.2577793598175049, train_AUC=0.916789881115036, train_AP=0.8781636388962277, distortion=0.5860133171081543, reward=0.3115, epsilon=0.1000, time=0.3106076717376709
INFO - 11/02/25 00:00:03 - 0:10:59 - Epoch 105: val_AUC=0.9315823092807387, val_AP=0.9088976516391313
INFO - 11/02/25 00:00:03 - 0:10:59 - Epoch 106: train_loss=1.2591164112091064, train_AUC=0.9160657372460879, train_AP=0.8770390631520475, distortion=0.5855315923690796, reward=0.3110, epsilon=0.1000, time=0.31023263931274414
INFO - 11/02/25 00:00:03 - 0:10:59 - Epoch 106: val_AUC=0.9322642907090619, val_AP=0.9091679744562655
INFO - 11/02/25 00:00:03 - 0:10:59 - Epoch 107: train_loss=1.2552552223205566, train_AUC=0.9162793053566995, train_AP=0.8778461891784698, distortion=0.5833451151847839, reward=0.3137, epsilon=0.1000, time=0.3107883930206299
INFO - 11/02/25 00:00:04 - 0:11:00 - Epoch 107: val_AUC=0.9332341046033312, val_AP=0.9103382810914921
INFO - 11/02/25 00:00:04 - 0:11:00 - Epoch 108: train_loss=1.257408857345581, train_AUC=0.915242321666493, train_AP=0.8754154376234367, distortion=0.5821365714073181, reward=0.3132, epsilon=0.1000, time=0.3165163993835449
INFO - 11/02/25 00:00:04 - 0:11:00 - Epoch 108: val_AUC=0.9339114761022701, val_AP=0.9115003101414467
INFO - 11/02/25 00:00:04 - 0:11:00 - Epoch 109: train_loss=1.2568578720092773, train_AUC=0.9161562417716362, train_AP=0.8774141658682656, distortion=0.5827847123146057, reward=0.3140, epsilon=0.1000, time=0.310746431350708
INFO - 11/02/25 00:00:04 - 0:11:00 - Epoch 109: val_AUC=0.9341390913656309, val_AP=0.9117668956853041
INFO - 11/02/25 00:00:05 - 0:11:01 - Epoch 110: train_loss=1.2591850757598877, train_AUC=0.9147762283194675, train_AP=0.8753995754532835, distortion=0.5827916264533997, reward=0.3123, epsilon=0.1000, time=0.31070780754089355
INFO - 11/02/25 00:00:05 - 0:11:01 - Epoch 110: val_AUC=0.934139091365631, val_AP=0.911405709877006
INFO - 11/02/25 00:00:05 - 0:11:01 - Epoch 111: train_loss=1.253981113433838, train_AUC=0.9170836189501369, train_AP=0.8802289466365014, distortion=0.5813203454017639, reward=0.3173, epsilon=0.1000, time=0.3104088306427002
INFO - 11/02/25 00:00:05 - 0:11:01 - Epoch 111: val_AUC=0.9342006051108558, val_AP=0.9115394938107441
INFO - 11/02/25 00:00:06 - 0:11:02 - Epoch 112: train_loss=1.2514615058898926, train_AUC=0.9168773839924712, train_AP=0.8792037476291579, distortion=0.5807086229324341, reward=0.3173, epsilon=0.1000, time=0.3108530044555664
INFO - 11/02/25 00:00:06 - 0:11:02 - Epoch 112: val_AUC=0.9345490869602673, val_AP=0.9120714394924445
INFO - 11/02/25 00:00:06 - 0:11:02 - Epoch 113: train_loss=1.2501795291900635, train_AUC=0.9170998718129776, train_AP=0.8794357417630775, distortion=0.5809240341186523, reward=0.3173, epsilon=0.1000, time=0.3100461959838867
INFO - 11/02/25 00:00:06 - 0:11:02 - Epoch 113: val_AUC=0.9346363874979868, val_AP=0.9120370174136796
INFO - 11/02/25 00:00:06 - 0:11:02 - Epoch 114: train_loss=1.2557125091552734, train_AUC=0.9152371647333515, train_AP=0.8767158459215579, distortion=0.580570638179779, reward=0.3154, epsilon=0.1000, time=0.31029534339904785
INFO - 11/02/25 00:00:06 - 0:11:03 - Epoch 114: val_AUC=0.9348184797086754, val_AP=0.9119908781416726
INFO - 11/02/25 00:00:07 - 0:11:03 - Epoch 115: train_loss=1.2454431056976318, train_AUC=0.917417304823768, train_AP=0.8798050710162664, distortion=0.5795831084251404, reward=0.3190, epsilon=0.1000, time=0.31067562103271484
INFO - 11/02/25 00:00:07 - 0:11:03 - Epoch 115: val_AUC=0.9350979566776124, val_AP=0.912402946026902
INFO - 11/02/25 00:00:07 - 0:11:03 - Epoch 116: train_loss=1.2508372068405151, train_AUC=0.9154273432163127, train_AP=0.875390178772957, distortion=0.5786758661270142, reward=0.3167, epsilon=0.1000, time=0.3103656768798828
INFO - 11/02/25 00:00:07 - 0:11:03 - Epoch 116: val_AUC=0.9354334731006299, val_AP=0.9130764810718813
INFO - 11/02/25 00:00:08 - 0:11:04 - Epoch 117: train_loss=1.2517951726913452, train_AUC=0.9157708180914873, train_AP=0.8773353171551257, distortion=0.5784025192260742, reward=0.3182, epsilon=0.1000, time=0.31011080741882324
INFO - 11/02/25 00:00:08 - 0:11:04 - Epoch 117: val_AUC=0.9356802483829953, val_AP=0.9132848684151614
INFO - 11/02/25 00:00:08 - 0:11:04 - Epoch 118: train_loss=1.2478359937667847, train_AUC=0.9163110409816941, train_AP=0.8772964540849585, distortion=0.5779507160186768, reward=0.3189, epsilon=0.1000, time=0.3177967071533203
INFO - 11/02/25 00:00:08 - 0:11:04 - Epoch 118: val_AUC=0.9357517022884554, val_AP=0.9130844580524539
INFO - 11/02/25 00:00:08 - 0:11:05 - Epoch 119: train_loss=1.2454609870910645, train_AUC=0.9167239505273204, train_AP=0.877742628853022, distortion=0.5771278142929077, reward=0.3201, epsilon=0.1000, time=0.3104712963104248
INFO - 11/02/25 00:00:09 - 0:11:05 - Epoch 119: val_AUC=0.9361150223480733, val_AP=0.9135575878216378
INFO - 11/02/25 00:00:09 - 0:11:05 - Epoch 120: train_loss=1.246260404586792, train_AUC=0.9172478836696051, train_AP=0.8785464071286153, distortion=0.5766116976737976, reward=0.3213, epsilon=0.1000, time=0.3105654716491699
INFO - 11/02/25 00:00:09 - 0:11:05 - Epoch 120: val_AUC=0.936403142934606, val_AP=0.9141131449976893
INFO - 11/02/25 00:00:09 - 0:11:05 - Epoch 121: train_loss=1.2406487464904785, train_AUC=0.9179414607718824, train_AP=0.8796528419427235, distortion=0.57610684633255, reward=0.3227, epsilon=0.1000, time=0.27102136611938477
INFO - 11/02/25 00:00:09 - 0:11:05 - Epoch 121: val_AUC=0.9363475356614054, val_AP=0.9138301286286371
INFO - 11/02/25 00:00:10 - 0:11:06 - Epoch 122: train_loss=1.2385989427566528, train_AUC=0.9185856253231133, train_AP=0.8804706354873094, distortion=0.5758017301559448, reward=0.3237, epsilon=0.1000, time=0.3103342056274414
INFO - 11/02/25 00:00:10 - 0:11:06 - Epoch 122: val_AUC=0.9362639806913108, val_AP=0.9133627457435429
INFO - 11/02/25 00:00:10 - 0:11:06 - Epoch 123: train_loss=1.2434782981872559, train_AUC=0.9163281501765603, train_AP=0.876546826777185, distortion=0.5752307772636414, reward=0.3212, epsilon=0.1000, time=0.31087589263916016
INFO - 11/02/25 00:00:10 - 0:11:06 - Epoch 123: val_AUC=0.9364405986108554, val_AP=0.9136356133493831
INFO - 11/02/25 00:00:11 - 0:11:07 - Epoch 124: train_loss=1.2366464138031006, train_AUC=0.9180656393829887, train_AP=0.8795082143478736, distortion=0.5747042298316956, reward=0.3241, epsilon=0.1000, time=0.3115231990814209
INFO - 11/02/25 00:00:11 - 0:11:07 - Epoch 124: val_AUC=0.9367099913592637, val_AP=0.9140357503059758
INFO - 11/02/25 00:00:11 - 0:11:07 - Epoch 125: train_loss=1.239220142364502, train_AUC=0.917826406732407, train_AP=0.8799186995459616, distortion=0.5738829970359802, reward=0.3250, epsilon=0.1000, time=0.30992794036865234
INFO - 11/02/25 00:00:11 - 0:11:07 - Epoch 125: val_AUC=0.9367872076764544, val_AP=0.9138750220391202
INFO - 11/02/25 00:00:11 - 0:11:07 - Epoch 126: train_loss=1.2443609237670898, train_AUC=0.9150420979802065, train_AP=0.8759396830791826, distortion=0.5727188587188721, reward=0.3228, epsilon=0.1000, time=0.31070995330810547
INFO - 11/02/25 00:00:11 - 0:11:08 - Epoch 126: val_AUC=0.9369380388035046, val_AP=0.9140056001601091
INFO - 11/02/25 00:00:12 - 0:11:08 - Epoch 127: train_loss=1.23512601852417, train_AUC=0.9177156059415781, train_AP=0.879649291837561, distortion=0.572141170501709, reward=0.3265, epsilon=0.1000, time=0.31050992012023926
INFO - 11/02/25 00:00:12 - 0:11:08 - Epoch 127: val_AUC=0.9371609000771874, val_AP=0.9143148646285764
INFO - 11/02/25 00:00:12 - 0:11:08 - Epoch 128: train_loss=1.2396659851074219, train_AUC=0.9169402157348998, train_AP=0.8776886487317518, distortion=0.571449339389801, reward=0.3259, epsilon=0.1000, time=0.31050539016723633
INFO - 11/02/25 00:00:12 - 0:11:08 - Epoch 128: val_AUC=0.9373208070027131, val_AP=0.9144982780456932
INFO - 11/02/25 00:00:13 - 0:11:09 - Epoch 129: train_loss=1.242168664932251, train_AUC=0.915265159513263, train_AP=0.8768752439905323, distortion=0.5704613327980042, reward=0.3256, epsilon=0.1000, time=0.3101050853729248
INFO - 11/02/25 00:00:13 - 0:11:09 - Epoch 129: val_AUC=0.9372942999087521, val_AP=0.9142946171696588
INFO - 11/02/25 00:00:13 - 0:11:09 - Epoch 130: train_loss=1.2342555522918701, train_AUC=0.9172693428118449, train_AP=0.8788600600677968, distortion=0.5693555474281311, reward=0.3287, epsilon=0.1000, time=0.31072115898132324
INFO - 11/02/25 00:00:13 - 0:11:09 - Epoch 130: val_AUC=0.9373415516849436, val_AP=0.9143338477231894
INFO - 11/02/25 00:00:13 - 0:11:10 - Epoch 131: train_loss=1.2411059141159058, train_AUC=0.9145731445440289, train_AP=0.873655521668424, distortion=0.5687941312789917, reward=0.3253, epsilon=0.1000, time=0.3111603260040283
INFO - 11/02/25 00:00:14 - 0:11:10 - Epoch 131: val_AUC=0.9374406651667109, val_AP=0.9144982992397904
INFO - 11/02/25 00:00:14 - 0:11:10 - Epoch 132: train_loss=1.2389237880706787, train_AUC=0.9164839746921926, train_AP=0.8775359622732533, distortion=0.568932056427002, reward=0.3281, epsilon=0.1000, time=0.2728099822998047
INFO - 11/02/25 00:00:14 - 0:11:10 - Epoch 132: val_AUC=0.9375893353893618, val_AP=0.9145028255238663
INFO - 11/02/25 00:00:14 - 0:11:10 - Epoch 133: train_loss=1.2252954244613647, train_AUC=0.9200995864500496, train_AP=0.882707733594646, distortion=0.5675821304321289, reward=0.3338, epsilon=0.1000, time=0.31087660789489746
INFO - 11/02/25 00:00:14 - 0:11:10 - Epoch 133: val_AUC=0.9371943220652252, val_AP=0.9137975218890402
INFO - 11/02/25 00:00:15 - 0:11:11 - Epoch 134: train_loss=1.227083444595337, train_AUC=0.9180672468747132, train_AP=0.8776163892809624, distortion=0.5672076940536499, reward=0.3306, epsilon=0.1000, time=0.3104109764099121
INFO - 11/02/25 00:00:15 - 0:11:11 - Epoch 134: val_AUC=0.9374544949548645, val_AP=0.9142715488615392
INFO - 11/02/25 00:00:15 - 0:11:11 - Epoch 135: train_loss=1.2281866073608398, train_AUC=0.9178647009236376, train_AP=0.8787065383301578, distortion=0.5664470195770264, reward=0.3318, epsilon=0.1000, time=0.3106679916381836
INFO - 11/02/25 00:00:15 - 0:11:11 - Epoch 135: val_AUC=0.9376132493980439, val_AP=0.9145198514280882
INFO - 11/02/25 00:00:16 - 0:11:12 - Epoch 136: train_loss=1.2314242124557495, train_AUC=0.9164871423231723, train_AP=0.8775223423702367, distortion=0.5653612017631531, reward=0.3316, epsilon=0.1000, time=0.3102850914001465
INFO - 11/02/25 00:00:16 - 0:11:12 - Epoch 136: val_AUC=0.9375158646397959, val_AP=0.9140098668947365
INFO - 11/02/25 00:00:16 - 0:11:12 - Epoch 137: train_loss=1.235257863998413, train_AUC=0.9157852820278783, train_AP=0.876285383737496, distortion=0.5642331838607788, reward=0.3318, epsilon=0.1000, time=0.3100926876068115
INFO - 11/02/25 00:00:16 - 0:11:12 - Epoch 137: val_AUC=0.937687872629956, val_AP=0.9142545424842421
INFO - 11/02/25 00:00:16 - 0:11:12 - Epoch 138: train_loss=1.23390793800354, train_AUC=0.9147652425465658, train_AP=0.8737251675953631, distortion=0.5639870762825012, reward=0.3303, epsilon=0.1000, time=0.31049418449401855
INFO - 11/02/25 00:00:16 - 0:11:13 - Epoch 138: val_AUC=0.9379491980019414, val_AP=0.9147928960358993
INFO - 11/02/25 00:00:17 - 0:11:13 - Epoch 139: train_loss=1.2293434143066406, train_AUC=0.9167509823075384, train_AP=0.8760170628210981, distortion=0.5633915662765503, reward=0.3330, epsilon=0.1000, time=0.3103907108306885
INFO - 11/02/25 00:00:17 - 0:11:13 - Epoch 139: val_AUC=0.9378765916141351, val_AP=0.9143964863487243
INFO - 11/02/25 00:00:17 - 0:11:13 - Epoch 140: train_loss=1.2327730655670166, train_AUC=0.9150538712994415, train_AP=0.8744095724170028, distortion=0.5623650550842285, reward=0.3324, epsilon=0.1000, time=0.31047558784484863
INFO - 11/02/25 00:00:17 - 0:11:13 - Epoch 140: val_AUC=0.9378567112936641, val_AP=0.91429876090169
INFO - 11/02/25 00:00:18 - 0:11:14 - Epoch 141: train_loss=1.2290000915527344, train_AUC=0.9149234930039727, train_AP=0.8736228023897219, distortion=0.5617701411247253, reward=0.3325, epsilon=0.1000, time=0.3103954792022705
INFO - 11/02/25 00:00:18 - 0:11:14 - Epoch 141: val_AUC=0.9380321767308628, val_AP=0.9148238215626007
INFO - 11/02/25 00:00:18 - 0:11:14 - Epoch 142: train_loss=1.223337173461914, train_AUC=0.9169932176031272, train_AP=0.8768765550652657, distortion=0.5607345700263977, reward=0.3362, epsilon=0.1000, time=0.31395506858825684
INFO - 11/02/25 00:00:18 - 0:11:14 - Epoch 142: val_AUC=0.9379978903810654, val_AP=0.9146530410961933
INFO - 11/02/25 00:00:18 - 0:11:15 - Epoch 143: train_loss=1.2316486835479736, train_AUC=0.914312178106885, train_AP=0.8730371020371146, distortion=0.5601638555526733, reward=0.3335, epsilon=0.1000, time=0.3103649616241455
INFO - 11/02/25 00:00:19 - 0:11:15 - Epoch 143: val_AUC=0.9380120082898055, val_AP=0.9144491917854272
INFO - 11/02/25 00:00:19 - 0:11:15 - Epoch 144: train_loss=1.2228384017944336, train_AUC=0.9170184415159081, train_AP=0.8777991075593254, distortion=0.5599796175956726, reward=0.3374, epsilon=0.1000, time=0.3102710247039795
INFO - 11/02/25 00:00:19 - 0:11:15 - Epoch 144: val_AUC=0.9382206075944552, val_AP=0.914856255023528
INFO - 11/02/25 00:00:19 - 0:11:15 - Epoch 145: train_loss=1.2240798473358154, train_AUC=0.9162467114058913, train_AP=0.876456821170986, distortion=0.5589492917060852, reward=0.3374, epsilon=0.1000, time=0.3181576728820801
INFO - 11/02/25 00:00:19 - 0:11:16 - Epoch 145: val_AUC=0.9381866093652445, val_AP=0.9146965816511936
INFO - 11/02/25 00:00:20 - 0:11:16 - Epoch 146: train_loss=1.2222113609313965, train_AUC=0.9163413076832431, train_AP=0.8766735082392793, distortion=0.5583703517913818, reward=0.3381, epsilon=0.1000, time=0.31067800521850586
INFO - 11/02/25 00:00:20 - 0:11:16 - Epoch 146: val_AUC=0.9381037746966162, val_AP=0.9144734118608846
INFO - 11/02/25 00:00:20 - 0:11:16 - Epoch 147: train_loss=1.2193384170532227, train_AUC=0.9178951256329001, train_AP=0.8790261448977268, distortion=0.5598319172859192, reward=0.3386, epsilon=0.1000, time=0.27116942405700684
INFO - 11/02/25 00:00:20 - 0:11:16 - Epoch 147: val_AUC=0.9381370526243609, val_AP=0.9145090899306773
INFO - 11/02/25 00:00:21 - 0:11:17 - Epoch 148: train_loss=1.219657063484192, train_AUC=0.9169744077069387, train_AP=0.8754368633019964, distortion=0.5582979917526245, reward=0.3379, epsilon=0.1000, time=0.27221202850341797
INFO - 11/02/25 00:00:21 - 0:11:17 - Epoch 148: val_AUC=0.9383894462581635, val_AP=0.915019532432348
INFO - 11/02/25 00:00:21 - 0:11:17 - Epoch 149: train_loss=1.213763952255249, train_AUC=0.9193160052630586, train_AP=0.8797992484467536, distortion=0.5566770434379578, reward=0.3429, epsilon=0.1000, time=0.3135998249053955
INFO - 11/02/25 00:00:21 - 0:11:17 - Epoch 149: val_AUC=0.9384473584960566, val_AP=0.9147429542467816
INFO - 11/02/25 00:00:21 - 0:11:17 - Epoch 150: train_loss=1.221096158027649, train_AUC=0.9165102029757719, train_AP=0.8763058766403427, distortion=0.5569721460342407, reward=0.3394, epsilon=0.1000, time=0.3107428550720215
INFO - 11/02/25 00:00:21 - 0:11:18 - Epoch 150: val_AUC=0.9385804702070348, val_AP=0.9149031516236004
INFO - 11/02/25 00:00:22 - 0:11:18 - Epoch 151: train_loss=1.217184066772461, train_AUC=0.9176866840501603, train_AP=0.8775663889793812, distortion=0.5568985342979431, reward=0.3407, epsilon=0.1000, time=0.3106045722961426
INFO - 11/02/25 00:00:22 - 0:11:18 - Epoch 151: val_AUC=0.9386403992890336, val_AP=0.9153346499194311
INFO - 11/02/25 00:00:22 - 0:11:18 - Epoch 152: train_loss=1.2233495712280273, train_AUC=0.9148644708923195, train_AP=0.8742428096604564, distortion=0.5556100010871887, reward=0.3389, epsilon=0.1000, time=0.31070971488952637
INFO - 11/02/25 00:00:22 - 0:11:18 - Epoch 152: val_AUC=0.9386029436127843, val_AP=0.9151759543368225
INFO - 11/02/25 00:00:23 - 0:11:19 - Epoch 153: train_loss=1.212207317352295, train_AUC=0.9187921105011962, train_AP=0.8792214496756787, distortion=0.5543624758720398, reward=0.3446, epsilon=0.1000, time=0.31025266647338867
INFO - 11/02/25 00:00:23 - 0:11:19 - Epoch 153: val_AUC=0.9385899781863903, val_AP=0.9149931413145345
INFO - 11/02/25 00:00:23 - 0:11:19 - Epoch 154: train_loss=1.2181999683380127, train_AUC=0.9172423005642389, train_AP=0.8780047397031463, distortion=0.5551673769950867, reward=0.3425, epsilon=0.1000, time=0.30964159965515137
INFO - 11/02/25 00:00:23 - 0:11:19 - Epoch 154: val_AUC=0.9387810021352616, val_AP=0.9153641404567064
INFO - 11/02/25 00:00:23 - 0:11:20 - Epoch 155: train_loss=1.2178375720977783, train_AUC=0.9172760160209016, train_AP=0.8770442367280173, distortion=0.554510235786438, reward=0.3426, epsilon=0.1000, time=0.31020522117614746
INFO - 11/02/25 00:00:24 - 0:11:20 - Epoch 155: val_AUC=0.9389590606577389, val_AP=0.915579086542932
INFO - 11/02/25 00:00:24 - 0:11:20 - Epoch 156: train_loss=1.216407060623169, train_AUC=0.9168485632858038, train_AP=0.8759077307911608, distortion=0.553499162197113, reward=0.3429, epsilon=0.1000, time=0.3204345703125
INFO - 11/02/25 00:00:24 - 0:11:20 - Epoch 156: val_AUC=0.9389155544491725, val_AP=0.9150708153265156
INFO - 11/02/25 00:00:24 - 0:11:20 - Epoch 157: train_loss=1.2158217430114746, train_AUC=0.9165409970342958, train_AP=0.8748866661260469, distortion=0.5544872879981995, reward=0.3412, epsilon=0.1000, time=0.317000150680542
INFO - 11/02/25 00:00:24 - 0:11:20 - Epoch 157: val_AUC=0.9389943554295892, val_AP=0.9154133607807518
INFO - 11/02/25 00:00:25 - 0:11:21 - Epoch 158: train_loss=1.2091009616851807, train_AUC=0.9186655687526433, train_AP=0.8796546524314092, distortion=0.5531056523323059, reward=0.3461, epsilon=0.1000, time=0.30990171432495117
INFO - 11/02/25 00:00:25 - 0:11:21 - Epoch 158: val_AUC=0.9391109002068416, val_AP=0.9157313561755389
INFO - 11/02/25 00:00:25 - 0:11:21 - Epoch 159: train_loss=1.2212719917297363, train_AUC=0.9151371398692176, train_AP=0.8741957425291698, distortion=0.5511049032211304, reward=0.3436, epsilon=0.1000, time=0.31000709533691406
INFO - 11/02/25 00:00:25 - 0:11:21 - Epoch 159: val_AUC=0.9392039631562918, val_AP=0.9152035126173861
INFO - 11/02/25 00:00:26 - 0:11:22 - Epoch 160: train_loss=1.2118163108825684, train_AUC=0.9169652337890506, train_AP=0.8758078970274441, distortion=0.5522478222846985, reward=0.3441, epsilon=0.1000, time=0.3104069232940674
INFO - 11/02/25 00:00:26 - 0:11:22 - Epoch 160: val_AUC=0.9394050713256917, val_AP=0.9155187131644581
INFO - 11/02/25 00:00:26 - 0:11:22 - Epoch 161: train_loss=1.2165908813476562, train_AUC=0.9156693038675792, train_AP=0.8747812574661724, distortion=0.5512720942497253, reward=0.3440, epsilon=0.1000, time=0.3174569606781006
INFO - 11/02/25 00:00:26 - 0:11:22 - Epoch 161: val_AUC=0.9396205855244183, val_AP=0.9162386089609722
INFO - 11/02/25 00:00:26 - 0:11:22 - Epoch 162: train_loss=1.210018515586853, train_AUC=0.9169446294834952, train_AP=0.8753512900364284, distortion=0.5495762825012207, reward=0.3466, epsilon=0.1000, time=0.31066393852233887
INFO - 11/02/25 00:00:27 - 0:11:23 - Epoch 162: val_AUC=0.9396597699241868, val_AP=0.9160740382631609
INFO - 11/02/25 00:00:27 - 0:11:23 - Epoch 163: train_loss=1.2140367031097412, train_AUC=0.9151156857114485, train_AP=0.8730191634392807, distortion=0.549239456653595, reward=0.3448, epsilon=0.1000, time=0.27896666526794434
INFO - 11/02/25 00:00:27 - 0:11:23 - Epoch 163: val_AUC=0.9396430589301681, val_AP=0.9156705709563798
INFO - 11/02/25 00:00:27 - 0:11:23 - Epoch 164: train_loss=1.211017370223999, train_AUC=0.9167468775961116, train_AP=0.8764635005559509, distortion=0.5495821237564087, reward=0.3470, epsilon=0.1000, time=0.3107755184173584
INFO - 11/02/25 00:00:27 - 0:11:23 - Epoch 164: val_AUC=0.9398265917437894, val_AP=0.9162909225029854
INFO - 11/02/25 00:00:28 - 0:11:24 - Epoch 165: train_loss=1.2080860137939453, train_AUC=0.9173073075295779, train_AP=0.8767134119933188, distortion=0.547667920589447, reward=0.3493, epsilon=0.1000, time=0.3104519844055176
INFO - 11/02/25 00:00:28 - 0:11:24 - Epoch 165: val_AUC=0.9399859224281419, val_AP=0.9167591798863441
INFO - 11/02/25 00:00:28 - 0:11:24 - Epoch 166: train_loss=1.209659457206726, train_AUC=0.916977022560144, train_AP=0.8761008241859692, distortion=0.5468751192092896, reward=0.3497, epsilon=0.1000, time=0.3102097511291504
INFO - 11/02/25 00:00:28 - 0:11:24 - Epoch 166: val_AUC=0.9400730789055683, val_AP=0.9164159415753346
INFO - 11/02/25 00:00:29 - 0:11:25 - Epoch 167: train_loss=1.2057039737701416, train_AUC=0.9176341277935922, train_AP=0.8768595978279592, distortion=0.5471838116645813, reward=0.3501, epsilon=0.1000, time=0.31725263595581055
INFO - 11/02/25 00:00:29 - 0:11:25 - Epoch 167: val_AUC=0.9401187460185337, val_AP=0.9164097911599642
INFO - 11/02/25 00:00:29 - 0:11:25 - Epoch 168: train_loss=1.2152632474899292, train_AUC=0.9135112255418812, train_AP=0.870198590919103, distortion=0.5463792085647583, reward=0.3455, epsilon=0.1000, time=0.3103201389312744
INFO - 11/02/25 00:00:29 - 0:11:25 - Epoch 168: val_AUC=0.9401441006301484, val_AP=0.9169105106234983
INFO - 11/02/25 00:00:29 - 0:11:25 - Epoch 169: train_loss=1.1987261772155762, train_AUC=0.9196257631862291, train_AP=0.8804607122012307, distortion=0.5447131991386414, reward=0.3553, epsilon=0.1000, time=0.3185458183288574
INFO - 11/02/25 00:00:29 - 0:11:26 - Epoch 169: val_AUC=0.9402478240413003, val_AP=0.9170889856254617
INFO - 11/02/25 00:00:30 - 0:11:26 - Epoch 170: train_loss=1.2078521251678467, train_AUC=0.9155300427472972, train_AP=0.8738777212046099, distortion=0.5435919165611267, reward=0.3511, epsilon=0.1000, time=0.31074070930480957
INFO - 11/02/25 00:00:30 - 0:11:26 - Epoch 170: val_AUC=0.9403939011786725, val_AP=0.9167449352097126
INFO - 11/02/25 00:00:30 - 0:11:26 - Epoch 171: train_loss=1.1992945671081543, train_AUC=0.9183667632064222, train_AP=0.8772634559559664, distortion=0.5450438261032104, reward=0.3528, epsilon=0.1000, time=0.3102726936340332
INFO - 11/02/25 00:00:30 - 0:11:26 - Epoch 171: val_AUC=0.9406919619254408, val_AP=0.9173155179584008
INFO - 11/02/25 00:00:31 - 0:11:27 - Epoch 172: train_loss=1.199010968208313, train_AUC=0.9180686863897829, train_AP=0.8782446730284619, distortion=0.5434368848800659, reward=0.3547, epsilon=0.1000, time=0.3121180534362793
INFO - 11/02/25 00:00:31 - 0:11:27 - Epoch 172: val_AUC=0.9406615652035615, val_AP=0.9177164140954874
INFO - 11/02/25 00:00:31 - 0:11:27 - Epoch 173: train_loss=1.2004033327102661, train_AUC=0.9173837742909594, train_AP=0.8757303425171203, distortion=0.5410627722740173, reward=0.3555, epsilon=0.1000, time=0.31073737144470215
INFO - 11/02/25 00:00:31 - 0:11:27 - Epoch 173: val_AUC=0.9406889366592821, val_AP=0.9175683133813727
INFO - 11/02/25 00:00:31 - 0:11:28 - Epoch 174: train_loss=1.2009539604187012, train_AUC=0.9175134437947281, train_AP=0.87667261783693, distortion=0.5420257449150085, reward=0.3551, epsilon=0.1000, time=0.31054067611694336
INFO - 11/02/25 00:00:32 - 0:11:28 - Epoch 174: val_AUC=0.9411191006949757, val_AP=0.9178876352565586
INFO - 11/02/25 00:00:32 - 0:11:28 - Epoch 175: train_loss=1.1986862421035767, train_AUC=0.9180014299329238, train_AP=0.8775839336007563, distortion=0.5410511493682861, reward=0.3567, epsilon=0.1000, time=0.31061840057373047
INFO - 11/02/25 00:00:32 - 0:11:28 - Epoch 175: val_AUC=0.9412666184352805, val_AP=0.9180410509676218
INFO - 11/02/25 00:00:32 - 0:11:28 - Epoch 176: train_loss=1.2003166675567627, train_AUC=0.9165726902912915, train_AP=0.8754930434056138, distortion=0.5400002598762512, reward=0.3560, epsilon=0.1000, time=0.31051182746887207
INFO - 11/02/25 00:00:32 - 0:11:28 - Epoch 176: val_AUC=0.9412406875824925, val_AP=0.9182805431958052
INFO - 11/02/25 00:00:33 - 0:11:29 - Epoch 177: train_loss=1.1990604400634766, train_AUC=0.916212421738231, train_AP=0.8742308040380564, distortion=0.5383121967315674, reward=0.3569, epsilon=0.1000, time=0.3103976249694824
INFO - 11/02/25 00:00:33 - 0:11:29 - Epoch 177: val_AUC=0.9412075537150413, val_AP=0.917980984234572
INFO - 11/02/25 00:00:33 - 0:11:29 - Epoch 178: train_loss=1.203285813331604, train_AUC=0.9150985196936189, train_AP=0.8724440190789273, distortion=0.5375945568084717, reward=0.3562, epsilon=0.1000, time=0.31006908416748047
INFO - 11/02/25 00:00:33 - 0:11:29 - Epoch 178: val_AUC=0.9412888037204435, val_AP=0.9178862557889788
INFO - 11/02/25 00:00:34 - 0:11:30 - Epoch 179: train_loss=1.1935309171676636, train_AUC=0.918824159150936, train_AP=0.8788083636860387, distortion=0.5381505489349365, reward=0.3607, epsilon=0.1000, time=0.31064581871032715
INFO - 11/02/25 00:00:34 - 0:11:30 - Epoch 179: val_AUC=0.9414348808578158, val_AP=0.9182374402842133
INFO - 11/02/25 00:00:34 - 0:11:30 - Epoch 180: train_loss=1.195587158203125, train_AUC=0.9172336674613959, train_AP=0.8753680423271271, distortion=0.5359459519386292, reward=0.3604, epsilon=0.1000, time=0.31089329719543457
INFO - 11/02/25 00:00:34 - 0:11:30 - Epoch 180: val_AUC=0.9414786751869686, val_AP=0.9183311221011479
INFO - 11/02/25 00:00:34 - 0:11:30 - Epoch 181: train_loss=1.1987664699554443, train_AUC=0.915972485778867, train_AP=0.8739304136298212, distortion=0.5361281037330627, reward=0.3588, epsilon=0.1000, time=0.30974841117858887
INFO - 11/02/25 00:00:35 - 0:11:31 - Epoch 181: val_AUC=0.941575195583457, val_AP=0.9183751894814829
INFO - 11/02/25 00:00:35 - 0:11:31 - Epoch 182: train_loss=1.1992640495300293, train_AUC=0.9152410905022885, train_AP=0.8717110199488104, distortion=0.5348455309867859, reward=0.3586, epsilon=0.1000, time=0.31076598167419434
INFO - 11/02/25 00:00:35 - 0:11:31 - Epoch 182: val_AUC=0.9416256166861005, val_AP=0.9183639933293375
INFO - 11/02/25 00:00:35 - 0:11:31 - Epoch 183: train_loss=1.1875672340393066, train_AUC=0.918806697055561, train_AP=0.8777081158186668, distortion=0.5351601839065552, reward=0.3631, epsilon=0.1000, time=0.3101820945739746
INFO - 11/02/25 00:00:35 - 0:11:31 - Epoch 183: val_AUC=0.9417817780440012, val_AP=0.9187707119333457
INFO - 11/02/25 00:00:36 - 0:11:32 - Epoch 184: train_loss=1.1970632076263428, train_AUC=0.9154445122248245, train_AP=0.8731055646829146, distortion=0.5327407121658325, reward=0.3615, epsilon=0.1000, time=0.3108949661254883
INFO - 11/02/25 00:00:36 - 0:11:32 - Epoch 184: val_AUC=0.9418739766316917, val_AP=0.9188989101782138
INFO - 11/02/25 00:00:36 - 0:11:32 - Epoch 185: train_loss=1.1918246746063232, train_AUC=0.918513109253021, train_AP=0.8786953306414615, distortion=0.5330072641372681, reward=0.3656, epsilon=0.1000, time=0.31017398834228516
INFO - 11/02/25 00:00:36 - 0:11:32 - Epoch 185: val_AUC=0.9419753950781512, val_AP=0.9189135963176449
INFO - 11/02/25 00:00:37 - 0:11:33 - Epoch 186: train_loss=1.191473126411438, train_AUC=0.9165810656970114, train_AP=0.8727280144006212, distortion=0.5318962335586548, reward=0.3628, epsilon=0.1000, time=0.31067705154418945
INFO - 11/02/25 00:00:37 - 0:11:33 - Epoch 186: val_AUC=0.9420433915365729, val_AP=0.918836769541193
INFO - 11/02/25 00:00:37 - 0:11:33 - Epoch 187: train_loss=1.1870803833007812, train_AUC=0.9191433442030943, train_AP=0.8789374728394505, distortion=0.5317482948303223, reward=0.3673, epsilon=0.1000, time=0.3162038326263428
INFO - 11/02/25 00:00:37 - 0:11:33 - Epoch 187: val_AUC=0.9422094930547092, val_AP=0.9193144067945777
INFO - 11/02/25 00:00:37 - 0:11:33 - Epoch 188: train_loss=1.1823781728744507, train_AUC=0.919834742094885, train_AP=0.8804569214376339, distortion=0.5297367572784424, reward=0.3704, epsilon=0.1000, time=0.3104379177093506
INFO - 11/02/25 00:00:38 - 0:11:34 - Epoch 188: val_AUC=0.9424176601784793, val_AP=0.919363550943177
INFO - 11/02/25 00:00:38 - 0:11:34 - Epoch 189: train_loss=1.189997673034668, train_AUC=0.916853900158329, train_AP=0.8747151318031139, distortion=0.5307079553604126, reward=0.3651, epsilon=0.1000, time=0.31005048751831055
INFO - 11/02/25 00:00:38 - 0:11:34 - Epoch 189: val_AUC=0.9425102909470494, val_AP=0.9197307629130451
INFO - 11/02/25 00:00:38 - 0:11:34 - Epoch 190: train_loss=1.1917250156402588, train_AUC=0.9161522676533356, train_AP=0.8740643885460517, distortion=0.5287039875984192, reward=0.3664, epsilon=0.1000, time=0.3107163906097412
INFO - 11/02/25 00:00:38 - 0:11:34 - Epoch 190: val_AUC=0.9425591273864669, val_AP=0.9195635437802524
INFO - 11/02/25 00:00:39 - 0:11:35 - Epoch 191: train_loss=1.1865742206573486, train_AUC=0.9174740191255967, train_AP=0.8756190532042522, distortion=0.5314921140670776, reward=0.3651, epsilon=0.1000, time=0.30997776985168457
INFO - 11/02/25 00:00:39 - 0:11:35 - Epoch 191: val_AUC=0.9428812462022106, val_AP=0.9202562910379719
INFO - 11/02/25 00:00:39 - 0:11:35 - Epoch 192: train_loss=1.1822636127471924, train_AUC=0.9189708825219487, train_AP=0.8777380096388824, distortion=0.5266131162643433, reward=0.3717, epsilon=0.1000, time=0.3100886344909668
INFO - 11/02/25 00:00:39 - 0:11:35 - Epoch 192: val_AUC=0.9430705414275625, val_AP=0.9203581812605764
INFO - 11/02/25 00:00:40 - 0:11:36 - Epoch 193: train_loss=1.1818642616271973, train_AUC=0.9187370520404556, train_AP=0.8773066604297729, distortion=0.5263506174087524, reward=0.3717, epsilon=0.1000, time=0.3108384609222412
INFO - 11/02/25 00:00:40 - 0:11:36 - Epoch 193: val_AUC=0.9432207963134395, val_AP=0.9204314990580176
INFO - 11/02/25 00:00:40 - 0:11:36 - Epoch 194: train_loss=1.1913751363754272, train_AUC=0.915259526064745, train_AP=0.8726065565629785, distortion=0.527371346950531, reward=0.3666, epsilon=0.1000, time=0.31717491149902344
INFO - 11/02/25 00:00:40 - 0:11:36 - Epoch 194: val_AUC=0.9432889368321544, val_AP=0.9209016670041293
INFO - 11/02/25 00:00:40 - 0:11:36 - Epoch 195: train_loss=1.1904644966125488, train_AUC=0.9158393879563136, train_AP=0.8743767934744312, distortion=0.5245330929756165, reward=0.3706, epsilon=0.1000, time=0.310394287109375
INFO - 11/02/25 00:00:40 - 0:11:37 - Epoch 195: val_AUC=0.9433917958815468, val_AP=0.9205836541658141
INFO - 11/02/25 00:00:41 - 0:11:37 - Epoch 196: train_loss=1.1751539707183838, train_AUC=0.9212987722858467, train_AP=0.881080176885076, distortion=0.5292530655860901, reward=0.3719, epsilon=0.1000, time=0.310208797454834
INFO - 11/02/25 00:00:41 - 0:11:37 - Epoch 196: val_AUC=0.9434675715958047, val_AP=0.920845092352072
INFO - 11/02/25 00:00:41 - 0:11:37 - Epoch 197: train_loss=1.186638593673706, train_AUC=0.916285007092463, train_AP=0.8743130080536616, distortion=0.5230939984321594, reward=0.3722, epsilon=0.1000, time=0.27225518226623535
INFO - 11/02/25 00:00:41 - 0:11:37 - Epoch 197: val_AUC=0.9433802710580855, val_AP=0.9213378891359325
INFO - 11/02/25 00:00:42 - 0:11:38 - Epoch 198: train_loss=1.1788884401321411, train_AUC=0.9181313446726395, train_AP=0.8762070327040246, distortion=0.5219143629074097, reward=0.3753, epsilon=0.1000, time=0.3175241947174072
INFO - 11/02/25 00:00:42 - 0:11:38 - Epoch 198: val_AUC=0.9436153774566961, val_AP=0.9210799292302145
INFO - 11/02/25 00:00:42 - 0:11:38 - Epoch 199: train_loss=1.181257724761963, train_AUC=0.9190769545456489, train_AP=0.8769856774921811, distortion=0.5297127366065979, reward=0.3683, epsilon=0.1000, time=0.31043553352355957
INFO - 11/02/25 00:00:42 - 0:11:38 - Epoch 199: val_AUC=0.9438974475109118, val_AP=0.9212173790959202
INFO - 11/02/25 00:00:42 - 0:11:39 - Epoch 200: train_loss=1.18063223361969, train_AUC=0.9181509730188779, train_AP=0.8766421589219271, distortion=0.5234033465385437, reward=0.3740, epsilon=0.1000, time=0.3107471466064453
INFO - 11/02/25 00:00:43 - 0:11:39 - Epoch 200: val_AUC=0.9430179594205204, val_AP=0.9222614372807242
INFO - 11/02/25 00:00:43 - 0:11:39 - Epoch 201: train_loss=1.1863667964935303, train_AUC=0.9170420220487772, train_AP=0.8736656654794707, distortion=0.5231920480728149, reward=0.3722, epsilon=0.1000, time=0.27219533920288086
INFO - 11/02/25 00:00:43 - 0:11:39 - Epoch 201: val_AUC=0.9437548278205781, val_AP=0.9212796284408467
INFO - 11/02/25 00:00:43 - 0:11:39 - Epoch 202: train_loss=1.1822612285614014, train_AUC=0.9171359449241694, train_AP=0.8738600874886179, distortion=0.52586430311203, reward=0.3696, epsilon=0.1000, time=0.30994439125061035
INFO - 11/02/25 00:00:43 - 0:11:39 - Epoch 202: val_AUC=0.9438715166581239, val_AP=0.9214657103902018
INFO - 11/02/25 00:00:44 - 0:11:40 - Epoch 203: train_loss=1.1755292415618896, train_AUC=0.9197029407330991, train_AP=0.877163328990263, distortion=0.5282639861106873, reward=0.3702, epsilon=0.1000, time=0.31556153297424316
INFO - 11/02/25 00:00:44 - 0:11:40 - Epoch 203: val_AUC=0.9443181035672499, val_AP=0.9218733427248357
INFO - 11/02/25 00:00:44 - 0:11:40 - Epoch 204: train_loss=1.1776294708251953, train_AUC=0.9168318468672101, train_AP=0.8731555469878249, distortion=0.5185658931732178, reward=0.3764, epsilon=0.1000, time=0.3170809745788574
INFO - 11/02/25 00:00:44 - 0:11:40 - Epoch 204: val_AUC=0.9437588615087896, val_AP=0.9226422411154401
INFO - 11/02/25 00:00:45 - 0:11:41 - Epoch 205: train_loss=1.1796445846557617, train_AUC=0.9182080810938732, train_AP=0.8771006767909733, distortion=0.5193951725959778, reward=0.3783, epsilon=0.1000, time=0.31015443801879883
INFO - 11/02/25 00:00:45 - 0:11:41 - Epoch 205: val_AUC=0.9441071992979077, val_AP=0.9215853599783693
INFO - 11/02/25 00:00:45 - 0:11:41 - Epoch 206: train_loss=1.1771290302276611, train_AUC=0.9181858737826167, train_AP=0.8756800097839353, distortion=0.5212883949279785, reward=0.3756, epsilon=0.1000, time=0.31597375869750977
INFO - 11/02/25 00:00:45 - 0:11:41 - Epoch 206: val_AUC=0.9442849696997985, val_AP=0.922005453593032
INFO - 11/02/25 00:00:45 - 0:11:41 - Epoch 207: train_loss=1.1812326908111572, train_AUC=0.917241205476078, train_AP=0.8750123143147686, distortion=0.5248602628707886, reward=0.3713, epsilon=0.1000, time=0.3165781497955322
INFO - 11/02/25 00:00:45 - 0:11:42 - Epoch 207: val_AUC=0.9448125184937401, val_AP=0.9223408500682543
INFO - 11/02/25 00:00:46 - 0:11:42 - Epoch 208: train_loss=1.1712613105773926, train_AUC=0.9192076084823342, train_AP=0.8777918341071536, distortion=0.517626941204071, reward=0.3809, epsilon=0.1000, time=0.3099803924560547
INFO - 11/02/25 00:00:46 - 0:11:42 - Epoch 208: val_AUC=0.9443394244906533, val_AP=0.9232616194943466
INFO - 11/02/25 00:00:46 - 0:11:42 - Epoch 209: train_loss=1.1791915893554688, train_AUC=0.9174040531105935, train_AP=0.8740574364286052, distortion=0.5172396898269653, reward=0.3785, epsilon=0.1000, time=0.3099539279937744
INFO - 11/02/25 00:00:46 - 0:11:42 - Epoch 209: val_AUC=0.9447903332085771, val_AP=0.9223699775596501
INFO - 11/02/25 00:00:47 - 0:11:43 - Epoch 210: train_loss=1.1736152172088623, train_AUC=0.9177666758290538, train_AP=0.8756966364288238, distortion=0.5160931348800659, reward=0.3806, epsilon=0.1000, time=0.3107130527496338
INFO - 11/02/25 00:00:47 - 0:11:43 - Epoch 210: val_AUC=0.9447122525296268, val_AP=0.922431475757389
INFO - 11/02/25 00:00:47 - 0:11:43 - Epoch 211: train_loss=1.176185131072998, train_AUC=0.9181590373936409, train_AP=0.8750920717224199, distortion=0.5207845568656921, reward=0.3758, epsilon=0.1000, time=0.3098289966583252
INFO - 11/02/25 00:00:47 - 0:11:43 - Epoch 211: val_AUC=0.9449626293193236, val_AP=0.9224352558019799
INFO - 11/02/25 00:00:47 - 0:11:44 - Epoch 212: train_loss=1.1797714233398438, train_AUC=0.9153066372857785, train_AP=0.8706386167624048, distortion=0.5166525840759277, reward=0.3763, epsilon=0.1000, time=0.3105149269104004
INFO - 11/02/25 00:00:48 - 0:11:44 - Epoch 212: val_AUC=0.9448566009434798, val_AP=0.9233556170349901
INFO - 11/02/25 00:00:48 - 0:11:44 - Epoch 213: train_loss=1.1759626865386963, train_AUC=0.9176922367502567, train_AP=0.8758579445382517, distortion=0.5148834586143494, reward=0.3819, epsilon=0.1000, time=0.3179740905761719
INFO - 11/02/25 00:00:48 - 0:11:44 - Epoch 213: val_AUC=0.945509482192563, val_AP=0.9233889771859152
INFO - 11/02/25 00:00:48 - 0:11:44 - Epoch 214: train_loss=1.1782994270324707, train_AUC=0.9155567111596186, train_AP=0.872152974690567, distortion=0.5139331817626953, reward=0.3799, epsilon=0.1000, time=0.27002525329589844
INFO - 11/02/25 00:00:48 - 0:11:44 - Epoch 214: val_AUC=0.9454247747401223, val_AP=0.9233469027325238
INFO - 11/02/25 00:00:49 - 0:11:45 - Epoch 215: train_loss=1.1757813692092896, train_AUC=0.9175085375804509, train_AP=0.8739870615701872, distortion=0.518572211265564, reward=0.3772, epsilon=0.1000, time=0.3104391098022461
INFO - 11/02/25 00:00:49 - 0:11:45 - Epoch 215: val_AUC=0.9455260491262887, val_AP=0.9233783419574068
INFO - 11/02/25 00:00:49 - 0:11:45 - Epoch 216: train_loss=1.172020673751831, train_AUC=0.9179779421112053, train_AP=0.8755426991429222, distortion=0.5175636410713196, reward=0.3792, epsilon=0.1000, time=0.31022214889526367
INFO - 11/02/25 00:00:49 - 0:11:45 - Epoch 216: val_AUC=0.9453475584229316, val_AP=0.9236337726885929
INFO - 11/02/25 00:00:50 - 0:11:46 - Epoch 217: train_loss=1.1687419414520264, train_AUC=0.9183889570596084, train_AP=0.8756154663474012, distortion=0.5143018364906311, reward=0.3827, epsilon=0.1000, time=0.317582368850708
INFO - 11/02/25 00:00:50 - 0:11:46 - Epoch 217: val_AUC=0.945689557559146, val_AP=0.9238912269095393
INFO - 11/02/25 00:00:50 - 0:11:46 - Epoch 218: train_loss=1.172145128250122, train_AUC=0.9175497526713732, train_AP=0.8763004289866818, distortion=0.5121992826461792, reward=0.3847, epsilon=0.1000, time=0.3168318271636963
INFO - 11/02/25 00:00:50 - 0:11:46 - Epoch 218: val_AUC=0.9460194556307262, val_AP=0.9240328915040829
INFO - 11/02/25 00:00:50 - 0:11:46 - Epoch 219: train_loss=1.1699495315551758, train_AUC=0.9177882620752905, train_AP=0.8744124528873803, distortion=0.5144705176353455, reward=0.3816, epsilon=0.1000, time=0.31048154830932617
INFO - 11/02/25 00:00:51 - 0:11:47 - Epoch 219: val_AUC=0.9460684361304368, val_AP=0.9239939140450708
INFO - 11/02/25 00:00:51 - 0:11:47 - Epoch 220: train_loss=1.1716898679733276, train_AUC=0.9173583514978071, train_AP=0.8750796072983061, distortion=0.5142107009887695, reward=0.3820, epsilon=0.1000, time=0.31951332092285156
INFO - 11/02/25 00:00:51 - 0:11:47 - Epoch 220: val_AUC=0.945841973349422, val_AP=0.9240143275214151
INFO - 11/02/25 00:00:51 - 0:11:47 - Epoch 221: train_loss=1.1740357875823975, train_AUC=0.9169236005010566, train_AP=0.8746819360247895, distortion=0.511153519153595, reward=0.3846, epsilon=0.1000, time=0.3104712963104248
INFO - 11/02/25 00:00:51 - 0:11:47 - Epoch 221: val_AUC=0.9459102579284303, val_AP=0.9241711703610056
INFO - 11/02/25 00:00:52 - 0:11:48 - Epoch 222: train_loss=1.1687002182006836, train_AUC=0.9172568631931453, train_AP=0.8742544241875473, distortion=0.5112825632095337, reward=0.3845, epsilon=0.1000, time=0.31098246574401855
INFO - 11/02/25 00:00:52 - 0:11:48 - Epoch 222: val_AUC=0.9463482012199601, val_AP=0.9243868459243797
INFO - 11/02/25 00:00:52 - 0:11:48 - Epoch 223: train_loss=1.1721251010894775, train_AUC=0.9163981151946693, train_AP=0.8739226315024443, distortion=0.5134617686271667, reward=0.3817, epsilon=0.1000, time=0.31871724128723145
INFO - 11/02/25 00:00:52 - 0:11:48 - Epoch 223: val_AUC=0.9465274122247835, val_AP=0.9244965756731724
INFO - 11/02/25 00:00:52 - 0:11:49 - Epoch 224: train_loss=1.1692161560058594, train_AUC=0.9174293203882674, train_AP=0.8745395613387175, distortion=0.5132330656051636, reward=0.3828, epsilon=0.1000, time=0.2726285457611084
INFO - 11/02/25 00:00:53 - 0:11:49 - Epoch 224: val_AUC=0.9463868093785556, val_AP=0.924608610765929
INFO - 11/02/25 00:00:53 - 0:11:49 - Epoch 225: train_loss=1.167550802230835, train_AUC=0.917176690976421, train_AP=0.8741681437020328, distortion=0.5106455087661743, reward=0.3850, epsilon=0.1000, time=0.3104381561279297
INFO - 11/02/25 00:00:53 - 0:11:49 - Epoch 225: val_AUC=0.9461188572330801, val_AP=0.924328793058706
INFO - 11/02/25 00:00:53 - 0:11:49 - Epoch 226: train_loss=1.1712756156921387, train_AUC=0.9164679386538171, train_AP=0.873584164820983, distortion=0.5097633004188538, reward=0.3853, epsilon=0.1000, time=0.3183300495147705
INFO - 11/02/25 00:00:53 - 0:11:50 - Epoch 226: val_AUC=0.9463058474937398, val_AP=0.9241949037830149
INFO - 11/02/25 00:00:54 - 0:11:50 - Epoch 227: train_loss=1.1668626070022583, train_AUC=0.9185411135034265, train_AP=0.875509061423523, distortion=0.5120140314102173, reward=0.3850, epsilon=0.1000, time=0.31069278717041016
INFO - 11/02/25 00:00:54 - 0:11:50 - Epoch 227: val_AUC=0.9465665966245521, val_AP=0.9243676215648213
INFO - 11/02/25 00:00:54 - 0:11:50 - Epoch 228: train_loss=1.1683576107025146, train_AUC=0.9177462619302702, train_AP=0.8755395524245052, distortion=0.5118876695632935, reward=0.3848, epsilon=0.1000, time=0.3105766773223877
INFO - 11/02/25 00:00:54 - 0:11:50 - Epoch 228: val_AUC=0.9466674388298386, val_AP=0.924945692741116
INFO - 11/02/25 00:00:55 - 0:11:51 - Epoch 229: train_loss=1.17205810546875, train_AUC=0.9157342804276482, train_AP=0.8718350290576509, distortion=0.5096845030784607, reward=0.3841, epsilon=0.1000, time=0.31078076362609863
INFO - 11/02/25 00:00:55 - 0:11:51 - Epoch 229: val_AUC=0.946850395402287, val_AP=0.9251736160454934
INFO - 11/02/25 00:00:55 - 0:11:51 - Epoch 230: train_loss=1.1677842140197754, train_AUC=0.9165149706217703, train_AP=0.8729356326005784, distortion=0.5087442994117737, reward=0.3860, epsilon=0.1000, time=0.3107314109802246
INFO - 11/02/25 00:00:55 - 0:11:51 - Epoch 230: val_AUC=0.9469451870752561, val_AP=0.9249851337616062
INFO - 11/02/25 00:00:55 - 0:11:51 - Epoch 231: train_loss=1.1626241207122803, train_AUC=0.9183212395392315, train_AP=0.8745844510435846, distortion=0.5115798115730286, reward=0.3849, epsilon=0.1000, time=0.2701907157897949
INFO - 11/02/25 00:00:56 - 0:11:52 - Epoch 231: val_AUC=0.9470491986069945, val_AP=0.9250565456106451
INFO - 11/02/25 00:00:56 - 0:11:52 - Epoch 232: train_loss=1.1688417196273804, train_AUC=0.9175538459185179, train_AP=0.8744929314158574, distortion=0.5104553699493408, reward=0.3856, epsilon=0.1000, time=0.2713816165924072
INFO - 11/02/25 00:00:56 - 0:11:52 - Epoch 232: val_AUC=0.9470414193511583, val_AP=0.9254154320612151
INFO - 11/02/25 00:00:56 - 0:11:52 - Epoch 233: train_loss=1.1637639999389648, train_AUC=0.917297857472026, train_AP=0.8737990910914566, distortion=0.5086477398872375, reward=0.3869, epsilon=0.1000, time=0.3101840019226074
INFO - 11/02/25 00:00:56 - 0:11:52 - Epoch 233: val_AUC=0.9473868759344111, val_AP=0.925675335393487
INFO - 11/02/25 00:00:57 - 0:11:53 - Epoch 234: train_loss=1.1703664064407349, train_AUC=0.9147222858816636, train_AP=0.8704236712598205, distortion=0.5083978176116943, reward=0.3842, epsilon=0.1000, time=0.3108353614807129
INFO - 11/02/25 00:00:57 - 0:11:53 - Epoch 234: val_AUC=0.9475286312629851, val_AP=0.9258748804623977
INFO - 11/02/25 00:00:57 - 0:11:53 - Epoch 235: train_loss=1.1601791381835938, train_AUC=0.9195187545805289, train_AP=0.8774826151799349, distortion=0.5092200636863708, reward=0.3893, epsilon=0.1000, time=0.3103146553039551
INFO - 11/02/25 00:00:57 - 0:11:53 - Epoch 235: val_AUC=0.9475764592803496, val_AP=0.9259505832071312
INFO - 11/02/25 00:00:57 - 0:11:54 - Epoch 236: train_loss=1.1628761291503906, train_AUC=0.9177160704942253, train_AP=0.8749826693497259, distortion=0.5082209706306458, reward=0.3881, epsilon=0.1000, time=0.3129994869232178
INFO - 11/02/25 00:00:58 - 0:11:54 - Epoch 236: val_AUC=0.9473612332022097, val_AP=0.9259421670589338
INFO - 11/02/25 00:00:58 - 0:11:54 - Epoch 237: train_loss=1.165661096572876, train_AUC=0.9175180818444947, train_AP=0.8748437087536447, distortion=0.5074222683906555, reward=0.3888, epsilon=0.1000, time=0.31047868728637695
INFO - 11/02/25 00:00:58 - 0:11:54 - Epoch 237: val_AUC=0.947578188003869, val_AP=0.9258415731987012
INFO - 11/02/25 00:00:58 - 0:11:54 - Epoch 238: train_loss=1.159552812576294, train_AUC=0.9185615622935034, train_AP=0.8759856452127771, distortion=0.5081609487533569, reward=0.3891, epsilon=0.1000, time=0.31050753593444824
INFO - 11/02/25 00:00:58 - 0:11:54 - Epoch 238: val_AUC=0.9477357899647024, val_AP=0.9261964172751368
INFO - 11/02/25 00:00:59 - 0:11:55 - Epoch 239: train_loss=1.1657347679138184, train_AUC=0.916140833278092, train_AP=0.8716805978157618, distortion=0.5067885518074036, reward=0.3871, epsilon=0.1000, time=0.3101346492767334
INFO - 11/02/25 00:00:59 - 0:11:55 - Epoch 239: val_AUC=0.9477314681559043, val_AP=0.9263617967398511
INFO - 11/02/25 00:00:59 - 0:11:55 - Epoch 240: train_loss=1.1619884967803955, train_AUC=0.9173168996445379, train_AP=0.8747000413931661, distortion=0.506212055683136, reward=0.3898, epsilon=0.1000, time=0.31104588508605957
INFO - 11/02/25 00:00:59 - 0:11:55 - Epoch 240: val_AUC=0.9479392030987944, val_AP=0.9262009721571115
INFO - 11/02/25 00:01:00 - 0:11:56 - Epoch 241: train_loss=1.1611249446868896, train_AUC=0.9181623764904044, train_AP=0.8755887531507158, distortion=0.5077161192893982, reward=0.3892, epsilon=0.1000, time=0.3107571601867676
INFO - 11/02/25 00:01:00 - 0:11:56 - Epoch 241: val_AUC=0.9479974034572741, val_AP=0.9261704530162815
INFO - 11/02/25 00:01:00 - 0:11:56 - Epoch 242: train_loss=1.1607129573822021, train_AUC=0.9182715593221209, train_AP=0.8748349954667691, distortion=0.5080739855766296, reward=0.3885, epsilon=0.1000, time=0.31039953231811523
INFO - 11/02/25 00:01:00 - 0:11:56 - Epoch 242: val_AUC=0.9480769247391572, val_AP=0.926663849692096
INFO - 11/02/25 00:01:00 - 0:11:57 - Epoch 243: train_loss=1.1603010892868042, train_AUC=0.9178331462349208, train_AP=0.8744891978747564, distortion=0.5056126117706299, reward=0.3905, epsilon=0.1000, time=0.31029748916625977
INFO - 11/02/25 00:01:01 - 0:11:57 - Epoch 243: val_AUC=0.9483065568466238, val_AP=0.9267887726320306
INFO - 11/02/25 00:01:01 - 0:11:57 - Epoch 244: train_loss=1.1630902290344238, train_AUC=0.9168054072420831, train_AP=0.8727909720996789, distortion=0.5057316422462463, reward=0.3891, epsilon=0.1000, time=0.31006646156311035
INFO - 11/02/25 00:01:01 - 0:11:57 - Epoch 244: val_AUC=0.948633141531459, val_AP=0.9268723617790471
INFO - 11/02/25 00:01:01 - 0:11:57 - Epoch 245: train_loss=1.1591856479644775, train_AUC=0.9180582284723032, train_AP=0.874835425646618, distortion=0.5071427226066589, reward=0.3893, epsilon=0.1000, time=0.31083106994628906
INFO - 11/02/25 00:01:01 - 0:11:57 - Epoch 245: val_AUC=0.9486280994211944, val_AP=0.926971380477698
INFO - 11/02/25 00:01:02 - 0:11:58 - Epoch 246: train_loss=1.1579091548919678, train_AUC=0.9188250598447487, train_AP=0.8764274763353467, distortion=0.5057370662689209, reward=0.3919, epsilon=0.1000, time=0.2724156379699707
INFO - 11/02/25 00:01:02 - 0:11:58 - Epoch 246: val_AUC=0.9486811136091166, val_AP=0.9272845576757801
INFO - 11/02/25 00:01:02 - 0:11:58 - Epoch 247: train_loss=1.158012866973877, train_AUC=0.9188155026210818, train_AP=0.8760822097332407, distortion=0.5048561692237854, reward=0.3926, epsilon=0.1000, time=0.3171846866607666
INFO - 11/02/25 00:01:02 - 0:11:58 - Epoch 247: val_AUC=0.9489147794047947, val_AP=0.9273124594342163
INFO - 11/02/25 00:01:03 - 0:11:59 - Epoch 248: train_loss=1.1572785377502441, train_AUC=0.9189075458526622, train_AP=0.8755282686448991, distortion=0.5066605806350708, reward=0.3906, epsilon=0.1000, time=0.31059885025024414
INFO - 11/02/25 00:01:03 - 0:11:59 - Epoch 248: val_AUC=0.9491861889973086, val_AP=0.9277960165521487
INFO - 11/02/25 00:01:03 - 0:11:59 - Epoch 249: train_loss=1.1602425575256348, train_AUC=0.9184297943276694, train_AP=0.8765782148009732, distortion=0.5056049823760986, reward=0.3919, epsilon=0.1000, time=0.31029391288757324
INFO - 11/02/25 00:01:03 - 0:11:59 - Epoch 249: val_AUC=0.9490906770228731, val_AP=0.9279106077101523
INFO - 11/02/25 00:01:03 - 0:11:59 - Epoch 250: train_loss=1.1502858400344849, train_AUC=0.9213367738886609, train_AP=0.8799830465514568, distortion=0.5051000714302063, reward=0.3956, epsilon=0.1000, time=0.3104252815246582
INFO - 11/02/25 00:01:03 - 0:12:00 - Epoch 250: val_AUC=0.9490640258686187, val_AP=0.9274619502703754
INFO - 11/02/25 00:01:04 - 0:12:00 - Epoch 251: train_loss=1.1580272912979126, train_AUC=0.9188163320369669, train_AP=0.8766627907287989, distortion=0.5072422027587891, reward=0.3905, epsilon=0.1000, time=0.3102881908416748
INFO - 11/02/25 00:01:04 - 0:12:00 - Epoch 251: val_AUC=0.9492101030059908, val_AP=0.9277375223541093
INFO - 11/02/25 00:01:04 - 0:12:00 - Epoch 252: train_loss=1.1580723524093628, train_AUC=0.9178818240750211, train_AP=0.8743520091857024, distortion=0.5051158666610718, reward=0.3910, epsilon=0.1000, time=0.31203532218933105
INFO - 11/02/25 00:01:04 - 0:12:00 - Epoch 252: val_AUC=0.9493229022156185, val_AP=0.9283336806789344
INFO - 11/02/25 00:01:05 - 0:12:01 - Epoch 253: train_loss=1.161064624786377, train_AUC=0.9165528645600227, train_AP=0.8722212923411006, distortion=0.5047069787979126, reward=0.3897, epsilon=0.1000, time=0.3106234073638916
INFO - 11/02/25 00:01:05 - 0:12:01 - Epoch 253: val_AUC=0.9494967829895912, val_AP=0.9277402290300808
INFO - 11/02/25 00:01:05 - 0:12:01 - Epoch 254: train_loss=1.154508352279663, train_AUC=0.9196262935338866, train_AP=0.8771089758897604, distortion=0.5076637864112854, reward=0.3907, epsilon=0.1000, time=0.3099968433380127
INFO - 11/02/25 00:01:05 - 0:12:01 - Epoch 254: val_AUC=0.9493587732286419, val_AP=0.927666948169547
INFO - 11/02/25 00:01:05 - 0:12:02 - Epoch 255: train_loss=1.1550849676132202, train_AUC=0.9192464634264919, train_AP=0.8756507211658395, distortion=0.5049258470535278, reward=0.3925, epsilon=0.1000, time=0.31058335304260254
INFO - 11/02/25 00:01:06 - 0:12:02 - Epoch 255: val_AUC=0.9493169957435945, val_AP=0.9282728127840497
INFO - 11/02/25 00:01:06 - 0:12:02 - Epoch 256: train_loss=1.1592133045196533, train_AUC=0.9182925324784905, train_AP=0.8753190672132904, distortion=0.5038595795631409, reward=0.3929, epsilon=0.1000, time=0.3105201721191406
INFO - 11/02/25 00:01:06 - 0:12:02 - Epoch 256: val_AUC=0.9498745090785357, val_AP=0.9280813560922653
INFO - 11/02/25 00:01:06 - 0:12:02 - Epoch 257: train_loss=1.1533597707748413, train_AUC=0.9205193840354094, train_AP=0.879385401732335, distortion=0.5073499083518982, reward=0.3926, epsilon=0.1000, time=0.3105790615081787
INFO - 11/02/25 00:01:06 - 0:12:02 - Epoch 257: val_AUC=0.9498523237933726, val_AP=0.9281393343381393
INFO - 11/02/25 00:01:07 - 0:12:03 - Epoch 258: train_loss=1.1524031162261963, train_AUC=0.9197954948729018, train_AP=0.8773419784742383, distortion=0.5045642256736755, reward=0.3940, epsilon=0.1000, time=0.31058526039123535
INFO - 11/02/25 00:01:07 - 0:12:03 - Epoch 258: val_AUC=0.9496172173947617, val_AP=0.9286399938014044
INFO - 11/02/25 00:01:07 - 0:12:03 - Epoch 259: train_loss=1.1555137634277344, train_AUC=0.920122353517339, train_AP=0.878171973343883, distortion=0.5041886568069458, reward=0.3950, epsilon=0.1000, time=0.272463321685791
INFO - 11/02/25 00:01:07 - 0:12:03 - Epoch 259: val_AUC=0.9501859674325777, val_AP=0.9282647564433242
INFO - 11/02/25 00:01:08 - 0:12:04 - Epoch 260: train_loss=1.1535568237304688, train_AUC=0.919738143555748, train_AP=0.8771665710411805, distortion=0.5080417394638062, reward=0.3904, epsilon=0.1000, time=0.31056880950927734
INFO - 11/02/25 00:01:08 - 0:12:04 - Epoch 260: val_AUC=0.95025972630273, val_AP=0.9285636758805532
INFO - 11/02/25 00:01:08 - 0:12:04 - Epoch 261: train_loss=1.1528364419937134, train_AUC=0.9192266611222342, train_AP=0.8767944919350039, distortion=0.5049927830696106, reward=0.3930, epsilon=0.1000, time=0.3101990222930908
INFO - 11/02/25 00:01:08 - 0:12:04 - Epoch 261: val_AUC=0.949788216962869, val_AP=0.9290117732729645
INFO - 11/02/25 00:01:08 - 0:12:04 - Epoch 262: train_loss=1.1513525247573853, train_AUC=0.9196506371891835, train_AP=0.8767709458082856, distortion=0.5030804872512817, reward=0.3951, epsilon=0.1000, time=0.3106203079223633
INFO - 11/02/25 00:01:08 - 0:12:05 - Epoch 262: val_AUC=0.9501839505884718, val_AP=0.9284243820837477
INFO - 11/02/25 00:01:09 - 0:12:05 - Epoch 263: train_loss=1.1487183570861816, train_AUC=0.9212985345266055, train_AP=0.8793144059656254, distortion=0.5053502917289734, reward=0.3950, epsilon=0.1000, time=0.31035780906677246
INFO - 11/02/25 00:01:09 - 0:12:05 - Epoch 263: val_AUC=0.9503735339344105, val_AP=0.9285355339420901
INFO - 11/02/25 00:01:09 - 0:12:05 - Epoch 264: train_loss=1.1545383930206299, train_AUC=0.9191791431684108, train_AP=0.8758969576809765, distortion=0.5058870911598206, reward=0.3917, epsilon=0.1000, time=0.31028294563293457
INFO - 11/02/25 00:01:09 - 0:12:05 - Epoch 264: val_AUC=0.9501692564385588, val_AP=0.9291593125828073
INFO - 11/02/25 00:01:10 - 0:12:06 - Epoch 265: train_loss=1.151041030883789, train_AUC=0.9203682872900119, train_AP=0.8779678019809679, distortion=0.5028650164604187, reward=0.3963, epsilon=0.1000, time=0.3107161521911621
INFO - 11/02/25 00:01:10 - 0:12:06 - Epoch 265: val_AUC=0.9503559585786321, val_AP=0.9286521952494421
INFO - 11/02/25 00:01:10 - 0:12:06 - Epoch 266: train_loss=1.147341251373291, train_AUC=0.9210074743490377, train_AP=0.8787424026470261, distortion=0.5028036236763, reward=0.3971, epsilon=0.1000, time=0.31098294258117676
INFO - 11/02/25 00:01:10 - 0:12:06 - Epoch 266: val_AUC=0.9504207857106018, val_AP=0.9285099652356369
INFO - 11/02/25 00:01:10 - 0:12:07 - Epoch 267: train_loss=1.153777837753296, train_AUC=0.9191514175499041, train_AP=0.876622086455056, distortion=0.5048774480819702, reward=0.3930, epsilon=0.1000, time=0.2724006175994873
INFO - 11/02/25 00:01:11 - 0:12:07 - Epoch 267: val_AUC=0.9503493318051417, val_AP=0.9288891091949764
INFO - 11/02/25 00:01:11 - 0:12:07 - Epoch 268: train_loss=1.1470277309417725, train_AUC=0.9209226870111111, train_AP=0.8782490266513633, distortion=0.5018337965011597, reward=0.3978, epsilon=0.1000, time=0.3105790615081787
INFO - 11/02/25 00:01:11 - 0:12:07 - Epoch 268: val_AUC=0.9505691678126664, val_AP=0.9289116711536715
INFO - 11/02/25 00:01:11 - 0:12:07 - Epoch 269: train_loss=1.1425048112869263, train_AUC=0.9217778950386639, train_AP=0.8806427374917709, distortion=0.5019115209579468, reward=0.3993, epsilon=0.1000, time=0.3178873062133789
INFO - 11/02/25 00:01:11 - 0:12:07 - Epoch 269: val_AUC=0.9506161314682711, val_AP=0.928891238890824
INFO - 11/02/25 00:01:12 - 0:12:08 - Epoch 270: train_loss=1.1528031826019287, train_AUC=0.9196587763310035, train_AP=0.8777712823984732, distortion=0.5027230381965637, reward=0.3960, epsilon=0.1000, time=0.3112602233886719
INFO - 11/02/25 00:01:12 - 0:12:08 - Epoch 270: val_AUC=0.9506904665795967, val_AP=0.9290563091186191
INFO - 11/02/25 00:01:12 - 0:12:08 - Epoch 271: train_loss=1.1434838771820068, train_AUC=0.921347355421008, train_AP=0.8805722736258081, distortion=0.5006758570671082, reward=0.4003, epsilon=0.1000, time=0.31871771812438965
INFO - 11/02/25 00:01:12 - 0:12:08 - Epoch 271: val_AUC=0.9507502516013022, val_AP=0.9293097362738811
INFO - 11/02/25 00:01:13 - 0:12:09 - Epoch 272: train_loss=1.1490814685821533, train_AUC=0.9189283385712009, train_AP=0.8759692362381879, distortion=0.500651478767395, reward=0.3968, epsilon=0.1000, time=0.31081628799438477
INFO - 11/02/25 00:01:13 - 0:12:09 - Epoch 272: val_AUC=0.9506654000885683, val_AP=0.9287371661297175
INFO - 11/02/25 00:01:13 - 0:12:09 - Epoch 273: train_loss=1.1457690000534058, train_AUC=0.9202480100239376, train_AP=0.8774474338395155, distortion=0.5026355981826782, reward=0.3962, epsilon=0.1000, time=0.3103325366973877
INFO - 11/02/25 00:01:13 - 0:12:09 - Epoch 273: val_AUC=0.9506910428207697, val_AP=0.9288326009756962
INFO - 11/02/25 00:01:13 - 0:12:09 - Epoch 274: train_loss=1.1463837623596191, train_AUC=0.9205831852573432, train_AP=0.8780949395985861, distortion=0.500415027141571, reward=0.3989, epsilon=0.1000, time=0.3174474239349365
INFO - 11/02/25 00:01:14 - 0:12:10 - Epoch 274: val_AUC=0.9506881616149043, val_AP=0.9291464641320922
INFO - 11/02/25 00:01:14 - 0:12:10 - Epoch 275: train_loss=1.1497864723205566, train_AUC=0.9191467580669148, train_AP=0.8758792392746917, distortion=0.4992190897464752, reward=0.3983, epsilon=0.1000, time=0.31063222885131836
INFO - 11/02/25 00:01:14 - 0:12:10 - Epoch 275: val_AUC=0.9510618540156375, val_AP=0.9291128301472042
INFO - 11/02/25 00:01:14 - 0:12:10 - Epoch 276: train_loss=1.1461102962493896, train_AUC=0.9203660477674326, train_AP=0.8775867488252427, distortion=0.5011130571365356, reward=0.3979, epsilon=0.1000, time=0.31113314628601074
INFO - 11/02/25 00:01:14 - 0:12:10 - Epoch 276: val_AUC=0.9510712179346998, val_AP=0.9290993396099543
INFO - 11/02/25 00:01:15 - 0:12:11 - Epoch 277: train_loss=1.1405776739120483, train_AUC=0.9219863740049321, train_AP=0.8802384746703621, distortion=0.5004801750183105, reward=0.4006, epsilon=0.1000, time=0.3107872009277344
INFO - 11/02/25 00:01:15 - 0:12:11 - Epoch 277: val_AUC=0.9509705197897066, val_AP=0.9294392149639024
INFO - 11/02/25 00:01:15 - 0:12:11 - Epoch 278: train_loss=1.1450046300888062, train_AUC=0.9203393245259363, train_AP=0.8773544364609462, distortion=0.49909672141075134, reward=0.3998, epsilon=0.1000, time=0.31023430824279785
INFO - 11/02/25 00:01:15 - 0:12:11 - Epoch 278: val_AUC=0.9516242654005496, val_AP=0.929836739002275
INFO - 11/02/25 00:01:16 - 0:12:12 - Epoch 279: train_loss=1.1433058977127075, train_AUC=0.9202156638013113, train_AP=0.8774801249984323, distortion=0.4999243915081024, reward=0.3989, epsilon=0.1000, time=0.31035780906677246
INFO - 11/02/25 00:01:16 - 0:12:12 - Epoch 279: val_AUC=0.9516715171767409, val_AP=0.9298678918643034
INFO - 11/02/25 00:01:16 - 0:12:12 - Epoch 280: train_loss=1.1412171125411987, train_AUC=0.9212931921711627, train_AP=0.8791900662708252, distortion=0.4992158114910126, reward=0.4010, epsilon=0.1000, time=0.3108396530151367
INFO - 11/02/25 00:01:16 - 0:12:12 - Epoch 280: val_AUC=0.951480205107283, val_AP=0.9297654755806263
INFO - 11/02/25 00:01:16 - 0:12:12 - Epoch 281: train_loss=1.146079421043396, train_AUC=0.9198149507564624, train_AP=0.8776399737911582, distortion=0.49826034903526306, reward=0.4005, epsilon=0.1000, time=0.31141138076782227
INFO - 11/02/25 00:01:16 - 0:12:13 - Epoch 281: val_AUC=0.9517245313646631, val_AP=0.9298715683740102
INFO - 11/02/25 00:01:17 - 0:12:13 - Epoch 282: train_loss=1.1383118629455566, train_AUC=0.9222702366071506, train_AP=0.880931902591623, distortion=0.4989143908023834, reward=0.4027, epsilon=0.1000, time=0.3106231689453125
INFO - 11/02/25 00:01:17 - 0:12:13 - Epoch 282: val_AUC=0.951918148398813, val_AP=0.9299914161299352
INFO - 11/02/25 00:01:17 - 0:12:13 - Epoch 283: train_loss=1.1368404626846313, train_AUC=0.9226771328876094, train_AP=0.8815368857034434, distortion=0.4988497495651245, reward=0.4033, epsilon=0.1000, time=0.31143617630004883
INFO - 11/02/25 00:01:17 - 0:12:13 - Epoch 283: val_AUC=0.9521224258946648, val_AP=0.9302765726206548
INFO - 11/02/25 00:01:18 - 0:12:14 - Epoch 284: train_loss=1.142284631729126, train_AUC=0.9209120112722724, train_AP=0.878705877629548, distortion=0.49719300866127014, reward=0.4026, epsilon=0.1000, time=0.3110201358795166
INFO - 11/02/25 00:01:18 - 0:12:14 - Epoch 284: val_AUC=0.9521763044443465, val_AP=0.930060496140402
INFO - 11/02/25 00:01:18 - 0:12:14 - Epoch 285: train_loss=1.1371333599090576, train_AUC=0.9221360830737527, train_AP=0.8814320801413809, distortion=0.49770352244377136, reward=0.4041, epsilon=0.1000, time=0.31050777435302734
INFO - 11/02/25 00:01:18 - 0:12:14 - Epoch 285: val_AUC=0.9524433922280624, val_AP=0.9302438075681234
INFO - 11/02/25 00:01:18 - 0:12:15 - Epoch 286: train_loss=1.1342641115188599, train_AUC=0.9218676962554297, train_AP=0.8788940490065003, distortion=0.4981471598148346, reward=0.4022, epsilon=0.1000, time=0.3108704090118408
INFO - 11/02/25 00:01:19 - 0:12:15 - Epoch 286: val_AUC=0.9524776785778599, val_AP=0.9304980942007326
INFO - 11/02/25 00:01:19 - 0:12:15 - Epoch 287: train_loss=1.1391187906265259, train_AUC=0.9214440023095086, train_AP=0.8793854408668841, distortion=0.49669936299324036, reward=0.4037, epsilon=0.1000, time=0.27200984954833984
INFO - 11/02/25 00:01:19 - 0:12:15 - Epoch 287: val_AUC=0.9529939906689268, val_AP=0.9312114567357753
INFO - 11/02/25 00:01:19 - 0:12:15 - Epoch 288: train_loss=1.1379910707473755, train_AUC=0.921455372385083, train_AP=0.8803148576036663, distortion=0.4978438913822174, reward=0.4030, epsilon=0.1000, time=0.31041812896728516
INFO - 11/02/25 00:01:19 - 0:12:15 - Epoch 288: val_AUC=0.9527542743409314, val_AP=0.9307808973814307
INFO - 11/02/25 00:01:20 - 0:12:16 - Epoch 289: train_loss=1.139716386795044, train_AUC=0.9219246194065709, train_AP=0.8810885473762067, distortion=0.4972044825553894, reward=0.4043, epsilon=0.1000, time=0.31038379669189453
INFO - 11/02/25 00:01:20 - 0:12:16 - Epoch 289: val_AUC=0.9528801830372461, val_AP=0.9309992208169606
INFO - 11/02/25 00:01:20 - 0:12:16 - Epoch 290: train_loss=1.1361329555511475, train_AUC=0.9218432683625819, train_AP=0.8799033234731611, distortion=0.49659377336502075, reward=0.4043, epsilon=0.1000, time=0.3180046081542969
INFO - 11/02/25 00:01:20 - 0:12:16 - Epoch 290: val_AUC=0.953461898501456, val_AP=0.9316354822905065
INFO - 11/02/25 00:01:21 - 0:12:17 - Epoch 291: train_loss=1.1363224983215332, train_AUC=0.9220162474317617, train_AP=0.8792239053003047, distortion=0.4973185062408447, reward=0.4033, epsilon=0.1000, time=0.3167836666107178
INFO - 11/02/25 00:01:21 - 0:12:17 - Epoch 291: val_AUC=0.9531086626623666, val_AP=0.9308582442444411
INFO - 11/02/25 00:01:21 - 0:12:17 - Epoch 292: train_loss=1.131396770477295, train_AUC=0.9235355992635041, train_AP=0.8823893754348856, distortion=0.49636539816856384, reward=0.4066, epsilon=0.1000, time=0.3101015090942383
INFO - 11/02/25 00:01:21 - 0:12:17 - Epoch 292: val_AUC=0.9531031883712227, val_AP=0.9309746564333212
INFO - 11/02/25 00:01:21 - 0:12:17 - Epoch 293: train_loss=1.1267471313476562, train_AUC=0.9241860362723664, train_AP=0.8827130197285573, distortion=0.4950718283653259, reward=0.4084, epsilon=0.1000, time=0.2786858081817627
INFO - 11/02/25 00:01:21 - 0:12:18 - Epoch 293: val_AUC=0.9538561915241262, val_AP=0.9317286383461169
INFO - 11/02/25 00:01:22 - 0:12:18 - Epoch 294: train_loss=1.1358226537704468, train_AUC=0.9219382504379476, train_AP=0.8811474350343897, distortion=0.49916520714759827, reward=0.4024, epsilon=0.1000, time=0.2726287841796875
INFO - 11/02/25 00:01:22 - 0:12:18 - Epoch 294: val_AUC=0.9536359233357218, val_AP=0.9314051061746929
INFO - 11/02/25 00:01:22 - 0:12:18 - Epoch 295: train_loss=1.1370009183883667, train_AUC=0.9210531779556124, train_AP=0.8790401789474402, distortion=0.49468526244163513, reward=0.4054, epsilon=0.1000, time=0.31685352325439453
INFO - 11/02/25 00:01:22 - 0:12:18 - Epoch 295: val_AUC=0.9536517699679812, val_AP=0.9313852137408757
INFO - 11/02/25 00:01:23 - 0:12:19 - Epoch 296: train_loss=1.1322035789489746, train_AUC=0.9219250854545592, train_AP=0.8791375203464188, distortion=0.4944169223308563, reward=0.4061, epsilon=0.1000, time=0.31056976318359375
INFO - 11/02/25 00:01:23 - 0:12:19 - Epoch 296: val_AUC=0.9541046955300109, val_AP=0.931761752425149
INFO - 11/02/25 00:01:23 - 0:12:19 - Epoch 297: train_loss=1.1293001174926758, train_AUC=0.9238277335944569, train_AP=0.8838789142305319, distortion=0.49613574147224426, reward=0.4077, epsilon=0.1000, time=0.3104104995727539
INFO - 11/02/25 00:01:23 - 0:12:19 - Epoch 297: val_AUC=0.9539661095278885, val_AP=0.9314026906071081
INFO - 11/02/25 00:01:23 - 0:12:20 - Epoch 298: train_loss=1.129500389099121, train_AUC=0.9236287011966111, train_AP=0.88282040186544, distortion=0.4946272373199463, reward=0.4086, epsilon=0.1000, time=0.31741833686828613
INFO - 11/02/25 00:01:24 - 0:12:20 - Epoch 298: val_AUC=0.9546002629388473, val_AP=0.9325070481965272
INFO - 11/02/25 00:01:24 - 0:12:20 - Epoch 299: train_loss=1.12950599193573, train_AUC=0.9235596443490204, train_AP=0.8817797489286723, distortion=0.49627262353897095, reward=0.4064, epsilon=0.1000, time=0.27228450775146484
INFO - 11/02/25 00:01:24 - 0:12:20 - Epoch 299: val_AUC=0.9542919739112572, val_AP=0.9315088764429211
INFO - 11/02/25 00:01:24 - 0:12:20 - Epoch 300: train_loss=1.1289966106414795, train_AUC=0.9233764555889902, train_AP=0.88276890381714, distortion=0.4952525198459625, reward=0.4078, epsilon=0.1000, time=0.3106832504272461
INFO - 11/02/25 00:01:24 - 0:12:20 - Epoch 300: val_AUC=0.9546550058502886, val_AP=0.9325450763595077
INFO - 11/02/25 00:01:25 - 0:12:21 - Epoch 301: train_loss=1.1306612491607666, train_AUC=0.9223643493908675, train_AP=0.8803982150848199, distortion=0.49452120065689087, reward=0.4069, epsilon=0.1000, time=0.31061792373657227
INFO - 11/02/25 00:01:25 - 0:12:21 - Epoch 301: val_AUC=0.9546091946770298, val_AP=0.9320868236045388
INFO - 11/02/25 00:01:25 - 0:12:21 - Epoch 302: train_loss=1.1280324459075928, train_AUC=0.9228647877331752, train_AP=0.8812280375873003, distortion=0.4940345287322998, reward=0.4080, epsilon=0.1000, time=0.30978870391845703
INFO - 11/02/25 00:01:25 - 0:12:21 - Epoch 302: val_AUC=0.9548451654374003, val_AP=0.9321212130902515
INFO - 11/02/25 00:01:26 - 0:12:22 - Epoch 303: train_loss=1.1294524669647217, train_AUC=0.9219206243534942, train_AP=0.8795678030845124, distortion=0.494615763425827, reward=0.4061, epsilon=0.1000, time=0.3104572296142578
INFO - 11/02/25 00:01:26 - 0:12:22 - Epoch 303: val_AUC=0.9552220271645852, val_AP=0.9328998143940567
INFO - 11/02/25 00:01:26 - 0:12:22 - Epoch 304: train_loss=1.1243816614151, train_AUC=0.9228104380641342, train_AP=0.8813938753681075, distortion=0.49351632595062256, reward=0.4086, epsilon=0.1000, time=0.3105926513671875
INFO - 11/02/25 00:01:26 - 0:12:22 - Epoch 304: val_AUC=0.9544812691366091, val_AP=0.9314116859427186
INFO - 11/02/25 00:01:26 - 0:12:22 - Epoch 305: train_loss=1.1290016174316406, train_AUC=0.9216916497431267, train_AP=0.8788607034485176, distortion=0.4924296736717224, reward=0.4078, epsilon=0.1000, time=0.3106095790863037
INFO - 11/02/25 00:01:26 - 0:12:23 - Epoch 305: val_AUC=0.9555625856978669, val_AP=0.9333462148565835
INFO - 11/02/25 00:01:27 - 0:12:23 - Epoch 306: train_loss=1.1221208572387695, train_AUC=0.9244753154986375, train_AP=0.8836574121432035, distortion=0.49642592668533325, reward=0.4076, epsilon=0.1000, time=0.31061482429504395
INFO - 11/02/25 00:01:27 - 0:12:23 - Epoch 306: val_AUC=0.9549016370723606, val_AP=0.9323045840257153
INFO - 11/02/25 00:01:27 - 0:12:23 - Epoch 307: train_loss=1.1278083324432373, train_AUC=0.9225705205473111, train_AP=0.8801840102414942, distortion=0.49283567070961, reward=0.4085, epsilon=0.1000, time=0.3104238510131836
INFO - 11/02/25 00:01:27 - 0:12:23 - Epoch 307: val_AUC=0.9555493321508863, val_AP=0.9335551753012916
INFO - 11/02/25 00:01:28 - 0:12:24 - Epoch 308: train_loss=1.1215920448303223, train_AUC=0.9245398299982945, train_AP=0.8830639259717464, distortion=0.4929616451263428, reward=0.4108, epsilon=0.1000, time=0.3108634948730469
INFO - 11/02/25 00:01:28 - 0:12:24 - Epoch 308: val_AUC=0.955254296670277, val_AP=0.9326627232121912
INFO - 11/02/25 00:01:28 - 0:12:24 - Epoch 309: train_loss=1.1247704029083252, train_AUC=0.9232468324407967, train_AP=0.8819519111738465, distortion=0.4929865002632141, reward=0.4096, epsilon=0.1000, time=0.3104588985443115
INFO - 11/02/25 00:01:28 - 0:12:24 - Epoch 309: val_AUC=0.9552684145790169, val_AP=0.9328890293326453
INFO - 11/02/25 00:01:28 - 0:12:25 - Epoch 310: train_loss=1.1231275796890259, train_AUC=0.9231499258613851, train_AP=0.8812092684483701, distortion=0.4905778765678406, reward=0.4116, epsilon=0.1000, time=0.31128573417663574
INFO - 11/02/25 00:01:29 - 0:12:25 - Epoch 310: val_AUC=0.9556412426179905, val_AP=0.9333988139029582
INFO - 11/02/25 00:01:29 - 0:12:25 - Epoch 311: train_loss=1.1241071224212646, train_AUC=0.9225017547927957, train_AP=0.8795813207908365, distortion=0.49168968200683594, reward=0.4094, epsilon=0.1000, time=0.31041932106018066
INFO - 11/02/25 00:01:29 - 0:12:25 - Epoch 311: val_AUC=0.9551102363770103, val_AP=0.931913315277581
INFO - 11/02/25 00:01:29 - 0:12:25 - Epoch 312: train_loss=1.124874472618103, train_AUC=0.9230280361191159, train_AP=0.8815000149603239, distortion=0.491730660200119, reward=0.4105, epsilon=0.1000, time=0.3106653690338135
INFO - 11/02/25 00:01:29 - 0:12:25 - Epoch 312: val_AUC=0.9560984899888181, val_AP=0.9341955791540866
INFO - 11/02/25 00:01:30 - 0:12:26 - Epoch 313: train_loss=1.1203715801239014, train_AUC=0.9234311805886569, train_AP=0.8805577928675994, distortion=0.49073517322540283, reward=0.4113, epsilon=0.1000, time=0.3175468444824219
INFO - 11/02/25 00:01:30 - 0:12:26 - Epoch 313: val_AUC=0.954952058175004, val_AP=0.9317011262288284
INFO - 11/02/25 00:01:30 - 0:12:26 - Epoch 314: train_loss=1.121327519416809, train_AUC=0.9244281549313462, train_AP=0.8836042097347021, distortion=0.48997512459754944, reward=0.4140, epsilon=0.1000, time=0.2726740837097168
INFO - 11/02/25 00:01:30 - 0:12:26 - Epoch 314: val_AUC=0.9561247089621925, val_AP=0.9339232154897036
INFO - 11/02/25 00:01:30 - 0:12:27 - Epoch 315: train_loss=1.1216554641723633, train_AUC=0.9241856140877182, train_AP=0.8834121250614047, distortion=0.49391984939575195, reward=0.4099, epsilon=0.1000, time=0.27260828018188477
INFO - 11/02/25 00:01:31 - 0:12:27 - Epoch 315: val_AUC=0.9556521912002788, val_AP=0.9327848561248859
INFO - 11/02/25 00:01:31 - 0:12:27 - Epoch 316: train_loss=1.1169434785842896, train_AUC=0.9251224069309245, train_AP=0.8859303169112626, distortion=0.49055835604667664, reward=0.4150, epsilon=0.1000, time=0.27266788482666016
INFO - 11/02/25 00:01:31 - 0:12:27 - Epoch 316: val_AUC=0.9554943011188587, val_AP=0.9332923527479716
INFO - 11/02/25 00:01:31 - 0:12:27 - Epoch 317: train_loss=1.1235207319259644, train_AUC=0.9223879289268423, train_AP=0.8789123628744137, distortion=0.4889693260192871, reward=0.4117, epsilon=0.1000, time=0.3123810291290283
INFO - 11/02/25 00:01:31 - 0:12:27 - Epoch 317: val_AUC=0.9566977808088065, val_AP=0.9352115923311274
INFO - 11/02/25 00:01:32 - 0:12:28 - Epoch 318: train_loss=1.1250576972961426, train_AUC=0.9227659387056237, train_AP=0.883125132561768, distortion=0.49214422702789307, reward=0.4108, epsilon=0.1000, time=0.31319713592529297
INFO - 11/02/25 00:01:32 - 0:12:28 - Epoch 318: val_AUC=0.9557948108906125, val_AP=0.933082013823754
INFO - 11/02/25 00:01:32 - 0:12:28 - Epoch 319: train_loss=1.1163160800933838, train_AUC=0.9261840497934085, train_AP=0.8866400751070892, distortion=0.4934666156768799, reward=0.4129, epsilon=0.1000, time=0.3102762699127197
INFO - 11/02/25 00:01:32 - 0:12:28 - Epoch 319: val_AUC=0.9559846823571376, val_AP=0.9342851553037085
INFO - 11/02/25 00:01:33 - 0:12:29 - Epoch 320: train_loss=1.1229195594787598, train_AUC=0.9236818017573536, train_AP=0.8811366911876488, distortion=0.48993903398513794, reward=0.4125, epsilon=0.1000, time=0.3107941150665283
INFO - 11/02/25 00:01:33 - 0:12:29 - Epoch 320: val_AUC=0.9554306264692348, val_AP=0.9320352186068797
INFO - 11/02/25 00:01:33 - 0:12:29 - Epoch 321: train_loss=1.1278711557388306, train_AUC=0.9228100836682844, train_AP=0.8825651877479229, distortion=0.4928249418735504, reward=0.4099, epsilon=0.1000, time=0.30716872215270996
INFO - 11/02/25 00:01:33 - 0:12:29 - Epoch 321: val_AUC=0.9582228030733246, val_AP=0.9380613326562175
INFO - 11/02/25 00:01:33 - 0:12:29 - Epoch 322: train_loss=1.1269073486328125, train_AUC=0.923190192407578, train_AP=0.881852456435921, distortion=0.49439483880996704, reward=0.4081, epsilon=0.1000, time=0.30754899978637695
INFO - 11/02/25 00:01:33 - 0:12:30 - Epoch 322: val_AUC=0.955970276327811, val_AP=0.9334181875963902
INFO - 11/02/25 00:01:34 - 0:12:30 - Epoch 323: train_loss=1.1251941919326782, train_AUC=0.924256308333856, train_AP=0.8838247572005369, distortion=0.49466612935066223, reward=0.4094, epsilon=0.1000, time=0.30710291862487793
INFO - 11/02/25 00:01:34 - 0:12:30 - Epoch 323: val_AUC=0.9556034988211546, val_AP=0.9334756474128031
INFO - 11/02/25 00:01:34 - 0:12:30 - Epoch 324: train_loss=1.1282528638839722, train_AUC=0.9218992439658876, train_AP=0.8791424499923937, distortion=0.4900674521923065, reward=0.4105, epsilon=0.1000, time=0.30710792541503906
INFO - 11/02/25 00:01:34 - 0:12:30 - Epoch 324: val_AUC=0.9571861452029795, val_AP=0.9366996361666191
INFO - 11/02/25 00:01:35 - 0:12:31 - Epoch 325: train_loss=1.1294101476669312, train_AUC=0.91986269749748, train_AP=0.8765779018168942, distortion=0.48791542649269104, reward=0.4103, epsilon=0.1000, time=0.3092327117919922
INFO - 11/02/25 00:01:35 - 0:12:31 - Epoch 325: val_AUC=0.957734150558565, val_AP=0.9357636123351901
INFO - 11/02/25 00:01:35 - 0:12:31 - Epoch 326: train_loss=1.118569254875183, train_AUC=0.923592455124294, train_AP=0.8808582522586595, distortion=0.4915110170841217, reward=0.4107, epsilon=0.1000, time=0.3069450855255127
INFO - 11/02/25 00:01:35 - 0:12:31 - Epoch 326: val_AUC=0.9578649573048509, val_AP=0.9357675571761511
INFO - 11/02/25 00:01:35 - 0:12:32 - Epoch 327: train_loss=1.1173726320266724, train_AUC=0.9245234036758819, train_AP=0.8833278105881335, distortion=0.4917941093444824, reward=0.4121, epsilon=0.1000, time=0.31182265281677246
INFO - 11/02/25 00:01:36 - 0:12:32 - Epoch 327: val_AUC=0.95710633580051, val_AP=0.9353729110896861
INFO - 11/02/25 00:01:36 - 0:12:32 - Epoch 328: train_loss=1.1207973957061768, train_AUC=0.9243731079348877, train_AP=0.884953341209641, distortion=0.4917665421962738, reward=0.4129, epsilon=0.1000, time=0.30718111991882324
INFO - 11/02/25 00:01:36 - 0:12:32 - Epoch 328: val_AUC=0.956615378321058, val_AP=0.933808860246475
INFO - 11/02/25 00:01:36 - 0:12:32 - Epoch 329: train_loss=1.117345929145813, train_AUC=0.9245358184964655, train_AP=0.8839898638621859, distortion=0.48942509293556213, reward=0.4148, epsilon=0.1000, time=0.3071279525756836
INFO - 11/02/25 00:01:36 - 0:12:32 - Epoch 329: val_AUC=0.9585221603627322, val_AP=0.9368531542654305
INFO - 11/02/25 00:01:37 - 0:12:33 - Epoch 330: train_loss=1.1197537183761597, train_AUC=0.9235071015505227, train_AP=0.8822749586308181, distortion=0.4899492561817169, reward=0.4129, epsilon=0.1000, time=0.3102104663848877
INFO - 11/02/25 00:01:37 - 0:12:33 - Epoch 330: val_AUC=0.9583455424431876, val_AP=0.9367364604093882
INFO - 11/02/25 00:01:37 - 0:12:33 - Epoch 331: train_loss=1.1137930154800415, train_AUC=0.9253101863882518, train_AP=0.8852203711057944, distortion=0.4900611639022827, reward=0.4152, epsilon=0.1000, time=0.3069496154785156
INFO - 11/02/25 00:01:37 - 0:12:33 - Epoch 331: val_AUC=0.9571694342089606, val_AP=0.9347143308800199
INFO - 11/02/25 00:01:38 - 0:12:34 - Epoch 332: train_loss=1.1120877265930176, train_AUC=0.9263372883657642, train_AP=0.886943508288697, distortion=0.48890894651412964, reward=0.4177, epsilon=0.1000, time=0.31034135818481445
INFO - 11/02/25 00:01:38 - 0:12:34 - Epoch 332: val_AUC=0.9575402454038283, val_AP=0.9354509566538716
INFO - 11/02/25 00:01:38 - 0:12:34 - Epoch 333: train_loss=1.1072224378585815, train_AUC=0.928047957631969, train_AP=0.8880469133822448, distortion=0.48828646540641785, reward=0.4198, epsilon=0.1000, time=0.3083229064941406
INFO - 11/02/25 00:01:38 - 0:12:34 - Epoch 333: val_AUC=0.959089757918202, val_AP=0.938113187027523
INFO - 11/02/25 00:01:38 - 0:12:34 - Epoch 334: train_loss=1.1137958765029907, train_AUC=0.924381217169885, train_AP=0.8829890367755873, distortion=0.48849889636039734, reward=0.4152, epsilon=0.1000, time=0.3078339099884033
INFO - 11/02/25 00:01:38 - 0:12:35 - Epoch 334: val_AUC=0.9589377743088059, val_AP=0.9378051515198002
INFO - 11/02/25 00:01:39 - 0:12:35 - Epoch 335: train_loss=1.109326958656311, train_AUC=0.9262887151995437, train_AP=0.886225039313397, distortion=0.48985379934310913, reward=0.4164, epsilon=0.1000, time=0.3067038059234619
INFO - 11/02/25 00:01:39 - 0:12:35 - Epoch 335: val_AUC=0.9580718278859814, val_AP=0.9369447296600913
INFO - 11/02/25 00:01:39 - 0:12:35 - Epoch 336: train_loss=1.1129599809646606, train_AUC=0.9257693398570508, train_AP=0.884461213395653, distortion=0.49016299843788147, reward=0.4150, epsilon=0.1000, time=0.30715084075927734
INFO - 11/02/25 00:01:39 - 0:12:35 - Epoch 336: val_AUC=0.9583492880108125, val_AP=0.9380095482620793
INFO - 11/02/25 00:01:40 - 0:12:36 - Epoch 337: train_loss=1.1084861755371094, train_AUC=0.927487034235927, train_AP=0.8868345235821147, distortion=0.4892740845680237, reward=0.4179, epsilon=0.1000, time=0.3099100589752197
INFO - 11/02/25 00:01:40 - 0:12:36 - Epoch 337: val_AUC=0.958664780053066, val_AP=0.9379266951310764
INFO - 11/02/25 00:01:40 - 0:12:36 - Epoch 338: train_loss=1.1132757663726807, train_AUC=0.9246872890771478, train_AP=0.8847014088165321, distortion=0.48772376775741577, reward=0.4170, epsilon=0.1000, time=0.31314921379089355
INFO - 11/02/25 00:01:40 - 0:12:36 - Epoch 338: val_AUC=0.9585434812861356, val_AP=0.9372927807436372
INFO - 11/02/25 00:01:40 - 0:12:37 - Epoch 339: train_loss=1.1102931499481201, train_AUC=0.9260366231136132, train_AP=0.885556858230033, distortion=0.48726022243499756, reward=0.4185, epsilon=0.1000, time=0.30815553665161133
INFO - 11/02/25 00:01:41 - 0:12:37 - Epoch 339: val_AUC=0.9582063801998923, val_AP=0.9369448471190097
INFO - 11/02/25 00:01:41 - 0:12:37 - Epoch 340: train_loss=1.1157751083374023, train_AUC=0.9234245597165401, train_AP=0.8814462099624991, distortion=0.4861719310283661, reward=0.4163, epsilon=0.1000, time=0.3075122833251953
INFO - 11/02/25 00:01:41 - 0:12:37 - Epoch 340: val_AUC=0.9581294520032879, val_AP=0.9366166154116589
INFO - 11/02/25 00:01:41 - 0:12:37 - Epoch 341: train_loss=1.1107059717178345, train_AUC=0.9246783110489489, train_AP=0.8843036384707608, distortion=0.4871404469013214, reward=0.4174, epsilon=0.1000, time=0.3077392578125
INFO - 11/02/25 00:01:41 - 0:12:37 - Epoch 341: val_AUC=0.9584276568103496, val_AP=0.9366974155414429
INFO - 11/02/25 00:01:42 - 0:12:38 - Epoch 342: train_loss=1.1120752096176147, train_AUC=0.9254205630006441, train_AP=0.8863473653233626, distortion=0.48769378662109375, reward=0.4182, epsilon=0.1000, time=0.27108335494995117
INFO - 11/02/25 00:01:42 - 0:12:38 - Epoch 342: val_AUC=0.9588595495695624, val_AP=0.9378027356581802
INFO - 11/02/25 00:01:42 - 0:12:38 - Epoch 343: train_loss=1.1153210401535034, train_AUC=0.9235260245941909, train_AP=0.8823199436190684, distortion=0.4857775568962097, reward=0.4171, epsilon=0.1000, time=0.30693483352661133
INFO - 11/02/25 00:01:42 - 0:12:38 - Epoch 343: val_AUC=0.958672847429489, val_AP=0.9378319201835201
INFO - 11/02/25 00:01:43 - 0:12:39 - Epoch 344: train_loss=1.1095621585845947, train_AUC=0.9261403898197239, train_AP=0.8860902085532805, distortion=0.48555850982666016, reward=0.4206, epsilon=0.1000, time=0.3099677562713623
INFO - 11/02/25 00:01:43 - 0:12:39 - Epoch 344: val_AUC=0.9580755734536065, val_AP=0.9363947346316954
INFO - 11/02/25 00:01:43 - 0:12:39 - Epoch 345: train_loss=1.1073921918869019, train_AUC=0.9267811898533918, train_AP=0.8861376328239126, distortion=0.486185222864151, reward=0.4203, epsilon=0.1000, time=0.3071920871734619
INFO - 11/02/25 00:01:43 - 0:12:39 - Epoch 345: val_AUC=0.95873508147618, val_AP=0.9373919769372088
INFO - 11/02/25 00:01:43 - 0:12:39 - Epoch 346: train_loss=1.1098077297210693, train_AUC=0.9255086600269585, train_AP=0.8843611103635629, distortion=0.48618099093437195, reward=0.4188, epsilon=0.1000, time=0.30689001083374023
INFO - 11/02/25 00:01:43 - 0:12:40 - Epoch 346: val_AUC=0.9590315575597224, val_AP=0.9379881512049648
INFO - 11/02/25 00:01:44 - 0:12:40 - Epoch 347: train_loss=1.107832670211792, train_AUC=0.9261593746708255, train_AP=0.8872142067398122, distortion=0.48501572012901306, reward=0.4217, epsilon=0.1000, time=0.3096587657928467
INFO - 11/02/25 00:01:44 - 0:12:40 - Epoch 347: val_AUC=0.958418725072167, val_AP=0.936962320451714
INFO - 11/02/25 00:01:44 - 0:12:40 - Epoch 348: train_loss=1.1100795269012451, train_AUC=0.9244597170967688, train_AP=0.8835931252136743, distortion=0.4832474887371063, reward=0.4208, epsilon=0.1000, time=0.3070230484008789
INFO - 11/02/25 00:01:44 - 0:12:40 - Epoch 348: val_AUC=0.9583363225844185, val_AP=0.9367917933098407
INFO - 11/02/25 00:01:45 - 0:12:41 - Epoch 349: train_loss=1.1072572469711304, train_AUC=0.9253318469030983, train_AP=0.8838163761644009, distortion=0.4834412932395935, reward=0.4211, epsilon=0.1000, time=0.31061887741088867
INFO - 11/02/25 00:01:45 - 0:12:41 - Epoch 349: val_AUC=0.9588768368047541, val_AP=0.9376577108304245
INFO - 11/02/25 00:01:45 - 0:12:41 - Epoch 350: train_loss=1.110198974609375, train_AUC=0.9235746072309051, train_AP=0.8815843474163065, distortion=0.4850005507469177, reward=0.4176, epsilon=0.1000, time=0.31043434143066406
INFO - 11/02/25 00:01:45 - 0:12:41 - Epoch 350: val_AUC=0.9587627410524872, val_AP=0.9373732726573032
INFO - 11/02/25 00:01:45 - 0:12:41 - Epoch 351: train_loss=1.108265995979309, train_AUC=0.9254992528358527, train_AP=0.8854321973560274, distortion=0.48492899537086487, reward=0.4205, epsilon=0.1000, time=0.26783084869384766
INFO - 11/02/25 00:01:45 - 0:12:42 - Epoch 351: val_AUC=0.9584855690482426, val_AP=0.9368191617149496
INFO - 11/02/25 00:01:46 - 0:12:42 - Epoch 352: train_loss=1.1044600009918213, train_AUC=0.9264019249849477, train_AP=0.8867521914760378, distortion=0.4838598072528839, reward=0.4227, epsilon=0.1000, time=0.3100109100341797
INFO - 11/02/25 00:01:46 - 0:12:42 - Epoch 352: val_AUC=0.9585650903301257, val_AP=0.9369344764846904
INFO - 11/02/25 00:01:46 - 0:12:42 - Epoch 353: train_loss=1.106858730316162, train_AUC=0.9254722544515868, train_AP=0.8837026178034013, distortion=0.482758492231369, reward=0.4218, epsilon=0.1000, time=0.3073692321777344
INFO - 11/02/25 00:01:46 - 0:12:42 - Epoch 353: val_AUC=0.9589151568427631, val_AP=0.9372929249466523
INFO - 11/02/25 00:01:47 - 0:12:43 - Epoch 354: train_loss=1.1072325706481934, train_AUC=0.9251618430643382, train_AP=0.8837078056496925, distortion=0.48379087448120117, reward=0.4206, epsilon=0.1000, time=0.27119922637939453
INFO - 11/02/25 00:01:47 - 0:12:43 - Epoch 354: val_AUC=0.9587924174729001, val_AP=0.9368449816817427
INFO - 11/02/25 00:01:47 - 0:12:43 - Epoch 355: train_loss=1.1078404188156128, train_AUC=0.9251417003207478, train_AP=0.8845719093116713, distortion=0.48384854197502136, reward=0.4210, epsilon=0.1000, time=0.3074491024017334
INFO - 11/02/25 00:01:47 - 0:12:43 - Epoch 355: val_AUC=0.9590214733391936, val_AP=0.9380111735641344
INFO - 11/02/25 00:01:47 - 0:12:43 - Epoch 356: train_loss=1.1101171970367432, train_AUC=0.9251354094205758, train_AP=0.8852468758124795, distortion=0.48314329981803894, reward=0.4220, epsilon=0.1000, time=0.3074321746826172
INFO - 11/02/25 00:01:48 - 0:12:44 - Epoch 356: val_AUC=0.9589745096835889, val_AP=0.9378876604198311
INFO - 11/02/25 00:01:48 - 0:12:44 - Epoch 357: train_loss=1.1087913513183594, train_AUC=0.9247988848910157, train_AP=0.8826099453252194, distortion=0.483688086271286, reward=0.4200, epsilon=0.1000, time=0.31069111824035645
INFO - 11/02/25 00:01:48 - 0:12:44 - Epoch 357: val_AUC=0.9586633394501334, val_AP=0.9373405500485692
INFO - 11/02/25 00:01:48 - 0:12:44 - Epoch 358: train_loss=1.106001377105713, train_AUC=0.9260316231912912, train_AP=0.8859677723599728, distortion=0.4837196469306946, reward=0.4223, epsilon=0.1000, time=0.3068418502807617
INFO - 11/02/25 00:01:48 - 0:12:44 - Epoch 358: val_AUC=0.958940511454378, val_AP=0.937808703677561
INFO - 11/02/25 00:01:49 - 0:12:45 - Epoch 359: train_loss=1.1078896522521973, train_AUC=0.9253370541793916, train_AP=0.8855493575512909, distortion=0.48348745703697205, reward=0.4220, epsilon=0.1000, time=0.31032371520996094
INFO - 11/02/25 00:01:49 - 0:12:45 - Epoch 359: val_AUC=0.959572071780058, val_AP=0.9388029876279886
INFO - 11/02/25 00:01:49 - 0:12:45 - Epoch 360: train_loss=1.1066557168960571, train_AUC=0.9255864636233186, train_AP=0.8839958946005868, distortion=0.48462560772895813, reward=0.4202, epsilon=0.1000, time=0.30747008323669434
INFO - 11/02/25 00:01:49 - 0:12:45 - Epoch 360: val_AUC=0.9591035877063555, val_AP=0.9375279885901113
INFO - 11/02/25 00:01:50 - 0:12:46 - Epoch 361: train_loss=1.1045598983764648, train_AUC=0.9262123486260183, train_AP=0.8859643041462542, distortion=0.4834861159324646, reward=0.4226, epsilon=0.1000, time=0.3148789405822754
INFO - 11/02/25 00:01:50 - 0:12:46 - Epoch 361: val_AUC=0.9587172179998149, val_AP=0.9369648499249353
INFO - 11/02/25 00:01:50 - 0:12:46 - Epoch 362: train_loss=1.1074068546295166, train_AUC=0.9246503920329884, train_AP=0.882799679721562, distortion=0.4814720153808594, reward=0.4223, epsilon=0.1000, time=0.3102385997772217
INFO - 11/02/25 00:01:50 - 0:12:46 - Epoch 362: val_AUC=0.9589347490426472, val_AP=0.9370605896396624
INFO - 11/02/25 00:01:50 - 0:12:46 - Epoch 363: train_loss=1.109262466430664, train_AUC=0.9245087149398727, train_AP=0.8831642091335278, distortion=0.48101937770843506, reward=0.4228, epsilon=0.1000, time=0.3068099021911621
INFO - 11/02/25 00:01:50 - 0:12:47 - Epoch 363: val_AUC=0.9591306710414896, val_AP=0.9371018261999563
INFO - 11/02/25 00:01:51 - 0:12:47 - Epoch 364: train_loss=1.1028168201446533, train_AUC=0.9266595328858932, train_AP=0.8865825580614537, distortion=0.48233699798583984, reward=0.4243, epsilon=0.1000, time=0.309581995010376
INFO - 11/02/25 00:01:51 - 0:12:47 - Epoch 364: val_AUC=0.9602612562230445, val_AP=0.9392994265690723
INFO - 11/02/25 00:01:51 - 0:12:47 - Epoch 365: train_loss=1.1114563941955566, train_AUC=0.9244847187021671, train_AP=0.8841512097043982, distortion=0.48551613092422485, reward=0.4188, epsilon=0.1000, time=0.3069581985473633
INFO - 11/02/25 00:01:51 - 0:12:47 - Epoch 365: val_AUC=0.9590890376167356, val_AP=0.9367892467908887
INFO - 11/02/25 00:01:52 - 0:12:48 - Epoch 366: train_loss=1.109382152557373, train_AUC=0.9252487851888462, train_AP=0.8844120028997724, distortion=0.48412585258483887, reward=0.4207, epsilon=0.1000, time=0.3071718215942383
INFO - 11/02/25 00:01:52 - 0:12:48 - Epoch 366: val_AUC=0.9592874086405636, val_AP=0.9377249880763285
INFO - 11/02/25 00:01:52 - 0:12:48 - Epoch 367: train_loss=1.1034852266311646, train_AUC=0.9258533356610678, train_AP=0.8854223060161406, distortion=0.48198506236076355, reward=0.4237, epsilon=0.1000, time=0.3097395896911621
INFO - 11/02/25 00:01:52 - 0:12:48 - Epoch 367: val_AUC=0.9603041861904379, val_AP=0.9400210864422488
INFO - 11/02/25 00:01:52 - 0:12:48 - Epoch 368: train_loss=1.1084429025650024, train_AUC=0.9247477586790238, train_AP=0.883796758162435, distortion=0.4824221432209015, reward=0.4219, epsilon=0.1000, time=0.31002211570739746
INFO - 11/02/25 00:01:53 - 0:12:49 - Epoch 368: val_AUC=0.9602892039199381, val_AP=0.9393899546930568
INFO - 11/02/25 00:01:53 - 0:12:49 - Epoch 369: train_loss=1.1022313833236694, train_AUC=0.9266591919481135, train_AP=0.8865337654490184, distortion=0.484418660402298, reward=0.4222, epsilon=0.1000, time=0.3070499897003174
INFO - 11/02/25 00:01:53 - 0:12:49 - Epoch 369: val_AUC=0.9596175948327301, val_AP=0.9382382365350764
INFO - 11/02/25 00:01:53 - 0:12:49 - Epoch 370: train_loss=1.1031508445739746, train_AUC=0.9266282882312394, train_AP=0.8868925026491239, distortion=0.48329871892929077, reward=0.4235, epsilon=0.1000, time=0.3073692321777344
INFO - 11/02/25 00:01:53 - 0:12:49 - Epoch 370: val_AUC=0.9596959636322671, val_AP=0.9391235309415144
INFO - 11/02/25 00:01:54 - 0:12:50 - Epoch 371: train_loss=1.1059876680374146, train_AUC=0.9249511539838664, train_AP=0.8845850326599822, distortion=0.48100030422210693, reward=0.4238, epsilon=0.1000, time=0.30745410919189453
INFO - 11/02/25 00:01:54 - 0:12:50 - Epoch 371: val_AUC=0.9594991772716651, val_AP=0.9380004092052966
INFO - 11/02/25 00:01:54 - 0:12:50 - Epoch 372: train_loss=1.109351396560669, train_AUC=0.9242334196454872, train_AP=0.8827863292853616, distortion=0.4810117781162262, reward=0.4225, epsilon=0.1000, time=0.30681943893432617
INFO - 11/02/25 00:01:54 - 0:12:50 - Epoch 372: val_AUC=0.9600071338657226, val_AP=0.9388920211956778
INFO - 11/02/25 00:01:55 - 0:12:51 - Epoch 373: train_loss=1.1041436195373535, train_AUC=0.9254036491970201, train_AP=0.8838520709478176, distortion=0.4813859462738037, reward=0.4232, epsilon=0.1000, time=0.30722522735595703
INFO - 11/02/25 00:01:55 - 0:12:51 - Epoch 373: val_AUC=0.9599863891834921, val_AP=0.9394301652524427
INFO - 11/02/25 00:01:55 - 0:12:51 - Epoch 374: train_loss=1.1123403310775757, train_AUC=0.923975997166843, train_AP=0.8842678272162918, distortion=0.48223233222961426, reward=0.4219, epsilon=0.1000, time=0.3076362609863281
INFO - 11/02/25 00:01:55 - 0:12:51 - Epoch 374: val_AUC=0.9588903784723213, val_AP=0.9367836622748795
INFO - 11/02/25 00:01:55 - 0:12:51 - Epoch 375: train_loss=1.098025918006897, train_AUC=0.9281507094998935, train_AP=0.8878464228060544, distortion=0.4819145202636719, reward=0.4261, epsilon=0.1000, time=0.30680179595947266
INFO - 11/02/25 00:01:55 - 0:12:52 - Epoch 375: val_AUC=0.9594769919865019, val_AP=0.9376874906606711
INFO - 11/02/25 00:01:56 - 0:12:52 - Epoch 376: train_loss=1.1033397912979126, train_AUC=0.9257293728775327, train_AP=0.8848654837916985, distortion=0.4810602366924286, reward=0.4242, epsilon=0.1000, time=0.3137824535369873
INFO - 11/02/25 00:01:56 - 0:12:52 - Epoch 376: val_AUC=0.9601422624208065, val_AP=0.9393443473026744
INFO - 11/02/25 00:01:56 - 0:12:52 - Epoch 377: train_loss=1.101163387298584, train_AUC=0.9262820150743466, train_AP=0.8855512882491914, distortion=0.47963762283325195, reward=0.4263, epsilon=0.1000, time=0.3075268268585205
INFO - 11/02/25 00:01:56 - 0:12:52 - Epoch 377: val_AUC=0.9596216285209418, val_AP=0.9380422415316287
INFO - 11/02/25 00:01:57 - 0:12:53 - Epoch 378: train_loss=1.099913477897644, train_AUC=0.9278617408061323, train_AP=0.8877755795478727, distortion=0.48145410418510437, reward=0.4264, epsilon=0.1000, time=0.310016393661499
INFO - 11/02/25 00:01:57 - 0:12:53 - Epoch 378: val_AUC=0.9600296072714722, val_AP=0.9386538430940387
INFO - 11/02/25 00:01:57 - 0:12:53 - Epoch 379: train_loss=1.1038258075714111, train_AUC=0.9253428735486577, train_AP=0.8843598597042779, distortion=0.4833674430847168, reward=0.4215, epsilon=0.1000, time=0.3096020221710205
INFO - 11/02/25 00:01:57 - 0:12:53 - Epoch 379: val_AUC=0.9597662650553811, val_AP=0.9384215660966129
INFO - 11/02/25 00:01:57 - 0:12:53 - Epoch 380: train_loss=1.1023929119110107, train_AUC=0.9257414876329945, train_AP=0.8855698334879974, distortion=0.4804699718952179, reward=0.4252, epsilon=0.1000, time=0.3107438087463379
INFO - 11/02/25 00:01:58 - 0:12:54 - Epoch 380: val_AUC=0.9599085966251283, val_AP=0.9387646387441563
INFO - 11/02/25 00:01:58 - 0:12:54 - Epoch 381: train_loss=1.1044142246246338, train_AUC=0.9251331534492441, train_AP=0.8853265506163513, distortion=0.4789489805698395, reward=0.4263, epsilon=0.1000, time=0.31010961532592773
INFO - 11/02/25 00:01:58 - 0:12:54 - Epoch 381: val_AUC=0.9606747092647191, val_AP=0.9399035970205153
INFO - 11/02/25 00:01:58 - 0:12:54 - Epoch 382: train_loss=1.1036839485168457, train_AUC=0.9255920063544741, train_AP=0.8861222799310358, distortion=0.47964751720428467, reward=0.4262, epsilon=0.1000, time=0.3168485164642334
INFO - 11/02/25 00:01:58 - 0:12:54 - Epoch 382: val_AUC=0.9600757065653174, val_AP=0.9386532644809896
INFO - 11/02/25 00:01:59 - 0:12:55 - Epoch 383: train_loss=1.1075749397277832, train_AUC=0.9232742405485348, train_AP=0.8802568686983802, distortion=0.48065465688705444, reward=0.4211, epsilon=0.1000, time=0.31011080741882324
INFO - 11/02/25 00:01:59 - 0:12:55 - Epoch 383: val_AUC=0.9596449662884506, val_AP=0.9377689780445125
INFO - 11/02/25 00:01:59 - 0:12:55 - Epoch 384: train_loss=1.0978280305862427, train_AUC=0.9279715601547269, train_AP=0.8892224600583433, distortion=0.4799406826496124, reward=0.4287, epsilon=0.1000, time=0.3071715831756592
INFO - 11/02/25 00:01:59 - 0:12:55 - Epoch 384: val_AUC=0.9603471161578314, val_AP=0.9392465246230818
INFO - 11/02/25 00:02:00 - 0:12:56 - Epoch 385: train_loss=1.1007609367370605, train_AUC=0.9264500061839335, train_AP=0.8860050245266664, distortion=0.4789268970489502, reward=0.4273, epsilon=0.1000, time=0.3072972297668457
INFO - 11/02/25 00:02:00 - 0:12:56 - Epoch 385: val_AUC=0.9604606356689253, val_AP=0.9392522132037213
INFO - 11/02/25 00:02:00 - 0:12:56 - Epoch 386: train_loss=1.0976784229278564, train_AUC=0.9273075628939687, train_AP=0.8885509977154934, distortion=0.4784879982471466, reward=0.4294, epsilon=0.1000, time=0.31456732749938965
INFO - 11/02/25 00:02:00 - 0:12:56 - Epoch 386: val_AUC=0.9602524685451552, val_AP=0.9387800438937532
INFO - 11/02/25 00:02:00 - 0:12:56 - Epoch 387: train_loss=1.1006850004196167, train_AUC=0.925582801034422, train_AP=0.885716487562227, distortion=0.4790489971637726, reward=0.4266, epsilon=0.1000, time=0.31668901443481445
INFO - 11/02/25 00:02:00 - 0:12:57 - Epoch 387: val_AUC=0.9601785656147097, val_AP=0.9390770646394777
INFO - 11/02/25 00:02:01 - 0:12:57 - Epoch 388: train_loss=1.100183129310608, train_AUC=0.9265873198716051, train_AP=0.8874411290493874, distortion=0.4787794053554535, reward=0.4282, epsilon=0.1000, time=0.3104381561279297
INFO - 11/02/25 00:02:01 - 0:12:57 - Epoch 388: val_AUC=0.9604710080100404, val_AP=0.9394269645715658
INFO - 11/02/25 00:02:01 - 0:12:57 - Epoch 389: train_loss=1.0970475673675537, train_AUC=0.9268746810736419, train_AP=0.8864895967724757, distortion=0.47813940048217773, reward=0.4285, epsilon=0.1000, time=0.3072810173034668
INFO - 11/02/25 00:02:01 - 0:12:57 - Epoch 389: val_AUC=0.9607764158317652, val_AP=0.939987266671633
INFO - 11/02/25 00:02:02 - 0:12:58 - Epoch 390: train_loss=1.096225380897522, train_AUC=0.9272264805129375, train_AP=0.8873458885466187, distortion=0.4775344133377075, reward=0.4298, epsilon=0.1000, time=0.30863404273986816
INFO - 11/02/25 00:02:02 - 0:12:58 - Epoch 390: val_AUC=0.9603018812257454, val_AP=0.9394568659586953
INFO - 11/02/25 00:02:02 - 0:12:58 - Epoch 391: train_loss=1.0982003211975098, train_AUC=0.9264565976476744, train_AP=0.8869723073972452, distortion=0.476453959941864, reward=0.4303, epsilon=0.1000, time=0.3068974018096924
INFO - 11/02/25 00:02:02 - 0:12:58 - Epoch 391: val_AUC=0.9599273244632529, val_AP=0.938546865233493
INFO - 11/02/25 00:02:02 - 0:12:59 - Epoch 392: train_loss=1.0986993312835693, train_AUC=0.9265041405238501, train_AP=0.8865401907641939, distortion=0.47767916321754456, reward=0.4288, epsilon=0.1000, time=0.3073549270629883
INFO - 11/02/25 00:02:03 - 0:12:59 - Epoch 392: val_AUC=0.9603517260872158, val_AP=0.9391773577103775
INFO - 11/02/25 00:02:03 - 0:12:59 - Epoch 393: train_loss=1.0961461067199707, train_AUC=0.9275720364045306, train_AP=0.8889442809682755, distortion=0.47812166810035706, reward=0.4301, epsilon=0.1000, time=0.3072187900543213
INFO - 11/02/25 00:02:03 - 0:12:59 - Epoch 393: val_AUC=0.9606046959621916, val_AP=0.939524663049927
INFO - 11/02/25 00:02:03 - 0:12:59 - Epoch 394: train_loss=1.0994298458099365, train_AUC=0.9257349166055823, train_AP=0.8838287251387095, distortion=0.47702986001968384, reward=0.4278, epsilon=0.1000, time=0.3155951499938965
INFO - 11/02/25 00:02:03 - 0:12:59 - Epoch 394: val_AUC=0.9603358794549566, val_AP=0.9389417284604044
INFO - 11/02/25 00:02:04 - 0:13:00 - Epoch 395: train_loss=1.098138689994812, train_AUC=0.9267929970670259, train_AP=0.8870647217814203, distortion=0.4769844114780426, reward=0.4299, epsilon=0.1000, time=0.31020450592041016
INFO - 11/02/25 00:02:04 - 0:13:00 - Epoch 395: val_AUC=0.9603116773256878, val_AP=0.9389885530315478
INFO - 11/02/25 00:02:04 - 0:13:00 - Epoch 396: train_loss=1.0940041542053223, train_AUC=0.927074824011507, train_AP=0.8876369231606176, distortion=0.4763210117816925, reward=0.4310, epsilon=0.1000, time=0.30715036392211914
INFO - 11/02/25 00:02:04 - 0:13:00 - Epoch 396: val_AUC=0.9607236897644297, val_AP=0.9396718030503178
INFO - 11/02/25 00:02:05 - 0:13:01 - Epoch 397: train_loss=1.094645619392395, train_AUC=0.9278288228647438, train_AP=0.8883692066455781, distortion=0.4772387146949768, reward=0.4309, epsilon=0.1000, time=0.3102998733520508
INFO - 11/02/25 00:02:05 - 0:13:01 - Epoch 397: val_AUC=0.9611068901445183, val_AP=0.9401199087447348
INFO - 11/02/25 00:02:05 - 0:13:01 - Epoch 398: train_loss=1.0899451971054077, train_AUC=0.9295199928824952, train_AP=0.8909670215448915, distortion=0.4782074987888336, reward=0.4320, epsilon=0.1000, time=0.3091108798980713
INFO - 11/02/25 00:02:05 - 0:13:01 - Epoch 398: val_AUC=0.9611195674503259, val_AP=0.9403821056479581
INFO - 11/02/25 00:02:05 - 0:13:01 - Epoch 399: train_loss=1.0932834148406982, train_AUC=0.9282858888373128, train_AP=0.8889303287867225, distortion=0.47656145691871643, reward=0.4320, epsilon=0.1000, time=0.3079721927642822
INFO - 11/02/25 00:02:05 - 0:13:02 - Epoch 399: val_AUC=0.9607104362174492, val_AP=0.9398168964450241
INFO - 11/02/25 00:02:06 - 0:13:02 - Epoch 400: train_loss=1.0956274271011353, train_AUC=0.9273612137402504, train_AP=0.8868395788744303, distortion=0.47632932662963867, reward=0.4308, epsilon=0.1000, time=0.3152620792388916
INFO - 11/02/25 00:02:06 - 0:13:02 - Epoch 400: val_AUC=0.960840090481389, val_AP=0.939821103731413
INFO - 11/02/25 00:02:06 - 0:13:02 - Epoch 401: train_loss=1.0973645448684692, train_AUC=0.925604112137889, train_AP=0.8852391028905809, distortion=0.47664839029312134, reward=0.4288, epsilon=0.1000, time=0.30933356285095215
INFO - 11/02/25 00:02:06 - 0:13:02 - Epoch 401: val_AUC=0.9611028564563069, val_AP=0.940268926912122
INFO - 11/02/25 00:02:07 - 0:13:03 - Epoch 402: train_loss=1.0923500061035156, train_AUC=0.9277507795153543, train_AP=0.8881428050610034, distortion=0.4754956364631653, reward=0.4325, epsilon=0.1000, time=0.3111135959625244
INFO - 11/02/25 00:02:07 - 0:13:03 - Epoch 402: val_AUC=0.9611253298620566, val_AP=0.9401204288218961
INFO - 11/02/25 00:02:07 - 0:13:03 - Epoch 403: train_loss=1.0959312915802002, train_AUC=0.9269733925298084, train_AP=0.8865956625364665, distortion=0.4756445586681366, reward=0.4311, epsilon=0.1000, time=0.3073155879974365
INFO - 11/02/25 00:02:07 - 0:13:03 - Epoch 403: val_AUC=0.9610806711711439, val_AP=0.9400145640779864
INFO - 11/02/25 00:02:07 - 0:13:04 - Epoch 404: train_loss=1.0916643142700195, train_AUC=0.9281292762769001, train_AP=0.8882643887905435, distortion=0.4761987626552582, reward=0.4320, epsilon=0.1000, time=0.3084602355957031
INFO - 11/02/25 00:02:08 - 0:13:04 - Epoch 404: val_AUC=0.9608907997046189, val_AP=0.9396687176942939
INFO - 11/02/25 00:02:08 - 0:13:04 - Epoch 405: train_loss=1.095046043395996, train_AUC=0.9273600678104907, train_AP=0.8874434350604772, distortion=0.4752517342567444, reward=0.4322, epsilon=0.1000, time=0.3195915222167969
INFO - 11/02/25 00:02:08 - 0:13:04 - Epoch 405: val_AUC=0.961222426499718, val_AP=0.9402719912505763
INFO - 11/02/25 00:02:08 - 0:13:04 - Epoch 406: train_loss=1.0933418273925781, train_AUC=0.9273523423797194, train_AP=0.8879362651210265, distortion=0.47551795840263367, reward=0.4321, epsilon=0.1000, time=0.31706809997558594
INFO - 11/02/25 00:02:08 - 0:13:04 - Epoch 406: val_AUC=0.961532732371414, val_AP=0.9407073243364827
INFO - 11/02/25 00:02:09 - 0:13:05 - Epoch 407: train_loss=1.0974160432815552, train_AUC=0.9261841240620183, train_AP=0.8858904932231483, distortion=0.47646328806877136, reward=0.4296, epsilon=0.1000, time=0.3108980655670166
INFO - 11/02/25 00:02:09 - 0:13:05 - Epoch 407: val_AUC=0.9612895585963801, val_AP=0.9404613903931021
INFO - 11/02/25 00:02:09 - 0:13:05 - Epoch 408: train_loss=1.0925921201705933, train_AUC=0.9274615336850356, train_AP=0.8875337462909265, distortion=0.47565433382987976, reward=0.4318, epsilon=0.1000, time=0.30785465240478516
INFO - 11/02/25 00:02:09 - 0:13:05 - Epoch 408: val_AUC=0.9612486454730926, val_AP=0.9405649665996383
INFO - 11/02/25 00:02:10 - 0:13:06 - Epoch 409: train_loss=1.093717336654663, train_AUC=0.9266080413122164, train_AP=0.8863888239278617, distortion=0.4748501479625702, reward=0.4316, epsilon=0.1000, time=0.31106042861938477
INFO - 11/02/25 00:02:10 - 0:13:06 - Epoch 409: val_AUC=0.961493836092232, val_AP=0.9406221543102119
INFO - 11/02/25 00:02:10 - 0:13:06 - Epoch 410: train_loss=1.0905896425247192, train_AUC=0.9288663483668897, train_AP=0.8896775664197639, distortion=0.4757585823535919, reward=0.4335, epsilon=0.1000, time=0.31072497367858887
INFO - 11/02/25 00:02:10 - 0:13:06 - Epoch 410: val_AUC=0.9617079096880259, val_AP=0.9411483980221403
INFO - 11/02/25 00:02:10 - 0:13:06 - Epoch 411: train_loss=1.0936775207519531, train_AUC=0.9269416499265553, train_AP=0.886771714308965, distortion=0.47532644867897034, reward=0.4315, epsilon=0.1000, time=0.3102235794067383
INFO - 11/02/25 00:02:11 - 0:13:07 - Epoch 411: val_AUC=0.9612509504377849, val_AP=0.9401236828901587
INFO - 11/02/25 00:02:11 - 0:13:07 - Epoch 412: train_loss=1.0894644260406494, train_AUC=0.9285157920545276, train_AP=0.8884866174160593, distortion=0.47481027245521545, reward=0.4337, epsilon=0.1000, time=0.30998992919921875
INFO - 11/02/25 00:02:11 - 0:13:07 - Epoch 412: val_AUC=0.9614883618010879, val_AP=0.9404960275879879
INFO - 11/02/25 00:02:11 - 0:13:07 - Epoch 413: train_loss=1.0923049449920654, train_AUC=0.9275207606584249, train_AP=0.8878598889528355, distortion=0.4741942882537842, reward=0.4335, epsilon=0.1000, time=0.3071019649505615
INFO - 11/02/25 00:02:11 - 0:13:07 - Epoch 413: val_AUC=0.9618479362930809, val_AP=0.9410244951161951
INFO - 11/02/25 00:02:12 - 0:13:08 - Epoch 414: train_loss=1.0948206186294556, train_AUC=0.9267692071863974, train_AP=0.8867773882696384, distortion=0.4752507507801056, reward=0.4315, epsilon=0.1000, time=0.3084590435028076
INFO - 11/02/25 00:02:12 - 0:13:08 - Epoch 414: val_AUC=0.9615670187212113, val_AP=0.9407075839024224
INFO - 11/02/25 00:02:12 - 0:13:08 - Epoch 415: train_loss=1.0946085453033447, train_AUC=0.926519084963194, train_AP=0.8866950466506318, distortion=0.47451627254486084, reward=0.4321, epsilon=0.1000, time=0.3106224536895752
INFO - 11/02/25 00:02:12 - 0:13:08 - Epoch 415: val_AUC=0.9612912873198994, val_AP=0.9404471278106967
INFO - 11/02/25 00:02:13 - 0:13:09 - Epoch 416: train_loss=1.095275640487671, train_AUC=0.926904390511393, train_AP=0.8868886914650064, distortion=0.4745878577232361, reward=0.4323, epsilon=0.1000, time=0.30781126022338867
INFO - 11/02/25 00:02:13 - 0:13:09 - Epoch 416: val_AUC=0.9613961632133974, val_AP=0.9402796104951308
INFO - 11/02/25 00:02:13 - 0:13:09 - Epoch 417: train_loss=1.0971786975860596, train_AUC=0.9273697436645546, train_AP=0.8878788631923011, distortion=0.47612959146499634, reward=0.4315, epsilon=0.1000, time=0.3078799247741699
INFO - 11/02/25 00:02:13 - 0:13:09 - Epoch 417: val_AUC=0.961738738590785, val_AP=0.9408990300695496
INFO - 11/02/25 00:02:13 - 0:13:09 - Epoch 418: train_loss=1.0867187976837158, train_AUC=0.9291905816907338, train_AP=0.890071960931518, distortion=0.4750543534755707, reward=0.4346, epsilon=0.1000, time=0.31664323806762695
INFO - 11/02/25 00:02:13 - 0:13:10 - Epoch 418: val_AUC=0.9613454539901677, val_AP=0.940288295640531
INFO - 11/02/25 00:02:14 - 0:13:10 - Epoch 419: train_loss=1.0888116359710693, train_AUC=0.9289933402131254, train_AP=0.8905643124998224, distortion=0.47427624464035034, reward=0.4355, epsilon=0.1000, time=0.310807466506958
INFO - 11/02/25 00:02:14 - 0:13:10 - Epoch 419: val_AUC=0.9621781224852476, val_AP=0.9413527667630772
INFO - 11/02/25 00:02:14 - 0:13:10 - Epoch 420: train_loss=1.0912646055221558, train_AUC=0.9285071669268374, train_AP=0.8892221334321291, distortion=0.47664594650268555, reward=0.4322, epsilon=0.1000, time=0.30835509300231934
INFO - 11/02/25 00:02:14 - 0:13:10 - Epoch 420: val_AUC=0.9613564025724558, val_AP=0.9401204787645319
INFO - 11/02/25 00:02:15 - 0:13:11 - Epoch 421: train_loss=1.0913493633270264, train_AUC=0.9283418868707357, train_AP=0.8900418102375826, distortion=0.47488903999328613, reward=0.4343, epsilon=0.1000, time=0.3111300468444824
INFO - 11/02/25 00:02:15 - 0:13:11 - Epoch 421: val_AUC=0.9618924509237002, val_AP=0.9412832960794808
INFO - 11/02/25 00:02:15 - 0:13:11 - Epoch 422: train_loss=1.0913794040679932, train_AUC=0.9279616405600574, train_AP=0.8878327412414517, distortion=0.47514426708221436, reward=0.4328, epsilon=0.1000, time=0.26750802993774414
INFO - 11/02/25 00:02:15 - 0:13:11 - Epoch 422: val_AUC=0.9616514380530654, val_AP=0.9403252077280447
INFO - 11/02/25 00:02:15 - 0:13:11 - Epoch 423: train_loss=1.098236083984375, train_AUC=0.924903581699315, train_AP=0.8827195722025901, distortion=0.4768051505088806, reward=0.4270, epsilon=0.1000, time=0.30797910690307617
INFO - 11/02/25 00:02:16 - 0:13:12 - Epoch 423: val_AUC=0.9619231357661658, val_AP=0.9412725011531172
INFO - 11/02/25 00:02:16 - 0:13:12 - Epoch 424: train_loss=1.0928324460983276, train_AUC=0.9276802801620118, train_AP=0.8869493968201254, distortion=0.47450217604637146, reward=0.4328, epsilon=0.1000, time=0.2646021842956543
INFO - 11/02/25 00:02:16 - 0:13:12 - Epoch 424: val_AUC=0.9622948113227934, val_AP=0.9416651464481363
INFO - 11/02/25 00:02:16 - 0:13:12 - Epoch 425: train_loss=1.0907070636749268, train_AUC=0.9274731799002736, train_AP=0.8868556111782959, distortion=0.47466468811035156, reward=0.4325, epsilon=0.1000, time=0.2690114974975586
INFO - 11/02/25 00:02:16 - 0:13:12 - Epoch 425: val_AUC=0.9619752855923285, val_AP=0.9410600164262568
INFO - 11/02/25 00:02:17 - 0:13:13 - Epoch 426: train_loss=1.0937143564224243, train_AUC=0.9279046919881171, train_AP=0.8893524260170715, distortion=0.4753085672855377, reward=0.4333, epsilon=0.1000, time=0.271970272064209
INFO - 11/02/25 00:02:17 - 0:13:13 - Epoch 426: val_AUC=0.962200595890997, val_AP=0.9418558939369134
INFO - 11/02/25 00:02:17 - 0:13:13 - Epoch 427: train_loss=1.0893841981887817, train_AUC=0.9278144665929146, train_AP=0.8884116083746338, distortion=0.47224679589271545, reward=0.4359, epsilon=0.1000, time=0.3104548454284668
INFO - 11/02/25 00:02:17 - 0:13:13 - Epoch 427: val_AUC=0.9622412208936982, val_AP=0.9415670693373309
INFO - 11/02/25 00:02:17 - 0:13:13 - Epoch 428: train_loss=1.0909050703048706, train_AUC=0.9289571385025955, train_AP=0.8910124229574523, distortion=0.4736678898334503, reward=0.4363, epsilon=0.1000, time=0.30799388885498047
INFO - 11/02/25 00:02:17 - 0:13:14 - Epoch 428: val_AUC=0.9622294079496504, val_AP=0.9416226779827185
INFO - 11/02/25 00:02:18 - 0:13:14 - Epoch 429: train_loss=1.0901985168457031, train_AUC=0.9279776556636569, train_AP=0.8884457902817766, distortion=0.4731876254081726, reward=0.4350, epsilon=0.1000, time=0.3077061176300049
INFO - 11/02/25 00:02:18 - 0:13:14 - Epoch 429: val_AUC=0.9620398246037116, val_AP=0.9410989840657705
INFO - 11/02/25 00:02:18 - 0:13:14 - Epoch 430: train_loss=1.087212324142456, train_AUC=0.9289603938602553, train_AP=0.8907130435986105, distortion=0.4732034206390381, reward=0.4366, epsilon=0.1000, time=0.3081181049346924
INFO - 11/02/25 00:02:18 - 0:13:14 - Epoch 430: val_AUC=0.9622210524526409, val_AP=0.9413149371611091
INFO - 11/02/25 00:02:19 - 0:13:15 - Epoch 431: train_loss=1.086344599723816, train_AUC=0.9286954343638231, train_AP=0.8888410066471, distortion=0.4727730453014374, reward=0.4360, epsilon=0.1000, time=0.3106684684753418
INFO - 11/02/25 00:02:19 - 0:13:15 - Epoch 431: val_AUC=0.9626022359886239, val_AP=0.9419589102425029
INFO - 11/02/25 00:02:19 - 0:13:15 - Epoch 432: train_loss=1.089111566543579, train_AUC=0.9278383591536348, train_AP=0.8884076819941099, distortion=0.4731687605381012, reward=0.4350, epsilon=0.1000, time=0.3071773052215576
INFO - 11/02/25 00:02:19 - 0:13:15 - Epoch 432: val_AUC=0.9624143813662045, val_AP=0.9415709824010406
INFO - 11/02/25 00:02:19 - 0:13:16 - Epoch 433: train_loss=1.0880376100540161, train_AUC=0.9286967527562606, train_AP=0.8896407720093988, distortion=0.47495952248573303, reward=0.4342, epsilon=0.1000, time=0.306978702545166
INFO - 11/02/25 00:02:20 - 0:13:16 - Epoch 433: val_AUC=0.9627635835170822, val_AP=0.9426586760765508
INFO - 11/02/25 00:02:20 - 0:13:16 - Epoch 434: train_loss=1.094251036643982, train_AUC=0.9271011958478357, train_AP=0.8884340990550179, distortion=0.47373655438423157, reward=0.4340, epsilon=0.1000, time=0.3099400997161865
INFO - 11/02/25 00:02:20 - 0:13:16 - Epoch 434: val_AUC=0.9624178388132429, val_AP=0.9417218757721432
INFO - 11/02/25 00:02:20 - 0:13:16 - Epoch 435: train_loss=1.088759183883667, train_AUC=0.9293880818623589, train_AP=0.8910202121955695, distortion=0.47650015354156494, reward=0.4337, epsilon=0.1000, time=0.30691981315612793
INFO - 11/02/25 00:02:20 - 0:13:16 - Epoch 435: val_AUC=0.9630339846875432, val_AP=0.9428978366313917
INFO - 11/02/25 00:02:21 - 0:13:17 - Epoch 436: train_loss=1.0877058506011963, train_AUC=0.9288035016710496, train_AP=0.8893347653653461, distortion=0.47552290558815, reward=0.4335, epsilon=0.1000, time=0.3102889060974121
INFO - 11/02/25 00:02:21 - 0:13:17 - Epoch 436: val_AUC=0.96256017038299, val_AP=0.9416156710061684
INFO - 11/02/25 00:02:21 - 0:13:17 - Epoch 437: train_loss=1.0823519229888916, train_AUC=0.930165060619774, train_AP=0.8916302468152791, distortion=0.475368857383728, reward=0.4355, epsilon=0.1000, time=0.3071873188018799
INFO - 11/02/25 00:02:21 - 0:13:17 - Epoch 437: val_AUC=0.9625480693183557, val_AP=0.9418356847490384
INFO - 11/02/25 00:02:22 - 0:13:18 - Epoch 438: train_loss=1.0885123014450073, train_AUC=0.9284099777279504, train_AP=0.8888998206100542, distortion=0.47232937812805176, reward=0.4363, epsilon=0.1000, time=0.30710268020629883
INFO - 11/02/25 00:02:22 - 0:13:18 - Epoch 438: val_AUC=0.9628917971780893, val_AP=0.9420255818144232
INFO - 11/02/25 00:02:22 - 0:13:18 - Epoch 439: train_loss=1.0839741230010986, train_AUC=0.9292181891772903, train_AP=0.8899495468578258, distortion=0.4738556742668152, reward=0.4357, epsilon=0.1000, time=0.3070993423461914
INFO - 11/02/25 00:02:22 - 0:13:18 - Epoch 439: val_AUC=0.9629131181014927, val_AP=0.9422761976871754
INFO - 11/02/25 00:02:22 - 0:13:18 - Epoch 440: train_loss=1.0892086029052734, train_AUC=0.9274359434136754, train_AP=0.8874268564748105, distortion=0.47236180305480957, reward=0.4351, epsilon=0.1000, time=0.30745363235473633
INFO - 11/02/25 00:02:22 - 0:13:19 - Epoch 440: val_AUC=0.9626918414910356, val_AP=0.9423710829707513
INFO - 11/02/25 00:02:23 - 0:13:19 - Epoch 441: train_loss=1.0890272855758667, train_AUC=0.9287021045821973, train_AP=0.8901327022124541, distortion=0.4722755551338196, reward=0.4371, epsilon=0.1000, time=0.30974674224853516
INFO - 11/02/25 00:02:23 - 0:13:19 - Epoch 441: val_AUC=0.9629070675691757, val_AP=0.9423372521696803
INFO - 11/02/25 00:02:23 - 0:13:19 - Epoch 442: train_loss=1.0918314456939697, train_AUC=0.9277977217628393, train_AP=0.8876991017389179, distortion=0.47666674852371216, reward=0.4311, epsilon=0.1000, time=0.3068859577178955
INFO - 11/02/25 00:02:23 - 0:13:19 - Epoch 442: val_AUC=0.9634285658308, val_AP=0.9439439038452238
INFO - 11/02/25 00:02:24 - 0:13:20 - Epoch 443: train_loss=1.0912724733352661, train_AUC=0.9266995701464449, train_AP=0.8860710164709813, distortion=0.4737800657749176, reward=0.4326, epsilon=0.1000, time=0.3070037364959717
INFO - 11/02/25 00:02:24 - 0:13:20 - Epoch 443: val_AUC=0.9624328210837425, val_AP=0.9415704587749637
INFO - 11/02/25 00:02:24 - 0:13:20 - Epoch 444: train_loss=1.0919077396392822, train_AUC=0.9285386029851572, train_AP=0.8893841585340404, distortion=0.4756503701210022, reward=0.4333, epsilon=0.1000, time=0.2637598514556885
INFO - 11/02/25 00:02:24 - 0:13:20 - Epoch 444: val_AUC=0.9634023468574255, val_AP=0.9429970737436948
INFO - 11/02/25 00:02:24 - 0:13:20 - Epoch 445: train_loss=1.0852385759353638, train_AUC=0.9288795841297588, train_AP=0.8894602084481735, distortion=0.47339555621147156, reward=0.4358, epsilon=0.1000, time=0.3069784641265869
INFO - 11/02/25 00:02:25 - 0:13:21 - Epoch 445: val_AUC=0.9640762609093259, val_AP=0.9440903339606915
INFO - 11/02/25 00:02:25 - 0:13:21 - Epoch 446: train_loss=1.0873351097106934, train_AUC=0.9278041776489836, train_AP=0.8878607958592688, distortion=0.4740455150604248, reward=0.4338, epsilon=0.1000, time=0.3090360164642334
INFO - 11/02/25 00:02:25 - 0:13:21 - Epoch 446: val_AUC=0.9628805604752146, val_AP=0.942081036513897
INFO - 11/02/25 00:02:25 - 0:13:21 - Epoch 447: train_loss=1.088099718093872, train_AUC=0.9281257223494597, train_AP=0.8889118461864853, distortion=0.4739910364151001, reward=0.4345, epsilon=0.1000, time=0.306671142578125
INFO - 11/02/25 00:02:25 - 0:13:21 - Epoch 447: val_AUC=0.9629168636691177, val_AP=0.9425093606744418
INFO - 11/02/25 00:02:26 - 0:13:22 - Epoch 448: train_loss=1.085068941116333, train_AUC=0.9301817610880623, train_AP=0.8920113611401439, distortion=0.4726698100566864, reward=0.4384, epsilon=0.1000, time=0.26425743103027344
INFO - 11/02/25 00:02:26 - 0:13:22 - Epoch 448: val_AUC=0.9634765379084579, val_AP=0.9428676784525091
INFO - 11/02/25 00:02:26 - 0:13:22 - Epoch 449: train_loss=1.0865488052368164, train_AUC=0.9287941343557075, train_AP=0.8901433695145081, distortion=0.475259393453598, reward=0.4342, epsilon=0.1000, time=0.30672335624694824
INFO - 11/02/25 00:02:26 - 0:13:22 - Epoch 449: val_AUC=0.9635469833918651, val_AP=0.9435864991394888
INFO - 11/02/25 00:02:26 - 0:13:23 - Epoch 450: train_loss=1.0888192653656006, train_AUC=0.9281451941833255, train_AP=0.889328727641129, distortion=0.47143256664276123, reward=0.4373, epsilon=0.1000, time=0.30705738067626953
INFO - 11/02/25 00:02:27 - 0:13:23 - Epoch 450: val_AUC=0.9628361899048885, val_AP=0.9423035789434933
INFO - 11/02/25 00:02:27 - 0:13:23 - Epoch 451: train_loss=1.0904871225357056, train_AUC=0.9268877737822085, train_AP=0.8860090500340643, distortion=0.4714812934398651, reward=0.4350, epsilon=0.1000, time=0.30937671661376953
INFO - 11/02/25 00:02:27 - 0:13:23 - Epoch 451: val_AUC=0.9637394479436691, val_AP=0.9434415871763682
INFO - 11/02/25 00:02:27 - 0:13:23 - Epoch 452: train_loss=1.0829827785491943, train_AUC=0.9308587294363079, train_AP=0.8934144477136636, distortion=0.47489678859710693, reward=0.4372, epsilon=0.1000, time=0.3065452575683594
INFO - 11/02/25 00:02:27 - 0:13:23 - Epoch 452: val_AUC=0.9640497538153647, val_AP=0.9442837895548261
INFO - 11/02/25 00:02:28 - 0:13:24 - Epoch 453: train_loss=1.0823155641555786, train_AUC=0.930227176093797, train_AP=0.8915472514594934, distortion=0.4734545052051544, reward=0.4374, epsilon=0.1000, time=0.26758241653442383
INFO - 11/02/25 00:02:28 - 0:13:24 - Epoch 453: val_AUC=0.9627932599374951, val_AP=0.9417280419313941
INFO - 11/02/25 00:02:28 - 0:13:24 - Epoch 454: train_loss=1.0921893119812012, train_AUC=0.9273542942983528, train_AP=0.8866109717759165, distortion=0.475516676902771, reward=0.4315, epsilon=0.1000, time=0.3070657253265381
INFO - 11/02/25 00:02:28 - 0:13:24 - Epoch 454: val_AUC=0.9636435037883535, val_AP=0.9432729653165317
INFO - 11/02/25 00:02:28 - 0:13:25 - Epoch 455: train_loss=1.0868077278137207, train_AUC=0.9288423232192552, train_AP=0.8901437963858421, distortion=0.4723896086215973, reward=0.4371, epsilon=0.1000, time=0.3067598342895508
INFO - 11/02/25 00:02:29 - 0:13:25 - Epoch 455: val_AUC=0.9648723380899161, val_AP=0.9452614960243062
INFO - 11/02/25 00:02:29 - 0:13:25 - Epoch 456: train_loss=1.0884298086166382, train_AUC=0.9290093353788431, train_AP=0.8892412324855984, distortion=0.4756636917591095, reward=0.4335, epsilon=0.1000, time=0.26386475563049316
INFO - 11/02/25 00:02:29 - 0:13:25 - Epoch 456: val_AUC=0.9634357688454633, val_AP=0.9430494044273482
INFO - 11/02/25 00:02:29 - 0:13:25 - Epoch 457: train_loss=1.086490273475647, train_AUC=0.9285668943410613, train_AP=0.8890644037654561, distortion=0.47352975606918335, reward=0.4353, epsilon=0.1000, time=0.3134186267852783
INFO - 11/02/25 00:02:29 - 0:13:25 - Epoch 457: val_AUC=0.96357233800348, val_AP=0.9436018084286482
INFO - 11/02/25 00:02:30 - 0:13:26 - Epoch 458: train_loss=1.0843051671981812, train_AUC=0.9294762327209544, train_AP=0.890907569138267, distortion=0.4730662703514099, reward=0.4371, epsilon=0.1000, time=0.3070645332336426
INFO - 11/02/25 00:02:30 - 0:13:26 - Epoch 458: val_AUC=0.9636430716074736, val_AP=0.9438104538521386
INFO - 11/02/25 00:02:30 - 0:13:26 - Epoch 459: train_loss=1.086601972579956, train_AUC=0.9300894501904178, train_AP=0.8918089801178092, distortion=0.4766164720058441, reward=0.4343, epsilon=0.1000, time=0.30722808837890625
INFO - 11/02/25 00:02:30 - 0:13:26 - Epoch 459: val_AUC=0.9640520587800572, val_AP=0.9444142396268567
INFO - 11/02/25 00:02:31 - 0:13:27 - Epoch 460: train_loss=1.0929510593414307, train_AUC=0.9276178606352905, train_AP=0.8879535066611685, distortion=0.4770958423614502, reward=0.4307, epsilon=0.1000, time=0.30709171295166016
INFO - 11/02/25 00:02:31 - 0:13:27 - Epoch 460: val_AUC=0.9639226926367039, val_AP=0.9439665240909967
INFO - 11/02/25 00:02:31 - 0:13:27 - Epoch 461: train_loss=1.0842490196228027, train_AUC=0.9291780621962702, train_AP=0.890442826071226, distortion=0.4718601703643799, reward=0.4380, epsilon=0.1000, time=0.3069438934326172
INFO - 11/02/25 00:02:31 - 0:13:27 - Epoch 461: val_AUC=0.9637532777318225, val_AP=0.9438989123809272
INFO - 11/02/25 00:02:31 - 0:13:27 - Epoch 462: train_loss=1.0843935012817383, train_AUC=0.9297942244908839, train_AP=0.8912719931917957, distortion=0.4732714295387268, reward=0.4373, epsilon=0.1000, time=0.3065822124481201
INFO - 11/02/25 00:02:31 - 0:13:28 - Epoch 462: val_AUC=0.9642937919521581, val_AP=0.9454608700821888
INFO - 11/02/25 00:02:32 - 0:13:28 - Epoch 463: train_loss=1.0936813354492188, train_AUC=0.9270833210383063, train_AP=0.8860000568607185, distortion=0.47976869344711304, reward=0.4268, epsilon=0.1000, time=0.3067128658294678
INFO - 11/02/25 00:02:32 - 0:13:28 - Epoch 463: val_AUC=0.963828765325494, val_AP=0.9430275237002465
INFO - 11/02/25 00:02:32 - 0:13:28 - Epoch 464: train_loss=1.0887579917907715, train_AUC=0.9285125072884921, train_AP=0.8901949425845226, distortion=0.476579874753952, reward=0.4328, epsilon=0.1000, time=0.306471586227417
INFO - 11/02/25 00:02:32 - 0:13:28 - Epoch 464: val_AUC=0.9631623424088437, val_AP=0.9432674081340999
INFO - 11/02/25 00:02:33 - 0:13:29 - Epoch 465: train_loss=1.0993400812149048, train_AUC=0.9266613796322001, train_AP=0.8875590238656689, distortion=0.47754982113838196, reward=0.4296, epsilon=0.1000, time=0.3095886707305908
INFO - 11/02/25 00:02:33 - 0:13:29 - Epoch 465: val_AUC=0.9625186810185293, val_AP=0.9432758740080709
INFO - 11/02/25 00:02:33 - 0:13:29 - Epoch 466: train_loss=1.0970141887664795, train_AUC=0.9278948267241753, train_AP=0.8881993030690487, distortion=0.4814748764038086, reward=0.4266, epsilon=0.1000, time=0.3068511486053467
INFO - 11/02/25 00:02:33 - 0:13:29 - Epoch 466: val_AUC=0.9650308044125091, val_AP=0.946194440475222
INFO - 11/02/25 00:02:33 - 0:13:30 - Epoch 467: train_loss=1.0917072296142578, train_AUC=0.9278836834420071, train_AP=0.8864595466034474, distortion=0.4817167818546295, reward=0.4255, epsilon=0.1000, time=0.30694150924682617
INFO - 11/02/25 00:02:34 - 0:13:30 - Epoch 467: val_AUC=0.9638878300457334, val_AP=0.9437617258507639
INFO - 11/02/25 00:02:34 - 0:13:30 - Epoch 468: train_loss=1.0959357023239136, train_AUC=0.9282658891480245, train_AP=0.8892589407554958, distortion=0.4822467565536499, reward=0.4265, epsilon=0.1000, time=0.3072035312652588
INFO - 11/02/25 00:02:34 - 0:13:30 - Epoch 468: val_AUC=0.963533441724298, val_AP=0.9428521558949967
INFO - 11/02/25 00:02:34 - 0:13:30 - Epoch 469: train_loss=1.0866703987121582, train_AUC=0.9282606933360136, train_AP=0.888397089885838, distortion=0.4706425070762634, reward=0.4377, epsilon=0.1000, time=0.3129580020904541
INFO - 11/02/25 00:02:34 - 0:13:30 - Epoch 469: val_AUC=0.963738871702496, val_AP=0.944164179136304
INFO - 11/02/25 00:02:35 - 0:13:31 - Epoch 470: train_loss=1.0893986225128174, train_AUC=0.9292276422255243, train_AP=0.8904921587548356, distortion=0.47707271575927734, reward=0.4328, epsilon=0.1000, time=0.2727510929107666
INFO - 11/02/25 00:02:35 - 0:13:31 - Epoch 470: val_AUC=0.9650282113272304, val_AP=0.945381798917612
INFO - 11/02/25 00:02:35 - 0:13:31 - Epoch 471: train_loss=1.0870254039764404, train_AUC=0.9298333446088702, train_AP=0.8905639155004573, distortion=0.4780692458152771, reward=0.4321, epsilon=0.1000, time=0.3063967227935791
INFO - 11/02/25 00:02:35 - 0:13:31 - Epoch 471: val_AUC=0.9645744214034412, val_AP=0.9452340506512595
INFO - 11/02/25 00:02:35 - 0:13:32 - Epoch 472: train_loss=1.084416389465332, train_AUC=0.9296686577047537, train_AP=0.8898555249312765, distortion=0.474450945854187, reward=0.4353, epsilon=0.1000, time=0.3069462776184082
INFO - 11/02/25 00:02:36 - 0:13:32 - Epoch 472: val_AUC=0.9629172958499975, val_AP=0.9431954449476857
INFO - 11/02/25 00:02:36 - 0:13:32 - Epoch 473: train_loss=1.0855331420898438, train_AUC=0.9298238182889201, train_AP=0.8902238577538986, distortion=0.4746641516685486, reward=0.4354, epsilon=0.1000, time=0.306333065032959
INFO - 11/02/25 00:02:36 - 0:13:32 - Epoch 473: val_AUC=0.9642387609201304, val_AP=0.944525058633162
INFO - 11/02/25 00:02:36 - 0:13:32 - Epoch 474: train_loss=1.0894486904144287, train_AUC=0.9278649498082168, train_AP=0.8876207146873099, distortion=0.47325053811073303, reward=0.4345, epsilon=0.1000, time=0.3173353672027588
INFO - 11/02/25 00:02:36 - 0:13:33 - Epoch 474: val_AUC=0.9648694568840507, val_AP=0.9454855352087405
INFO - 11/02/25 00:02:37 - 0:13:33 - Epoch 475: train_loss=1.0863877534866333, train_AUC=0.9291910447480398, train_AP=0.8894709914120406, distortion=0.47639432549476624, reward=0.4329, epsilon=0.1000, time=0.31027770042419434
INFO - 11/02/25 00:02:37 - 0:13:33 - Epoch 475: val_AUC=0.9643845499369161, val_AP=0.9443122723363561
INFO - 11/02/25 00:02:37 - 0:13:33 - Epoch 476: train_loss=1.0829472541809082, train_AUC=0.928979571111917, train_AP=0.8901411160765196, distortion=0.47081688046455383, reward=0.4387, epsilon=0.1000, time=0.3068718910217285
INFO - 11/02/25 00:02:37 - 0:13:33 - Epoch 476: val_AUC=0.9633228255755424, val_AP=0.9432275192243921
INFO - 11/02/25 00:02:38 - 0:13:34 - Epoch 477: train_loss=1.0842609405517578, train_AUC=0.9280624484845008, train_AP=0.8871886626202479, distortion=0.4727931618690491, reward=0.4348, epsilon=0.1000, time=0.3127119541168213
INFO - 11/02/25 00:02:38 - 0:13:34 - Epoch 477: val_AUC=0.9640725153417009, val_AP=0.9438026414476098
INFO - 11/02/25 00:02:38 - 0:13:34 - Epoch 478: train_loss=1.0790985822677612, train_AUC=0.9309240519186273, train_AP=0.8936267531884625, distortion=0.47189223766326904, reward=0.4404, epsilon=0.1000, time=0.26815080642700195
INFO - 11/02/25 00:02:38 - 0:13:34 - Epoch 478: val_AUC=0.9646885171557081, val_AP=0.9447526124877362
INFO - 11/02/25 00:02:38 - 0:13:34 - Epoch 479: train_loss=1.0794689655303955, train_AUC=0.9309576761594803, train_AP=0.8939334567184573, distortion=0.47422319650650024, reward=0.4382, epsilon=0.1000, time=0.3085765838623047
INFO - 11/02/25 00:02:38 - 0:13:35 - Epoch 479: val_AUC=0.9647251084701979, val_AP=0.9453698941009498
INFO - 11/02/25 00:02:39 - 0:13:35 - Epoch 480: train_loss=1.0849220752716064, train_AUC=0.9282900588453026, train_AP=0.8877973097680633, distortion=0.47048085927963257, reward=0.4376, epsilon=0.1000, time=0.3105347156524658
INFO - 11/02/25 00:02:39 - 0:13:35 - Epoch 480: val_AUC=0.9639670632070299, val_AP=0.9440224357382161
INFO - 11/02/25 00:02:39 - 0:13:35 - Epoch 481: train_loss=1.079379916191101, train_AUC=0.9298429402129595, train_AP=0.8906024374738799, distortion=0.4698989689350128, reward=0.4403, epsilon=0.1000, time=0.26416897773742676
INFO - 11/02/25 00:02:39 - 0:13:35 - Epoch 481: val_AUC=0.964111987862056, val_AP=0.9439781037724995
INFO - 11/02/25 00:02:40 - 0:13:36 - Epoch 482: train_loss=1.0806894302368164, train_AUC=0.9296932251627744, train_AP=0.8911454011637305, distortion=0.47219425439834595, reward=0.4382, epsilon=0.1000, time=0.3121373653411865
INFO - 11/02/25 00:02:40 - 0:13:36 - Epoch 482: val_AUC=0.9651719834999102, val_AP=0.9458528225600705
INFO - 11/02/25 00:02:40 - 0:13:36 - Epoch 483: train_loss=1.0818473100662231, train_AUC=0.9292733518134636, train_AP=0.8907591607751443, distortion=0.47054246068000793, reward=0.4395, epsilon=0.1000, time=0.3086674213409424
INFO - 11/02/25 00:02:40 - 0:13:36 - Epoch 483: val_AUC=0.9642730472699277, val_AP=0.9444604844879734
INFO - 11/02/25 00:02:40 - 0:13:36 - Epoch 484: train_loss=1.0817469358444214, train_AUC=0.9287970014231182, train_AP=0.8881655992394778, distortion=0.4691872298717499, reward=0.4393, epsilon=0.1000, time=0.30698132514953613
INFO - 11/02/25 00:02:41 - 0:13:37 - Epoch 484: val_AUC=0.9636855693939874, val_AP=0.943474214632939
INFO - 11/02/25 00:02:41 - 0:13:37 - Epoch 485: train_loss=1.0864917039871216, train_AUC=0.9274843700364643, train_AP=0.8863253268310471, distortion=0.469407856464386, reward=0.4375, epsilon=0.1000, time=0.2709059715270996
INFO - 11/02/25 00:02:41 - 0:13:37 - Epoch 485: val_AUC=0.9648412210665706, val_AP=0.9450028538666221
INFO - 11/02/25 00:02:41 - 0:13:37 - Epoch 486: train_loss=1.080338478088379, train_AUC=0.9296536414890351, train_AP=0.8907979301126641, distortion=0.4711896777153015, reward=0.4390, epsilon=0.1000, time=0.30672717094421387
INFO - 11/02/25 00:02:41 - 0:13:37 - Epoch 486: val_AUC=0.9652098713570392, val_AP=0.9458263170218604
INFO - 11/02/25 00:02:42 - 0:13:38 - Epoch 487: train_loss=1.0775573253631592, train_AUC=0.9314829276942028, train_AP=0.8942839613323443, distortion=0.4702141582965851, reward=0.4427, epsilon=0.1000, time=0.307373046875
INFO - 11/02/25 00:02:42 - 0:13:38 - Epoch 487: val_AUC=0.9641284107354883, val_AP=0.9437540485548201
INFO - 11/02/25 00:02:42 - 0:13:38 - Epoch 488: train_loss=1.0779635906219482, train_AUC=0.9306345613508085, train_AP=0.8919455812620822, distortion=0.46937376260757446, reward=0.4419, epsilon=0.1000, time=0.3076002597808838
INFO - 11/02/25 00:02:42 - 0:13:38 - Epoch 488: val_AUC=0.963918947069079, val_AP=0.9434698959693016
INFO - 11/02/25 00:02:42 - 0:13:39 - Epoch 489: train_loss=1.0826258659362793, train_AUC=0.9288848826218614, train_AP=0.8899474965208644, distortion=0.46951940655708313, reward=0.4399, epsilon=0.1000, time=0.3070383071899414
INFO - 11/02/25 00:02:43 - 0:13:39 - Epoch 489: val_AUC=0.965090733494508, val_AP=0.9457965384211636
INFO - 11/02/25 00:02:43 - 0:13:39 - Epoch 490: train_loss=1.0767738819122314, train_AUC=0.9300649839171475, train_AP=0.8912151398982019, distortion=0.46779853105545044, reward=0.4428, epsilon=0.1000, time=0.3106541633605957
INFO - 11/02/25 00:02:43 - 0:13:39 - Epoch 490: val_AUC=0.9644361235219053, val_AP=0.9444777159996722
INFO - 11/02/25 00:02:43 - 0:13:39 - Epoch 491: train_loss=1.0747408866882324, train_AUC=0.9310114481283944, train_AP=0.8928522263833621, distortion=0.4680301547050476, reward=0.4439, epsilon=0.1000, time=0.3065946102142334
INFO - 11/02/25 00:02:43 - 0:13:39 - Epoch 491: val_AUC=0.9639045410397522, val_AP=0.9434332428877088
INFO - 11/02/25 00:02:44 - 0:13:40 - Epoch 492: train_loss=1.0868580341339111, train_AUC=0.9264770175278225, train_AP=0.8861799983909842, distortion=0.4691345989704132, reward=0.4372, epsilon=0.1000, time=0.30707669258117676
INFO - 11/02/25 00:02:44 - 0:13:40 - Epoch 492: val_AUC=0.964708973717352, val_AP=0.9447679420009029
INFO - 11/02/25 00:02:44 - 0:13:40 - Epoch 493: train_loss=1.0822522640228271, train_AUC=0.9286887167929794, train_AP=0.8895885516714424, distortion=0.46917617321014404, reward=0.4400, epsilon=0.1000, time=0.30672717094421387
INFO - 11/02/25 00:02:44 - 0:13:40 - Epoch 493: val_AUC=0.965722870061361, val_AP=0.946549484013335
INFO - 11/02/25 00:02:45 - 0:13:41 - Epoch 494: train_loss=1.0813196897506714, train_AUC=0.9290879409765007, train_AP=0.8894791820504097, distortion=0.47121748328208923, reward=0.4381, epsilon=0.1000, time=0.3070554733276367
INFO - 11/02/25 00:02:45 - 0:13:41 - Epoch 494: val_AUC=0.9637423291495343, val_AP=0.9431841914470085
INFO - 11/02/25 00:02:45 - 0:13:41 - Epoch 495: train_loss=1.0866584777832031, train_AUC=0.9295103010781258, train_AP=0.8902818832661825, distortion=0.4734059274196625, reward=0.4365, epsilon=0.1000, time=0.2738664150238037
INFO - 11/02/25 00:02:45 - 0:13:41 - Epoch 495: val_AUC=0.964538118209538, val_AP=0.9449177257562763
INFO - 11/02/25 00:02:45 - 0:13:41 - Epoch 496: train_loss=1.0841221809387207, train_AUC=0.9276858493108606, train_AP=0.88702000278338, distortion=0.4691244661808014, reward=0.4382, epsilon=0.1000, time=0.3106226921081543
INFO - 11/02/25 00:02:45 - 0:13:41 - Epoch 496: val_AUC=0.9653408221636186, val_AP=0.9459120703535357
INFO - 11/02/25 00:02:46 - 0:13:42 - Epoch 497: train_loss=1.077318549156189, train_AUC=0.9304554304481827, train_AP=0.8919118390410865, distortion=0.4689811170101166, reward=0.4422, epsilon=0.1000, time=0.30671048164367676
INFO - 11/02/25 00:02:46 - 0:13:42 - Epoch 497: val_AUC=0.9649509950100398, val_AP=0.9449457483750823
INFO - 11/02/25 00:02:46 - 0:13:42 - Epoch 498: train_loss=1.0730867385864258, train_AUC=0.9313991885904147, train_AP=0.8927105485271238, distortion=0.47187644243240356, reward=0.4402, epsilon=0.1000, time=0.30678868293762207
INFO - 11/02/25 00:02:46 - 0:13:42 - Epoch 498: val_AUC=0.9648455428753685, val_AP=0.9453603913451404
INFO - 11/02/25 00:02:47 - 0:13:43 - Epoch 499: train_loss=1.0825321674346924, train_AUC=0.9283299909335275, train_AP=0.8884934314223191, distortion=0.47074201703071594, reward=0.4377, epsilon=0.1000, time=0.31591010093688965
INFO - 11/02/25 00:02:47 - 0:13:43 - Epoch 499: val_AUC=0.9648383398607053, val_AP=0.9452653717705242
INFO - 11/02/25 00:02:47 - 0:13:43 - Epoch 500: train_loss=1.0758286714553833, train_AUC=0.9317310302099744, train_AP=0.8945371358423391, distortion=0.46941938996315, reward=0.4437, epsilon=0.1000, time=0.3078932762145996
INFO - 11/02/25 00:02:47 - 0:13:43 - Epoch 500: val_AUC=0.9645870987092485, val_AP=0.9447908175313043
INFO - 11/02/25 00:02:47 - 0:13:43 - Epoch 501: train_loss=1.0821526050567627, train_AUC=0.9294979051985299, train_AP=0.8901642219418932, distortion=0.4702284634113312, reward=0.4396, epsilon=0.1000, time=0.30703186988830566
INFO - 11/02/25 00:02:48 - 0:13:44 - Epoch 501: val_AUC=0.9648763717781276, val_AP=0.9453637613848611
INFO - 11/02/25 00:02:48 - 0:13:44 - Epoch 502: train_loss=1.0829180479049683, train_AUC=0.9269711345646885, train_AP=0.8855563192487417, distortion=0.47051170468330383, reward=0.4358, epsilon=0.1000, time=0.3070402145385742
INFO - 11/02/25 00:02:48 - 0:13:44 - Epoch 502: val_AUC=0.9650682600887583, val_AP=0.9455736286265193
INFO - 11/02/25 00:02:48 - 0:13:44 - Epoch 503: train_loss=1.0790293216705322, train_AUC=0.9294325009708952, train_AP=0.8904575863745833, distortion=0.4684723913669586, reward=0.4415, epsilon=0.1000, time=0.30716609954833984
INFO - 11/02/25 00:02:48 - 0:13:44 - Epoch 503: val_AUC=0.9645847937445563, val_AP=0.9445103242720616
INFO - 11/02/25 00:02:49 - 0:13:45 - Epoch 504: train_loss=1.0819276571273804, train_AUC=0.9301583545132124, train_AP=0.89227747595844, distortion=0.46978020668029785, reward=0.4414, epsilon=0.1000, time=0.31606173515319824
INFO - 11/02/25 00:02:49 - 0:13:45 - Epoch 504: val_AUC=0.9649639604364335, val_AP=0.9451472994129776
INFO - 11/02/25 00:02:49 - 0:13:45 - Epoch 505: train_loss=1.0824341773986816, train_AUC=0.9280336173104454, train_AP=0.8883152441440385, distortion=0.4693003296852112, reward=0.4389, epsilon=0.1000, time=0.30768489837646484
INFO - 11/02/25 00:02:49 - 0:13:45 - Epoch 505: val_AUC=0.9658378301753876, val_AP=0.9464456849957561
INFO - 11/02/25 00:02:49 - 0:13:46 - Epoch 506: train_loss=1.080915927886963, train_AUC=0.9290161611126959, train_AP=0.8901097261119522, distortion=0.47046786546707153, reward=0.4391, epsilon=0.1000, time=0.30652737617492676
INFO - 11/02/25 00:02:50 - 0:13:46 - Epoch 506: val_AUC=0.9651973381115252, val_AP=0.9453619873006416
INFO - 11/02/25 00:02:50 - 0:13:46 - Epoch 507: train_loss=1.0736517906188965, train_AUC=0.9323125329892193, train_AP=0.8957262790253862, distortion=0.4698461890220642, reward=0.4442, epsilon=0.1000, time=0.3065330982208252
INFO - 11/02/25 00:02:50 - 0:13:46 - Epoch 507: val_AUC=0.9648786767428199, val_AP=0.9453732993146239
INFO - 11/02/25 00:02:50 - 0:13:46 - Epoch 508: train_loss=1.0746729373931885, train_AUC=0.9301953198446173, train_AP=0.8913939455431232, distortion=0.46766334772109985, reward=0.4431, epsilon=0.1000, time=0.31453466415405273
INFO - 11/02/25 00:02:50 - 0:13:46 - Epoch 508: val_AUC=0.9652811812022062, val_AP=0.946055585095279
INFO - 11/02/25 00:02:51 - 0:13:47 - Epoch 509: train_loss=1.08012056350708, train_AUC=0.9299875760877422, train_AP=0.8916188088110807, distortion=0.4710143506526947, reward=0.4398, epsilon=0.1000, time=0.27256155014038086
INFO - 11/02/25 00:02:51 - 0:13:47 - Epoch 509: val_AUC=0.9651149356237767, val_AP=0.9455875038401446
INFO - 11/02/25 00:02:51 - 0:13:47 - Epoch 510: train_loss=1.0822612047195435, train_AUC=0.9295339369386171, train_AP=0.8907239891108143, distortion=0.47113505005836487, reward=0.4390, epsilon=0.1000, time=0.3076286315917969
INFO - 11/02/25 00:02:51 - 0:13:47 - Epoch 510: val_AUC=0.9651418748986176, val_AP=0.946045363684224
INFO - 11/02/25 00:02:52 - 0:13:48 - Epoch 511: train_loss=1.0746405124664307, train_AUC=0.9307770758349618, train_AP=0.8924873778316702, distortion=0.46822860836982727, reward=0.4434, epsilon=0.1000, time=0.3076748847961426
INFO - 11/02/25 00:02:52 - 0:13:48 - Epoch 511: val_AUC=0.9650985127503443, val_AP=0.9458314132213792
INFO - 11/02/25 00:02:52 - 0:13:48 - Epoch 512: train_loss=1.0779805183410645, train_AUC=0.9300634506940328, train_AP=0.8902198021235584, distortion=0.46836525201797485, reward=0.4418, epsilon=0.1000, time=0.3074169158935547
INFO - 11/02/25 00:02:52 - 0:13:48 - Epoch 512: val_AUC=0.9648469834783012, val_AP=0.9448231958115393
INFO - 11/02/25 00:02:52 - 0:13:48 - Epoch 513: train_loss=1.0781657695770264, train_AUC=0.9314785498337946, train_AP=0.8948997810737589, distortion=0.47051841020584106, reward=0.4427, epsilon=0.1000, time=0.3091292381286621
INFO - 11/02/25 00:02:52 - 0:13:49 - Epoch 513: val_AUC=0.9659319015468907, val_AP=0.9467765355881701
INFO - 11/02/25 00:02:53 - 0:13:49 - Epoch 514: train_loss=1.081076979637146, train_AUC=0.9283823946652991, train_AP=0.8884303902447792, distortion=0.46976038813591003, reward=0.4386, epsilon=0.1000, time=0.3094675540924072
INFO - 11/02/25 00:02:53 - 0:13:49 - Epoch 514: val_AUC=0.9658810482633675, val_AP=0.9469958694484208
INFO - 11/02/25 00:02:53 - 0:13:49 - Epoch 515: train_loss=1.075859785079956, train_AUC=0.9311501629507133, train_AP=0.8940997666133479, distortion=0.4687725007534027, reward=0.4439, epsilon=0.1000, time=0.3073537349700928
INFO - 11/02/25 00:02:53 - 0:13:49 - Epoch 515: val_AUC=0.9646788651160594, val_AP=0.9447305916209056
INFO - 11/02/25 00:02:54 - 0:13:50 - Epoch 516: train_loss=1.076490044593811, train_AUC=0.9312469688438219, train_AP=0.8924522481275179, distortion=0.4699271619319916, reward=0.4419, epsilon=0.1000, time=0.26464247703552246
INFO - 11/02/25 00:02:54 - 0:13:50 - Epoch 516: val_AUC=0.965090733494508, val_AP=0.9458521554758835
INFO - 11/02/25 00:02:54 - 0:13:50 - Epoch 517: train_loss=1.0819830894470215, train_AUC=0.92911851472143, train_AP=0.8900439207066568, distortion=0.4697360396385193, reward=0.4398, epsilon=0.1000, time=0.3081662654876709
INFO - 11/02/25 00:02:54 - 0:13:50 - Epoch 517: val_AUC=0.9662034551996979, val_AP=0.9478077163774885
INFO - 11/02/25 00:02:54 - 0:13:50 - Epoch 518: train_loss=1.077289342880249, train_AUC=0.929693940434286, train_AP=0.8888255660807067, distortion=0.47044989466667175, reward=0.4388, epsilon=0.1000, time=0.3076744079589844
INFO - 11/02/25 00:02:55 - 0:13:51 - Epoch 518: val_AUC=0.9654952547980001, val_AP=0.9463298875063687
INFO - 11/02/25 00:02:55 - 0:13:51 - Epoch 519: train_loss=1.0830674171447754, train_AUC=0.9301303711975828, train_AP=0.891219921708955, distortion=0.4715648293495178, reward=0.4391, epsilon=0.1000, time=0.3103511333465576
INFO - 11/02/25 00:02:55 - 0:13:51 - Epoch 519: val_AUC=0.9647899356021676, val_AP=0.9452242144230705
INFO - 11/02/25 00:02:55 - 0:13:51 - Epoch 520: train_loss=1.0804529190063477, train_AUC=0.9287267428196989, train_AP=0.8896641131629012, distortion=0.4709014892578125, reward=0.4383, epsilon=0.1000, time=0.26490354537963867
INFO - 11/02/25 00:02:55 - 0:13:51 - Epoch 520: val_AUC=0.9649452325983088, val_AP=0.9454141354030267
INFO - 11/02/25 00:02:56 - 0:13:52 - Epoch 521: train_loss=1.0720369815826416, train_AUC=0.9314368721840135, train_AP=0.89289533736295, distortion=0.4675270915031433, reward=0.4446, epsilon=0.1000, time=0.30771851539611816
INFO - 11/02/25 00:02:56 - 0:13:52 - Epoch 521: val_AUC=0.9655548957594123, val_AP=0.9465122301438721
INFO - 11/02/25 00:02:56 - 0:13:52 - Epoch 522: train_loss=1.0782538652420044, train_AUC=0.9311089219405448, train_AP=0.8926702969495703, distortion=0.470338374376297, reward=0.4416, epsilon=0.1000, time=0.30980706214904785
INFO - 11/02/25 00:02:56 - 0:13:52 - Epoch 522: val_AUC=0.9656903124350829, val_AP=0.9466329277143752
INFO - 11/02/25 00:02:56 - 0:13:53 - Epoch 523: train_loss=1.0744061470031738, train_AUC=0.930944652236606, train_AP=0.8937464713641934, distortion=0.4683089852333069, reward=0.4440, epsilon=0.1000, time=0.3106422424316406
INFO - 11/02/25 00:02:57 - 0:13:53 - Epoch 523: val_AUC=0.9647519036847454, val_AP=0.944991854975244
INFO - 11/02/25 00:02:57 - 0:13:53 - Epoch 524: train_loss=1.075139045715332, train_AUC=0.9301846904613538, train_AP=0.8917443778920572, distortion=0.46641889214515686, reward=0.4445, epsilon=0.1000, time=0.3097403049468994
INFO - 11/02/25 00:02:57 - 0:13:53 - Epoch 524: val_AUC=0.9652846386492446, val_AP=0.9460578349029338
INFO - 11/02/25 00:02:57 - 0:13:53 - Epoch 525: train_loss=1.0739542245864868, train_AUC=0.9313518869626096, train_AP=0.8929295866402236, distortion=0.46851423382759094, reward=0.4436, epsilon=0.1000, time=0.30713391304016113
INFO - 11/02/25 00:02:57 - 0:13:53 - Epoch 525: val_AUC=0.9661003080297191, val_AP=0.9473827801419301
INFO - 11/02/25 00:02:58 - 0:13:54 - Epoch 526: train_loss=1.0756884813308716, train_AUC=0.9295767834467219, train_AP=0.8898551288836869, distortion=0.4659261703491211, reward=0.4438, epsilon=0.1000, time=0.30996036529541016
INFO - 11/02/25 00:02:58 - 0:13:54 - Epoch 526: val_AUC=0.9650126528155576, val_AP=0.9456046012949135
INFO - 11/02/25 00:02:58 - 0:13:54 - Epoch 527: train_loss=1.0821119546890259, train_AUC=0.9276629680991977, train_AP=0.8871299945270227, distortion=0.467725932598114, reward=0.4397, epsilon=0.1000, time=0.30762219429016113
INFO - 11/02/25 00:02:58 - 0:13:54 - Epoch 527: val_AUC=0.9649656891599527, val_AP=0.9456909315672004
INFO - 11/02/25 00:02:59 - 0:13:55 - Epoch 528: train_loss=1.0777199268341064, train_AUC=0.9302472979026114, train_AP=0.8918675664129795, distortion=0.4685247838497162, reward=0.4425, epsilon=0.1000, time=0.30762696266174316
INFO - 11/02/25 00:02:59 - 0:13:55 - Epoch 528: val_AUC=0.9656280783883917, val_AP=0.9469304706950578
INFO - 11/02/25 00:02:59 - 0:13:55 - Epoch 529: train_loss=1.0758037567138672, train_AUC=0.929337622572515, train_AP=0.8887942089737683, distortion=0.46547746658325195, reward=0.4436, epsilon=0.1000, time=0.30956006050109863
INFO - 11/02/25 00:02:59 - 0:13:55 - Epoch 529: val_AUC=0.9651768815498813, val_AP=0.94576225151992
INFO - 11/02/25 00:02:59 - 0:13:55 - Epoch 530: train_loss=1.0785512924194336, train_AUC=0.9299832196605572, train_AP=0.8905003758165192, distortion=0.4691150486469269, reward=0.4411, epsilon=0.1000, time=0.3075594902038574
INFO - 11/02/25 00:02:59 - 0:13:56 - Epoch 530: val_AUC=0.9654609684482027, val_AP=0.9461430552078633
INFO - 11/02/25 00:03:00 - 0:13:56 - Epoch 531: train_loss=1.0754456520080566, train_AUC=0.9308136453994119, train_AP=0.8917058192183324, distortion=0.47053205966949463, reward=0.4407, epsilon=0.1000, time=0.30983591079711914
INFO - 11/02/25 00:03:00 - 0:13:56 - Epoch 531: val_AUC=0.9656957867262269, val_AP=0.9471374982536145
INFO - 11/02/25 00:03:00 - 0:13:56 - Epoch 532: train_loss=1.0782771110534668, train_AUC=0.9294134149350429, train_AP=0.8888925812922169, distortion=0.46713197231292725, reward=0.4420, epsilon=0.1000, time=0.3070039749145508
INFO - 11/02/25 00:03:00 - 0:13:56 - Epoch 532: val_AUC=0.9648752192957815, val_AP=0.9451735693834269
INFO - 11/02/25 00:03:01 - 0:13:57 - Epoch 533: train_loss=1.079054832458496, train_AUC=0.9296882621255338, train_AP=0.8904582206290523, distortion=0.46970754861831665, reward=0.4404, epsilon=0.1000, time=0.26488685607910156
INFO - 11/02/25 00:03:01 - 0:13:57 - Epoch 533: val_AUC=0.9660346165359895, val_AP=0.947344846509391
INFO - 11/02/25 00:03:01 - 0:13:57 - Epoch 534: train_loss=1.0765831470489502, train_AUC=0.930146437142781, train_AP=0.8916658197261151, distortion=0.47103309631347656, reward=0.4399, epsilon=0.1000, time=0.30716609954833984
INFO - 11/02/25 00:03:01 - 0:13:57 - Epoch 534: val_AUC=0.9662288098113128, val_AP=0.9486461123131835
INFO - 11/02/25 00:03:01 - 0:13:57 - Epoch 535: train_loss=1.0791875123977661, train_AUC=0.9300873442516471, train_AP=0.8919819802079263, distortion=0.4682471752166748, reward=0.4428, epsilon=0.1000, time=0.30738043785095215
INFO - 11/02/25 00:03:02 - 0:13:58 - Epoch 535: val_AUC=0.9644649355805587, val_AP=0.9452520881509471
INFO - 11/02/25 00:03:02 - 0:13:58 - Epoch 536: train_loss=1.0757743120193481, train_AUC=0.9298814661820667, train_AP=0.8902253527251514, distortion=0.46784353256225586, reward=0.4422, epsilon=0.1000, time=0.3075861930847168
INFO - 11/02/25 00:03:02 - 0:13:58 - Epoch 536: val_AUC=0.9647464293936012, val_AP=0.945261068324415
INFO - 11/02/25 00:03:02 - 0:13:58 - Epoch 537: train_loss=1.0751148462295532, train_AUC=0.9312229272474348, train_AP=0.8933137860192469, distortion=0.4705772399902344, reward=0.4417, epsilon=0.1000, time=0.30730628967285156
INFO - 11/02/25 00:03:02 - 0:13:58 - Epoch 537: val_AUC=0.967069257562229, val_AP=0.9495891527679374
INFO - 11/02/25 00:03:03 - 0:13:59 - Epoch 538: train_loss=1.0782885551452637, train_AUC=0.9298560807724426, train_AP=0.8906203005450266, distortion=0.46887561678886414, reward=0.4414, epsilon=0.1000, time=0.31784749031066895
INFO - 11/02/25 00:03:03 - 0:13:59 - Epoch 538: val_AUC=0.9662377415494953, val_AP=0.947280965293015
INFO - 11/02/25 00:03:03 - 0:13:59 - Epoch 539: train_loss=1.076523780822754, train_AUC=0.9299988983124003, train_AP=0.8912463390408611, distortion=0.4675382077693939, reward=0.4431, epsilon=0.1000, time=0.30765366554260254
INFO - 11/02/25 00:03:03 - 0:13:59 - Epoch 539: val_AUC=0.9645058487038464, val_AP=0.9440840672202693
INFO - 11/02/25 00:03:04 - 0:14:00 - Epoch 540: train_loss=1.0759294033050537, train_AUC=0.9310971750390034, train_AP=0.8936307183448974, distortion=0.4697279632091522, reward=0.4426, epsilon=0.1000, time=0.30782508850097656
INFO - 11/02/25 00:03:04 - 0:14:00 - Epoch 540: val_AUC=0.9661357468618627, val_AP=0.9471626481884989
INFO - 11/02/25 00:03:04 - 0:14:00 - Epoch 541: train_loss=1.0768601894378662, train_AUC=0.9292750151312573, train_AP=0.8890461444851643, distortion=0.467182457447052, reward=0.4420, epsilon=0.1000, time=0.30728936195373535
INFO - 11/02/25 00:03:04 - 0:14:00 - Epoch 541: val_AUC=0.9661000199091325, val_AP=0.9470275559336658
INFO - 11/02/25 00:03:04 - 0:14:00 - Epoch 542: train_loss=1.081254482269287, train_AUC=0.929513162164172, train_AP=0.8900134445544923, distortion=0.46786242723464966, reward=0.4419, epsilon=0.1000, time=0.3128056526184082
INFO - 11/02/25 00:03:04 - 0:14:01 - Epoch 542: val_AUC=0.9656012831738443, val_AP=0.9461085813845274
INFO - 11/02/25 00:03:05 - 0:14:01 - Epoch 543: train_loss=1.073225975036621, train_AUC=0.9309723364840078, train_AP=0.8931834865367714, distortion=0.47064507007598877, reward=0.4414, epsilon=0.1000, time=0.31087613105773926
INFO - 11/02/25 00:03:05 - 0:14:01 - Epoch 543: val_AUC=0.9646928389645061, val_AP=0.9448397768933776
INFO - 11/02/25 00:03:05 - 0:14:01 - Epoch 544: train_loss=1.072319746017456, train_AUC=0.9319626042216885, train_AP=0.8945297972453388, distortion=0.466943621635437, reward=0.4463, epsilon=0.1000, time=0.3144257068634033
INFO - 11/02/25 00:03:05 - 0:14:01 - Epoch 544: val_AUC=0.9663708532604733, val_AP=0.9477154006489624
INFO - 11/02/25 00:03:06 - 0:14:02 - Epoch 545: train_loss=1.0806756019592285, train_AUC=0.9281493542223745, train_AP=0.8871922283304676, distortion=0.4657829999923706, reward=0.4419, epsilon=0.1000, time=0.30840158462524414
INFO - 11/02/25 00:03:06 - 0:14:02 - Epoch 545: val_AUC=0.9661196121090166, val_AP=0.9470031982424963
INFO - 11/02/25 00:03:06 - 0:14:02 - Epoch 546: train_loss=1.0700023174285889, train_AUC=0.9320869104352385, train_AP=0.8951246469838858, distortion=0.4645824432373047, reward=0.4490, epsilon=0.1000, time=0.30710768699645996
INFO - 11/02/25 00:03:06 - 0:14:02 - Epoch 546: val_AUC=0.9655318461124899, val_AP=0.9459913533709077
INFO - 11/02/25 00:03:06 - 0:14:02 - Epoch 547: train_loss=1.0749014616012573, train_AUC=0.9306795895616352, train_AP=0.8920084966836368, distortion=0.4672437906265259, reward=0.4441, epsilon=0.1000, time=0.30745697021484375
INFO - 11/02/25 00:03:07 - 0:14:03 - Epoch 547: val_AUC=0.9665866555797866, val_AP=0.9479392506401951
INFO - 11/02/25 00:03:07 - 0:14:03 - Epoch 548: train_loss=1.0750936269760132, train_AUC=0.9293777585255819, train_AP=0.8896019323349156, distortion=0.46528664231300354, reward=0.4442, epsilon=0.1000, time=0.31001853942871094
INFO - 11/02/25 00:03:07 - 0:14:03 - Epoch 548: val_AUC=0.9667148692407935, val_AP=0.9482481496407819
INFO - 11/02/25 00:03:07 - 0:14:03 - Epoch 549: train_loss=1.0751347541809082, train_AUC=0.9300672194521504, train_AP=0.8922924215973584, distortion=0.46547582745552063, reward=0.4457, epsilon=0.1000, time=0.31287431716918945
INFO - 11/02/25 00:03:07 - 0:14:03 - Epoch 549: val_AUC=0.965925130713107, val_AP=0.9469260873833638
INFO - 11/02/25 00:03:08 - 0:14:04 - Epoch 550: train_loss=1.0750198364257812, train_AUC=0.9300060899063852, train_AP=0.891486664224656, distortion=0.4663853943347931, reward=0.4444, epsilon=0.1000, time=0.30640244483947754
INFO - 11/02/25 00:03:08 - 0:14:04 - Epoch 550: val_AUC=0.9660222273507687, val_AP=0.9474120267679147
INFO - 11/02/25 00:03:08 - 0:14:04 - Epoch 551: train_loss=1.0691182613372803, train_AUC=0.931143524134503, train_AP=0.893285652760108, distortion=0.4643363058567047, reward=0.4479, epsilon=0.1000, time=0.3056507110595703
INFO - 11/02/25 00:03:08 - 0:14:04 - Epoch 551: val_AUC=0.9663426174429931, val_AP=0.9480071829028363
INFO - 11/02/25 00:03:09 - 0:14:05 - Epoch 552: train_loss=1.0735007524490356, train_AUC=0.931684320238813, train_AP=0.8944498093244292, distortion=0.46653786301612854, reward=0.4465, epsilon=0.1000, time=0.30853748321533203
INFO - 11/02/25 00:03:09 - 0:14:05 - Epoch 552: val_AUC=0.966245232684745, val_AP=0.9477962291344498
INFO - 11/02/25 00:03:09 - 0:14:05 - Epoch 553: train_loss=1.077144742012024, train_AUC=0.9289203222068575, train_AP=0.8894070662780799, distortion=0.46578457951545715, reward=0.4434, epsilon=0.1000, time=0.30857086181640625
INFO - 11/02/25 00:03:09 - 0:14:05 - Epoch 553: val_AUC=0.9653313141842629, val_AP=0.9461280572344228
INFO - 11/02/25 00:03:09 - 0:14:05 - Epoch 554: train_loss=1.0735907554626465, train_AUC=0.929380318549612, train_AP=0.8906125084024177, distortion=0.46663638949394226, reward=0.4434, epsilon=0.1000, time=0.3049042224884033
INFO - 11/02/25 00:03:09 - 0:14:05 - Epoch 554: val_AUC=0.9656257734236995, val_AP=0.9465388464703973
INFO - 11/02/25 00:03:10 - 0:14:06 - Epoch 555: train_loss=1.0714303255081177, train_AUC=0.9314654341966639, train_AP=0.8935231232388088, distortion=0.4638505280017853, reward=0.4486, epsilon=0.1000, time=0.30590343475341797
INFO - 11/02/25 00:03:10 - 0:14:06 - Epoch 555: val_AUC=0.966530760185999, val_AP=0.948237219617138
INFO - 11/02/25 00:03:10 - 0:14:06 - Epoch 556: train_loss=1.0775309801101685, train_AUC=0.9280869471568294, train_AP=0.8884440722217875, distortion=0.4636039733886719, reward=0.4447, epsilon=0.1000, time=0.30608272552490234
INFO - 11/02/25 00:03:10 - 0:14:06 - Epoch 556: val_AUC=0.9658433044665318, val_AP=0.9466508040327634
INFO - 11/02/25 00:03:11 - 0:14:07 - Epoch 557: train_loss=1.072289228439331, train_AUC=0.9303850482298958, train_AP=0.8914684845725388, distortion=0.46731892228126526, reward=0.4436, epsilon=0.1000, time=0.3100006580352783
INFO - 11/02/25 00:03:11 - 0:14:07 - Epoch 557: val_AUC=0.9658862344339251, val_AP=0.9469950673003978
INFO - 11/02/25 00:03:11 - 0:14:07 - Epoch 558: train_loss=1.0639621019363403, train_AUC=0.9333850375112904, train_AP=0.897407617627396, distortion=0.4637054204940796, reward=0.4517, epsilon=0.1000, time=0.3119187355041504
INFO - 11/02/25 00:03:11 - 0:14:07 - Epoch 558: val_AUC=0.9661639826793429, val_AP=0.9477626604649592
INFO - 11/02/25 00:03:11 - 0:14:07 - Epoch 559: train_loss=1.0709367990493774, train_AUC=0.9313164972223182, train_AP=0.8928591389405269, distortion=0.46406295895576477, reward=0.4480, epsilon=0.1000, time=0.30902743339538574
INFO - 11/02/25 00:03:12 - 0:14:08 - Epoch 559: val_AUC=0.9661812699145348, val_AP=0.9475647679974186
INFO - 11/02/25 00:03:12 - 0:14:08 - Epoch 560: train_loss=1.0728334188461304, train_AUC=0.9298716672115823, train_AP=0.8896063107446911, distortion=0.4649978578090668, reward=0.4447, epsilon=0.1000, time=0.30620265007019043
INFO - 11/02/25 00:03:12 - 0:14:08 - Epoch 560: val_AUC=0.9661841511204, val_AP=0.9472783468063033
INFO - 11/02/25 00:03:12 - 0:14:08 - Epoch 561: train_loss=1.0720990896224976, train_AUC=0.9294849425846424, train_AP=0.8910502825708648, distortion=0.4651287794113159, reward=0.4451, epsilon=0.1000, time=0.3067185878753662
INFO - 11/02/25 00:03:12 - 0:14:08 - Epoch 561: val_AUC=0.9663037211638112, val_AP=0.9479780519473635
INFO - 11/02/25 00:03:13 - 0:14:09 - Epoch 562: train_loss=1.0703996419906616, train_AUC=0.9306108741502713, train_AP=0.8916599600270475, distortion=0.46344518661499023, reward=0.4477, epsilon=0.1000, time=0.31642889976501465
INFO - 11/02/25 00:03:13 - 0:14:09 - Epoch 562: val_AUC=0.9662207424348899, val_AP=0.9476108177396719
INFO - 11/02/25 00:03:13 - 0:14:09 - Epoch 563: train_loss=1.0696982145309448, train_AUC=0.9315354056945844, train_AP=0.8937703669311403, distortion=0.4632570743560791, reward=0.4494, epsilon=0.1000, time=0.3093602657318115
INFO - 11/02/25 00:03:13 - 0:14:09 - Epoch 563: val_AUC=0.9660775465033828, val_AP=0.947195478461787
INFO - 11/02/25 00:03:13 - 0:14:10 - Epoch 564: train_loss=1.069406270980835, train_AUC=0.9310466858423366, train_AP=0.8917042659922886, distortion=0.46580544114112854, reward=0.4456, epsilon=0.1000, time=0.3058619499206543
INFO - 11/02/25 00:03:14 - 0:14:10 - Epoch 564: val_AUC=0.9664621874864043, val_AP=0.9480966551955555
INFO - 11/02/25 00:03:14 - 0:14:10 - Epoch 565: train_loss=1.065807819366455, train_AUC=0.9318246091569045, train_AP=0.8935355648743931, distortion=0.4642122983932495, reward=0.4485, epsilon=0.1000, time=0.306915283203125
INFO - 11/02/25 00:03:14 - 0:14:10 - Epoch 565: val_AUC=0.9665696564651811, val_AP=0.9484516491986364
INFO - 11/02/25 00:03:14 - 0:14:10 - Epoch 566: train_loss=1.074411392211914, train_AUC=0.9290110141484952, train_AP=0.8896608652485132, distortion=0.46248680353164673, reward=0.4468, epsilon=0.1000, time=0.30634450912475586
INFO - 11/02/25 00:03:14 - 0:14:10 - Epoch 566: val_AUC=0.9660340402948164, val_AP=0.9471734555467802
INFO - 11/02/25 00:03:15 - 0:14:11 - Epoch 567: train_loss=1.070136547088623, train_AUC=0.9308926472624715, train_AP=0.8923679689746626, distortion=0.4649507999420166, reward=0.4467, epsilon=0.1000, time=0.3217806816101074
INFO - 11/02/25 00:03:15 - 0:14:11 - Epoch 567: val_AUC=0.9666301617883529, val_AP=0.9483681633112634
INFO - 11/02/25 00:03:15 - 0:14:11 - Epoch 568: train_loss=1.0694756507873535, train_AUC=0.9314746529747862, train_AP=0.8925914695883939, distortion=0.46539542078971863, reward=0.4466, epsilon=0.1000, time=0.27643752098083496
INFO - 11/02/25 00:03:15 - 0:14:11 - Epoch 568: val_AUC=0.9665059818155572, val_AP=0.948653294025262
INFO - 11/02/25 00:03:16 - 0:14:12 - Epoch 569: train_loss=1.0728665590286255, train_AUC=0.9287434542538221, train_AP=0.8886564549344832, distortion=0.4617966413497925, reward=0.4469, epsilon=0.1000, time=0.3110504150390625
INFO - 11/02/25 00:03:16 - 0:14:12 - Epoch 569: val_AUC=0.9655001528479713, val_AP=0.9467108811963646
INFO - 11/02/25 00:03:16 - 0:14:12 - Epoch 570: train_loss=1.0748491287231445, train_AUC=0.9299759174113281, train_AP=0.8910284943798359, distortion=0.4636918306350708, reward=0.4468, epsilon=0.1000, time=0.31372642517089844
INFO - 11/02/25 00:03:16 - 0:14:12 - Epoch 570: val_AUC=0.9665154897949128, val_AP=0.9483235033243025
INFO - 11/02/25 00:03:16 - 0:14:12 - Epoch 571: train_loss=1.070097804069519, train_AUC=0.9304968823014516, train_AP=0.8921660425456998, distortion=0.46609532833099365, reward=0.4452, epsilon=0.1000, time=0.3124971389770508
INFO - 11/02/25 00:03:16 - 0:14:13 - Epoch 571: val_AUC=0.9665523692299891, val_AP=0.9485790337848101
INFO - 11/02/25 00:03:17 - 0:14:13 - Epoch 572: train_loss=1.0697604417800903, train_AUC=0.9317579493411599, train_AP=0.8940336696537864, distortion=0.46365904808044434, reward=0.4492, epsilon=0.1000, time=0.31188201904296875
INFO - 11/02/25 00:03:17 - 0:14:13 - Epoch 572: val_AUC=0.9658499312400222, val_AP=0.9471537088853953
INFO - 11/02/25 00:03:17 - 0:14:13 - Epoch 573: train_loss=1.0715177059173584, train_AUC=0.9296213226809963, train_AP=0.8909092856516201, distortion=0.46157804131507874, reward=0.4487, epsilon=0.1000, time=0.3085756301879883
INFO - 11/02/25 00:03:17 - 0:14:13 - Epoch 573: val_AUC=0.9658624644855363, val_AP=0.9471493106641228
INFO - 11/02/25 00:03:18 - 0:14:14 - Epoch 574: train_loss=1.0731980800628662, train_AUC=0.9303057866759251, train_AP=0.8917345829739138, distortion=0.465517520904541, reward=0.4455, epsilon=0.1000, time=0.3110647201538086
INFO - 11/02/25 00:03:18 - 0:14:14 - Epoch 574: val_AUC=0.9671435926735545, val_AP=0.9494103535439368
INFO - 11/02/25 00:03:18 - 0:14:14 - Epoch 575: train_loss=1.070840835571289, train_AUC=0.9301612524843398, train_AP=0.8911709640221581, distortion=0.46375772356987, reward=0.4469, epsilon=0.1000, time=0.3061983585357666
INFO - 11/02/25 00:03:18 - 0:14:14 - Epoch 575: val_AUC=0.9663489560958969, val_AP=0.9478738282675206
INFO - 11/02/25 00:03:18 - 0:14:15 - Epoch 576: train_loss=1.0665135383605957, train_AUC=0.931839784875678, train_AP=0.893277326887104, distortion=0.4631042778491974, reward=0.4495, epsilon=0.1000, time=0.3096168041229248
INFO - 11/02/25 00:03:19 - 0:14:15 - Epoch 576: val_AUC=0.9658280340754456, val_AP=0.9472191077188219
INFO - 11/02/25 00:03:19 - 0:14:15 - Epoch 577: train_loss=1.0702359676361084, train_AUC=0.9310332058404149, train_AP=0.8942996148829039, distortion=0.4654609262943268, reward=0.4472, epsilon=0.1000, time=0.3258802890777588
INFO - 11/02/25 00:03:19 - 0:14:15 - Epoch 577: val_AUC=0.9672424180347352, val_AP=0.9496568158044052
INFO - 11/02/25 00:03:19 - 0:14:15 - Epoch 578: train_loss=1.0692989826202393, train_AUC=0.9305939608450945, train_AP=0.8927435173665443, distortion=0.46326178312301636, reward=0.4484, epsilon=0.1000, time=0.3206815719604492
INFO - 11/02/25 00:03:19 - 0:14:16 - Epoch 578: val_AUC=0.967011921565509, val_AP=0.9488790981087897
INFO - 11/02/25 00:03:20 - 0:14:16 - Epoch 579: train_loss=1.0743408203125, train_AUC=0.9290164940753229, train_AP=0.8884956199563974, distortion=0.4650382399559021, reward=0.4437, epsilon=0.1000, time=0.32204365730285645
INFO - 11/02/25 00:03:20 - 0:14:16 - Epoch 579: val_AUC=0.9659648913540487, val_AP=0.9472383384049825
INFO - 11/02/25 00:03:20 - 0:14:16 - Epoch 580: train_loss=1.0678293704986572, train_AUC=0.9313115007891254, train_AP=0.8932996948884714, distortion=0.46233972907066345, reward=0.4500, epsilon=0.1000, time=0.3087122440338135
INFO - 11/02/25 00:03:20 - 0:14:16 - Epoch 580: val_AUC=0.9659156227337516, val_AP=0.9471451092257611
INFO - 11/02/25 00:03:21 - 0:14:17 - Epoch 581: train_loss=1.0716558694839478, train_AUC=0.9295812614949864, train_AP=0.8892575139591247, distortion=0.46175655722618103, reward=0.4477, epsilon=0.1000, time=0.3095860481262207
INFO - 11/02/25 00:03:21 - 0:14:17 - Epoch 581: val_AUC=0.9668471165900121, val_AP=0.9486590178640673
INFO - 11/02/25 00:03:21 - 0:14:17 - Epoch 582: train_loss=1.0719823837280273, train_AUC=0.9299679756545384, train_AP=0.8900837062694809, distortion=0.4625226557254791, reward=0.4475, epsilon=0.1000, time=0.3036990165710449
INFO - 11/02/25 00:03:21 - 0:14:17 - Epoch 582: val_AUC=0.9666704986704675, val_AP=0.9483924548770818
INFO - 11/02/25 00:03:21 - 0:14:17 - Epoch 583: train_loss=1.0751557350158691, train_AUC=0.9285401526570242, train_AP=0.8881056940246654, distortion=0.4623308479785919, reward=0.4460, epsilon=0.1000, time=0.3026754856109619
INFO - 11/02/25 00:03:22 - 0:14:18 - Epoch 583: val_AUC=0.9660544968564604, val_AP=0.9474949109983142
INFO - 11/02/25 00:03:22 - 0:14:18 - Epoch 584: train_loss=1.069065809249878, train_AUC=0.9310353626207846, train_AP=0.8915750821850329, distortion=0.4624200165271759, reward=0.4489, epsilon=0.1000, time=0.30301785469055176
INFO - 11/02/25 00:03:22 - 0:14:18 - Epoch 584: val_AUC=0.9668246431842625, val_AP=0.9489023082282623
INFO - 11/02/25 00:03:22 - 0:14:18 - Epoch 585: train_loss=1.0651350021362305, train_AUC=0.9315069548356253, train_AP=0.8939317841922989, distortion=0.4615921378135681, reward=0.4511, epsilon=0.1000, time=0.30015087127685547
INFO - 11/02/25 00:03:22 - 0:14:18 - Epoch 585: val_AUC=0.966871894960454, val_AP=0.9488502605871451
INFO - 11/02/25 00:03:23 - 0:14:19 - Epoch 586: train_loss=1.070022463798523, train_AUC=0.9302390326536887, train_AP=0.8914204284368379, distortion=0.4642503261566162, reward=0.4466, epsilon=0.1000, time=0.3100919723510742
INFO - 11/02/25 00:03:23 - 0:14:19 - Epoch 586: val_AUC=0.9664909995450575, val_AP=0.9480852030688142
INFO - 11/02/25 00:03:23 - 0:14:19 - Epoch 587: train_loss=1.0677814483642578, train_AUC=0.9306283925701626, train_AP=0.8918797220483013, distortion=0.4631187617778778, reward=0.4481, epsilon=0.1000, time=0.26454806327819824
INFO - 11/02/25 00:03:23 - 0:14:19 - Epoch 587: val_AUC=0.9666497539882372, val_AP=0.9485346139854709
INFO - 11/02/25 00:03:23 - 0:14:19 - Epoch 588: train_loss=1.0690574645996094, train_AUC=0.9299866105958134, train_AP=0.8902610092564212, distortion=0.4607717990875244, reward=0.4494, epsilon=0.1000, time=0.2997748851776123
INFO - 11/02/25 00:03:24 - 0:14:20 - Epoch 588: val_AUC=0.9673939694632515, val_AP=0.949832459514647
INFO - 11/02/25 00:03:24 - 0:14:20 - Epoch 589: train_loss=1.064628005027771, train_AUC=0.9316045098946444, train_AP=0.8938651467575632, distortion=0.4607352316379547, reward=0.4520, epsilon=0.1000, time=0.30876994132995605
INFO - 11/02/25 00:03:24 - 0:14:20 - Epoch 589: val_AUC=0.966504253092038, val_AP=0.9481783078245112
INFO - 11/02/25 00:03:24 - 0:14:20 - Epoch 590: train_loss=1.0653420686721802, train_AUC=0.9315862413119483, train_AP=0.893170379266129, distortion=0.46096503734588623, reward=0.4514, epsilon=0.1000, time=0.30260491371154785
INFO - 11/02/25 00:03:24 - 0:14:20 - Epoch 590: val_AUC=0.966625839979555, val_AP=0.9485000175039262
INFO - 11/02/25 00:03:25 - 0:14:21 - Epoch 591: train_loss=1.0679131746292114, train_AUC=0.9301976849758523, train_AP=0.8893154703539299, distortion=0.4602907598018646, reward=0.4495, epsilon=0.1000, time=0.3070523738861084
INFO - 11/02/25 00:03:25 - 0:14:21 - Epoch 591: val_AUC=0.9672245545583702, val_AP=0.9498241611548888
INFO - 11/02/25 00:03:25 - 0:14:21 - Epoch 592: train_loss=1.0692634582519531, train_AUC=0.9294116080645, train_AP=0.8894869067338187, distortion=0.46251487731933594, reward=0.4469, epsilon=0.1000, time=0.3034200668334961
INFO - 11/02/25 00:03:25 - 0:14:21 - Epoch 592: val_AUC=0.9669808045421634, val_AP=0.9493417172866176
INFO - 11/02/25 00:03:25 - 0:14:22 - Epoch 593: train_loss=1.0717355012893677, train_AUC=0.9300817641369631, train_AP=0.8917209771287514, distortion=0.4636401832103729, reward=0.4473, epsilon=0.1000, time=0.3028378486633301
INFO - 11/02/25 00:03:26 - 0:14:22 - Epoch 593: val_AUC=0.9665624534505177, val_AP=0.948572326218408
INFO - 11/02/25 00:03:26 - 0:14:22 - Epoch 594: train_loss=1.0703048706054688, train_AUC=0.9294910914274063, train_AP=0.8902675247020228, distortion=0.4624192416667938, reward=0.4475, epsilon=0.1000, time=0.2659568786621094
INFO - 11/02/25 00:03:26 - 0:14:22 - Epoch 594: val_AUC=0.9663382956341954, val_AP=0.9486929802100463
INFO - 11/02/25 00:03:26 - 0:14:22 - Epoch 595: train_loss=1.0671613216400146, train_AUC=0.9324290689117637, train_AP=0.8955425742869109, distortion=0.4630739390850067, reward=0.4509, epsilon=0.1000, time=0.3008725643157959
INFO - 11/02/25 00:03:26 - 0:14:22 - Epoch 595: val_AUC=0.9672804499521576, val_AP=0.949871358637565
INFO - 11/02/25 00:03:27 - 0:14:23 - Epoch 596: train_loss=1.0680150985717773, train_AUC=0.9300939800771753, train_AP=0.8907812040360464, distortion=0.4614681005477905, reward=0.4490, epsilon=0.1000, time=0.30745697021484375
INFO - 11/02/25 00:03:27 - 0:14:23 - Epoch 596: val_AUC=0.9667353258024375, val_AP=0.9488993395474011
INFO - 11/02/25 00:03:27 - 0:14:23 - Epoch 597: train_loss=1.069040298461914, train_AUC=0.9302948512461751, train_AP=0.8916612001327773, distortion=0.4626454710960388, reward=0.4483, epsilon=0.1000, time=0.30312657356262207
INFO - 11/02/25 00:03:27 - 0:14:23 - Epoch 597: val_AUC=0.966221894917236, val_AP=0.9486311435620379
INFO - 11/02/25 00:03:27 - 0:14:24 - Epoch 598: train_loss=1.066611647605896, train_AUC=0.9317351414012126, train_AP=0.8929129001719353, distortion=0.463236540555954, reward=0.4491, epsilon=0.1000, time=0.2996962070465088
INFO - 11/02/25 00:03:28 - 0:14:24 - Epoch 598: val_AUC=0.9671055607561322, val_AP=0.9498578764861478
INFO - 11/02/25 00:03:28 - 0:14:24 - Epoch 599: train_loss=1.0702065229415894, train_AUC=0.9294650500614693, train_AP=0.8899805728599066, distortion=0.46228262782096863, reward=0.4474, epsilon=0.1000, time=0.3044626712799072
INFO - 11/02/25 00:03:28 - 0:14:24 - Epoch 599: val_AUC=0.9667444016009131, val_AP=0.9489792854037883
INFO - 11/02/25 00:03:28 - 0:14:24 - Epoch 600: train_loss=1.0700106620788574, train_AUC=0.9315794120889662, train_AP=0.8937371186098833, distortion=0.4660577178001404, reward=0.4466, epsilon=0.1000, time=0.30307841300964355
INFO - 11/02/25 00:03:28 - 0:14:24 - Epoch 600: val_AUC=0.9672911104138594, val_AP=0.949699466990114
INFO - 11/02/25 00:03:29 - 0:14:25 - Epoch 601: train_loss=1.0707454681396484, train_AUC=0.9298758850704885, train_AP=0.8909493495696977, distortion=0.4624267518520355, reward=0.4480, epsilon=0.1000, time=0.3047304153442383
INFO - 11/02/25 00:03:29 - 0:14:25 - Epoch 601: val_AUC=0.9668960970897228, val_AP=0.9493567769065996
INFO - 11/02/25 00:03:29 - 0:14:25 - Epoch 602: train_loss=1.06808340549469, train_AUC=0.9301381275320711, train_AP=0.8914940439219363, distortion=0.4622441232204437, reward=0.4486, epsilon=0.1000, time=0.30176854133605957
INFO - 11/02/25 00:03:29 - 0:14:25 - Epoch 602: val_AUC=0.9669185704954723, val_AP=0.9495039261018685
INFO - 11/02/25 00:03:30 - 0:14:26 - Epoch 603: train_loss=1.0662401914596558, train_AUC=0.9311431921687701, train_AP=0.8914276117950009, distortion=0.45984983444213867, reward=0.4514, epsilon=0.1000, time=0.3019721508026123
INFO - 11/02/25 00:03:30 - 0:14:26 - Epoch 603: val_AUC=0.9673199224725126, val_AP=0.9498166582183709
INFO - 11/02/25 00:03:30 - 0:14:26 - Epoch 604: train_loss=1.0697555541992188, train_AUC=0.9296071408656333, train_AP=0.8896910175928724, distortion=0.46223801374435425, reward=0.4474, epsilon=0.1000, time=0.300523042678833
INFO - 11/02/25 00:03:30 - 0:14:26 - Epoch 604: val_AUC=0.9671456095176602, val_AP=0.9497679432793542
INFO - 11/02/25 00:03:30 - 0:14:26 - Epoch 605: train_loss=1.0679229497909546, train_AUC=0.9303111649195552, train_AP=0.8908945597970698, distortion=0.46068599820137024, reward=0.4499, epsilon=0.1000, time=0.30211377143859863
INFO - 11/02/25 00:03:30 - 0:14:26 - Epoch 605: val_AUC=0.9668788098545309, val_AP=0.9494618439164619
INFO - 11/02/25 00:03:31 - 0:14:27 - Epoch 606: train_loss=1.0651988983154297, train_AUC=0.9317030329378274, train_AP=0.8927282555554978, distortion=0.458640456199646, reward=0.4536, epsilon=0.1000, time=0.3085317611694336
INFO - 11/02/25 00:03:31 - 0:14:27 - Epoch 606: val_AUC=0.9670116334449225, val_AP=0.9491878832028007
INFO - 11/02/25 00:03:31 - 0:14:27 - Epoch 607: train_loss=1.069569706916809, train_AUC=0.9297526634777115, train_AP=0.8915541991540363, distortion=0.4614967405796051, reward=0.4492, epsilon=0.1000, time=0.3032240867614746
INFO - 11/02/25 00:03:31 - 0:14:27 - Epoch 607: val_AUC=0.9670773249386521, val_AP=0.9496605499942955
INFO - 11/02/25 00:03:32 - 0:14:28 - Epoch 608: train_loss=1.066701889038086, train_AUC=0.9319727536004465, train_AP=0.8944951802855678, distortion=0.4649437665939331, reward=0.4483, epsilon=0.1000, time=0.29998111724853516
INFO - 11/02/25 00:03:32 - 0:14:28 - Epoch 608: val_AUC=0.9673323116577334, val_AP=0.9503440109750966
INFO - 11/02/25 00:03:32 - 0:14:28 - Epoch 609: train_loss=1.0676000118255615, train_AUC=0.9299083484281708, train_AP=0.8904204971907881, distortion=0.459340363740921, reward=0.4508, epsilon=0.1000, time=0.3126370906829834
INFO - 11/02/25 00:03:32 - 0:14:28 - Epoch 609: val_AUC=0.966260791196418, val_AP=0.9483571279620827
INFO - 11/02/25 00:03:32 - 0:14:28 - Epoch 610: train_loss=1.0675692558288574, train_AUC=0.9294590248335729, train_AP=0.8891653405039215, distortion=0.4579809606075287, reward=0.4513, epsilon=0.1000, time=0.3029360771179199
INFO - 11/02/25 00:03:32 - 0:14:29 - Epoch 610: val_AUC=0.9665270146183741, val_AP=0.9487171472047533
INFO - 11/02/25 00:03:33 - 0:14:29 - Epoch 611: train_loss=1.0631794929504395, train_AUC=0.9316734032516039, train_AP=0.8920593129916174, distortion=0.4627309739589691, reward=0.4491, epsilon=0.1000, time=0.26806211471557617
INFO - 11/02/25 00:03:33 - 0:14:29 - Epoch 611: val_AUC=0.9682093507231395, val_AP=0.9514192590628183
INFO - 11/02/25 00:03:33 - 0:14:29 - Epoch 612: train_loss=1.0755504369735718, train_AUC=0.9276774280480126, train_AP=0.8874942610092755, distortion=0.46271657943725586, reward=0.4449, epsilon=0.1000, time=0.26424741744995117
INFO - 11/02/25 00:03:33 - 0:14:29 - Epoch 612: val_AUC=0.9671695235263424, val_AP=0.9497249880335527
INFO - 11/02/25 00:03:34 - 0:14:30 - Epoch 613: train_loss=1.0649974346160889, train_AUC=0.9314213176454849, train_AP=0.8938252076267681, distortion=0.45820677280426025, reward=0.4544, epsilon=0.1000, time=0.30312061309814453
INFO - 11/02/25 00:03:34 - 0:14:30 - Epoch 613: val_AUC=0.9660014826685382, val_AP=0.9480580278030093
INFO - 11/02/25 00:03:34 - 0:14:30 - Epoch 614: train_loss=1.0646551847457886, train_AUC=0.9320008959206838, train_AP=0.8933846069464086, distortion=0.4616400897502899, reward=0.4511, epsilon=0.1000, time=0.30385351181030273
INFO - 11/02/25 00:03:34 - 0:14:30 - Epoch 614: val_AUC=0.9676276352589296, val_AP=0.9505742274690869
INFO - 11/02/25 00:03:34 - 0:14:30 - Epoch 615: train_loss=1.0620205402374268, train_AUC=0.9317477590897442, train_AP=0.8935180597217329, distortion=0.45997172594070435, reward=0.4527, epsilon=0.1000, time=0.3024263381958008
INFO - 11/02/25 00:03:34 - 0:14:31 - Epoch 615: val_AUC=0.9676939029938322, val_AP=0.9506836632894569
INFO - 11/02/25 00:03:35 - 0:14:31 - Epoch 616: train_loss=1.0652780532836914, train_AUC=0.9306027768780032, train_AP=0.8914388147591493, distortion=0.4592500925064087, reward=0.4518, epsilon=0.1000, time=0.30419206619262695
INFO - 11/02/25 00:03:35 - 0:14:31 - Epoch 616: val_AUC=0.9662628080405236, val_AP=0.9484764537013181
INFO - 11/02/25 00:03:35 - 0:14:31 - Epoch 617: train_loss=1.0678027868270874, train_AUC=0.9321617751878133, train_AP=0.8935597234502299, distortion=0.462084025144577, reward=0.4508, epsilon=0.1000, time=0.30174851417541504
INFO - 11/02/25 00:03:35 - 0:14:31 - Epoch 617: val_AUC=0.9668569126899542, val_AP=0.9494131410821403
INFO - 11/02/25 00:03:36 - 0:14:32 - Epoch 618: train_loss=1.065733551979065, train_AUC=0.9306571589461021, train_AP=0.8918167883513355, distortion=0.46044138073921204, reward=0.4508, epsilon=0.1000, time=0.3002281188964844
INFO - 11/02/25 00:03:36 - 0:14:32 - Epoch 618: val_AUC=0.9674628302834328, val_AP=0.9505778571075563
INFO - 11/02/25 00:03:36 - 0:14:32 - Epoch 619: train_loss=1.0616097450256348, train_AUC=0.9323111916682175, train_AP=0.89477698722735, distortion=0.4594494700431824, reward=0.4541, epsilon=0.1000, time=0.30715084075927734
INFO - 11/02/25 00:03:36 - 0:14:32 - Epoch 619: val_AUC=0.9669799401804039, val_AP=0.9496230018617752
INFO - 11/02/25 00:03:36 - 0:14:32 - Epoch 620: train_loss=1.0623269081115723, train_AUC=0.9320758110164103, train_AP=0.8934508820332617, distortion=0.46270498633384705, reward=0.4501, epsilon=0.1000, time=0.300828218460083
INFO - 11/02/25 00:03:36 - 0:14:33 - Epoch 620: val_AUC=0.9670672407181232, val_AP=0.9496812601140533
INFO - 11/02/25 00:03:37 - 0:14:33 - Epoch 621: train_loss=1.0670130252838135, train_AUC=0.9291230864777393, train_AP=0.888382121583867, distortion=0.46090996265411377, reward=0.4478, epsilon=0.1000, time=0.30893874168395996
INFO - 11/02/25 00:03:37 - 0:14:33 - Epoch 621: val_AUC=0.967336921587118, val_AP=0.950431316427884
INFO - 11/02/25 00:03:37 - 0:14:33 - Epoch 622: train_loss=1.06572425365448, train_AUC=0.9309898803246983, train_AP=0.8922360884204906, distortion=0.4579075276851654, reward=0.4537, epsilon=0.1000, time=0.3030993938446045
INFO - 11/02/25 00:03:37 - 0:14:33 - Epoch 622: val_AUC=0.9671323559706797, val_AP=0.9499182497020471
INFO - 11/02/25 00:03:38 - 0:14:34 - Epoch 623: train_loss=1.06105375289917, train_AUC=0.9324962426264131, train_AP=0.8944485378420348, distortion=0.4604424834251404, reward=0.4530, epsilon=0.1000, time=0.30053210258483887
INFO - 11/02/25 00:03:38 - 0:14:34 - Epoch 623: val_AUC=0.9670245988713164, val_AP=0.9496352724297997
INFO - 11/02/25 00:03:38 - 0:14:34 - Epoch 624: train_loss=1.067317247390747, train_AUC=0.9299525706501237, train_AP=0.8905841709379175, distortion=0.45952221751213074, reward=0.4507, epsilon=0.1000, time=0.30814361572265625
INFO - 11/02/25 00:03:38 - 0:14:34 - Epoch 624: val_AUC=0.9667609685346388, val_AP=0.9498601640102169
INFO - 11/02/25 00:03:38 - 0:14:34 - Epoch 625: train_loss=1.0628981590270996, train_AUC=0.9319647465470938, train_AP=0.8925177784082035, distortion=0.4578559100627899, reward=0.4544, epsilon=0.1000, time=0.29947924613952637
INFO - 11/02/25 00:03:39 - 0:14:35 - Epoch 625: val_AUC=0.9672790093492251, val_AP=0.9502187568295508
INFO - 11/02/25 00:03:39 - 0:14:35 - Epoch 626: train_loss=1.065047264099121, train_AUC=0.9301376056580136, train_AP=0.8913624839370868, distortion=0.45874902606010437, reward=0.4520, epsilon=0.1000, time=0.30527305603027344
INFO - 11/02/25 00:03:39 - 0:14:35 - Epoch 626: val_AUC=0.9670793417827575, val_AP=0.9496243384648426
INFO - 11/02/25 00:03:39 - 0:14:35 - Epoch 627: train_loss=1.0589003562927246, train_AUC=0.9328173118084068, train_AP=0.8947851248417699, distortion=0.46042531728744507, reward=0.4534, epsilon=0.1000, time=0.3076198101043701
INFO - 11/02/25 00:03:39 - 0:14:35 - Epoch 627: val_AUC=0.9670698338034021, val_AP=0.9498176751766857
INFO - 11/02/25 00:03:40 - 0:14:36 - Epoch 628: train_loss=1.0712910890579224, train_AUC=0.9286821283199205, train_AP=0.8890028457446162, distortion=0.4578157663345337, reward=0.4510, epsilon=0.1000, time=0.30584239959716797
INFO - 11/02/25 00:03:40 - 0:14:36 - Epoch 628: val_AUC=0.9670522584476237, val_AP=0.9498212307861565
INFO - 11/02/25 00:03:40 - 0:14:36 - Epoch 629: train_loss=1.0649830102920532, train_AUC=0.9299132695958594, train_AP=0.8916352311900013, distortion=0.45863255858421326, reward=0.4521, epsilon=0.1000, time=0.3047022819519043
INFO - 11/02/25 00:03:40 - 0:14:36 - Epoch 629: val_AUC=0.9667465625053123, val_AP=0.9494040741684264
INFO - 11/02/25 00:03:40 - 0:14:37 - Epoch 630: train_loss=1.0670976638793945, train_AUC=0.930863461194119, train_AP=0.8927787337126273, distortion=0.45910269021987915, reward=0.4527, epsilon=0.1000, time=0.30429768562316895
INFO - 11/02/25 00:03:41 - 0:14:37 - Epoch 630: val_AUC=0.9676077549384589, val_AP=0.9507707924976824
INFO - 11/02/25 00:03:41 - 0:14:37 - Epoch 631: train_loss=1.0661556720733643, train_AUC=0.9297034871905648, train_AP=0.8902490313526317, distortion=0.4576013684272766, reward=0.4524, epsilon=0.1000, time=0.2625114917755127
INFO - 11/02/25 00:03:41 - 0:14:37 - Epoch 631: val_AUC=0.9672101485290436, val_AP=0.9503708378247351
INFO - 11/02/25 00:03:41 - 0:14:37 - Epoch 632: train_loss=1.0649338960647583, train_AUC=0.930644642940768, train_AP=0.8919689258640723, distortion=0.45818158984184265, reward=0.4531, epsilon=0.1000, time=0.2681586742401123
INFO - 11/02/25 00:03:41 - 0:14:37 - Epoch 632: val_AUC=0.966807067828484, val_AP=0.9491790603983605
INFO - 11/02/25 00:03:42 - 0:14:38 - Epoch 633: train_loss=1.0606151819229126, train_AUC=0.9318795390183072, train_AP=0.8931571189779675, distortion=0.4572892189025879, reward=0.4552, epsilon=0.1000, time=0.30507850646972656
INFO - 11/02/25 00:03:42 - 0:14:38 - Epoch 633: val_AUC=0.967822548835719, val_AP=0.9509898538628374
INFO - 11/02/25 00:03:42 - 0:14:38 - Epoch 634: train_loss=1.059133529663086, train_AUC=0.9328487099847508, train_AP=0.8947877869359113, distortion=0.45822200179100037, reward=0.4556, epsilon=0.1000, time=0.3045923709869385
INFO - 11/02/25 00:03:42 - 0:14:38 - Epoch 634: val_AUC=0.9678584198487427, val_AP=0.9511548374704726
INFO - 11/02/25 00:03:42 - 0:14:38 - Epoch 635: train_loss=1.0595861673355103, train_AUC=0.9326578630843003, train_AP=0.8956350414566276, distortion=0.45957544445991516, reward=0.4546, epsilon=0.1000, time=0.26854658126831055
INFO - 11/02/25 00:03:43 - 0:14:39 - Epoch 635: val_AUC=0.9664794747215963, val_AP=0.9487795540615395
INFO - 11/02/25 00:03:43 - 0:14:39 - Epoch 636: train_loss=1.061701774597168, train_AUC=0.9319984301031455, train_AP=0.8937489916590553, distortion=0.4578196108341217, reward=0.4551, epsilon=0.1000, time=0.30537867546081543
INFO - 11/02/25 00:03:43 - 0:14:39 - Epoch 636: val_AUC=0.9669805164215768, val_AP=0.9497368156714081
INFO - 11/02/25 00:03:43 - 0:14:39 - Epoch 637: train_loss=1.0654323101043701, train_AUC=0.929331332669237, train_AP=0.8904926087900278, distortion=0.4570120573043823, reward=0.4529, epsilon=0.1000, time=0.3082883358001709
INFO - 11/02/25 00:03:43 - 0:14:39 - Epoch 637: val_AUC=0.9674034774426071, val_AP=0.9507206447004243
INFO - 11/02/25 00:03:44 - 0:14:40 - Epoch 638: train_loss=1.068616509437561, train_AUC=0.9289205390313225, train_AP=0.8883104476911685, distortion=0.459186315536499, reward=0.4494, epsilon=0.1000, time=0.3051421642303467
INFO - 11/02/25 00:03:44 - 0:14:40 - Epoch 638: val_AUC=0.9668436591429739, val_AP=0.9495557697930292
INFO - 11/02/25 00:03:44 - 0:14:40 - Epoch 639: train_loss=1.0631831884384155, train_AUC=0.9300203175788764, train_AP=0.8904526970014777, distortion=0.45788851380348206, reward=0.4523, epsilon=0.1000, time=0.304912805557251
INFO - 11/02/25 00:03:44 - 0:14:40 - Epoch 639: val_AUC=0.9660204986272496, val_AP=0.9486956386465013
INFO - 11/02/25 00:03:44 - 0:14:41 - Epoch 640: train_loss=1.0601532459259033, train_AUC=0.9331492401577524, train_AP=0.8950428955968185, distortion=0.4567578136920929, reward=0.4573, epsilon=0.1000, time=0.3087742328643799
INFO - 11/02/25 00:03:45 - 0:14:41 - Epoch 640: val_AUC=0.9673475820488198, val_AP=0.9504495750923962
INFO - 11/02/25 00:03:45 - 0:14:41 - Epoch 641: train_loss=1.0667392015457153, train_AUC=0.9295822868005609, train_AP=0.8893833415435284, distortion=0.4602445662021637, reward=0.4492, epsilon=0.1000, time=0.2630014419555664
INFO - 11/02/25 00:03:45 - 0:14:41 - Epoch 641: val_AUC=0.9670430385888545, val_AP=0.9498850653947079
INFO - 11/02/25 00:03:45 - 0:14:41 - Epoch 642: train_loss=1.0586512088775635, train_AUC=0.9316829564876943, train_AP=0.8921889832559364, distortion=0.458202600479126, reward=0.4537, epsilon=0.1000, time=0.3085501194000244
INFO - 11/02/25 00:03:45 - 0:14:41 - Epoch 642: val_AUC=0.9665814694092288, val_AP=0.9492346269729385
INFO - 11/02/25 00:03:46 - 0:14:42 - Epoch 643: train_loss=1.0584944486618042, train_AUC=0.9338011286444136, train_AP=0.8962324347431683, distortion=0.4581296443939209, reward=0.4569, epsilon=0.1000, time=0.3084559440612793
INFO - 11/02/25 00:03:46 - 0:14:42 - Epoch 643: val_AUC=0.9673435483606082, val_AP=0.9503552958770265
INFO - 11/02/25 00:03:46 - 0:14:42 - Epoch 644: train_loss=1.0591214895248413, train_AUC=0.9331080375280064, train_AP=0.8951369096508648, distortion=0.4624747037887573, reward=0.4516, epsilon=0.1000, time=0.30570459365844727
INFO - 11/02/25 00:03:46 - 0:14:42 - Epoch 644: val_AUC=0.9675798072415651, val_AP=0.9509389211498089
INFO - 11/02/25 00:03:47 - 0:14:43 - Epoch 645: train_loss=1.063523292541504, train_AUC=0.9308331655826415, train_AP=0.8914977896898414, distortion=0.46012890338897705, reward=0.4510, epsilon=0.1000, time=0.3086106777191162
INFO - 11/02/25 00:03:47 - 0:14:43 - Epoch 645: val_AUC=0.9663515491811756, val_AP=0.9485591980300303
INFO - 11/02/25 00:03:47 - 0:14:43 - Epoch 646: train_loss=1.069777250289917, train_AUC=0.9301450150733577, train_AP=0.8906620029876338, distortion=0.4609318971633911, reward=0.4495, epsilon=0.1000, time=0.3061840534210205
INFO - 11/02/25 00:03:47 - 0:14:43 - Epoch 646: val_AUC=0.9660274135213264, val_AP=0.9488252280326334
INFO - 11/02/25 00:03:47 - 0:14:43 - Epoch 647: train_loss=1.069234848022461, train_AUC=0.930537732030689, train_AP=0.8912709850839264, distortion=0.46347910165786743, reward=0.4474, epsilon=0.1000, time=0.30817747116088867
INFO - 11/02/25 00:03:47 - 0:14:43 - Epoch 647: val_AUC=0.9675155563507684, val_AP=0.9515421201564085
INFO - 11/02/25 00:03:48 - 0:14:44 - Epoch 648: train_loss=1.0681712627410889, train_AUC=0.9300104089500418, train_AP=0.8904515062462031, distortion=0.46032649278640747, reward=0.4499, epsilon=0.1000, time=0.30591797828674316
INFO - 11/02/25 00:03:48 - 0:14:44 - Epoch 648: val_AUC=0.9668667087898964, val_AP=0.9494774920388582
INFO - 11/02/25 00:03:48 - 0:14:44 - Epoch 649: train_loss=1.0659339427947998, train_AUC=0.9302452687246857, train_AP=0.8907884578840674, distortion=0.4608039855957031, reward=0.4497, epsilon=0.1000, time=0.30557870864868164
INFO - 11/02/25 00:03:48 - 0:14:44 - Epoch 649: val_AUC=0.9660684707049071, val_AP=0.9483397659838203
INFO - 11/02/25 00:03:49 - 0:14:45 - Epoch 650: train_loss=1.0663726329803467, train_AUC=0.9305518311038423, train_AP=0.8910224815911434, distortion=0.4632487893104553, reward=0.4475, epsilon=0.1000, time=0.26816320419311523
INFO - 11/02/25 00:03:49 - 0:14:45 - Epoch 650: val_AUC=0.9675095058184511, val_AP=0.9512473286562594
INFO - 11/02/25 00:03:49 - 0:14:45 - Epoch 651: train_loss=1.0694648027420044, train_AUC=0.9294546728924111, train_AP=0.8895220154915152, distortion=0.4611221253871918, reward=0.4484, epsilon=0.1000, time=0.30113935470581055
INFO - 11/02/25 00:03:49 - 0:14:45 - Epoch 651: val_AUC=0.9676849712556497, val_AP=0.9512590791451366
INFO - 11/02/25 00:03:49 - 0:14:45 - Epoch 652: train_loss=1.0601931810379028, train_AUC=0.9311111445159246, train_AP=0.8913877911448395, distortion=0.45653271675109863, reward=0.4547, epsilon=0.1000, time=0.30240726470947266
INFO - 11/02/25 00:03:49 - 0:14:46 - Epoch 652: val_AUC=0.9662437920818125, val_AP=0.9483600427056417
INFO - 11/02/25 00:03:50 - 0:14:46 - Epoch 653: train_loss=1.0649793148040771, train_AUC=0.9320127031343179, train_AP=0.8939908865459409, distortion=0.4642096161842346, reward=0.4488, epsilon=0.1000, time=0.3014247417449951
INFO - 11/02/25 00:03:50 - 0:14:46 - Epoch 653: val_AUC=0.9672683488875232, val_AP=0.9501871206761753
INFO - 11/02/25 00:03:50 - 0:14:46 - Epoch 654: train_loss=1.062840461730957, train_AUC=0.9301385497167194, train_AP=0.891193941820637, distortion=0.4598771631717682, reward=0.4508, epsilon=0.1000, time=0.3021233081817627
INFO - 11/02/25 00:03:50 - 0:14:46 - Epoch 654: val_AUC=0.9676236015707181, val_AP=0.9514886571325811
INFO - 11/02/25 00:03:51 - 0:14:47 - Epoch 655: train_loss=1.0660887956619263, train_AUC=0.9311896997704304, train_AP=0.8913263235617812, distortion=0.45835474133491516, reward=0.4529, epsilon=0.1000, time=0.30213403701782227
INFO - 11/02/25 00:03:51 - 0:14:47 - Epoch 655: val_AUC=0.9671721166116213, val_AP=0.9497850067215357
INFO - 11/02/25 00:03:51 - 0:14:47 - Epoch 656: train_loss=1.0584831237792969, train_AUC=0.9315128958259709, train_AP=0.8925120663963109, distortion=0.4582265615463257, reward=0.4538, epsilon=0.1000, time=0.3005223274230957
INFO - 11/02/25 00:03:51 - 0:14:47 - Epoch 656: val_AUC=0.966518226940485, val_AP=0.9486321643561335
INFO - 11/02/25 00:03:51 - 0:14:47 - Epoch 657: train_loss=1.0612752437591553, train_AUC=0.9322768905362755, train_AP=0.8935580315197311, distortion=0.4619494378566742, reward=0.4510, epsilon=0.1000, time=0.2993943691253662
INFO - 11/02/25 00:03:51 - 0:14:48 - Epoch 657: val_AUC=0.9679269925483371, val_AP=0.9518582870134433
INFO - 11/02/25 00:03:52 - 0:14:48 - Epoch 658: train_loss=1.0588014125823975, train_AUC=0.9323815504594931, train_AP=0.8944606172888119, distortion=0.45623597502708435, reward=0.4572, epsilon=0.1000, time=0.3012232780456543
INFO - 11/02/25 00:03:52 - 0:14:48 - Epoch 658: val_AUC=0.9676256184148239, val_AP=0.9514095173974901
INFO - 11/02/25 00:03:52 - 0:14:48 - Epoch 659: train_loss=1.060002326965332, train_AUC=0.9307978521047481, train_AP=0.8914825251013649, distortion=0.4556516110897064, reward=0.4555, epsilon=0.1000, time=0.26337122917175293
INFO - 11/02/25 00:03:52 - 0:14:48 - Epoch 659: val_AUC=0.9657603257376104, val_AP=0.948041444051741
INFO - 11/02/25 00:03:53 - 0:14:49 - Epoch 660: train_loss=1.0619802474975586, train_AUC=0.932000155228373, train_AP=0.893958587191828, distortion=0.46165400743484497, reward=0.4513, epsilon=0.1000, time=0.3099193572998047
INFO - 11/02/25 00:03:53 - 0:14:49 - Epoch 660: val_AUC=0.966795110824143, val_AP=0.9496958127066079
INFO - 11/02/25 00:03:53 - 0:14:49 - Epoch 661: train_loss=1.0641378164291382, train_AUC=0.9304985964608441, train_AP=0.8905955190107447, distortion=0.45735788345336914, reward=0.4532, epsilon=0.1000, time=0.30532288551330566
INFO - 11/02/25 00:03:53 - 0:14:49 - Epoch 661: val_AUC=0.9676976485614571, val_AP=0.9511570892945124
INFO - 11/02/25 00:03:53 - 0:14:49 - Epoch 662: train_loss=1.0614871978759766, train_AUC=0.9320590542236058, train_AP=0.8941276253107582, distortion=0.45899391174316406, reward=0.4541, epsilon=0.1000, time=0.2992687225341797
INFO - 11/02/25 00:03:53 - 0:14:50 - Epoch 662: val_AUC=0.9666828878556883, val_AP=0.9490817214643655
INFO - 11/02/25 00:03:54 - 0:14:50 - Epoch 663: train_loss=1.0572583675384521, train_AUC=0.9324127063905729, train_AP=0.8942002656933015, distortion=0.46012452244758606, reward=0.4532, epsilon=0.1000, time=0.3012535572052002
INFO - 11/02/25 00:03:54 - 0:14:50 - Epoch 663: val_AUC=0.9660346165359895, val_AP=0.9476982416760075
INFO - 11/02/25 00:03:54 - 0:14:50 - Epoch 664: train_loss=1.0615452527999878, train_AUC=0.931573657019369, train_AP=0.8919490768215135, distortion=0.46057894825935364, reward=0.4512, epsilon=0.1000, time=0.29944276809692383
INFO - 11/02/25 00:03:54 - 0:14:50 - Epoch 664: val_AUC=0.9672038098761399, val_AP=0.9496980938399919
INFO - 11/02/25 00:03:55 - 0:14:51 - Epoch 665: train_loss=1.0620582103729248, train_AUC=0.9301549750422381, train_AP=0.8900742893819515, distortion=0.4568662643432617, reward=0.4532, epsilon=0.1000, time=0.3027791976928711
INFO - 11/02/25 00:03:55 - 0:14:51 - Epoch 665: val_AUC=0.9669715846833943, val_AP=0.949562203764767
INFO - 11/02/25 00:03:55 - 0:14:51 - Epoch 666: train_loss=1.0624382495880127, train_AUC=0.9304987215710528, train_AP=0.891107044643983, distortion=0.45642849802970886, reward=0.4544, epsilon=0.1000, time=0.3006138801574707
INFO - 11/02/25 00:03:55 - 0:14:51 - Epoch 666: val_AUC=0.9661910660144767, val_AP=0.9480220712637916
INFO - 11/02/25 00:03:55 - 0:14:51 - Epoch 667: train_loss=1.061692714691162, train_AUC=0.9308940673381065, train_AP=0.8918755657877616, distortion=0.4572320580482483, reward=0.4542, epsilon=0.1000, time=0.30016088485717773
INFO - 11/02/25 00:03:56 - 0:14:52 - Epoch 667: val_AUC=0.9669806604818701, val_AP=0.9496053786270184
INFO - 11/02/25 00:03:56 - 0:14:52 - Epoch 668: train_loss=1.0581104755401611, train_AUC=0.9311603317689061, train_AP=0.8911488897002496, distortion=0.454895943403244, reward=0.4563, epsilon=0.1000, time=0.3010132312774658
INFO - 11/02/25 00:03:56 - 0:14:52 - Epoch 668: val_AUC=0.9670228701477973, val_AP=0.9502532770540065
INFO - 11/02/25 00:03:56 - 0:14:52 - Epoch 669: train_loss=1.0630136728286743, train_AUC=0.9303260545297241, train_AP=0.8906283710497096, distortion=0.4568972885608673, reward=0.4536, epsilon=0.1000, time=0.30153465270996094
INFO - 11/02/25 00:03:56 - 0:14:52 - Epoch 669: val_AUC=0.966455560712914, val_AP=0.9487341983645462
INFO - 11/02/25 00:03:57 - 0:14:53 - Epoch 670: train_loss=1.056051254272461, train_AUC=0.9322021479032271, train_AP=0.8939939803578494, distortion=0.4564427435398102, reward=0.4567, epsilon=0.1000, time=0.30414628982543945
INFO - 11/02/25 00:03:57 - 0:14:53 - Epoch 670: val_AUC=0.9658346608489358, val_AP=0.9477637795970377
INFO - 11/02/25 00:03:57 - 0:14:53 - Epoch 671: train_loss=1.0611910820007324, train_AUC=0.9321428416767574, train_AP=0.8946151543003801, distortion=0.45700496435165405, reward=0.4564, epsilon=0.1000, time=0.30054736137390137
INFO - 11/02/25 00:03:57 - 0:14:53 - Epoch 671: val_AUC=0.9668718949604539, val_AP=0.9497582874579442
INFO - 11/02/25 00:03:57 - 0:14:53 - Epoch 672: train_loss=1.065167784690857, train_AUC=0.9293553922097177, train_AP=0.890535028619047, distortion=0.45720574259757996, reward=0.4527, epsilon=0.1000, time=0.2998666763305664
INFO - 11/02/25 00:03:58 - 0:14:54 - Epoch 672: val_AUC=0.9671208311472184, val_AP=0.9501306356450465
INFO - 11/02/25 00:03:58 - 0:14:54 - Epoch 673: train_loss=1.0570746660232544, train_AUC=0.9318078608376998, train_AP=0.8939052718167924, distortion=0.4553104639053345, reward=0.4575, epsilon=0.1000, time=0.3097069263458252
INFO - 11/02/25 00:03:58 - 0:14:54 - Epoch 673: val_AUC=0.9660755296592771, val_AP=0.9480452384550137
INFO - 11/02/25 00:03:58 - 0:14:54 - Epoch 674: train_loss=1.0544283390045166, train_AUC=0.9337733327448734, train_AP=0.895725789557853, distortion=0.45556753873825073, reward=0.4592, epsilon=0.1000, time=0.3153378963470459
INFO - 11/02/25 00:03:58 - 0:14:54 - Epoch 674: val_AUC=0.9667905008947585, val_AP=0.9492054105849761
INFO - 11/02/25 00:03:59 - 0:14:55 - Epoch 675: train_loss=1.0600570440292358, train_AUC=0.9312063862822013, train_AP=0.8925858208983558, distortion=0.4573536813259125, reward=0.4545, epsilon=0.1000, time=0.3096437454223633
INFO - 11/02/25 00:03:59 - 0:14:55 - Epoch 675: val_AUC=0.9677313586700814, val_AP=0.9511463925429041
INFO - 11/02/25 00:03:59 - 0:14:55 - Epoch 676: train_loss=1.0585755109786987, train_AUC=0.9314333850484772, train_AP=0.8921472116005909, distortion=0.45594847202301025, reward=0.4558, epsilon=0.1000, time=0.3060004711151123
INFO - 11/02/25 00:03:59 - 0:14:55 - Epoch 676: val_AUC=0.966705937502611, val_AP=0.9493819374044126
INFO - 11/02/25 00:04:00 - 0:14:56 - Epoch 677: train_loss=1.0623151063919067, train_AUC=0.9310690740898708, train_AP=0.8920726578275506, distortion=0.4552428126335144, reward=0.4563, epsilon=0.1000, time=0.314882755279541
INFO - 11/02/25 00:04:00 - 0:14:56 - Epoch 677: val_AUC=0.9667093949496495, val_AP=0.9491475090519584
INFO - 11/02/25 00:04:00 - 0:14:56 - Epoch 678: train_loss=1.060910701751709, train_AUC=0.9308414707073278, train_AP=0.8919410462616902, distortion=0.45869842171669006, reward=0.4527, epsilon=0.1000, time=0.27652430534362793
INFO - 11/02/25 00:04:00 - 0:14:56 - Epoch 678: val_AUC=0.9671646254763714, val_AP=0.9504242180841074
INFO - 11/02/25 00:04:00 - 0:14:56 - Epoch 679: train_loss=1.0612139701843262, train_AUC=0.9307229803739147, train_AP=0.8911677407953164, distortion=0.4548465609550476, reward=0.4561, epsilon=0.1000, time=0.3075416088104248
INFO - 11/02/25 00:04:00 - 0:14:56 - Epoch 679: val_AUC=0.9672110128908032, val_AP=0.9501559115645348
INFO - 11/02/25 00:04:01 - 0:14:57 - Epoch 680: train_loss=1.0571074485778809, train_AUC=0.9306280531277241, train_AP=0.8897553516411644, distortion=0.45344114303588867, reward=0.4568, epsilon=0.1000, time=0.3073692321777344
INFO - 11/02/25 00:04:01 - 0:14:57 - Epoch 680: val_AUC=0.9666131626737476, val_AP=0.9489668543976959
INFO - 11/02/25 00:04:01 - 0:14:57 - Epoch 681: train_loss=1.0581141710281372, train_AUC=0.9310475267225038, train_AP=0.8910683114365501, distortion=0.4559328854084015, reward=0.4551, epsilon=0.1000, time=0.3067202568054199
INFO - 11/02/25 00:04:01 - 0:14:57 - Epoch 681: val_AUC=0.9669364339718374, val_AP=0.9496414778428945
INFO - 11/02/25 00:04:02 - 0:14:58 - Epoch 682: train_loss=1.061585783958435, train_AUC=0.9310621686044906, train_AP=0.8917495669261697, distortion=0.4556083679199219, reward=0.4558, epsilon=0.1000, time=0.26722216606140137
INFO - 11/02/25 00:04:02 - 0:14:58 - Epoch 682: val_AUC=0.9675959419944111, val_AP=0.9503437896263529
INFO - 11/02/25 00:04:02 - 0:14:58 - Epoch 683: train_loss=1.0557643175125122, train_AUC=0.9315999246802651, train_AP=0.8922993129700516, distortion=0.45531681180000305, reward=0.4566, epsilon=0.1000, time=0.31568455696105957
INFO - 11/02/25 00:04:02 - 0:14:58 - Epoch 683: val_AUC=0.9670830873503826, val_AP=0.9500627178871267
INFO - 11/02/25 00:04:02 - 0:14:58 - Epoch 684: train_loss=1.0662717819213867, train_AUC=0.9287210645109467, train_AP=0.8881522154191892, distortion=0.45443764328956604, reward=0.4540, epsilon=0.1000, time=0.3066370487213135
INFO - 11/02/25 00:04:02 - 0:14:59 - Epoch 684: val_AUC=0.9673127194578494, val_AP=0.9497894816164738
INFO - 11/02/25 00:04:03 - 0:14:59 - Epoch 685: train_loss=1.0568782091140747, train_AUC=0.9319365733231396, train_AP=0.8951329584048137, distortion=0.45613324642181396, reward=0.4574, epsilon=0.1000, time=0.3100860118865967
INFO - 11/02/25 00:04:03 - 0:14:59 - Epoch 685: val_AUC=0.9672205208701588, val_AP=0.9500221287433502
INFO - 11/02/25 00:04:03 - 0:14:59 - Epoch 686: train_loss=1.061466097831726, train_AUC=0.9310917065764578, train_AP=0.8934075646084936, distortion=0.45432472229003906, reward=0.4579, epsilon=0.1000, time=0.3061363697052002
INFO - 11/02/25 00:04:03 - 0:14:59 - Epoch 686: val_AUC=0.9673112788549165, val_AP=0.9502413814898247
INFO - 11/02/25 00:04:04 - 0:15:00 - Epoch 687: train_loss=1.0589282512664795, train_AUC=0.9310153315293325, train_AP=0.8921751829996725, distortion=0.453609436750412, reward=0.4580, epsilon=0.1000, time=0.3071599006652832
INFO - 11/02/25 00:04:04 - 0:15:00 - Epoch 687: val_AUC=0.9666376529236029, val_AP=0.9492204354761897
INFO - 11/02/25 00:04:04 - 0:15:00 - Epoch 688: train_loss=1.0565032958984375, train_AUC=0.9317571503305446, train_AP=0.8926248436647177, distortion=0.455278217792511, reward=0.4569, epsilon=0.1000, time=0.31306958198547363
INFO - 11/02/25 00:04:04 - 0:15:00 - Epoch 688: val_AUC=0.9676754632762943, val_AP=0.9509076752535293
INFO - 11/02/25 00:04:04 - 0:15:00 - Epoch 689: train_loss=1.055172324180603, train_AUC=0.931726317393151, train_AP=0.8931117340996586, distortion=0.4540543258190155, reward=0.4584, epsilon=0.1000, time=0.3065211772918701
INFO - 11/02/25 00:04:05 - 0:15:01 - Epoch 689: val_AUC=0.9673242442813105, val_AP=0.9504419451011189
INFO - 11/02/25 00:04:05 - 0:15:01 - Epoch 690: train_loss=1.0579410791397095, train_AUC=0.9312348770169241, train_AP=0.8928506789554274, distortion=0.4534704387187958, reward=0.4586, epsilon=0.1000, time=0.3103146553039551
INFO - 11/02/25 00:04:05 - 0:15:01 - Epoch 690: val_AUC=0.966849709675291, val_AP=0.9496158788040285
INFO - 11/02/25 00:04:05 - 0:15:01 - Epoch 691: train_loss=1.0565775632858276, train_AUC=0.9313888288670034, train_AP=0.8921335580649388, distortion=0.45351800322532654, reward=0.4582, epsilon=0.1000, time=0.3062441349029541
INFO - 11/02/25 00:04:05 - 0:15:01 - Epoch 691: val_AUC=0.9668765048898385, val_AP=0.9495390602594573
INFO - 11/02/25 00:04:06 - 0:15:02 - Epoch 692: train_loss=1.0556154251098633, train_AUC=0.9319061127256897, train_AP=0.8938617878343101, distortion=0.4531785249710083, reward=0.4597, epsilon=0.1000, time=0.3130466938018799
INFO - 11/02/25 00:04:06 - 0:15:02 - Epoch 692: val_AUC=0.9668425066606277, val_AP=0.949714925831323
INFO - 11/02/25 00:04:06 - 0:15:02 - Epoch 693: train_loss=1.054427146911621, train_AUC=0.9319812690697865, train_AP=0.8937304418282142, distortion=0.45302578806877136, reward=0.4598, epsilon=0.1000, time=0.30970239639282227
INFO - 11/02/25 00:04:06 - 0:15:02 - Epoch 693: val_AUC=0.966767019066956, val_AP=0.9493067269902298
INFO - 11/02/25 00:04:06 - 0:15:03 - Epoch 694: train_loss=1.0598626136779785, train_AUC=0.931373708475852, train_AP=0.8923219222610222, distortion=0.4529135823249817, reward=0.4589, epsilon=0.1000, time=0.2710132598876953
INFO - 11/02/25 00:04:07 - 0:15:03 - Epoch 694: val_AUC=0.9663210083990031, val_AP=0.9488389044217418
INFO - 11/02/25 00:04:07 - 0:15:03 - Epoch 695: train_loss=1.0544755458831787, train_AUC=0.9331464877331623, train_AP=0.8943144098572314, distortion=0.4555060863494873, reward=0.4582, epsilon=0.1000, time=0.309520959854126
INFO - 11/02/25 00:04:07 - 0:15:03 - Epoch 695: val_AUC=0.9671879632438805, val_AP=0.9502448526893714
INFO - 11/02/25 00:04:07 - 0:15:03 - Epoch 696: train_loss=1.0568804740905762, train_AUC=0.9305418382374568, train_AP=0.8907559260836954, distortion=0.45431527495384216, reward=0.4563, epsilon=0.1000, time=0.30595993995666504
INFO - 11/02/25 00:04:07 - 0:15:03 - Epoch 696: val_AUC=0.9668358798871373, val_AP=0.9499364514910996
INFO - 11/02/25 00:04:08 - 0:15:04 - Epoch 697: train_loss=1.0550214052200317, train_AUC=0.9323155570674495, train_AP=0.8936053978650562, distortion=0.45252886414527893, reward=0.4604, epsilon=0.1000, time=0.3068416118621826
INFO - 11/02/25 00:04:08 - 0:15:04 - Epoch 697: val_AUC=0.9669390270571161, val_AP=0.9496249129490186
INFO - 11/02/25 00:04:08 - 0:15:04 - Epoch 698: train_loss=1.0560957193374634, train_AUC=0.9322467454558058, train_AP=0.8939829611075609, distortion=0.4550243020057678, reward=0.4581, epsilon=0.1000, time=0.30864858627319336
INFO - 11/02/25 00:04:08 - 0:15:04 - Epoch 698: val_AUC=0.9668064915873109, val_AP=0.9496801472240628
INFO - 11/02/25 00:04:09 - 0:15:05 - Epoch 699: train_loss=1.056083083152771, train_AUC=0.9321871291952734, train_AP=0.8937764802954314, distortion=0.45330092310905457, reward=0.4597, epsilon=0.1000, time=0.3061985969543457
INFO - 11/02/25 00:04:09 - 0:15:05 - Epoch 699: val_AUC=0.9669009951396939, val_AP=0.9494343225897116
INFO - 11/02/25 00:04:09 - 0:15:05 - Epoch 700: train_loss=1.0568833351135254, train_AUC=0.931406222675133, train_AP=0.8931309992425014, distortion=0.4540749490261078, reward=0.4582, epsilon=0.1000, time=0.3090672492980957
INFO - 11/02/25 00:04:09 - 0:15:05 - Epoch 700: val_AUC=0.9667580873287734, val_AP=0.9494306501993888
INFO - 11/02/25 00:04:09 - 0:15:05 - Epoch 701: train_loss=1.059329867362976, train_AUC=0.9319785610069835, train_AP=0.8939580334011279, distortion=0.45577266812324524, reward=0.4572, epsilon=0.1000, time=0.3088529109954834
INFO - 11/02/25 00:04:09 - 0:15:06 - Epoch 701: val_AUC=0.9679117221572512, val_AP=0.9510626860848252
INFO - 11/02/25 00:04:10 - 0:15:06 - Epoch 702: train_loss=1.0544734001159668, train_AUC=0.9315499852706904, train_AP=0.8919547445523497, distortion=0.45509976148605347, reward=0.4567, epsilon=0.1000, time=0.30938124656677246
INFO - 11/02/25 00:04:10 - 0:15:06 - Epoch 702: val_AUC=0.9672562478228889, val_AP=0.9504188013035872
INFO - 11/02/25 00:04:10 - 0:15:06 - Epoch 703: train_loss=1.0539683103561401, train_AUC=0.9319916327807745, train_AP=0.8938837031215214, distortion=0.4525599777698517, reward=0.4604, epsilon=0.1000, time=0.30869340896606445
INFO - 11/02/25 00:04:10 - 0:15:06 - Epoch 703: val_AUC=0.9663166865902053, val_AP=0.9488223897532067
INFO - 11/02/25 00:04:11 - 0:15:07 - Epoch 704: train_loss=1.0529561042785645, train_AUC=0.9324084431729854, train_AP=0.8936673077362548, distortion=0.45167264342308044, reward=0.4614, epsilon=0.1000, time=0.3043828010559082
INFO - 11/02/25 00:04:11 - 0:15:07 - Epoch 704: val_AUC=0.9670145146507876, val_AP=0.9502790734840942
INFO - 11/02/25 00:04:11 - 0:15:07 - Epoch 705: train_loss=1.055606722831726, train_AUC=0.9320123666825617, train_AP=0.8940274587364816, distortion=0.45344042778015137, reward=0.4596, epsilon=0.1000, time=0.26616597175598145
INFO - 11/02/25 00:04:11 - 0:15:07 - Epoch 705: val_AUC=0.9675486902182197, val_AP=0.9513653397983798
INFO - 11/02/25 00:04:11 - 0:15:07 - Epoch 706: train_loss=1.0593149662017822, train_AUC=0.9301597327192955, train_AP=0.8907051588506645, distortion=0.4552064836025238, reward=0.4552, epsilon=0.1000, time=0.3010258674621582
INFO - 11/02/25 00:04:11 - 0:15:08 - Epoch 706: val_AUC=0.9668462522282527, val_AP=0.9502994665290654
INFO - 11/02/25 00:04:12 - 0:15:08 - Epoch 707: train_loss=1.0610688924789429, train_AUC=0.9292008566781473, train_AP=0.8880053459680228, distortion=0.4510730504989624, reward=0.4575, epsilon=0.1000, time=0.3015940189361572
INFO - 11/02/25 00:04:12 - 0:15:08 - Epoch 707: val_AUC=0.9661366112236222, val_AP=0.948754311301675
INFO - 11/02/25 00:04:12 - 0:15:08 - Epoch 708: train_loss=1.0536603927612305, train_AUC=0.9330236534337404, train_AP=0.8956927944315093, distortion=0.45304179191589355, reward=0.4613, epsilon=0.1000, time=0.3028697967529297
INFO - 11/02/25 00:04:12 - 0:15:08 - Epoch 708: val_AUC=0.966907621913184, val_AP=0.950033282214179
INFO - 11/02/25 00:04:13 - 0:15:09 - Epoch 709: train_loss=1.0521411895751953, train_AUC=0.9335743048330511, train_AP=0.8971314619424018, distortion=0.45264989137649536, reward=0.4627, epsilon=0.1000, time=0.311229944229126
INFO - 11/02/25 00:04:13 - 0:15:09 - Epoch 709: val_AUC=0.9675034552861339, val_AP=0.9513058078558579
INFO - 11/02/25 00:04:13 - 0:15:09 - Epoch 710: train_loss=1.0593822002410889, train_AUC=0.9293630658019965, train_AP=0.8889297519098043, distortion=0.45185327529907227, reward=0.4573, epsilon=0.1000, time=0.30335307121276855
INFO - 11/02/25 00:04:13 - 0:15:09 - Epoch 710: val_AUC=0.9666595500881794, val_AP=0.9497103019947962
INFO - 11/02/25 00:04:13 - 0:15:09 - Epoch 711: train_loss=1.0581393241882324, train_AUC=0.9311133586177045, train_AP=0.891871507929956, distortion=0.45596450567245483, reward=0.4555, epsilon=0.1000, time=0.3026425838470459
INFO - 11/02/25 00:04:14 - 0:15:10 - Epoch 711: val_AUC=0.9673637168016656, val_AP=0.9509489122764002
INFO - 11/02/25 00:04:14 - 0:15:10 - Epoch 712: train_loss=1.0559029579162598, train_AUC=0.9308216853502697, train_AP=0.8902941930125219, distortion=0.455461323261261, reward=0.4551, epsilon=0.1000, time=0.3039259910583496
INFO - 11/02/25 00:04:14 - 0:15:10 - Epoch 712: val_AUC=0.9666295855471798, val_AP=0.9503822507201465
INFO - 11/02/25 00:04:14 - 0:15:10 - Epoch 713: train_loss=1.0583844184875488, train_AUC=0.9331947802736958, train_AP=0.8953748944737374, distortion=0.4557865858078003, reward=0.4585, epsilon=0.1000, time=0.30728888511657715
INFO - 11/02/25 00:04:14 - 0:15:10 - Epoch 713: val_AUC=0.9681935040908802, val_AP=0.9519431665197299
INFO - 11/02/25 00:04:15 - 0:15:11 - Epoch 714: train_loss=1.0674099922180176, train_AUC=0.9288082633356836, train_AP=0.8885158376538171, distortion=0.4610101878643036, reward=0.4477, epsilon=0.1000, time=0.3085470199584961
INFO - 11/02/25 00:04:15 - 0:15:11 - Epoch 714: val_AUC=0.966314957866686, val_AP=0.9494269203641734
INFO - 11/02/25 00:04:15 - 0:15:11 - Epoch 715: train_loss=1.0609042644500732, train_AUC=0.9325326447126557, train_AP=0.8942953105507347, distortion=0.4594377279281616, reward=0.4540, epsilon=0.1000, time=0.26483726501464844
INFO - 11/02/25 00:04:15 - 0:15:11 - Epoch 715: val_AUC=0.9667949667638497, val_AP=0.9498775589462646
INFO - 11/02/25 00:04:15 - 0:15:12 - Epoch 716: train_loss=1.0620862245559692, train_AUC=0.9299832106885103, train_AP=0.8905424712778436, distortion=0.453946590423584, reward=0.4563, epsilon=0.1000, time=0.29982781410217285
INFO - 11/02/25 00:04:16 - 0:15:12 - Epoch 716: val_AUC=0.9681381849382659, val_AP=0.9518047109748156
INFO - 11/02/25 00:04:16 - 0:15:12 - Epoch 717: train_loss=1.054990530014038, train_AUC=0.9310229762116824, train_AP=0.8913272916063772, distortion=0.4541195034980774, reward=0.4571, epsilon=0.1000, time=0.3013749122619629
INFO - 11/02/25 00:04:16 - 0:15:12 - Epoch 717: val_AUC=0.9679802948568458, val_AP=0.9515698859755339
INFO - 11/02/25 00:04:16 - 0:15:12 - Epoch 718: train_loss=1.0514836311340332, train_AUC=0.9343580385448383, train_AP=0.8987964229566365, distortion=0.45565101504325867, reward=0.4609, epsilon=0.1000, time=0.3029327392578125
INFO - 11/02/25 00:04:16 - 0:15:12 - Epoch 718: val_AUC=0.9678347939606469, val_AP=0.9511530347197625
INFO - 11/02/25 00:04:17 - 0:15:13 - Epoch 719: train_loss=1.0584897994995117, train_AUC=0.9309835769633502, train_AP=0.8929655188031993, distortion=0.4537030756473541, reward=0.4583, epsilon=0.1000, time=0.30168771743774414
INFO - 11/02/25 00:04:17 - 0:15:13 - Epoch 719: val_AUC=0.9677133511334232, val_AP=0.9514432823783437
INFO - 11/02/25 00:04:17 - 0:15:13 - Epoch 720: train_loss=1.058307409286499, train_AUC=0.9302463837507284, train_AP=0.8899621217572279, distortion=0.4516275227069855, reward=0.4585, epsilon=0.1000, time=0.30318117141723633
INFO - 11/02/25 00:04:17 - 0:15:13 - Epoch 720: val_AUC=0.9674611015599137, val_AP=0.9509181098771357
INFO - 11/02/25 00:04:17 - 0:15:14 - Epoch 721: train_loss=1.0562233924865723, train_AUC=0.9305960408646188, train_AP=0.8892606786421364, distortion=0.45272329449653625, reward=0.4572, epsilon=0.1000, time=0.30225634574890137
INFO - 11/02/25 00:04:18 - 0:15:14 - Epoch 721: val_AUC=0.9676823781703708, val_AP=0.951412591811629
INFO - 11/02/25 00:04:18 - 0:15:14 - Epoch 722: train_loss=1.0530222654342651, train_AUC=0.9316759976684801, train_AP=0.8921111466873697, distortion=0.45181989669799805, reward=0.4601, epsilon=0.1000, time=0.30182719230651855
INFO - 11/02/25 00:04:18 - 0:15:14 - Epoch 722: val_AUC=0.9679912434391341, val_AP=0.9520172177870415
INFO - 11/02/25 00:04:18 - 0:15:14 - Epoch 723: train_loss=1.0536854267120361, train_AUC=0.931724425288163, train_AP=0.8927939401262341, distortion=0.4520055949687958, reward=0.4603, epsilon=0.1000, time=0.30214715003967285
INFO - 11/02/25 00:04:18 - 0:15:14 - Epoch 723: val_AUC=0.9674031893220205, val_AP=0.9508592475149498
INFO - 11/02/25 00:04:19 - 0:15:15 - Epoch 724: train_loss=1.0567797422409058, train_AUC=0.9315028072577528, train_AP=0.8923236358360949, distortion=0.45277151465415955, reward=0.4591, epsilon=0.1000, time=0.3011667728424072
INFO - 11/02/25 00:04:19 - 0:15:15 - Epoch 724: val_AUC=0.9675509951829118, val_AP=0.9507817718135887
INFO - 11/02/25 00:04:19 - 0:15:15 - Epoch 725: train_loss=1.053187370300293, train_AUC=0.9323450073127366, train_AP=0.895735334527591, distortion=0.45287805795669556, reward=0.4612, epsilon=0.1000, time=0.30051326751708984
INFO - 11/02/25 00:04:19 - 0:15:15 - Epoch 725: val_AUC=0.9674966844523505, val_AP=0.9513279270443028
INFO - 11/02/25 00:04:20 - 0:15:16 - Epoch 726: train_loss=1.0549452304840088, train_AUC=0.9315481943504528, train_AP=0.8927058661819793, distortion=0.4520810544490814, reward=0.4600, epsilon=0.1000, time=0.3011183738708496
INFO - 11/02/25 00:04:20 - 0:15:16 - Epoch 726: val_AUC=0.9682802283874266, val_AP=0.9522413318318588
INFO - 11/02/25 00:04:20 - 0:15:16 - Epoch 727: train_loss=1.0569987297058105, train_AUC=0.9304439292810349, train_AP=0.8907525116254592, distortion=0.4540436863899231, reward=0.4566, epsilon=0.1000, time=0.30130648612976074
INFO - 11/02/25 00:04:20 - 0:15:16 - Epoch 727: val_AUC=0.9666313142706991, val_AP=0.9501923773160942
INFO - 11/02/25 00:04:20 - 0:15:16 - Epoch 728: train_loss=1.0592029094696045, train_AUC=0.9328674137117183, train_AP=0.8956073838392854, distortion=0.45694902539253235, reward=0.4573, epsilon=0.1000, time=0.2999143600463867
INFO - 11/02/25 00:04:20 - 0:15:16 - Epoch 728: val_AUC=0.9676846831350632, val_AP=0.9512275375251167
INFO - 11/02/25 00:04:21 - 0:15:17 - Epoch 729: train_loss=1.0624783039093018, train_AUC=0.930541389635115, train_AP=0.8915582541079348, distortion=0.4586164355278015, reward=0.4524, epsilon=0.1000, time=0.30411362648010254
INFO - 11/02/25 00:04:21 - 0:15:17 - Epoch 729: val_AUC=0.9678287434283296, val_AP=0.9518721388913154
INFO - 11/02/25 00:04:21 - 0:15:17 - Epoch 730: train_loss=1.0535013675689697, train_AUC=0.9323648903654158, train_AP=0.893169455839109, distortion=0.4533640146255493, reward=0.4594, epsilon=0.1000, time=0.30159449577331543
INFO - 11/02/25 00:04:21 - 0:15:17 - Epoch 730: val_AUC=0.9678200998107336, val_AP=0.9519762882711398
INFO - 11/02/25 00:04:22 - 0:15:18 - Epoch 731: train_loss=1.0530734062194824, train_AUC=0.9328183849648976, train_AP=0.8952169610519942, distortion=0.45519405603408813, reward=0.4588, epsilon=0.1000, time=0.30033159255981445
INFO - 11/02/25 00:04:22 - 0:15:18 - Epoch 731: val_AUC=0.9682528569317059, val_AP=0.9521352261279485
INFO - 11/02/25 00:04:22 - 0:15:18 - Epoch 732: train_loss=1.0544037818908691, train_AUC=0.9323787646389512, train_AP=0.893692058301496, distortion=0.45616617798805237, reward=0.4569, epsilon=0.1000, time=0.3076190948486328
INFO - 11/02/25 00:04:22 - 0:15:18 - Epoch 732: val_AUC=0.9666025022120459, val_AP=0.9507991012637181
INFO - 11/02/25 00:04:22 - 0:15:18 - Epoch 733: train_loss=1.0596526861190796, train_AUC=0.9322040744010612, train_AP=0.8940179193957609, distortion=0.45435985922813416, reward=0.4588, epsilon=0.1000, time=0.3033442497253418
INFO - 11/02/25 00:04:22 - 0:15:19 - Epoch 733: val_AUC=0.9664005296808863, val_AP=0.948987890968024
INFO - 11/02/25 00:04:23 - 0:15:19 - Epoch 734: train_loss=1.0548715591430664, train_AUC=0.9347400049962736, train_AP=0.898531917046335, distortion=0.45995888113975525, reward=0.4567, epsilon=0.1000, time=0.30224132537841797
INFO - 11/02/25 00:04:23 - 0:15:19 - Epoch 734: val_AUC=0.9685743995062766, val_AP=0.9532345786260225
INFO - 11/02/25 00:04:23 - 0:15:19 - Epoch 735: train_loss=1.0723103284835815, train_AUC=0.9306148642188775, train_AP=0.8913208010959133, distortion=0.4648738205432892, reward=0.4461, epsilon=0.1000, time=0.2999093532562256
INFO - 11/02/25 00:04:23 - 0:15:19 - Epoch 735: val_AUC=0.9685706539386516, val_AP=0.9528572251307601
INFO - 11/02/25 00:04:24 - 0:15:20 - Epoch 736: train_loss=1.0654959678649902, train_AUC=0.9304196259999487, train_AP=0.8906637908739684, distortion=0.45704758167266846, reward=0.4535, epsilon=0.1000, time=0.3008742332458496
INFO - 11/02/25 00:04:24 - 0:15:20 - Epoch 736: val_AUC=0.9658225597843014, val_AP=0.9480411049463624
INFO - 11/02/25 00:04:24 - 0:15:20 - Epoch 737: train_loss=1.0686757564544678, train_AUC=0.9314485089287577, train_AP=0.8916780858827849, distortion=0.4643000066280365, reward=0.4473, epsilon=0.1000, time=0.2578012943267822
INFO - 11/02/25 00:04:24 - 0:15:20 - Epoch 737: val_AUC=0.966541996888874, val_AP=0.9499140455348761
INFO - 11/02/25 00:04:24 - 0:15:20 - Epoch 738: train_loss=1.059229850769043, train_AUC=0.9329747443142106, train_AP=0.894771929203547, distortion=0.46005091071128845, reward=0.4538, epsilon=0.1000, time=0.30225181579589844
INFO - 11/02/25 00:04:24 - 0:15:21 - Epoch 738: val_AUC=0.9662544525435142, val_AP=0.9491971544315256
INFO - 11/02/25 00:04:25 - 0:15:21 - Epoch 739: train_loss=1.0636417865753174, train_AUC=0.9333994934725289, train_AP=0.8957345474961964, distortion=0.4643748700618744, reward=0.4502, epsilon=0.1000, time=0.3013131618499756
INFO - 11/02/25 00:04:25 - 0:15:21 - Epoch 739: val_AUC=0.9670326662477392, val_AP=0.9512782606477226
INFO - 11/02/25 00:04:25 - 0:15:21 - Epoch 740: train_loss=1.063889980316162, train_AUC=0.9316402460556331, train_AP=0.8910744348570488, distortion=0.46128222346305847, reward=0.4501, epsilon=0.1000, time=0.30079174041748047
INFO - 11/02/25 00:04:25 - 0:15:21 - Epoch 740: val_AUC=0.9649708753305103, val_AP=0.9470580834623314
INFO - 11/02/25 00:04:26 - 0:15:22 - Epoch 741: train_loss=1.0717347860336304, train_AUC=0.9301762691985055, train_AP=0.8902831422945824, distortion=0.4631151258945465, reward=0.4471, epsilon=0.1000, time=0.3007988929748535
INFO - 11/02/25 00:04:26 - 0:15:22 - Epoch 741: val_AUC=0.9678927061985398, val_AP=0.952309330201061
INFO - 11/02/25 00:04:26 - 0:15:22 - Epoch 742: train_loss=1.0628223419189453, train_AUC=0.9311659612298476, train_AP=0.8909270059419783, distortion=0.4584641456604004, reward=0.4526, epsilon=0.1000, time=0.3026454448699951
INFO - 11/02/25 00:04:26 - 0:15:22 - Epoch 742: val_AUC=0.9682681273227921, val_AP=0.9523199752863124
INFO - 11/02/25 00:04:26 - 0:15:22 - Epoch 743: train_loss=1.065002202987671, train_AUC=0.931218661039165, train_AP=0.8917825077277979, distortion=0.4657370448112488, reward=0.4458, epsilon=0.1000, time=0.30308032035827637
INFO - 11/02/25 00:04:26 - 0:15:23 - Epoch 743: val_AUC=0.9666483133853044, val_AP=0.9504175485598787
INFO - 11/02/25 00:04:27 - 0:15:23 - Epoch 744: train_loss=1.069549560546875, train_AUC=0.9301947202128205, train_AP=0.8889788688086793, distortion=0.4621666967868805, reward=0.4474, epsilon=0.1000, time=0.30213141441345215
INFO - 11/02/25 00:04:27 - 0:15:23 - Epoch 744: val_AUC=0.9634354807248768, val_AP=0.9444580002532
INFO - 11/02/25 00:04:27 - 0:15:23 - Epoch 745: train_loss=1.0757958889007568, train_AUC=0.9304850347136068, train_AP=0.8904186129212173, distortion=0.4671148657798767, reward=0.4433, epsilon=0.1000, time=0.30853772163391113
INFO - 11/02/25 00:04:27 - 0:15:23 - Epoch 745: val_AUC=0.9683813587132997, val_AP=0.9531105315526892
INFO - 11/02/25 00:04:28 - 0:15:24 - Epoch 746: train_loss=1.0637462139129639, train_AUC=0.9321021419800812, train_AP=0.8925422784250272, distortion=0.4600158929824829, reward=0.4523, epsilon=0.1000, time=0.2637660503387451
INFO - 11/02/25 00:04:28 - 0:15:24 - Epoch 746: val_AUC=0.9684689473716056, val_AP=0.9523099590533958
INFO - 11/02/25 00:04:28 - 0:15:24 - Epoch 747: train_loss=1.069901943206787, train_AUC=0.93105001148103, train_AP=0.8923217060640236, distortion=0.46697455644607544, reward=0.4447, epsilon=0.1000, time=0.30248093605041504
INFO - 11/02/25 00:04:28 - 0:15:24 - Epoch 747: val_AUC=0.9676895811850343, val_AP=0.9518698965271009
INFO - 11/02/25 00:04:28 - 0:15:24 - Epoch 748: train_loss=1.0601989030838013, train_AUC=0.9326821942784213, train_AP=0.894376568806624, distortion=0.4604540169239044, reward=0.4531, epsilon=0.1000, time=0.3029036521911621
INFO - 11/02/25 00:04:28 - 0:15:25 - Epoch 748: val_AUC=0.9659210970248957, val_AP=0.9479869023659617
INFO - 11/02/25 00:04:29 - 0:15:25 - Epoch 749: train_loss=1.0617895126342773, train_AUC=0.9297515110681402, train_AP=0.8893282759040871, distortion=0.45705553889274597, reward=0.4525, epsilon=0.1000, time=0.30234813690185547
INFO - 11/02/25 00:04:29 - 0:15:25 - Epoch 749: val_AUC=0.9658130518049459, val_AP=0.9479183255646102
INFO - 11/02/25 00:04:29 - 0:15:25 - Epoch 750: train_loss=1.055916666984558, train_AUC=0.9329786037896906, train_AP=0.8950554606366274, distortion=0.45526206493377686, reward=0.4588, epsilon=0.1000, time=0.30768418312072754
INFO - 11/02/25 00:04:29 - 0:15:25 - Epoch 750: val_AUC=0.9673153125431282, val_AP=0.9516046770489788
INFO - 11/02/25 00:04:30 - 0:15:26 - Epoch 751: train_loss=1.0592079162597656, train_AUC=0.931829474996971, train_AP=0.8927273149532815, distortion=0.45591068267822266, reward=0.4564, epsilon=0.1000, time=0.30121374130249023
INFO - 11/02/25 00:04:30 - 0:15:26 - Epoch 751: val_AUC=0.9673156006637146, val_AP=0.9507193655493014
INFO - 11/02/25 00:04:30 - 0:15:26 - Epoch 752: train_loss=1.05753755569458, train_AUC=0.9324918308716058, train_AP=0.8953643458820013, distortion=0.45842859148979187, reward=0.4555, epsilon=0.1000, time=0.3008449077606201
INFO - 11/02/25 00:04:30 - 0:15:26 - Epoch 752: val_AUC=0.9674798293980383, val_AP=0.9510755808556932
INFO - 11/02/25 00:04:30 - 0:15:26 - Epoch 753: train_loss=1.0569188594818115, train_AUC=0.9318132854369054, train_AP=0.8937049478589216, distortion=0.4565781056880951, reward=0.4562, epsilon=0.1000, time=0.2998473644256592
INFO - 11/02/25 00:04:31 - 0:15:27 - Epoch 753: val_AUC=0.9674683045745769, val_AP=0.9516940200369048
INFO - 11/02/25 00:04:31 - 0:15:27 - Epoch 754: train_loss=1.0569026470184326, train_AUC=0.9312108174764434, train_AP=0.8904863613704399, distortion=0.4531293511390686, reward=0.4577, epsilon=0.1000, time=0.30975866317749023
INFO - 11/02/25 00:04:31 - 0:15:27 - Epoch 754: val_AUC=0.9672176396642934, val_AP=0.9506062384509206
INFO - 11/02/25 00:04:31 - 0:15:27 - Epoch 755: train_loss=1.0578162670135498, train_AUC=0.9314403702853847, train_AP=0.8923129933768459, distortion=0.45392662286758423, reward=0.4580, epsilon=0.1000, time=0.26088857650756836
INFO - 11/02/25 00:04:31 - 0:15:27 - Epoch 755: val_AUC=0.9664299179807126, val_AP=0.948914964650266
INFO - 11/02/25 00:04:32 - 0:15:28 - Epoch 756: train_loss=1.057108759880066, train_AUC=0.9307807563679521, train_AP=0.8911752920805709, distortion=0.4562244415283203, reward=0.4548, epsilon=0.1000, time=0.3007960319519043
INFO - 11/02/25 00:04:32 - 0:15:28 - Epoch 756: val_AUC=0.9672265714024759, val_AP=0.9505471372029469
INFO - 11/02/25 00:04:32 - 0:15:28 - Epoch 757: train_loss=1.0588417053222656, train_AUC=0.9311149052988892, train_AP=0.8916652661211313, distortion=0.45615464448928833, reward=0.4552, epsilon=0.1000, time=0.3012363910675049
INFO - 11/02/25 00:04:32 - 0:15:28 - Epoch 757: val_AUC=0.9681681494792653, val_AP=0.9522066283698526
INFO - 11/02/25 00:04:32 - 0:15:28 - Epoch 758: train_loss=1.058542251586914, train_AUC=0.930542367089773, train_AP=0.89101170433712, distortion=0.45451200008392334, reward=0.4563, epsilon=0.1000, time=0.30000758171081543
INFO - 11/02/25 00:04:33 - 0:15:29 - Epoch 758: val_AUC=0.9686107027001797, val_AP=0.9527244270076805
INFO - 11/02/25 00:04:33 - 0:15:29 - Epoch 759: train_loss=1.0566703081130981, train_AUC=0.9302294933741155, train_AP=0.8896938466913857, distortion=0.453745573759079, reward=0.4562, epsilon=0.1000, time=0.3129279613494873
INFO - 11/02/25 00:04:33 - 0:15:29 - Epoch 759: val_AUC=0.967183929555669, val_AP=0.9506445352426712
INFO - 11/02/25 00:04:33 - 0:15:29 - Epoch 760: train_loss=1.055017113685608, train_AUC=0.9313733246716263, train_AP=0.8926635180646274, distortion=0.4508134424686432, reward=0.4612, epsilon=0.1000, time=0.3035311698913574
INFO - 11/02/25 00:04:33 - 0:15:29 - Epoch 760: val_AUC=0.9662432158406393, val_AP=0.9491378239141001
INFO - 11/02/25 00:04:34 - 0:15:30 - Epoch 761: train_loss=1.0510319471359253, train_AUC=0.9329667611863162, train_AP=0.893571057549434, distortion=0.45075103640556335, reward=0.4625, epsilon=0.1000, time=0.30124974250793457
INFO - 11/02/25 00:04:34 - 0:15:30 - Epoch 761: val_AUC=0.9672202327495723, val_AP=0.9505411642942746
INFO - 11/02/25 00:04:34 - 0:15:30 - Epoch 762: train_loss=1.0523254871368408, train_AUC=0.93300908133434, train_AP=0.8946679493767369, distortion=0.45293939113616943, reward=0.4609, epsilon=0.1000, time=0.30107545852661133
INFO - 11/02/25 00:04:34 - 0:15:30 - Epoch 762: val_AUC=0.9682897363667822, val_AP=0.9522792439682722
INFO - 11/02/25 00:04:34 - 0:15:31 - Epoch 763: train_loss=1.0572503805160522, train_AUC=0.9309476708319189, train_AP=0.8921305311234387, distortion=0.45393672585487366, reward=0.4576, epsilon=0.1000, time=0.29965972900390625
INFO - 11/02/25 00:04:35 - 0:15:31 - Epoch 763: val_AUC=0.968045698229989, val_AP=0.9517632319233599
INFO - 11/02/25 00:04:35 - 0:15:31 - Epoch 764: train_loss=1.0549776554107666, train_AUC=0.9314058403662483, train_AP=0.8925686240738295, distortion=0.45290619134902954, reward=0.4591, epsilon=0.1000, time=0.31282734870910645
INFO - 11/02/25 00:04:35 - 0:15:31 - Epoch 764: val_AUC=0.9672285882465815, val_AP=0.9504507739465591
INFO - 11/02/25 00:04:35 - 0:15:31 - Epoch 765: train_loss=1.0566960573196411, train_AUC=0.9301930230006276, train_AP=0.890442623845775, distortion=0.4526325762271881, reward=0.4577, epsilon=0.1000, time=0.30195140838623047
INFO - 11/02/25 00:04:35 - 0:15:31 - Epoch 765: val_AUC=0.9674005962367417, val_AP=0.9506623965732048
INFO - 11/02/25 00:04:36 - 0:15:32 - Epoch 766: train_loss=1.0533616542816162, train_AUC=0.9316197010652761, train_AP=0.893320360615369, distortion=0.4505736231803894, reward=0.4619, epsilon=0.1000, time=0.3012278079986572
INFO - 11/02/25 00:04:36 - 0:15:32 - Epoch 766: val_AUC=0.9677302061877353, val_AP=0.9512525581604963
INFO - 11/02/25 00:04:36 - 0:15:32 - Epoch 767: train_loss=1.0532329082489014, train_AUC=0.9310503304871397, train_AP=0.8910700107053466, distortion=0.44983214139938354, reward=0.4612, epsilon=0.1000, time=0.3094608783721924
INFO - 11/02/25 00:04:36 - 0:15:32 - Epoch 767: val_AUC=0.9673423958782621, val_AP=0.9507267291461788
INFO - 11/02/25 00:04:37 - 0:15:33 - Epoch 768: train_loss=1.0503016710281372, train_AUC=0.9321245227509096, train_AP=0.8936258499950019, distortion=0.4500703513622284, reward=0.4628, epsilon=0.1000, time=0.3110086917877197
INFO - 11/02/25 00:04:37 - 0:15:33 - Epoch 768: val_AUC=0.9673706316957423, val_AP=0.9507805495051803
INFO - 11/02/25 00:04:37 - 0:15:33 - Epoch 769: train_loss=1.0511929988861084, train_AUC=0.931265884909231, train_AP=0.8911187441081889, distortion=0.4512445628643036, reward=0.4599, epsilon=0.1000, time=0.3180508613586426
INFO - 11/02/25 00:04:37 - 0:15:33 - Epoch 769: val_AUC=0.9678128967960702, val_AP=0.9516334336356774
INFO - 11/02/25 00:04:37 - 0:15:33 - Epoch 770: train_loss=1.0520637035369873, train_AUC=0.9313339852369394, train_AP=0.8924948713457557, distortion=0.45023101568222046, reward=0.4617, epsilon=0.1000, time=0.3014187812805176
INFO - 11/02/25 00:04:37 - 0:15:34 - Epoch 770: val_AUC=0.9673910882573862, val_AP=0.9513430321029892
INFO - 11/02/25 00:04:38 - 0:15:34 - Epoch 771: train_loss=1.0547505617141724, train_AUC=0.9304840712154662, train_AP=0.8921113444317834, distortion=0.449413925409317, reward=0.4619, epsilon=0.1000, time=0.3024265766143799
INFO - 11/02/25 00:04:38 - 0:15:34 - Epoch 771: val_AUC=0.9669589073775868, val_AP=0.9506895666345769
INFO - 11/02/25 00:04:38 - 0:15:34 - Epoch 772: train_loss=1.0519388914108276, train_AUC=0.931339549899765, train_AP=0.8916170439016382, distortion=0.44962093234062195, reward=0.4619, epsilon=0.1000, time=0.3005101680755615
INFO - 11/02/25 00:04:38 - 0:15:34 - Epoch 772: val_AUC=0.9675714517445557, val_AP=0.9516662092405583
INFO - 11/02/25 00:04:39 - 0:15:35 - Epoch 773: train_loss=1.0509259700775146, train_AUC=0.9320976081057475, train_AP=0.894058271769042, distortion=0.44987615942955017, reward=0.4632, epsilon=0.1000, time=0.30295228958129883
INFO - 11/02/25 00:04:39 - 0:15:35 - Epoch 773: val_AUC=0.968082001423892, val_AP=0.9524444947389883
INFO - 11/02/25 00:04:39 - 0:15:35 - Epoch 774: train_loss=1.0481417179107666, train_AUC=0.9321831271639381, train_AP=0.893897682320959, distortion=0.44969165325164795, reward=0.4633, epsilon=0.1000, time=0.30382823944091797
INFO - 11/02/25 00:04:39 - 0:15:35 - Epoch 774: val_AUC=0.9677872540638689, val_AP=0.9518160828215814
INFO - 11/02/25 00:04:39 - 0:15:35 - Epoch 775: train_loss=1.0506629943847656, train_AUC=0.9323259068219202, train_AP=0.8937044004445975, distortion=0.4493367671966553, reward=0.4637, epsilon=0.1000, time=0.2592957019805908
INFO - 11/02/25 00:04:39 - 0:15:36 - Epoch 775: val_AUC=0.9673317354165606, val_AP=0.950902605355128
INFO - 11/02/25 00:04:40 - 0:15:36 - Epoch 776: train_loss=1.047123670578003, train_AUC=0.9334357380495047, train_AP=0.8960932240011477, distortion=0.4509575366973877, reward=0.4638, epsilon=0.1000, time=0.30182909965515137
INFO - 11/02/25 00:04:40 - 0:15:36 - Epoch 776: val_AUC=0.9676599047646213, val_AP=0.9516216002875452
INFO - 11/02/25 00:04:40 - 0:15:36 - Epoch 777: train_loss=1.04446542263031, train_AUC=0.933987727280688, train_AP=0.8962441175805129, distortion=0.44931432604789734, reward=0.4658, epsilon=0.1000, time=0.30353307723999023
INFO - 11/02/25 00:04:40 - 0:15:36 - Epoch 777: val_AUC=0.9677924402344266, val_AP=0.9518937404238954
INFO - 11/02/25 00:04:41 - 0:15:37 - Epoch 778: train_loss=1.0530623197555542, train_AUC=0.9307376601378771, train_AP=0.8911658376599944, distortion=0.44953447580337524, reward=0.4614, epsilon=0.1000, time=0.30718183517456055
INFO - 11/02/25 00:04:41 - 0:15:37 - Epoch 778: val_AUC=0.9676204322442664, val_AP=0.9515881259009639
INFO - 11/02/25 00:04:41 - 0:15:37 - Epoch 779: train_loss=1.050490379333496, train_AUC=0.9317554934925624, train_AP=0.8925220229681019, distortion=0.45080286264419556, reward=0.4613, epsilon=0.1000, time=0.2646915912628174
INFO - 11/02/25 00:04:41 - 0:15:37 - Epoch 779: val_AUC=0.9674325776218469, val_AP=0.9514922176234106
INFO - 11/02/25 00:04:41 - 0:15:37 - Epoch 780: train_loss=1.049575686454773, train_AUC=0.9323256615859733, train_AP=0.8947190108510077, distortion=0.44865134358406067, reward=0.4649, epsilon=0.1000, time=0.30011940002441406
INFO - 11/02/25 00:04:41 - 0:15:38 - Epoch 780: val_AUC=0.967177879023352, val_AP=0.9512513603997036
INFO - 11/02/25 00:04:42 - 0:15:38 - Epoch 781: train_loss=1.0510375499725342, train_AUC=0.9311810576955407, train_AP=0.8923668140815063, distortion=0.4474022686481476, reward=0.4644, epsilon=0.1000, time=0.3030893802642822
INFO - 11/02/25 00:04:42 - 0:15:38 - Epoch 781: val_AUC=0.9676769038792269, val_AP=0.9517523067503392
INFO - 11/02/25 00:04:42 - 0:15:38 - Epoch 782: train_loss=1.0479099750518799, train_AUC=0.9327603462892667, train_AP=0.894078922232723, distortion=0.4494214653968811, reward=0.4640, epsilon=0.1000, time=0.30052685737609863
INFO - 11/02/25 00:04:42 - 0:15:38 - Epoch 782: val_AUC=0.967859860451675, val_AP=0.9520001106212647
INFO - 11/02/25 00:04:43 - 0:15:39 - Epoch 783: train_loss=1.0457184314727783, train_AUC=0.9332270881158996, train_AP=0.895002494646238, distortion=0.449824720621109, reward=0.4643, epsilon=0.1000, time=0.307903528213501
INFO - 11/02/25 00:04:43 - 0:15:39 - Epoch 783: val_AUC=0.9677270368612834, val_AP=0.9519379011095722
INFO - 11/02/25 00:04:43 - 0:15:39 - Epoch 784: train_loss=1.0495344400405884, train_AUC=0.9320200926117802, train_AP=0.8922554237685014, distortion=0.448830246925354, reward=0.4633, epsilon=0.1000, time=0.26570916175842285
INFO - 11/02/25 00:04:43 - 0:15:39 - Epoch 784: val_AUC=0.9677633400551865, val_AP=0.9517760189254318
INFO - 11/02/25 00:04:43 - 0:15:39 - Epoch 785: train_loss=1.0557917356491089, train_AUC=0.9300478433201173, train_AP=0.8897344757674631, distortion=0.44999587535858154, reward=0.4599, epsilon=0.1000, time=0.2998178005218506
INFO - 11/02/25 00:04:43 - 0:15:40 - Epoch 785: val_AUC=0.9678031006961281, val_AP=0.9520392310823367
INFO - 11/02/25 00:04:44 - 0:15:40 - Epoch 786: train_loss=1.0508991479873657, train_AUC=0.9314114404188142, train_AP=0.8920113127324996, distortion=0.4481203854084015, reward=0.4636, epsilon=0.1000, time=0.301938533782959
INFO - 11/02/25 00:04:44 - 0:15:40 - Epoch 786: val_AUC=0.9680638498269403, val_AP=0.952297507065536
INFO - 11/02/25 00:04:44 - 0:15:40 - Epoch 787: train_loss=1.0517629384994507, train_AUC=0.9311418653027327, train_AP=0.8936924645232672, distortion=0.44863173365592957, reward=0.4638, epsilon=0.1000, time=0.3037288188934326
INFO - 11/02/25 00:04:44 - 0:15:40 - Epoch 787: val_AUC=0.9677371210818121, val_AP=0.9516996376901802
INFO - 11/02/25 00:04:45 - 0:15:41 - Epoch 788: train_loss=1.0503251552581787, train_AUC=0.9319413962967602, train_AP=0.8928384327635017, distortion=0.4499480426311493, reward=0.4624, epsilon=0.1000, time=0.30751919746398926
INFO - 11/02/25 00:04:45 - 0:15:41 - Epoch 788: val_AUC=0.9676725820704288, val_AP=0.9516977745715005
INFO - 11/02/25 00:04:45 - 0:15:41 - Epoch 789: train_loss=1.0444060564041138, train_AUC=0.9331575258430039, train_AP=0.8946758324971544, distortion=0.44839391112327576, reward=0.4655, epsilon=0.1000, time=0.3044595718383789
INFO - 11/02/25 00:04:45 - 0:15:41 - Epoch 789: val_AUC=0.9673265492460029, val_AP=0.9511584026726108
INFO - 11/02/25 00:04:45 - 0:15:41 - Epoch 790: train_loss=1.0494002103805542, train_AUC=0.9323405546852714, train_AP=0.8912301378824171, distortion=0.4479513466358185, reward=0.4638, epsilon=0.1000, time=0.30234599113464355
INFO - 11/02/25 00:04:45 - 0:15:42 - Epoch 790: val_AUC=0.9677604588493212, val_AP=0.9519549245687772
INFO - 11/02/25 00:04:46 - 0:15:42 - Epoch 791: train_loss=1.0524718761444092, train_AUC=0.9312407871035527, train_AP=0.8924927305799808, distortion=0.44962167739868164, reward=0.4622, epsilon=0.1000, time=0.3015098571777344
INFO - 11/02/25 00:04:46 - 0:15:42 - Epoch 791: val_AUC=0.9680719172033632, val_AP=0.9526610674112709
INFO - 11/02/25 00:04:46 - 0:15:42 - Epoch 792: train_loss=1.049389362335205, train_AUC=0.9325416451709717, train_AP=0.8934356580552063, distortion=0.4490441083908081, reward=0.4639, epsilon=0.1000, time=0.26412153244018555
INFO - 11/02/25 00:04:46 - 0:15:42 - Epoch 792: val_AUC=0.9674680164539903, val_AP=0.9513921479327949
INFO - 11/02/25 00:04:47 - 0:15:43 - Epoch 793: train_loss=1.0443077087402344, train_AUC=0.9327053222213723, train_AP=0.8930201331872646, distortion=0.44848087430000305, reward=0.4644, epsilon=0.1000, time=0.30003786087036133
INFO - 11/02/25 00:04:47 - 0:15:43 - Epoch 793: val_AUC=0.967301194634388, val_AP=0.9514512724256853
INFO - 11/02/25 00:04:47 - 0:15:43 - Epoch 794: train_loss=1.0481257438659668, train_AUC=0.9332294891353218, train_AP=0.89445733733872, distortion=0.44884029030799866, reward=0.4650, epsilon=0.1000, time=0.304201602935791
INFO - 11/02/25 00:04:47 - 0:15:43 - Epoch 794: val_AUC=0.9682831095932918, val_AP=0.9524815199075072
INFO - 11/02/25 00:04:47 - 0:15:43 - Epoch 795: train_loss=1.0475648641586304, train_AUC=0.9327562904256506, train_AP=0.8941566099646193, distortion=0.44879022240638733, reward=0.4647, epsilon=0.1000, time=0.30260133743286133
INFO - 11/02/25 00:04:47 - 0:15:44 - Epoch 795: val_AUC=0.9675344282491863, val_AP=0.951385351479671
INFO - 11/02/25 00:04:48 - 0:15:44 - Epoch 796: train_loss=1.0455131530761719, train_AUC=0.9340710073147462, train_AP=0.8969816455417298, distortion=0.4476749002933502, reward=0.4679, epsilon=0.1000, time=0.26541924476623535
INFO - 11/02/25 00:04:48 - 0:15:44 - Epoch 796: val_AUC=0.9677486459052734, val_AP=0.95137436451976
INFO - 11/02/25 00:04:48 - 0:15:44 - Epoch 797: train_loss=1.047534465789795, train_AUC=0.9321847466183917, train_AP=0.8916520024105713, distortion=0.45079144835472107, reward=0.4611, epsilon=0.1000, time=0.3027615547180176
INFO - 11/02/25 00:04:48 - 0:15:44 - Epoch 797: val_AUC=0.9682666867198595, val_AP=0.952710655128399
INFO - 11/02/25 00:04:49 - 0:15:45 - Epoch 798: train_loss=1.0461246967315674, train_AUC=0.9343679755851545, train_AP=0.8967377426317176, distortion=0.4481329917907715, reward=0.4674, epsilon=0.1000, time=0.26006579399108887
INFO - 11/02/25 00:04:49 - 0:15:45 - Epoch 798: val_AUC=0.967859860451675, val_AP=0.9517877814531972
INFO - 11/02/25 00:04:49 - 0:15:45 - Epoch 799: train_loss=1.0425034761428833, train_AUC=0.9343753705455343, train_AP=0.8969616826590673, distortion=0.4489043653011322, reward=0.4668, epsilon=0.1000, time=0.31853556632995605
INFO - 11/02/25 00:04:49 - 0:15:45 - Epoch 799: val_AUC=0.9674570678717023, val_AP=0.9510899249966562
INFO - 11/02/25 00:04:49 - 0:15:45 - Epoch 800: train_loss=1.0519273281097412, train_AUC=0.9302246669113656, train_AP=0.8899731712897218, distortion=0.44946616888046265, reward=0.4606, epsilon=0.1000, time=0.26712870597839355
INFO - 11/02/25 00:04:49 - 0:15:45 - Epoch 800: val_AUC=0.9674383400335774, val_AP=0.9514168281703262
INFO - 11/02/25 00:04:50 - 0:15:46 - Epoch 801: train_loss=1.0513254404067993, train_AUC=0.9313448434073974, train_AP=0.891182655436253, distortion=0.4477836489677429, reward=0.4635, epsilon=0.1000, time=0.3145167827606201
INFO - 11/02/25 00:04:50 - 0:15:46 - Epoch 801: val_AUC=0.9684827771597591, val_AP=0.9527535730381553
INFO - 11/02/25 00:04:50 - 0:15:46 - Epoch 802: train_loss=1.0498253107070923, train_AUC=0.9313104286295286, train_AP=0.8918097816777651, distortion=0.4484387934207916, reward=0.4631, epsilon=0.1000, time=0.30600929260253906
INFO - 11/02/25 00:04:50 - 0:15:46 - Epoch 802: val_AUC=0.9673884951721075, val_AP=0.951209959724619
INFO - 11/02/25 00:04:51 - 0:15:47 - Epoch 803: train_loss=1.0527273416519165, train_AUC=0.930575161914741, train_AP=0.8906495163581689, distortion=0.4478038251399994, reward=0.4628, epsilon=0.1000, time=0.30521154403686523
INFO - 11/02/25 00:04:51 - 0:15:47 - Epoch 803: val_AUC=0.9681445235911695, val_AP=0.952067700714008
INFO - 11/02/25 00:04:51 - 0:15:47 - Epoch 804: train_loss=1.0485632419586182, train_AUC=0.9318850927152977, train_AP=0.8923852464051818, distortion=0.44793033599853516, reward=0.4642, epsilon=0.1000, time=0.30640149116516113
INFO - 11/02/25 00:04:51 - 0:15:47 - Epoch 804: val_AUC=0.9684726929392304, val_AP=0.9531647743434997
INFO - 11/02/25 00:04:51 - 0:15:47 - Epoch 805: train_loss=1.0462231636047363, train_AUC=0.9324513769093233, train_AP=0.8955774323597389, distortion=0.4466477334499359, reward=0.4674, epsilon=0.1000, time=0.30484843254089355
INFO - 11/02/25 00:04:51 - 0:15:48 - Epoch 805: val_AUC=0.9678650466222326, val_AP=0.9521841366254724
INFO - 11/02/25 00:04:52 - 0:15:48 - Epoch 806: train_loss=1.0541348457336426, train_AUC=0.9316541233198506, train_AP=0.893993173209525, distortion=0.4475412964820862, reward=0.4653, epsilon=0.1000, time=0.3124969005584717
INFO - 11/02/25 00:04:52 - 0:15:48 - Epoch 806: val_AUC=0.9678673515869249, val_AP=0.9518821124817809
INFO - 11/02/25 00:04:52 - 0:15:48 - Epoch 807: train_loss=1.0460553169250488, train_AUC=0.9325124122485968, train_AP=0.8942918773062929, distortion=0.44886094331741333, reward=0.4645, epsilon=0.1000, time=0.3083019256591797
INFO - 11/02/25 00:04:52 - 0:15:48 - Epoch 807: val_AUC=0.967661345367554, val_AP=0.9524817847932064
INFO - 11/02/25 00:04:53 - 0:15:49 - Epoch 808: train_loss=1.0497705936431885, train_AUC=0.9329387130725705, train_AP=0.8940538938704512, distortion=0.44841814041137695, reward=0.4651, epsilon=0.1000, time=0.30517029762268066
INFO - 11/02/25 00:04:53 - 0:15:49 - Epoch 808: val_AUC=0.9684493551717214, val_AP=0.9528814107141804
INFO - 11/02/25 00:04:53 - 0:15:49 - Epoch 809: train_loss=1.0483213663101196, train_AUC=0.9321245167695451, train_AP=0.8929122970541733, distortion=0.45032405853271484, reward=0.4622, epsilon=0.1000, time=0.30878210067749023
INFO - 11/02/25 00:04:53 - 0:15:49 - Epoch 809: val_AUC=0.9673196343519259, val_AP=0.9516620049366002
INFO - 11/02/25 00:04:53 - 0:15:49 - Epoch 810: train_loss=1.0510553121566772, train_AUC=0.9319875604684055, train_AP=0.8937425066387903, distortion=0.44832274317741394, reward=0.4645, epsilon=0.1000, time=0.30535364151000977
INFO - 11/02/25 00:04:54 - 0:15:50 - Epoch 810: val_AUC=0.9680446898079359, val_AP=0.9528422230915856
INFO - 11/02/25 00:04:54 - 0:15:50 - Epoch 811: train_loss=1.0558440685272217, train_AUC=0.9293512715479855, train_AP=0.889559431081746, distortion=0.44659873843193054, reward=0.4629, epsilon=0.1000, time=0.30925464630126953
INFO - 11/02/25 00:04:54 - 0:15:50 - Epoch 811: val_AUC=0.9681474047970349, val_AP=0.9526079426142146
INFO - 11/02/25 00:04:54 - 0:15:50 - Epoch 812: train_loss=1.0464898347854614, train_AUC=0.9321950659675924, train_AP=0.89403545714541, distortion=0.4480034112930298, reward=0.4651, epsilon=0.1000, time=0.305222749710083
INFO - 11/02/25 00:04:54 - 0:15:50 - Epoch 812: val_AUC=0.967614957953122, val_AP=0.9520410236867389
INFO - 11/02/25 00:04:55 - 0:15:51 - Epoch 813: train_loss=1.049839973449707, train_AUC=0.9340085962616248, train_AP=0.8965541211539103, distortion=0.4489727318286896, reward=0.4663, epsilon=0.1000, time=0.2648465633392334
INFO - 11/02/25 00:04:55 - 0:15:51 - Epoch 813: val_AUC=0.9685320457800564, val_AP=0.9527665865929127
INFO - 11/02/25 00:04:55 - 0:15:51 - Epoch 814: train_loss=1.0473796129226685, train_AUC=0.932172814792996, train_AP=0.8933768833488902, distortion=0.44916725158691406, reward=0.4636, epsilon=0.1000, time=0.3060142993927002
INFO - 11/02/25 00:04:55 - 0:15:51 - Epoch 814: val_AUC=0.9681099491207856, val_AP=0.9524482443417799
INFO - 11/02/25 00:04:55 - 0:15:52 - Epoch 815: train_loss=1.0416854619979858, train_AUC=0.9341132526957132, train_AP=0.8961193296648498, distortion=0.44607964158058167, reward=0.4690, epsilon=0.1000, time=0.3046283721923828
INFO - 11/02/25 00:04:56 - 0:15:52 - Epoch 815: val_AUC=0.9676475155794004, val_AP=0.9517412547009749
INFO - 11/02/25 00:04:56 - 0:15:52 - Epoch 816: train_loss=1.0455677509307861, train_AUC=0.9328833560420491, train_AP=0.8945989146329472, distortion=0.4463784694671631, reward=0.4674, epsilon=0.1000, time=0.3119051456451416
INFO - 11/02/25 00:04:56 - 0:15:52 - Epoch 816: val_AUC=0.9686539207881595, val_AP=0.9530939996488337
INFO - 11/02/25 00:04:56 - 0:15:52 - Epoch 817: train_loss=1.0476237535476685, train_AUC=0.9322555405539389, train_AP=0.893720755899321, distortion=0.4481131136417389, reward=0.4649, epsilon=0.1000, time=0.3052201271057129
INFO - 11/02/25 00:04:56 - 0:15:52 - Epoch 817: val_AUC=0.9678561148840502, val_AP=0.9524283197578117
INFO - 11/02/25 00:04:57 - 0:15:53 - Epoch 818: train_loss=1.0452548265457153, train_AUC=0.9344696911816694, train_AP=0.8978278805237201, distortion=0.4481024742126465, reward=0.4680, epsilon=0.1000, time=0.3142666816711426
INFO - 11/02/25 00:04:57 - 0:15:53 - Epoch 818: val_AUC=0.9682159774966297, val_AP=0.9524122490831357
INFO - 11/02/25 00:04:57 - 0:15:53 - Epoch 819: train_loss=1.0477176904678345, train_AUC=0.9315824576004194, train_AP=0.8925034093652644, distortion=0.447258323431015, reward=0.4648, epsilon=0.1000, time=0.3086543083190918
INFO - 11/02/25 00:04:57 - 0:15:53 - Epoch 819: val_AUC=0.9684896920538361, val_AP=0.9530575560664952
INFO - 11/02/25 00:04:58 - 0:15:54 - Epoch 820: train_loss=1.043078899383545, train_AUC=0.933283735625824, train_AP=0.8929671609792615, distortion=0.4470446705818176, reward=0.4661, epsilon=0.1000, time=0.3050651550292969
INFO - 11/02/25 00:04:58 - 0:15:54 - Epoch 820: val_AUC=0.9682453657964561, val_AP=0.9531418550685944
INFO - 11/02/25 00:04:58 - 0:15:54 - Epoch 821: train_loss=1.0439285039901733, train_AUC=0.9349041092157931, train_AP=0.8984557866804277, distortion=0.44632408022880554, reward=0.4704, epsilon=0.1000, time=0.31452393531799316
INFO - 11/02/25 00:04:58 - 0:15:54 - Epoch 821: val_AUC=0.9685588409946038, val_AP=0.9529425150187351
INFO - 11/02/25 00:04:58 - 0:15:54 - Epoch 822: train_loss=1.046539545059204, train_AUC=0.9317847832379006, train_AP=0.892233734478788, distortion=0.4473367929458618, reward=0.4647, epsilon=0.1000, time=0.30800914764404297
INFO - 11/02/25 00:04:58 - 0:15:54 - Epoch 822: val_AUC=0.9681128303266509, val_AP=0.9525251935920319
INFO - 11/02/25 00:04:59 - 0:15:55 - Epoch 823: train_loss=1.045286774635315, train_AUC=0.9325638609558278, train_AP=0.8937318682579913, distortion=0.4457721412181854, reward=0.4674, epsilon=0.1000, time=0.306394100189209
INFO - 11/02/25 00:04:59 - 0:15:55 - Epoch 823: val_AUC=0.9683957647426262, val_AP=0.9528838824337931
INFO - 11/02/25 00:04:59 - 0:15:55 - Epoch 824: train_loss=1.0502398014068604, train_AUC=0.9303478899994838, train_AP=0.891052544561075, distortion=0.44584086537361145, reward=0.4649, epsilon=0.1000, time=0.30597448348999023
INFO - 11/02/25 00:04:59 - 0:15:55 - Epoch 824: val_AUC=0.968596296670853, val_AP=0.9530124821953025
INFO - 11/02/25 00:05:00 - 0:15:56 - Epoch 825: train_loss=1.0441045761108398, train_AUC=0.9334740192811122, train_AP=0.8942335800110641, distortion=0.4471539258956909, reward=0.4667, epsilon=0.1000, time=0.3056933879852295
INFO - 11/02/25 00:05:00 - 0:15:56 - Epoch 825: val_AUC=0.9684208312336546, val_AP=0.9529232105948295
INFO - 11/02/25 00:05:00 - 0:15:56 - Epoch 826: train_loss=1.0463663339614868, train_AUC=0.9336137454524881, train_AP=0.8972818223798429, distortion=0.44560810923576355, reward=0.4698, epsilon=0.1000, time=0.31064271926879883
INFO - 11/02/25 00:05:00 - 0:15:56 - Epoch 826: val_AUC=0.9682154012554568, val_AP=0.9522995507671856
INFO - 11/02/25 00:05:00 - 0:15:56 - Epoch 827: train_loss=1.042056679725647, train_AUC=0.9339298321578063, train_AP=0.8964534690020243, distortion=0.4460212290287018, reward=0.4692, epsilon=0.1000, time=0.3331308364868164
INFO - 11/02/25 00:05:01 - 0:15:57 - Epoch 827: val_AUC=0.9677676618639847, val_AP=0.9518108154121154
INFO - 11/02/25 00:05:01 - 0:15:57 - Epoch 828: train_loss=1.0440032482147217, train_AUC=0.9341549403144355, train_AP=0.8973111749827999, distortion=0.4454760253429413, reward=0.4703, epsilon=0.1000, time=0.310945987701416
INFO - 11/02/25 00:05:01 - 0:15:57 - Epoch 828: val_AUC=0.9682058932761011, val_AP=0.952649999796032
INFO - 11/02/25 00:05:01 - 0:15:57 - Epoch 829: train_loss=1.044663667678833, train_AUC=0.9330158647001939, train_AP=0.8935129686955157, distortion=0.44533640146255493, reward=0.4679, epsilon=0.1000, time=0.3094356060028076
INFO - 11/02/25 00:05:01 - 0:15:57 - Epoch 829: val_AUC=0.9685801619180072, val_AP=0.9529417470895111
INFO - 11/02/25 00:05:02 - 0:15:58 - Epoch 830: train_loss=1.0480329990386963, train_AUC=0.9323658827734851, train_AP=0.894294819892384, distortion=0.44660207629203796, reward=0.4667, epsilon=0.1000, time=0.3115386962890625
INFO - 11/02/25 00:05:02 - 0:15:58 - Epoch 830: val_AUC=0.9672398249494564, val_AP=0.9511890472175671
INFO - 11/02/25 00:05:02 - 0:15:58 - Epoch 831: train_loss=1.0446507930755615, train_AUC=0.9340254477593681, train_AP=0.8966346099937148, distortion=0.44484254717826843, reward=0.4705, epsilon=0.1000, time=0.26874399185180664
INFO - 11/02/25 00:05:02 - 0:15:58 - Epoch 831: val_AUC=0.9680275466330373, val_AP=0.9520701905589399
INFO - 11/02/25 00:05:02 - 0:15:59 - Epoch 832: train_loss=1.0459411144256592, train_AUC=0.9326438956011673, train_AP=0.8948864676297308, distortion=0.44614654779434204, reward=0.4676, epsilon=0.1000, time=0.3056790828704834
INFO - 11/02/25 00:05:03 - 0:15:59 - Epoch 832: val_AUC=0.9680972718149783, val_AP=0.952482340051703
INFO - 11/02/25 00:05:03 - 0:15:59 - Epoch 833: train_loss=1.0486257076263428, train_AUC=0.931802345521132, train_AP=0.8923573234563003, distortion=0.4462532699108124, reward=0.4658, epsilon=0.1000, time=0.2740201950073242
INFO - 11/02/25 00:05:03 - 0:15:59 - Epoch 833: val_AUC=0.9678823338574246, val_AP=0.9517136756362831
INFO - 11/02/25 00:05:03 - 0:15:59 - Epoch 834: train_loss=1.0436879396438599, train_AUC=0.9334104139488676, train_AP=0.8942433202935738, distortion=0.44707760214805603, reward=0.4667, epsilon=0.1000, time=0.3055095672607422
INFO - 11/02/25 00:05:03 - 0:15:59 - Epoch 834: val_AUC=0.9680575111740366, val_AP=0.9525950386869029
INFO - 11/02/25 00:05:04 - 0:16:00 - Epoch 835: train_loss=1.050421118736267, train_AUC=0.931902696868081, train_AP=0.8933349032557552, distortion=0.444755882024765, reward=0.4679, epsilon=0.1000, time=0.3067491054534912
INFO - 11/02/25 00:05:04 - 0:16:00 - Epoch 835: val_AUC=0.9680742221680556, val_AP=0.9521257116067063
INFO - 11/02/25 00:05:04 - 0:16:00 - best_epoch=734
INFO - 11/02/25 00:05:04 - 0:16:00 - test_auc= 97.47%, test_ap= 96.38%
INFO - 11/02/25 00:05:04 - 0:16:00 - 
                                     train iters 2
INFO - 11/02/25 00:05:04 - 0:16:00 - --------------------------Training Start-------------------------
INFO - 11/02/25 00:05:05 - 0:16:01 - Epoch 0: train_loss=6.899654388427734, train_AUC=0.823573073409654, train_AP=0.8142274598225011, distortion=4.843319892883301, reward=-4.0244, epsilon=0.1000, time=1.0508580207824707
INFO - 11/02/25 00:05:05 - 0:16:01 - Epoch 0: val_AUC=0.7721891027608003, val_AP=0.8142614469673173
INFO - 11/02/25 00:05:05 - 0:16:01 - Epoch 1: train_loss=5.25748872756958, train_AUC=0.8301333084463376, train_AP=0.829881743588555, distortion=3.700176239013672, reward=-2.8702, epsilon=0.1000, time=0.26940035820007324
INFO - 11/02/25 00:05:05 - 0:16:01 - Epoch 1: val_AUC=0.81915967325973, val_AP=0.8424009178278493
INFO - 11/02/25 00:05:06 - 0:16:02 - Epoch 2: train_loss=4.596743106842041, train_AUC=0.8109360346653731, train_AP=0.8153367521779591, distortion=3.1401562690734863, reward=-2.3270, epsilon=0.1000, time=0.30989789962768555
INFO - 11/02/25 00:05:06 - 0:16:02 - Epoch 2: val_AUC=0.8301589647712078, val_AP=0.8549987296118202
INFO - 11/02/25 00:05:06 - 0:16:02 - Epoch 3: train_loss=3.4856715202331543, train_AUC=0.8209220160016973, train_AP=0.8184449845633215, distortion=2.2315993309020996, reward=-1.4119, epsilon=0.1000, time=0.309420108795166
INFO - 11/02/25 00:05:06 - 0:16:02 - Epoch 3: val_AUC=0.7863738554769851, val_AP=0.83750378512626
INFO - 11/02/25 00:05:06 - 0:16:03 - Epoch 4: train_loss=3.135033130645752, train_AUC=0.8079320986802654, train_AP=0.8060717332884907, distortion=1.8654861450195312, reward=-1.0585, epsilon=0.1000, time=0.31252551078796387
INFO - 11/02/25 00:05:07 - 0:16:03 - Epoch 4: val_AUC=0.8023391934179429, val_AP=0.8444349132510875
INFO - 11/02/25 00:05:07 - 0:16:03 - Epoch 5: train_loss=2.6671481132507324, train_AUC=0.8202929872934762, train_AP=0.8113267783537976, distortion=1.4821484088897705, reward=-0.6663, epsilon=0.1000, time=0.3216853141784668
INFO - 11/02/25 00:05:07 - 0:16:03 - Epoch 5: val_AUC=0.7761506167653336, val_AP=0.8163697660361371
INFO - 11/02/25 00:05:07 - 0:16:03 - Epoch 6: train_loss=3.0738697052001953, train_AUC=0.7970967251965253, train_AP=0.803346751711815, distortion=1.7398537397384644, reward=-0.9396, epsilon=0.1000, time=0.3122391700744629
INFO - 11/02/25 00:05:07 - 0:16:03 - Epoch 6: val_AUC=0.7834266699973407, val_AP=0.8304063944022534
INFO - 11/02/25 00:05:08 - 0:16:04 - Epoch 7: train_loss=2.536778450012207, train_AUC=0.8196608991172847, train_AP=0.8150045166141623, distortion=1.2484838962554932, reward=-0.4312, epsilon=0.1000, time=0.3210012912750244
INFO - 11/02/25 00:05:08 - 0:16:04 - Epoch 7: val_AUC=0.8639782710978461, val_AP=0.8751321904236109
INFO - 11/02/25 00:05:08 - 0:16:04 - Epoch 8: train_loss=2.588754177093506, train_AUC=0.8231520745669125, train_AP=0.813719222560712, distortion=1.291263461112976, reward=-0.4728, epsilon=0.1000, time=0.3226780891418457
INFO - 11/02/25 00:05:08 - 0:16:04 - Epoch 8: val_AUC=0.8589937849508278, val_AP=0.8658453785768749
INFO - 11/02/25 00:05:09 - 0:16:05 - Epoch 9: train_loss=2.386875629425049, train_AUC=0.8294764315016363, train_AP=0.8204691860300639, distortion=1.0970900058746338, reward=-0.2721, epsilon=0.1000, time=0.31266331672668457
INFO - 11/02/25 00:05:09 - 0:16:05 - Epoch 9: val_AUC=0.8370842311891111, val_AP=0.8524095354686277
INFO - 11/02/25 00:05:09 - 0:16:05 - Epoch 10: train_loss=2.413752555847168, train_AUC=0.8283343831492105, train_AP=0.8199363055406345, distortion=1.1072685718536377, reward=-0.2831, epsilon=0.1000, time=0.31044888496398926
INFO - 11/02/25 00:05:09 - 0:16:05 - Epoch 10: val_AUC=0.8614043458380548, val_AP=0.8635705872289382
INFO - 11/02/25 00:05:09 - 0:16:05 - Epoch 11: train_loss=2.4931187629699707, train_AUC=0.8411886710355404, train_AP=0.8318391532110294, distortion=1.193597435951233, reward=-0.3571, epsilon=0.1000, time=0.31342172622680664
INFO - 11/02/25 00:05:10 - 0:16:06 - Epoch 11: val_AUC=0.8351644837210429, val_AP=0.8483861893296378
INFO - 11/02/25 00:05:10 - 0:16:06 - Epoch 12: train_loss=2.305413246154785, train_AUC=0.8481071599023229, train_AP=0.8297785247474272, distortion=1.0661104917526245, reward=-0.2272, epsilon=0.1000, time=0.3182659149169922
INFO - 11/02/25 00:05:10 - 0:16:06 - Epoch 12: val_AUC=0.8648619369367423, val_AP=0.8632377112375265
INFO - 11/02/25 00:05:10 - 0:16:06 - Epoch 13: train_loss=2.27683162689209, train_AUC=0.854440121029961, train_AP=0.8375991759205741, distortion=1.0576667785644531, reward=-0.2116, epsilon=0.1000, time=0.33852124214172363
INFO - 11/02/25 00:05:10 - 0:16:06 - Epoch 13: val_AUC=0.842229200502828, val_AP=0.851706820676989
INFO - 11/02/25 00:05:11 - 0:16:07 - Epoch 14: train_loss=2.1601548194885254, train_AUC=0.8515699971420243, train_AP=0.8328013675378574, distortion=0.973938524723053, reward=-0.1318, epsilon=0.1000, time=0.3144955635070801
INFO - 11/02/25 00:05:11 - 0:16:07 - Epoch 14: val_AUC=0.8277687163853312, val_AP=0.8451772091249884
INFO - 11/02/25 00:05:11 - 0:16:07 - Epoch 15: train_loss=2.122910737991333, train_AUC=0.8513727272529343, train_AP=0.8345820453792502, distortion=0.9569547772407532, reward=-0.1140, epsilon=0.1000, time=0.2787449359893799
INFO - 11/02/25 00:05:11 - 0:16:07 - Epoch 15: val_AUC=0.8586225415750803, val_AP=0.859152635774528
INFO - 11/02/25 00:05:12 - 0:16:08 - Epoch 16: train_loss=2.2089710235595703, train_AUC=0.8468037462968974, train_AP=0.8296060894604071, distortion=1.042053461074829, reward=-0.2038, epsilon=0.1000, time=0.30724048614501953
INFO - 11/02/25 00:05:12 - 0:16:08 - Epoch 16: val_AUC=0.8792864059809224, val_AP=0.8707066639086503
INFO - 11/02/25 00:05:12 - 0:16:08 - Epoch 17: train_loss=2.148625612258911, train_AUC=0.8565291704211028, train_AP=0.8356091721823119, distortion=1.0466731786727905, reward=-0.2006, epsilon=0.1000, time=0.30728816986083984
INFO - 11/02/25 00:05:12 - 0:16:08 - Epoch 17: val_AUC=0.8851917255224994, val_AP=0.8742288898745967
INFO - 11/02/25 00:05:12 - 0:16:08 - Epoch 18: train_loss=1.9671800136566162, train_AUC=0.8641727003615169, train_AP=0.8397052630431412, distortion=0.9260792136192322, reward=-0.0741, epsilon=0.1000, time=0.30417680740356445
INFO - 11/02/25 00:05:12 - 0:16:09 - Epoch 18: val_AUC=0.8825705484865168, val_AP=0.8720062086281455
INFO - 11/02/25 00:05:13 - 0:16:09 - Epoch 19: train_loss=1.9184315204620361, train_AUC=0.8657617794521274, train_AP=0.8391993189063585, distortion=0.9116207957267761, reward=-0.0591, epsilon=0.1000, time=0.3141815662384033
INFO - 11/02/25 00:05:13 - 0:16:09 - Epoch 19: val_AUC=0.8875698728437414, val_AP=0.8759014325055494
INFO - 11/02/25 00:05:13 - 0:16:09 - Epoch 20: train_loss=1.875023603439331, train_AUC=0.8700431509794987, train_AP=0.8423068320359519, distortion=0.8956087827682495, reward=-0.0394, epsilon=0.1000, time=0.3090238571166992
INFO - 11/02/25 00:05:13 - 0:16:09 - Epoch 20: val_AUC=0.8725943731778173, val_AP=0.8751816617394085
INFO - 11/02/25 00:05:14 - 0:16:10 - Epoch 21: train_loss=1.8343675136566162, train_AUC=0.8769663855606096, train_AP=0.8463218623186025, distortion=0.8870255947113037, reward=-0.0254, epsilon=0.1000, time=0.3045237064361572
INFO - 11/02/25 00:05:14 - 0:16:10 - Epoch 21: val_AUC=0.8956775861487758, val_AP=0.8857727559820724
INFO - 11/02/25 00:05:14 - 0:16:10 - Epoch 22: train_loss=1.807870626449585, train_AUC=0.8805362005022942, train_AP=0.8508347791216082, distortion=0.8798732161521912, reward=-0.0142, epsilon=0.1000, time=0.3119173049926758
INFO - 11/02/25 00:05:14 - 0:16:10 - Epoch 22: val_AUC=0.9029212258147977, val_AP=0.890632901382541
INFO - 11/02/25 00:05:14 - 0:16:10 - Epoch 23: train_loss=1.7956548929214478, train_AUC=0.8863599042640335, train_AP=0.857412275822965, distortion=0.9006142616271973, reward=-0.0287, epsilon=0.1000, time=0.30467796325683594
INFO - 11/02/25 00:05:15 - 0:16:11 - Epoch 23: val_AUC=0.8966367395813434, val_AP=0.8861663545938975
INFO - 11/02/25 00:05:15 - 0:16:11 - Epoch 24: train_loss=1.7725796699523926, train_AUC=0.884049254786575, train_AP=0.8525501789364025, distortion=0.8826771974563599, reward=-0.0144, epsilon=0.1000, time=0.3051421642303467
INFO - 11/02/25 00:05:15 - 0:16:11 - Epoch 24: val_AUC=0.9053019662213186, val_AP=0.8906451619970354
INFO - 11/02/25 00:05:15 - 0:16:11 - Epoch 25: train_loss=1.7073616981506348, train_AUC=0.8866620020529957, train_AP=0.8532788391062246, distortion=0.8461994528770447, reward=0.0238, epsilon=0.1000, time=0.3038625717163086
INFO - 11/02/25 00:05:15 - 0:16:11 - Epoch 25: val_AUC=0.9121621173866655, val_AP=0.8942043183800314
INFO - 11/02/25 00:05:16 - 0:16:12 - Epoch 26: train_loss=1.679729700088501, train_AUC=0.8873593364491086, train_AP=0.8554906224551194, distortion=0.8252959251403809, reward=0.0461, epsilon=0.1000, time=0.3058512210845947
INFO - 11/02/25 00:05:16 - 0:16:12 - Epoch 26: val_AUC=0.914128396329459, val_AP=0.8951775610537889
INFO - 11/02/25 00:05:16 - 0:16:12 - Epoch 27: train_loss=1.6769189834594727, train_AUC=0.8870541313412593, train_AP=0.8551300095150536, distortion=0.8243157267570496, reward=0.0468, epsilon=0.1000, time=0.30757999420166016
INFO - 11/02/25 00:05:16 - 0:16:12 - Epoch 27: val_AUC=0.9158782967117662, val_AP=0.8969511166843013
INFO - 11/02/25 00:05:17 - 0:16:13 - Epoch 28: train_loss=1.6564726829528809, train_AUC=0.8887407335902779, train_AP=0.8570419651100455, distortion=0.8210176825523376, reward=0.0519, epsilon=0.1000, time=0.3058643341064453
INFO - 11/02/25 00:05:17 - 0:16:13 - Epoch 28: val_AUC=0.9180520224768632, val_AP=0.8997897801014946
INFO - 11/02/25 00:05:17 - 0:16:13 - Epoch 29: train_loss=1.6312627792358398, train_AUC=0.8915195280228045, train_AP=0.858878769216328, distortion=0.8130016326904297, reward=0.0622, epsilon=0.1000, time=0.3046109676361084
INFO - 11/02/25 00:05:17 - 0:16:13 - Epoch 29: val_AUC=0.9189346798937064, val_AP=0.9015777106363414
INFO - 11/02/25 00:05:17 - 0:16:13 - Epoch 30: train_loss=1.6387319564819336, train_AUC=0.8901492791482741, train_AP=0.8568198726868086, distortion=0.8161124587059021, reward=0.0574, epsilon=0.1000, time=0.31272101402282715
INFO - 11/02/25 00:05:17 - 0:16:14 - Epoch 30: val_AUC=0.9199016125821109, val_AP=0.9028575902213077
INFO - 11/02/25 00:05:18 - 0:16:14 - Epoch 31: train_loss=1.6355385780334473, train_AUC=0.8909746112567623, train_AP=0.8580999550303322, distortion=0.8176688551902771, reward=0.0569, epsilon=0.1000, time=0.26844120025634766
INFO - 11/02/25 00:05:18 - 0:16:14 - Epoch 31: val_AUC=0.9222342368506806, val_AP=0.9048655673312263
INFO - 11/02/25 00:05:18 - 0:16:14 - Epoch 32: train_loss=1.6130366325378418, train_AUC=0.8930386256465537, train_AP=0.8595651879620306, distortion=0.8102127313613892, reward=0.0661, epsilon=0.1000, time=0.3064396381378174
INFO - 11/02/25 00:05:18 - 0:16:14 - Epoch 32: val_AUC=0.9250483106193469, val_AP=0.906998403548092
INFO - 11/02/25 00:05:19 - 0:16:15 - Epoch 33: train_loss=1.593177318572998, train_AUC=0.8932011178883251, train_AP=0.8582234487897038, distortion=0.7974241971969604, reward=0.0783, epsilon=0.1000, time=0.3044464588165283
INFO - 11/02/25 00:05:19 - 0:16:15 - Epoch 33: val_AUC=0.927195529290483, val_AP=0.9087621075327188
INFO - 11/02/25 00:05:19 - 0:16:15 - Epoch 34: train_loss=1.5801899433135986, train_AUC=0.893313737013979, train_AP=0.858072897126391, distortion=0.7890421152114868, reward=0.0867, epsilon=0.1000, time=0.3041346073150635
INFO - 11/02/25 00:05:19 - 0:16:15 - Epoch 34: val_AUC=0.9283328853058213, val_AP=0.90992013320753
INFO - 11/02/25 00:05:19 - 0:16:15 - Epoch 35: train_loss=1.5635467767715454, train_AUC=0.8954176869811246, train_AP=0.8612279974895599, distortion=0.7836062908172607, reward=0.0947, epsilon=0.1000, time=0.3093299865722656
INFO - 11/02/25 00:05:20 - 0:16:16 - Epoch 35: val_AUC=0.9287562785077311, val_AP=0.9107156387410511
INFO - 11/02/25 00:05:20 - 0:16:16 - Epoch 36: train_loss=1.5451817512512207, train_AUC=0.8989552668538744, train_AP=0.8643937831734427, distortion=0.7764731049537659, reward=0.1052, epsilon=0.1000, time=0.32056093215942383
INFO - 11/02/25 00:05:20 - 0:16:16 - Epoch 36: val_AUC=0.9289157532523773, val_AP=0.9115888237090555
INFO - 11/02/25 00:05:20 - 0:16:16 - Epoch 37: train_loss=1.5422916412353516, train_AUC=0.896125543095939, train_AP=0.8594122555254666, distortion=0.7678923606872559, reward=0.1099, epsilon=0.1000, time=0.31192493438720703
INFO - 11/02/25 00:05:20 - 0:16:16 - Epoch 37: val_AUC=0.9289861987357846, val_AP=0.9125898930588592
INFO - 11/02/25 00:05:21 - 0:16:17 - Epoch 38: train_loss=1.533250093460083, train_AUC=0.8961631713619155, train_AP=0.8589364622980659, distortion=0.759162425994873, reward=0.1184, epsilon=0.1000, time=0.3086235523223877
INFO - 11/02/25 00:05:21 - 0:16:17 - Epoch 38: val_AUC=0.9290565001588986, val_AP=0.9136430659656012
INFO - 11/02/25 00:05:21 - 0:16:17 - Epoch 39: train_loss=1.5211589336395264, train_AUC=0.8983598379626011, train_AP=0.8630627885733886, distortion=0.751754641532898, reward=0.1290, epsilon=0.1000, time=0.30481505393981934
INFO - 11/02/25 00:05:21 - 0:16:17 - Epoch 39: val_AUC=0.9293026992000907, val_AP=0.9146475373335856
INFO - 11/02/25 00:05:22 - 0:16:18 - Epoch 40: train_loss=1.5035403966903687, train_AUC=0.9007847698835072, train_AP=0.8658983985154922, distortion=0.7450152635574341, reward=0.1383, epsilon=0.1000, time=0.30453014373779297
INFO - 11/02/25 00:05:22 - 0:16:18 - Epoch 40: val_AUC=0.9298498401939168, val_AP=0.915612432388012
INFO - 11/02/25 00:05:22 - 0:16:18 - Epoch 41: train_loss=1.49703049659729, train_AUC=0.9000015994168824, train_AP=0.8641117921660105, distortion=0.7389290928840637, reward=0.1431, epsilon=0.1000, time=0.3057870864868164
INFO - 11/02/25 00:05:22 - 0:16:18 - Epoch 41: val_AUC=0.9302762586619853, val_AP=0.916341455699311
INFO - 11/02/25 00:05:22 - 0:16:18 - Epoch 42: train_loss=1.4932365417480469, train_AUC=0.8999385358965772, train_AP=0.8633391483927992, distortion=0.7338531017303467, reward=0.1478, epsilon=0.1000, time=0.3042585849761963
INFO - 11/02/25 00:05:22 - 0:16:19 - Epoch 42: val_AUC=0.9303681691290893, val_AP=0.9167875197652727
INFO - 11/02/25 00:05:23 - 0:16:19 - Epoch 43: train_loss=1.4914783239364624, train_AUC=0.8995856229265798, train_AP=0.8633065939812752, distortion=0.7288294434547424, reward=0.1526, epsilon=0.1000, time=0.30616211891174316
INFO - 11/02/25 00:05:23 - 0:16:19 - Epoch 43: val_AUC=0.9301345033334111, val_AP=0.9170942070898502
INFO - 11/02/25 00:05:23 - 0:16:19 - Epoch 44: train_loss=1.4819183349609375, train_AUC=0.9001578501047393, train_AP=0.8632543868719917, distortion=0.7228860259056091, reward=0.1588, epsilon=0.1000, time=0.3063690662384033
INFO - 11/02/25 00:05:23 - 0:16:19 - Epoch 44: val_AUC=0.9296392240451612, val_AP=0.9172079548749815
INFO - 11/02/25 00:05:24 - 0:16:20 - Epoch 45: train_loss=1.471773624420166, train_AUC=0.9020302320415351, train_AP=0.8663187752723366, distortion=0.7160682082176208, reward=0.1681, epsilon=0.1000, time=0.30943775177001953
INFO - 11/02/25 00:05:24 - 0:16:20 - Epoch 45: val_AUC=0.9294441664080785, val_AP=0.9174971653271164
INFO - 11/02/25 00:05:24 - 0:16:20 - Epoch 46: train_loss=1.4705944061279297, train_AUC=0.900748951977203, train_AP=0.8647144353222233, distortion=0.7105526924133301, reward=0.1722, epsilon=0.1000, time=0.2761874198913574
INFO - 11/02/25 00:05:24 - 0:16:20 - Epoch 46: val_AUC=0.9298368747675227, val_AP=0.9180371986546082
INFO - 11/02/25 00:05:24 - 0:16:20 - Epoch 47: train_loss=1.4596118927001953, train_AUC=0.9006018562662467, train_AP=0.862115463468206, distortion=0.7034232020378113, reward=0.1779, epsilon=0.1000, time=0.3090658187866211
INFO - 11/02/25 00:05:25 - 0:16:21 - Epoch 47: val_AUC=0.9310315667795812, val_AP=0.918976936841535
INFO - 11/02/25 00:05:25 - 0:16:21 - Epoch 48: train_loss=1.4556876420974731, train_AUC=0.9003458852654014, train_AP=0.8631657773682978, distortion=0.6967563629150391, reward=0.1850, epsilon=0.1000, time=0.3124656677246094
INFO - 11/02/25 00:05:25 - 0:16:21 - Epoch 48: val_AUC=0.9327316223004181, val_AP=0.9200320095300794
INFO - 11/02/25 00:05:25 - 0:16:21 - Epoch 49: train_loss=1.445204734802246, train_AUC=0.901529349084462, train_AP=0.8642514838716076, distortion=0.6902317404747009, reward=0.1927, epsilon=0.1000, time=0.31667518615722656
INFO - 11/02/25 00:05:25 - 0:16:21 - Epoch 49: val_AUC=0.934401281099376, val_AP=0.9210762120569287
INFO - 11/02/25 00:05:26 - 0:16:22 - Epoch 50: train_loss=1.4336235523223877, train_AUC=0.9038213157697288, train_AP=0.8679314691521347, distortion=0.6843088269233704, reward=0.2016, epsilon=0.1000, time=0.3106999397277832
INFO - 11/02/25 00:05:26 - 0:16:22 - Epoch 50: val_AUC=0.935715831275432, val_AP=0.9218734723887025
INFO - 11/02/25 00:05:26 - 0:16:22 - Epoch 51: train_loss=1.4308867454528809, train_AUC=0.9017297148281569, train_AP=0.8629840060494761, distortion=0.6788081526756287, reward=0.2035, epsilon=0.1000, time=0.2670738697052002
INFO - 11/02/25 00:05:26 - 0:16:22 - Epoch 51: val_AUC=0.9366396899361495, val_AP=0.9224457905643354
INFO - 11/02/25 00:05:27 - 0:16:23 - Epoch 52: train_loss=1.4202828407287598, train_AUC=0.9046542501925681, train_AP=0.8682702885655308, distortion=0.6752957701683044, reward=0.2112, epsilon=0.1000, time=0.3123903274536133
INFO - 11/02/25 00:05:27 - 0:16:23 - Epoch 52: val_AUC=0.9371836616035236, val_AP=0.9227807276113582
INFO - 11/02/25 00:05:27 - 0:16:23 - Epoch 53: train_loss=1.414949893951416, train_AUC=0.9042034028453495, train_AP=0.8685405758427771, distortion=0.6718631982803345, reward=0.2145, epsilon=0.1000, time=0.3105320930480957
INFO - 11/02/25 00:05:27 - 0:16:23 - Epoch 53: val_AUC=0.9374994417663635, val_AP=0.9230445965447345
INFO - 11/02/25 00:05:27 - 0:16:23 - Epoch 54: train_loss=1.4132388830184937, train_AUC=0.9038931036086865, train_AP=0.8670729483503123, distortion=0.6690107583999634, reward=0.2165, epsilon=0.1000, time=0.3095109462738037
INFO - 11/02/25 00:05:27 - 0:16:24 - Epoch 54: val_AUC=0.9377771900117812, val_AP=0.9233476831471333
INFO - 11/02/25 00:05:28 - 0:16:24 - Epoch 55: train_loss=1.4052088260650635, train_AUC=0.9045382037450231, train_AP=0.868343721540789, distortion=0.6666277050971985, reward=0.2198, epsilon=0.1000, time=0.31069183349609375
INFO - 11/02/25 00:05:28 - 0:16:24 - Epoch 55: val_AUC=0.9381024781539768, val_AP=0.9236578068939065
INFO - 11/02/25 00:05:28 - 0:16:24 - Epoch 56: train_loss=1.4047658443450928, train_AUC=0.9045958521366168, train_AP=0.8677223973659589, distortion=0.6646121740341187, reward=0.2215, epsilon=0.1000, time=0.30982542037963867
INFO - 11/02/25 00:05:28 - 0:16:24 - Epoch 56: val_AUC=0.9385179480397573, val_AP=0.9240503485955794
INFO - 11/02/25 00:05:29 - 0:16:25 - Epoch 57: train_loss=1.4027544260025024, train_AUC=0.9030152346830651, train_AP=0.8650169803385191, distortion=0.6629388332366943, reward=0.2211, epsilon=0.1000, time=0.31294727325439453
INFO - 11/02/25 00:05:29 - 0:16:25 - Epoch 57: val_AUC=0.938853608523068, val_AP=0.9244108929163722
INFO - 11/02/25 00:05:29 - 0:16:25 - Epoch 58: train_loss=1.3939883708953857, train_AUC=0.9046731478154366, train_AP=0.8671820631464411, distortion=0.6613878607749939, reward=0.2245, epsilon=0.1000, time=0.3130204677581787
INFO - 11/02/25 00:05:29 - 0:16:25 - Epoch 58: val_AUC=0.9390410309646076, val_AP=0.9245974357604773
INFO - 11/02/25 00:05:29 - 0:16:26 - Epoch 59: train_loss=1.3988316059112549, train_AUC=0.9035299006978642, train_AP=0.865535068645112, distortion=0.6606971621513367, reward=0.2238, epsilon=0.1000, time=0.31075096130371094
INFO - 11/02/25 00:05:30 - 0:16:26 - Epoch 59: val_AUC=0.9391376954213893, val_AP=0.9247184406838344
INFO - 11/02/25 00:05:30 - 0:16:26 - Epoch 60: train_loss=1.393892526626587, train_AUC=0.9041313852223035, train_AP=0.8677802552559704, distortion=0.6590546369552612, reward=0.2269, epsilon=0.1000, time=0.31026220321655273
INFO - 11/02/25 00:05:30 - 0:16:26 - Epoch 60: val_AUC=0.9391264587185144, val_AP=0.9247724896204166
INFO - 11/02/25 00:05:30 - 0:16:26 - Epoch 61: train_loss=1.39412260055542, train_AUC=0.9037856598587146, train_AP=0.8670025957045363, distortion=0.6573676466941833, reward=0.2280, epsilon=0.1000, time=0.3186466693878174
INFO - 11/02/25 00:05:30 - 0:16:27 - Epoch 61: val_AUC=0.9388489985936834, val_AP=0.9245870614657395
INFO - 11/02/25 00:05:31 - 0:16:27 - Epoch 62: train_loss=1.382847547531128, train_AUC=0.9057777428567994, train_AP=0.8677741428671409, distortion=0.6558355689048767, reward=0.2309, epsilon=0.1000, time=0.31755805015563965
INFO - 11/02/25 00:05:31 - 0:16:27 - Epoch 62: val_AUC=0.9384456297725373, val_AP=0.924299287239535
INFO - 11/02/25 00:05:31 - 0:16:27 - Epoch 63: train_loss=1.388260841369629, train_AUC=0.9037264453465017, train_AP=0.8653884421343935, distortion=0.6543859839439392, reward=0.2302, epsilon=0.1000, time=0.3130922317504883
INFO - 11/02/25 00:05:31 - 0:16:27 - Epoch 63: val_AUC=0.9378909976434617, val_AP=0.9238798704052368
INFO - 11/02/25 00:05:32 - 0:16:28 - Epoch 64: train_loss=1.3915239572525024, train_AUC=0.9016629752608849, train_AP=0.8622580964113067, distortion=0.6531726121902466, reward=0.2288, epsilon=0.1000, time=0.31050562858581543
INFO - 11/02/25 00:05:32 - 0:16:28 - Epoch 64: val_AUC=0.9372458956502148, val_AP=0.9233336481557531
INFO - 11/02/25 00:05:32 - 0:16:28 - Epoch 65: train_loss=1.3801541328430176, train_AUC=0.9047179302918695, train_AP=0.8664220455687321, distortion=0.6521201133728027, reward=0.2334, epsilon=0.1000, time=0.31328749656677246
INFO - 11/02/25 00:05:32 - 0:16:28 - Epoch 65: val_AUC=0.9368828637111833, val_AP=0.9230779994589757
INFO - 11/02/25 00:05:32 - 0:16:29 - Epoch 66: train_loss=1.3855805397033691, train_AUC=0.9021108329227194, train_AP=0.8624807338932758, distortion=0.6508845686912537, reward=0.2314, epsilon=0.1000, time=0.3101069927215576
INFO - 11/02/25 00:05:33 - 0:16:29 - Epoch 66: val_AUC=0.9374847476164505, val_AP=0.9236227986351633
INFO - 11/02/25 00:05:33 - 0:16:29 - Epoch 67: train_loss=1.3803704977035522, train_AUC=0.9042707216080894, train_AP=0.865162131575574, distortion=0.6492040753364563, reward=0.2355, epsilon=0.1000, time=0.3131086826324463
INFO - 11/02/25 00:05:33 - 0:16:29 - Epoch 67: val_AUC=0.9378304923202898, val_AP=0.9240138248787542
INFO - 11/02/25 00:05:33 - 0:16:29 - Epoch 68: train_loss=1.3708252906799316, train_AUC=0.9065882327075879, train_AP=0.869288046279661, distortion=0.6475446820259094, reward=0.2404, epsilon=0.1000, time=0.3103954792022705
INFO - 11/02/25 00:05:33 - 0:16:29 - Epoch 68: val_AUC=0.9382119639768592, val_AP=0.9244473869675636
INFO - 11/02/25 00:05:34 - 0:16:30 - Epoch 69: train_loss=1.3697457313537598, train_AUC=0.9067361149679836, train_AP=0.8695972553958349, distortion=0.645864725112915, reward=0.2423, epsilon=0.1000, time=0.31023263931274414
INFO - 11/02/25 00:05:34 - 0:16:30 - Epoch 69: val_AUC=0.9385409976866799, val_AP=0.9248277624521875
INFO - 11/02/25 00:05:34 - 0:16:30 - Epoch 70: train_loss=1.3707644939422607, train_AUC=0.9050727323761725, train_AP=0.8669502412517824, distortion=0.6441366672515869, reward=0.2419, epsilon=0.1000, time=0.3108947277069092
INFO - 11/02/25 00:05:34 - 0:16:30 - Epoch 70: val_AUC=0.9388613877789042, val_AP=0.9252162882712709
INFO - 11/02/25 00:05:35 - 0:16:31 - Epoch 71: train_loss=1.371970295906067, train_AUC=0.9048769842459151, train_AP=0.8676222317210904, distortion=0.6429547667503357, reward=0.2433, epsilon=0.1000, time=0.30994534492492676
INFO - 11/02/25 00:05:35 - 0:16:31 - Epoch 71: val_AUC=0.939099663503967, val_AP=0.9254894335478054
INFO - 11/02/25 00:05:35 - 0:16:31 - Epoch 72: train_loss=1.369112253189087, train_AUC=0.9045207182226371, train_AP=0.8647914837451026, distortion=0.6418004631996155, reward=0.2429, epsilon=0.1000, time=0.3130180835723877
INFO - 11/02/25 00:05:35 - 0:16:31 - Epoch 72: val_AUC=0.9393664631670964, val_AP=0.9257598835372021
INFO - 11/02/25 00:05:35 - 0:16:31 - Epoch 73: train_loss=1.3717296123504639, train_AUC=0.9062501585061609, train_AP=0.8692555174120875, distortion=0.647907018661499, reward=0.2398, epsilon=0.1000, time=0.2752871513366699
INFO - 11/02/25 00:05:35 - 0:16:32 - Epoch 73: val_AUC=0.9394871856928537, val_AP=0.925919366324282
INFO - 11/02/25 00:05:36 - 0:16:32 - Epoch 74: train_loss=1.3643076419830322, train_AUC=0.9080409262189271, train_AP=0.8711488838018001, distortion=0.6466885209083557, reward=0.2429, epsilon=0.1000, time=0.3180835247039795
INFO - 11/02/25 00:05:36 - 0:16:32 - Epoch 74: val_AUC=0.9393972920698553, val_AP=0.9258391402192114
INFO - 11/02/25 00:05:36 - 0:16:32 - Epoch 75: train_loss=1.3715437650680542, train_AUC=0.9052774899367927, train_AP=0.8664222555369681, distortion=0.6453700065612793, reward=0.2405, epsilon=0.1000, time=0.31031107902526855
INFO - 11/02/25 00:05:36 - 0:16:32 - Epoch 75: val_AUC=0.9391657871785762, val_AP=0.9256559527742462
INFO - 11/02/25 00:05:37 - 0:16:33 - Epoch 76: train_loss=1.3707396984100342, train_AUC=0.9062492184350313, train_AP=0.8696113473196603, distortion=0.6439711451530457, reward=0.2440, epsilon=0.1000, time=0.3107011318206787
INFO - 11/02/25 00:05:37 - 0:16:33 - Epoch 76: val_AUC=0.9388795393758558, val_AP=0.9254668122708417
INFO - 11/02/25 00:05:37 - 0:16:33 - Epoch 77: train_loss=1.3602375984191895, train_AUC=0.9084477950847984, train_AP=0.8733882142920011, distortion=0.6431419253349304, reward=0.2478, epsilon=0.1000, time=0.3135395050048828
INFO - 11/02/25 00:05:37 - 0:16:33 - Epoch 77: val_AUC=0.9390679702394483, val_AP=0.9256901451967376
INFO - 11/02/25 00:05:37 - 0:16:34 - Epoch 78: train_loss=1.359529972076416, train_AUC=0.9072154131741612, train_AP=0.8695567164631979, distortion=0.6414149403572083, reward=0.2470, epsilon=0.1000, time=0.30997610092163086
INFO - 11/02/25 00:05:38 - 0:16:34 - Epoch 78: val_AUC=0.939514845269161, val_AP=0.9259969748865203
INFO - 11/02/25 00:05:38 - 0:16:34 - Epoch 79: train_loss=1.3594619035720825, train_AUC=0.9072564014716773, train_AP=0.8700698697873233, distortion=0.6399965882301331, reward=0.2487, epsilon=0.1000, time=0.3107016086578369
INFO - 11/02/25 00:05:38 - 0:16:34 - Epoch 79: val_AUC=0.9401827087887441, val_AP=0.9266352512611534
INFO - 11/02/25 00:05:38 - 0:16:34 - Epoch 80: train_loss=1.350724458694458, train_AUC=0.9092741056448386, train_AP=0.8726263094274296, distortion=0.638289213180542, reward=0.2527, epsilon=0.1000, time=0.32065725326538086
INFO - 11/02/25 00:05:38 - 0:16:34 - Epoch 80: val_AUC=0.9408760709802352, val_AP=0.9271971183887411
INFO - 11/02/25 00:05:39 - 0:16:35 - Epoch 81: train_loss=1.3492002487182617, train_AUC=0.9095986205912638, train_AP=0.8731107984670415, distortion=0.6364069581031799, reward=0.2549, epsilon=0.1000, time=0.3109424114227295
INFO - 11/02/25 00:05:39 - 0:16:35 - Epoch 81: val_AUC=0.9414265253608061, val_AP=0.9277667610181363
INFO - 11/02/25 00:05:39 - 0:16:35 - Epoch 82: train_loss=1.3524258136749268, train_AUC=0.9065501623190813, train_AP=0.8674541549343675, distortion=0.6349946856498718, reward=0.2520, epsilon=0.1000, time=0.272183895111084
INFO - 11/02/25 00:05:39 - 0:16:35 - Epoch 82: val_AUC=0.9418564012759132, val_AP=0.9280994990589626
INFO - 11/02/25 00:05:40 - 0:16:36 - Epoch 83: train_loss=1.3503963947296143, train_AUC=0.9085749544092419, train_AP=0.8723868446000732, distortion=0.6324320435523987, reward=0.2580, epsilon=0.1000, time=0.2671191692352295
INFO - 11/02/25 00:05:40 - 0:16:36 - Epoch 83: val_AUC=0.9422174163708388, val_AP=0.9283291232708738
INFO - 11/02/25 00:05:40 - 0:16:36 - Epoch 84: train_loss=1.3380993604660034, train_AUC=0.9113432625128073, train_AP=0.8762422687455937, distortion=0.6298439502716064, reward=0.2639, epsilon=0.1000, time=0.3107481002807617
INFO - 11/02/25 00:05:40 - 0:16:36 - Epoch 84: val_AUC=0.9424735555722664, val_AP=0.9284806627565244
INFO - 11/02/25 00:05:40 - 0:16:36 - Epoch 85: train_loss=1.3366224765777588, train_AUC=0.9111070295165508, train_AP=0.8754173403614507, distortion=0.6273900866508484, reward=0.2659, epsilon=0.1000, time=0.31015920639038086
INFO - 11/02/25 00:05:40 - 0:16:37 - Epoch 85: val_AUC=0.9427197546134588, val_AP=0.9286726058839321
INFO - 11/02/25 00:05:41 - 0:16:37 - Epoch 86: train_loss=1.3381648063659668, train_AUC=0.9101523882815082, train_AP=0.8744147985892963, distortion=0.6249662041664124, reward=0.2673, epsilon=0.1000, time=0.31059741973876953
INFO - 11/02/25 00:05:41 - 0:16:37 - Epoch 86: val_AUC=0.9429077532961716, val_AP=0.9287299624923822
INFO - 11/02/25 00:05:41 - 0:16:37 - Epoch 87: train_loss=1.3288938999176025, train_AUC=0.9124820953833372, train_AP=0.8765169441878289, distortion=0.6226916313171387, reward=0.2718, epsilon=0.1000, time=0.3104369640350342
INFO - 11/02/25 00:05:41 - 0:16:37 - Epoch 87: val_AUC=0.9430549829158899, val_AP=0.9285523511585123
INFO - 11/02/25 00:05:42 - 0:16:38 - Epoch 88: train_loss=1.3183085918426514, train_AUC=0.9149947061334858, train_AP=0.8807733187203745, distortion=0.6207587122917175, reward=0.2771, epsilon=0.1000, time=0.31090331077575684
INFO - 11/02/25 00:05:42 - 0:16:38 - Epoch 88: val_AUC=0.9432733783204816, val_AP=0.9283673147046818
INFO - 11/02/25 00:05:42 - 0:16:38 - Epoch 89: train_loss=1.3193895816802979, train_AUC=0.9128678669795245, train_AP=0.8769997127294973, distortion=0.619038999080658, reward=0.2759, epsilon=0.1000, time=0.3133728504180908
INFO - 11/02/25 00:05:42 - 0:16:38 - Epoch 89: val_AUC=0.9436199873860807, val_AP=0.9283041099235338
INFO - 11/02/25 00:05:42 - 0:16:38 - Epoch 90: train_loss=1.3173702955245972, train_AUC=0.9126462524382435, train_AP=0.8776919569009912, distortion=0.6166589856147766, reward=0.2785, epsilon=0.1000, time=0.26977014541625977
INFO - 11/02/25 00:05:43 - 0:16:39 - Epoch 90: val_AUC=0.943973799466343, val_AP=0.9282202608524273
INFO - 11/02/25 00:05:43 - 0:16:39 - Epoch 91: train_loss=1.309780478477478, train_AUC=0.91449489184688, train_AP=0.8799045366830399, distortion=0.6154721975326538, reward=0.2817, epsilon=0.1000, time=0.31093859672546387
INFO - 11/02/25 00:05:43 - 0:16:39 - Epoch 91: val_AUC=0.9442267693413189, val_AP=0.9280369545255593
INFO - 11/02/25 00:05:43 - 0:16:39 - Epoch 92: train_loss=1.3127250671386719, train_AUC=0.9121444064814768, train_AP=0.8764363052710384, distortion=0.6130291819572449, reward=0.2813, epsilon=0.1000, time=0.310194730758667
INFO - 11/02/25 00:05:43 - 0:16:39 - Epoch 92: val_AUC=0.9443451869023839, val_AP=0.9279525319177524
INFO - 11/02/25 00:05:44 - 0:16:40 - Epoch 93: train_loss=1.3210150003433228, train_AUC=0.9119297846538093, train_AP=0.8768651235344346, distortion=0.6194684505462646, reward=0.2749, epsilon=0.1000, time=0.31030941009521484
INFO - 11/02/25 00:05:44 - 0:16:40 - Epoch 93: val_AUC=0.9440086620573136, val_AP=0.9276793352585393
INFO - 11/02/25 00:05:44 - 0:16:40 - Epoch 94: train_loss=1.3057827949523926, train_AUC=0.9141690246136183, train_AP=0.8794570296280263, distortion=0.6100440621376038, reward=0.2868, epsilon=0.1000, time=0.2730085849761963
INFO - 11/02/25 00:05:44 - 0:16:40 - Epoch 94: val_AUC=0.9436162418184557, val_AP=0.9278033965561917
INFO - 11/02/25 00:05:44 - 0:16:41 - Epoch 95: train_loss=1.3067277669906616, train_AUC=0.9140116404571779, train_AP=0.8803059109035628, distortion=0.6098338961601257, reward=0.2873, epsilon=0.1000, time=0.3105275630950928
INFO - 11/02/25 00:05:45 - 0:16:41 - Epoch 95: val_AUC=0.9442832409762792, val_AP=0.9283191172296805
INFO - 11/02/25 00:05:45 - 0:16:41 - Epoch 96: train_loss=1.3083622455596924, train_AUC=0.9124028951383534, train_AP=0.8774981323757856, distortion=0.6092326641082764, reward=0.2857, epsilon=0.1000, time=0.31099629402160645
INFO - 11/02/25 00:05:45 - 0:16:41 - Epoch 96: val_AUC=0.9455460735070527, val_AP=0.9292131100014133
INFO - 11/02/25 00:05:45 - 0:16:41 - Epoch 97: train_loss=1.2991753816604614, train_AUC=0.9141380725473807, train_AP=0.8788484763204821, distortion=0.6050201654434204, reward=0.2915, epsilon=0.1000, time=0.2697327136993408
INFO - 11/02/25 00:05:45 - 0:16:41 - Epoch 97: val_AUC=0.9461266364889165, val_AP=0.9295010468539547
INFO - 11/02/25 00:05:46 - 0:16:42 - Epoch 98: train_loss=1.3058459758758545, train_AUC=0.9119354215914565, train_AP=0.8753987526633912, distortion=0.6060376763343811, reward=0.2876, epsilon=0.1000, time=0.310405969619751
INFO - 11/02/25 00:05:46 - 0:16:42 - Epoch 98: val_AUC=0.9463170841966148, val_AP=0.9295148391815111
INFO - 11/02/25 00:05:46 - 0:16:42 - Epoch 99: train_loss=1.2974586486816406, train_AUC=0.913265629716306, train_AP=0.876482768896728, distortion=0.6044735312461853, reward=0.2904, epsilon=0.1000, time=0.31034421920776367
INFO - 11/02/25 00:05:46 - 0:16:42 - Epoch 99: val_AUC=0.9466040523008014, val_AP=0.929590769011761
INFO - 11/02/25 00:05:47 - 0:16:43 - Epoch 100: train_loss=1.2866816520690918, train_AUC=0.9156999832832824, train_AP=0.8816966952638194, distortion=0.598967969417572, reward=0.2997, epsilon=0.1000, time=0.3065297603607178
INFO - 11/02/25 00:05:47 - 0:16:43 - Epoch 100: val_AUC=0.946566596624552, val_AP=0.9292559401481103
INFO - 11/02/25 00:05:47 - 0:16:43 - Epoch 101: train_loss=1.2856252193450928, train_AUC=0.915097725667474, train_AP=0.8809735886156884, distortion=0.5959097146987915, reward=0.3021, epsilon=0.1000, time=0.30615901947021484
INFO - 11/02/25 00:05:47 - 0:16:43 - Epoch 101: val_AUC=0.9462851028115096, val_AP=0.9290105657386668
INFO - 11/02/25 00:05:47 - 0:16:43 - Epoch 102: train_loss=1.276427984237671, train_AUC=0.9164376071541522, train_AP=0.8814108872996144, distortion=0.5955469012260437, reward=0.3034, epsilon=0.1000, time=0.3056046962738037
INFO - 11/02/25 00:05:47 - 0:16:44 - Epoch 102: val_AUC=0.9464922615132266, val_AP=0.9289459250409742
INFO - 11/02/25 00:05:48 - 0:16:44 - Epoch 103: train_loss=1.2840709686279297, train_AUC=0.9143764099870668, train_AP=0.8784843876262306, distortion=0.5942671298980713, reward=0.3022, epsilon=0.1000, time=0.30640530586242676
INFO - 11/02/25 00:05:48 - 0:16:44 - Epoch 103: val_AUC=0.9467074875913665, val_AP=0.9289963737552521
INFO - 11/02/25 00:05:48 - 0:16:44 - Epoch 104: train_loss=1.2801449298858643, train_AUC=0.9143680056714182, train_AP=0.8782515958668524, distortion=0.5910421013832092, reward=0.3053, epsilon=0.1000, time=0.3060629367828369
INFO - 11/02/25 00:05:48 - 0:16:44 - Epoch 104: val_AUC=0.9470321994923891, val_AP=0.9291059846382976
INFO - 11/02/25 00:05:49 - 0:16:45 - Epoch 105: train_loss=1.2764899730682373, train_AUC=0.9147357608991149, train_AP=0.8792754058907323, distortion=0.5884959697723389, reward=0.3085, epsilon=0.1000, time=0.3059861660003662
INFO - 11/02/25 00:05:49 - 0:16:45 - Epoch 105: val_AUC=0.9477282988294524, val_AP=0.9295997487090956
INFO - 11/02/25 00:05:49 - 0:16:45 - Epoch 106: train_loss=1.2722373008728027, train_AUC=0.915625403143971, train_AP=0.8811055519235016, distortion=0.5865836143493652, reward=0.3118, epsilon=0.1000, time=0.30632519721984863
INFO - 11/02/25 00:05:49 - 0:16:45 - Epoch 106: val_AUC=0.9479423724252464, val_AP=0.9296492752419271
INFO - 11/02/25 00:05:49 - 0:16:46 - Epoch 107: train_loss=1.2733172178268433, train_AUC=0.9141535961821923, train_AP=0.8781992098179066, distortion=0.5842607021331787, reward=0.3119, epsilon=0.1000, time=0.30544114112854004
INFO - 11/02/25 00:05:50 - 0:16:46 - Epoch 107: val_AUC=0.947942660545833, val_AP=0.9295413813932061
INFO - 11/02/25 00:05:50 - 0:16:46 - Epoch 108: train_loss=1.26529860496521, train_AUC=0.9153017689534768, train_AP=0.8798336417475446, distortion=0.581040620803833, reward=0.3165, epsilon=0.1000, time=0.2634720802307129
INFO - 11/02/25 00:05:50 - 0:16:46 - Epoch 108: val_AUC=0.9483708077374207, val_AP=0.9299765099336533
INFO - 11/02/25 00:05:50 - 0:16:46 - Epoch 109: train_loss=1.2657155990600586, train_AUC=0.9149482035162959, train_AP=0.8793160373797064, distortion=0.5811761021614075, reward=0.3160, epsilon=0.1000, time=0.3060436248779297
INFO - 11/02/25 00:05:50 - 0:16:46 - Epoch 109: val_AUC=0.9483579863713202, val_AP=0.9298244893364123
INFO - 11/02/25 00:05:51 - 0:16:47 - Epoch 110: train_loss=1.2617862224578857, train_AUC=0.9159039238891935, train_AP=0.8807349064037092, distortion=0.5798349976539612, reward=0.3185, epsilon=0.1000, time=0.30627989768981934
INFO - 11/02/25 00:05:51 - 0:16:47 - Epoch 110: val_AUC=0.9479890479602646, val_AP=0.9293082009647678
INFO - 11/02/25 00:05:51 - 0:16:47 - Epoch 111: train_loss=1.265148639678955, train_AUC=0.9153341081978444, train_AP=0.8808628108827644, distortion=0.5791729688644409, reward=0.3189, epsilon=0.1000, time=0.2630138397216797
INFO - 11/02/25 00:05:51 - 0:16:47 - Epoch 111: val_AUC=0.9483143361024602, val_AP=0.9295228886823079
INFO - 11/02/25 00:05:51 - 0:16:48 - Epoch 112: train_loss=1.2631807327270508, train_AUC=0.9147562515587436, train_AP=0.879089848760694, distortion=0.5773749947547913, reward=0.3195, epsilon=0.1000, time=0.3053140640258789
INFO - 11/02/25 00:05:52 - 0:16:48 - Epoch 112: val_AUC=0.9483624522404112, val_AP=0.92949575220721
INFO - 11/02/25 00:05:52 - 0:16:48 - Epoch 113: train_loss=1.257665753364563, train_AUC=0.9167218794798427, train_AP=0.8803100353765598, distortion=0.5768443942070007, reward=0.3217, epsilon=0.1000, time=0.30615901947021484
INFO - 11/02/25 00:05:52 - 0:16:48 - Epoch 113: val_AUC=0.9479623968060104, val_AP=0.9288572978929436
INFO - 11/02/25 00:05:52 - 0:16:48 - Epoch 114: train_loss=1.2587581872940063, train_AUC=0.9156644624514179, train_AP=0.8802118696576072, distortion=0.5750105381011963, reward=0.3229, epsilon=0.1000, time=0.30588769912719727
INFO - 11/02/25 00:05:52 - 0:16:48 - Epoch 114: val_AUC=0.9481841055973473, val_AP=0.9288951913682588
INFO - 11/02/25 00:05:53 - 0:16:49 - Epoch 115: train_loss=1.2469407320022583, train_AUC=0.918345428177497, train_AP=0.8836777856414583, distortion=0.5739691853523254, reward=0.3270, epsilon=0.1000, time=0.3059194087982178
INFO - 11/02/25 00:05:53 - 0:16:49 - Epoch 115: val_AUC=0.9485039194483988, val_AP=0.9292348805482319
INFO - 11/02/25 00:05:53 - 0:16:49 - Epoch 116: train_loss=1.2492587566375732, train_AUC=0.9175949663045011, train_AP=0.8822608137707951, distortion=0.5736334919929504, reward=0.3263, epsilon=0.1000, time=0.306149959564209
INFO - 11/02/25 00:05:53 - 0:16:49 - Epoch 116: val_AUC=0.9482195444294911, val_AP=0.9286152517664135
INFO - 11/02/25 00:05:54 - 0:16:50 - Epoch 117: train_loss=1.24912691116333, train_AUC=0.9169174671101511, train_AP=0.881303962822604, distortion=0.571803867816925, reward=0.3273, epsilon=0.1000, time=0.30580878257751465
INFO - 11/02/25 00:05:54 - 0:16:50 - Epoch 117: val_AUC=0.9481668183621554, val_AP=0.9284197003629585
INFO - 11/02/25 00:05:54 - 0:16:50 - Epoch 118: train_loss=1.2421355247497559, train_AUC=0.918506980846586, train_AP=0.8829257343590987, distortion=0.5711382627487183, reward=0.3296, epsilon=0.1000, time=0.3056600093841553
INFO - 11/02/25 00:05:54 - 0:16:50 - Epoch 118: val_AUC=0.9482796175717831, val_AP=0.9285503907923516
INFO - 11/02/25 00:05:54 - 0:16:50 - Epoch 119: train_loss=1.248708724975586, train_AUC=0.9166060159623639, train_AP=0.8804352843901274, distortion=0.5706071257591248, reward=0.3279, epsilon=0.1000, time=0.30534982681274414
INFO - 11/02/25 00:05:54 - 0:16:51 - Epoch 119: val_AUC=0.9481607678298384, val_AP=0.9282451360969868
INFO - 11/02/25 00:05:55 - 0:16:51 - Epoch 120: train_loss=1.247902274131775, train_AUC=0.9167658210761085, train_AP=0.8818732221442886, distortion=0.5686906576156616, reward=0.3306, epsilon=0.1000, time=0.30600690841674805
INFO - 11/02/25 00:05:55 - 0:16:51 - Epoch 120: val_AUC=0.947864867987469, val_AP=0.9277117220786976
INFO - 11/02/25 00:05:55 - 0:16:51 - Epoch 121: train_loss=1.2395553588867188, train_AUC=0.9186321847632665, train_AP=0.8848565505307868, distortion=0.5669861435890198, reward=0.3348, epsilon=0.1000, time=0.3056175708770752
INFO - 11/02/25 00:05:55 - 0:16:51 - Epoch 121: val_AUC=0.9478135825230661, val_AP=0.9274928990037757
INFO - 11/02/25 00:05:56 - 0:16:52 - Epoch 122: train_loss=1.2385871410369873, train_AUC=0.9180883182251507, train_AP=0.881317094760057, distortion=0.5664811730384827, reward=0.3332, epsilon=0.1000, time=0.3057072162628174
INFO - 11/02/25 00:05:56 - 0:16:52 - Epoch 122: val_AUC=0.9478446995464117, val_AP=0.9273988850899779
INFO - 11/02/25 00:05:56 - 0:16:52 - Epoch 123: train_loss=1.2470355033874512, train_AUC=0.915707097119528, train_AP=0.8778806992784265, distortion=0.5673843026161194, reward=0.3294, epsilon=0.1000, time=0.26320457458496094
INFO - 11/02/25 00:05:56 - 0:16:52 - Epoch 123: val_AUC=0.9477951428055281, val_AP=0.9271511555896054
INFO - 11/02/25 00:05:56 - 0:16:52 - Epoch 124: train_loss=1.2403326034545898, train_AUC=0.9169374094780288, train_AP=0.8808105544334772, distortion=0.5644897222518921, reward=0.3344, epsilon=0.1000, time=0.3061797618865967
INFO - 11/02/25 00:05:56 - 0:16:53 - Epoch 124: val_AUC=0.9479268139135737, val_AP=0.9272213659480966
INFO - 11/02/25 00:05:57 - 0:16:53 - Epoch 125: train_loss=1.234984278678894, train_AUC=0.9184625781868024, train_AP=0.8829231764958485, distortion=0.5638996362686157, reward=0.3368, epsilon=0.1000, time=0.3063826560974121
INFO - 11/02/25 00:05:57 - 0:16:53 - Epoch 125: val_AUC=0.9481506836093097, val_AP=0.9272863022727712
INFO - 11/02/25 00:05:57 - 0:16:53 - Epoch 126: train_loss=1.2365652322769165, train_AUC=0.9175300794649003, train_AP=0.8813227078321507, distortion=0.5638186931610107, reward=0.3356, epsilon=0.1000, time=0.26526689529418945
INFO - 11/02/25 00:05:57 - 0:16:53 - Epoch 126: val_AUC=0.9482039859178182, val_AP=0.9272524078047462
INFO - 11/02/25 00:05:58 - 0:16:54 - Epoch 127: train_loss=1.2378907203674316, train_AUC=0.9172068385491259, train_AP=0.8818912017883279, distortion=0.5634719729423523, reward=0.3361, epsilon=0.1000, time=0.269655704498291
INFO - 11/02/25 00:05:58 - 0:16:54 - Epoch 127: val_AUC=0.9482388485087887, val_AP=0.9273125580504306
INFO - 11/02/25 00:05:58 - 0:16:54 - Epoch 128: train_loss=1.2338266372680664, train_AUC=0.9173767093025244, train_AP=0.8809503486984365, distortion=0.5612608790397644, reward=0.3379, epsilon=0.1000, time=0.313098669052124
INFO - 11/02/25 00:05:58 - 0:16:54 - Epoch 128: val_AUC=0.9482621862762978, val_AP=0.9274394507036495
INFO - 11/02/25 00:05:58 - 0:16:54 - Epoch 129: train_loss=1.2359976768493652, train_AUC=0.9170695702201355, train_AP=0.8807292023023343, distortion=0.5597459077835083, reward=0.3392, epsilon=0.1000, time=0.30903172492980957
INFO - 11/02/25 00:05:58 - 0:16:55 - Epoch 129: val_AUC=0.9481967829031549, val_AP=0.9272744164087849
INFO - 11/02/25 00:05:59 - 0:16:55 - Epoch 130: train_loss=1.2385530471801758, train_AUC=0.9152661329803444, train_AP=0.8781642707853146, distortion=0.5592781901359558, reward=0.3374, epsilon=0.1000, time=0.30647921562194824
INFO - 11/02/25 00:05:59 - 0:16:55 - Epoch 130: val_AUC=0.9482215612735967, val_AP=0.9272948459983786
INFO - 11/02/25 00:05:59 - 0:16:55 - Epoch 131: train_loss=1.2282116413116455, train_AUC=0.9183845208808958, train_AP=0.8810577503477071, distortion=0.5594024062156677, reward=0.3403, epsilon=0.1000, time=0.30545473098754883
INFO - 11/02/25 00:05:59 - 0:16:55 - Epoch 131: val_AUC=0.948241729714654, val_AP=0.927382344634337
INFO - 11/02/25 00:06:00 - 0:16:56 - Epoch 132: train_loss=1.226041555404663, train_AUC=0.9187403572428199, train_AP=0.8824612726843656, distortion=0.5578908920288086, reward=0.3427, epsilon=0.1000, time=0.30796098709106445
INFO - 11/02/25 00:06:00 - 0:16:56 - Epoch 132: val_AUC=0.94827198237624, val_AP=0.9274307156882354
INFO - 11/02/25 00:06:00 - 0:16:56 - Epoch 133: train_loss=1.2319672107696533, train_AUC=0.9164655695350059, train_AP=0.8792817374475526, distortion=0.557532787322998, reward=0.3403, epsilon=0.1000, time=0.3062160015106201
INFO - 11/02/25 00:06:00 - 0:16:56 - Epoch 133: val_AUC=0.9482829309585282, val_AP=0.9273788892215485
INFO - 11/02/25 00:06:00 - 0:16:56 - Epoch 134: train_loss=1.2319493293762207, train_AUC=0.9159544968249641, train_AP=0.8775668705506304, distortion=0.5580199360847473, reward=0.3387, epsilon=0.1000, time=0.3054819107055664
INFO - 11/02/25 00:06:01 - 0:16:57 - Epoch 134: val_AUC=0.9484327536635253, val_AP=0.9276285387822837
INFO - 11/02/25 00:06:01 - 0:16:57 - Epoch 135: train_loss=1.2318280935287476, train_AUC=0.9165287676360134, train_AP=0.8793751559559777, distortion=0.5573936700820923, reward=0.3406, epsilon=0.1000, time=0.30622148513793945
INFO - 11/02/25 00:06:01 - 0:16:57 - Epoch 135: val_AUC=0.9484082634136701, val_AP=0.9276306146651331
INFO - 11/02/25 00:06:01 - 0:16:57 - Epoch 136: train_loss=1.2232882976531982, train_AUC=0.9175315857718745, train_AP=0.879397203099042, distortion=0.5560389757156372, reward=0.3424, epsilon=0.1000, time=0.3058967590332031
INFO - 11/02/25 00:06:01 - 0:16:57 - Epoch 136: val_AUC=0.9482497970910769, val_AP=0.9274815877594244
INFO - 11/02/25 00:06:02 - 0:16:58 - Epoch 137: train_loss=1.222403645515442, train_AUC=0.9176276135891434, train_AP=0.8793351397391318, distortion=0.5551085472106934, reward=0.3434, epsilon=0.1000, time=0.305952787399292
INFO - 11/02/25 00:06:02 - 0:16:58 - Epoch 137: val_AUC=0.9481987997472606, val_AP=0.9274959359603419
INFO - 11/02/25 00:06:02 - 0:16:58 - Epoch 138: train_loss=1.2191362380981445, train_AUC=0.9188231448111966, train_AP=0.880951718993289, distortion=0.5548248887062073, reward=0.3451, epsilon=0.1000, time=0.3059368133544922
INFO - 11/02/25 00:06:02 - 0:16:58 - Epoch 138: val_AUC=0.94825037333225, val_AP=0.9276412730122147
INFO - 11/02/25 00:06:02 - 0:16:59 - Epoch 139: train_loss=1.2254407405853271, train_AUC=0.9167651142781967, train_AP=0.8789960616129084, distortion=0.5541471838951111, reward=0.3437, epsilon=0.1000, time=0.30571985244750977
INFO - 11/02/25 00:06:03 - 0:16:59 - Epoch 139: val_AUC=0.9482624743968845, val_AP=0.9276908019531018
INFO - 11/02/25 00:06:03 - 0:16:59 - Epoch 140: train_loss=1.21756112575531, train_AUC=0.9192209239967306, train_AP=0.882640785214497, distortion=0.5533945560455322, reward=0.3475, epsilon=0.1000, time=0.30654430389404297
INFO - 11/02/25 00:06:03 - 0:16:59 - Epoch 140: val_AUC=0.9482630506380574, val_AP=0.9275435329779691
INFO - 11/02/25 00:06:03 - 0:16:59 - Epoch 141: train_loss=1.2201218605041504, train_AUC=0.9183743869539963, train_AP=0.8807476172549245, distortion=0.5535960793495178, reward=0.3460, epsilon=0.1000, time=0.30558276176452637
INFO - 11/02/25 00:06:03 - 0:16:59 - Epoch 141: val_AUC=0.9483345045435178, val_AP=0.927570365991325
INFO - 11/02/25 00:06:04 - 0:17:00 - Epoch 142: train_loss=1.2213817834854126, train_AUC=0.917791129142701, train_AP=0.88103708671128, distortion=0.5531665086746216, reward=0.3462, epsilon=0.1000, time=0.30593395233154297
INFO - 11/02/25 00:06:04 - 0:17:00 - Epoch 142: val_AUC=0.9484468715722655, val_AP=0.9277656590054676
INFO - 11/02/25 00:06:04 - 0:17:00 - Epoch 143: train_loss=1.2224857807159424, train_AUC=0.9169240864869266, train_AP=0.8793783962381786, distortion=0.5518184304237366, reward=0.3463, epsilon=0.1000, time=0.3059077262878418
INFO - 11/02/25 00:06:04 - 0:17:00 - Epoch 143: val_AUC=0.948478564836784, val_AP=0.9278350637815083
INFO - 11/02/25 00:06:05 - 0:17:01 - Epoch 144: train_loss=1.2168625593185425, train_AUC=0.9186394276972971, train_AP=0.8806615836580762, distortion=0.5506356954574585, reward=0.3490, epsilon=0.1000, time=0.30607104301452637
INFO - 11/02/25 00:06:05 - 0:17:01 - Epoch 144: val_AUC=0.9483912642990647, val_AP=0.9275875337657197
INFO - 11/02/25 00:06:05 - 0:17:01 - Epoch 145: train_loss=1.213698387145996, train_AUC=0.919972488434593, train_AP=0.883181657891702, distortion=0.5503989458084106, reward=0.3512, epsilon=0.1000, time=0.3062744140625
INFO - 11/02/25 00:06:05 - 0:17:01 - Epoch 145: val_AUC=0.9484814460426494, val_AP=0.9276790296814414
INFO - 11/02/25 00:06:05 - 0:17:01 - Epoch 146: train_loss=1.2139981985092163, train_AUC=0.9194935241879365, train_AP=0.8838165672920612, distortion=0.5493800640106201, reward=0.3523, epsilon=0.1000, time=0.3058197498321533
INFO - 11/02/25 00:06:05 - 0:17:02 - Epoch 146: val_AUC=0.9487073325824912, val_AP=0.928064858697967
INFO - 11/02/25 00:06:06 - 0:17:02 - Epoch 147: train_loss=1.2161146402359009, train_AUC=0.9178511361857179, train_AP=0.8802888476731984, distortion=0.5481357574462891, reward=0.3509, epsilon=0.1000, time=0.3061954975128174
INFO - 11/02/25 00:06:06 - 0:17:02 - Epoch 147: val_AUC=0.948720874250058, val_AP=0.9278753385292091
INFO - 11/02/25 00:06:06 - 0:17:02 - Epoch 148: train_loss=1.2083323001861572, train_AUC=0.9209902759321503, train_AP=0.8856382978154962, distortion=0.5482810139656067, reward=0.3550, epsilon=0.1000, time=0.31589722633361816
INFO - 11/02/25 00:06:06 - 0:17:02 - Epoch 148: val_AUC=0.948712230632462, val_AP=0.9277332694876903
INFO - 11/02/25 00:06:07 - 0:17:03 - Epoch 149: train_loss=1.2043962478637695, train_AUC=0.9210461458646823, train_AP=0.8841819610688563, distortion=0.5474548935890198, reward=0.3552, epsilon=0.1000, time=0.31578993797302246
INFO - 11/02/25 00:06:07 - 0:17:03 - Epoch 149: val_AUC=0.9488395799317096, val_AP=0.9280112403106473
INFO - 11/02/25 00:06:07 - 0:17:03 - Epoch 150: train_loss=1.212038516998291, train_AUC=0.918256292387538, train_AP=0.8797908727276247, distortion=0.5455989241600037, reward=0.3534, epsilon=0.1000, time=0.3079707622528076
INFO - 11/02/25 00:06:07 - 0:17:03 - Epoch 150: val_AUC=0.9489237111429771, val_AP=0.9281291170750274
INFO - 11/02/25 00:06:07 - 0:17:04 - Epoch 151: train_loss=1.2172608375549316, train_AUC=0.9155098297226733, train_AP=0.8749570955290165, distortion=0.5450922846794128, reward=0.3501, epsilon=0.1000, time=0.30925607681274414
INFO - 11/02/25 00:06:08 - 0:17:04 - Epoch 151: val_AUC=0.9489369646899576, val_AP=0.9280389203667263
INFO - 11/02/25 00:06:08 - 0:17:04 - Epoch 152: train_loss=1.2097731828689575, train_AUC=0.9184554573722982, train_AP=0.8808581203863881, distortion=0.5448381304740906, reward=0.3548, epsilon=0.1000, time=0.3062760829925537
INFO - 11/02/25 00:06:08 - 0:17:04 - Epoch 152: val_AUC=0.9491302936035212, val_AP=0.9282819457187299
INFO - 11/02/25 00:06:08 - 0:17:04 - Epoch 153: train_loss=1.214868426322937, train_AUC=0.9168764773172938, train_AP=0.8789829205733589, distortion=0.5439800024032593, reward=0.3539, epsilon=0.1000, time=0.3126411437988281
INFO - 11/02/25 00:06:08 - 0:17:04 - Epoch 153: val_AUC=0.9493296730494019, val_AP=0.9286023873075941
INFO - 11/02/25 00:06:09 - 0:17:05 - Epoch 154: train_loss=1.2134469747543335, train_AUC=0.9176033770999613, train_AP=0.879704075944163, distortion=0.5430194139480591, reward=0.3556, epsilon=0.1000, time=0.3065330982208252
INFO - 11/02/25 00:06:09 - 0:17:05 - Epoch 154: val_AUC=0.9494060250048331, val_AP=0.9286542456782266
INFO - 11/02/25 00:06:09 - 0:17:05 - Epoch 155: train_loss=1.2097585201263428, train_AUC=0.9181933828873703, train_AP=0.880492398282653, distortion=0.543321967124939, reward=0.3560, epsilon=0.1000, time=0.30591487884521484
INFO - 11/02/25 00:06:09 - 0:17:05 - Epoch 155: val_AUC=0.9496359452328864, val_AP=0.9290928778815626
INFO - 11/02/25 00:06:10 - 0:17:06 - Epoch 156: train_loss=1.1990877389907837, train_AUC=0.9198809276997535, train_AP=0.8814297760380285, distortion=0.5411616563796997, reward=0.3595, epsilon=0.1000, time=0.3064002990722656
INFO - 11/02/25 00:06:10 - 0:17:06 - Epoch 156: val_AUC=0.949741109246971, val_AP=0.9291995209528128
INFO - 11/02/25 00:06:10 - 0:17:06 - Epoch 157: train_loss=1.2061176300048828, train_AUC=0.9179782252291278, train_AP=0.8792215868244286, distortion=0.5408092737197876, reward=0.3578, epsilon=0.1000, time=0.30637598037719727
INFO - 11/02/25 00:06:10 - 0:17:06 - Epoch 157: val_AUC=0.9499194558900347, val_AP=0.9294315509730304
INFO - 11/02/25 00:06:10 - 0:17:06 - Epoch 158: train_loss=1.2083879709243774, train_AUC=0.9177286891796509, train_AP=0.879687145964899, distortion=0.5404758453369141, reward=0.3582, epsilon=0.1000, time=0.3058478832244873
INFO - 11/02/25 00:06:10 - 0:17:07 - Epoch 158: val_AUC=0.9501681039562125, val_AP=0.9298280780069459
INFO - 11/02/25 00:06:11 - 0:17:07 - Epoch 159: train_loss=1.2050480842590332, train_AUC=0.9175948342160338, train_AP=0.8788324632338281, distortion=0.5389856696128845, reward=0.3592, epsilon=0.1000, time=0.3060579299926758
INFO - 11/02/25 00:06:11 - 0:17:07 - Epoch 159: val_AUC=0.9501614771827223, val_AP=0.9297383238978781
INFO - 11/02/25 00:06:11 - 0:17:07 - Epoch 160: train_loss=1.2038192749023438, train_AUC=0.9176258525757286, train_AP=0.8774171983031706, distortion=0.5403323173522949, reward=0.3572, epsilon=0.1000, time=0.30666542053222656
INFO - 11/02/25 00:06:11 - 0:17:07 - Epoch 160: val_AUC=0.9504346154987554, val_AP=0.9303280222489252
INFO - 11/02/25 00:06:12 - 0:17:08 - Epoch 161: train_loss=1.2030582427978516, train_AUC=0.9179140745958144, train_AP=0.8777122193772462, distortion=0.5376704335212708, reward=0.3601, epsilon=0.1000, time=0.31465768814086914
INFO - 11/02/25 00:06:12 - 0:17:08 - Epoch 161: val_AUC=0.9503844825166987, val_AP=0.9300671041855301
INFO - 11/02/25 00:06:12 - 0:17:08 - Epoch 162: train_loss=1.2002246379852295, train_AUC=0.9204137242274166, train_AP=0.8836251191072482, distortion=0.5398638844490051, reward=0.3622, epsilon=0.1000, time=0.30887579917907715
INFO - 11/02/25 00:06:12 - 0:17:08 - Epoch 162: val_AUC=0.95080528263333, val_AP=0.9308628775451951
INFO - 11/02/25 00:06:12 - 0:17:09 - Epoch 163: train_loss=1.2070484161376953, train_AUC=0.9169106478561098, train_AP=0.8786449824296638, distortion=0.5363233685493469, reward=0.3615, epsilon=0.1000, time=0.30607056617736816
INFO - 11/02/25 00:06:13 - 0:17:09 - Epoch 163: val_AUC=0.9508018251862915, val_AP=0.9305050496780449
INFO - 11/02/25 00:06:13 - 0:17:09 - Epoch 164: train_loss=1.1961522102355957, train_AUC=0.920378439161005, train_AP=0.8835066682058097, distortion=0.5371800065040588, reward=0.3648, epsilon=0.1000, time=0.30604982376098633
INFO - 11/02/25 00:06:13 - 0:17:09 - Epoch 164: val_AUC=0.9509895357484177, val_AP=0.930864305450892
INFO - 11/02/25 00:06:13 - 0:17:09 - Epoch 165: train_loss=1.2000951766967773, train_AUC=0.9181119630576889, train_AP=0.8796140400872721, distortion=0.535894513130188, reward=0.3630, epsilon=0.1000, time=0.30655407905578613
INFO - 11/02/25 00:06:13 - 0:17:09 - Epoch 165: val_AUC=0.9512128292029806, val_AP=0.9313409415408445
INFO - 11/02/25 00:06:14 - 0:17:10 - Epoch 166: train_loss=1.1958640813827515, train_AUC=0.9196025883892558, train_AP=0.8815777968058467, distortion=0.5344371795654297, reward=0.3662, epsilon=0.1000, time=0.30660247802734375
INFO - 11/02/25 00:06:14 - 0:17:10 - Epoch 166: val_AUC=0.9512108123588751, val_AP=0.9311950294917771
INFO - 11/02/25 00:06:14 - 0:17:10 - Epoch 167: train_loss=1.1971995830535889, train_AUC=0.9191140519655211, train_AP=0.8796059709721693, distortion=0.5355087518692017, reward=0.3639, epsilon=0.1000, time=0.308760404586792
INFO - 11/02/25 00:06:14 - 0:17:10 - Epoch 167: val_AUC=0.951545608480426, val_AP=0.9318081544335627
INFO - 11/02/25 00:06:15 - 0:17:11 - Epoch 168: train_loss=1.197521448135376, train_AUC=0.9189679476657399, train_AP=0.8802163482547223, distortion=0.5334504246711731, reward=0.3661, epsilon=0.1000, time=0.30670619010925293
INFO - 11/02/25 00:06:15 - 0:17:11 - Epoch 168: val_AUC=0.9515847928801945, val_AP=0.9315983590364315
INFO - 11/02/25 00:06:15 - 0:17:11 - Epoch 169: train_loss=1.1934168338775635, train_AUC=0.9193998714708435, train_AP=0.8802791084232544, distortion=0.5351811647415161, reward=0.3647, epsilon=0.1000, time=0.3065361976623535
INFO - 11/02/25 00:06:15 - 0:17:11 - Epoch 169: val_AUC=0.9518791080593378, val_AP=0.9321061383390052
INFO - 11/02/25 00:06:15 - 0:17:11 - Epoch 170: train_loss=1.1944447755813599, train_AUC=0.9194750293102812, train_AP=0.8814879253582745, distortion=0.5323774814605713, reward=0.3681, epsilon=0.1000, time=0.3098008632659912
INFO - 11/02/25 00:06:16 - 0:17:12 - Epoch 170: val_AUC=0.951773223743787, val_AP=0.9318103956173454
INFO - 11/02/25 00:06:16 - 0:17:12 - Epoch 171: train_loss=1.1895201206207275, train_AUC=0.9206648936878644, train_AP=0.8821833630321281, distortion=0.5329333543777466, reward=0.3685, epsilon=0.1000, time=0.26458263397216797
INFO - 11/02/25 00:06:16 - 0:17:12 - Epoch 171: val_AUC=0.9518749303108331, val_AP=0.9319143556196043
INFO - 11/02/25 00:06:16 - 0:17:12 - Epoch 172: train_loss=1.1886298656463623, train_AUC=0.9204750661116237, train_AP=0.882258330682588, distortion=0.5319645404815674, reward=0.3694, epsilon=0.1000, time=0.264784574508667
INFO - 11/02/25 00:06:16 - 0:17:12 - Epoch 172: val_AUC=0.9522175056882206, val_AP=0.9325162846485231
INFO - 11/02/25 00:06:17 - 0:17:13 - Epoch 173: train_loss=1.1936250925064087, train_AUC=0.9187049675025287, train_AP=0.8801293098154576, distortion=0.5301978588104248, reward=0.3692, epsilon=0.1000, time=0.3073270320892334
INFO - 11/02/25 00:06:17 - 0:17:13 - Epoch 173: val_AUC=0.952057598762695, val_AP=0.9318691487957295
INFO - 11/02/25 00:06:17 - 0:17:13 - Epoch 174: train_loss=1.191818356513977, train_AUC=0.91955441946359, train_AP=0.8814776465635212, distortion=0.5328964591026306, reward=0.3676, epsilon=0.1000, time=0.2639734745025635
INFO - 11/02/25 00:06:17 - 0:17:13 - Epoch 174: val_AUC=0.952416597013515, val_AP=0.932682634097663
INFO - 11/02/25 00:06:17 - 0:17:13 - Epoch 175: train_loss=1.1914803981781006, train_AUC=0.9190928320778636, train_AP=0.8808660717272273, distortion=0.5297916531562805, reward=0.3702, epsilon=0.1000, time=0.2650759220123291
INFO - 11/02/25 00:06:17 - 0:17:13 - Epoch 175: val_AUC=0.9524148682899957, val_AP=0.9323740318221035
INFO - 11/02/25 00:06:18 - 0:17:14 - Epoch 176: train_loss=1.1926448345184326, train_AUC=0.9187376147871709, train_AP=0.8801572496584714, distortion=0.531303882598877, reward=0.3681, epsilon=0.1000, time=0.30822324752807617
INFO - 11/02/25 00:06:18 - 0:17:14 - Epoch 176: val_AUC=0.9528641923446936, val_AP=0.9331889688599182
INFO - 11/02/25 00:06:18 - 0:17:14 - Epoch 177: train_loss=1.191161036491394, train_AUC=0.9178673895470056, train_AP=0.8764870654165848, distortion=0.5279216766357422, reward=0.3693, epsilon=0.1000, time=0.3141341209411621
INFO - 11/02/25 00:06:18 - 0:17:14 - Epoch 177: val_AUC=0.9528064241670939, val_AP=0.9329644054196488
INFO - 11/02/25 00:06:19 - 0:17:15 - Epoch 178: train_loss=1.1868667602539062, train_AUC=0.9196247991896415, train_AP=0.881277567380371, distortion=0.5276921391487122, reward=0.3728, epsilon=0.1000, time=0.3165595531463623
INFO - 11/02/25 00:06:19 - 0:17:15 - Epoch 178: val_AUC=0.9528355243463336, val_AP=0.9328437162959626
INFO - 11/02/25 00:06:19 - 0:17:15 - Epoch 179: train_loss=1.1906814575195312, train_AUC=0.9183916696084347, train_AP=0.8786304496646086, distortion=0.5278141498565674, reward=0.3707, epsilon=0.1000, time=0.2812931537628174
INFO - 11/02/25 00:06:19 - 0:17:15 - Epoch 179: val_AUC=0.9531950988383264, val_AP=0.9335429288298374
INFO - 11/02/25 00:06:19 - 0:17:15 - Epoch 180: train_loss=1.1866919994354248, train_AUC=0.9189223527206213, train_AP=0.87946720041164, distortion=0.5261808633804321, reward=0.3730, epsilon=0.1000, time=0.31148266792297363
INFO - 11/02/25 00:06:20 - 0:17:16 - Epoch 180: val_AUC=0.9532809587731135, val_AP=0.933549707122398
INFO - 11/02/25 00:06:20 - 0:17:16 - Epoch 181: train_loss=1.1845359802246094, train_AUC=0.9196943330510555, train_AP=0.8804934110569818, distortion=0.5270049571990967, reward=0.3731, epsilon=0.1000, time=0.3177475929260254
INFO - 11/02/25 00:06:20 - 0:17:16 - Epoch 181: val_AUC=0.9534509499191678, val_AP=0.9338054578818514
INFO - 11/02/25 00:06:20 - 0:17:16 - Epoch 182: train_loss=1.1752406358718872, train_AUC=0.9224108554971867, train_AP=0.8851674521523292, distortion=0.5251762866973877, reward=0.3786, epsilon=0.1000, time=0.3175344467163086
INFO - 11/02/25 00:06:20 - 0:17:16 - Epoch 182: val_AUC=0.9534575766926581, val_AP=0.933821017566417
INFO - 11/02/25 00:06:21 - 0:17:17 - Epoch 183: train_loss=1.1796388626098633, train_AUC=0.9207581969935779, train_AP=0.8816911658281384, distortion=0.525006890296936, reward=0.3762, epsilon=0.1000, time=0.31708645820617676
INFO - 11/02/25 00:06:21 - 0:17:17 - Epoch 183: val_AUC=0.9537232238734414, val_AP=0.9339372922907275
INFO - 11/02/25 00:06:21 - 0:17:17 - Epoch 184: train_loss=1.182992696762085, train_AUC=0.9196408696208631, train_AP=0.8802162944137911, distortion=0.5247491598129272, reward=0.3752, epsilon=0.1000, time=0.3167252540588379
INFO - 11/02/25 00:06:21 - 0:17:17 - Epoch 184: val_AUC=0.9540767478331171, val_AP=0.9347707066588273
INFO - 11/02/25 00:06:22 - 0:17:18 - Epoch 185: train_loss=1.1796350479125977, train_AUC=0.920397631864525, train_AP=0.8810229905194894, distortion=0.5229394435882568, reward=0.3778, epsilon=0.1000, time=0.31724047660827637
INFO - 11/02/25 00:06:22 - 0:17:18 - Epoch 185: val_AUC=0.9539687026131674, val_AP=0.9343126628049131
INFO - 11/02/25 00:06:22 - 0:17:18 - Epoch 186: train_loss=1.1783225536346436, train_AUC=0.9203371667486725, train_AP=0.8806158354777949, distortion=0.5259400606155396, reward=0.3745, epsilon=0.1000, time=0.3159494400024414
INFO - 11/02/25 00:06:22 - 0:17:18 - Epoch 186: val_AUC=0.9541882505001053, val_AP=0.9348302204576772
INFO - 11/02/25 00:06:22 - 0:17:18 - Epoch 187: train_loss=1.1791634559631348, train_AUC=0.9200546021025628, train_AP=0.8805117565996775, distortion=0.5220508575439453, reward=0.3782, epsilon=0.1000, time=0.31699538230895996
INFO - 11/02/25 00:06:23 - 0:17:19 - Epoch 187: val_AUC=0.9543458524609388, val_AP=0.9347822334950079
INFO - 11/02/25 00:06:23 - 0:17:19 - Epoch 188: train_loss=1.1706117391586304, train_AUC=0.923038993480536, train_AP=0.8848654279305793, distortion=0.5218377113342285, reward=0.3821, epsilon=0.1000, time=0.3188958168029785
INFO - 11/02/25 00:06:23 - 0:17:19 - Epoch 188: val_AUC=0.9545319783598389, val_AP=0.9350886075352426
INFO - 11/02/25 00:06:23 - 0:17:19 - Epoch 189: train_loss=1.178539752960205, train_AUC=0.919757186226707, train_AP=0.8805519245351618, distortion=0.5210692286491394, reward=0.3791, epsilon=0.1000, time=0.3184995651245117
INFO - 11/02/25 00:06:23 - 0:17:19 - Epoch 189: val_AUC=0.9547212735851911, val_AP=0.9355168154443778
INFO - 11/02/25 00:06:24 - 0:17:20 - Epoch 190: train_loss=1.1807050704956055, train_AUC=0.9186603963676433, train_AP=0.8790138167491431, distortion=0.5198993682861328, reward=0.3789, epsilon=0.1000, time=0.31772851943969727
INFO - 11/02/25 00:06:24 - 0:17:20 - Epoch 190: val_AUC=0.9546714287237209, val_AP=0.9350325596749203
INFO - 11/02/25 00:06:24 - 0:17:20 - Epoch 191: train_loss=1.1778873205184937, train_AUC=0.9206374791003147, train_AP=0.8813441440530392, distortion=0.522676944732666, reward=0.3783, epsilon=0.1000, time=0.31632494926452637
INFO - 11/02/25 00:06:24 - 0:17:20 - Epoch 191: val_AUC=0.9549555156220421, val_AP=0.9356795011942318
INFO - 11/02/25 00:06:25 - 0:17:21 - Epoch 192: train_loss=1.1758091449737549, train_AUC=0.9202567333456959, train_AP=0.8808306356247936, distortion=0.5192957520484924, reward=0.3812, epsilon=0.1000, time=0.30788540840148926
INFO - 11/02/25 00:06:25 - 0:17:21 - Epoch 192: val_AUC=0.9551177275122603, val_AP=0.93576033728658
INFO - 11/02/25 00:06:25 - 0:17:21 - Epoch 193: train_loss=1.1711831092834473, train_AUC=0.9203353793175643, train_AP=0.8799086368025513, distortion=0.5183995366096497, reward=0.3817, epsilon=0.1000, time=0.31444644927978516
INFO - 11/02/25 00:06:25 - 0:17:21 - Epoch 193: val_AUC=0.9551551831885094, val_AP=0.9356845607036599
INFO - 11/02/25 00:06:25 - 0:17:21 - Epoch 194: train_loss=1.1710870265960693, train_AUC=0.9206730627365072, train_AP=0.8804870806842122, distortion=0.519089937210083, reward=0.3815, epsilon=0.1000, time=0.3144381046295166
INFO - 11/02/25 00:06:26 - 0:17:22 - Epoch 194: val_AUC=0.9553914420694665, val_AP=0.9363453406767082
INFO - 11/02/25 00:06:26 - 0:17:22 - Epoch 195: train_loss=1.1712393760681152, train_AUC=0.920385020157358, train_AP=0.8810877924275633, distortion=0.5172407627105713, reward=0.3835, epsilon=0.1000, time=0.31478357315063477
INFO - 11/02/25 00:06:26 - 0:17:22 - Epoch 195: val_AUC=0.9554807594512916, val_AP=0.9359750365516589
INFO - 11/02/25 00:06:26 - 0:17:22 - Epoch 196: train_loss=1.1687414646148682, train_AUC=0.9230044301654475, train_AP=0.8846520008148836, distortion=0.5203725695610046, reward=0.3835, epsilon=0.1000, time=0.31479692459106445
INFO - 11/02/25 00:06:26 - 0:17:22 - Epoch 196: val_AUC=0.9558241991904388, val_AP=0.9364845746165442
INFO - 11/02/25 00:06:27 - 0:17:23 - Epoch 197: train_loss=1.1689132452011108, train_AUC=0.9206881402612124, train_AP=0.8805488975151499, distortion=0.5161786079406738, reward=0.3844, epsilon=0.1000, time=0.3208639621734619
INFO - 11/02/25 00:06:27 - 0:17:23 - Epoch 197: val_AUC=0.9558334190492078, val_AP=0.9368978766365236
INFO - 11/02/25 00:06:27 - 0:17:23 - Epoch 198: train_loss=1.1686642169952393, train_AUC=0.9215961901554905, train_AP=0.8828502046881316, distortion=0.51540207862854, reward=0.3868, epsilon=0.1000, time=0.31772875785827637
INFO - 11/02/25 00:06:27 - 0:17:23 - Epoch 198: val_AUC=0.9558213179845734, val_AP=0.936909696975115
INFO - 11/02/25 00:06:28 - 0:17:24 - Epoch 199: train_loss=1.1667945384979248, train_AUC=0.9232223761364673, train_AP=0.8839673532036773, distortion=0.5219325423240662, reward=0.3817, epsilon=0.1000, time=0.3145451545715332
INFO - 11/02/25 00:06:28 - 0:17:24 - Epoch 199: val_AUC=0.9563598153608033, val_AP=0.9370080653328065
INFO - 11/02/25 00:06:28 - 0:17:24 - Epoch 200: train_loss=1.16978919506073, train_AUC=0.9200451565310345, train_AP=0.8792130673930485, distortion=0.5156538486480713, reward=0.3840, epsilon=0.1000, time=0.3118758201599121
INFO - 11/02/25 00:06:28 - 0:17:24 - Epoch 200: val_AUC=0.9559803605483396, val_AP=0.9379237659022163
INFO - 11/02/25 00:06:28 - 0:17:24 - Epoch 201: train_loss=1.1726348400115967, train_AUC=0.9206798311489497, train_AP=0.8815581358024371, distortion=0.5179665088653564, reward=0.3832, epsilon=0.1000, time=0.31124281883239746
INFO - 11/02/25 00:06:29 - 0:17:25 - Epoch 201: val_AUC=0.9565416194509055, val_AP=0.9376487351950796
INFO - 11/02/25 00:06:29 - 0:17:25 - Epoch 202: train_loss=1.171844482421875, train_AUC=0.9217570549676556, train_AP=0.8830381127126782, distortion=0.5214012265205383, reward=0.3810, epsilon=0.1000, time=0.31104159355163574
INFO - 11/02/25 00:06:29 - 0:17:25 - Epoch 202: val_AUC=0.9566292081092114, val_AP=0.93790758541272
INFO - 11/02/25 00:06:29 - 0:17:25 - Epoch 203: train_loss=1.1729925870895386, train_AUC=0.9203030490452434, train_AP=0.8791223373104856, distortion=0.5218209028244019, reward=0.3779, epsilon=0.1000, time=0.3110787868499756
INFO - 11/02/25 00:06:29 - 0:17:25 - Epoch 203: val_AUC=0.9569204980221963, val_AP=0.9379511348327477
INFO - 11/02/25 00:06:30 - 0:17:26 - Epoch 204: train_loss=1.1614181995391846, train_AUC=0.9224873785830845, train_AP=0.884413692569546, distortion=0.5135256052017212, reward=0.3899, epsilon=0.1000, time=0.31540441513061523
INFO - 11/02/25 00:06:30 - 0:17:26 - Epoch 204: val_AUC=0.9568556708902264, val_AP=0.9382054268379403
INFO - 11/02/25 00:06:30 - 0:17:26 - Epoch 205: train_loss=1.1679444313049316, train_AUC=0.9207192558180813, train_AP=0.8807545771434835, distortion=0.5139212012290955, reward=0.3868, epsilon=0.1000, time=0.3139822483062744
INFO - 11/02/25 00:06:30 - 0:17:26 - Epoch 205: val_AUC=0.957064270194876, val_AP=0.9382248241876658
INFO - 11/02/25 00:06:31 - 0:17:27 - Epoch 206: train_loss=1.1677972078323364, train_AUC=0.9211091401008479, train_AP=0.8804610740857837, distortion=0.5175355672836304, reward=0.3832, epsilon=0.1000, time=0.31410861015319824
INFO - 11/02/25 00:06:31 - 0:17:27 - Epoch 206: val_AUC=0.95720688988521, val_AP=0.9383265617217807
INFO - 11/02/25 00:06:31 - 0:17:27 - Epoch 207: train_loss=1.1688520908355713, train_AUC=0.9199732994079375, train_AP=0.8797738960506952, distortion=0.5162022709846497, reward=0.3837, epsilon=0.1000, time=0.3148014545440674
INFO - 11/02/25 00:06:31 - 0:17:27 - Epoch 207: val_AUC=0.9571826877559411, val_AP=0.9384479694554927
INFO - 11/02/25 00:06:31 - 0:17:27 - Epoch 208: train_loss=1.1656345129013062, train_AUC=0.9197992671201487, train_AP=0.8790475624994969, distortion=0.5114772915840149, reward=0.3879, epsilon=0.1000, time=0.3139767646789551
INFO - 11/02/25 00:06:31 - 0:17:28 - Epoch 208: val_AUC=0.9574137604663404, val_AP=0.9384183722174839
INFO - 11/02/25 00:06:32 - 0:17:28 - Epoch 209: train_loss=1.1642427444458008, train_AUC=0.9214274573566987, train_AP=0.8835918583788704, distortion=0.5102869868278503, reward=0.3922, epsilon=0.1000, time=0.31493711471557617
INFO - 11/02/25 00:06:32 - 0:17:28 - Epoch 209: val_AUC=0.9576047844152118, val_AP=0.9387316481194528
INFO - 11/02/25 00:06:32 - 0:17:28 - Epoch 210: train_loss=1.1583118438720703, train_AUC=0.9230554392423834, train_AP=0.8846181058976552, distortion=0.5141350030899048, reward=0.3897, epsilon=0.1000, time=0.3141622543334961
INFO - 11/02/25 00:06:32 - 0:17:28 - Epoch 210: val_AUC=0.9578698553548219, val_AP=0.9388541622456085
INFO - 11/02/25 00:06:33 - 0:17:29 - Epoch 211: train_loss=1.1596671342849731, train_AUC=0.9220735593715988, train_AP=0.8821736099461337, distortion=0.512359619140625, reward=0.3898, epsilon=0.1000, time=0.31523799896240234
INFO - 11/02/25 00:06:33 - 0:17:29 - Epoch 211: val_AUC=0.9577361674026708, val_AP=0.9391473639837076
INFO - 11/02/25 00:06:33 - 0:17:29 - Epoch 212: train_loss=1.1658426523208618, train_AUC=0.9197974801874874, train_AP=0.879096849487061, distortion=0.5113938450813293, reward=0.3881, epsilon=0.1000, time=0.318347692489624
INFO - 11/02/25 00:06:33 - 0:17:29 - Epoch 212: val_AUC=0.9580784546594717, val_AP=0.9391040223804733
INFO - 11/02/25 00:06:34 - 0:17:30 - Epoch 213: train_loss=1.1590628623962402, train_AUC=0.9215774031878664, train_AP=0.8810942526829464, distortion=0.5101392865180969, reward=0.3912, epsilon=0.1000, time=0.31415390968322754
INFO - 11/02/25 00:06:34 - 0:17:30 - Epoch 213: val_AUC=0.9581055379946058, val_AP=0.9394004318777702
INFO - 11/02/25 00:06:34 - 0:17:30 - Epoch 214: train_loss=1.1632299423217773, train_AUC=0.919516840045424, train_AP=0.8793191039567818, distortion=0.5117472410202026, reward=0.3877, epsilon=0.1000, time=0.313809871673584
INFO - 11/02/25 00:06:34 - 0:17:30 - Epoch 214: val_AUC=0.9582095495263442, val_AP=0.939430100915852
INFO - 11/02/25 00:06:34 - 0:17:30 - Epoch 215: train_loss=1.154200792312622, train_AUC=0.9232285085304787, train_AP=0.8848220876047097, distortion=0.5082616209983826, reward=0.3958, epsilon=0.1000, time=0.3136765956878662
INFO - 11/02/25 00:06:34 - 0:17:31 - Epoch 215: val_AUC=0.9582314466909206, val_AP=0.9396892537642186
INFO - 11/02/25 00:06:35 - 0:17:31 - Epoch 216: train_loss=1.1591620445251465, train_AUC=0.9219363443764422, train_AP=0.8818440064236597, distortion=0.5079832673072815, reward=0.3939, epsilon=0.1000, time=0.31360936164855957
INFO - 11/02/25 00:06:35 - 0:17:31 - Epoch 216: val_AUC=0.9585993766799232, val_AP=0.9398442662830857
INFO - 11/02/25 00:06:35 - 0:17:31 - Epoch 217: train_loss=1.1572139263153076, train_AUC=0.922247480007249, train_AP=0.8833754110265789, distortion=0.5092219114303589, reward=0.3936, epsilon=0.1000, time=0.31478047370910645
INFO - 11/02/25 00:06:35 - 0:17:31 - Epoch 217: val_AUC=0.9587190907836275, val_AP=0.9400629694657407
INFO - 11/02/25 00:06:36 - 0:17:32 - Epoch 218: train_loss=1.158498764038086, train_AUC=0.921925750382919, train_AP=0.8834321608866937, distortion=0.5092747211456299, reward=0.3934, epsilon=0.1000, time=0.3145568370819092
INFO - 11/02/25 00:06:36 - 0:17:32 - Epoch 218: val_AUC=0.9585685477771642, val_AP=0.9399973837683436
INFO - 11/02/25 00:06:36 - 0:17:32 - Epoch 219: train_loss=1.1520164012908936, train_AUC=0.9233180874398618, train_AP=0.8839656531626443, distortion=0.5070006847381592, reward=0.3966, epsilon=0.1000, time=0.27112579345703125
INFO - 11/02/25 00:06:36 - 0:17:32 - Epoch 219: val_AUC=0.9588385167667453, val_AP=0.9402806567769083
INFO - 11/02/25 00:06:36 - 0:17:33 - Epoch 220: train_loss=1.157117247581482, train_AUC=0.9219086048014185, train_AP=0.8825140499972521, distortion=0.5066965222358704, reward=0.3955, epsilon=0.1000, time=0.3144955635070801
INFO - 11/02/25 00:06:37 - 0:17:33 - Epoch 220: val_AUC=0.9591344166091146, val_AP=0.9406602442227012
INFO - 11/02/25 00:06:37 - 0:17:33 - Epoch 221: train_loss=1.150423526763916, train_AUC=0.9239361159202168, train_AP=0.8845386223306131, distortion=0.5084661841392517, reward=0.3958, epsilon=0.1000, time=0.3112783432006836
INFO - 11/02/25 00:06:37 - 0:17:33 - Epoch 221: val_AUC=0.9591260611121052, val_AP=0.940681561126185
INFO - 11/02/25 00:06:37 - 0:17:33 - Epoch 222: train_loss=1.1523802280426025, train_AUC=0.9236499923621961, train_AP=0.8852720892530156, distortion=0.5070406794548035, reward=0.3974, epsilon=0.1000, time=0.3140525817871094
INFO - 11/02/25 00:06:37 - 0:17:33 - Epoch 222: val_AUC=0.9588352033800003, val_AP=0.9407653483769302
INFO - 11/02/25 00:06:38 - 0:17:34 - Epoch 223: train_loss=1.15410578250885, train_AUC=0.9221271783172696, train_AP=0.883247842238189, distortion=0.5062485933303833, reward=0.3964, epsilon=0.1000, time=0.3115696907043457
INFO - 11/02/25 00:06:38 - 0:17:34 - Epoch 223: val_AUC=0.9593940132575807, val_AP=0.94118701542364
INFO - 11/02/25 00:06:38 - 0:17:34 - Epoch 224: train_loss=1.1521003246307373, train_AUC=0.9221031252566005, train_AP=0.8831093841708049, distortion=0.5053858757019043, reward=0.3972, epsilon=0.1000, time=0.31426072120666504
INFO - 11/02/25 00:06:38 - 0:17:34 - Epoch 224: val_AUC=0.9596397801178933, val_AP=0.9415013066663791
INFO - 11/02/25 00:06:39 - 0:17:35 - Epoch 225: train_loss=1.1511633396148682, train_AUC=0.9227315164510492, train_AP=0.8840133471750489, distortion=0.5056794881820679, reward=0.3977, epsilon=0.1000, time=0.31133294105529785
INFO - 11/02/25 00:06:39 - 0:17:35 - Epoch 225: val_AUC=0.9596101036974803, val_AP=0.9416317978383543
INFO - 11/02/25 00:06:39 - 0:17:35 - Epoch 226: train_loss=1.1511509418487549, train_AUC=0.9216831995703497, train_AP=0.8812948427279879, distortion=0.5038535594940186, reward=0.3976, epsilon=0.1000, time=0.3217458724975586
INFO - 11/02/25 00:06:39 - 0:17:35 - Epoch 226: val_AUC=0.9597685700200733, val_AP=0.9417428770659935
INFO - 11/02/25 00:06:39 - 0:17:36 - Epoch 227: train_loss=1.1544759273529053, train_AUC=0.9209258521498556, train_AP=0.881518283282703, distortion=0.5035346150398254, reward=0.3977, epsilon=0.1000, time=0.31418681144714355
INFO - 11/02/25 00:06:40 - 0:17:36 - Epoch 227: val_AUC=0.960046318265491, val_AP=0.9420239963089027
INFO - 11/02/25 00:06:40 - 0:17:36 - Epoch 228: train_loss=1.1476248502731323, train_AUC=0.9228573553892669, train_AP=0.8839493544634396, distortion=0.5045536160469055, reward=0.3988, epsilon=0.1000, time=0.311551570892334
INFO - 11/02/25 00:06:40 - 0:17:36 - Epoch 228: val_AUC=0.9600350815626162, val_AP=0.9419837241105213
INFO - 11/02/25 00:06:40 - 0:17:36 - Epoch 229: train_loss=1.1454919576644897, train_AUC=0.9235376568529117, train_AP=0.884603682596127, distortion=0.5033931732177734, reward=0.4007, epsilon=0.1000, time=0.3155941963195801
INFO - 11/02/25 00:06:40 - 0:17:36 - Epoch 229: val_AUC=0.9598936143546286, val_AP=0.9420101316994605
INFO - 11/02/25 00:06:41 - 0:17:37 - Epoch 230: train_loss=1.147192120552063, train_AUC=0.9231835102264746, train_AP=0.88477318881779, distortion=0.5034099221229553, reward=0.4006, epsilon=0.1000, time=0.311720609664917
INFO - 11/02/25 00:06:41 - 0:17:37 - Epoch 230: val_AUC=0.9605266152832412, val_AP=0.9426112749586282
INFO - 11/02/25 00:06:41 - 0:17:37 - Epoch 231: train_loss=1.1494874954223633, train_AUC=0.9219364754680156, train_AP=0.8829576857070869, distortion=0.5043064951896667, reward=0.3981, epsilon=0.1000, time=0.3110086917877197
INFO - 11/02/25 00:06:41 - 0:17:37 - Epoch 231: val_AUC=0.9607671959729962, val_AP=0.9430026676758951
INFO - 11/02/25 00:06:42 - 0:17:38 - Epoch 232: train_loss=1.146843671798706, train_AUC=0.9234373842605957, train_AP=0.885362013091765, distortion=0.5030017495155334, reward=0.4014, epsilon=0.1000, time=0.31467628479003906
INFO - 11/02/25 00:06:42 - 0:17:38 - Epoch 232: val_AUC=0.9605001081892802, val_AP=0.943127478774179
INFO - 11/02/25 00:06:42 - 0:17:38 - Epoch 233: train_loss=1.1487754583358765, train_AUC=0.9231012764327664, train_AP=0.8849976998191447, distortion=0.5028952956199646, reward=0.4012, epsilon=0.1000, time=0.31119728088378906
INFO - 11/02/25 00:06:42 - 0:17:38 - Epoch 233: val_AUC=0.9611544300412965, val_AP=0.943570781606961
INFO - 11/02/25 00:06:42 - 0:17:39 - Epoch 234: train_loss=1.1516345739364624, train_AUC=0.922294908240604, train_AP=0.8819000030361969, distortion=0.5036245584487915, reward=0.3985, epsilon=0.1000, time=0.3138115406036377
INFO - 11/02/25 00:06:43 - 0:17:39 - Epoch 234: val_AUC=0.9614243990308776, val_AP=0.9439123148868391
INFO - 11/02/25 00:06:43 - 0:17:39 - Epoch 235: train_loss=1.1446605920791626, train_AUC=0.9230080045292168, train_AP=0.8829642843626448, distortion=0.503531813621521, reward=0.3995, epsilon=0.1000, time=0.311751127243042
INFO - 11/02/25 00:06:43 - 0:17:39 - Epoch 235: val_AUC=0.9611671073471039, val_AP=0.944120907793347
INFO - 11/02/25 00:06:43 - 0:17:39 - Epoch 236: train_loss=1.1449551582336426, train_AUC=0.9235342220543151, train_AP=0.8852888809097011, distortion=0.5021148324012756, reward=0.4023, epsilon=0.1000, time=0.3139150142669678
INFO - 11/02/25 00:06:43 - 0:17:39 - Epoch 236: val_AUC=0.9617865666081494, val_AP=0.9447199022740834
INFO - 11/02/25 00:06:44 - 0:17:40 - Epoch 237: train_loss=1.148924708366394, train_AUC=0.9220908185990259, train_AP=0.8836540489156495, distortion=0.5009665489196777, reward=0.4019, epsilon=0.1000, time=0.3114759922027588
INFO - 11/02/25 00:06:44 - 0:17:40 - Epoch 237: val_AUC=0.9620568237183171, val_AP=0.9450778766243553
INFO - 11/02/25 00:06:44 - 0:17:40 - Epoch 238: train_loss=1.1450858116149902, train_AUC=0.9228036337635045, train_AP=0.8829889909790565, distortion=0.5019043684005737, reward=0.4010, epsilon=0.1000, time=0.31441783905029297
INFO - 11/02/25 00:06:44 - 0:17:40 - Epoch 238: val_AUC=0.962033485950808, val_AP=0.9452627191512284
INFO - 11/02/25 00:06:45 - 0:17:41 - Epoch 239: train_loss=1.1467154026031494, train_AUC=0.9218863476454573, train_AP=0.8824229885185793, distortion=0.5001572966575623, reward=0.4020, epsilon=0.1000, time=0.3109591007232666
INFO - 11/02/25 00:06:45 - 0:17:41 - Epoch 239: val_AUC=0.9622150019203236, val_AP=0.9454677747547059
INFO - 11/02/25 00:06:45 - 0:17:41 - Epoch 240: train_loss=1.1383289098739624, train_AUC=0.9246931587895657, train_AP=0.8868035622281804, distortion=0.500030517578125, reward=0.4057, epsilon=0.1000, time=0.31157732009887695
INFO - 11/02/25 00:06:45 - 0:17:41 - Epoch 240: val_AUC=0.9626036765915567, val_AP=0.9457925240278285
INFO - 11/02/25 00:06:45 - 0:17:41 - Epoch 241: train_loss=1.1400880813598633, train_AUC=0.9248897826912835, train_AP=0.8871008681034307, distortion=0.5012628436088562, reward=0.4047, epsilon=0.1000, time=0.3145711421966553
INFO - 11/02/25 00:06:46 - 0:17:42 - Epoch 241: val_AUC=0.9626883840439971, val_AP=0.9460760161444401
INFO - 11/02/25 00:06:46 - 0:17:42 - Epoch 242: train_loss=1.1399002075195312, train_AUC=0.9245459773457173, train_AP=0.8862561808128746, distortion=0.4993056654930115, reward=0.4061, epsilon=0.1000, time=0.31111955642700195
INFO - 11/02/25 00:06:46 - 0:17:42 - Epoch 242: val_AUC=0.9626741220749638, val_AP=0.9463163060849761
INFO - 11/02/25 00:06:46 - 0:17:42 - Epoch 243: train_loss=1.1387393474578857, train_AUC=0.924638250361386, train_AP=0.8859647005190536, distortion=0.4994029998779297, reward=0.4059, epsilon=0.1000, time=0.31134676933288574
INFO - 11/02/25 00:06:46 - 0:17:42 - Epoch 243: val_AUC=0.963061932384437, val_AP=0.9466450275800457
INFO - 11/02/25 00:06:47 - 0:17:43 - Epoch 244: train_loss=1.138844609260559, train_AUC=0.9243184945873595, train_AP=0.8858479857968347, distortion=0.5007534027099609, reward=0.4043, epsilon=0.1000, time=0.3137943744659424
INFO - 11/02/25 00:06:47 - 0:17:43 - Epoch 244: val_AUC=0.9629949443480681, val_AP=0.9466805165091051
INFO - 11/02/25 00:06:47 - 0:17:43 - Epoch 245: train_loss=1.1311317682266235, train_AUC=0.9261300978851107, train_AP=0.8881150211864624, distortion=0.498989075422287, reward=0.4081, epsilon=0.1000, time=0.3210306167602539
INFO - 11/02/25 00:06:47 - 0:17:43 - Epoch 245: val_AUC=0.962792107455149, val_AP=0.9468793730657377
INFO - 11/02/25 00:06:48 - 0:17:44 - Epoch 246: train_loss=1.1371772289276123, train_AUC=0.925108153339187, train_AP=0.8874809547992659, distortion=0.49900349974632263, reward=0.4073, epsilon=0.1000, time=0.3137481212615967
INFO - 11/02/25 00:06:48 - 0:17:44 - Epoch 246: val_AUC=0.9636086411973831, val_AP=0.9474197778898121
INFO - 11/02/25 00:06:48 - 0:17:44 - Epoch 247: train_loss=1.1395866870880127, train_AUC=0.9233046956630673, train_AP=0.8844621803466067, distortion=0.499889612197876, reward=0.4040, epsilon=0.1000, time=0.31123828887939453
INFO - 11/02/25 00:06:48 - 0:17:44 - Epoch 247: val_AUC=0.9634931048421834, val_AP=0.9472504900944322
INFO - 11/02/25 00:06:48 - 0:17:44 - Epoch 248: train_loss=1.1328952312469482, train_AUC=0.9253116498287798, train_AP=0.8870113355336572, distortion=0.49753132462501526, reward=0.4086, epsilon=0.1000, time=0.31350135803222656
INFO - 11/02/25 00:06:49 - 0:17:45 - Epoch 248: val_AUC=0.9628529008989075, val_AP=0.9469486670542885
INFO - 11/02/25 00:06:49 - 0:17:45 - Epoch 249: train_loss=1.1365360021591187, train_AUC=0.9249808878455226, train_AP=0.885980471839475, distortion=0.4984489679336548, reward=0.4070, epsilon=0.1000, time=0.31133317947387695
INFO - 11/02/25 00:06:49 - 0:17:45 - Epoch 249: val_AUC=0.9639031004368196, val_AP=0.9478353894986203
INFO - 11/02/25 00:06:49 - 0:17:45 - Epoch 250: train_loss=1.1333212852478027, train_AUC=0.9254589917725772, train_AP=0.8877176970385319, distortion=0.4977911412715912, reward=0.4088, epsilon=0.1000, time=0.31750965118408203
INFO - 11/02/25 00:06:49 - 0:17:45 - Epoch 250: val_AUC=0.9638976261456756, val_AP=0.9478136807034268
INFO - 11/02/25 00:06:50 - 0:17:46 - Epoch 251: train_loss=1.1348369121551514, train_AUC=0.9247495660480138, train_AP=0.8863000650268401, distortion=0.49704036116600037, reward=0.4085, epsilon=0.1000, time=0.31438231468200684
INFO - 11/02/25 00:06:50 - 0:17:46 - Epoch 251: val_AUC=0.9632023911703718, val_AP=0.9474772613603566
INFO - 11/02/25 00:06:50 - 0:17:46 - Epoch 252: train_loss=1.132742166519165, train_AUC=0.9255803048116137, train_AP=0.8868077076248111, distortion=0.4976600408554077, reward=0.4085, epsilon=0.1000, time=0.2781682014465332
INFO - 11/02/25 00:06:50 - 0:17:46 - Epoch 252: val_AUC=0.9634547848041746, val_AP=0.9475512601653487
INFO - 11/02/25 00:06:51 - 0:17:47 - Epoch 253: train_loss=1.1320792436599731, train_AUC=0.9237269999386233, train_AP=0.8831734110057373, distortion=0.49517515301704407, reward=0.4083, epsilon=0.1000, time=0.3136250972747803
INFO - 11/02/25 00:06:51 - 0:17:47 - Epoch 253: val_AUC=0.9635919302033641, val_AP=0.9477205978219785
INFO - 11/02/25 00:06:51 - 0:17:47 - Epoch 254: train_loss=1.1303454637527466, train_AUC=0.9256238730710418, train_AP=0.8873637790114701, distortion=0.49512386322021484, reward=0.4114, epsilon=0.1000, time=0.31118130683898926
INFO - 11/02/25 00:06:51 - 0:17:47 - Epoch 254: val_AUC=0.9636541642500551, val_AP=0.9481824428247986
INFO - 11/02/25 00:06:51 - 0:17:47 - Epoch 255: train_loss=1.130411148071289, train_AUC=0.9248297188253034, train_AP=0.8862905790419756, distortion=0.4937792420387268, reward=0.4118, epsilon=0.1000, time=0.31373167037963867
INFO - 11/02/25 00:06:51 - 0:17:48 - Epoch 255: val_AUC=0.9637120764879482, val_AP=0.9481429489749911
INFO - 11/02/25 00:06:52 - 0:17:48 - Epoch 256: train_loss=1.130590796470642, train_AUC=0.9249994779265637, train_AP=0.8852953680569007, distortion=0.493869423866272, reward=0.4113, epsilon=0.1000, time=0.31401944160461426
INFO - 11/02/25 00:06:52 - 0:17:48 - Epoch 256: val_AUC=0.9632447448965921, val_AP=0.9474256587904839
INFO - 11/02/25 00:06:52 - 0:17:48 - Epoch 257: train_loss=1.128535270690918, train_AUC=0.9269578100782452, train_AP=0.8887108446552189, distortion=0.4954080581665039, reward=0.4124, epsilon=0.1000, time=0.2771458625793457
INFO - 11/02/25 00:06:52 - 0:17:48 - Epoch 257: val_AUC=0.9636665534352761, val_AP=0.9482059004954914
INFO - 11/02/25 00:06:53 - 0:17:49 - Epoch 258: train_loss=1.131678819656372, train_AUC=0.9241743088102597, train_AP=0.8844184817688822, distortion=0.492916464805603, reward=0.4114, epsilon=0.1000, time=0.27428126335144043
INFO - 11/02/25 00:06:53 - 0:17:49 - Epoch 258: val_AUC=0.9640923956621716, val_AP=0.9489290128800119
INFO - 11/02/25 00:06:53 - 0:17:49 - Epoch 259: train_loss=1.1340891122817993, train_AUC=0.9241074884945661, train_AP=0.8864901069990921, distortion=0.49413570761680603, reward=0.4112, epsilon=0.1000, time=0.3141775131225586
INFO - 11/02/25 00:06:53 - 0:17:49 - Epoch 259: val_AUC=0.9637207201055443, val_AP=0.9483199292894796
INFO - 11/02/25 00:06:53 - 0:17:49 - Epoch 260: train_loss=1.1288293600082397, train_AUC=0.9246740887040192, train_AP=0.885564111476247, distortion=0.4935021698474884, reward=0.4116, epsilon=0.1000, time=0.31479477882385254
INFO - 11/02/25 00:06:54 - 0:17:50 - Epoch 260: val_AUC=0.963560525059432, val_AP=0.9483221379185104
INFO - 11/02/25 00:06:54 - 0:17:50 - Epoch 261: train_loss=1.1246364116668701, train_AUC=0.925694741773646, train_AP=0.8871455513043907, distortion=0.49205321073532104, reward=0.4144, epsilon=0.1000, time=0.31461572647094727
INFO - 11/02/25 00:06:54 - 0:17:50 - Epoch 261: val_AUC=0.9638192573461386, val_AP=0.9488724255846681
INFO - 11/02/25 00:06:54 - 0:17:50 - Epoch 262: train_loss=1.1286627054214478, train_AUC=0.9247498277327132, train_AP=0.8850202676709649, distortion=0.4937606751918793, reward=0.4111, epsilon=0.1000, time=0.27963829040527344
INFO - 11/02/25 00:06:54 - 0:17:50 - Epoch 262: val_AUC=0.9638218504314173, val_AP=0.9485955603770955
INFO - 11/02/25 00:06:55 - 0:17:51 - Epoch 263: train_loss=1.1252539157867432, train_AUC=0.9265336306449008, train_AP=0.8888233814669194, distortion=0.4919799864292145, reward=0.4157, epsilon=0.1000, time=0.3137965202331543
INFO - 11/02/25 00:06:55 - 0:17:51 - Epoch 263: val_AUC=0.9638183929843789, val_AP=0.9486482084824284
INFO - 11/02/25 00:06:55 - 0:17:51 - Epoch 264: train_loss=1.121214509010315, train_AUC=0.9267086074898424, train_AP=0.8884730279476692, distortion=0.4911375343799591, reward=0.4165, epsilon=0.1000, time=0.31384849548339844
INFO - 11/02/25 00:06:55 - 0:17:51 - Epoch 264: val_AUC=0.9636279452766808, val_AP=0.9487154117219884
INFO - 11/02/25 00:06:55 - 0:17:52 - Epoch 265: train_loss=1.1262965202331543, train_AUC=0.9254638406654442, train_AP=0.8865167023581428, distortion=0.49366697669029236, reward=0.4123, epsilon=0.1000, time=0.3137829303741455
INFO - 11/02/25 00:06:56 - 0:17:52 - Epoch 265: val_AUC=0.9640238229625768, val_AP=0.948890029536655
INFO - 11/02/25 00:06:56 - 0:17:52 - Epoch 266: train_loss=1.121018409729004, train_AUC=0.9267520830381197, train_AP=0.8895383069268403, distortion=0.4915163516998291, reward=0.4166, epsilon=0.1000, time=0.31406426429748535
INFO - 11/02/25 00:06:56 - 0:17:52 - Epoch 266: val_AUC=0.9640099931744233, val_AP=0.9488324993913457
INFO - 11/02/25 00:06:56 - 0:17:52 - Epoch 267: train_loss=1.1237634420394897, train_AUC=0.9261637226244109, train_AP=0.8876397956678711, distortion=0.4912741184234619, reward=0.4156, epsilon=0.1000, time=0.3111295700073242
INFO - 11/02/25 00:06:56 - 0:17:52 - Epoch 267: val_AUC=0.9636429275471805, val_AP=0.9488514417016697
INFO - 11/02/25 00:06:57 - 0:17:53 - Epoch 268: train_loss=1.1267696619033813, train_AUC=0.9264783299388957, train_AP=0.8894612749351045, distortion=0.4921073913574219, reward=0.4159, epsilon=0.1000, time=0.31066226959228516
INFO - 11/02/25 00:06:57 - 0:17:53 - Epoch 268: val_AUC=0.9639005073515408, val_AP=0.9489344390167425
INFO - 11/02/25 00:06:57 - 0:17:53 - Epoch 269: train_loss=1.120962142944336, train_AUC=0.9269767495706656, train_AP=0.8886434831993103, distortion=0.49128204584121704, reward=0.4165, epsilon=0.1000, time=0.280134916305542
INFO - 11/02/25 00:06:57 - 0:17:53 - Epoch 269: val_AUC=0.9640163318273272, val_AP=0.9489742483883391
INFO - 11/02/25 00:06:58 - 0:17:54 - Epoch 270: train_loss=1.1222065687179565, train_AUC=0.9269825634570144, train_AP=0.8894713190280257, distortion=0.49048182368278503, reward=0.4177, epsilon=0.1000, time=0.3113749027252197
INFO - 11/02/25 00:06:58 - 0:17:54 - Epoch 270: val_AUC=0.9640716509799413, val_AP=0.9494512078322594
INFO - 11/02/25 00:06:58 - 0:17:54 - Epoch 271: train_loss=1.1163864135742188, train_AUC=0.9283181039683658, train_AP=0.891840760166027, distortion=0.49033230543136597, reward=0.4197, epsilon=0.1000, time=0.31102919578552246
INFO - 11/02/25 00:06:58 - 0:17:54 - Epoch 271: val_AUC=0.964107666053258, val_AP=0.9495749892082395
INFO - 11/02/25 00:06:58 - 0:17:54 - Epoch 272: train_loss=1.1263712644577026, train_AUC=0.9255379442893792, train_AP=0.8863522722242174, distortion=0.4916386604309082, reward=0.4143, epsilon=0.1000, time=0.31090211868286133
INFO - 11/02/25 00:06:58 - 0:17:55 - Epoch 272: val_AUC=0.964050906297711, val_AP=0.949228994179718
INFO - 11/02/25 00:06:59 - 0:17:55 - Epoch 273: train_loss=1.1139928102493286, train_AUC=0.9291908284220216, train_AP=0.891782897050865, distortion=0.4904853403568268, reward=0.4200, epsilon=0.1000, time=0.3103349208831787
INFO - 11/02/25 00:06:59 - 0:17:55 - Epoch 273: val_AUC=0.9639509284541841, val_AP=0.9492920475797604
INFO - 11/02/25 00:06:59 - 0:17:55 - Epoch 274: train_loss=1.115992784500122, train_AUC=0.9279865678968456, train_AP=0.8898905508423075, distortion=0.4900464415550232, reward=0.4189, epsilon=0.1000, time=0.3107421398162842
INFO - 11/02/25 00:06:59 - 0:17:55 - Epoch 274: val_AUC=0.9643002746653551, val_AP=0.949940379546329
INFO - 11/02/25 00:07:00 - 0:17:56 - Epoch 275: train_loss=1.1197205781936646, train_AUC=0.9271821650813871, train_AP=0.890246414240405, distortion=0.4903888404369354, reward=0.4183, epsilon=0.1000, time=0.3103621006011963
INFO - 11/02/25 00:07:00 - 0:17:56 - Epoch 275: val_AUC=0.9643750419575605, val_AP=0.9498773085787205
INFO - 11/02/25 00:07:00 - 0:17:56 - Epoch 276: train_loss=1.1169475317001343, train_AUC=0.9270843762507033, train_AP=0.8890560270554766, distortion=0.4883148968219757, reward=0.4198, epsilon=0.1000, time=0.27158474922180176
INFO - 11/02/25 00:07:00 - 0:17:56 - Epoch 276: val_AUC=0.9642246430113903, val_AP=0.9496737801491997
INFO - 11/02/25 00:07:00 - 0:17:57 - Epoch 277: train_loss=1.1165804862976074, train_AUC=0.9284145908553645, train_AP=0.8931064793050312, distortion=0.48876070976257324, reward=0.4220, epsilon=0.1000, time=0.3108031749725342
INFO - 11/02/25 00:07:01 - 0:17:57 - Epoch 277: val_AUC=0.9644162432014347, val_AP=0.9500850550630084
INFO - 11/02/25 00:07:01 - 0:17:57 - Epoch 278: train_loss=1.1173970699310303, train_AUC=0.9268981818549835, train_AP=0.8885403651216892, distortion=0.4887317717075348, reward=0.4190, epsilon=0.1000, time=0.3140542507171631
INFO - 11/02/25 00:07:01 - 0:17:57 - Epoch 278: val_AUC=0.9642402015230631, val_AP=0.9500911961689437
INFO - 11/02/25 00:07:01 - 0:17:57 - Epoch 279: train_loss=1.1228563785552979, train_AUC=0.9250613292236519, train_AP=0.8865785431195098, distortion=0.48776909708976746, reward=0.4181, epsilon=0.1000, time=0.3101499080657959
INFO - 11/02/25 00:07:01 - 0:17:57 - Epoch 279: val_AUC=0.964227236096669, val_AP=0.9499687241768175
INFO - 11/02/25 00:07:02 - 0:17:58 - Epoch 280: train_loss=1.116992473602295, train_AUC=0.9267275260474869, train_AP=0.8891456852384125, distortion=0.4875186085700989, reward=0.4204, epsilon=0.1000, time=0.3114597797393799
INFO - 11/02/25 00:07:02 - 0:17:58 - Epoch 280: val_AUC=0.9642750641140335, val_AP=0.9500153125571484
INFO - 11/02/25 00:07:02 - 0:17:58 - Epoch 281: train_loss=1.1136412620544434, train_AUC=0.9278804335672648, train_AP=0.8906031517825925, distortion=0.4878445565700531, reward=0.4214, epsilon=0.1000, time=0.3103828430175781
INFO - 11/02/25 00:07:02 - 0:17:58 - Epoch 281: val_AUC=0.9641939581689246, val_AP=0.950114152141261
INFO - 11/02/25 00:07:03 - 0:17:59 - Epoch 282: train_loss=1.1148842573165894, train_AUC=0.9275263931100486, train_AP=0.8901093920775959, distortion=0.48768875002861023, reward=0.4211, epsilon=0.1000, time=0.3107259273529053
INFO - 11/02/25 00:07:03 - 0:17:59 - Epoch 282: val_AUC=0.9643646696164453, val_AP=0.9501839919243685
INFO - 11/02/25 00:07:03 - 0:17:59 - Epoch 283: train_loss=1.114918828010559, train_AUC=0.9266214410641636, train_AP=0.8893499943831965, distortion=0.4866841733455658, reward=0.4213, epsilon=0.1000, time=0.3111600875854492
INFO - 11/02/25 00:07:03 - 0:17:59 - Epoch 283: val_AUC=0.9642874532992545, val_AP=0.9500940774738702
INFO - 11/02/25 00:07:03 - 0:17:59 - Epoch 284: train_loss=1.1153500080108643, train_AUC=0.9276721604596264, train_AP=0.8911331303525206, distortion=0.4864872097969055, reward=0.4229, epsilon=0.1000, time=0.3104221820831299
INFO - 11/02/25 00:07:04 - 0:18:00 - Epoch 284: val_AUC=0.964175374391093, val_AP=0.9501151667358004
INFO - 11/02/25 00:07:04 - 0:18:00 - Epoch 285: train_loss=1.1158394813537598, train_AUC=0.9264536832277944, train_AP=0.8876660801579559, distortion=0.4866380989551544, reward=0.4204, epsilon=0.1000, time=0.31084632873535156
INFO - 11/02/25 00:07:04 - 0:18:00 - Epoch 285: val_AUC=0.9645335082801534, val_AP=0.950512430539835
INFO - 11/02/25 00:07:04 - 0:18:00 - Epoch 286: train_loss=1.1155108213424683, train_AUC=0.9264198556205463, train_AP=0.8885912278096857, distortion=0.48615244030952454, reward=0.4214, epsilon=0.1000, time=0.3110487461090088
INFO - 11/02/25 00:07:04 - 0:18:00 - Epoch 286: val_AUC=0.9644087520661848, val_AP=0.9505118523294978
INFO - 11/02/25 00:07:05 - 0:18:01 - Epoch 287: train_loss=1.1133935451507568, train_AUC=0.9268714581150401, train_AP=0.8880447723437045, distortion=0.4856456518173218, reward=0.4218, epsilon=0.1000, time=0.31093668937683105
INFO - 11/02/25 00:07:05 - 0:18:01 - Epoch 287: val_AUC=0.9642816908875238, val_AP=0.9503062589289724
INFO - 11/02/25 00:07:05 - 0:18:01 - Epoch 288: train_loss=1.112343668937683, train_AUC=0.9272711144521507, train_AP=0.8891387739091504, distortion=0.4856873154640198, reward=0.4225, epsilon=0.1000, time=0.31369686126708984
INFO - 11/02/25 00:07:05 - 0:18:01 - Epoch 288: val_AUC=0.964542440018336, val_AP=0.9505290067240497
INFO - 11/02/25 00:07:06 - 0:18:02 - Epoch 289: train_loss=1.1161634922027588, train_AUC=0.9263715112415201, train_AP=0.8882627739970202, distortion=0.4851338863372803, reward=0.4222, epsilon=0.1000, time=0.3139522075653076
INFO - 11/02/25 00:07:06 - 0:18:02 - Epoch 289: val_AUC=0.9646150464061423, val_AP=0.950624874492582
INFO - 11/02/25 00:07:06 - 0:18:02 - Epoch 290: train_loss=1.1140594482421875, train_AUC=0.9265567281825821, train_AP=0.8885242952254292, distortion=0.484584242105484, reward=0.4230, epsilon=0.1000, time=0.31438708305358887
INFO - 11/02/25 00:07:06 - 0:18:02 - Epoch 290: val_AUC=0.964517085406721, val_AP=0.950582004103374
INFO - 11/02/25 00:07:06 - 0:18:02 - Epoch 291: train_loss=1.1126991510391235, train_AUC=0.9270088854486384, train_AP=0.8885444191629381, distortion=0.4840710163116455, reward=0.4237, epsilon=0.1000, time=0.31018495559692383
INFO - 11/02/25 00:07:06 - 0:18:03 - Epoch 291: val_AUC=0.9644643593393856, val_AP=0.9504491730409459
INFO - 11/02/25 00:07:07 - 0:18:03 - Epoch 292: train_loss=1.1137205362319946, train_AUC=0.9258335099297988, train_AP=0.8870314778606847, distortion=0.48352310061454773, reward=0.4229, epsilon=0.1000, time=0.3142852783203125
INFO - 11/02/25 00:07:07 - 0:18:03 - Epoch 292: val_AUC=0.964590556156287, val_AP=0.950733204560347
INFO - 11/02/25 00:07:07 - 0:18:03 - Epoch 293: train_loss=1.115302562713623, train_AUC=0.9262586483752604, train_AP=0.8882939974400483, distortion=0.4838472604751587, reward=0.4234, epsilon=0.1000, time=0.3109149932861328
INFO - 11/02/25 00:07:07 - 0:18:03 - Epoch 293: val_AUC=0.9647115668026308, val_AP=0.9508081232133347
INFO - 11/02/25 00:07:08 - 0:18:04 - Epoch 294: train_loss=1.107871174812317, train_AUC=0.9285588324585334, train_AP=0.891181887039612, distortion=0.48489391803741455, reward=0.4250, epsilon=0.1000, time=0.3112609386444092
INFO - 11/02/25 00:07:08 - 0:18:04 - Epoch 294: val_AUC=0.9645698114740564, val_AP=0.9504697888064595
INFO - 11/02/25 00:07:08 - 0:18:04 - Epoch 295: train_loss=1.1107666492462158, train_AUC=0.9277232946467713, train_AP=0.8905670537503513, distortion=0.4848732054233551, reward=0.4243, epsilon=0.1000, time=0.2720179557800293
INFO - 11/02/25 00:07:08 - 0:18:04 - Epoch 295: val_AUC=0.9647066687526598, val_AP=0.9507858070897444
INFO - 11/02/25 00:07:08 - 0:18:04 - Epoch 296: train_loss=1.113831877708435, train_AUC=0.9261121253799602, train_AP=0.8881871950640172, distortion=0.4834345281124115, reward=0.4237, epsilon=0.1000, time=0.31052446365356445
INFO - 11/02/25 00:07:09 - 0:18:05 - Epoch 296: val_AUC=0.964674975488141, val_AP=0.9509369481170069
INFO - 11/02/25 00:07:09 - 0:18:05 - Epoch 297: train_loss=1.1089448928833008, train_AUC=0.9281754414454397, train_AP=0.8905877633963556, distortion=0.48328477144241333, reward=0.4261, epsilon=0.1000, time=0.31157612800598145
INFO - 11/02/25 00:07:09 - 0:18:05 - Epoch 297: val_AUC=0.9646885171557081, val_AP=0.9508586421709116
INFO - 11/02/25 00:07:09 - 0:18:05 - Epoch 298: train_loss=1.112548589706421, train_AUC=0.9266726644733294, train_AP=0.8879789677404946, distortion=0.4830436408519745, reward=0.4243, epsilon=0.1000, time=0.31050562858581543
INFO - 11/02/25 00:07:09 - 0:18:05 - Epoch 298: val_AUC=0.9646383841736514, val_AP=0.9509086962271817
INFO - 11/02/25 00:07:10 - 0:18:06 - Epoch 299: train_loss=1.1073989868164062, train_AUC=0.9278099651176389, train_AP=0.8894574285848343, distortion=0.48268091678619385, reward=0.4260, epsilon=0.1000, time=0.31084418296813965
INFO - 11/02/25 00:07:10 - 0:18:06 - Epoch 299: val_AUC=0.9644719945349289, val_AP=0.9508289568143937
INFO - 11/02/25 00:07:10 - 0:18:06 - Epoch 300: train_loss=1.1128238439559937, train_AUC=0.9267402399362983, train_AP=0.8893236115017378, distortion=0.48226940631866455, reward=0.4258, epsilon=0.1000, time=0.3148770332336426
INFO - 11/02/25 00:07:10 - 0:18:06 - Epoch 300: val_AUC=0.9647346164495535, val_AP=0.95102918387821
INFO - 11/02/25 00:07:11 - 0:18:07 - Epoch 301: train_loss=1.104884147644043, train_AUC=0.9277288707738789, train_AP=0.8892711589732163, distortion=0.4819752275943756, reward=0.4265, epsilon=0.1000, time=0.32112932205200195
INFO - 11/02/25 00:07:11 - 0:18:07 - Epoch 301: val_AUC=0.9646810260204581, val_AP=0.9510625204998312
INFO - 11/02/25 00:07:11 - 0:18:07 - Epoch 302: train_loss=1.108651876449585, train_AUC=0.9270942923562435, train_AP=0.8888436583644448, distortion=0.4817678928375244, reward=0.4262, epsilon=0.1000, time=0.3131422996520996
INFO - 11/02/25 00:07:11 - 0:18:07 - Epoch 302: val_AUC=0.9647994435815234, val_AP=0.9511848424022178
INFO - 11/02/25 00:07:11 - 0:18:07 - Epoch 303: train_loss=1.1055278778076172, train_AUC=0.9276971620650248, train_AP=0.8896709897843735, distortion=0.4808971583843231, reward=0.4278, epsilon=0.1000, time=0.3129584789276123
INFO - 11/02/25 00:07:12 - 0:18:08 - Epoch 303: val_AUC=0.9650060260420674, val_AP=0.9514880855314802
INFO - 11/02/25 00:07:12 - 0:18:08 - Epoch 304: train_loss=1.104139804840088, train_AUC=0.9285982137627722, train_AP=0.8917108664490156, distortion=0.48099759221076965, reward=0.4292, epsilon=0.1000, time=0.278095006942749
INFO - 11/02/25 00:07:12 - 0:18:08 - Epoch 304: val_AUC=0.9646432822236225, val_AP=0.9511042578615101
INFO - 11/02/25 00:07:12 - 0:18:08 - Epoch 305: train_loss=1.109034776687622, train_AUC=0.9273863170288459, train_AP=0.8894485535663919, distortion=0.4815678894519806, reward=0.4268, epsilon=0.1000, time=0.3139612674713135
INFO - 11/02/25 00:07:12 - 0:18:08 - Epoch 305: val_AUC=0.9650166865037693, val_AP=0.9513492998351814
INFO - 11/02/25 00:07:13 - 0:18:09 - Epoch 306: train_loss=1.1079375743865967, train_AUC=0.9271043854104852, train_AP=0.8885267545509972, distortion=0.48130670189857483, reward=0.4265, epsilon=0.1000, time=0.31415295600891113
INFO - 11/02/25 00:07:13 - 0:18:09 - Epoch 306: val_AUC=0.9649386058248187, val_AP=0.9514457473115333
INFO - 11/02/25 00:07:13 - 0:18:09 - Epoch 307: train_loss=1.1072919368743896, train_AUC=0.9276565082254769, train_AP=0.8892039385977523, distortion=0.4811268746852875, reward=0.4273, epsilon=0.1000, time=0.31396055221557617
INFO - 11/02/25 00:07:13 - 0:18:09 - Epoch 307: val_AUC=0.9646767042116603, val_AP=0.9511498512053663
INFO - 11/02/25 00:07:13 - 0:18:10 - Epoch 308: train_loss=1.1059015989303589, train_AUC=0.9280623303525508, train_AP=0.8915134840597657, distortion=0.48109766840934753, reward=0.4287, epsilon=0.1000, time=0.31032347679138184
INFO - 11/02/25 00:07:14 - 0:18:10 - Epoch 308: val_AUC=0.9650875641680561, val_AP=0.951686944499337
INFO - 11/02/25 00:07:14 - 0:18:10 - Epoch 309: train_loss=1.1023616790771484, train_AUC=0.9284354144776202, train_AP=0.8911958976903176, distortion=0.4808894395828247, reward=0.4289, epsilon=0.1000, time=0.31399083137512207
INFO - 11/02/25 00:07:14 - 0:18:10 - Epoch 309: val_AUC=0.964916708660242, val_AP=0.9513841750854315
INFO - 11/02/25 00:07:14 - 0:18:10 - Epoch 310: train_loss=1.101921558380127, train_AUC=0.9289450980157438, train_AP=0.8914548468122834, distortion=0.48068395256996155, reward=0.4295, epsilon=0.1000, time=0.32408666610717773
INFO - 11/02/25 00:07:14 - 0:18:10 - Epoch 310: val_AUC=0.9649207423484535, val_AP=0.9513206329960038
INFO - 11/02/25 00:07:15 - 0:18:11 - Epoch 311: train_loss=1.1045939922332764, train_AUC=0.9275864026453008, train_AP=0.889171257326385, distortion=0.4807623624801636, reward=0.4276, epsilon=0.1000, time=0.32047438621520996
INFO - 11/02/25 00:07:15 - 0:18:11 - Epoch 311: val_AUC=0.9651973381115252, val_AP=0.9518560429873184
INFO - 11/02/25 00:07:15 - 0:18:11 - Epoch 312: train_loss=1.1093508005142212, train_AUC=0.9265339940127977, train_AP=0.8873185151118399, distortion=0.4807603061199188, reward=0.4262, epsilon=0.1000, time=0.31409263610839844
INFO - 11/02/25 00:07:15 - 0:18:11 - Epoch 312: val_AUC=0.9649230473131457, val_AP=0.9514481135074413
INFO - 11/02/25 00:07:16 - 0:18:12 - Epoch 313: train_loss=1.1072478294372559, train_AUC=0.9272402396452053, train_AP=0.8896207539250898, distortion=0.47928884625434875, reward=0.4291, epsilon=0.1000, time=0.31369757652282715
INFO - 11/02/25 00:07:16 - 0:18:12 - Epoch 313: val_AUC=0.9652676395346392, val_AP=0.9518660494568517
INFO - 11/02/25 00:07:16 - 0:18:12 - Epoch 314: train_loss=1.105704665184021, train_AUC=0.9268109067678486, train_AP=0.8882895780798428, distortion=0.47847893834114075, reward=0.4291, epsilon=0.1000, time=0.31423497200012207
INFO - 11/02/25 00:07:16 - 0:18:12 - Epoch 314: val_AUC=0.9652754187904755, val_AP=0.9520672653806665
INFO - 11/02/25 00:07:16 - 0:18:13 - Epoch 315: train_loss=1.1087714433670044, train_AUC=0.9266203105862624, train_AP=0.8874119405271967, distortion=0.47999945282936096, reward=0.4270, epsilon=0.1000, time=0.3137650489807129
INFO - 11/02/25 00:07:17 - 0:18:13 - Epoch 315: val_AUC=0.965038871788932, val_AP=0.9516680789608543
INFO - 11/02/25 00:07:17 - 0:18:13 - Epoch 316: train_loss=1.105143427848816, train_AUC=0.9275674247724578, train_AP=0.8899549451123603, distortion=0.48058444261550903, reward=0.4282, epsilon=0.1000, time=0.3143880367279053
INFO - 11/02/25 00:07:17 - 0:18:13 - Epoch 316: val_AUC=0.9654261058572323, val_AP=0.9521888120809174
INFO - 11/02/25 00:07:17 - 0:18:13 - Epoch 317: train_loss=1.1034228801727295, train_AUC=0.9273625271482174, train_AP=0.8890737364442188, distortion=0.4786607027053833, reward=0.4296, epsilon=0.1000, time=0.3222494125366211
INFO - 11/02/25 00:07:17 - 0:18:13 - Epoch 317: val_AUC=0.9652085748143999, val_AP=0.9519627896960606
INFO - 11/02/25 00:07:18 - 0:18:14 - Epoch 318: train_loss=1.1007378101348877, train_AUC=0.928048128100859, train_AP=0.8889239619172947, distortion=0.47795966267585754, reward=0.4305, epsilon=0.1000, time=0.3110826015472412
INFO - 11/02/25 00:07:18 - 0:18:14 - Epoch 318: val_AUC=0.964880981707512, val_AP=0.9515980875511865
INFO - 11/02/25 00:07:18 - 0:18:14 - Epoch 319: train_loss=1.1025419235229492, train_AUC=0.9281539648575532, train_AP=0.8911066923823422, distortion=0.47872990369796753, reward=0.4309, epsilon=0.1000, time=0.31345534324645996
INFO - 11/02/25 00:07:18 - 0:18:14 - Epoch 319: val_AUC=0.9652587077964567, val_AP=0.9519986040362078
INFO - 11/02/25 00:07:19 - 0:18:15 - Epoch 320: train_loss=1.104950189590454, train_AUC=0.927524064863895, train_AP=0.8904592672533458, distortion=0.4781818687915802, reward=0.4308, epsilon=0.1000, time=0.3113548755645752
INFO - 11/02/25 00:07:19 - 0:18:15 - Epoch 320: val_AUC=0.9651045632826615, val_AP=0.9517703799732351
INFO - 11/02/25 00:07:19 - 0:18:15 - Epoch 321: train_loss=1.1022114753723145, train_AUC=0.9281147869197096, train_AP=0.890198633004432, distortion=0.47762441635131836, reward=0.4315, epsilon=0.1000, time=0.31380343437194824
INFO - 11/02/25 00:07:19 - 0:18:15 - Epoch 321: val_AUC=0.9649547405776645, val_AP=0.9516929675562494
INFO - 11/02/25 00:07:19 - 0:18:15 - Epoch 322: train_loss=1.1029529571533203, train_AUC=0.9278762206928289, train_AP=0.8898768041417853, distortion=0.47772732377052307, reward=0.4311, epsilon=0.1000, time=0.27075862884521484
INFO - 11/02/25 00:07:19 - 0:18:16 - Epoch 322: val_AUC=0.9648400685842243, val_AP=0.9516533198049225
INFO - 11/02/25 00:07:20 - 0:18:16 - Epoch 323: train_loss=1.100705862045288, train_AUC=0.9293760433692954, train_AP=0.892339801736836, distortion=0.4783328175544739, reward=0.4325, epsilon=0.1000, time=0.27028727531433105
INFO - 11/02/25 00:07:20 - 0:18:16 - Epoch 323: val_AUC=0.964747293755361, val_AP=0.9512884215624803
INFO - 11/02/25 00:07:20 - 0:18:16 - Epoch 324: train_loss=1.10295569896698, train_AUC=0.9288983431843484, train_AP=0.8920322501077254, distortion=0.4788985252380371, reward=0.4316, epsilon=0.1000, time=0.3103821277618408
INFO - 11/02/25 00:07:20 - 0:18:16 - Epoch 324: val_AUC=0.9652950109903597, val_AP=0.9518618133737191
INFO - 11/02/25 00:07:21 - 0:18:17 - Epoch 325: train_loss=1.1003307104110718, train_AUC=0.9283976660859055, train_AP=0.890806239010802, distortion=0.47777029871940613, reward=0.4318, epsilon=0.1000, time=0.3135793209075928
INFO - 11/02/25 00:07:21 - 0:18:17 - Epoch 325: val_AUC=0.9649726040540295, val_AP=0.9517957965162054
INFO - 11/02/25 00:07:21 - 0:18:17 - Epoch 326: train_loss=1.0986193418502808, train_AUC=0.9294642136673255, train_AP=0.8915259311001844, distortion=0.4779801070690155, reward=0.4325, epsilon=0.1000, time=0.3137948513031006
INFO - 11/02/25 00:07:21 - 0:18:17 - Epoch 326: val_AUC=0.9649414870306842, val_AP=0.9517047378329484
INFO - 11/02/25 00:07:21 - 0:18:17 - Epoch 327: train_loss=1.1018991470336914, train_AUC=0.927480957667985, train_AP=0.8896088403853475, distortion=0.4778482913970947, reward=0.4307, epsilon=0.1000, time=0.31346654891967773
INFO - 11/02/25 00:07:22 - 0:18:18 - Epoch 327: val_AUC=0.9650336856183744, val_AP=0.9519697728351916
INFO - 11/02/25 00:07:22 - 0:18:18 - Epoch 328: train_loss=1.1025429964065552, train_AUC=0.9273378540194228, train_AP=0.8892268913346832, distortion=0.4763379395008087, reward=0.4319, epsilon=0.1000, time=0.31378674507141113
INFO - 11/02/25 00:07:22 - 0:18:18 - Epoch 328: val_AUC=0.9654436812130105, val_AP=0.9524743482037592
INFO - 11/02/25 00:07:22 - 0:18:18 - Epoch 329: train_loss=1.1017298698425293, train_AUC=0.9280025795113158, train_AP=0.8887530491995955, distortion=0.47792690992355347, reward=0.4305, epsilon=0.1000, time=0.3139629364013672
INFO - 11/02/25 00:07:22 - 0:18:18 - Epoch 329: val_AUC=0.9653367884754069, val_AP=0.9521510148749741
INFO - 11/02/25 00:07:23 - 0:18:19 - Epoch 330: train_loss=1.099686622619629, train_AUC=0.9280882246766091, train_AP=0.8894725752358271, distortion=0.4780682623386383, reward=0.4307, epsilon=0.1000, time=0.31408023834228516
INFO - 11/02/25 00:07:23 - 0:18:19 - Epoch 330: val_AUC=0.9647821563463312, val_AP=0.9514989100394096
INFO - 11/02/25 00:07:23 - 0:18:19 - Epoch 331: train_loss=1.0968785285949707, train_AUC=0.9283846037826087, train_AP=0.8892282680453123, distortion=0.47741979360580444, reward=0.4314, epsilon=0.1000, time=0.31338977813720703
INFO - 11/02/25 00:07:23 - 0:18:19 - Epoch 331: val_AUC=0.9653676173781661, val_AP=0.9521061664436312
INFO - 11/02/25 00:07:24 - 0:18:20 - Epoch 332: train_loss=1.0974513292312622, train_AUC=0.9292475925685548, train_AP=0.8930356246895635, distortion=0.4763396084308624, reward=0.4348, epsilon=0.1000, time=0.31359171867370605
INFO - 11/02/25 00:07:24 - 0:18:20 - Epoch 332: val_AUC=0.9652103035379193, val_AP=0.951848592463878
INFO - 11/02/25 00:07:24 - 0:18:20 - Epoch 333: train_loss=1.1058670282363892, train_AUC=0.9255475050021754, train_AP=0.8858737637050091, distortion=0.47607311606407166, reward=0.4296, epsilon=0.1000, time=0.31319427490234375
INFO - 11/02/25 00:07:24 - 0:18:20 - Epoch 333: val_AUC=0.9648265269166575, val_AP=0.9514273578446879
INFO - 11/02/25 00:07:24 - 0:18:20 - Epoch 334: train_loss=1.1003472805023193, train_AUC=0.9283397904024587, train_AP=0.8898091940991351, distortion=0.47729945182800293, reward=0.4318, epsilon=0.1000, time=0.3131289482116699
INFO - 11/02/25 00:07:24 - 0:18:21 - Epoch 334: val_AUC=0.9654462742982893, val_AP=0.9521490337947374
INFO - 11/02/25 00:07:25 - 0:18:21 - Epoch 335: train_loss=1.0991995334625244, train_AUC=0.9277968425022494, train_AP=0.8889555555227, distortion=0.4772694408893585, reward=0.4311, epsilon=0.1000, time=0.31090378761291504
INFO - 11/02/25 00:07:25 - 0:18:21 - Epoch 335: val_AUC=0.9653736679104832, val_AP=0.9518517186544161
INFO - 11/02/25 00:07:25 - 0:18:21 - Epoch 336: train_loss=1.1030380725860596, train_AUC=0.9265503884345992, train_AP=0.8873837029518208, distortion=0.47468748688697815, reward=0.4323, epsilon=0.1000, time=0.31328678131103516
INFO - 11/02/25 00:07:25 - 0:18:21 - Epoch 336: val_AUC=0.9651284772913439, val_AP=0.9516903110166988
INFO - 11/02/25 00:07:26 - 0:18:22 - Epoch 337: train_loss=1.101560354232788, train_AUC=0.9277459695013571, train_AP=0.8887420666959548, distortion=0.4764503240585327, reward=0.4318, epsilon=0.1000, time=0.27638721466064453
INFO - 11/02/25 00:07:26 - 0:18:22 - Epoch 337: val_AUC=0.9656687033910928, val_AP=0.952468298695442
INFO - 11/02/25 00:07:26 - 0:18:22 - Epoch 338: train_loss=1.0974721908569336, train_AUC=0.9282348054917667, train_AP=0.8903493063166791, distortion=0.4760603904724121, reward=0.4332, epsilon=0.1000, time=0.31389379501342773
INFO - 11/02/25 00:07:26 - 0:18:22 - Epoch 338: val_AUC=0.9655283886654513, val_AP=0.9521339799043327
INFO - 11/02/25 00:07:26 - 0:18:23 - Epoch 339: train_loss=1.0973756313323975, train_AUC=0.9278684653552346, train_AP=0.8893973145628102, distortion=0.4736788868904114, reward=0.4350, epsilon=0.1000, time=0.3140270709991455
INFO - 11/02/25 00:07:27 - 0:18:23 - Epoch 339: val_AUC=0.9648305606048689, val_AP=0.951699315912242
INFO - 11/02/25 00:07:27 - 0:18:23 - Epoch 340: train_loss=1.1043227910995483, train_AUC=0.9269227393440636, train_AP=0.888691833127959, distortion=0.47811421751976013, reward=0.4297, epsilon=0.1000, time=0.33246660232543945
INFO - 11/02/25 00:07:27 - 0:18:23 - Epoch 340: val_AUC=0.9657462078288701, val_AP=0.9522828307422484
INFO - 11/02/25 00:07:27 - 0:18:23 - Epoch 341: train_loss=1.1003048419952393, train_AUC=0.9270273299831417, train_AP=0.8878365422693624, distortion=0.4757160246372223, reward=0.4317, epsilon=0.1000, time=0.33158421516418457
INFO - 11/02/25 00:07:27 - 0:18:24 - Epoch 341: val_AUC=0.9655969613650464, val_AP=0.9522420143501414
INFO - 11/02/25 00:07:28 - 0:18:24 - Epoch 342: train_loss=1.090678095817566, train_AUC=0.9301326999421833, train_AP=0.8920014829023931, distortion=0.4742719233036041, reward=0.4368, epsilon=0.1000, time=0.3321237564086914
INFO - 11/02/25 00:07:28 - 0:18:24 - Epoch 342: val_AUC=0.9644173956837809, val_AP=0.9510911615006543
INFO - 11/02/25 00:07:28 - 0:18:24 - Epoch 343: train_loss=1.1000382900238037, train_AUC=0.9286587780695867, train_AP=0.8909978982063433, distortion=0.4796912968158722, reward=0.4301, epsilon=0.1000, time=0.3318164348602295
INFO - 11/02/25 00:07:28 - 0:18:24 - Epoch 343: val_AUC=0.9659248425925206, val_AP=0.9526199642060341
INFO - 11/02/25 00:07:29 - 0:18:25 - Epoch 344: train_loss=1.0962965488433838, train_AUC=0.9276008431546807, train_AP=0.8889070449725274, distortion=0.4743647575378418, reward=0.4339, epsilon=0.1000, time=0.31337833404541016
INFO - 11/02/25 00:07:29 - 0:18:25 - Epoch 344: val_AUC=0.965831059341604, val_AP=0.9527143370728418
INFO - 11/02/25 00:07:29 - 0:18:25 - Epoch 345: train_loss=1.095008373260498, train_AUC=0.9285025438304826, train_AP=0.8898337519861518, distortion=0.4737878441810608, reward=0.4354, epsilon=0.1000, time=0.334697961807251
INFO - 11/02/25 00:07:29 - 0:18:25 - Epoch 345: val_AUC=0.9645340845213266, val_AP=0.9513884817511443
INFO - 11/02/25 00:07:30 - 0:18:26 - Epoch 346: train_loss=1.095055103302002, train_AUC=0.929171779769698, train_AP=0.89268474357731, distortion=0.4750710725784302, reward=0.4359, epsilon=0.1000, time=0.32805752754211426
INFO - 11/02/25 00:07:30 - 0:18:26 - Epoch 346: val_AUC=0.9655263718213458, val_AP=0.952344069617444
INFO - 11/02/25 00:07:30 - 0:18:26 - Epoch 347: train_loss=1.0934475660324097, train_AUC=0.9280982948022868, train_AP=0.889756920979233, distortion=0.4728204011917114, reward=0.4361, epsilon=0.1000, time=0.3149688243865967
INFO - 11/02/25 00:07:30 - 0:18:26 - Epoch 347: val_AUC=0.9661798293116022, val_AP=0.9530867547745441
INFO - 11/02/25 00:07:30 - 0:18:26 - Epoch 348: train_loss=1.0953028202056885, train_AUC=0.9281601590589983, train_AP=0.8897014014871966, distortion=0.47438347339630127, reward=0.4345, epsilon=0.1000, time=0.3128540515899658
INFO - 11/02/25 00:07:31 - 0:18:27 - Epoch 348: val_AUC=0.9658533886870605, val_AP=0.952421238906032
INFO - 11/02/25 00:07:31 - 0:18:27 - Epoch 349: train_loss=1.0945745706558228, train_AUC=0.9276637332154137, train_AP=0.887866698997674, distortion=0.47401776909828186, reward=0.4337, epsilon=0.1000, time=0.31273460388183594
INFO - 11/02/25 00:07:31 - 0:18:27 - Epoch 349: val_AUC=0.9651976262321117, val_AP=0.9518757185515179
INFO - 11/02/25 00:07:31 - 0:18:27 - Epoch 350: train_loss=1.0948081016540527, train_AUC=0.9288194534718743, train_AP=0.8909422846316777, distortion=0.4748585820198059, reward=0.4350, epsilon=0.1000, time=0.3145599365234375
INFO - 11/02/25 00:07:31 - 0:18:27 - Epoch 350: val_AUC=0.9656148248414113, val_AP=0.952517903846528
INFO - 11/02/25 00:07:32 - 0:18:28 - Epoch 351: train_loss=1.0965038537979126, train_AUC=0.927623101805983, train_AP=0.8883096713141794, distortion=0.4734720289707184, reward=0.4345, epsilon=0.1000, time=0.31421995162963867
INFO - 11/02/25 00:07:32 - 0:18:28 - Epoch 351: val_AUC=0.965726615628986, val_AP=0.9524571662591174
INFO - 11/02/25 00:07:32 - 0:18:28 - Epoch 352: train_loss=1.0935938358306885, train_AUC=0.929015215558649, train_AP=0.8910731178463733, distortion=0.47138306498527527, reward=0.4387, epsilon=0.1000, time=0.3131875991821289
INFO - 11/02/25 00:07:32 - 0:18:28 - Epoch 352: val_AUC=0.96496424855702, val_AP=0.951707083247101
INFO - 11/02/25 00:07:33 - 0:18:29 - Epoch 353: train_loss=1.0933588743209839, train_AUC=0.92899875484339, train_AP=0.8911934736867464, distortion=0.4735269844532013, reward=0.4366, epsilon=0.1000, time=0.3143792152404785
INFO - 11/02/25 00:07:33 - 0:18:29 - Epoch 353: val_AUC=0.965945011033578, val_AP=0.9525066970656499
INFO - 11/02/25 00:07:33 - 0:18:29 - Epoch 354: train_loss=1.0946435928344727, train_AUC=0.9271396221275334, train_AP=0.8881119630602405, distortion=0.4711148738861084, reward=0.4365, epsilon=0.1000, time=0.31447482109069824
INFO - 11/02/25 00:07:33 - 0:18:29 - Epoch 354: val_AUC=0.9661481360470835, val_AP=0.9527412983710359
INFO - 11/02/25 00:07:33 - 0:18:29 - Epoch 355: train_loss=1.0950952768325806, train_AUC=0.929014001840091, train_AP=0.8917578596145992, distortion=0.47227349877357483, reward=0.4381, epsilon=0.1000, time=0.27714037895202637
INFO - 11/02/25 00:07:33 - 0:18:29 - Epoch 355: val_AUC=0.9655788097680947, val_AP=0.952153113974583
INFO - 11/02/25 00:07:34 - 0:18:30 - Epoch 356: train_loss=1.0926053524017334, train_AUC=0.9291704454269548, train_AP=0.8911589392582648, distortion=0.4731525778770447, reward=0.4370, epsilon=0.1000, time=0.314328670501709
INFO - 11/02/25 00:07:34 - 0:18:30 - Epoch 356: val_AUC=0.9662573337493795, val_AP=0.9528126962891741
INFO - 11/02/25 00:07:34 - 0:18:30 - Epoch 357: train_loss=1.0919413566589355, train_AUC=0.9288125265532711, train_AP=0.8913971974884376, distortion=0.47021809220314026, reward=0.4399, epsilon=0.1000, time=0.3135337829589844
INFO - 11/02/25 00:07:34 - 0:18:30 - Epoch 357: val_AUC=0.9664374091159624, val_AP=0.9532926881528747
INFO - 11/02/25 00:07:35 - 0:18:31 - Epoch 358: train_loss=1.0899970531463623, train_AUC=0.9293866667711944, train_AP=0.8915715042509973, distortion=0.4706670343875885, reward=0.4398, epsilon=0.1000, time=0.3221166133880615
INFO - 11/02/25 00:07:35 - 0:18:31 - Epoch 358: val_AUC=0.9660579543034988, val_AP=0.9527997217141185
INFO - 11/02/25 00:07:35 - 0:18:31 - Epoch 359: train_loss=1.0898644924163818, train_AUC=0.9288689587340714, train_AP=0.8914684348378363, distortion=0.4712130129337311, reward=0.4390, epsilon=0.1000, time=0.3132755756378174
INFO - 11/02/25 00:07:35 - 0:18:31 - Epoch 359: val_AUC=0.9663843949280404, val_AP=0.9532187492214775
INFO - 11/02/25 00:07:35 - 0:18:32 - Epoch 360: train_loss=1.0918439626693726, train_AUC=0.9278590511858701, train_AP=0.8890812834687325, distortion=0.4702655076980591, reward=0.4382, epsilon=0.1000, time=0.31453752517700195
INFO - 11/02/25 00:07:36 - 0:18:32 - Epoch 360: val_AUC=0.9664933045097499, val_AP=0.9532708586961592
INFO - 11/02/25 00:07:36 - 0:18:32 - Epoch 361: train_loss=1.089510440826416, train_AUC=0.9282835286905482, train_AP=0.8895015840363338, distortion=0.46936270594596863, reward=0.4395, epsilon=0.1000, time=0.314267635345459
INFO - 11/02/25 00:07:36 - 0:18:32 - Epoch 361: val_AUC=0.965618570409036, val_AP=0.9524631672438705
INFO - 11/02/25 00:07:36 - 0:18:32 - Epoch 362: train_loss=1.0893999338150024, train_AUC=0.9286858851153089, train_AP=0.8909292715496188, distortion=0.4690113365650177, reward=0.4408, epsilon=0.1000, time=0.3128774166107178
INFO - 11/02/25 00:07:36 - 0:18:32 - Epoch 362: val_AUC=0.9656027237767768, val_AP=0.9522533023518069
INFO - 11/02/25 00:07:37 - 0:18:33 - Epoch 363: train_loss=1.0923508405685425, train_AUC=0.9275703327125261, train_AP=0.8889119906156073, distortion=0.4682006239891052, reward=0.4400, epsilon=0.1000, time=0.3140749931335449
INFO - 11/02/25 00:07:37 - 0:18:33 - Epoch 363: val_AUC=0.9659061147543959, val_AP=0.9523756026505
INFO - 11/02/25 00:07:37 - 0:18:33 - Epoch 364: train_loss=1.0943750143051147, train_AUC=0.9278396795398605, train_AP=0.8885585526547564, distortion=0.4696348011493683, reward=0.4386, epsilon=0.1000, time=0.31465673446655273
INFO - 11/02/25 00:07:37 - 0:18:33 - Epoch 364: val_AUC=0.9655966732444596, val_AP=0.9519297007011948
INFO - 11/02/25 00:07:38 - 0:18:34 - Epoch 365: train_loss=1.0921494960784912, train_AUC=0.9279504105481029, train_AP=0.8893131907294458, distortion=0.4716200530529022, reward=0.4370, epsilon=0.1000, time=0.2772397994995117
INFO - 11/02/25 00:07:38 - 0:18:34 - Epoch 365: val_AUC=0.964911234369098, val_AP=0.9514472366353137
INFO - 11/02/25 00:07:38 - 0:18:34 - Epoch 366: train_loss=1.0954982042312622, train_AUC=0.9276600063268481, train_AP=0.8884222690661822, distortion=0.4716508388519287, reward=0.4364, epsilon=0.1000, time=0.27738451957702637
INFO - 11/02/25 00:07:38 - 0:18:34 - Epoch 366: val_AUC=0.9655148469978844, val_AP=0.95222756598106
INFO - 11/02/25 00:07:38 - 0:18:34 - Epoch 367: train_loss=1.0869709253311157, train_AUC=0.9301626252075055, train_AP=0.8941341736860694, distortion=0.4686310291290283, reward=0.4435, epsilon=0.1000, time=0.3122260570526123
INFO - 11/02/25 00:07:38 - 0:18:34 - Epoch 367: val_AUC=0.9655070677420479, val_AP=0.9521289652261187
INFO - 11/02/25 00:07:39 - 0:18:35 - Epoch 368: train_loss=1.0903522968292236, train_AUC=0.9283415444376149, train_AP=0.8887676753569553, distortion=0.46758681535720825, reward=0.4410, epsilon=0.1000, time=0.31401968002319336
INFO - 11/02/25 00:07:39 - 0:18:35 - Epoch 368: val_AUC=0.9652114560202651, val_AP=0.9516779522562249
INFO - 11/02/25 00:07:39 - 0:18:35 - Epoch 369: train_loss=1.0858083963394165, train_AUC=0.93010594579697, train_AP=0.8920367270870235, distortion=0.46921396255493164, reward=0.4419, epsilon=0.1000, time=0.3143198490142822
INFO - 11/02/25 00:07:39 - 0:18:35 - Epoch 369: val_AUC=0.9653779897192812, val_AP=0.9517670277506458
INFO - 11/02/25 00:07:40 - 0:18:36 - Epoch 370: train_loss=1.0947386026382446, train_AUC=0.9269203517827115, train_AP=0.8873966138149669, distortion=0.47010281682014465, reward=0.4371, epsilon=0.1000, time=0.3146848678588867
INFO - 11/02/25 00:07:40 - 0:18:36 - Epoch 370: val_AUC=0.9648654231958393, val_AP=0.951248536357675
INFO - 11/02/25 00:07:40 - 0:18:36 - Epoch 371: train_loss=1.093994140625, train_AUC=0.9269851379360088, train_AP=0.8857790680922045, distortion=0.46920356154441833, reward=0.4372, epsilon=0.1000, time=0.31475019454956055
INFO - 11/02/25 00:07:40 - 0:18:36 - Epoch 371: val_AUC=0.9651938806644866, val_AP=0.95163034860408
INFO - 11/02/25 00:07:40 - 0:18:36 - Epoch 372: train_loss=1.0899447202682495, train_AUC=0.9288482303152016, train_AP=0.8922745183642202, distortion=0.46767449378967285, reward=0.4429, epsilon=0.1000, time=0.31413865089416504
INFO - 11/02/25 00:07:41 - 0:18:37 - Epoch 372: val_AUC=0.9653033664873693, val_AP=0.9518770247099789
INFO - 11/02/25 00:07:41 - 0:18:37 - Epoch 373: train_loss=1.0960493087768555, train_AUC=0.9255628048342631, train_AP=0.8849751713812942, distortion=0.4666476249694824, reward=0.4386, epsilon=0.1000, time=0.3139674663543701
INFO - 11/02/25 00:07:41 - 0:18:37 - Epoch 373: val_AUC=0.9651057157650078, val_AP=0.9517946590825437
INFO - 11/02/25 00:07:41 - 0:18:37 - Epoch 374: train_loss=1.0889331102371216, train_AUC=0.9284765468263326, train_AP=0.8890820859180762, distortion=0.4670039415359497, reward=0.4418, epsilon=0.1000, time=0.3141591548919678
INFO - 11/02/25 00:07:41 - 0:18:37 - Epoch 374: val_AUC=0.9653641599311277, val_AP=0.951704513547735
INFO - 11/02/25 00:07:42 - 0:18:38 - Epoch 375: train_loss=1.0890617370605469, train_AUC=0.928270934429028, train_AP=0.8891720507400163, distortion=0.4684002101421356, reward=0.4403, epsilon=0.1000, time=0.3153808116912842
INFO - 11/02/25 00:07:42 - 0:18:38 - Epoch 375: val_AUC=0.9651065801267673, val_AP=0.9514407198510321
INFO - 11/02/25 00:07:42 - 0:18:38 - Epoch 376: train_loss=1.0867806673049927, train_AUC=0.9289175942061728, train_AP=0.8899150491967011, distortion=0.4676898717880249, reward=0.4417, epsilon=0.1000, time=0.31460046768188477
INFO - 11/02/25 00:07:42 - 0:18:38 - Epoch 376: val_AUC=0.9652052614276546, val_AP=0.9515234893997163
INFO - 11/02/25 00:07:43 - 0:18:39 - Epoch 377: train_loss=1.0878958702087402, train_AUC=0.9285801968958345, train_AP=0.8903614275096104, distortion=0.46756067872047424, reward=0.4419, epsilon=0.1000, time=0.3132309913635254
INFO - 11/02/25 00:07:43 - 0:18:39 - Epoch 377: val_AUC=0.9652382512348127, val_AP=0.9515534008601081
INFO - 11/02/25 00:07:43 - 0:18:39 - Epoch 378: train_loss=1.0864118337631226, train_AUC=0.92953019509664, train_AP=0.8929846873441039, distortion=0.46694597601890564, reward=0.4443, epsilon=0.1000, time=0.3144259452819824
INFO - 11/02/25 00:07:43 - 0:18:39 - Epoch 378: val_AUC=0.9650835304798446, val_AP=0.9514952490923313
INFO - 11/02/25 00:07:43 - 0:18:39 - Epoch 379: train_loss=1.090561866760254, train_AUC=0.9278349228596972, train_AP=0.8890692722369387, distortion=0.4662102460861206, reward=0.4422, epsilon=0.1000, time=0.3141007423400879
INFO - 11/02/25 00:07:43 - 0:18:40 - Epoch 379: val_AUC=0.965507643983221, val_AP=0.9519522775452679
INFO - 11/02/25 00:07:44 - 0:18:40 - Epoch 380: train_loss=1.0894505977630615, train_AUC=0.9274491238489223, train_AP=0.8875390385163143, distortion=0.4656899571418762, reward=0.4418, epsilon=0.1000, time=0.31432533264160156
INFO - 11/02/25 00:07:44 - 0:18:40 - Epoch 380: val_AUC=0.9652394037171589, val_AP=0.9516730241462926
INFO - 11/02/25 00:07:44 - 0:18:40 - Epoch 381: train_loss=1.0849943161010742, train_AUC=0.9302198165231575, train_AP=0.8930222575853006, distortion=0.46516481041908264, reward=0.4465, epsilon=0.1000, time=0.3148038387298584
INFO - 11/02/25 00:07:44 - 0:18:40 - Epoch 381: val_AUC=0.965441088127732, val_AP=0.9517714142147115
INFO - 11/02/25 00:07:45 - 0:18:41 - Epoch 382: train_loss=1.0867843627929688, train_AUC=0.9278096371394824, train_AP=0.8895003697812368, distortion=0.46449992060661316, reward=0.4442, epsilon=0.1000, time=0.28237318992614746
INFO - 11/02/25 00:07:45 - 0:18:41 - Epoch 382: val_AUC=0.9655906227121424, val_AP=0.9518609294850934
INFO - 11/02/25 00:07:45 - 0:18:41 - Epoch 383: train_loss=1.0875555276870728, train_AUC=0.9286299189824968, train_AP=0.8910118333127495, distortion=0.4654500484466553, reward=0.4444, epsilon=0.1000, time=0.3445882797241211
INFO - 11/02/25 00:07:45 - 0:18:41 - Epoch 383: val_AUC=0.965320077481388, val_AP=0.9516426682071588
INFO - 11/02/25 00:07:46 - 0:18:42 - Epoch 384: train_loss=1.0879759788513184, train_AUC=0.9295140264713503, train_AP=0.8927246776775266, distortion=0.4660651683807373, reward=0.4451, epsilon=0.1000, time=0.34592700004577637
INFO - 11/02/25 00:07:46 - 0:18:42 - Epoch 384: val_AUC=0.9656345611015889, val_AP=0.9520072079464108
INFO - 11/02/25 00:07:46 - 0:18:42 - Epoch 385: train_loss=1.084753155708313, train_AUC=0.9283959309917371, train_AP=0.8898051605767279, distortion=0.465496689081192, reward=0.4436, epsilon=0.1000, time=0.3406352996826172
INFO - 11/02/25 00:07:46 - 0:18:42 - Epoch 385: val_AUC=0.9652615890023221, val_AP=0.9515884295855428
INFO - 11/02/25 00:07:46 - 0:18:43 - Epoch 386: train_loss=1.0893731117248535, train_AUC=0.9272563848434837, train_AP=0.8886185445224976, distortion=0.4639178216457367, reward=0.4440, epsilon=0.1000, time=0.35291576385498047
INFO - 11/02/25 00:07:47 - 0:18:43 - Epoch 386: val_AUC=0.9652422849230242, val_AP=0.951486786272485
INFO - 11/02/25 00:07:47 - 0:18:43 - Epoch 387: train_loss=1.084686040878296, train_AUC=0.928310203582681, train_AP=0.8890077386593553, distortion=0.4637945890426636, reward=0.4449, epsilon=0.1000, time=0.3067500591278076
INFO - 11/02/25 00:07:47 - 0:18:43 - Epoch 387: val_AUC=0.9652898248198023, val_AP=0.9517807085807188
INFO - 11/02/25 00:07:47 - 0:18:43 - Epoch 388: train_loss=1.0841795206069946, train_AUC=0.9296970990932187, train_AP=0.8919212485879356, distortion=0.4637192487716675, reward=0.4471, epsilon=0.1000, time=0.3400413990020752
INFO - 11/02/25 00:07:47 - 0:18:44 - Epoch 388: val_AUC=0.965530405509557, val_AP=0.9518650602440164
INFO - 11/02/25 00:07:48 - 0:18:44 - Epoch 389: train_loss=1.0850151777267456, train_AUC=0.9290547374249547, train_AP=0.890989861129194, distortion=0.4655390977859497, reward=0.4445, epsilon=0.1000, time=0.33684515953063965
INFO - 11/02/25 00:07:48 - 0:18:44 - Epoch 389: val_AUC=0.9655548957594123, val_AP=0.9519595383156546
INFO - 11/02/25 00:07:48 - 0:18:44 - Epoch 390: train_loss=1.0894958972930908, train_AUC=0.9281056663356554, train_AP=0.8908562974290712, distortion=0.46486660838127136, reward=0.4446, epsilon=0.1000, time=0.33213233947753906
INFO - 11/02/25 00:07:48 - 0:18:44 - Epoch 390: val_AUC=0.9655191688066824, val_AP=0.9518649088612652
INFO - 11/02/25 00:07:49 - 0:18:45 - Epoch 391: train_loss=1.0844275951385498, train_AUC=0.9298330809303826, train_AP=0.8934435945353578, distortion=0.4638636112213135, reward=0.4478, epsilon=0.1000, time=0.33144044876098633
INFO - 11/02/25 00:07:49 - 0:18:45 - Epoch 391: val_AUC=0.9652863673727637, val_AP=0.9516488735694864
INFO - 11/02/25 00:07:49 - 0:18:45 - Epoch 392: train_loss=1.0884374380111694, train_AUC=0.9272440168769225, train_AP=0.8864374854512558, distortion=0.46317705512046814, reward=0.4437, epsilon=0.1000, time=0.3366262912750244
INFO - 11/02/25 00:07:49 - 0:18:45 - Epoch 392: val_AUC=0.9658735571281178, val_AP=0.9523871251448692
INFO - 11/02/25 00:07:50 - 0:18:46 - Epoch 393: train_loss=1.0840370655059814, train_AUC=0.9286747642632576, train_AP=0.8902415448896271, distortion=0.46276822686195374, reward=0.4467, epsilon=0.1000, time=0.3359365463256836
INFO - 11/02/25 00:07:50 - 0:18:46 - Epoch 393: val_AUC=0.965420055324915, val_AP=0.9518233468266485
INFO - 11/02/25 00:07:50 - 0:18:46 - Epoch 394: train_loss=1.0848913192749023, train_AUC=0.9286947539836048, train_AP=0.8909167029524148, distortion=0.4617295265197754, reward=0.4481, epsilon=0.1000, time=0.37096261978149414
INFO - 11/02/25 00:07:50 - 0:18:46 - Epoch 394: val_AUC=0.9653912432662618, val_AP=0.951818995568428
INFO - 11/02/25 00:07:51 - 0:18:47 - Epoch 395: train_loss=1.0788031816482544, train_AUC=0.9311901433883016, train_AP=0.8945023735427349, distortion=0.46244168281555176, reward=0.4504, epsilon=0.1000, time=0.38397741317749023
INFO - 11/02/25 00:07:51 - 0:18:47 - Epoch 395: val_AUC=0.9658015269814845, val_AP=0.9524026541256206
INFO - 11/02/25 00:07:51 - 0:18:47 - Epoch 396: train_loss=1.0793896913528442, train_AUC=0.9299977832863576, train_AP=0.8919366827022039, distortion=0.4629749059677124, reward=0.4480, epsilon=0.1000, time=0.33914923667907715
INFO - 11/02/25 00:07:51 - 0:18:47 - Epoch 396: val_AUC=0.9653445677312433, val_AP=0.9517047177392713
INFO - 11/02/25 00:07:52 - 0:18:48 - Epoch 397: train_loss=1.0840916633605957, train_AUC=0.9283148914771521, train_AP=0.8896609885573233, distortion=0.4633267819881439, reward=0.4457, epsilon=0.1000, time=0.35034656524658203
INFO - 11/02/25 00:07:52 - 0:18:48 - Epoch 397: val_AUC=0.9652831980463118, val_AP=0.9515957926957691
INFO - 11/02/25 00:07:52 - 0:18:48 - Epoch 398: train_loss=1.0883965492248535, train_AUC=0.9276732027124005, train_AP=0.8887260024959207, distortion=0.46422097086906433, reward=0.4440, epsilon=0.1000, time=0.33859753608703613
INFO - 11/02/25 00:07:52 - 0:18:48 - Epoch 398: val_AUC=0.9652543859876588, val_AP=0.9522069821421247
INFO - 11/02/25 00:07:52 - 0:18:48 - Epoch 399: train_loss=1.0873370170593262, train_AUC=0.9294643332946165, train_AP=0.8912184994405664, distortion=0.4661204218864441, reward=0.4442, epsilon=0.1000, time=0.3197762966156006
INFO - 11/02/25 00:07:53 - 0:18:49 - Epoch 399: val_AUC=0.9653785659604541, val_AP=0.9520301011666764
INFO - 11/02/25 00:07:53 - 0:18:49 - Epoch 400: train_loss=1.086045503616333, train_AUC=0.9285506305123857, train_AP=0.8894402291781756, distortion=0.46660733222961426, reward=0.4424, epsilon=0.1000, time=0.3149855136871338
INFO - 11/02/25 00:07:53 - 0:18:49 - Epoch 400: val_AUC=0.9652330650642552, val_AP=0.9517933039297558
INFO - 11/02/25 00:07:53 - 0:18:49 - Epoch 401: train_loss=1.0803114175796509, train_AUC=0.9295416045495313, train_AP=0.890669314687476, distortion=0.46278953552246094, reward=0.4473, epsilon=0.1000, time=0.31435322761535645
INFO - 11/02/25 00:07:53 - 0:18:49 - Epoch 401: val_AUC=0.9655283886654513, val_AP=0.9522414406979688
INFO - 11/02/25 00:07:54 - 0:18:50 - Epoch 402: train_loss=1.0791945457458496, train_AUC=0.9300350790881542, train_AP=0.891461086039886, distortion=0.4622613787651062, reward=0.4485, epsilon=0.1000, time=0.3142111301422119
INFO - 11/02/25 00:07:54 - 0:18:50 - Epoch 402: val_AUC=0.9651575774705835, val_AP=0.9515927704537497
INFO - 11/02/25 00:07:54 - 0:18:50 - Epoch 403: train_loss=1.0852240324020386, train_AUC=0.9285345451277527, train_AP=0.8900733397337789, distortion=0.46600136160850525, reward=0.4433, epsilon=0.1000, time=0.27912306785583496
INFO - 11/02/25 00:07:54 - 0:18:50 - Epoch 403: val_AUC=0.9647568017347165, val_AP=0.951153830766322
INFO - 11/02/25 00:07:54 - 0:18:51 - Epoch 404: train_loss=1.084720253944397, train_AUC=0.9301807791473808, train_AP=0.8915287763871145, distortion=0.46558240056037903, reward=0.4453, epsilon=0.1000, time=0.3111441135406494
INFO - 11/02/25 00:07:55 - 0:18:51 - Epoch 404: val_AUC=0.9655863009033444, val_AP=0.9522823205878576
INFO - 11/02/25 00:07:55 - 0:18:51 - Epoch 405: train_loss=1.0834386348724365, train_AUC=0.9279506074346862, train_AP=0.88862412545673, distortion=0.46240234375, reward=0.4459, epsilon=0.1000, time=0.31180381774902344
INFO - 11/02/25 00:07:55 - 0:18:51 - Epoch 405: val_AUC=0.9653056714520617, val_AP=0.9517211350219456
INFO - 11/02/25 00:07:55 - 0:18:51 - Epoch 406: train_loss=1.079026460647583, train_AUC=0.9294765248109235, train_AP=0.8908851834099977, distortion=0.4623100161552429, reward=0.4479, epsilon=0.1000, time=0.3112037181854248
INFO - 11/02/25 00:07:55 - 0:18:51 - Epoch 406: val_AUC=0.9649066244397135, val_AP=0.951342670404078
INFO - 11/02/25 00:07:56 - 0:18:52 - Epoch 407: train_loss=1.0724091529846191, train_AUC=0.9329490613317, train_AP=0.8954535862738935, distortion=0.46292969584465027, reward=0.4513, epsilon=0.1000, time=0.27100396156311035
INFO - 11/02/25 00:07:56 - 0:18:52 - Epoch 407: val_AUC=0.9653874976986367, val_AP=0.9518399916285927
INFO - 11/02/25 00:07:56 - 0:18:52 - Epoch 408: train_loss=1.0816669464111328, train_AUC=0.9297406932718931, train_AP=0.8923794288164266, distortion=0.46205779910087585, reward=0.4490, epsilon=0.1000, time=0.31076574325561523
INFO - 11/02/25 00:07:56 - 0:18:52 - Epoch 408: val_AUC=0.9653728035487237, val_AP=0.9518085331126388
INFO - 11/02/25 00:07:57 - 0:18:53 - Epoch 409: train_loss=1.0801140069961548, train_AUC=0.9295534745674932, train_AP=0.8910933116688762, distortion=0.46073445677757263, reward=0.4496, epsilon=0.1000, time=0.31081128120422363
INFO - 11/02/25 00:07:57 - 0:18:53 - Epoch 409: val_AUC=0.9657681049934467, val_AP=0.9525121972729518
INFO - 11/02/25 00:07:57 - 0:18:53 - Epoch 410: train_loss=1.0765399932861328, train_AUC=0.9307556097144635, train_AP=0.8928036816787434, distortion=0.46087846159935, reward=0.4509, epsilon=0.1000, time=0.31455159187316895
INFO - 11/02/25 00:07:57 - 0:18:53 - Epoch 410: val_AUC=0.9654511723482607, val_AP=0.9518645566773051
INFO - 11/02/25 00:07:57 - 0:18:53 - Epoch 411: train_loss=1.0779502391815186, train_AUC=0.9307795137394654, train_AP=0.8931869537749407, distortion=0.4620193839073181, reward=0.4500, epsilon=0.1000, time=0.3110940456390381
INFO - 11/02/25 00:07:57 - 0:18:54 - Epoch 411: val_AUC=0.9647988673403503, val_AP=0.951047699906109
INFO - 11/02/25 00:07:58 - 0:18:54 - Epoch 412: train_loss=1.0809181928634644, train_AUC=0.9293028738351252, train_AP=0.8900063210076767, distortion=0.46114110946655273, reward=0.4485, epsilon=0.1000, time=0.3110849857330322
INFO - 11/02/25 00:07:58 - 0:18:54 - Epoch 412: val_AUC=0.9655835637577723, val_AP=0.9520543014616485
INFO - 11/02/25 00:07:58 - 0:18:54 - Epoch 413: train_loss=1.07805335521698, train_AUC=0.9297202021138173, train_AP=0.8914497541214355, distortion=0.45990750193595886, reward=0.4507, epsilon=0.1000, time=0.3139677047729492
INFO - 11/02/25 00:07:58 - 0:18:54 - Epoch 413: val_AUC=0.9653900907839155, val_AP=0.9517873915333516
INFO - 11/02/25 00:07:59 - 0:18:55 - Epoch 414: train_loss=1.0760786533355713, train_AUC=0.92943872557761, train_AP=0.8903316937042534, distortion=0.4589228630065918, reward=0.4510, epsilon=0.1000, time=0.31369805335998535
INFO - 11/02/25 00:07:59 - 0:18:55 - Epoch 414: val_AUC=0.965047947587408, val_AP=0.9513428344068644
INFO - 11/02/25 00:07:59 - 0:18:55 - Epoch 415: train_loss=1.0803409814834595, train_AUC=0.929452337667999, train_AP=0.891792566895537, distortion=0.4594550132751465, reward=0.4512, epsilon=0.1000, time=0.31416821479797363
INFO - 11/02/25 00:07:59 - 0:18:55 - Epoch 415: val_AUC=0.9655597938093833, val_AP=0.9521151250244511
INFO - 11/02/25 00:07:59 - 0:18:56 - Epoch 416: train_loss=1.0816363096237183, train_AUC=0.9278127140530995, train_AP=0.8861568288198742, distortion=0.46029171347618103, reward=0.4467, epsilon=0.1000, time=0.3108689785003662
INFO - 11/02/25 00:08:00 - 0:18:56 - Epoch 416: val_AUC=0.9653566687958778, val_AP=0.9518903451341096
INFO - 11/02/25 00:08:00 - 0:18:56 - Epoch 417: train_loss=1.0767556428909302, train_AUC=0.9307010337504635, train_AP=0.8922846841806225, distortion=0.460554838180542, reward=0.4509, epsilon=0.1000, time=0.3143482208251953
INFO - 11/02/25 00:08:00 - 0:18:56 - Epoch 417: val_AUC=0.9653370765959935, val_AP=0.9516466853448151
INFO - 11/02/25 00:08:00 - 0:18:56 - Epoch 418: train_loss=1.0826011896133423, train_AUC=0.9276376878619005, train_AP=0.8877396433396646, distortion=0.4607607126235962, reward=0.4469, epsilon=0.1000, time=0.3133368492126465
INFO - 11/02/25 00:08:00 - 0:18:56 - Epoch 418: val_AUC=0.965405361175002, val_AP=0.9520560617980263
INFO - 11/02/25 00:08:01 - 0:18:57 - Epoch 419: train_loss=1.0786821842193604, train_AUC=0.9294640795850702, train_AP=0.8904598469966303, distortion=0.4583335816860199, reward=0.4516, epsilon=0.1000, time=0.31388401985168457
INFO - 11/02/25 00:08:01 - 0:18:57 - Epoch 419: val_AUC=0.965350330142974, val_AP=0.9518595941242542
INFO - 11/02/25 00:08:01 - 0:18:57 - Epoch 420: train_loss=1.0787408351898193, train_AUC=0.9284997286015647, train_AP=0.888710013970858, distortion=0.458065003156662, reward=0.4505, epsilon=0.1000, time=0.31465792655944824
INFO - 11/02/25 00:08:01 - 0:18:57 - Epoch 420: val_AUC=0.9653598381223296, val_AP=0.9518171641136933
INFO - 11/02/25 00:08:02 - 0:18:58 - Epoch 421: train_loss=1.079053521156311, train_AUC=0.9288629170574225, train_AP=0.8908174442687713, distortion=0.4590401351451874, reward=0.4508, epsilon=0.1000, time=0.31075429916381836
INFO - 11/02/25 00:08:02 - 0:18:58 - Epoch 421: val_AUC=0.9653261280137053, val_AP=0.9519540061150006
INFO - 11/02/25 00:08:02 - 0:18:58 - Epoch 422: train_loss=1.0751749277114868, train_AUC=0.9302786297854984, train_AP=0.8922512287000096, distortion=0.45835456252098083, reward=0.4529, epsilon=0.1000, time=0.3110997676849365
INFO - 11/02/25 00:08:02 - 0:18:58 - Epoch 422: val_AUC=0.9653298735813302, val_AP=0.9517056120807542
INFO - 11/02/25 00:08:02 - 0:18:58 - Epoch 423: train_loss=1.0735869407653809, train_AUC=0.9305602090017974, train_AP=0.8925962995049745, distortion=0.45884940028190613, reward=0.4527, epsilon=0.1000, time=0.3131411075592041
INFO - 11/02/25 00:08:03 - 0:18:59 - Epoch 423: val_AUC=0.9652085748143999, val_AP=0.9517054824705388
INFO - 11/02/25 00:08:03 - 0:18:59 - Epoch 424: train_loss=1.0742197036743164, train_AUC=0.9311976280691499, train_AP=0.893592593888229, distortion=0.458882600069046, reward=0.4535, epsilon=0.1000, time=0.3116767406463623
INFO - 11/02/25 00:08:03 - 0:18:59 - Epoch 424: val_AUC=0.965542218453605, val_AP=0.9520717780331732
INFO - 11/02/25 00:08:03 - 0:18:59 - Epoch 425: train_loss=1.078567385673523, train_AUC=0.9288441081581282, train_AP=0.8896101637328757, distortion=0.45946499705314636, reward=0.4498, epsilon=0.1000, time=0.31284642219543457
INFO - 11/02/25 00:08:03 - 0:18:59 - Epoch 425: val_AUC=0.9649751971393083, val_AP=0.9514262487757331
INFO - 11/02/25 00:08:04 - 0:19:00 - Epoch 426: train_loss=1.0721304416656494, train_AUC=0.9308135412239793, train_AP=0.8927656455166845, distortion=0.45779234170913696, reward=0.4540, epsilon=0.1000, time=0.3110373020172119
INFO - 11/02/25 00:08:04 - 0:19:00 - Epoch 426: val_AUC=0.9651950331468329, val_AP=0.9514711959887182
INFO - 11/02/25 00:08:04 - 0:19:00 - Epoch 427: train_loss=1.0741052627563477, train_AUC=0.9306301839888473, train_AP=0.8927754604857927, distortion=0.45775437355041504, reward=0.4539, epsilon=0.1000, time=0.31146240234375
INFO - 11/02/25 00:08:04 - 0:19:00 - Epoch 427: val_AUC=0.9654897805068561, val_AP=0.9520003844529263
INFO - 11/02/25 00:08:04 - 0:19:01 - Epoch 428: train_loss=1.0770153999328613, train_AUC=0.9295119309999674, train_AP=0.8908834211404293, distortion=0.4570064842700958, reward=0.4532, epsilon=0.1000, time=0.31078267097473145
INFO - 11/02/25 00:08:05 - 0:19:01 - Epoch 428: val_AUC=0.9653336191489552, val_AP=0.9516441563032857
INFO - 11/02/25 00:08:05 - 0:19:01 - Epoch 429: train_loss=1.0733754634857178, train_AUC=0.9310293648074758, train_AP=0.8920525333574189, distortion=0.4579503834247589, reward=0.4536, epsilon=0.1000, time=0.3114955425262451
INFO - 11/02/25 00:08:05 - 0:19:01 - Epoch 429: val_AUC=0.9653261280137052, val_AP=0.9517018062144037
INFO - 11/02/25 00:08:05 - 0:19:01 - Epoch 430: train_loss=1.078528881072998, train_AUC=0.9290595399622462, train_AP=0.8905725009440018, distortion=0.45704880356788635, reward=0.4528, epsilon=0.1000, time=0.31412672996520996
INFO - 11/02/25 00:08:05 - 0:19:01 - Epoch 430: val_AUC=0.9655165757214035, val_AP=0.9519282193671567
INFO - 11/02/25 00:08:06 - 0:19:02 - Epoch 431: train_loss=1.0748140811920166, train_AUC=0.9295781920580749, train_AP=0.8914860270817211, distortion=0.45745518803596497, reward=0.4531, epsilon=0.1000, time=0.27103137969970703
INFO - 11/02/25 00:08:06 - 0:19:02 - Epoch 431: val_AUC=0.9653794303222141, val_AP=0.9517448053304758
INFO - 11/02/25 00:08:06 - 0:19:02 - Epoch 432: train_loss=1.0754001140594482, train_AUC=0.9300294471349775, train_AP=0.8921653249260195, distortion=0.4578513205051422, reward=0.4532, epsilon=0.1000, time=0.31398630142211914
INFO - 11/02/25 00:08:06 - 0:19:02 - Epoch 432: val_AUC=0.9653131625873113, val_AP=0.9519171290808776
INFO - 11/02/25 00:08:07 - 0:19:03 - Epoch 433: train_loss=1.0734425783157349, train_AUC=0.9312180923110851, train_AP=0.893806548286045, distortion=0.4572397470474243, reward=0.4553, epsilon=0.1000, time=0.3107929229736328
INFO - 11/02/25 00:08:07 - 0:19:03 - Epoch 433: val_AUC=0.9649394701865782, val_AP=0.9510746857744821
INFO - 11/02/25 00:08:07 - 0:19:03 - Epoch 434: train_loss=1.0800886154174805, train_AUC=0.9297479656142995, train_AP=0.8921473804903328, distortion=0.45991215109825134, reward=0.4510, epsilon=0.1000, time=0.3136584758758545
INFO - 11/02/25 00:08:07 - 0:19:03 - Epoch 434: val_AUC=0.9650221607949131, val_AP=0.9513179440973923
INFO - 11/02/25 00:08:07 - 0:19:03 - Epoch 435: train_loss=1.0776317119598389, train_AUC=0.930331257319994, train_AP=0.8912248712646811, distortion=0.45947808027267456, reward=0.4513, epsilon=0.1000, time=0.310391902923584
INFO - 11/02/25 00:08:07 - 0:19:04 - Epoch 435: val_AUC=0.9656566023264586, val_AP=0.9520762980990057
INFO - 11/02/25 00:08:08 - 0:19:04 - Epoch 436: train_loss=1.076408863067627, train_AUC=0.9296500112991964, train_AP=0.8919602363922072, distortion=0.45923230051994324, reward=0.4516, epsilon=0.1000, time=0.31104421615600586
INFO - 11/02/25 00:08:08 - 0:19:04 - Epoch 436: val_AUC=0.9653160437931767, val_AP=0.9516007097390262
INFO - 11/02/25 00:08:08 - 0:19:04 - Epoch 437: train_loss=1.0764600038528442, train_AUC=0.929770872745209, train_AP=0.8910445141152494, distortion=0.457210510969162, reward=0.4532, epsilon=0.1000, time=0.3136789798736572
INFO - 11/02/25 00:08:08 - 0:19:04 - Epoch 437: val_AUC=0.9655128301537785, val_AP=0.951964317653521
INFO - 11/02/25 00:08:09 - 0:19:05 - Epoch 438: train_loss=1.0734343528747559, train_AUC=0.9308498670478237, train_AP=0.8936312889921066, distortion=0.45713353157043457, reward=0.4551, epsilon=0.1000, time=0.2733795642852783
INFO - 11/02/25 00:08:09 - 0:19:05 - Epoch 438: val_AUC=0.9653990225220981, val_AP=0.951766345725413
INFO - 11/02/25 00:08:09 - 0:19:05 - Epoch 439: train_loss=1.0792686939239502, train_AUC=0.9286291533678336, train_AP=0.8894816878197056, distortion=0.4591014087200165, reward=0.4500, epsilon=0.1000, time=0.31438231468200684
INFO - 11/02/25 00:08:09 - 0:19:05 - Epoch 439: val_AUC=0.9647277015554767, val_AP=0.9508911024811403
INFO - 11/02/25 00:08:09 - 0:19:05 - Epoch 440: train_loss=1.0764905214309692, train_AUC=0.9317248569433051, train_AP=0.8951494953956758, distortion=0.45870745182037354, reward=0.4547, epsilon=0.1000, time=0.3110060691833496
INFO - 11/02/25 00:08:10 - 0:19:06 - Epoch 440: val_AUC=0.9650261944831247, val_AP=0.9513524126185653
INFO - 11/02/25 00:08:10 - 0:19:06 - Epoch 441: train_loss=1.079310655593872, train_AUC=0.9283981954366687, train_AP=0.8884071553530484, distortion=0.45755138993263245, reward=0.4509, epsilon=0.1000, time=0.3109445571899414
INFO - 11/02/25 00:08:10 - 0:19:06 - Epoch 441: val_AUC=0.9652206758790344, val_AP=0.9516938026533255
INFO - 11/02/25 00:08:10 - 0:19:06 - Epoch 442: train_loss=1.0711660385131836, train_AUC=0.93144942656977, train_AP=0.8938513986760672, distortion=0.45551836490631104, reward=0.4571, epsilon=0.1000, time=0.3144540786743164
INFO - 11/02/25 00:08:10 - 0:19:06 - Epoch 442: val_AUC=0.9651440358030166, val_AP=0.9513444020839776
INFO - 11/02/25 00:08:11 - 0:19:07 - Epoch 443: train_loss=1.074897050857544, train_AUC=0.9297783848406447, train_AP=0.8910470384040432, distortion=0.45696187019348145, reward=0.4535, epsilon=0.1000, time=0.3144824504852295
INFO - 11/02/25 00:08:11 - 0:19:07 - Epoch 443: val_AUC=0.9653445677312434, val_AP=0.9517902004513117
INFO - 11/02/25 00:08:11 - 0:19:07 - Epoch 444: train_loss=1.0799689292907715, train_AUC=0.9272491139964185, train_AP=0.8854742613968585, distortion=0.45735031366348267, reward=0.4490, epsilon=0.1000, time=0.31409692764282227
INFO - 11/02/25 00:08:11 - 0:19:07 - Epoch 444: val_AUC=0.9648989892441703, val_AP=0.9511453182873596
INFO - 11/02/25 00:08:12 - 0:19:08 - Epoch 445: train_loss=1.071657657623291, train_AUC=0.931442607814176, train_AP=0.8932341519785425, distortion=0.45742225646972656, reward=0.4549, epsilon=0.1000, time=0.31471776962280273
INFO - 11/02/25 00:08:12 - 0:19:08 - Epoch 445: val_AUC=0.9650149577802497, val_AP=0.9512314571327252
INFO - 11/02/25 00:08:12 - 0:19:08 - Epoch 446: train_loss=1.0772266387939453, train_AUC=0.9302051631768887, train_AP=0.8935395236448705, distortion=0.4579687714576721, reward=0.4539, epsilon=0.1000, time=0.3223409652709961
INFO - 11/02/25 00:08:12 - 0:19:08 - Epoch 446: val_AUC=0.965456790699698, val_AP=0.9521081165754781
INFO - 11/02/25 00:08:12 - 0:19:08 - Epoch 447: train_loss=1.0683610439300537, train_AUC=0.9311441790939218, train_AP=0.8933850001837402, distortion=0.45431214570999146, reward=0.4580, epsilon=0.1000, time=0.31423091888427734
INFO - 11/02/25 00:08:12 - 0:19:09 - Epoch 447: val_AUC=0.9638051394373984, val_AP=0.9499254170390327
INFO - 11/02/25 00:08:13 - 0:19:09 - Epoch 448: train_loss=1.0717490911483765, train_AUC=0.9308285370033689, train_AP=0.8923432665121145, distortion=0.4555792212486267, reward=0.4560, epsilon=0.1000, time=0.31433606147766113
INFO - 11/02/25 00:08:13 - 0:19:09 - Epoch 448: val_AUC=0.9646236900237383, val_AP=0.9507729686847632
INFO - 11/02/25 00:08:13 - 0:19:09 - Epoch 449: train_loss=1.0766386985778809, train_AUC=0.9290105211843663, train_AP=0.8903947573715558, distortion=0.4583510458469391, reward=0.4514, epsilon=0.1000, time=0.3131089210510254
INFO - 11/02/25 00:08:13 - 0:19:09 - Epoch 449: val_AUC=0.965019279589048, val_AP=0.9514082291109477
INFO - 11/02/25 00:08:14 - 0:19:10 - Epoch 450: train_loss=1.0736349821090698, train_AUC=0.9308189737983374, train_AP=0.8922349763216159, distortion=0.4573430120944977, reward=0.4542, epsilon=0.1000, time=0.3109617233276367
INFO - 11/02/25 00:08:14 - 0:19:10 - Epoch 450: val_AUC=0.965362719328195, val_AP=0.9518992149478057
INFO - 11/02/25 00:08:14 - 0:19:10 - Epoch 451: train_loss=1.0703480243682861, train_AUC=0.931166750769969, train_AP=0.894716872187049, distortion=0.45573607087135315, reward=0.4572, epsilon=0.1000, time=0.3113672733306885
INFO - 11/02/25 00:08:14 - 0:19:10 - Epoch 451: val_AUC=0.964916132419069, val_AP=0.9511404696979813
INFO - 11/02/25 00:08:14 - 0:19:11 - Epoch 452: train_loss=1.0779780149459839, train_AUC=0.9290220064012085, train_AP=0.8908476571574284, distortion=0.4544472396373749, reward=0.4555, epsilon=0.1000, time=0.31408047676086426
INFO - 11/02/25 00:08:15 - 0:19:11 - Epoch 452: val_AUC=0.9652267264113514, val_AP=0.9516311459332938
INFO - 11/02/25 00:08:15 - 0:19:11 - Epoch 453: train_loss=1.0732569694519043, train_AUC=0.9299945603277557, train_AP=0.892399511929135, distortion=0.45376482605934143, reward=0.4574, epsilon=0.1000, time=0.3112478256225586
INFO - 11/02/25 00:08:15 - 0:19:11 - Epoch 453: val_AUC=0.9652016599203231, val_AP=0.9515426145215307
INFO - 11/02/25 00:08:15 - 0:19:11 - Epoch 454: train_loss=1.079439401626587, train_AUC=0.9269882118589436, train_AP=0.8872553640921264, distortion=0.4558858275413513, reward=0.4512, epsilon=0.1000, time=0.31418871879577637
INFO - 11/02/25 00:08:15 - 0:19:11 - Epoch 454: val_AUC=0.9643931935545119, val_AP=0.9503970641588972
INFO - 11/02/25 00:08:16 - 0:19:12 - Epoch 455: train_loss=1.0725030899047852, train_AUC=0.9315082443181344, train_AP=0.8947812380483939, distortion=0.4556333124637604, reward=0.4575, epsilon=0.1000, time=0.31163811683654785
INFO - 11/02/25 00:08:16 - 0:19:12 - Epoch 455: val_AUC=0.9646392485354109, val_AP=0.9508188956760946
INFO - 11/02/25 00:08:16 - 0:19:12 - Epoch 456: train_loss=1.0703063011169434, train_AUC=0.9299055496480055, train_AP=0.8906652310588457, distortion=0.4563523530960083, reward=0.4539, epsilon=0.1000, time=0.31339168548583984
INFO - 11/02/25 00:08:16 - 0:19:12 - Epoch 456: val_AUC=0.9648052059932538, val_AP=0.9511312529377491
INFO - 11/02/25 00:08:17 - 0:19:13 - Epoch 457: train_loss=1.0683670043945312, train_AUC=0.9311281036782298, train_AP=0.8938567809181146, distortion=0.4548798203468323, reward=0.4576, epsilon=0.1000, time=0.3106689453125
INFO - 11/02/25 00:08:17 - 0:19:13 - Epoch 457: val_AUC=0.9650734462593159, val_AP=0.9514584058184848
INFO - 11/02/25 00:08:17 - 0:19:13 - Epoch 458: train_loss=1.0657415390014648, train_AUC=0.9323612093339785, train_AP=0.8949915616996662, distortion=0.45395106077194214, reward=0.4597, epsilon=0.1000, time=0.3138442039489746
INFO - 11/02/25 00:08:17 - 0:19:13 - Epoch 458: val_AUC=0.9651992108953376, val_AP=0.951635144217593
INFO - 11/02/25 00:08:17 - 0:19:13 - best_epoch=357
INFO - 11/02/25 00:08:17 - 0:19:13 - test_auc= 97.36%, test_ap= 96.17%
INFO - 11/02/25 00:08:17 - 0:19:13 - ----LP Task----
INFO - 11/02/25 00:08:17 - 0:19:13 - test AUC: 0.9749126322341438~0.0012154927511859477
INFO - 11/02/25 00:08:17 - 0:19:13 - test AP: 0.9637140191942928~0.0016219835901255073
