INFO - 11/13/25 15:00:25 - 0:00:00 - Namespace(backbone='gcn', coef_dis=1.0, dataset='Pubmed', devices='0,1', downstream_task='LP', drop_cls=0.0, drop_edge_cls=0.0, edge_split_method='random', embed_features=16, epochs_cls=5000, epochs_lp=5000, eval_freq=1, exp_iters=10, gpu=0, hidden_features=32, hidden_features_cls=32, hppo_actor_c_lr=0.001, hppo_actor_d_lr=0.001, hppo_coeff_critic=0.5, hppo_coeff_ent_d=0.0, hppo_critic_lr=0.001, hppo_eps_clip_c=0.1, hppo_eps_clip_d=0.1, hppo_gamma=0.99, hppo_init_log_std=-3.5, hppo_lam=0.95, hppo_max_norm_grad=5.0, hppo_minibatch_size=256, hppo_penalty_alpha_c=0.0, hppo_penalty_alpha_d=0.0, hppo_policy_decay='down', hppo_reward_with_distortion=True, hppo_target_kl_c=0.01, hppo_target_kl_d=0.01, hppo_update_nums=2, in_features=None, init_curvs=[-3, -1, 0, 1, 3], log_path='./results/Train/LP_gcn_Pubmed_20251113_150025.log', lr_Riemann=0.01, lr_cls=0.01, lr_gating=0.001, min_epoch_cls=200, min_epoch_lp=200, n_heads=8, n_layers=2, num_factors=5, num_factors_cls=5, patience_cls=100, patience_lp=100, r=2.0, root_path='./datasets', sample_hop=[2, 3], t=1.0, use_hppo=True, version='Train', w_decay=0.0, w_decay_cls=0.0005, w_decay_gating=0.0)
INFO - 11/13/25 15:06:14 - 0:05:49 - Using RandomLinkSplit edge splitting method
INFO - 11/13/25 15:08:30 - 0:08:04 - 
                                     train iters 0
INFO - 11/13/25 15:08:30 - 0:08:04 - --------------------------Training Start-------------------------
INFO - 11/13/25 15:08:41 - 0:08:16 - Epoch 0: train_loss=5.83815860748291, train_AUC=0.9963342435805915, train_AP=0.9961696192715342, time=1763017720.8364384
INFO - 11/13/25 15:08:42 - 0:08:17 - Epoch 0: val_AUC=0.7631876474344772, val_AP=0.816427400178617
INFO - 11/13/25 15:08:46 - 0:08:21 - Epoch 1: train_loss=2.442537784576416, train_AUC=0.9139840721260925, train_AP=0.9394499903726098, time=1763017725.3487952
INFO - 11/13/25 15:08:46 - 0:08:21 - Epoch 1: val_AUC=0.6065227334189159, val_AP=0.6864387818397271
INFO - 11/13/25 15:08:48 - 0:08:23 - Epoch 2: train_loss=4.538136005401611, train_AUC=0.6577270164485811, train_AP=0.7483120241527957, time=1763017727.4889324
INFO - 11/13/25 15:08:48 - 0:08:23 - Epoch 2: val_AUC=0.6113365505545492, val_AP=0.6758627107021917
INFO - 11/13/25 15:08:50 - 0:08:25 - Epoch 3: train_loss=4.534101963043213, train_AUC=0.6331447155301644, train_AP=0.7140107671213332, time=1763017729.4884145
INFO - 11/13/25 15:08:50 - 0:08:25 - Epoch 3: val_AUC=0.6148975819116631, val_AP=0.6774731566840639
INFO - 11/13/25 15:08:52 - 0:08:27 - Epoch 4: train_loss=4.355370044708252, train_AUC=0.6311803558119683, train_AP=0.7080616188799419, time=1763017731.344808
INFO - 11/13/25 15:08:52 - 0:08:27 - Epoch 4: val_AUC=0.6643550271083946, val_AP=0.7125834230284417
INFO - 11/13/25 15:08:54 - 0:08:29 - Epoch 5: train_loss=3.6668992042541504, train_AUC=0.6901836800312285, train_AP=0.7497600445245465, time=1763017733.151687
INFO - 11/13/25 15:08:54 - 0:08:29 - Epoch 5: val_AUC=0.7298494335583676, val_AP=0.7572239743625652
INFO - 11/13/25 15:08:55 - 0:08:30 - Epoch 6: train_loss=3.0390100479125977, train_AUC=0.7605792071214064, train_AP=0.7979166773524937, time=1763017734.9146943
INFO - 11/13/25 15:08:56 - 0:08:30 - Epoch 6: val_AUC=0.7869024016343233, val_AP=0.7957295513384255
INFO - 11/13/25 15:08:57 - 0:08:32 - Epoch 7: train_loss=2.687710762023926, train_AUC=0.8242062917932337, train_AP=0.8418356060788927, time=1763017736.7080662
INFO - 11/13/25 15:08:57 - 0:08:32 - Epoch 7: val_AUC=0.8203733879954124, val_AP=0.8211738097407922
INFO - 11/13/25 15:08:59 - 0:08:34 - Epoch 8: train_loss=2.36716365814209, train_AUC=0.8620428256447448, train_AP=0.8705577094812119, time=1763017738.627873
INFO - 11/13/25 15:08:59 - 0:08:34 - Epoch 8: val_AUC=0.843494331510902, val_AP=0.8394762860373646
INFO - 11/13/25 15:09:01 - 0:08:36 - Epoch 9: train_loss=2.1284193992614746, train_AUC=0.8877298407344065, train_AP=0.8903953755373706, time=1763017740.472054
INFO - 11/13/25 15:09:01 - 0:08:36 - Epoch 9: val_AUC=0.8582936780747827, val_AP=0.851076712676285
INFO - 11/13/25 15:09:03 - 0:08:38 - Epoch 10: train_loss=1.9319171905517578, train_AUC=0.9022792828186519, train_AP=0.9008097845373754, time=1763017742.3019505
INFO - 11/13/25 15:09:03 - 0:08:38 - Epoch 10: val_AUC=0.8653371362196823, val_AP=0.8570055799358944
INFO - 11/13/25 15:09:05 - 0:08:40 - Epoch 11: train_loss=1.834039568901062, train_AUC=0.9078574783942718, train_AP=0.9045477860478376, time=1763017744.1252162
INFO - 11/13/25 15:09:05 - 0:08:40 - Epoch 11: val_AUC=0.8697139445320543, val_AP=0.8599712505493232
INFO - 11/13/25 15:09:07 - 0:08:41 - Epoch 12: train_loss=1.6993839740753174, train_AUC=0.9125854299226621, train_AP=0.9086964261566179, time=1763017746.0132303
INFO - 11/13/25 15:09:07 - 0:08:42 - Epoch 12: val_AUC=0.8673896114897888, val_AP=0.8565749530687212
INFO - 11/13/25 15:09:08 - 0:08:43 - Epoch 13: train_loss=1.6976287364959717, train_AUC=0.907652012449373, train_AP=0.9030775552894742, time=1763017747.8406348
INFO - 11/13/25 15:09:08 - 0:08:43 - Epoch 13: val_AUC=0.8576294083723235, val_AP=0.8469568724745822
INFO - 11/13/25 15:09:10 - 0:08:45 - Epoch 14: train_loss=2.0761780738830566, train_AUC=0.8883568274746643, train_AP=0.8877890303719164, time=1763017749.7145762
INFO - 11/13/25 15:09:10 - 0:08:45 - Epoch 14: val_AUC=0.8560550769591678, val_AP=0.8452927676736143
INFO - 11/13/25 15:09:12 - 0:08:47 - Epoch 15: train_loss=2.165201425552368, train_AUC=0.8841786702113577, train_AP=0.8848370041132614, time=1763017751.6651654
INFO - 11/13/25 15:09:12 - 0:08:47 - Epoch 15: val_AUC=0.8707476149826011, val_AP=0.8574952481390241
INFO - 11/13/25 15:09:14 - 0:08:49 - Epoch 16: train_loss=1.9384663105010986, train_AUC=0.9002911270788316, train_AP=0.8948382772290596, time=1763017753.4464839
INFO - 11/13/25 15:09:14 - 0:08:49 - Epoch 16: val_AUC=0.882395142319071, val_AP=0.8690518446204621
INFO - 11/13/25 15:09:16 - 0:08:51 - Epoch 17: train_loss=1.694311261177063, train_AUC=0.915062107003539, train_AP=0.9083001710818451, time=1763017755.2234595
INFO - 11/13/25 15:09:16 - 0:08:51 - Epoch 17: val_AUC=0.8881314431310197, val_AP=0.8761969860909763
INFO - 11/13/25 15:09:17 - 0:08:52 - Epoch 18: train_loss=1.6489858627319336, train_AUC=0.9222207358769139, train_AP=0.9166044128431526, time=1763017756.9977162
INFO - 11/13/25 15:09:18 - 0:08:53 - Epoch 18: val_AUC=0.8937899539287623, val_AP=0.8820497060341482
INFO - 11/13/25 15:09:19 - 0:08:54 - Epoch 19: train_loss=1.5762859582901, train_AUC=0.9292043280613858, train_AP=0.9232126637595772, time=1763017758.778096
INFO - 11/13/25 15:09:19 - 0:08:54 - Epoch 19: val_AUC=0.898078993926677, val_AP=0.8865664349309558
INFO - 11/13/25 15:09:21 - 0:08:56 - Epoch 20: train_loss=1.495928168296814, train_AUC=0.9329948966501684, train_AP=0.9275436070702499, time=1763017760.5679529
INFO - 11/13/25 15:09:21 - 0:08:56 - Epoch 20: val_AUC=0.9036173578438399, val_AP=0.8925992610723454
INFO - 11/13/25 15:09:23 - 0:08:58 - Epoch 21: train_loss=1.4065855741500854, train_AUC=0.9401243914592625, train_AP=0.9339806941412634, time=1763017762.5113378
INFO - 11/13/25 15:09:23 - 0:08:58 - Epoch 21: val_AUC=0.9070975446050384, val_AP=0.8970499856271855
INFO - 11/13/25 15:09:25 - 0:09:00 - Epoch 22: train_loss=1.366156816482544, train_AUC=0.9449497660967596, train_AP=0.9391123568980809, time=1763017764.2962549
INFO - 11/13/25 15:09:25 - 0:09:00 - Epoch 22: val_AUC=0.9085926605325235, val_AP=0.8996156756911982
INFO - 11/13/25 15:09:27 - 0:09:02 - Epoch 23: train_loss=1.3690367937088013, train_AUC=0.9459577621701074, train_AP=0.9406523887857358, time=1763017766.2232354
INFO - 11/13/25 15:09:27 - 0:09:02 - Epoch 23: val_AUC=0.9106881035853459, val_AP=0.9016414453559493
INFO - 11/13/25 15:09:29 - 0:09:04 - Epoch 24: train_loss=1.3536527156829834, train_AUC=0.9481943037678301, train_AP=0.9428078656498518, time=1763017768.1882813
INFO - 11/13/25 15:09:29 - 0:09:04 - Epoch 24: val_AUC=0.9128766095609223, val_AP=0.9031500310937293
INFO - 11/13/25 15:09:31 - 0:09:05 - Epoch 25: train_loss=1.3190951347351074, train_AUC=0.9496651371465791, train_AP=0.9429462458392281, time=1763017770.0201337
INFO - 11/13/25 15:09:31 - 0:09:06 - Epoch 25: val_AUC=0.9142407857524533, val_AP=0.904016380757965
INFO - 11/13/25 15:09:32 - 0:09:07 - Epoch 26: train_loss=1.298198938369751, train_AUC=0.9509037601219672, train_AP=0.9438462523608927, time=1763017771.9729471
INFO - 11/13/25 15:09:33 - 0:09:08 - Epoch 26: val_AUC=0.9157261270184677, val_AP=0.9053024617365577
INFO - 11/13/25 15:09:34 - 0:09:09 - Epoch 27: train_loss=1.2777633666992188, train_AUC=0.9513889936415745, train_AP=0.9434481591356838, time=1763017773.8114042
INFO - 11/13/25 15:09:34 - 0:09:09 - Epoch 27: val_AUC=0.9167441172829047, val_AP=0.9061055137685904
INFO - 11/13/25 15:09:36 - 0:09:11 - Epoch 28: train_loss=1.2646019458770752, train_AUC=0.9521704111235655, train_AP=0.9442294832077935, time=1763017775.6031096
INFO - 11/13/25 15:09:36 - 0:09:11 - Epoch 28: val_AUC=0.9176861502821618, val_AP=0.9068797148331084
INFO - 11/13/25 15:09:38 - 0:09:13 - Epoch 29: train_loss=1.238175868988037, train_AUC=0.9538488603527434, train_AP=0.9460183264380261, time=1763017777.4637403
INFO - 11/13/25 15:09:38 - 0:09:13 - Epoch 29: val_AUC=0.9186232959506837, val_AP=0.9079016600845716
INFO - 11/13/25 15:09:40 - 0:09:15 - Epoch 30: train_loss=1.2221097946166992, train_AUC=0.9540893743193076, train_AP=0.9454937992052692, time=1763017779.2678492
INFO - 11/13/25 15:09:40 - 0:09:15 - Epoch 30: val_AUC=0.9194378510732578, val_AP=0.9088319286228892
INFO - 11/13/25 15:09:42 - 0:09:16 - Epoch 31: train_loss=1.2092103958129883, train_AUC=0.9544509094569226, train_AP=0.945400778936722, time=1763017781.068092
INFO - 11/13/25 15:09:42 - 0:09:17 - Epoch 31: val_AUC=0.9204441321078081, val_AP=0.9098850211733065
INFO - 11/13/25 15:09:43 - 0:09:18 - Epoch 32: train_loss=1.193352222442627, train_AUC=0.955822832211032, train_AP=0.9468824229967303, time=1763017782.8865843
INFO - 11/13/25 15:09:43 - 0:09:18 - Epoch 32: val_AUC=0.9216121023341892, val_AP=0.9111075801076097
INFO - 11/13/25 15:09:45 - 0:09:20 - Epoch 33: train_loss=1.1790549755096436, train_AUC=0.9562038035020485, train_AP=0.9466760098923737, time=1763017784.7408345
INFO - 11/13/25 15:09:45 - 0:09:20 - Epoch 33: val_AUC=0.9228232439820667, val_AP=0.9124304484315839
INFO - 11/13/25 15:09:47 - 0:09:22 - Epoch 34: train_loss=1.1627402305603027, train_AUC=0.9588664298872575, train_AP=0.9502625692631168, time=1763017786.7114754
INFO - 11/13/25 15:09:47 - 0:09:22 - Epoch 34: val_AUC=0.9240036361740671, val_AP=0.9137171746995558
INFO - 11/13/25 15:09:49 - 0:09:24 - Epoch 35: train_loss=1.1560150384902954, train_AUC=0.9587597039060283, train_AP=0.94991586765237, time=1763017788.6905978
INFO - 11/13/25 15:09:49 - 0:09:24 - Epoch 35: val_AUC=0.9251474752049421, val_AP=0.9149661327374996
INFO - 11/13/25 15:09:51 - 0:09:26 - Epoch 36: train_loss=1.1434731483459473, train_AUC=0.9601236938310331, train_AP=0.9508195855158961, time=1763017790.588238
INFO - 11/13/25 15:09:51 - 0:09:26 - Epoch 36: val_AUC=0.9262253352708885, val_AP=0.9161902497236888
INFO - 11/13/25 15:09:53 - 0:09:28 - Epoch 37: train_loss=1.1370153427124023, train_AUC=0.9606206539959997, train_AP=0.9514097611963752, time=1763017792.4348493
INFO - 11/13/25 15:09:53 - 0:09:28 - Epoch 37: val_AUC=0.9273942218717826, val_AP=0.9175436921241086
INFO - 11/13/25 15:09:55 - 0:09:30 - Epoch 38: train_loss=1.1271939277648926, train_AUC=0.9620402182832777, train_AP=0.9533152274784586, time=1763017794.3729548
INFO - 11/13/25 15:09:55 - 0:09:30 - Epoch 38: val_AUC=0.9286386584602955, val_AP=0.9190050049605127
INFO - 11/13/25 15:09:57 - 0:09:32 - Epoch 39: train_loss=1.1166396141052246, train_AUC=0.9630596775253999, train_AP=0.9539266019299448, time=1763017796.3224819
INFO - 11/13/25 15:09:57 - 0:09:32 - Epoch 39: val_AUC=0.9300264567503814, val_AP=0.9205884127201911
INFO - 11/13/25 15:09:59 - 0:09:34 - Epoch 40: train_loss=1.1070225238800049, train_AUC=0.9642658745642815, train_AP=0.9557582795055031, time=1763017798.2550628
INFO - 11/13/25 15:09:59 - 0:09:34 - Epoch 40: val_AUC=0.9314443935800022, val_AP=0.922244306547046
INFO - 11/13/25 15:10:01 - 0:09:36 - Epoch 41: train_loss=1.0945712327957153, train_AUC=0.9654922221021721, train_AP=0.9565933117094636, time=1763017800.1307921
INFO - 11/13/25 15:10:01 - 0:09:36 - Epoch 41: val_AUC=0.9326957538870572, val_AP=0.9236668531649597
INFO - 11/13/25 15:10:03 - 0:09:37 - Epoch 42: train_loss=1.0852904319763184, train_AUC=0.9668742166714321, train_AP=0.9581904016276885, time=1763017802.0563774
INFO - 11/13/25 15:10:03 - 0:09:38 - Epoch 42: val_AUC=0.9339640162129049, val_AP=0.9250826013917568
INFO - 11/13/25 15:10:04 - 0:09:39 - Epoch 43: train_loss=1.0773193836212158, train_AUC=0.9680668622782584, train_AP=0.959413850817177, time=1763017803.910079
INFO - 11/13/25 15:10:05 - 0:09:39 - Epoch 43: val_AUC=0.935260075232311, val_AP=0.9265113707814656
INFO - 11/13/25 15:10:06 - 0:09:41 - Epoch 44: train_loss=1.0669140815734863, train_AUC=0.9696309244513609, train_AP=0.9616868353067067, time=1763017805.8209777
INFO - 11/13/25 15:10:06 - 0:09:41 - Epoch 44: val_AUC=0.9366107094449296, val_AP=0.9279888596729015
INFO - 11/13/25 15:10:08 - 0:09:43 - Epoch 45: train_loss=1.0592873096466064, train_AUC=0.9704915985432692, train_AP=0.9624975582862753, time=1763017807.784786
INFO - 11/13/25 15:10:08 - 0:09:43 - Epoch 45: val_AUC=0.9378282657143975, val_AP=0.9292539149542102
INFO - 11/13/25 15:10:10 - 0:09:45 - Epoch 46: train_loss=1.049060583114624, train_AUC=0.9716726862283781, train_AP=0.9637731092109798, time=1763017809.7466137
INFO - 11/13/25 15:10:10 - 0:09:45 - Epoch 46: val_AUC=0.9390503020370395, val_AP=0.9305099923078588
INFO - 11/13/25 15:10:12 - 0:09:47 - Epoch 47: train_loss=1.0386950969696045, train_AUC=0.9726375526289548, train_AP=0.965134350117338, time=1763017811.6932132
INFO - 11/13/25 15:10:12 - 0:09:47 - Epoch 47: val_AUC=0.9401945483454756, val_AP=0.9316714447567633
INFO - 11/13/25 15:10:14 - 0:09:49 - Epoch 48: train_loss=1.032317042350769, train_AUC=0.9729566653945773, train_AP=0.9656264796860772, time=1763017813.649455
INFO - 11/13/25 15:10:14 - 0:09:49 - Epoch 48: val_AUC=0.9413138489032831, val_AP=0.9327717425359032
INFO - 11/13/25 15:10:16 - 0:09:51 - Epoch 49: train_loss=1.0228674411773682, train_AUC=0.9741219858729547, train_AP=0.9667731231508248, time=1763017815.6335778
INFO - 11/13/25 15:10:16 - 0:09:51 - Epoch 49: val_AUC=0.9423964944805744, val_AP=0.9337926995071484
INFO - 11/13/25 15:10:18 - 0:09:53 - Epoch 50: train_loss=1.0138025283813477, train_AUC=0.9747180960106083, train_AP=0.967078141085523, time=1763017817.5444107
INFO - 11/13/25 15:10:18 - 0:09:53 - Epoch 50: val_AUC=0.9433776261257153, val_AP=0.9347761843832982
INFO - 11/13/25 15:10:20 - 0:09:55 - Epoch 51: train_loss=1.0055999755859375, train_AUC=0.9756197769923476, train_AP=0.9683006536060286, time=1763017819.474916
INFO - 11/13/25 15:10:20 - 0:09:55 - Epoch 51: val_AUC=0.9442980734142239, val_AP=0.9356775517139173
INFO - 11/13/25 15:10:22 - 0:09:57 - Epoch 52: train_loss=0.999646008014679, train_AUC=0.9759830305397486, train_AP=0.9682862285041675, time=1763017821.3740506
INFO - 11/13/25 15:10:22 - 0:09:57 - Epoch 52: val_AUC=0.945149894433656, val_AP=0.936479143536213
INFO - 11/13/25 15:10:24 - 0:09:59 - Epoch 53: train_loss=0.9937417507171631, train_AUC=0.9764049291140341, train_AP=0.9685194268646744, time=1763017823.3769646
INFO - 11/13/25 15:10:24 - 0:09:59 - Epoch 53: val_AUC=0.9459750387728237, val_AP=0.9373378499669701
INFO - 11/13/25 15:10:26 - 0:10:01 - Epoch 54: train_loss=0.9897254705429077, train_AUC=0.9768428530880149, train_AP=0.9692439792104481, time=1763017825.2609825
INFO - 11/13/25 15:10:26 - 0:10:01 - Epoch 54: val_AUC=0.946766786351966, val_AP=0.9381568369520389
INFO - 11/13/25 15:10:28 - 0:10:03 - Epoch 55: train_loss=0.9846566915512085, train_AUC=0.9770661026456757, train_AP=0.9693189610500628, time=1763017827.1038258
INFO - 11/13/25 15:10:28 - 0:10:03 - Epoch 55: val_AUC=0.9474755511279959, val_AP=0.9389218051181502
INFO - 11/13/25 15:10:29 - 0:10:04 - Epoch 56: train_loss=0.9760754108428955, train_AUC=0.9783013043001149, train_AP=0.9711331811138596, time=1763017828.9057646
INFO - 11/13/25 15:10:30 - 0:10:04 - Epoch 56: val_AUC=0.948159064695226, val_AP=0.9396694320846877
INFO - 11/13/25 15:10:31 - 0:10:06 - Epoch 57: train_loss=0.9693834185600281, train_AUC=0.9791660263504652, train_AP=0.9724459404519941, time=1763017830.7144377
INFO - 11/13/25 15:10:31 - 0:10:06 - Epoch 57: val_AUC=0.9487821993639953, val_AP=0.9403554188976763
INFO - 11/13/25 15:10:33 - 0:10:08 - Epoch 58: train_loss=0.9651214480400085, train_AUC=0.979766359686669, train_AP=0.9729102660140726, time=1763017832.5300393
INFO - 11/13/25 15:10:33 - 0:10:08 - Epoch 58: val_AUC=0.9493717336339584, val_AP=0.9409960956415668
INFO - 11/13/25 15:10:35 - 0:10:10 - Epoch 59: train_loss=0.9598588347434998, train_AUC=0.9800115910465009, train_AP=0.9731247233678716, time=1763017834.374454
INFO - 11/13/25 15:10:35 - 0:10:10 - Epoch 59: val_AUC=0.9498844960836189, val_AP=0.9415949163038767
INFO - 11/13/25 15:10:37 - 0:10:12 - Epoch 60: train_loss=0.9573916792869568, train_AUC=0.9801625467504681, train_AP=0.9731962926597558, time=1763017836.2009163
INFO - 11/13/25 15:10:37 - 0:10:12 - Epoch 60: val_AUC=0.9503968512557183, val_AP=0.9421591047746474
INFO - 11/13/25 15:10:39 - 0:10:14 - Epoch 61: train_loss=0.9504278302192688, train_AUC=0.9811258923486975, train_AP=0.9745926451573277, time=1763017838.1120307
INFO - 11/13/25 15:10:39 - 0:10:14 - Epoch 61: val_AUC=0.9509177592566044, val_AP=0.9427548766754217
INFO - 11/13/25 15:10:40 - 0:10:15 - Epoch 62: train_loss=0.9469437599182129, train_AUC=0.9811340331763628, train_AP=0.974146236408975, time=1763017839.9241803
INFO - 11/13/25 15:10:41 - 0:10:15 - Epoch 62: val_AUC=0.9514258380143101, val_AP=0.9433339126738789
INFO - 11/13/25 15:10:42 - 0:10:17 - Epoch 63: train_loss=0.9439933896064758, train_AUC=0.9816286907391424, train_AP=0.9751423914435369, time=1763017841.8290355
INFO - 11/13/25 15:10:42 - 0:10:17 - Epoch 63: val_AUC=0.951906425536629, val_AP=0.9438673716545973
INFO - 11/13/25 15:10:44 - 0:10:19 - Epoch 64: train_loss=0.9366543889045715, train_AUC=0.9828961469646353, train_AP=0.977017869913698, time=1763017843.6903384
INFO - 11/13/25 15:10:44 - 0:10:19 - Epoch 64: val_AUC=0.9523381397515933, val_AP=0.9443484355448402
INFO - 11/13/25 15:10:46 - 0:10:21 - Epoch 65: train_loss=0.9345882534980774, train_AUC=0.9826812453525972, train_AP=0.9761953018208376, time=1763017845.6014218
INFO - 11/13/25 15:10:46 - 0:10:21 - Epoch 65: val_AUC=0.9527533592253256, val_AP=0.94479419035324
INFO - 11/13/25 15:10:48 - 0:10:23 - Epoch 66: train_loss=0.9300829172134399, train_AUC=0.9830417336287006, train_AP=0.9771175979498481, time=1763017847.5319505
INFO - 11/13/25 15:10:48 - 0:10:23 - Epoch 66: val_AUC=0.9531478075434321, val_AP=0.9452519073137874
INFO - 11/13/25 15:10:50 - 0:10:25 - Epoch 67: train_loss=0.9249303340911865, train_AUC=0.9841703693956374, train_AP=0.9787791402016034, time=1763017849.4709153
INFO - 11/13/25 15:10:50 - 0:10:25 - Epoch 67: val_AUC=0.9534825896988101, val_AP=0.9456227804465855
INFO - 11/13/25 15:10:52 - 0:10:27 - Epoch 68: train_loss=0.9230706095695496, train_AUC=0.9837716491876394, train_AP=0.9779241545301631, time=1763017851.2937827
INFO - 11/13/25 15:10:52 - 0:10:27 - Epoch 68: val_AUC=0.9537709422122012, val_AP=0.9459652262610532
INFO - 11/13/25 15:10:54 - 0:10:29 - Epoch 69: train_loss=0.9194170236587524, train_AUC=0.9844465435794613, train_AP=0.9791554220151313, time=1763017853.1281013
INFO - 11/13/25 15:10:54 - 0:10:29 - Epoch 69: val_AUC=0.9540304798381316, val_AP=0.946282781296945
INFO - 11/13/25 15:10:55 - 0:10:30 - Epoch 70: train_loss=0.9179410934448242, train_AUC=0.9842092860848598, train_AP=0.9783061270285255, time=1763017854.9937408
INFO - 11/13/25 15:10:56 - 0:10:31 - Epoch 70: val_AUC=0.9542635444225782, val_AP=0.9465685325334217
INFO - 11/13/25 15:10:57 - 0:10:32 - Epoch 71: train_loss=0.9157700538635254, train_AUC=0.9843448808925778, train_AP=0.978852228442308, time=1763017856.9686425
INFO - 11/13/25 15:10:58 - 0:10:33 - Epoch 71: val_AUC=0.954466979564441, val_AP=0.9468396194673243
INFO - 11/13/25 15:10:59 - 0:10:34 - Epoch 72: train_loss=0.9117289185523987, train_AUC=0.9845354361057671, train_AP=0.9787348283285938, time=1763017858.7959168
INFO - 11/13/25 15:10:59 - 0:10:34 - Epoch 72: val_AUC=0.9546557527140977, val_AP=0.947098427710782
INFO - 11/13/25 15:11:01 - 0:10:36 - Epoch 73: train_loss=0.9084194302558899, train_AUC=0.9852787347253606, train_AP=0.9799413336112476, time=1763017860.739142
INFO - 11/13/25 15:11:01 - 0:10:36 - Epoch 73: val_AUC=0.9548111291037287, val_AP=0.9473199963993044
INFO - 11/13/25 15:11:03 - 0:10:38 - Epoch 74: train_loss=0.9051099419593811, train_AUC=0.9853091046286767, train_AP=0.9795375984028531, time=1763017862.7091053
INFO - 11/13/25 15:11:03 - 0:10:38 - Epoch 74: val_AUC=0.954964061827992, val_AP=0.9475269402236359
INFO - 11/13/25 15:11:05 - 0:10:40 - Epoch 75: train_loss=0.901369571685791, train_AUC=0.9859913237047849, train_AP=0.980860258894545, time=1763017864.5314488
INFO - 11/13/25 15:11:05 - 0:10:40 - Epoch 75: val_AUC=0.9550962233966297, val_AP=0.9477052682642566
INFO - 11/13/25 15:11:07 - 0:10:42 - Epoch 76: train_loss=0.897651195526123, train_AUC=0.9864866695473065, train_AP=0.9816549899166943, time=1763017866.3508437
INFO - 11/13/25 15:11:07 - 0:10:42 - Epoch 76: val_AUC=0.9552603562538284, val_AP=0.9479381633755731
INFO - 11/13/25 15:11:09 - 0:10:44 - Epoch 77: train_loss=0.8973549604415894, train_AUC=0.9860595407162399, train_AP=0.9806905889811909, time=1763017868.2590024
INFO - 11/13/25 15:11:09 - 0:10:44 - Epoch 77: val_AUC=0.9553812158701402, val_AP=0.9481009136553955
INFO - 11/13/25 15:11:11 - 0:10:46 - Epoch 78: train_loss=0.8930831551551819, train_AUC=0.9864800877401826, train_AP=0.9814765154532793, time=1763017870.083995
INFO - 11/13/25 15:11:11 - 0:10:46 - Epoch 78: val_AUC=0.9555259012237876, val_AP=0.948314153068239
INFO - 11/13/25 15:11:12 - 0:10:47 - Epoch 79: train_loss=0.8941510915756226, train_AUC=0.9859361780203245, train_AP=0.9804702918793079, time=1763017871.9904716
INFO - 11/13/25 15:11:13 - 0:10:48 - Epoch 79: val_AUC=0.9556537863780319, val_AP=0.9485151037802636
INFO - 11/13/25 15:11:14 - 0:10:49 - Epoch 80: train_loss=0.8893183469772339, train_AUC=0.986816703558273, train_AP=0.9820588468927626, time=1763017873.8256578
INFO - 11/13/25 15:11:14 - 0:10:49 - Epoch 80: val_AUC=0.9557865588630113, val_AP=0.9487016999768094
INFO - 11/13/25 15:11:16 - 0:10:51 - Epoch 81: train_loss=0.8864021301269531, train_AUC=0.9873956146278074, train_AP=0.9829068543273355, time=1763017875.6613374
INFO - 11/13/25 15:11:16 - 0:10:51 - Epoch 81: val_AUC=0.9559464153058167, val_AP=0.9489092957234176
INFO - 11/13/25 15:11:18 - 0:10:53 - Epoch 82: train_loss=0.8864150047302246, train_AUC=0.9868807440431664, train_AP=0.9819629430875595, time=1763017877.442838
INFO - 11/13/25 15:11:18 - 0:10:53 - Epoch 82: val_AUC=0.9560942570605638, val_AP=0.9491091550697746
INFO - 11/13/25 15:11:20 - 0:10:55 - Epoch 83: train_loss=0.8824896216392517, train_AUC=0.9875559318520941, train_AP=0.9831375781203475, time=1763017879.2771688
INFO - 11/13/25 15:11:20 - 0:10:55 - Epoch 83: val_AUC=0.9562264186292015, val_AP=0.9493017225556645
INFO - 11/13/25 15:11:22 - 0:10:57 - Epoch 84: train_loss=0.8797824382781982, train_AUC=0.9874792131416349, train_AP=0.9827091442299755, time=1763017881.1279864
INFO - 11/13/25 15:11:22 - 0:10:57 - Epoch 84: val_AUC=0.9563469727873425, val_AP=0.9494923269638667
INFO - 11/13/25 15:11:23 - 0:10:58 - Epoch 85: train_loss=0.8764314651489258, train_AUC=0.9879250315504052, train_AP=0.9833984818361807, time=1763017882.9375463
INFO - 11/13/25 15:11:24 - 0:10:58 - Epoch 85: val_AUC=0.9564783198008575, val_AP=0.9496773588677486
INFO - 11/13/25 15:11:25 - 0:11:00 - Epoch 86: train_loss=0.8758450150489807, train_AUC=0.987717135315803, train_AP=0.982882877194575, time=1763017884.7189157
INFO - 11/13/25 15:11:25 - 0:11:00 - Epoch 86: val_AUC=0.95660885225925, val_AP=0.9498668444904768
INFO - 11/13/25 15:11:27 - 0:11:02 - Epoch 87: train_loss=0.8728449940681458, train_AUC=0.9881647802724761, train_AP=0.9838209010351313, time=1763017886.4026635
INFO - 11/13/25 15:11:27 - 0:11:02 - Epoch 87: val_AUC=0.9567426429381329, val_AP=0.9500784743650456
INFO - 11/13/25 15:11:29 - 0:11:04 - Epoch 88: train_loss=0.8708618879318237, train_AUC=0.9880994937335462, train_AP=0.9833258640833349, time=1763017888.1119754
INFO - 11/13/25 15:11:29 - 0:11:04 - Epoch 88: val_AUC=0.956862586179932, val_AP=0.9502761660322442
INFO - 11/13/25 15:11:30 - 0:11:05 - Epoch 89: train_loss=0.8677511215209961, train_AUC=0.988906488698162, train_AP=0.9849780243691368, time=1763017889.8779109
INFO - 11/13/25 15:11:30 - 0:11:05 - Epoch 89: val_AUC=0.9569984132466212, val_AP=0.9504963716849062
INFO - 11/13/25 15:11:32 - 0:11:07 - Epoch 90: train_loss=0.8664177656173706, train_AUC=0.9888467062837198, train_AP=0.9848565465788649, time=1763017891.564431
INFO - 11/13/25 15:11:32 - 0:11:07 - Epoch 90: val_AUC=0.9571395349216072, val_AP=0.950702887798877
INFO - 11/13/25 15:11:34 - 0:11:09 - Epoch 91: train_loss=0.8669368028640747, train_AUC=0.9885088912597022, train_AP=0.9843547433796214, time=1763017893.2748506
INFO - 11/13/25 15:11:34 - 0:11:09 - Epoch 91: val_AUC=0.9572790274863481, val_AP=0.9508979711090614
INFO - 11/13/25 15:11:36 - 0:11:11 - Epoch 92: train_loss=0.8625643849372864, train_AUC=0.9892966999862068, train_AP=0.9853501789628473, time=1763017895.2177398
INFO - 11/13/25 15:11:36 - 0:11:11 - Epoch 92: val_AUC=0.9574089490283986, val_AP=0.9510807188115613
INFO - 11/13/25 15:11:37 - 0:11:12 - Epoch 93: train_loss=0.8607147932052612, train_AUC=0.9891685985864175, train_AP=0.9853543529883463, time=1763017896.9813693
INFO - 11/13/25 15:11:38 - 0:11:13 - Epoch 93: val_AUC=0.9575496634258234, val_AP=0.9512991934728245
INFO - 11/13/25 15:11:39 - 0:11:14 - Epoch 94: train_loss=0.8602482080459595, train_AUC=0.9891846928493108, train_AP=0.9853266609918023, time=1763017898.7972145
INFO - 11/13/25 15:11:39 - 0:11:14 - Epoch 94: val_AUC=0.9576964869866673, val_AP=0.9515146733716426
INFO - 11/13/25 15:11:41 - 0:11:16 - Epoch 95: train_loss=0.8555731773376465, train_AUC=0.9899711042340872, train_AP=0.9866312049162527, time=1763017900.7767751
INFO - 11/13/25 15:11:41 - 0:11:16 - Epoch 95: val_AUC=0.9578447360189759, val_AP=0.9517279197347894
INFO - 11/13/25 15:11:43 - 0:11:18 - Epoch 96: train_loss=0.8545412421226501, train_AUC=0.9897594381356472, train_AP=0.9860525434143873, time=1763017902.6309297
INFO - 11/13/25 15:11:43 - 0:11:18 - Epoch 96: val_AUC=0.9579720102568781, val_AP=0.9519057319731219
INFO - 11/13/25 15:11:45 - 0:11:20 - Epoch 97: train_loss=0.853244423866272, train_AUC=0.9897945176829196, train_AP=0.9861270048448441, time=1763017904.4528468
INFO - 11/13/25 15:11:45 - 0:11:20 - Epoch 97: val_AUC=0.9580899171108707, val_AP=0.9520791737721711
INFO - 11/13/25 15:11:47 - 0:11:22 - Epoch 98: train_loss=0.850682258605957, train_AUC=0.99022424517509, train_AP=0.986924613831313, time=1763017906.270516
INFO - 11/13/25 15:11:47 - 0:11:22 - Epoch 98: val_AUC=0.9582063984933988, val_AP=0.9522639271492852
INFO - 11/13/25 15:11:49 - 0:11:24 - Epoch 99: train_loss=0.8474738597869873, train_AUC=0.990579690058488, train_AP=0.9872618783965226, time=1763017908.17728
INFO - 11/13/25 15:11:49 - 0:11:24 - Epoch 99: val_AUC=0.9583069960510368, val_AP=0.9524376467086816
INFO - 11/13/25 15:11:51 - 0:11:26 - Epoch 100: train_loss=0.8449038863182068, train_AUC=0.9907218182401341, train_AP=0.9876594691346399, time=1763017910.1366026
INFO - 11/13/25 15:11:51 - 0:11:26 - Epoch 100: val_AUC=0.9584049463045263, val_AP=0.9525991751015216
INFO - 11/13/25 15:11:52 - 0:11:27 - Epoch 101: train_loss=0.8441190719604492, train_AUC=0.9904531906526939, train_AP=0.9869457471129064, time=1763017911.967808
INFO - 11/13/25 15:11:53 - 0:11:27 - Epoch 101: val_AUC=0.9584739798511643, val_AP=0.9527211899569537
INFO - 11/13/25 15:11:54 - 0:11:29 - Epoch 102: train_loss=0.840409517288208, train_AUC=0.991000963052005, train_AP=0.9878808226210851, time=1763017913.7448997
INFO - 11/13/25 15:11:54 - 0:11:29 - Epoch 102: val_AUC=0.9585242786299835, val_AP=0.9528406964084447
INFO - 11/13/25 15:11:56 - 0:11:31 - Epoch 103: train_loss=0.839171290397644, train_AUC=0.9911194551296333, train_AP=0.9882399242265106, time=1763017915.6878026
INFO - 11/13/25 15:11:56 - 0:11:31 - Epoch 103: val_AUC=0.9585635809146478, val_AP=0.9529361115344592
INFO - 11/13/25 15:11:58 - 0:11:33 - Epoch 104: train_loss=0.8369760513305664, train_AUC=0.9913803485521316, train_AP=0.9885657244934214, time=1763017917.5820527
INFO - 11/13/25 15:11:58 - 0:11:33 - Epoch 104: val_AUC=0.9585735592148993, val_AP=0.953011872556027
INFO - 11/13/25 15:12:00 - 0:11:35 - Epoch 105: train_loss=0.8339371681213379, train_AUC=0.9914426288866305, train_AP=0.9885197723325265, time=1763017919.4557168
INFO - 11/13/25 15:12:00 - 0:11:35 - Epoch 105: val_AUC=0.9585743737700219, val_AP=0.9530778274661622
INFO - 11/13/25 15:12:02 - 0:11:37 - Epoch 106: train_loss=0.8299664258956909, train_AUC=0.9918685814074621, train_AP=0.9891227929029186, time=1763017921.3002582
INFO - 11/13/25 15:12:02 - 0:11:37 - Epoch 106: val_AUC=0.958539347899751, val_AP=0.9531170870402071
INFO - 11/13/25 15:12:04 - 0:11:39 - Epoch 107: train_loss=0.8283987045288086, train_AUC=0.9919087420372725, train_AP=0.9892510339354625, time=1763017923.1056294
INFO - 11/13/25 15:12:04 - 0:11:39 - Epoch 107: val_AUC=0.9584678706877452, val_AP=0.9531216377429544
INFO - 11/13/25 15:12:05 - 0:11:40 - Epoch 108: train_loss=0.8254861831665039, train_AUC=0.992134880855212, train_AP=0.9892717267800366, time=1763017924.9514408
INFO - 11/13/25 15:12:06 - 0:11:40 - Epoch 108: val_AUC=0.9584022990003779, val_AP=0.9531683696281374
INFO - 11/13/25 15:12:07 - 0:11:42 - Epoch 109: train_loss=0.8250308036804199, train_AUC=0.9918285731220677, train_AP=0.9892045326143374, time=1763017926.7556868
INFO - 11/13/25 15:12:07 - 0:11:42 - Epoch 109: val_AUC=0.9583249162637333, val_AP=0.9532201945131634
INFO - 11/13/25 15:12:09 - 0:11:44 - Epoch 110: train_loss=0.8216782808303833, train_AUC=0.9920966815056492, train_AP=0.9895340287821797, time=1763017928.6177013
INFO - 11/13/25 15:12:09 - 0:11:44 - Epoch 110: val_AUC=0.9582082312424247, val_AP=0.9532441212890095
INFO - 11/13/25 15:12:11 - 0:11:46 - Epoch 111: train_loss=0.8179090023040771, train_AUC=0.9924783976111562, train_AP=0.9901597317487875, time=1763017930.4384978
INFO - 11/13/25 15:12:11 - 0:11:46 - Epoch 111: val_AUC=0.9581442886653024, val_AP=0.9533341752176803
INFO - 11/13/25 15:12:13 - 0:11:48 - Epoch 112: train_loss=0.8165230751037598, train_AUC=0.9924709269227995, train_AP=0.9899450112308685, time=1763017932.2923918
INFO - 11/13/25 15:12:13 - 0:11:48 - Epoch 112: val_AUC=0.958122906593335, val_AP=0.9534366771239886
INFO - 11/13/25 15:12:15 - 0:11:50 - Epoch 113: train_loss=0.8140714168548584, train_AUC=0.9926658957210287, train_AP=0.9901721094503726, time=1763017934.2209952
INFO - 11/13/25 15:12:15 - 0:11:50 - Epoch 113: val_AUC=0.9582015111626634, val_AP=0.9536435729274138
INFO - 11/13/25 15:12:17 - 0:11:51 - Epoch 114: train_loss=0.8117067217826843, train_AUC=0.9927721667824592, train_AP=0.9904836773277591, time=1763017936.0675995
INFO - 11/13/25 15:12:17 - 0:11:52 - Epoch 114: val_AUC=0.9583801023732879, val_AP=0.9539309700448385
INFO - 11/13/25 15:12:18 - 0:11:53 - Epoch 115: train_loss=0.8101744651794434, train_AUC=0.9928221491360093, train_AP=0.9905767262287013, time=1763017937.8526704
INFO - 11/13/25 15:12:18 - 0:11:53 - Epoch 115: val_AUC=0.9585965703971118, val_AP=0.954242536802148
INFO - 11/13/25 15:12:20 - 0:11:55 - Epoch 116: train_loss=0.8106698989868164, train_AUC=0.992560828973026, train_AP=0.9901754522243403, time=1763017939.6395257
INFO - 11/13/25 15:12:20 - 0:11:55 - Epoch 116: val_AUC=0.9588638462967066, val_AP=0.9546469537410022
INFO - 11/13/25 15:12:22 - 0:11:57 - Epoch 117: train_loss=0.8075442314147949, train_AUC=0.9929658763175986, train_AP=0.9906676670605085, time=1763017941.4914377
INFO - 11/13/25 15:12:22 - 0:11:57 - Epoch 117: val_AUC=0.9591663517053526, val_AP=0.9550804545726967
INFO - 11/13/25 15:12:24 - 0:11:59 - Epoch 118: train_loss=0.8056967258453369, train_AUC=0.9932909719038038, train_AP=0.9912144358315111, time=1763017943.313139
INFO - 11/13/25 15:12:24 - 0:11:59 - Epoch 118: val_AUC=0.9594616279372857, val_AP=0.9555076896470552
INFO - 11/13/25 15:12:26 - 0:12:01 - Epoch 119: train_loss=0.8038676381111145, train_AUC=0.993409076515866, train_AP=0.991351739233385, time=1763017945.1438828
INFO - 11/13/25 15:12:26 - 0:12:01 - Epoch 119: val_AUC=0.959662619413781, val_AP=0.955818324422269
INFO - 11/13/25 15:12:27 - 0:12:02 - Epoch 120: train_loss=0.8023383617401123, train_AUC=0.9934746772541458, train_AP=0.9915751531948791, time=1763017946.9218686
INFO - 11/13/25 15:12:28 - 0:12:02 - Epoch 120: val_AUC=0.9598609635861277, val_AP=0.9560892064595367
INFO - 11/13/25 15:12:29 - 0:12:04 - Epoch 121: train_loss=0.7989479899406433, train_AUC=0.9940511826908768, train_AP=0.9922935432474821, time=1763017948.7338798
INFO - 11/13/25 15:12:29 - 0:12:04 - Epoch 121: val_AUC=0.9600440348499264, val_AP=0.9563358957637549
INFO - 11/13/25 15:12:31 - 0:12:06 - Epoch 122: train_loss=0.798842191696167, train_AUC=0.9938016289765337, train_AP=0.992038711556857, time=1763017950.5019615
INFO - 11/13/25 15:12:31 - 0:12:06 - Epoch 122: val_AUC=0.9601531852363513, val_AP=0.9564471539372615
INFO - 11/13/25 15:12:33 - 0:12:08 - Epoch 123: train_loss=0.7955104112625122, train_AUC=0.9940641474648407, train_AP=0.9922058071549935, time=1763017952.275722
INFO - 11/13/25 15:12:33 - 0:12:08 - Epoch 123: val_AUC=0.960158479844648, val_AP=0.9563946957029117
INFO - 11/13/25 15:12:35 - 0:12:10 - Epoch 124: train_loss=0.7960195541381836, train_AUC=0.9939795970185654, train_AP=0.9921859068775298, time=1763017954.1748352
INFO - 11/13/25 15:12:35 - 0:12:10 - Epoch 124: val_AUC=0.9601472797117125, val_AP=0.95640312524932
INFO - 11/13/25 15:12:37 - 0:12:11 - Epoch 125: train_loss=0.7938898801803589, train_AUC=0.9938607910938286, train_AP=0.9916984300319025, time=1763017956.0605228
INFO - 11/13/25 15:12:37 - 0:12:12 - Epoch 125: val_AUC=0.960045867598952, val_AP=0.9563406408685099
INFO - 11/13/25 15:12:38 - 0:12:13 - Epoch 126: train_loss=0.7932853698730469, train_AUC=0.9937939409552186, train_AP=0.9918370026274693, time=1763017957.8886228
INFO - 11/13/25 15:12:38 - 0:12:13 - Epoch 126: val_AUC=0.9599373281288691, val_AP=0.9562677599388612
INFO - 11/13/25 15:12:40 - 0:12:15 - Epoch 127: train_loss=0.7914313077926636, train_AUC=0.994093215131613, train_AP=0.9922802730605177, time=1763017959.7700639
INFO - 11/13/25 15:12:40 - 0:12:15 - Epoch 127: val_AUC=0.9598718582608923, val_AP=0.9562285767989194
INFO - 11/13/25 15:12:42 - 0:12:17 - Epoch 128: train_loss=0.78999924659729, train_AUC=0.9940260111664928, train_AP=0.9918781186619606, time=1763017961.551253
INFO - 11/13/25 15:12:42 - 0:12:17 - Epoch 128: val_AUC=0.9598970076503018, val_AP=0.9562745333127887
INFO - 11/13/25 15:12:44 - 0:12:19 - Epoch 129: train_loss=0.7870303392410278, train_AUC=0.9944783226175481, train_AP=0.9928918758634444, time=1763017963.346071
INFO - 11/13/25 15:12:44 - 0:12:19 - Epoch 129: val_AUC=0.9599532119537594, val_AP=0.9563613551458103
INFO - 11/13/25 15:12:46 - 0:12:21 - Epoch 130: train_loss=0.7859935760498047, train_AUC=0.9943861278278943, train_AP=0.9925436887716279, time=1763017965.1163456
INFO - 11/13/25 15:12:46 - 0:12:21 - Epoch 130: val_AUC=0.9600110453674622, val_AP=0.9564022073890676
INFO - 11/13/25 15:12:47 - 0:12:22 - Epoch 131: train_loss=0.7859997749328613, train_AUC=0.9941749775870192, train_AP=0.9920079247705751, time=1763017966.8929162
INFO - 11/13/25 15:12:47 - 0:12:22 - Epoch 131: val_AUC=0.9600621587014035, val_AP=0.9564877202268695
INFO - 11/13/25 15:12:49 - 0:12:24 - Epoch 132: train_loss=0.7823262214660645, train_AUC=0.9947576350963367, train_AP=0.9931426720050953, time=1763017968.724283
INFO - 11/13/25 15:12:49 - 0:12:24 - Epoch 132: val_AUC=0.9600874099102035, val_AP=0.9565557913183387
INFO - 11/13/25 15:12:51 - 0:12:26 - Epoch 133: train_loss=0.7828111052513123, train_AUC=0.9946358997557992, train_AP=0.9930779490830981, time=1763017970.6888018
INFO - 11/13/25 15:12:51 - 0:12:26 - Epoch 133: val_AUC=0.9600719333628744, val_AP=0.9566169193354896
INFO - 11/13/25 15:12:53 - 0:12:28 - Epoch 134: train_loss=0.7816462516784668, train_AUC=0.9945386617495605, train_AP=0.9928526413098974, time=1763017972.6372125
INFO - 11/13/25 15:12:53 - 0:12:28 - Epoch 134: val_AUC=0.9600269291923522, val_AP=0.9566079254132702
INFO - 11/13/25 15:12:55 - 0:12:30 - Epoch 135: train_loss=0.7790417075157166, train_AUC=0.9946971203719746, train_AP=0.9930457894545406, time=1763017974.5842814
INFO - 11/13/25 15:12:55 - 0:12:30 - Epoch 135: val_AUC=0.96004199846212, val_AP=0.9566608263175371
INFO - 11/13/25 15:12:57 - 0:12:32 - Epoch 136: train_loss=0.7768954038619995, train_AUC=0.9949902900283744, train_AP=0.9932467462328695, time=1763017976.5019586
INFO - 11/13/25 15:12:57 - 0:12:32 - Epoch 136: val_AUC=0.9600717297240938, val_AP=0.9567061296749114
INFO - 11/13/25 15:12:59 - 0:12:34 - Epoch 137: train_loss=0.7769080400466919, train_AUC=0.9948763575398561, train_AP=0.9932289057886724, time=1763017978.404908
INFO - 11/13/25 15:12:59 - 0:12:34 - Epoch 137: val_AUC=0.9601096065372937, val_AP=0.9567852268460848
INFO - 11/13/25 15:13:01 - 0:12:36 - Epoch 138: train_loss=0.7755971550941467, train_AUC=0.9949037619226254, train_AP=0.9932731979924612, time=1763017980.2321846
INFO - 11/13/25 15:13:01 - 0:12:36 - Epoch 138: val_AUC=0.9601717163653898, val_AP=0.956903282897809
INFO - 11/13/25 15:13:03 - 0:12:37 - Epoch 139: train_loss=0.7734476327896118, train_AUC=0.9951765561738674, train_AP=0.9934339479463258, time=1763017982.0544045
INFO - 11/13/25 15:13:03 - 0:12:38 - Epoch 139: val_AUC=0.9601568507344029, val_AP=0.9569289596085547
INFO - 11/13/25 15:13:04 - 0:12:39 - Epoch 140: train_loss=0.7715386748313904, train_AUC=0.9950698208582401, train_AP=0.9935589928179245, time=1763017983.872261
INFO - 11/13/25 15:13:04 - 0:12:39 - Epoch 140: val_AUC=0.9601680508673385, val_AP=0.9569951284618053
INFO - 11/13/25 15:13:06 - 0:12:41 - Epoch 141: train_loss=0.770494818687439, train_AUC=0.9950275272304883, train_AP=0.9933720292834863, time=1763017985.6863983
INFO - 11/13/25 15:13:06 - 0:12:41 - Epoch 141: val_AUC=0.9601485015443966, val_AP=0.9570564825494139
INFO - 11/13/25 15:13:08 - 0:12:43 - Epoch 142: train_loss=0.7678226232528687, train_AUC=0.9955204028039049, train_AP=0.9941490056120067, time=1763017987.5103905
INFO - 11/13/25 15:13:08 - 0:12:43 - Epoch 142: val_AUC=0.9600988136819195, val_AP=0.956991465237327
INFO - 11/13/25 15:13:10 - 0:12:45 - Epoch 143: train_loss=0.7672034502029419, train_AUC=0.9953205279871253, train_AP=0.9937207436724674, time=1763017989.3608713
INFO - 11/13/25 15:13:10 - 0:12:45 - Epoch 143: val_AUC=0.9600859844387389, val_AP=0.9569805788445551
INFO - 11/13/25 15:13:12 - 0:12:47 - Epoch 144: train_loss=0.7653172016143799, train_AUC=0.9954532220867185, train_AP=0.9940514932059514, time=1763017991.2539766
INFO - 11/13/25 15:13:12 - 0:12:47 - Epoch 144: val_AUC=0.960082522579468, val_AP=0.9570363833838471
INFO - 11/13/25 15:13:14 - 0:12:49 - Epoch 145: train_loss=0.7644178867340088, train_AUC=0.9957119951919666, train_AP=0.9943980459407238, time=1763017993.122393
INFO - 11/13/25 15:13:14 - 0:12:49 - Epoch 145: val_AUC=0.9600794679977583, val_AP=0.9571063593430709
INFO - 11/13/25 15:13:15 - 0:12:50 - Epoch 146: train_loss=0.7639132738113403, train_AUC=0.9956922603378378, train_AP=0.9943112202666694, time=1763017994.971955
INFO - 11/13/25 15:13:16 - 0:12:51 - Epoch 146: val_AUC=0.9600578822870101, val_AP=0.9571415161146328
INFO - 11/13/25 15:13:17 - 0:12:52 - Epoch 147: train_loss=0.7625775337219238, train_AUC=0.9955956637632317, train_AP=0.9941228865252844, time=1763017996.8205113
INFO - 11/13/25 15:13:17 - 0:12:52 - Epoch 147: val_AUC=0.9600114526450234, val_AP=0.9571282166551237
INFO - 11/13/25 15:13:19 - 0:12:54 - Epoch 148: train_loss=0.7625993490219116, train_AUC=0.9955095363321023, train_AP=0.993906772327009, time=1763017998.62148
INFO - 11/13/25 15:13:19 - 0:12:54 - Epoch 148: val_AUC=0.9599691975980398, val_AP=0.957126102206727
INFO - 11/13/25 15:13:21 - 0:12:56 - Epoch 149: train_loss=0.7605353593826294, train_AUC=0.9956631588558887, train_AP=0.9941135911020855, time=1763018000.4295871
INFO - 11/13/25 15:13:21 - 0:12:56 - Epoch 149: val_AUC=0.9599403827105788, val_AP=0.957107994202578
INFO - 11/13/25 15:13:23 - 0:12:58 - Epoch 150: train_loss=0.7595036029815674, train_AUC=0.9956377810941511, train_AP=0.9941202773652829, time=1763018002.215947
INFO - 11/13/25 15:13:23 - 0:12:58 - Epoch 150: val_AUC=0.9599249061632498, val_AP=0.9571164585873985
INFO - 11/13/25 15:13:25 - 0:12:59 - Epoch 151: train_loss=0.7576707601547241, train_AUC=0.9956554158849114, train_AP=0.9941228128083798, time=1763018004.0248427
INFO - 11/13/25 15:13:25 - 0:13:00 - Epoch 151: val_AUC=0.9598805129090695, val_AP=0.9571306192002891
INFO - 11/13/25 15:13:26 - 0:13:01 - Epoch 152: train_loss=0.7572828531265259, train_AUC=0.9956333801898025, train_AP=0.9939629097125511, time=1763018005.9987366
INFO - 11/13/25 15:13:27 - 0:13:02 - Epoch 152: val_AUC=0.9598298068526893, val_AP=0.9571465245629116
INFO - 11/13/25 15:13:28 - 0:13:03 - Epoch 153: train_loss=0.7557805776596069, train_AUC=0.9958787665358609, train_AP=0.9945434869463932, time=1763018007.8988051
INFO - 11/13/25 15:13:29 - 0:13:03 - Epoch 153: val_AUC=0.959835712377328, val_AP=0.9572329344151012
INFO - 11/13/25 15:13:30 - 0:13:05 - Epoch 154: train_loss=0.7551114559173584, train_AUC=0.9957508997288598, train_AP=0.9943145708311351, time=1763018009.8591578
INFO - 11/13/25 15:13:30 - 0:13:05 - Epoch 154: val_AUC=0.9598691091373537, val_AP=0.9573477208443445
INFO - 11/13/25 15:13:32 - 0:13:07 - Epoch 155: train_loss=0.7531924247741699, train_AUC=0.996139587396626, train_AP=0.994918696376796, time=1763018011.7263591
INFO - 11/13/25 15:13:32 - 0:13:07 - Epoch 155: val_AUC=0.9598157557768248, val_AP=0.9573069396225925
INFO - 11/13/25 15:13:34 - 0:13:09 - Epoch 156: train_loss=0.7531003952026367, train_AUC=0.9958594644103212, train_AP=0.994313766375361, time=1763018013.7145953
INFO - 11/13/25 15:13:34 - 0:13:09 - Epoch 156: val_AUC=0.9598045556438897, val_AP=0.957292236153807
INFO - 11/13/25 15:13:36 - 0:13:11 - Epoch 157: train_loss=0.7506547570228577, train_AUC=0.9961581364300017, train_AP=0.9948621564464226, time=1763018015.6368294
INFO - 11/13/25 15:13:36 - 0:13:11 - Epoch 157: val_AUC=0.959738882137132, val_AP=0.9572628179809068
INFO - 11/13/25 15:13:38 - 0:13:13 - Epoch 158: train_loss=0.7487937808036804, train_AUC=0.9960442883033045, train_AP=0.9946376144125779, time=1763018017.6146717
INFO - 11/13/25 15:13:38 - 0:13:13 - Epoch 158: val_AUC=0.9596312590415619, val_AP=0.9571909055567697
INFO - 11/13/25 15:13:40 - 0:13:15 - Epoch 159: train_loss=0.7489014863967896, train_AUC=0.9960834392330736, train_AP=0.9947388107993145, time=1763018019.5770056
INFO - 11/13/25 15:13:40 - 0:13:15 - Epoch 159: val_AUC=0.959577498403472, val_AP=0.9571609811577575
INFO - 11/13/25 15:13:42 - 0:13:17 - Epoch 160: train_loss=0.7462061643600464, train_AUC=0.9962831194364664, train_AP=0.9946673183374477, time=1763018021.5360086
INFO - 11/13/25 15:13:42 - 0:13:17 - Epoch 160: val_AUC=0.959580960262743, val_AP=0.9572271939121102
INFO - 11/13/25 15:13:44 - 0:13:19 - Epoch 161: train_loss=0.7461864948272705, train_AUC=0.996242023605676, train_AP=0.9948487277508394, time=1763018023.5125692
INFO - 11/13/25 15:13:44 - 0:13:19 - Epoch 161: val_AUC=0.9595966404488524, val_AP=0.9573790638902014
INFO - 11/13/25 15:13:46 - 0:13:21 - Epoch 162: train_loss=0.74481201171875, train_AUC=0.9965055687016126, train_AP=0.9953505022495819, time=1763018025.296318
INFO - 11/13/25 15:13:46 - 0:13:21 - Epoch 162: val_AUC=0.9595377888412466, val_AP=0.9573495253252096
INFO - 11/13/25 15:13:48 - 0:13:23 - Epoch 163: train_loss=0.7434210181236267, train_AUC=0.996534753664779, train_AP=0.9955070262322592, time=1763018027.1286027
INFO - 11/13/25 15:13:48 - 0:13:23 - Epoch 163: val_AUC=0.959435765812144, val_AP=0.9572799163067507
INFO - 11/13/25 15:13:50 - 0:13:24 - Epoch 164: train_loss=0.7417742609977722, train_AUC=0.9965776358879501, train_AP=0.9954799984007914, time=1763018029.0577223
INFO - 11/13/25 15:13:50 - 0:13:25 - Epoch 164: val_AUC=0.9593500338854932, val_AP=0.9572265864231566
INFO - 11/13/25 15:13:51 - 0:13:26 - Epoch 165: train_loss=0.7399763464927673, train_AUC=0.9967708175893157, train_AP=0.9957408471026546, time=1763018030.857127
INFO - 11/13/25 15:13:51 - 0:13:26 - Epoch 165: val_AUC=0.9593101206844868, val_AP=0.9572287969500145
INFO - 11/13/25 15:13:53 - 0:13:28 - Epoch 166: train_loss=0.7396692633628845, train_AUC=0.9966411610436405, train_AP=0.9952986216444524, time=1763018032.8083458
INFO - 11/13/25 15:13:53 - 0:13:28 - Epoch 166: val_AUC=0.9593227462888869, val_AP=0.9572662105115063
INFO - 11/13/25 15:13:55 - 0:13:30 - Epoch 167: train_loss=0.7388908267021179, train_AUC=0.9966435798854976, train_AP=0.9955264823646868, time=1763018034.577891
INFO - 11/13/25 15:13:55 - 0:13:30 - Epoch 167: val_AUC=0.9593056406313129, val_AP=0.9572533000685786
INFO - 11/13/25 15:13:57 - 0:13:32 - Epoch 168: train_loss=0.7381640076637268, train_AUC=0.9964684361152015, train_AP=0.9952167885102625, time=1763018036.3360069
INFO - 11/13/25 15:13:57 - 0:13:32 - Epoch 168: val_AUC=0.9592249996741781, val_AP=0.9572204678781011
INFO - 11/13/25 15:13:59 - 0:13:34 - Epoch 169: train_loss=0.7366898059844971, train_AUC=0.9968915284356723, train_AP=0.9959091993727989, time=1763018038.2327385
INFO - 11/13/25 15:13:59 - 0:13:34 - Epoch 169: val_AUC=0.9591270494206885, val_AP=0.9571456189604847
INFO - 11/13/25 15:14:01 - 0:13:36 - Epoch 170: train_loss=0.7353895902633667, train_AUC=0.9966394819087734, train_AP=0.9953576216668566, time=1763018040.1680183
INFO - 11/13/25 15:14:01 - 0:13:36 - Epoch 170: val_AUC=0.9590388738286698, val_AP=0.9570880964572513
INFO - 11/13/25 15:14:02 - 0:13:37 - Epoch 171: train_loss=0.7340425848960876, train_AUC=0.9968904290901889, train_AP=0.9959493475556517, time=1763018041.972696
INFO - 11/13/25 15:14:03 - 0:13:38 - Epoch 171: val_AUC=0.95900730981767, val_AP=0.9570864221870212
INFO - 11/13/25 15:14:04 - 0:13:39 - Epoch 172: train_loss=0.7335129976272583, train_AUC=0.9965174527988884, train_AP=0.9953548979143972, time=1763018043.8657935
INFO - 11/13/25 15:14:04 - 0:13:39 - Epoch 172: val_AUC=0.9590146408137731, val_AP=0.9571230460041555
INFO - 11/13/25 15:14:06 - 0:13:41 - Epoch 173: train_loss=0.7314795255661011, train_AUC=0.9969004003404129, train_AP=0.995848096489282, time=1763018045.61218
INFO - 11/13/25 15:14:06 - 0:13:41 - Epoch 173: val_AUC=0.9589374617159092, val_AP=0.9569558300428982
INFO - 11/13/25 15:14:08 - 0:13:43 - Epoch 174: train_loss=0.7323955297470093, train_AUC=0.9964928219650898, train_AP=0.9951611288147494, time=1763018047.543235
INFO - 11/13/25 15:14:08 - 0:13:43 - Epoch 174: val_AUC=0.9588659845039034, val_AP=0.9569010891650922
INFO - 11/13/25 15:14:10 - 0:13:45 - Epoch 175: train_loss=0.730036735534668, train_AUC=0.9968042831663846, train_AP=0.9956050423457972, time=1763018049.4704201
INFO - 11/13/25 15:14:10 - 0:13:45 - Epoch 175: val_AUC=0.9588093729228846, val_AP=0.9568528050260223
INFO - 11/13/25 15:14:12 - 0:13:47 - Epoch 176: train_loss=0.7296059131622314, train_AUC=0.9969825641749214, train_AP=0.9959578183168296, time=1763018051.267616
INFO - 11/13/25 15:14:12 - 0:13:47 - Epoch 176: val_AUC=0.9587678306116331, val_AP=0.9568257491521435
INFO - 11/13/25 15:14:14 - 0:13:49 - Epoch 177: train_loss=0.7287229299545288, train_AUC=0.9966726399790792, train_AP=0.9953524246842441, time=1763018053.2070916
INFO - 11/13/25 15:14:14 - 0:13:49 - Epoch 177: val_AUC=0.9587002225364594, val_AP=0.9568107930325597
INFO - 11/13/25 15:14:16 - 0:13:51 - Epoch 178: train_loss=0.7286370396614075, train_AUC=0.9968185411947359, train_AP=0.9956858506985032, time=1763018055.152177
INFO - 11/13/25 15:14:16 - 0:13:51 - Epoch 178: val_AUC=0.9586666221376532, val_AP=0.9568200289603114
INFO - 11/13/25 15:14:18 - 0:13:52 - Epoch 179: train_loss=0.7255807518959045, train_AUC=0.9971245238090461, train_AP=0.9962465778450321, time=1763018057.0503738
INFO - 11/13/25 15:14:18 - 0:13:53 - Epoch 179: val_AUC=0.9585739664924604, val_AP=0.9567703700237209
INFO - 11/13/25 15:14:19 - 0:13:54 - Epoch 180: train_loss=0.7239564657211304, train_AUC=0.9971106264759128, train_AP=0.9961263428978517, time=1763018058.829036
INFO - 11/13/25 15:14:19 - 0:13:54 - Epoch 180: val_AUC=0.9584483213648034, val_AP=0.9566945873408644
INFO - 11/13/25 15:14:21 - 0:13:56 - Epoch 181: train_loss=0.7237366437911987, train_AUC=0.9970487748192266, train_AP=0.9959097604264895, time=1763018060.7796571
INFO - 11/13/25 15:14:21 - 0:13:56 - Epoch 181: val_AUC=0.9584183864640488, val_AP=0.956827901177635
INFO - 11/13/25 15:14:23 - 0:13:58 - Epoch 182: train_loss=0.7215386629104614, train_AUC=0.9972986117356742, train_AP=0.9962369320269615, time=1763018062.614578
INFO - 11/13/25 15:14:23 - 0:13:58 - Epoch 182: val_AUC=0.9583153452410431, val_AP=0.9567491979715312
INFO - 11/13/25 15:14:25 - 0:14:00 - Epoch 183: train_loss=0.7227386832237244, train_AUC=0.9970815385552585, train_AP=0.9958705184723814, time=1763018064.4948764
INFO - 11/13/25 15:14:25 - 0:14:00 - Epoch 183: val_AUC=0.9582218750407279, val_AP=0.9567074170830979
INFO - 11/13/25 15:14:27 - 0:14:02 - Epoch 184: train_loss=0.7213114500045776, train_AUC=0.9970530929468406, train_AP=0.9960269971482852, time=1763018066.437426
INFO - 11/13/25 15:14:27 - 0:14:02 - Epoch 184: val_AUC=0.95813400490688, val_AP=0.9566639504694524
INFO - 11/13/25 15:14:29 - 0:14:04 - Epoch 185: train_loss=0.720741868019104, train_AUC=0.9970704772939486, train_AP=0.995962991115798, time=1763018068.3364902
INFO - 11/13/25 15:14:29 - 0:14:04 - Epoch 185: val_AUC=0.9580524475752323, val_AP=0.9565911167404122
INFO - 11/13/25 15:14:31 - 0:14:06 - Epoch 186: train_loss=0.718643307685852, train_AUC=0.9973175670795323, train_AP=0.996525074545668, time=1763018070.29728
INFO - 11/13/25 15:14:31 - 0:14:06 - Epoch 186: val_AUC=0.9578870928853498, val_AP=0.9564759450537584
INFO - 11/13/25 15:14:33 - 0:14:08 - Epoch 187: train_loss=0.7177839279174805, train_AUC=0.9972186589205828, train_AP=0.9962897589161158, time=1763018072.1878922
INFO - 11/13/25 15:14:33 - 0:14:08 - Epoch 187: val_AUC=0.9577622623128152, val_AP=0.9563681710795068
INFO - 11/13/25 15:14:35 - 0:14:09 - Epoch 188: train_loss=0.7177932262420654, train_AUC=0.9971580103444796, train_AP=0.9959751572078863, time=1763018074.0403683
INFO - 11/13/25 15:14:35 - 0:14:10 - Epoch 188: val_AUC=0.9577021888725257, val_AP=0.956330468927022
INFO - 11/13/25 15:14:36 - 0:14:11 - Epoch 189: train_loss=0.7164849638938904, train_AUC=0.9971204020560259, train_AP=0.9960302970257835, time=1763018075.8728366
INFO - 11/13/25 15:14:36 - 0:14:11 - Epoch 189: val_AUC=0.9576186969724616, val_AP=0.9562909631659897
INFO - 11/13/25 15:14:38 - 0:14:13 - Epoch 190: train_loss=0.7143203616142273, train_AUC=0.9974939972355078, train_AP=0.9965287950891956, time=1763018077.7229238
INFO - 11/13/25 15:14:38 - 0:14:13 - Epoch 190: val_AUC=0.9575539398402168, val_AP=0.9562716276840516
INFO - 11/13/25 15:14:40 - 0:14:15 - Epoch 191: train_loss=0.7143121957778931, train_AUC=0.9974721300879202, train_AP=0.9966685221762184, time=1763018079.5757358
INFO - 11/13/25 15:14:40 - 0:14:15 - Epoch 191: val_AUC=0.9575227831067783, val_AP=0.9562899366305527
INFO - 11/13/25 15:14:42 - 0:14:17 - Epoch 192: train_loss=0.7124392986297607, train_AUC=0.997421863651662, train_AP=0.9965880279169517, time=1763018081.3655813
INFO - 11/13/25 15:14:42 - 0:14:17 - Epoch 192: val_AUC=0.95745049133965, val_AP=0.9562557291662799
INFO - 11/13/25 15:14:44 - 0:14:19 - Epoch 193: train_loss=0.7137678861618042, train_AUC=0.9972626147756136, train_AP=0.9962894055976484, time=1763018083.1632538
INFO - 11/13/25 15:14:44 - 0:14:19 - Epoch 193: val_AUC=0.957397341617902, val_AP=0.9562086320536127
INFO - 11/13/25 15:14:45 - 0:14:20 - Epoch 194: train_loss=0.7121619582176208, train_AUC=0.9974876542480693, train_AP=0.9967159870118675, time=1763018084.962059
INFO - 11/13/25 15:14:46 - 0:14:20 - Epoch 194: val_AUC=0.9573291226263864, val_AP=0.9562095435883291
INFO - 11/13/25 15:14:47 - 0:14:22 - Epoch 195: train_loss=0.7108206152915955, train_AUC=0.9975036502356055, train_AP=0.996590969967478, time=1763018086.760884
INFO - 11/13/25 15:14:47 - 0:14:22 - Epoch 195: val_AUC=0.9572914494519674, val_AP=0.9562140368899339
INFO - 11/13/25 15:14:49 - 0:14:24 - Epoch 196: train_loss=0.7099889516830444, train_AUC=0.9976613467836993, train_AP=0.9970372498139757, time=1763018088.564647
INFO - 11/13/25 15:14:49 - 0:14:24 - Epoch 196: val_AUC=0.9572537762775484, val_AP=0.95620405358817
INFO - 11/13/25 15:14:51 - 0:14:26 - Epoch 197: train_loss=0.7098374366760254, train_AUC=0.9975379166335513, train_AP=0.9966058973544419, time=1763018090.3640594
INFO - 11/13/25 15:14:51 - 0:14:26 - Epoch 197: val_AUC=0.9571873900350584, val_AP=0.956165874783495
INFO - 11/13/25 15:14:53 - 0:14:28 - Epoch 198: train_loss=0.7075545191764832, train_AUC=0.9976545187598203, train_AP=0.9969629369432893, time=1763018092.2034822
INFO - 11/13/25 15:14:53 - 0:14:28 - Epoch 198: val_AUC=0.957091679808156, val_AP=0.95612886108804
INFO - 11/13/25 15:14:55 - 0:14:30 - Epoch 199: train_loss=0.7076399922370911, train_AUC=0.9975371284933656, train_AP=0.9966591939119354, time=1763018094.1035738
INFO - 11/13/25 15:14:55 - 0:14:30 - Epoch 199: val_AUC=0.9570258026626179, val_AP=0.9560882830277764
INFO - 11/13/25 15:14:56 - 0:14:31 - Epoch 200: train_loss=0.7065615653991699, train_AUC=0.9974904730600631, train_AP=0.9965902992177776, time=1763018095.9810917
INFO - 11/13/25 15:14:57 - 0:14:32 - Epoch 200: val_AUC=0.9569210305099767, val_AP=0.9560172339197974
INFO - 11/13/25 15:14:58 - 0:14:33 - Epoch 201: train_loss=0.7057884931564331, train_AUC=0.9975272047957338, train_AP=0.9966246433033418, time=1763018097.8505075
INFO - 11/13/25 15:14:58 - 0:14:33 - Epoch 201: val_AUC=0.956803429114155, val_AP=0.9559527379810682
INFO - 11/13/25 15:15:00 - 0:14:35 - Epoch 202: train_loss=0.7053426504135132, train_AUC=0.9975665732345821, train_AP=0.9967556519011651, time=1763018099.698279
INFO - 11/13/25 15:15:00 - 0:14:35 - Epoch 202: val_AUC=0.9567469193525263, val_AP=0.9559192283674197
INFO - 11/13/25 15:15:02 - 0:14:37 - Epoch 203: train_loss=0.7030837535858154, train_AUC=0.9978089051191342, train_AP=0.9970733797606642, time=1763018101.5478735
INFO - 11/13/25 15:15:02 - 0:14:37 - Epoch 203: val_AUC=0.9566361398558564, val_AP=0.9558447058158258
INFO - 11/13/25 15:15:04 - 0:14:39 - Epoch 204: train_loss=0.7024801969528198, train_AUC=0.997718592707649, train_AP=0.9969163786760671, time=1763018103.4799533
INFO - 11/13/25 15:15:04 - 0:14:39 - Epoch 204: val_AUC=0.9565225094162573, val_AP=0.9557690685641042
INFO - 11/13/25 15:15:06 - 0:14:41 - Epoch 205: train_loss=0.7028239965438843, train_AUC=0.9977062406576417, train_AP=0.9968882195852004, time=1763018105.263362
INFO - 11/13/25 15:15:06 - 0:14:41 - Epoch 205: val_AUC=0.9564502176491287, val_AP=0.9557172391402599
INFO - 11/13/25 15:15:08 - 0:14:43 - Epoch 206: train_loss=0.7010132074356079, train_AUC=0.9977950815805791, train_AP=0.9969817216669625, time=1763018107.1876767
INFO - 11/13/25 15:15:08 - 0:14:43 - Epoch 206: val_AUC=0.9562555389748335, val_AP=0.9555731312652561
INFO - 11/13/25 15:15:10 - 0:14:44 - Epoch 207: train_loss=0.7010551691055298, train_AUC=0.997767480823216, train_AP=0.9969906072872254, time=1763018109.037653
INFO - 11/13/25 15:15:10 - 0:14:45 - Epoch 207: val_AUC=0.9562288622945694, val_AP=0.9555726939572903
INFO - 11/13/25 15:15:11 - 0:14:46 - Epoch 208: train_loss=0.7003982663154602, train_AUC=0.9976609577330467, train_AP=0.9967431013580542, time=1763018110.8128502
INFO - 11/13/25 15:15:11 - 0:14:46 - Epoch 208: val_AUC=0.9561225628510732, val_AP=0.9554972579379004
INFO - 11/13/25 15:15:13 - 0:14:48 - Epoch 209: train_loss=0.6990817785263062, train_AUC=0.9978636282900067, train_AP=0.9969781773879134, time=1763018112.75072
INFO - 11/13/25 15:15:13 - 0:14:48 - Epoch 209: val_AUC=0.9559207568194555, val_AP=0.9553688560588505
INFO - 11/13/25 15:15:15 - 0:14:50 - Epoch 210: train_loss=0.6982495784759521, train_AUC=0.997808747491097, train_AP=0.9970448526847656, time=1763018114.599558
INFO - 11/13/25 15:15:15 - 0:14:50 - Epoch 210: val_AUC=0.9559734992636422, val_AP=0.9554129997441453
INFO - 11/13/25 15:15:17 - 0:14:52 - Epoch 211: train_loss=0.6963906288146973, train_AUC=0.9977783897401102, train_AP=0.9970064698200297, time=1763018116.4994793
INFO - 11/13/25 15:15:17 - 0:14:52 - Epoch 211: val_AUC=0.9557354455290701, val_AP=0.9552395283952685
INFO - 11/13/25 15:15:19 - 0:14:54 - Epoch 212: train_loss=0.6975839138031006, train_AUC=0.9977594446112534, train_AP=0.9968636950441221, time=1763018118.334386
INFO - 11/13/25 15:15:19 - 0:14:54 - Epoch 212: val_AUC=0.955602265766529, val_AP=0.9551338210982007
INFO - 11/13/25 15:15:21 - 0:14:56 - Epoch 213: train_loss=0.6966536045074463, train_AUC=0.9977549246493036, train_AP=0.9969386555970708, time=1763018120.2149692
INFO - 11/13/25 15:15:21 - 0:14:56 - Epoch 213: val_AUC=0.9555806800557809, val_AP=0.955109767460335
INFO - 11/13/25 15:15:22 - 0:14:57 - Epoch 214: train_loss=0.6955208778381348, train_AUC=0.9979411606781549, train_AP=0.9972530717139041, time=1763018121.9986207
INFO - 11/13/25 15:15:23 - 0:14:58 - Epoch 214: val_AUC=0.9554369110766466, val_AP=0.9550417492299158
INFO - 11/13/25 15:15:24 - 0:14:59 - Epoch 215: train_loss=0.6945071220397949, train_AUC=0.9979745730667686, train_AP=0.9972299405419034, time=1763018123.8655906
INFO - 11/13/25 15:15:24 - 0:14:59 - Epoch 215: val_AUC=0.9551782898252289, val_AP=0.9547639346818794
INFO - 11/13/25 15:15:26 - 0:15:01 - Epoch 216: train_loss=0.6935840249061584, train_AUC=0.9980853323884209, train_AP=0.9973715440700416, time=1763018125.7362437
INFO - 11/13/25 15:15:26 - 0:15:01 - Epoch 216: val_AUC=0.9549375887865083, val_AP=0.9545572681763738
INFO - 11/13/25 15:15:28 - 0:15:03 - Epoch 217: train_loss=0.6923301219940186, train_AUC=0.9979241239933321, train_AP=0.9971008455022544, time=1763018127.6815894
INFO - 11/13/25 15:15:28 - 0:15:03 - Epoch 217: val_AUC=0.9546182831784592, val_AP=0.9543379708192181
INFO - 11/13/25 15:15:30 - 0:15:05 - Epoch 218: train_loss=0.6924256086349487, train_AUC=0.9979729904460516, train_AP=0.9973517943073886, time=1763018129.5262535
INFO - 11/13/25 15:15:30 - 0:15:05 - Epoch 218: val_AUC=0.9544950817161698, val_AP=0.9542369457512182
INFO - 11/13/25 15:15:32 - 0:15:07 - Epoch 219: train_loss=0.691879391670227, train_AUC=0.997856908228124, train_AP=0.997009653341261, time=1763018131.3473334
INFO - 11/13/25 15:15:32 - 0:15:07 - Epoch 219: val_AUC=0.9542678208369716, val_AP=0.9540788804429038
INFO - 11/13/25 15:15:34 - 0:15:09 - Epoch 220: train_loss=0.6917855739593506, train_AUC=0.9979526713995215, train_AP=0.9972463135931174, time=1763018133.1714673
INFO - 11/13/25 15:15:34 - 0:15:09 - Epoch 220: val_AUC=0.9542997921255328, val_AP=0.9541038078431584
INFO - 11/13/25 15:15:36 - 0:15:10 - Epoch 221: train_loss=0.689434289932251, train_AUC=0.9980183883774713, train_AP=0.9973731513479429, time=1763018135.0533566
INFO - 11/13/25 15:15:36 - 0:15:11 - Epoch 221: val_AUC=0.954403647903661, val_AP=0.9543071080862635
INFO - 11/13/25 15:15:37 - 0:15:12 - Epoch 222: train_loss=0.6893797516822815, train_AUC=0.9980533777509393, train_AP=0.9973611440491411, time=1763018136.8471637
INFO - 11/13/25 15:15:37 - 0:15:12 - Epoch 222: val_AUC=0.9544995617693441, val_AP=0.9544627404740996
INFO - 11/13/25 15:15:39 - 0:15:14 - Epoch 223: train_loss=0.6890290379524231, train_AUC=0.9978740099014894, train_AP=0.9970817199779206, time=1763018138.779949
INFO - 11/13/25 15:15:39 - 0:15:14 - Epoch 223: val_AUC=0.9545180928983825, val_AP=0.9545516485767966
INFO - 11/13/25 15:15:41 - 0:15:16 - Epoch 224: train_loss=0.6868863105773926, train_AUC=0.998141996585659, train_AP=0.9974534866300302, time=1763018140.7036574
INFO - 11/13/25 15:15:41 - 0:15:16 - Epoch 224: val_AUC=0.9545706317037888, val_AP=0.9546587858113798
INFO - 11/13/25 15:15:43 - 0:15:18 - Epoch 225: train_loss=0.6873549222946167, train_AUC=0.9981168902259384, train_AP=0.997421095970932, time=1763018142.655687
INFO - 11/13/25 15:15:43 - 0:15:18 - Epoch 225: val_AUC=0.954496710826415, val_AP=0.9544791590963251
INFO - 11/13/25 15:15:45 - 0:15:20 - Epoch 226: train_loss=0.6873182654380798, train_AUC=0.9980631734088136, train_AP=0.9972317098014154, time=1763018144.6142306
INFO - 11/13/25 15:15:45 - 0:15:20 - Epoch 226: val_AUC=0.954850431388393, val_AP=0.9546370987675831
INFO - 11/13/25 15:15:47 - 0:15:22 - Epoch 227: train_loss=0.6876070499420166, train_AUC=0.9980469246880558, train_AP=0.9972889133721006, time=1763018146.6053684
INFO - 11/13/25 15:15:47 - 0:15:22 - Epoch 227: val_AUC=0.9546036211862527, val_AP=0.9545784559863448
INFO - 11/13/25 15:15:49 - 0:15:24 - Epoch 228: train_loss=0.6869598627090454, train_AUC=0.9981973266685048, train_AP=0.9973166390043418, time=1763018148.5621977
INFO - 11/13/25 15:15:49 - 0:15:24 - Epoch 228: val_AUC=0.9547667358495484, val_AP=0.9547653403913697
INFO - 11/13/25 15:15:51 - 0:15:26 - Epoch 229: train_loss=0.6868718862533569, train_AUC=0.9980250820212473, train_AP=0.9973504730484758, time=1763018150.446891
INFO - 11/13/25 15:15:51 - 0:15:26 - Epoch 229: val_AUC=0.9548119436588512, val_AP=0.9548308928902813
INFO - 11/13/25 15:15:53 - 0:15:28 - Epoch 230: train_loss=0.6863956451416016, train_AUC=0.9979809792815427, train_AP=0.9972126117659628, time=1763018152.3245614
INFO - 11/13/25 15:15:53 - 0:15:28 - Epoch 230: val_AUC=0.9544934526059246, val_AP=0.9546516011335224
INFO - 11/13/25 15:15:55 - 0:15:30 - Epoch 231: train_loss=0.685623049736023, train_AUC=0.9980993327521707, train_AP=0.9974167573162416, time=1763018154.4435606
INFO - 11/13/25 15:15:55 - 0:15:30 - Epoch 231: val_AUC=0.9547451501388002, val_AP=0.9548377513283585
INFO - 11/13/25 15:15:57 - 0:15:32 - Epoch 232: train_loss=0.6854422092437744, train_AUC=0.9979954874013048, train_AP=0.9970390700953131, time=1763018156.6007059
INFO - 11/13/25 15:15:57 - 0:15:32 - Epoch 232: val_AUC=0.9544482447966217, val_AP=0.9546090118760318
INFO - 11/13/25 15:15:59 - 0:15:34 - Epoch 233: train_loss=0.6833419799804688, train_AUC=0.9981140837423945, train_AP=0.9974559672319067, time=1763018158.827483
INFO - 11/13/25 15:15:59 - 0:15:34 - Epoch 233: val_AUC=0.9543810439990095, val_AP=0.9545724573001152
INFO - 11/13/25 15:16:01 - 0:15:36 - Epoch 234: train_loss=0.6833158731460571, train_AUC=0.9980473065177592, train_AP=0.9971559765554852, time=1763018160.876569
INFO - 11/13/25 15:16:02 - 0:15:36 - Epoch 234: val_AUC=0.9545637079852468, val_AP=0.9547676056724128
INFO - 11/13/25 15:16:03 - 0:15:38 - Epoch 235: train_loss=0.6820706129074097, train_AUC=0.9981677706189984, train_AP=0.9974504816766055, time=1763018162.9565845
INFO - 11/13/25 15:16:04 - 0:15:39 - Epoch 235: val_AUC=0.9541686487507982, val_AP=0.9544559018205863
INFO - 11/13/25 15:16:06 - 0:15:41 - Epoch 236: train_loss=0.6809549331665039, train_AUC=0.9982643987192118, train_AP=0.9977469164505045, time=1763018165.1408732
INFO - 11/13/25 15:16:06 - 0:15:41 - Epoch 236: val_AUC=0.9543116031748101, val_AP=0.9547432304766135
INFO - 11/13/25 15:16:08 - 0:15:43 - Epoch 237: train_loss=0.6801933646202087, train_AUC=0.998414957094853, train_AP=0.997938699740356, time=1763018167.347321
INFO - 11/13/25 15:16:08 - 0:15:43 - Epoch 237: val_AUC=0.9539998322016447, val_AP=0.9544984153731376
INFO - 11/13/25 15:16:10 - 0:15:45 - Epoch 238: train_loss=0.678193986415863, train_AUC=0.9983611738802197, train_AP=0.9978651145886102, time=1763018169.5314
INFO - 11/13/25 15:16:10 - 0:15:45 - Epoch 238: val_AUC=0.9536862284794537, val_AP=0.954255426261074
INFO - 11/13/25 15:16:12 - 0:15:47 - Epoch 239: train_loss=0.6783968210220337, train_AUC=0.9982456614127951, train_AP=0.9975651408127617, time=1763018171.6629095
INFO - 11/13/25 15:16:12 - 0:15:47 - Epoch 239: val_AUC=0.9538593214430009, val_AP=0.9542507180239905
INFO - 11/13/25 15:16:14 - 0:15:49 - Epoch 240: train_loss=0.6775085926055908, train_AUC=0.998348749268479, train_AP=0.9978021836297658, time=1763018173.647789
INFO - 11/13/25 15:16:14 - 0:15:49 - Epoch 240: val_AUC=0.9533622391794497, val_AP=0.953900003016494
INFO - 11/13/25 15:16:16 - 0:15:51 - Epoch 241: train_loss=0.6766679286956787, train_AUC=0.9984497650639877, train_AP=0.9978701086845705, time=1763018175.7148414
INFO - 11/13/25 15:16:16 - 0:15:51 - Epoch 241: val_AUC=0.9533445226055338, val_AP=0.9539044632001269
INFO - 11/13/25 15:16:19 - 0:15:54 - Epoch 242: train_loss=0.6755913496017456, train_AUC=0.9984335911945326, train_AP=0.9979312877682077, time=1763018178.1547756
INFO - 11/13/25 15:16:19 - 0:15:54 - Epoch 242: val_AUC=0.9533874903882495, val_AP=0.9538570957117782
INFO - 11/13/25 15:16:21 - 0:15:56 - Epoch 243: train_loss=0.6765074729919434, train_AUC=0.9981278442297349, train_AP=0.9973272461710674, time=1763018180.6127193
INFO - 11/13/25 15:16:21 - 0:15:56 - Epoch 243: val_AUC=0.9528438766633215, val_AP=0.9534296684989596
INFO - 11/13/25 15:16:24 - 0:15:58 - Epoch 244: train_loss=0.6765551567077637, train_AUC=0.9983191090332725, train_AP=0.9978038896237447, time=1763018183.0282254
INFO - 11/13/25 15:16:24 - 0:15:59 - Epoch 244: val_AUC=0.9530160532523557, val_AP=0.9534937989184854
INFO - 11/13/25 15:16:26 - 0:16:01 - Epoch 245: train_loss=0.6749041676521301, train_AUC=0.9983447426984045, train_AP=0.9977887313017113, time=1763018185.4170187
INFO - 11/13/25 15:16:26 - 0:16:01 - Epoch 245: val_AUC=0.9528135344850057, val_AP=0.9533581211440927
INFO - 11/13/25 15:16:28 - 0:16:03 - Epoch 246: train_loss=0.6745102405548096, train_AUC=0.9982630941930989, train_AP=0.9973611779426035, time=1763018187.8338919
INFO - 11/13/25 15:16:28 - 0:16:03 - Epoch 246: val_AUC=0.9525047162741597, val_AP=0.9531204446081974
INFO - 11/13/25 15:16:31 - 0:16:06 - Epoch 247: train_loss=0.6743409633636475, train_AUC=0.9983176384253282, train_AP=0.9977420566383757, time=1763018190.1761482
INFO - 11/13/25 15:16:31 - 0:16:06 - Epoch 247: val_AUC=0.9526590744698875, val_AP=0.9531629709248016
INFO - 11/13/25 15:16:33 - 0:16:08 - Epoch 248: train_loss=0.6729861497879028, train_AUC=0.9983935940047428, train_AP=0.997690015788842, time=1763018192.632967
INFO - 11/13/25 15:16:33 - 0:16:08 - Epoch 248: val_AUC=0.9523904749182185, val_AP=0.9529992435640982
INFO - 11/13/25 15:16:36 - 0:16:11 - Epoch 249: train_loss=0.6717132925987244, train_AUC=0.9983609014214784, train_AP=0.9977183430390737, time=1763018195.0761898
INFO - 11/13/25 15:16:36 - 0:16:11 - Epoch 249: val_AUC=0.9522709389539808, val_AP=0.9529204840221642
INFO - 11/13/25 15:16:37 - 0:16:12 - Epoch 250: train_loss=0.6720573306083679, train_AUC=0.99832390057336, train_AP=0.9976046838677435, time=1763018196.9891026
INFO - 11/13/25 15:16:38 - 0:16:13 - Epoch 250: val_AUC=0.9523230704818257, val_AP=0.9528865424495518
INFO - 11/13/25 15:16:39 - 0:16:14 - Epoch 251: train_loss=0.6719729900360107, train_AUC=0.9983478686649196, train_AP=0.9976012183099102, time=1763018198.8747067
INFO - 11/13/25 15:16:39 - 0:16:14 - Epoch 251: val_AUC=0.9519683317259445, val_AP=0.9526235794419735
INFO - 11/13/25 15:16:41 - 0:16:16 - Epoch 252: train_loss=0.6701921820640564, train_AUC=0.9984269646527478, train_AP=0.9977539995197361, time=1763018200.7455604
INFO - 11/13/25 15:16:41 - 0:16:16 - Epoch 252: val_AUC=0.9519284185249385, val_AP=0.95259552806054
INFO - 11/13/25 15:16:43 - 0:16:18 - Epoch 253: train_loss=0.6702629923820496, train_AUC=0.9982269121301701, train_AP=0.9972840554597286, time=1763018202.6837218
INFO - 11/13/25 15:16:43 - 0:16:18 - Epoch 253: val_AUC=0.9518813779666099, val_AP=0.9525684635363687
INFO - 11/13/25 15:16:45 - 0:16:20 - Epoch 254: train_loss=0.6692644357681274, train_AUC=0.9985685412243243, train_AP=0.9980750208153769, time=1763018204.677273
INFO - 11/13/25 15:16:45 - 0:16:20 - Epoch 254: val_AUC=0.951545781256109, val_AP=0.9523420228732689
INFO - 11/13/25 15:16:47 - 0:16:22 - Epoch 255: train_loss=0.6691486835479736, train_AUC=0.9983867971542297, train_AP=0.997747604534263, time=1763018206.675151
INFO - 11/13/25 15:16:47 - 0:16:22 - Epoch 255: val_AUC=0.9516750918818178, val_AP=0.9524261833021137
INFO - 11/13/25 15:16:49 - 0:16:24 - Epoch 256: train_loss=0.6679067611694336, train_AUC=0.9984319483405321, train_AP=0.9978254554814318, time=1763018208.5824316
INFO - 11/13/25 15:16:49 - 0:16:24 - Epoch 256: val_AUC=0.9514130087711297, val_AP=0.9522747667693879
INFO - 11/13/25 15:16:51 - 0:16:26 - Epoch 257: train_loss=0.6678534746170044, train_AUC=0.99846694511107, train_AP=0.9978932241584659, time=1763018210.496679
INFO - 11/13/25 15:16:51 - 0:16:26 - Epoch 257: val_AUC=0.9513458079735171, val_AP=0.9522304026714887
INFO - 11/13/25 15:16:53 - 0:16:28 - Epoch 258: train_loss=0.6683623194694519, train_AUC=0.9985063218275917, train_AP=0.9980751882933878, time=1763018212.4924943
INFO - 11/13/25 15:16:53 - 0:16:28 - Epoch 258: val_AUC=0.9513857211745234, val_AP=0.9522527862672954
INFO - 11/13/25 15:16:55 - 0:16:30 - Epoch 259: train_loss=0.6661723852157593, train_AUC=0.9985439676297571, train_AP=0.998006609658072, time=1763018214.4343836
INFO - 11/13/25 15:16:55 - 0:16:30 - Epoch 259: val_AUC=0.9510727283686742, val_AP=0.9520466961069042
INFO - 11/13/25 15:16:57 - 0:16:32 - Epoch 260: train_loss=0.6666955947875977, train_AUC=0.9983350019901922, train_AP=0.9975158562188084, time=1763018216.4101954
INFO - 11/13/25 15:16:57 - 0:16:32 - Epoch 260: val_AUC=0.9512020389943828, val_AP=0.952126862499508
INFO - 11/13/25 15:16:59 - 0:16:34 - Epoch 261: train_loss=0.6665186882019043, train_AUC=0.998349616839106, train_AP=0.9975635629519004, time=1763018218.4069874
INFO - 11/13/25 15:16:59 - 0:16:34 - Epoch 261: val_AUC=0.9508312127748308, val_AP=0.9518661416474147
INFO - 11/13/25 15:17:01 - 0:16:36 - Epoch 262: train_loss=0.6640444993972778, train_AUC=0.9984999916969651, train_AP=0.9978789544168916, time=1763018220.3746293
INFO - 11/13/25 15:17:01 - 0:16:36 - Epoch 262: val_AUC=0.9509204065607528, val_AP=0.9518903802793033
INFO - 11/13/25 15:17:03 - 0:16:38 - Epoch 263: train_loss=0.6640387773513794, train_AUC=0.9985028133268903, train_AP=0.9977975166632004, time=1763018222.3168232
INFO - 11/13/25 15:17:03 - 0:16:38 - Epoch 263: val_AUC=0.9508000560413925, val_AP=0.9517906925945514
INFO - 11/13/25 15:17:05 - 0:16:40 - Epoch 264: train_loss=0.6629468202590942, train_AUC=0.9983758218398272, train_AP=0.9977026901986509, time=1763018224.2044244
INFO - 11/13/25 15:17:05 - 0:16:40 - Epoch 264: val_AUC=0.9505172017750786, val_AP=0.9516171808428433
INFO - 11/13/25 15:17:07 - 0:16:42 - Epoch 265: train_loss=0.664031445980072, train_AUC=0.9984201243004189, train_AP=0.9975417032290028, time=1763018226.1662693
INFO - 11/13/25 15:17:07 - 0:16:42 - Epoch 265: val_AUC=0.9507086222288836, val_AP=0.9517272776494334
INFO - 11/13/25 15:17:09 - 0:16:44 - Epoch 266: train_loss=0.6634616851806641, train_AUC=0.9983719376736473, train_AP=0.9976420517698696, time=1763018228.1050382
INFO - 11/13/25 15:17:09 - 0:16:44 - Epoch 266: val_AUC=0.950246158558042, val_AP=0.9513795520469696
INFO - 11/13/25 15:17:11 - 0:16:45 - Epoch 267: train_loss=0.6625090837478638, train_AUC=0.9985266384084319, train_AP=0.9979849797469281, time=1763018230.0245557
INFO - 11/13/25 15:17:11 - 0:16:46 - Epoch 267: val_AUC=0.9505034561573851, val_AP=0.9515698753864127
INFO - 11/13/25 15:17:13 - 0:16:47 - Epoch 268: train_loss=0.6627675294876099, train_AUC=0.9985371063190634, train_AP=0.9979048687052792, time=1763018232.04371
INFO - 11/13/25 15:17:13 - 0:16:48 - Epoch 268: val_AUC=0.9500660400565627, val_AP=0.9512844239129862
INFO - 11/13/25 15:17:15 - 0:16:49 - Epoch 269: train_loss=0.6609201431274414, train_AUC=0.9986988994349157, train_AP=0.9982468018686147, time=1763018234.0176322
INFO - 11/13/25 15:17:15 - 0:16:50 - Epoch 269: val_AUC=0.9501712194867652, val_AP=0.9513463594592155
INFO - 11/13/25 15:17:16 - 0:16:51 - Epoch 270: train_loss=0.6598029136657715, train_AUC=0.9985943959209496, train_AP=0.9979375695141793, time=1763018235.906505
INFO - 11/13/25 15:17:17 - 0:16:51 - Epoch 270: val_AUC=0.9500091230173728, val_AP=0.9511899226090802
INFO - 11/13/25 15:17:18 - 0:16:53 - Epoch 271: train_loss=0.6607154607772827, train_AUC=0.9984210860956265, train_AP=0.9977405492365609, time=1763018237.8529758
INFO - 11/13/25 15:17:18 - 0:16:53 - Epoch 271: val_AUC=0.9497404216463137, val_AP=0.9510190131523368
INFO - 11/13/25 15:17:20 - 0:16:55 - Epoch 272: train_loss=0.6586809158325195, train_AUC=0.9986167606095483, train_AP=0.9980056418244102, time=1763018239.680432
INFO - 11/13/25 15:17:20 - 0:16:55 - Epoch 272: val_AUC=0.9498515066011548, val_AP=0.9510959050831111
INFO - 11/13/25 15:17:22 - 0:16:57 - Epoch 273: train_loss=0.6584984660148621, train_AUC=0.9985086034714142, train_AP=0.9979746131337053, time=1763018241.4911845
INFO - 11/13/25 15:17:22 - 0:16:57 - Epoch 273: val_AUC=0.9495533794262926, val_AP=0.9508728292764975
INFO - 11/13/25 15:17:24 - 0:16:59 - Epoch 274: train_loss=0.6581909656524658, train_AUC=0.998516638978894, train_AP=0.9977955729024922, time=1763018243.510257
INFO - 11/13/25 15:17:24 - 0:16:59 - Epoch 274: val_AUC=0.9496213947790275, val_AP=0.9509274356489255
INFO - 11/13/25 15:17:26 - 0:17:01 - Epoch 275: train_loss=0.6585583686828613, train_AUC=0.9986459815013399, train_AP=0.9979888135535462, time=1763018245.5188413
INFO - 11/13/25 15:17:26 - 0:17:01 - Epoch 275: val_AUC=0.9492642123577787, val_AP=0.9506827281213381
INFO - 11/13/25 15:17:28 - 0:17:03 - Epoch 276: train_loss=0.6574884653091431, train_AUC=0.9986510671630163, train_AP=0.9980372403704747, time=1763018247.3493464
INFO - 11/13/25 15:17:28 - 0:17:03 - Epoch 276: val_AUC=0.9494269197435128, val_AP=0.9507622398775794
INFO - 11/13/25 15:17:30 - 0:17:05 - Epoch 277: train_loss=0.6563880443572998, train_AUC=0.9986121395543098, train_AP=0.9980135095009803, time=1763018249.2751353
INFO - 11/13/25 15:17:30 - 0:17:05 - Epoch 277: val_AUC=0.9488715967886979, val_AP=0.9503771881450338
INFO - 11/13/25 15:17:32 - 0:17:07 - Epoch 278: train_loss=0.6570237874984741, train_AUC=0.9984974201584509, train_AP=0.9977410568047855, time=1763018251.2670376
INFO - 11/13/25 15:17:32 - 0:17:07 - Epoch 278: val_AUC=0.9492249100731145, val_AP=0.950618016638859
INFO - 11/13/25 15:17:34 - 0:17:09 - Epoch 279: train_loss=0.6567400097846985, train_AUC=0.9985921311847155, train_AP=0.9978801880442872, time=1763018253.1530604
INFO - 11/13/25 15:17:34 - 0:17:09 - Epoch 279: val_AUC=0.9485331491352684, val_AP=0.9501283413769218
INFO - 11/13/25 15:17:35 - 0:17:10 - Epoch 280: train_loss=0.6557143926620483, train_AUC=0.9987288852189591, train_AP=0.9981847964972639, time=1763018254.9485123
INFO - 11/13/25 15:17:36 - 0:17:10 - Epoch 280: val_AUC=0.9489974455551357, val_AP=0.9504029967190925
INFO - 11/13/25 15:17:37 - 0:17:12 - Epoch 281: train_loss=0.6553710699081421, train_AUC=0.9986661355227632, train_AP=0.9980965722406874, time=1763018256.770775
INFO - 11/13/25 15:17:37 - 0:17:12 - Epoch 281: val_AUC=0.9485946480470226, val_AP=0.9501371294683194
INFO - 11/13/25 15:17:39 - 0:17:14 - Epoch 282: train_loss=0.6535334587097168, train_AUC=0.9987009973848356, train_AP=0.9982241395185157, time=1763018258.724036
INFO - 11/13/25 15:17:39 - 0:17:14 - Epoch 282: val_AUC=0.9484510827066689, val_AP=0.9500572427449876
INFO - 11/13/25 15:17:41 - 0:17:16 - Epoch 283: train_loss=0.6545404195785522, train_AUC=0.9986199048926176, train_AP=0.9981340942735863, time=1763018260.674362
INFO - 11/13/25 15:17:41 - 0:17:16 - Epoch 283: val_AUC=0.9485992299195871, val_AP=0.9501446360739205
INFO - 11/13/25 15:17:43 - 0:17:18 - Epoch 284: train_loss=0.6548424363136292, train_AUC=0.9984372143498174, train_AP=0.9975514716994947, time=1763018262.6366575
INFO - 11/13/25 15:17:43 - 0:17:18 - Epoch 284: val_AUC=0.948039121453427, val_AP=0.9497499652925562
INFO - 11/13/25 15:17:45 - 0:17:20 - Epoch 285: train_loss=0.6545730829238892, train_AUC=0.9986769398239543, train_AP=0.9980678037201378, time=1763018264.5606308
INFO - 11/13/25 15:17:45 - 0:17:20 - Epoch 285: val_AUC=0.9484040421483403, val_AP=0.9500166001744349
INFO - 11/13/25 15:17:47 - 0:17:22 - Epoch 286: train_loss=0.6523305177688599, train_AUC=0.9986977562353748, train_AP=0.9981500852814424, time=1763018266.5747116
INFO - 11/13/25 15:17:47 - 0:17:22 - Epoch 286: val_AUC=0.947875192235009, val_AP=0.9496904465775784
INFO - 11/13/25 15:17:49 - 0:17:24 - Epoch 287: train_loss=0.651570200920105, train_AUC=0.9986684888477153, train_AP=0.9980429636847169, time=1763018268.4100084
INFO - 11/13/25 15:17:49 - 0:17:24 - Epoch 287: val_AUC=0.9481114132205554, val_AP=0.9498208489292767
INFO - 11/13/25 15:17:51 - 0:17:26 - Epoch 288: train_loss=0.6523951292037964, train_AUC=0.99849721955696, train_AP=0.9977270422697291, time=1763018270.3567374
INFO - 11/13/25 15:17:51 - 0:17:26 - Epoch 288: val_AUC=0.9482564040323737, val_AP=0.9499531167931107
INFO - 11/13/25 15:17:53 - 0:17:28 - Epoch 289: train_loss=0.6511691808700562, train_AUC=0.9987007224604044, train_AP=0.9982472865038499, time=1763018272.201442
INFO - 11/13/25 15:17:53 - 0:17:28 - Epoch 289: val_AUC=0.9477517871339389, val_AP=0.949639034970478
INFO - 11/13/25 15:17:55 - 0:17:30 - Epoch 290: train_loss=0.6505486965179443, train_AUC=0.9988973059333202, train_AP=0.9984725590802018, time=1763018274.2136078
INFO - 11/13/25 15:17:55 - 0:17:30 - Epoch 290: val_AUC=0.9482716769409218, val_AP=0.9499914365873731
INFO - 11/13/25 15:17:57 - 0:17:32 - Epoch 291: train_loss=0.6505939960479736, train_AUC=0.9987096729149825, train_AP=0.9982190093003303, time=1763018276.233771
INFO - 11/13/25 15:17:57 - 0:17:32 - Epoch 291: val_AUC=0.9476854008914491, val_AP=0.9496081936667016
INFO - 11/13/25 15:17:59 - 0:17:34 - Epoch 292: train_loss=0.6509612798690796, train_AUC=0.9987384688274963, train_AP=0.9983197522516803, time=1763018278.2618232
INFO - 11/13/25 15:17:59 - 0:17:34 - Epoch 292: val_AUC=0.9478157297110612, val_AP=0.9496791750895922
INFO - 11/13/25 15:18:01 - 0:17:36 - Epoch 293: train_loss=0.6490312814712524, train_AUC=0.9988108077680923, train_AP=0.9979968936499976, time=1763018280.246664
INFO - 11/13/25 15:18:01 - 0:17:36 - Epoch 293: val_AUC=0.9477448634153973, val_AP=0.949628035763773
INFO - 11/13/25 15:18:03 - 0:17:38 - Epoch 294: train_loss=0.6494622826576233, train_AUC=0.9988017322678089, train_AP=0.9984112044082329, time=1763018282.1565902
INFO - 11/13/25 15:18:03 - 0:17:38 - Epoch 294: val_AUC=0.9471917804871691, val_AP=0.9492086010943152
INFO - 11/13/25 15:18:05 - 0:17:39 - Epoch 295: train_loss=0.6488909721374512, train_AUC=0.9988700487874661, train_AP=0.9983619095293981, time=1763018284.047787
INFO - 11/13/25 15:18:05 - 0:17:40 - Epoch 295: val_AUC=0.9474477544344382, val_AP=0.9493546177483202
INFO - 11/13/25 15:18:06 - 0:17:41 - Epoch 296: train_loss=0.6487045288085938, train_AUC=0.9986615451125285, train_AP=0.9981505136183456, time=1763018286.0041838
INFO - 11/13/25 15:18:07 - 0:17:42 - Epoch 296: val_AUC=0.9467824665380757, val_AP=0.9489420918802413
INFO - 11/13/25 15:18:09 - 0:17:43 - Epoch 297: train_loss=0.6482374668121338, train_AUC=0.9986793362984809, train_AP=0.9979020277174748, time=1763018288.0290492
INFO - 11/13/25 15:18:09 - 0:17:44 - Epoch 297: val_AUC=0.9468608674686234, val_AP=0.9489810559075846
INFO - 11/13/25 15:18:11 - 0:17:45 - Epoch 298: train_loss=0.6475682258605957, train_AUC=0.998794346645756, train_AP=0.9982983697996917, time=1763018290.0317552
INFO - 11/13/25 15:18:11 - 0:17:46 - Epoch 298: val_AUC=0.9467891866178368, val_AP=0.9488969707550239
INFO - 11/13/25 15:18:12 - 0:17:47 - Epoch 299: train_loss=0.6474606394767761, train_AUC=0.99868942008984, train_AP=0.9981301577522965, time=1763018291.897151
INFO - 11/13/25 15:18:12 - 0:17:47 - Epoch 299: val_AUC=0.9462684822557311, val_AP=0.9485589425308043
INFO - 11/13/25 15:18:14 - 0:17:49 - Epoch 300: train_loss=0.6459347009658813, train_AUC=0.9988109780768206, train_AP=0.9983114527117206, time=1763018293.8431766
INFO - 11/13/25 15:18:14 - 0:17:49 - Epoch 300: val_AUC=0.946490244887852, val_AP=0.9486998940719391
INFO - 11/13/25 15:18:14 - 0:17:49 - best_epoch=161
INFO - 11/13/25 15:18:14 - 0:17:49 - test_auc= 96.01%, test_ap= 95.92%
INFO - 11/13/25 15:18:14 - 0:17:49 - 
                                     train iters 1
INFO - 11/13/25 15:18:14 - 0:17:49 - --------------------------Training Start-------------------------
INFO - 11/13/25 15:18:18 - 0:17:53 - Epoch 0: train_loss=5.8868408203125, train_AUC=0.9950458536472842, train_AP=0.9945563145338383, time=1763018297.9265466
INFO - 11/13/25 15:18:19 - 0:17:53 - Epoch 0: val_AUC=0.7556151357374656, val_AP=0.8036211899852412
INFO - 11/13/25 15:18:20 - 0:17:55 - Epoch 1: train_loss=2.753295421600342, train_AUC=0.8946351109815789, train_AP=0.926673321615676, time=1763018299.7922258
INFO - 11/13/25 15:18:20 - 0:17:55 - Epoch 1: val_AUC=0.589772832794641, val_AP=0.6579223935202448
INFO - 11/13/25 15:18:22 - 0:17:57 - Epoch 2: train_loss=5.5180840492248535, train_AUC=0.6200341632827913, train_AP=0.711735483369144, time=1763018301.7670615
INFO - 11/13/25 15:18:22 - 0:17:57 - Epoch 2: val_AUC=0.584601222321417, val_AP=0.64660453387734
INFO - 11/13/25 15:18:24 - 0:17:59 - Epoch 3: train_loss=6.691169738769531, train_AUC=0.5652845329150786, train_AP=0.6567601627448454, time=1763018303.7645657
INFO - 11/13/25 15:18:24 - 0:17:59 - Epoch 3: val_AUC=0.580087772387233, val_AP=0.6477719317210543
INFO - 11/13/25 15:18:26 - 0:18:01 - Epoch 4: train_loss=5.902759075164795, train_AUC=0.5718468818704336, train_AP=0.6614251277623311, time=1763018305.6193242
INFO - 11/13/25 15:18:26 - 0:18:01 - Epoch 4: val_AUC=0.5824536477407499, val_AP=0.6534165571799914
INFO - 11/13/25 15:18:28 - 0:18:03 - Epoch 5: train_loss=5.111374855041504, train_AUC=0.588736206317428, train_AP=0.678299671002082, time=1763018307.4471803
INFO - 11/13/25 15:18:28 - 0:18:03 - Epoch 5: val_AUC=0.6503874431440526, val_AP=0.7020666238801465
INFO - 11/13/25 15:18:30 - 0:18:05 - Epoch 6: train_loss=4.073985576629639, train_AUC=0.6704990113231359, train_AP=0.7403520016307716, time=1763018309.3799727
INFO - 11/13/25 15:18:30 - 0:18:05 - Epoch 6: val_AUC=0.7515350291284912, val_AP=0.7708934898290494
INFO - 11/13/25 15:18:32 - 0:18:07 - Epoch 7: train_loss=2.9979567527770996, train_AUC=0.785791318171213, train_AP=0.8202581712183294, time=1763018311.3846781
INFO - 11/13/25 15:18:32 - 0:18:07 - Epoch 7: val_AUC=0.8100922768770609, val_AP=0.8146915620026036
INFO - 11/13/25 15:18:34 - 0:18:09 - Epoch 8: train_loss=2.5537221431732178, train_AUC=0.8553146692541513, train_AP=0.8707799364286734, time=1763018313.44075
INFO - 11/13/25 15:18:34 - 0:18:09 - Epoch 8: val_AUC=0.8406373812378631, val_AP=0.83871977840871
INFO - 11/13/25 15:18:36 - 0:18:11 - Epoch 9: train_loss=2.3911919593811035, train_AUC=0.889094733806422, train_AP=0.8963249006758721, time=1763018315.6281934
INFO - 11/13/25 15:18:36 - 0:18:11 - Epoch 9: val_AUC=0.8562595302949341, val_AP=0.852718875711788
INFO - 11/13/25 15:18:38 - 0:18:13 - Epoch 10: train_loss=2.185563564300537, train_AUC=0.9054844821675159, train_AP=0.909862707425364, time=1763018317.809681
INFO - 11/13/25 15:18:38 - 0:18:13 - Epoch 10: val_AUC=0.8660757340770766, val_AP=0.8617619203581659
INFO - 11/13/25 15:18:40 - 0:18:15 - Epoch 11: train_loss=2.0408430099487305, train_AUC=0.9131420363607606, train_AP=0.9170320974327782, time=1763018319.908481
INFO - 11/13/25 15:18:41 - 0:18:15 - Epoch 11: val_AUC=0.8725166250700518, val_AP=0.867522964221724
INFO - 11/13/25 15:18:43 - 0:18:17 - Epoch 12: train_loss=1.9098560810089111, train_AUC=0.9170566823433073, train_AP=0.919817726545734, time=1763018322.0428765
INFO - 11/13/25 15:18:43 - 0:18:18 - Epoch 12: val_AUC=0.8774581237211485, val_AP=0.8717775501726869
INFO - 11/13/25 15:18:45 - 0:18:20 - Epoch 13: train_loss=1.785152792930603, train_AUC=0.9198054305237833, train_AP=0.921654514320584, time=1763018324.283096
INFO - 11/13/25 15:18:45 - 0:18:20 - Epoch 13: val_AUC=0.8830157315030823, val_AP=0.8764297313955959
INFO - 11/13/25 15:18:47 - 0:18:22 - Epoch 14: train_loss=1.6698789596557617, train_AUC=0.9233340658733844, train_AP=0.924394454018834, time=1763018326.539729
INFO - 11/13/25 15:18:47 - 0:18:22 - Epoch 14: val_AUC=0.8901475688787811, val_AP=0.88217708031215
INFO - 11/13/25 15:18:49 - 0:18:24 - Epoch 15: train_loss=1.5623832941055298, train_AUC=0.9296320248817481, train_AP=0.9285587388011257, time=1763018328.758169
INFO - 11/13/25 15:18:49 - 0:18:24 - Epoch 15: val_AUC=0.8972471295077481, val_AP=0.8880401467845102
INFO - 11/13/25 15:18:51 - 0:18:26 - Epoch 16: train_loss=1.478418231010437, train_AUC=0.9358462860442026, train_AP=0.9323241863966465, time=1763018330.8838773
INFO - 11/13/25 15:18:51 - 0:18:26 - Epoch 16: val_AUC=0.9029779320726191, val_AP=0.8932377310082422
INFO - 11/13/25 15:18:53 - 0:18:28 - Epoch 17: train_loss=1.435328483581543, train_AUC=0.9396661364625432, train_AP=0.9348119087699742, time=1763018332.6980522
INFO - 11/13/25 15:18:53 - 0:18:28 - Epoch 17: val_AUC=0.907069238814529, val_AP=0.8972332588424078
INFO - 11/13/25 15:18:55 - 0:18:30 - Epoch 18: train_loss=1.4257569313049316, train_AUC=0.9430891307345004, train_AP=0.9376428775614624, time=1763018334.6434166
INFO - 11/13/25 15:18:55 - 0:18:30 - Epoch 18: val_AUC=0.910121173220034, val_AP=0.9000032986694962
INFO - 11/13/25 15:18:57 - 0:18:32 - Epoch 19: train_loss=1.4277544021606445, train_AUC=0.9457624229900211, train_AP=0.9403711190460239, time=1763018336.7164013
INFO - 11/13/25 15:18:57 - 0:18:32 - Epoch 19: val_AUC=0.912657901510511, val_AP=0.9022639671307547
INFO - 11/13/25 15:18:59 - 0:18:34 - Epoch 20: train_loss=1.4150899648666382, train_AUC=0.9471626536261517, train_AP=0.9405076198676767, time=1763018338.7830634
INFO - 11/13/25 15:18:59 - 0:18:34 - Epoch 20: val_AUC=0.9149903801040025, val_AP=0.9038582577716652
INFO - 11/13/25 15:19:01 - 0:18:36 - Epoch 21: train_loss=1.3789159059524536, train_AUC=0.9501692384780506, train_AP=0.9431686212148321, time=1763018340.8812604
INFO - 11/13/25 15:19:02 - 0:18:36 - Epoch 21: val_AUC=0.916761935676211, val_AP=0.9049655474261078
INFO - 11/13/25 15:19:04 - 0:18:39 - Epoch 22: train_loss=1.3384780883789062, train_AUC=0.9511169547720659, train_AP=0.9423084555000846, time=1763018343.120018
INFO - 11/13/25 15:19:04 - 0:18:39 - Epoch 22: val_AUC=0.9179926266470304, val_AP=0.9057892864384182
INFO - 11/13/25 15:19:06 - 0:18:41 - Epoch 23: train_loss=1.2979215383529663, train_AUC=0.9521363162671932, train_AP=0.9428831327456662, time=1763018345.3520439
INFO - 11/13/25 15:19:06 - 0:18:41 - Epoch 23: val_AUC=0.9187739886483597, val_AP=0.9063646848264167
INFO - 11/13/25 15:19:08 - 0:18:43 - Epoch 24: train_loss=1.2588560581207275, train_AUC=0.9526488418045554, train_AP=0.9435025252880305, time=1763018347.526772
INFO - 11/13/25 15:19:08 - 0:18:43 - Epoch 24: val_AUC=0.91959994754265, val_AP=0.9071335798286987
INFO - 11/13/25 15:19:10 - 0:18:45 - Epoch 25: train_loss=1.2262901067733765, train_AUC=0.953766852385065, train_AP=0.9444831063604268, time=1763018349.7382853
INFO - 11/13/25 15:19:10 - 0:18:45 - Epoch 25: val_AUC=0.9206081631456163, val_AP=0.908239097248573
INFO - 11/13/25 15:19:12 - 0:18:47 - Epoch 26: train_loss=1.1981406211853027, train_AUC=0.9556813005502373, train_AP=0.9465364905481303, time=1763018351.935721
INFO - 11/13/25 15:19:13 - 0:18:47 - Epoch 26: val_AUC=0.9217293982718399, val_AP=0.9095605925242816
INFO - 11/13/25 15:19:15 - 0:18:49 - Epoch 27: train_loss=1.182647943496704, train_AUC=0.9563407521496786, train_AP=0.9468184420075323, time=1763018354.0070443
INFO - 11/13/25 15:19:15 - 0:18:50 - Epoch 27: val_AUC=0.9227891344863088, val_AP=0.9108418611141222
INFO - 11/13/25 15:19:16 - 0:18:51 - Epoch 28: train_loss=1.1705846786499023, train_AUC=0.9582867495224535, train_AP=0.9489428549614816, time=1763018355.968087
INFO - 11/13/25 15:19:17 - 0:18:51 - Epoch 28: val_AUC=0.9237661933558369, val_AP=0.9121311791069158
INFO - 11/13/25 15:19:18 - 0:18:53 - Epoch 29: train_loss=1.172414779663086, train_AUC=0.9590529889214944, train_AP=0.9499623713649116, time=1763018357.7981868
INFO - 11/13/25 15:19:18 - 0:18:53 - Epoch 29: val_AUC=0.9247432522253647, val_AP=0.9134021864852074
INFO - 11/13/25 15:19:20 - 0:18:55 - Epoch 30: train_loss=1.1710398197174072, train_AUC=0.9609601950029939, train_AP=0.9524236721826315, time=1763018359.6284046
INFO - 11/13/25 15:19:20 - 0:18:55 - Epoch 30: val_AUC=0.9259300590389553, val_AP=0.9147776862158347
INFO - 11/13/25 15:19:22 - 0:18:57 - Epoch 31: train_loss=1.1606380939483643, train_AUC=0.96235756948954, train_AP=0.9536319105266274, time=1763018361.4860828
INFO - 11/13/25 15:19:22 - 0:18:57 - Epoch 31: val_AUC=0.9271909903687002, val_AP=0.916097834443711
INFO - 11/13/25 15:19:24 - 0:18:59 - Epoch 32: train_loss=1.153815507888794, train_AUC=0.9629127829889282, train_AP=0.9540153159952582, time=1763018363.3033814
INFO - 11/13/25 15:19:24 - 0:18:59 - Epoch 32: val_AUC=0.9285704394687797, val_AP=0.9175979732848049
INFO - 11/13/25 15:19:26 - 0:19:01 - Epoch 33: train_loss=1.135695457458496, train_AUC=0.9643449002799458, train_AP=0.9557258583839352, time=1763018365.717627
INFO - 11/13/25 15:19:26 - 0:19:01 - Epoch 33: val_AUC=0.9298602875053761, val_AP=0.9189836181223249
INFO - 11/13/25 15:19:28 - 0:19:03 - Epoch 34: train_loss=1.1171164512634277, train_AUC=0.9647547321197772, train_AP=0.9556632397497783, time=1763018367.7804694
INFO - 11/13/25 15:19:28 - 0:19:03 - Epoch 34: val_AUC=0.9310727528053279, val_AP=0.9202122545661322
INFO - 11/13/25 15:19:30 - 0:19:05 - Epoch 35: train_loss=1.099875807762146, train_AUC=0.9661763615985227, train_AP=0.9574030748636744, time=1763018369.7866783
INFO - 11/13/25 15:19:30 - 0:19:05 - Epoch 35: val_AUC=0.9322251446649897, val_AP=0.9213922254079574
INFO - 11/13/25 15:19:32 - 0:19:07 - Epoch 36: train_loss=1.0855779647827148, train_AUC=0.9673159807814148, train_AP=0.9592772275938443, time=1763018371.7912343
INFO - 11/13/25 15:19:32 - 0:19:07 - Epoch 36: val_AUC=0.9332938409858071, val_AP=0.9225039139047563
INFO - 11/13/25 15:19:34 - 0:19:09 - Epoch 37: train_loss=1.0795440673828125, train_AUC=0.9673973216038366, train_AP=0.9586618374460305, time=1763018373.8759933
INFO - 11/13/25 15:19:34 - 0:19:09 - Epoch 37: val_AUC=0.9343185513300055, val_AP=0.9235846474211292
INFO - 11/13/25 15:19:36 - 0:19:11 - Epoch 38: train_loss=1.0747544765472412, train_AUC=0.9684562658767186, train_AP=0.9600115979856225, time=1763018375.9853513
INFO - 11/13/25 15:19:37 - 0:19:12 - Epoch 38: val_AUC=0.93531353041223, val_AP=0.9246028860314287
INFO - 11/13/25 15:19:39 - 0:19:14 - Epoch 39: train_loss=1.0718414783477783, train_AUC=0.9692853768474881, train_AP=0.9610433229954982, time=1763018378.113848
INFO - 11/13/25 15:19:39 - 0:19:14 - Epoch 39: val_AUC=0.9363276515398351, val_AP=0.9256673016531048
INFO - 11/13/25 15:19:41 - 0:19:15 - Epoch 40: train_loss=1.0682010650634766, train_AUC=0.9701507692132677, train_AP=0.9620871309173133, time=1763018380.034435
INFO - 11/13/25 15:19:41 - 0:19:16 - Epoch 40: val_AUC=0.9372823101434921, val_AP=0.9266932112774103
INFO - 11/13/25 15:19:42 - 0:19:17 - Epoch 41: train_loss=1.0621819496154785, train_AUC=0.970837582750387, train_AP=0.9627027696336875, time=1763018381.9173584
INFO - 11/13/25 15:19:43 - 0:19:17 - Epoch 41: val_AUC=0.9382039792646848, val_AP=0.9277313779999982
INFO - 11/13/25 15:19:45 - 0:19:20 - Epoch 42: train_loss=1.055337905883789, train_AUC=0.9713759495992006, train_AP=0.9634835504777653, time=1763018384.0952284
INFO - 11/13/25 15:19:45 - 0:19:20 - Epoch 42: val_AUC=0.9390462292614267, val_AP=0.928694035166167
INFO - 11/13/25 15:19:47 - 0:19:22 - Epoch 43: train_loss=1.047390103340149, train_AUC=0.9720764514141681, train_AP=0.9646374066424201, time=1763018386.2705235
INFO - 11/13/25 15:19:47 - 0:19:22 - Epoch 43: val_AUC=0.9398430678100849, val_AP=0.929584796804952
INFO - 11/13/25 15:19:49 - 0:19:24 - Epoch 44: train_loss=1.0380914211273193, train_AUC=0.9725329073378156, train_AP=0.9644979381926144, time=1763018388.3007526
INFO - 11/13/25 15:19:49 - 0:19:24 - Epoch 44: val_AUC=0.940570261895763, val_AP=0.930439890526588
INFO - 11/13/25 15:19:51 - 0:19:26 - Epoch 45: train_loss=1.031265377998352, train_AUC=0.9728082535781727, train_AP=0.9650486432734614, time=1763018390.36941
INFO - 11/13/25 15:19:51 - 0:19:26 - Epoch 45: val_AUC=0.94124960086799, val_AP=0.9312278950211739
INFO - 11/13/25 15:19:53 - 0:19:28 - Epoch 46: train_loss=1.025402307510376, train_AUC=0.9732213177614295, train_AP=0.9653804606773033, time=1763018392.422358
INFO - 11/13/25 15:19:53 - 0:19:28 - Epoch 46: val_AUC=0.9419008376884881, val_AP=0.9319983901541933
INFO - 11/13/25 15:19:55 - 0:19:30 - Epoch 47: train_loss=1.019163966178894, train_AUC=0.9742255978638772, train_AP=0.9666216627963586, time=1763018394.266198
INFO - 11/13/25 15:19:55 - 0:19:30 - Epoch 47: val_AUC=0.9424755063274642, val_AP=0.9326661514234478
INFO - 11/13/25 15:19:57 - 0:19:32 - Epoch 48: train_loss=1.0148072242736816, train_AUC=0.9747834482425639, train_AP=0.967303163338169, time=1763018396.5689325
INFO - 11/13/25 15:19:57 - 0:19:32 - Epoch 48: val_AUC=0.9430210546208083, val_AP=0.933271030025172
INFO - 11/13/25 15:20:00 - 0:19:34 - Epoch 49: train_loss=1.0121943950653076, train_AUC=0.9751278241153406, train_AP=0.9678728970299932, time=1763018399.0259233
INFO - 11/13/25 15:20:00 - 0:19:35 - Epoch 49: val_AUC=0.9435501081729202, val_AP=0.933832399848469
INFO - 11/13/25 15:20:02 - 0:19:36 - Epoch 50: train_loss=1.0096741914749146, train_AUC=0.9750134488593527, train_AP=0.9678463085437828, time=1763018401.0097096
INFO - 11/13/25 15:20:02 - 0:19:37 - Epoch 50: val_AUC=0.944093009162116, val_AP=0.934371859893018
INFO - 11/13/25 15:20:03 - 0:19:38 - Epoch 51: train_loss=1.0042519569396973, train_AUC=0.9760919062503871, train_AP=0.969444071949233, time=1763018402.9851394
INFO - 11/13/25 15:20:04 - 0:19:39 - Epoch 51: val_AUC=0.9446059752505571, val_AP=0.9348982271656895
INFO - 11/13/25 15:20:05 - 0:19:40 - Epoch 52: train_loss=0.9970491528511047, train_AUC=0.9765761455685757, train_AP=0.9698127895578162, time=1763018404.950378
INFO - 11/13/25 15:20:06 - 0:19:40 - Epoch 52: val_AUC=0.9450823881778728, val_AP=0.9353343986308985
INFO - 11/13/25 15:20:07 - 0:19:42 - Epoch 53: train_loss=0.9937403798103333, train_AUC=0.976363295762831, train_AP=0.9693685993382847, time=1763018406.93618
INFO - 11/13/25 15:20:08 - 0:19:42 - Epoch 53: val_AUC=0.945591892407043, val_AP=0.9358200251927743
INFO - 11/13/25 15:20:09 - 0:19:44 - Epoch 54: train_loss=0.9846792817115784, train_AUC=0.9772705735085525, train_AP=0.9703907473091714, time=1763018408.8916378
INFO - 11/13/25 15:20:09 - 0:19:44 - Epoch 54: val_AUC=0.946020653859688, val_AP=0.9361788272726383
INFO - 11/13/25 15:20:11 - 0:19:46 - Epoch 55: train_loss=0.9830564856529236, train_AUC=0.9765090287832079, train_AP=0.9688770681383568, time=1763018410.835757
INFO - 11/13/25 15:20:11 - 0:19:46 - Epoch 55: val_AUC=0.9464267095882912, val_AP=0.936531663776964
INFO - 11/13/25 15:20:13 - 0:19:48 - Epoch 56: train_loss=0.9773679971694946, train_AUC=0.9776623793935229, train_AP=0.9705661850833756, time=1763018412.6665442
INFO - 11/13/25 15:20:13 - 0:19:48 - Epoch 56: val_AUC=0.9467796155951465, val_AP=0.9368339542411522
INFO - 11/13/25 15:20:15 - 0:19:50 - Epoch 57: train_loss=0.9730718731880188, train_AUC=0.9778351159459286, train_AP=0.9708406012514197, time=1763018414.5489113
INFO - 11/13/25 15:20:15 - 0:19:50 - Epoch 57: val_AUC=0.9471133795566213, val_AP=0.9371413255074273
INFO - 11/13/25 15:20:17 - 0:19:52 - Epoch 58: train_loss=0.9726614952087402, train_AUC=0.9777430860052612, train_AP=0.9706588953482489, time=1763018416.5573308
INFO - 11/13/25 15:20:17 - 0:19:52 - Epoch 58: val_AUC=0.9474159867846578, val_AP=0.9374307976633187
INFO - 11/13/25 15:20:19 - 0:19:54 - Epoch 59: train_loss=0.9666271209716797, train_AUC=0.9783788301717966, train_AP=0.9712851281502703, time=1763018418.574179
INFO - 11/13/25 15:20:19 - 0:19:54 - Epoch 59: val_AUC=0.9477530089666228, val_AP=0.93775783735341
INFO - 11/13/25 15:20:21 - 0:19:56 - Epoch 60: train_loss=0.9664391875267029, train_AUC=0.9781389072663415, train_AP=0.9709551304888575, time=1763018420.3944528
INFO - 11/13/25 15:20:21 - 0:19:56 - Epoch 60: val_AUC=0.9480749618788201, val_AP=0.9381045635605215
INFO - 11/13/25 15:20:23 - 0:19:58 - Epoch 61: train_loss=0.9611425399780273, train_AUC=0.9790656174669297, train_AP=0.9725869850369466, time=1763018422.2510734
INFO - 11/13/25 15:20:23 - 0:19:58 - Epoch 61: val_AUC=0.9483893801561338, val_AP=0.9384410868079737
INFO - 11/13/25 15:20:25 - 0:20:00 - Epoch 62: train_loss=0.9547320008277893, train_AUC=0.9797608802190808, train_AP=0.9730294532197711, time=1763018424.1147954
INFO - 11/13/25 15:20:25 - 0:20:00 - Epoch 62: val_AUC=0.9487154058439442, val_AP=0.9388276601074305
INFO - 11/13/25 15:20:27 - 0:20:01 - Epoch 63: train_loss=0.9537306427955627, train_AUC=0.9792985246038267, train_AP=0.9722790714469218, time=1763018426.0676742
INFO - 11/13/25 15:20:27 - 0:20:02 - Epoch 63: val_AUC=0.9490302313988191, val_AP=0.9392139745892224
INFO - 11/13/25 15:20:28 - 0:20:03 - Epoch 64: train_loss=0.9474474191665649, train_AUC=0.9802100854291407, train_AP=0.9734309312913443, time=1763018427.9988823
INFO - 11/13/25 15:20:29 - 0:20:04 - Epoch 64: val_AUC=0.9493087074313494, val_AP=0.9395395766649757
INFO - 11/13/25 15:20:30 - 0:20:05 - Epoch 65: train_loss=0.945972204208374, train_AUC=0.9804215245079833, train_AP=0.9739486927365757, time=1763018429.9706695
INFO - 11/13/25 15:20:31 - 0:20:06 - Epoch 65: val_AUC=0.9496059182316985, val_AP=0.939859788858624
INFO - 11/13/25 15:20:32 - 0:20:07 - Epoch 66: train_loss=0.9417832493782043, train_AUC=0.9809275099788305, train_AP=0.9744007675630497, time=1763018431.9063904
INFO - 11/13/25 15:20:33 - 0:20:07 - Epoch 66: val_AUC=0.9498923361766738, val_AP=0.940217790749365
INFO - 11/13/25 15:20:34 - 0:20:09 - Epoch 67: train_loss=0.9394627809524536, train_AUC=0.981145139524575, train_AP=0.9750921877138476, time=1763018433.7296493
INFO - 11/13/25 15:20:34 - 0:20:09 - Epoch 67: val_AUC=0.9501542156485814, val_AP=0.9405535222201971
INFO - 11/13/25 15:20:36 - 0:20:11 - Epoch 68: train_loss=0.9375396966934204, train_AUC=0.9810176159768415, train_AP=0.9747257327907536, time=1763018435.60379
INFO - 11/13/25 15:20:36 - 0:20:11 - Epoch 68: val_AUC=0.9503917602862022, val_AP=0.940832411028028
INFO - 11/13/25 15:20:38 - 0:20:13 - Epoch 69: train_loss=0.9339239597320557, train_AUC=0.9819259749276132, train_AP=0.9758702072263583, time=1763018437.4333594
INFO - 11/13/25 15:20:38 - 0:20:13 - Epoch 69: val_AUC=0.950615152028568, val_AP=0.941093359657284
INFO - 11/13/25 15:20:40 - 0:20:15 - Epoch 70: train_loss=0.9309781789779663, train_AUC=0.9821028480271793, train_AP=0.9761401705431717, time=1763018439.3505034
INFO - 11/13/25 15:20:40 - 0:20:15 - Epoch 70: val_AUC=0.9508232708623857, val_AP=0.9413273570579173
INFO - 11/13/25 15:20:42 - 0:20:17 - Epoch 71: train_loss=0.9276161193847656, train_AUC=0.9822711317196265, train_AP=0.9760480019896567, time=1763018441.2786193
INFO - 11/13/25 15:20:42 - 0:20:17 - Epoch 71: val_AUC=0.9510381097759648, val_AP=0.9415649253208307
INFO - 11/13/25 15:20:44 - 0:20:19 - Epoch 72: train_loss=0.9250946640968323, train_AUC=0.9826332843364572, train_AP=0.9770278648530397, time=1763018443.1283932
INFO - 11/13/25 15:20:44 - 0:20:19 - Epoch 72: val_AUC=0.9512283083970858, val_AP=0.9417812388356008
INFO - 11/13/25 15:20:46 - 0:20:20 - Epoch 73: train_loss=0.9260261058807373, train_AUC=0.9820916458692998, train_AP=0.9761789221454272, time=1763018445.0392532
INFO - 11/13/25 15:20:46 - 0:20:21 - Epoch 73: val_AUC=0.9514258380143101, val_AP=0.9420441439810227
INFO - 11/13/25 15:20:47 - 0:20:22 - Epoch 74: train_loss=0.9192852973937988, train_AUC=0.983092407784407, train_AP=0.9774062553030638, time=1763018446.9688184
INFO - 11/13/25 15:20:48 - 0:20:23 - Epoch 74: val_AUC=0.9516158329966504, val_AP=0.9422675994041827
INFO - 11/13/25 15:20:49 - 0:20:24 - Epoch 75: train_loss=0.9199442863464355, train_AUC=0.9830445836140603, train_AP=0.9775823831975367, time=1763018448.9382732
INFO - 11/13/25 15:20:50 - 0:20:24 - Epoch 75: val_AUC=0.9518145844465586, val_AP=0.9425138111486406
INFO - 11/13/25 15:20:51 - 0:20:26 - Epoch 76: train_loss=0.9161419868469238, train_AUC=0.9832642526376485, train_AP=0.9778549871399527, time=1763018450.7866812
INFO - 11/13/25 15:20:51 - 0:20:26 - Epoch 76: val_AUC=0.95202066689257, val_AP=0.9427422018646553
INFO - 11/13/25 15:20:53 - 0:20:28 - Epoch 77: train_loss=0.9138966202735901, train_AUC=0.9835982766633429, train_AP=0.9780463926837433, time=1763018452.6293879
INFO - 11/13/25 15:20:53 - 0:20:28 - Epoch 77: val_AUC=0.9521821524456202, val_AP=0.9429790471490064
INFO - 11/13/25 15:20:55 - 0:20:30 - Epoch 78: train_loss=0.9112445116043091, train_AUC=0.9840856917902082, train_AP=0.9788119182704431, time=1763018454.5013745
INFO - 11/13/25 15:20:55 - 0:20:30 - Epoch 78: val_AUC=0.952363390960393, val_AP=0.9432320939981451
INFO - 11/13/25 15:20:57 - 0:20:32 - Epoch 79: train_loss=0.9093815684318542, train_AUC=0.9843310615809197, train_AP=0.9792134220560771, time=1763018456.3333256
INFO - 11/13/25 15:20:57 - 0:20:32 - Epoch 79: val_AUC=0.9525464622241915, val_AP=0.9434894175664621
INFO - 11/13/25 15:20:59 - 0:20:34 - Epoch 80: train_loss=0.907652735710144, train_AUC=0.9843453763201403, train_AP=0.978874019704398, time=1763018458.2436757
INFO - 11/13/25 15:20:59 - 0:20:34 - Epoch 80: val_AUC=0.9527020422526034, val_AP=0.9437484503492614
INFO - 11/13/25 15:21:01 - 0:20:36 - Epoch 81: train_loss=0.9076198935508728, train_AUC=0.9840477671889559, train_AP=0.9785753617232581, time=1763018460.2029355
INFO - 11/13/25 15:21:01 - 0:20:36 - Epoch 81: val_AUC=0.9528568077258924, val_AP=0.9439560980212615
INFO - 11/13/25 15:21:03 - 0:20:37 - Epoch 82: train_loss=0.9052003622055054, train_AUC=0.9842732231868953, train_AP=0.9789547559659698, time=1763018462.0330236
INFO - 11/13/25 15:21:03 - 0:20:38 - Epoch 82: val_AUC=0.952987340184285, val_AP=0.9441531311882473
INFO - 11/13/25 15:21:04 - 0:20:39 - Epoch 83: train_loss=0.9003549814224243, train_AUC=0.9851552781571058, train_AP=0.9802095837260385, time=1763018463.8549528
INFO - 11/13/25 15:21:04 - 0:20:39 - Epoch 83: val_AUC=0.9531290727756129, val_AP=0.9443755899097787
INFO - 11/13/25 15:21:06 - 0:20:41 - Epoch 84: train_loss=0.8990248441696167, train_AUC=0.98510152646808, train_AP=0.9801717629773772, time=1763018465.6918724
INFO - 11/13/25 15:21:06 - 0:20:41 - Epoch 84: val_AUC=0.9532708053669409, val_AP=0.9446010654215614
INFO - 11/13/25 15:21:08 - 0:20:43 - Epoch 85: train_loss=0.8960022926330566, train_AUC=0.9852368560380058, train_AP=0.9800070119460395, time=1763018467.5245643
INFO - 11/13/25 15:21:08 - 0:20:43 - Epoch 85: val_AUC=0.9534255708402299, val_AP=0.9448307073487886
INFO - 11/13/25 15:21:10 - 0:20:45 - Epoch 86: train_loss=0.89396071434021, train_AUC=0.986017555123613, train_AP=0.9813796656553297, time=1763018469.4120343
INFO - 11/13/25 15:21:10 - 0:20:45 - Epoch 86: val_AUC=0.9535738198725382, val_AP=0.9450432992193605
INFO - 11/13/25 15:21:12 - 0:20:47 - Epoch 87: train_loss=0.8942327499389648, train_AUC=0.985373146346415, train_AP=0.9803947330973904, time=1763018471.3102133
INFO - 11/13/25 15:21:12 - 0:20:47 - Epoch 87: val_AUC=0.9537088323841051, val_AP=0.9452521139057953
INFO - 11/13/25 15:21:14 - 0:20:49 - Epoch 88: train_loss=0.8898330926895142, train_AUC=0.9862152978230545, train_AP=0.9815212558862638, time=1763018473.186202
INFO - 11/13/25 15:21:14 - 0:20:49 - Epoch 88: val_AUC=0.9538420121466461, val_AP=0.9454404171911751
INFO - 11/13/25 15:21:16 - 0:20:50 - Epoch 89: train_loss=0.8901621699333191, train_AUC=0.9860375138271666, train_AP=0.9812121983459586, time=1763018475.056304
INFO - 11/13/25 15:21:16 - 0:20:51 - Epoch 89: val_AUC=0.9539951485096899, val_AP=0.9456664810814512
INFO - 11/13/25 15:21:17 - 0:20:52 - Epoch 90: train_loss=0.8853100538253784, train_AUC=0.986535581263049, train_AP=0.9818491855925898, time=1763018476.9923472
INFO - 11/13/25 15:21:18 - 0:20:53 - Epoch 90: val_AUC=0.95414075023785, val_AP=0.9458688580352421
INFO - 11/13/25 15:21:19 - 0:20:54 - Epoch 91: train_loss=0.8852927684783936, train_AUC=0.9865511411757025, train_AP=0.982000850336219, time=1763018478.8281379
INFO - 11/13/25 15:21:19 - 0:20:54 - Epoch 91: val_AUC=0.9542720972513651, val_AP=0.9460438445749237
INFO - 11/13/25 15:21:21 - 0:20:56 - Epoch 92: train_loss=0.8833158016204834, train_AUC=0.9865352686487854, train_AP=0.9815534766815267, time=1763018480.713322
INFO - 11/13/25 15:21:21 - 0:20:56 - Epoch 92: val_AUC=0.9544134225651317, val_AP=0.9462641880412239
INFO - 11/13/25 15:21:23 - 0:20:58 - Epoch 93: train_loss=0.8831643462181091, train_AUC=0.9868493485889451, train_AP=0.982533498268025, time=1763018482.7037416
INFO - 11/13/25 15:21:23 - 0:20:58 - Epoch 93: val_AUC=0.9545704280650079, val_AP=0.9464953475774004
INFO - 11/13/25 15:21:25 - 0:21:00 - Epoch 94: train_loss=0.8787859678268433, train_AUC=0.987524766763764, train_AP=0.9833857672264545, time=1763018484.6709294
INFO - 11/13/25 15:21:25 - 0:21:00 - Epoch 94: val_AUC=0.9547032005499876, val_AP=0.9467245645847672
INFO - 11/13/25 15:21:27 - 0:21:02 - Epoch 95: train_loss=0.8754973411560059, train_AUC=0.9878880280604762, train_AP=0.983673312329234, time=1763018486.4871266
INFO - 11/13/25 15:21:27 - 0:21:02 - Epoch 95: val_AUC=0.9548416749208253, val_AP=0.9469174390246016
INFO - 11/13/25 15:21:29 - 0:21:04 - Epoch 96: train_loss=0.8747930526733398, train_AUC=0.9876126346197682, train_AP=0.983165173014164, time=1763018488.2943826
INFO - 11/13/25 15:21:29 - 0:21:04 - Epoch 96: val_AUC=0.9549683382423856, val_AP=0.9471310271274095
INFO - 11/13/25 15:21:31 - 0:21:06 - Epoch 97: train_loss=0.873056173324585, train_AUC=0.9876738251193019, train_AP=0.9831937851688828, time=1763018490.1178083
INFO - 11/13/25 15:21:31 - 0:21:06 - Epoch 97: val_AUC=0.955114347248107, val_AP=0.947346339792069
INFO - 11/13/25 15:21:32 - 0:21:07 - Epoch 98: train_loss=0.8717124462127686, train_AUC=0.9882250198962864, train_AP=0.9845084536954178, time=1763018491.9493208
INFO - 11/13/25 15:21:33 - 0:21:07 - Epoch 98: val_AUC=0.9552424360411319, val_AP=0.9475436439172422
INFO - 11/13/25 15:21:34 - 0:21:09 - Epoch 99: train_loss=0.8699631094932556, train_AUC=0.9879611731055705, train_AP=0.9836841515362572, time=1763018493.821219
INFO - 11/13/25 15:21:34 - 0:21:09 - Epoch 99: val_AUC=0.9553707284729371, val_AP=0.9477638557145487
INFO - 11/13/25 15:21:36 - 0:21:11 - Epoch 100: train_loss=0.8648000955581665, train_AUC=0.988674756990896, train_AP=0.9847883060864413, time=1763018495.7414913
INFO - 11/13/25 15:21:36 - 0:21:11 - Epoch 100: val_AUC=0.9554955590454719, val_AP=0.9479840875872559
INFO - 11/13/25 15:21:38 - 0:21:13 - Epoch 101: train_loss=0.8666735887527466, train_AUC=0.9881643288750915, train_AP=0.9841119888359017, time=1763018497.7319183
INFO - 11/13/25 15:21:38 - 0:21:13 - Epoch 101: val_AUC=0.9556112258728773, val_AP=0.9481549892144645
INFO - 11/13/25 15:21:40 - 0:21:15 - Epoch 102: train_loss=0.8628474473953247, train_AUC=0.9890740911556958, train_AP=0.9853083274626481, time=1763018499.54657
INFO - 11/13/25 15:21:40 - 0:21:15 - Epoch 102: val_AUC=0.9557395183046827, val_AP=0.9483705963130682
INFO - 11/13/25 15:21:42 - 0:21:17 - Epoch 103: train_loss=0.8629321455955505, train_AUC=0.9887159611359244, train_AP=0.9846044678245228, time=1763018501.5388372
INFO - 11/13/25 15:21:42 - 0:21:17 - Epoch 103: val_AUC=0.9558445959154948, val_AP=0.9485806135878728
INFO - 11/13/25 15:21:44 - 0:21:19 - Epoch 104: train_loss=0.8589800596237183, train_AUC=0.989067369332606, train_AP=0.9852054885535692, time=1763018503.3956015
INFO - 11/13/25 15:21:44 - 0:21:19 - Epoch 104: val_AUC=0.9559586336326553, val_AP=0.9487722175623683
INFO - 11/13/25 15:21:46 - 0:21:21 - Epoch 105: train_loss=0.857812762260437, train_AUC=0.9892411289702272, train_AP=0.9855961012253696, time=1763018505.3736198
INFO - 11/13/25 15:21:46 - 0:21:21 - Epoch 105: val_AUC=0.956053529304435, val_AP=0.9489685842728759
INFO - 11/13/25 15:21:48 - 0:21:23 - Epoch 106: train_loss=0.8557898998260498, train_AUC=0.9894349508703807, train_AP=0.9857349769163275, time=1763018507.3559418
INFO - 11/13/25 15:21:48 - 0:21:23 - Epoch 106: val_AUC=0.9561502577252408, val_AP=0.9491322628981953
INFO - 11/13/25 15:21:50 - 0:21:25 - Epoch 107: train_loss=0.8540093898773193, train_AUC=0.9896341965839773, train_AP=0.9859700352659522, time=1763018509.3440971
INFO - 11/13/25 15:21:50 - 0:21:25 - Epoch 107: val_AUC=0.9562274368231047, val_AP=0.949297056244569
INFO - 11/13/25 15:21:52 - 0:21:27 - Epoch 108: train_loss=0.8508826494216919, train_AUC=0.9895969447638444, train_AP=0.9858504851848275, time=1763018511.3432655
INFO - 11/13/25 15:21:52 - 0:21:27 - Epoch 108: val_AUC=0.9563135760273168, val_AP=0.9494758337865068
INFO - 11/13/25 15:21:54 - 0:21:29 - Epoch 109: train_loss=0.8505094051361084, train_AUC=0.989719296350753, train_AP=0.9862165646358129, time=1763018513.3364718
INFO - 11/13/25 15:21:54 - 0:21:29 - Epoch 109: val_AUC=0.9563852568781034, val_AP=0.9496262724723342
INFO - 11/13/25 15:21:56 - 0:21:31 - Epoch 110: train_loss=0.8490979671478271, train_AUC=0.9897558539030397, train_AP=0.9859460468384411, time=1763018515.2880828
INFO - 11/13/25 15:21:56 - 0:21:31 - Epoch 110: val_AUC=0.9564504212879095, val_AP=0.949773650631992
INFO - 11/13/25 15:21:58 - 0:21:33 - Epoch 111: train_loss=0.8473958969116211, train_AUC=0.9898677698094067, train_AP=0.986068303891366, time=1763018517.0907795
INFO - 11/13/25 15:21:58 - 0:21:33 - Epoch 111: val_AUC=0.9564897235725736, val_AP=0.9498759291564174
INFO - 11/13/25 15:21:59 - 0:21:34 - Epoch 112: train_loss=0.8459035158157349, train_AUC=0.9899336768216047, train_AP=0.9861658939099733, time=1763018518.9479532
INFO - 11/13/25 15:22:00 - 0:21:34 - Epoch 112: val_AUC=0.9565367641309022, val_AP=0.9500059814192627
INFO - 11/13/25 15:22:01 - 0:21:36 - Epoch 113: train_loss=0.8428608775138855, train_AUC=0.9904274395150471, train_AP=0.986888121951914, time=1763018520.7854662
INFO - 11/13/25 15:22:01 - 0:21:36 - Epoch 113: val_AUC=0.9566001976110726, val_AP=0.9501565248362938
INFO - 11/13/25 15:22:03 - 0:21:38 - Epoch 114: train_loss=0.8408674001693726, train_AUC=0.9905461955976224, train_AP=0.9871042598727374, time=1763018522.6172173
INFO - 11/13/25 15:22:03 - 0:21:38 - Epoch 114: val_AUC=0.9566481545439143, val_AP=0.950284439726372
INFO - 11/13/25 15:22:05 - 0:21:40 - Epoch 115: train_loss=0.8389482498168945, train_AUC=0.9906646478719697, train_AP=0.987272852560794, time=1763018524.4352262
INFO - 11/13/25 15:22:05 - 0:21:40 - Epoch 115: val_AUC=0.9566841986080882, val_AP=0.9504024230269443
INFO - 11/13/25 15:22:07 - 0:21:42 - Epoch 116: train_loss=0.8385544419288635, train_AUC=0.9908582011880376, train_AP=0.9876796995725113, time=1763018526.3194194
INFO - 11/13/25 15:22:07 - 0:21:42 - Epoch 116: val_AUC=0.9567000824329783, val_AP=0.9505079091484021
INFO - 11/13/25 15:22:09 - 0:21:44 - Epoch 117: train_loss=0.8352352380752563, train_AUC=0.9910053273232454, train_AP=0.9878543559051199, time=1763018528.1665483
INFO - 11/13/25 15:22:09 - 0:21:44 - Epoch 117: val_AUC=0.956732868276662, val_AP=0.9506185382574116
INFO - 11/13/25 15:22:11 - 0:21:46 - Epoch 118: train_loss=0.8346350193023682, train_AUC=0.9909943252384947, train_AP=0.9878047839568523, time=1763018530.1543267
INFO - 11/13/25 15:22:11 - 0:21:46 - Epoch 118: val_AUC=0.9567581194854619, val_AP=0.9507440127154658
INFO - 11/13/25 15:22:13 - 0:21:48 - Epoch 119: train_loss=0.8323780298233032, train_AUC=0.9913237463493839, train_AP=0.9883069409059325, time=1763018532.1414177
INFO - 11/13/25 15:22:13 - 0:21:48 - Epoch 119: val_AUC=0.9567742069491325, val_AP=0.9508443222641353
INFO - 11/13/25 15:22:15 - 0:21:49 - Epoch 120: train_loss=0.8310974836349487, train_AUC=0.9915303137532151, train_AP=0.9886458939681473, time=1763018534.0390532
INFO - 11/13/25 15:22:15 - 0:21:50 - Epoch 120: val_AUC=0.9567964035762228, val_AP=0.9509474136164969
INFO - 11/13/25 15:22:16 - 0:21:51 - Epoch 121: train_loss=0.8298017382621765, train_AUC=0.9912886382705562, train_AP=0.9880054352432337, time=1763018535.9975965
INFO - 11/13/25 15:22:17 - 0:21:52 - Epoch 121: val_AUC=0.9567919235230486, val_AP=0.9509902424551651
INFO - 11/13/25 15:22:18 - 0:21:53 - Epoch 122: train_loss=0.8275784254074097, train_AUC=0.9915789898194451, train_AP=0.9884396853517949, time=1763018537.8543794
INFO - 11/13/25 15:22:18 - 0:21:53 - Epoch 122: val_AUC=0.9567892762189003, val_AP=0.9510628869455846
INFO - 11/13/25 15:22:20 - 0:21:55 - Epoch 123: train_loss=0.8268977403640747, train_AUC=0.9918421245541229, train_AP=0.9891006322053315, time=1763018539.873434
INFO - 11/13/25 15:22:20 - 0:21:55 - Epoch 123: val_AUC=0.9567843888881646, val_AP=0.9511314829221211
INFO - 11/13/25 15:22:22 - 0:21:57 - Epoch 124: train_loss=0.8242650032043457, train_AUC=0.9919357541992165, train_AP=0.9889944726294082, time=1763018541.854311
INFO - 11/13/25 15:22:22 - 0:21:57 - Epoch 124: val_AUC=0.9567856107208488, val_AP=0.9512380373762133
INFO - 11/13/25 15:22:24 - 0:21:59 - Epoch 125: train_loss=0.8229568004608154, train_AUC=0.9917694853277131, train_AP=0.9884315217611458, time=1763018543.7854238
INFO - 11/13/25 15:22:24 - 0:21:59 - Epoch 125: val_AUC=0.9567522139608231, val_AP=0.951295725681822
INFO - 11/13/25 15:22:26 - 0:22:01 - Epoch 126: train_loss=0.8229529857635498, train_AUC=0.9919222240777674, train_AP=0.9891386853075892, time=1763018545.8510172
INFO - 11/13/25 15:22:26 - 0:22:01 - Epoch 126: val_AUC=0.9567294064173911, val_AP=0.9513486421807901
INFO - 11/13/25 15:22:29 - 0:22:03 - Epoch 127: train_loss=0.8197345733642578, train_AUC=0.9923938015496165, train_AP=0.9898057532318425, time=1763018548.0090652
INFO - 11/13/25 15:22:29 - 0:22:04 - Epoch 127: val_AUC=0.9567243154478752, val_AP=0.9514527984799138
INFO - 11/13/25 15:22:31 - 0:22:06 - Epoch 128: train_loss=0.8189769387245178, train_AUC=0.992136253187799, train_AP=0.9892202360567821, time=1763018550.0932894
INFO - 11/13/25 15:22:31 - 0:22:06 - Epoch 128: val_AUC=0.9567100607332298, val_AP=0.9515339742991729
INFO - 11/13/25 15:22:33 - 0:22:08 - Epoch 129: train_loss=0.8175970315933228, train_AUC=0.992250265282879, train_AP=0.9893370088532493, time=1763018552.288935
INFO - 11/13/25 15:22:33 - 0:22:08 - Epoch 129: val_AUC=0.9566868459122366, val_AP=0.9515901725208677
INFO - 11/13/25 15:22:35 - 0:22:10 - Epoch 130: train_loss=0.8170818090438843, train_AUC=0.9925505098843959, train_AP=0.9900026013942753, time=1763018554.5462306
INFO - 11/13/25 15:22:35 - 0:22:10 - Epoch 130: val_AUC=0.9566638347300238, val_AP=0.9516400051315239
INFO - 11/13/25 15:22:37 - 0:22:12 - Epoch 131: train_loss=0.8139119744300842, train_AUC=0.9926481522637891, train_AP=0.9898780927040977, time=1763018556.7839704
INFO - 11/13/25 15:22:37 - 0:22:12 - Epoch 131: val_AUC=0.9566119068409596, val_AP=0.951684982886243
INFO - 11/13/25 15:22:39 - 0:22:14 - Epoch 132: train_loss=0.8135083913803101, train_AUC=0.9925155301975671, train_AP=0.9899280940670668, time=1763018558.9573338
INFO - 11/13/25 15:22:40 - 0:22:15 - Epoch 132: val_AUC=0.9565724009175149, val_AP=0.9517134300721419
INFO - 11/13/25 15:22:42 - 0:22:17 - Epoch 133: train_loss=0.8113701343536377, train_AUC=0.9928680905759458, train_AP=0.9904279376164298, time=1763018561.0871964
INFO - 11/13/25 15:22:42 - 0:22:17 - Epoch 133: val_AUC=0.9565603862294569, val_AP=0.9517755576677749
INFO - 11/13/25 15:22:44 - 0:22:19 - Epoch 134: train_loss=0.810448408126831, train_AUC=0.9929559387064304, train_AP=0.9904034130968937, time=1763018563.3448753
INFO - 11/13/25 15:22:44 - 0:22:19 - Epoch 134: val_AUC=0.9565214912223541, val_AP=0.9518106795822594
INFO - 11/13/25 15:22:46 - 0:22:21 - Epoch 135: train_loss=0.8079339265823364, train_AUC=0.9930985512200342, train_AP=0.9905578454703121, time=1763018565.4889455
INFO - 11/13/25 15:22:46 - 0:22:21 - Epoch 135: val_AUC=0.9564950181808702, val_AP=0.9518699465443642
INFO - 11/13/25 15:22:48 - 0:22:23 - Epoch 136: train_loss=0.8085176348686218, train_AUC=0.9927890250570008, train_AP=0.990171387995612, time=1763018567.5853536
INFO - 11/13/25 15:22:48 - 0:22:23 - Epoch 136: val_AUC=0.9564421739172934, val_AP=0.9519045403082496
INFO - 11/13/25 15:22:50 - 0:22:25 - Epoch 137: train_loss=0.8073710203170776, train_AUC=0.9928977436679645, train_AP=0.9902549771595819, time=1763018569.9264238
INFO - 11/13/25 15:22:51 - 0:22:26 - Epoch 137: val_AUC=0.9564202827483741, val_AP=0.9519715604322329
INFO - 11/13/25 15:22:53 - 0:22:28 - Epoch 138: train_loss=0.8040229678153992, train_AUC=0.9933944944254046, train_AP=0.9910680611302529, time=1763018572.4096782
INFO - 11/13/25 15:22:53 - 0:22:28 - Epoch 138: val_AUC=0.9563669293878456, val_AP=0.9520055738020445
INFO - 11/13/25 15:22:55 - 0:22:30 - Epoch 139: train_loss=0.8039524555206299, train_AUC=0.9930978182056314, train_AP=0.9903139095678285, time=1763018574.7736614
INFO - 11/13/25 15:22:55 - 0:22:30 - Epoch 139: val_AUC=0.9563344490023329, val_AP=0.9520617840656351
INFO - 11/13/25 15:22:58 - 0:22:33 - Epoch 140: train_loss=0.8018063902854919, train_AUC=0.9935362582132978, train_AP=0.991303248695065, time=1763018577.2418096
INFO - 11/13/25 15:22:58 - 0:22:33 - Epoch 140: val_AUC=0.9562934157880331, val_AP=0.9520934125604336
INFO - 11/13/25 15:23:00 - 0:22:35 - Epoch 141: train_loss=0.8001608848571777, train_AUC=0.9937265594604208, train_AP=0.9916184015377113, time=1763018579.6675656
INFO - 11/13/25 15:23:00 - 0:22:35 - Epoch 141: val_AUC=0.956252891670685, val_AP=0.9521078544707607
INFO - 11/13/25 15:23:02 - 0:22:37 - Epoch 142: train_loss=0.7984552383422852, train_AUC=0.9937097804401994, train_AP=0.9913805232628864, time=1763018582.002495
INFO - 11/13/25 15:23:03 - 0:22:38 - Epoch 142: val_AUC=0.9562243822413949, val_AP=0.9521662505253181
INFO - 11/13/25 15:23:05 - 0:22:40 - Epoch 143: train_loss=0.7979017496109009, train_AUC=0.9935384310145203, train_AP=0.9910869117965169, time=1763018584.4067452
INFO - 11/13/25 15:23:05 - 0:22:40 - Epoch 143: val_AUC=0.95616899249306, val_AP=0.952182433458294
INFO - 11/13/25 15:23:07 - 0:22:42 - Epoch 144: train_loss=0.7978198528289795, train_AUC=0.9935058273722155, train_AP=0.9908864521868428, time=1763018586.874292
INFO - 11/13/25 15:23:07 - 0:22:42 - Epoch 144: val_AUC=0.9560978207392252, val_AP=0.9521927549146931
INFO - 11/13/25 15:23:09 - 0:22:44 - Epoch 145: train_loss=0.7950942516326904, train_AUC=0.9939395459358379, train_AP=0.9919090576784411, time=1763018588.759594
INFO - 11/13/25 15:23:09 - 0:22:44 - Epoch 145: val_AUC=0.9560508820002867, val_AP=0.9522124561785454
INFO - 11/13/25 15:23:11 - 0:22:46 - Epoch 146: train_loss=0.7933855056762695, train_AUC=0.9939710012711012, train_AP=0.9918014806524764, time=1763018590.7087831
INFO - 11/13/25 15:23:11 - 0:22:46 - Epoch 146: val_AUC=0.9560099506053773, val_AP=0.9522551152856829
INFO - 11/13/25 15:23:13 - 0:22:48 - Epoch 147: train_loss=0.7937058210372925, train_AUC=0.9936781630738811, train_AP=0.9910823143737787, time=1763018592.6728818
INFO - 11/13/25 15:23:13 - 0:22:48 - Epoch 147: val_AUC=0.9559632155052197, val_AP=0.952257628571398
INFO - 11/13/25 15:23:15 - 0:22:50 - Epoch 148: train_loss=0.7910702228546143, train_AUC=0.9941835167997349, train_AP=0.992219287557713, time=1763018594.551599
INFO - 11/13/25 15:23:15 - 0:22:50 - Epoch 148: val_AUC=0.9558987638311459, val_AP=0.9522571758258134
INFO - 11/13/25 15:23:17 - 0:22:52 - Epoch 149: train_loss=0.7914047241210938, train_AUC=0.9940479839865074, train_AP=0.9919022210475336, time=1763018596.4886339
INFO - 11/13/25 15:23:17 - 0:22:52 - Epoch 149: val_AUC=0.9558671998201462, val_AP=0.952308647921129
INFO - 11/13/25 15:23:19 - 0:22:54 - Epoch 150: train_loss=0.7906006574630737, train_AUC=0.994209515915344, train_AP=0.9921000415213349, time=1763018598.4103515
INFO - 11/13/25 15:23:19 - 0:22:54 - Epoch 150: val_AUC=0.9558077372961983, val_AP=0.952320846008005
INFO - 11/13/25 15:23:21 - 0:22:56 - Epoch 151: train_loss=0.790723979473114, train_AUC=0.9941144105548055, train_AP=0.9920283181443268, time=1763018600.3783393
INFO - 11/13/25 15:23:21 - 0:22:56 - Epoch 151: val_AUC=0.9557578457949407, val_AP=0.9523309478403653
INFO - 11/13/25 15:23:23 - 0:22:58 - Epoch 152: train_loss=0.7875113487243652, train_AUC=0.9941406122092332, train_AP=0.9918576918297759, time=1763018602.2322357
INFO - 11/13/25 15:23:23 - 0:22:58 - Epoch 152: val_AUC=0.9557018451302637, val_AP=0.9523247886485143
INFO - 11/13/25 15:23:25 - 0:23:00 - Epoch 153: train_loss=0.7848438620567322, train_AUC=0.9944822506377852, train_AP=0.9924803050306645, time=1763018604.220853
INFO - 11/13/25 15:23:25 - 0:23:00 - Epoch 153: val_AUC=0.9556305715570385, val_AP=0.9523271366685879
INFO - 11/13/25 15:23:27 - 0:23:02 - Epoch 154: train_loss=0.7855004668235779, train_AUC=0.9941904763857856, train_AP=0.9919612084109095, time=1763018606.1573482
INFO - 11/13/25 15:23:27 - 0:23:02 - Epoch 154: val_AUC=0.9555371013567231, val_AP=0.9523072037863137
INFO - 11/13/25 15:23:29 - 0:23:04 - Epoch 155: train_loss=0.7844340801239014, train_AUC=0.9944278835829921, train_AP=0.9923449543774321, time=1763018608.134604
INFO - 11/13/25 15:23:29 - 0:23:04 - Epoch 155: val_AUC=0.9554450566278723, val_AP=0.9522623784507843
INFO - 11/13/25 15:23:31 - 0:23:06 - Epoch 156: train_loss=0.7830667495727539, train_AUC=0.9944251244759197, train_AP=0.9922593619571463, time=1763018610.1327295
INFO - 11/13/25 15:23:31 - 0:23:06 - Epoch 156: val_AUC=0.9553511791499956, val_AP=0.952233318867762
INFO - 11/13/25 15:23:33 - 0:23:07 - Epoch 157: train_loss=0.7803201675415039, train_AUC=0.9947989760871583, train_AP=0.9928742693591934, time=1763018612.0521023
INFO - 11/13/25 15:23:33 - 0:23:08 - Epoch 157: val_AUC=0.9552715563867639, val_AP=0.9522175632720978
INFO - 11/13/25 15:23:34 - 0:23:09 - Epoch 158: train_loss=0.7797855138778687, train_AUC=0.9947786795840792, train_AP=0.992882097798907, time=1763018613.8990374
INFO - 11/13/25 15:23:35 - 0:23:09 - Epoch 158: val_AUC=0.9551994682584161, val_AP=0.9522209388417955
INFO - 11/13/25 15:23:36 - 0:23:11 - Epoch 159: train_loss=0.7777694463729858, train_AUC=0.9947129611971637, train_AP=0.9927595369502186, time=1763018615.7517107
INFO - 11/13/25 15:23:36 - 0:23:11 - Epoch 159: val_AUC=0.9551151618032294, val_AP=0.952190288529099
INFO - 11/13/25 15:23:38 - 0:23:13 - Epoch 160: train_loss=0.7784535884857178, train_AUC=0.994713990974966, train_AP=0.9927364054635952, time=1763018617.610102
INFO - 11/13/25 15:23:38 - 0:23:13 - Epoch 160: val_AUC=0.9550375754278043, val_AP=0.9521781540706437
INFO - 11/13/25 15:23:40 - 0:23:15 - Epoch 161: train_loss=0.7771873474121094, train_AUC=0.9946356329329207, train_AP=0.9924080536110848, time=1763018619.4756343
INFO - 11/13/25 15:23:40 - 0:23:15 - Epoch 161: val_AUC=0.9549343305660182, val_AP=0.9521316658955563
INFO - 11/13/25 15:23:42 - 0:23:17 - Epoch 162: train_loss=0.774551510810852, train_AUC=0.9947385888741914, train_AP=0.9924027031243584, time=1763018621.400929
INFO - 11/13/25 15:23:42 - 0:23:17 - Epoch 162: val_AUC=0.9548386203391156, val_AP=0.9520806611591519
INFO - 11/13/25 15:23:44 - 0:23:19 - Epoch 163: train_loss=0.7744380235671997, train_AUC=0.9948993013133556, train_AP=0.9929379951046166, time=1763018623.3606205
INFO - 11/13/25 15:23:44 - 0:23:19 - Epoch 163: val_AUC=0.954758997575884, val_AP=0.9520535135126705
INFO - 11/13/25 15:23:46 - 0:23:21 - Epoch 164: train_loss=0.7717851400375366, train_AUC=0.99516667069443, train_AP=0.9932684335714599, time=1763018625.3515275
INFO - 11/13/25 15:23:46 - 0:23:21 - Epoch 164: val_AUC=0.9546649164592267, val_AP=0.9520005604278503
INFO - 11/13/25 15:23:48 - 0:23:23 - Epoch 165: train_loss=0.7712339162826538, train_AUC=0.995058198652463, train_AP=0.9932945564020166, time=1763018627.3247418
INFO - 11/13/25 15:23:48 - 0:23:23 - Epoch 165: val_AUC=0.9545854973347756, val_AP=0.9519738460032533
INFO - 11/13/25 15:23:50 - 0:23:25 - Epoch 166: train_loss=0.769788920879364, train_AUC=0.9952864516234278, train_AP=0.9936188469326362, time=1763018629.1998355
INFO - 11/13/25 15:23:50 - 0:23:25 - Epoch 166: val_AUC=0.9544952853549507, val_AP=0.9519443085165136
INFO - 11/13/25 15:23:52 - 0:23:27 - Epoch 167: train_loss=0.769133448600769, train_AUC=0.9952807803603844, train_AP=0.9933400969471444, time=1763018631.1179235
INFO - 11/13/25 15:23:52 - 0:23:27 - Epoch 167: val_AUC=0.9543763603070546, val_AP=0.9518749266713564
INFO - 11/13/25 15:23:53 - 0:23:28 - Epoch 168: train_loss=0.7675671577453613, train_AUC=0.9954456587588674, train_AP=0.9937823942218563, time=1763018632.9862237
INFO - 11/13/25 15:23:54 - 0:23:29 - Epoch 168: val_AUC=0.9542924611294296, val_AP=0.9518695382037505
INFO - 11/13/25 15:23:55 - 0:23:30 - Epoch 169: train_loss=0.7662268877029419, train_AUC=0.9955646147384507, train_AP=0.9940970572186065, time=1763018634.8923104
INFO - 11/13/25 15:23:56 - 0:23:30 - Epoch 169: val_AUC=0.9541926781269141, val_AP=0.9518082682219913
INFO - 11/13/25 15:23:57 - 0:23:32 - Epoch 170: train_loss=0.7640891075134277, train_AUC=0.9954654645896431, train_AP=0.9937374026552785, time=1763018636.7511034
INFO - 11/13/25 15:23:57 - 0:23:32 - Epoch 170: val_AUC=0.9540924878468375, val_AP=0.9517918933114182
INFO - 11/13/25 15:23:59 - 0:23:34 - Epoch 171: train_loss=0.7647379636764526, train_AUC=0.9953462972652054, train_AP=0.9935535555352069, time=1763018638.609547
INFO - 11/13/25 15:23:59 - 0:23:34 - Epoch 171: val_AUC=0.9539943339545673, val_AP=0.9517578576160999
INFO - 11/13/25 15:24:01 - 0:23:36 - Epoch 172: train_loss=0.7611541748046875, train_AUC=0.9956506653809498, train_AP=0.9941035193858982, time=1763018640.5753484
INFO - 11/13/25 15:24:01 - 0:23:36 - Epoch 172: val_AUC=0.9538725579637424, val_AP=0.9516894001272579
INFO - 11/13/25 15:24:03 - 0:23:38 - Epoch 173: train_loss=0.759811520576477, train_AUC=0.995920198757211, train_AP=0.9943991050544156, time=1763018642.436193
INFO - 11/13/25 15:24:03 - 0:23:38 - Epoch 173: val_AUC=0.9537619821058531, val_AP=0.9516372519212483
INFO - 11/13/25 15:24:05 - 0:23:40 - Epoch 174: train_loss=0.7591928243637085, train_AUC=0.9957665086030713, train_AP=0.9941197224040266, time=1763018644.3808362
INFO - 11/13/25 15:24:05 - 0:23:40 - Epoch 174: val_AUC=0.953633486035267, val_AP=0.9515717606184493
INFO - 11/13/25 15:24:07 - 0:23:42 - Epoch 175: train_loss=0.7585151195526123, train_AUC=0.9958143940634256, train_AP=0.9940671179996172, time=1763018646.3222163
INFO - 11/13/25 15:24:07 - 0:23:42 - Epoch 175: val_AUC=0.953498677162481, val_AP=0.9514807026400224
INFO - 11/13/25 15:24:09 - 0:23:44 - Epoch 176: train_loss=0.7563039660453796, train_AUC=0.9957946433584327, train_AP=0.9941226209752755, time=1763018648.3138292
INFO - 11/13/25 15:24:09 - 0:23:44 - Epoch 176: val_AUC=0.9533650901223787, val_AP=0.9513913182165195
INFO - 11/13/25 15:24:11 - 0:23:46 - Epoch 177: train_loss=0.7558451294898987, train_AUC=0.9959360105224827, train_AP=0.9944962848800161, time=1763018650.2473073
INFO - 11/13/25 15:24:11 - 0:23:46 - Epoch 177: val_AUC=0.9532429068539926, val_AP=0.9513439237327127
INFO - 11/13/25 15:24:13 - 0:23:48 - Epoch 178: train_loss=0.7540123462677002, train_AUC=0.9959463311961991, train_AP=0.9944615325352762, time=1763018652.1247685
INFO - 11/13/25 15:24:13 - 0:23:48 - Epoch 178: val_AUC=0.9531186871977998, val_AP=0.951277617338796
INFO - 11/13/25 15:24:15 - 0:23:50 - Epoch 179: train_loss=0.7542895674705505, train_AUC=0.9957608334653723, train_AP=0.9940691706374871, time=1763018654.0829017
INFO - 11/13/25 15:24:15 - 0:23:50 - Epoch 179: val_AUC=0.9530339734650523, val_AP=0.951252384579595
INFO - 11/13/25 15:24:17 - 0:23:51 - Epoch 180: train_loss=0.7529773712158203, train_AUC=0.9958081701335884, train_AP=0.9941311600302227, time=1763018656.0163019
INFO - 11/13/25 15:24:17 - 0:23:52 - Epoch 180: val_AUC=0.952946816066937, val_AP=0.9512064500309332
INFO - 11/13/25 15:24:18 - 0:23:53 - Epoch 181: train_loss=0.751487135887146, train_AUC=0.9959595686050251, train_AP=0.9944283695053975, time=1763018657.9954195
INFO - 11/13/25 15:24:19 - 0:23:54 - Epoch 181: val_AUC=0.9528686187751698, val_AP=0.9512048471878293
INFO - 11/13/25 15:24:20 - 0:23:55 - Epoch 182: train_loss=0.7503707408905029, train_AUC=0.9959897842265976, train_AP=0.9945661319430743, time=1763018659.8746662
INFO - 11/13/25 15:24:20 - 0:23:55 - Epoch 182: val_AUC=0.9528111926390284, val_AP=0.9511979635635774
INFO - 11/13/25 15:24:22 - 0:23:57 - Epoch 183: train_loss=0.7487573623657227, train_AUC=0.9961025280764313, train_AP=0.9944215632389266, time=1763018661.7539673
INFO - 11/13/25 15:24:22 - 0:23:57 - Epoch 183: val_AUC=0.9527555992519126, val_AP=0.951194915289352
INFO - 11/13/25 15:24:24 - 0:23:59 - Epoch 184: train_loss=0.7472645044326782, train_AUC=0.9962284043671467, train_AP=0.9948313139771138, time=1763018663.6468937
INFO - 11/13/25 15:24:24 - 0:23:59 - Epoch 184: val_AUC=0.9527012276974809, val_AP=0.9511953411543257
INFO - 11/13/25 15:24:26 - 0:24:01 - Epoch 185: train_loss=0.747525691986084, train_AUC=0.9961791596071379, train_AP=0.9947348308759681, time=1763018665.4676445
INFO - 11/13/25 15:24:26 - 0:24:01 - Epoch 185: val_AUC=0.9526515398350037, val_AP=0.9512202627621443
INFO - 11/13/25 15:24:28 - 0:24:03 - Epoch 186: train_loss=0.7455956935882568, train_AUC=0.9962214757783412, train_AP=0.9946959222302502, time=1763018667.3951035
INFO - 11/13/25 15:24:28 - 0:24:03 - Epoch 186: val_AUC=0.9526087756910686, val_AP=0.9512366894840321
INFO - 11/13/25 15:24:30 - 0:24:05 - Epoch 187: train_loss=0.7453740835189819, train_AUC=0.9961268841619192, train_AP=0.9944681462094955, time=1763018669.301568
INFO - 11/13/25 15:24:30 - 0:24:05 - Epoch 187: val_AUC=0.9525745643759204, val_AP=0.9513059367484156
INFO - 11/13/25 15:24:32 - 0:24:07 - Epoch 188: train_loss=0.742911696434021, train_AUC=0.9963918250144974, train_AP=0.9949174052080167, time=1763018671.166914
INFO - 11/13/25 15:24:32 - 0:24:07 - Epoch 188: val_AUC=0.9525248765134435, val_AP=0.9513233556855403
INFO - 11/13/25 15:24:34 - 0:24:09 - Epoch 189: train_loss=0.7441141605377197, train_AUC=0.9961577595316783, train_AP=0.9946515876499404, time=1763018673.1261578
INFO - 11/13/25 15:24:34 - 0:24:09 - Epoch 189: val_AUC=0.9524886288104888, val_AP=0.9513437262432389
INFO - 11/13/25 15:24:36 - 0:24:11 - Epoch 190: train_loss=0.7408604621887207, train_AUC=0.9964907305316362, train_AP=0.9949522635272081, time=1763018675.1287117
INFO - 11/13/25 15:24:36 - 0:24:11 - Epoch 190: val_AUC=0.9524384318510604, val_AP=0.951363234952018
INFO - 11/13/25 15:24:38 - 0:24:13 - Epoch 191: train_loss=0.7399808168411255, train_AUC=0.9964498898997572, train_AP=0.9949945094310196, time=1763018677.0851429
INFO - 11/13/25 15:24:38 - 0:24:13 - Epoch 191: val_AUC=0.9523809038955284, val_AP=0.9514341199765629
INFO - 11/13/25 15:24:40 - 0:24:14 - Epoch 192: train_loss=0.7401766777038574, train_AUC=0.996410039770762, train_AP=0.9950649663147486, time=1763018679.0505307
INFO - 11/13/25 15:24:40 - 0:24:15 - Epoch 192: val_AUC=0.9521913161907491, val_AP=0.9513574396841068
INFO - 11/13/25 15:24:41 - 0:24:16 - Epoch 193: train_loss=0.7401524186134338, train_AUC=0.9963626645321099, train_AP=0.99485138047446, time=1763018680.9061475
INFO - 11/13/25 15:24:42 - 0:24:16 - Epoch 193: val_AUC=0.9521933525785558, val_AP=0.9514480634426838
INFO - 11/13/25 15:24:43 - 0:24:18 - Epoch 194: train_loss=0.7401161193847656, train_AUC=0.996555059326135, train_AP=0.9954850935718416, time=1763018682.8471894
INFO - 11/13/25 15:24:43 - 0:24:18 - Epoch 194: val_AUC=0.9521402028568077, val_AP=0.9513635747775141
INFO - 11/13/25 15:24:45 - 0:24:20 - Epoch 195: train_loss=0.7393958568572998, train_AUC=0.9964100633709373, train_AP=0.995080126583731, time=1763018684.83051
INFO - 11/13/25 15:24:45 - 0:24:20 - Epoch 195: val_AUC=0.9521501811570593, val_AP=0.9513789280721492
INFO - 11/13/25 15:24:47 - 0:24:22 - Epoch 196: train_loss=0.739844024181366, train_AUC=0.9963391052167225, train_AP=0.9948381891999982, time=1763018686.6810899
INFO - 11/13/25 15:24:47 - 0:24:22 - Epoch 196: val_AUC=0.9521597521797496, val_AP=0.9514520153908169
INFO - 11/13/25 15:24:49 - 0:24:24 - Epoch 197: train_loss=0.7388241291046143, train_AUC=0.9963165464430994, train_AP=0.9948319001975621, time=1763018688.6545155
INFO - 11/13/25 15:24:49 - 0:24:24 - Epoch 197: val_AUC=0.9520695401999244, val_AP=0.9513778793678539
INFO - 11/13/25 15:24:51 - 0:24:26 - Epoch 198: train_loss=0.7368811368942261, train_AUC=0.9967785742977087, train_AP=0.9956710781822858, time=1763018690.6360176
INFO - 11/13/25 15:24:51 - 0:24:26 - Epoch 198: val_AUC=0.9519677208096027, val_AP=0.9512817392139552
INFO - 11/13/25 15:24:53 - 0:24:28 - Epoch 199: train_loss=0.7370336055755615, train_AUC=0.9966736893062806, train_AP=0.9956193283375036, time=1763018692.6006994
INFO - 11/13/25 15:24:53 - 0:24:28 - Epoch 199: val_AUC=0.9518471666514617, val_AP=0.9512279540698788
INFO - 11/13/25 15:24:55 - 0:24:30 - Epoch 200: train_loss=0.7367721796035767, train_AUC=0.9963857317662284, train_AP=0.9950325995032215, time=1763018694.6016362
INFO - 11/13/25 15:24:55 - 0:24:30 - Epoch 200: val_AUC=0.9517068595315983, val_AP=0.9511751399136749
INFO - 11/13/25 15:24:57 - 0:24:32 - Epoch 201: train_loss=0.737114429473877, train_AUC=0.9964356019308849, train_AP=0.9949253864622342, time=1763018696.5008647
INFO - 11/13/25 15:24:57 - 0:24:32 - Epoch 201: val_AUC=0.9515795852936959, val_AP=0.95113919275991
INFO - 11/13/25 15:24:59 - 0:24:34 - Epoch 202: train_loss=0.7351645231246948, train_AUC=0.9966731542515579, train_AP=0.9953866930531415, time=1763018698.3556266
INFO - 11/13/25 15:24:59 - 0:24:34 - Epoch 202: val_AUC=0.9514596420518969, val_AP=0.9510658617739746
INFO - 11/13/25 15:25:01 - 0:24:36 - Epoch 203: train_loss=0.734343409538269, train_AUC=0.9966381210240326, train_AP=0.9954330711363083, time=1763018700.2822845
INFO - 11/13/25 15:25:01 - 0:24:36 - Epoch 203: val_AUC=0.9513676991424364, val_AP=0.9510707869857382
INFO - 11/13/25 15:25:03 - 0:24:38 - Epoch 204: train_loss=0.7341217994689941, train_AUC=0.996779591923182, train_AP=0.9954795224507624, time=1763018702.0934658
INFO - 11/13/25 15:25:03 - 0:24:38 - Epoch 204: val_AUC=0.9512433776668534, val_AP=0.9509946138747655
INFO - 11/13/25 15:25:05 - 0:24:40 - Epoch 205: train_loss=0.7317535281181335, train_AUC=0.9969676462222625, train_AP=0.9959700070344211, time=1763018704.0987277
INFO - 11/13/25 15:25:05 - 0:24:40 - Epoch 205: val_AUC=0.9510918704140546, val_AP=0.950865124073742
INFO - 11/13/25 15:25:07 - 0:24:42 - Epoch 206: train_loss=0.7323495149612427, train_AUC=0.9968355032043769, train_AP=0.995685443346087, time=1763018706.2809577
INFO - 11/13/25 15:25:07 - 0:24:42 - Epoch 206: val_AUC=0.9509515632941913, val_AP=0.950783340705434
INFO - 11/13/25 15:25:09 - 0:24:44 - Epoch 207: train_loss=0.7315540909767151, train_AUC=0.9966732810584705, train_AP=0.9953914095647516, time=1763018708.338803
INFO - 11/13/25 15:25:09 - 0:24:44 - Epoch 207: val_AUC=0.9508251036114117, val_AP=0.9507049348179678
INFO - 11/13/25 15:25:11 - 0:24:46 - Epoch 208: train_loss=0.7302364110946655, train_AUC=0.9967796681834501, train_AP=0.9956463839168758, time=1763018710.5252986
INFO - 11/13/25 15:25:11 - 0:24:46 - Epoch 208: val_AUC=0.9506937565978965, val_AP=0.9506170856876486
INFO - 11/13/25 15:25:13 - 0:24:48 - Epoch 209: train_loss=0.7292165160179138, train_AUC=0.996863340491856, train_AP=0.9958114317500564, time=1763018712.7242389
INFO - 11/13/25 15:25:13 - 0:24:48 - Epoch 209: val_AUC=0.9505656678048717, val_AP=0.950508322801779
INFO - 11/13/25 15:25:15 - 0:24:50 - Epoch 210: train_loss=0.72942054271698, train_AUC=0.9967331039806764, train_AP=0.9955052829808508, time=1763018714.9318705
INFO - 11/13/25 15:25:16 - 0:24:50 - Epoch 210: val_AUC=0.9504249534074469, val_AP=0.9503777867953147
INFO - 11/13/25 15:25:18 - 0:24:53 - Epoch 211: train_loss=0.7279056310653687, train_AUC=0.9969761554944573, train_AP=0.9957569421958441, time=1763018717.1568253
INFO - 11/13/25 15:25:18 - 0:24:53 - Epoch 211: val_AUC=0.9503062319983319, val_AP=0.9502598179926496
INFO - 11/13/25 15:25:20 - 0:24:55 - Epoch 212: train_loss=0.7257716655731201, train_AUC=0.9970681863157285, train_AP=0.9957324103174126, time=1763018719.2918723
INFO - 11/13/25 15:25:20 - 0:24:55 - Epoch 212: val_AUC=0.950211336326552, val_AP=0.9501965533554554
INFO - 11/13/25 15:25:22 - 0:24:57 - Epoch 213: train_loss=0.7254786491394043, train_AUC=0.9970660540222697, train_AP=0.9958351290888073, time=1763018721.395131
INFO - 11/13/25 15:25:22 - 0:24:57 - Epoch 213: val_AUC=0.9501388409206428, val_AP=0.9501378971351381
INFO - 11/13/25 15:25:24 - 0:24:59 - Epoch 214: train_loss=0.7244765758514404, train_AUC=0.9970842930831924, train_AP=0.995934144241952, time=1763018723.5561635
INFO - 11/13/25 15:25:24 - 0:24:59 - Epoch 214: val_AUC=0.9500252104810436, val_AP=0.9500453484088374
INFO - 11/13/25 15:25:26 - 0:25:01 - Epoch 215: train_loss=0.7238389253616333, train_AUC=0.9970689041837502, train_AP=0.9958886344807367, time=1763018725.6602888
INFO - 11/13/25 15:25:26 - 0:25:01 - Epoch 215: val_AUC=0.9499138200680316, val_AP=0.9499675988489862
INFO - 11/13/25 15:25:28 - 0:25:03 - Epoch 216: train_loss=0.7217001914978027, train_AUC=0.9972874514945242, train_AP=0.9963430126606381, time=1763018727.8384328
INFO - 11/13/25 15:25:28 - 0:25:03 - Epoch 216: val_AUC=0.9498089460960004, val_AP=0.9498940407458136
INFO - 11/13/25 15:25:31 - 0:25:05 - Epoch 217: train_loss=0.7221157550811768, train_AUC=0.9971138109145044, train_AP=0.9960960805645682, time=1763018730.0710878
INFO - 11/13/25 15:25:31 - 0:25:06 - Epoch 217: val_AUC=0.9497093667322656, val_AP=0.9498268297893995
INFO - 11/13/25 15:25:33 - 0:25:08 - Epoch 218: train_loss=0.7198108434677124, train_AUC=0.9971506750929503, train_AP=0.9958438503155649, time=1763018732.136126
INFO - 11/13/25 15:25:33 - 0:25:08 - Epoch 218: val_AUC=0.9496165074482921, val_AP=0.9497551539052127
INFO - 11/13/25 15:25:35 - 0:25:10 - Epoch 219: train_loss=0.7202432155609131, train_AUC=0.9972241195432547, train_AP=0.9962662674478346, time=1763018734.2381778
INFO - 11/13/25 15:25:35 - 0:25:10 - Epoch 219: val_AUC=0.9495389210728669, val_AP=0.9497152956296127
INFO - 11/13/25 15:25:37 - 0:25:12 - Epoch 220: train_loss=0.7189088463783264, train_AUC=0.9971618400893595, train_AP=0.9961025517320701, time=1763018736.4080052
INFO - 11/13/25 15:25:37 - 0:25:12 - Epoch 220: val_AUC=0.9494299743252225, val_AP=0.9495982435404007
INFO - 11/13/25 15:25:39 - 0:25:14 - Epoch 221: train_loss=0.717978835105896, train_AUC=0.9971280560860437, train_AP=0.9959283506581883, time=1763018738.5271761
INFO - 11/13/25 15:25:39 - 0:25:14 - Epoch 221: val_AUC=0.9493067728629331, val_AP=0.9495135854070084
INFO - 11/13/25 15:25:41 - 0:25:16 - Epoch 222: train_loss=0.7174479961395264, train_AUC=0.9972887944149524, train_AP=0.9963209607503375, time=1763018740.78202
INFO - 11/13/25 15:25:41 - 0:25:16 - Epoch 222: val_AUC=0.9491931424233341, val_AP=0.9494299871173351
INFO - 11/13/25 15:25:43 - 0:25:18 - Epoch 223: train_loss=0.7166005373001099, train_AUC=0.9972541939160162, train_AP=0.9960807673606715, time=1763018742.6734471
INFO - 11/13/25 15:25:43 - 0:25:18 - Epoch 223: val_AUC=0.9490766610408059, val_AP=0.9493227285466159
INFO - 11/13/25 15:25:45 - 0:25:20 - Epoch 224: train_loss=0.7161500453948975, train_AUC=0.9973111897485549, train_AP=0.996300141297289, time=1763018744.4714875
INFO - 11/13/25 15:25:45 - 0:25:20 - Epoch 224: val_AUC=0.9489740270953616, val_AP=0.9492805801071948
INFO - 11/13/25 15:25:47 - 0:25:22 - Epoch 225: train_loss=0.7166702151298523, train_AUC=0.9970561935519733, train_AP=0.9958517793868157, time=1763018746.5990505
INFO - 11/13/25 15:25:47 - 0:25:22 - Epoch 225: val_AUC=0.9488561202413689, val_AP=0.949201572987547
INFO - 11/13/25 15:25:49 - 0:25:24 - Epoch 226: train_loss=0.7132260799407959, train_AUC=0.9973567919800004, train_AP=0.9962446201302821, time=1763018748.4180741
INFO - 11/13/25 15:25:49 - 0:25:24 - Epoch 226: val_AUC=0.9487345478893248, val_AP=0.9491332331594607
INFO - 11/13/25 15:25:51 - 0:25:26 - Epoch 227: train_loss=0.7132439017295837, train_AUC=0.9972598121667253, train_AP=0.9962503468628919, time=1763018750.311291
INFO - 11/13/25 15:25:51 - 0:25:26 - Epoch 227: val_AUC=0.9486211210885065, val_AP=0.9490943809393162
INFO - 11/13/25 15:25:53 - 0:25:28 - Epoch 228: train_loss=0.7136516571044922, train_AUC=0.9972445287635894, train_AP=0.9960534489913057, time=1763018752.194925
INFO - 11/13/25 15:25:53 - 0:25:28 - Epoch 228: val_AUC=0.9485047415253685, val_AP=0.9489831139365078
INFO - 11/13/25 15:25:55 - 0:25:30 - Epoch 229: train_loss=0.7127323150634766, train_AUC=0.9971712049559726, train_AP=0.9961358560419793, time=1763018754.6841583
INFO - 11/13/25 15:25:55 - 0:25:30 - Epoch 229: val_AUC=0.9483686090005082, val_AP=0.9488871875459727
INFO - 11/13/25 15:25:57 - 0:25:32 - Epoch 230: train_loss=0.7119590044021606, train_AUC=0.9973184758624057, train_AP=0.996388534008211, time=1763018756.8024228
INFO - 11/13/25 15:25:57 - 0:25:32 - Epoch 230: val_AUC=0.9481720975771872, val_AP=0.9487241701662706
INFO - 11/13/25 15:25:59 - 0:25:34 - Epoch 231: train_loss=0.7097491025924683, train_AUC=0.9973582305339751, train_AP=0.9964464029039072, time=1763018758.8201442
INFO - 11/13/25 15:25:59 - 0:25:34 - Epoch 231: val_AUC=0.9479621459943438, val_AP=0.9485940357215861
INFO - 11/13/25 15:26:01 - 0:25:36 - Epoch 232: train_loss=0.709267258644104, train_AUC=0.9973177400300713, train_AP=0.9962542019185754, time=1763018760.9460733
INFO - 11/13/25 15:26:02 - 0:25:37 - Epoch 232: val_AUC=0.9477491398297906, val_AP=0.948450243848106
INFO - 11/13/25 15:26:04 - 0:25:38 - Epoch 233: train_loss=0.707804799079895, train_AUC=0.997580228753978, train_AP=0.9966472010854179, time=1763018763.0382552
INFO - 11/13/25 15:26:04 - 0:25:39 - Epoch 233: val_AUC=0.9475746213947791, val_AP=0.9483226999780242
INFO - 11/13/25 15:26:06 - 0:25:41 - Epoch 234: train_loss=0.7071776390075684, train_AUC=0.9975182460634823, train_AP=0.9965327959191411, time=1763018765.1404216
INFO - 11/13/25 15:26:06 - 0:25:41 - Epoch 234: val_AUC=0.9474188377275868, val_AP=0.9482291232545599
INFO - 11/13/25 15:26:08 - 0:25:43 - Epoch 235: train_loss=0.7070791721343994, train_AUC=0.9973676813474956, train_AP=0.9961996408121465, time=1763018767.1682558
INFO - 11/13/25 15:26:08 - 0:25:43 - Epoch 235: val_AUC=0.9472744578321106, val_AP=0.9481105022740709
INFO - 11/13/25 15:26:10 - 0:25:45 - Epoch 236: train_loss=0.7056171298027039, train_AUC=0.9973435760579014, train_AP=0.9960698861731787, time=1763018769.1339302
INFO - 11/13/25 15:26:10 - 0:25:45 - Epoch 236: val_AUC=0.947155329145434, val_AP=0.9480159680628302
INFO - 11/13/25 15:26:12 - 0:25:47 - Epoch 237: train_loss=0.7053611278533936, train_AUC=0.9974314904097735, train_AP=0.9963587641470207, time=1763018771.134902
INFO - 11/13/25 15:26:12 - 0:25:47 - Epoch 237: val_AUC=0.9470513715479156, val_AP=0.9479356976878276
INFO - 11/13/25 15:26:14 - 0:25:49 - Epoch 238: train_loss=0.7041137218475342, train_AUC=0.9977139029653328, train_AP=0.9968260157743828, time=1763018773.1486075
INFO - 11/13/25 15:26:14 - 0:25:49 - Epoch 238: val_AUC=0.9469411011481969, val_AP=0.9478488099311898
INFO - 11/13/25 15:26:16 - 0:25:51 - Epoch 239: train_loss=0.7038273811340332, train_AUC=0.9976105526897883, train_AP=0.9966860587949289, time=1763018775.1429071
INFO - 11/13/25 15:26:16 - 0:25:51 - Epoch 239: val_AUC=0.9468331725944559, val_AP=0.9477957476889921
INFO - 11/13/25 15:26:18 - 0:25:53 - Epoch 240: train_loss=0.7040057182312012, train_AUC=0.997394417528284, train_AP=0.9962240483670762, time=1763018777.1214588
INFO - 11/13/25 15:26:18 - 0:25:53 - Epoch 240: val_AUC=0.9466824798967797, val_AP=0.9477056462672019
INFO - 11/13/25 15:26:20 - 0:25:55 - Epoch 241: train_loss=0.7019408941268921, train_AUC=0.9976100040737707, train_AP=0.9965793983161947, time=1763018779.132086
INFO - 11/13/25 15:26:20 - 0:25:55 - Epoch 241: val_AUC=0.9464972704257842, val_AP=0.9475657515033502
INFO - 11/13/25 15:26:22 - 0:25:57 - Epoch 242: train_loss=0.7024426460266113, train_AUC=0.997296672294395, train_AP=0.9961069548834467, time=1763018781.0987453
INFO - 11/13/25 15:26:22 - 0:25:57 - Epoch 242: val_AUC=0.9463204101447952, val_AP=0.9474513226327147
INFO - 11/13/25 15:26:24 - 0:25:59 - Epoch 243: train_loss=0.7004654407501221, train_AUC=0.9977902979659236, train_AP=0.9970524798081288, time=1763018783.207652
INFO - 11/13/25 15:26:24 - 0:25:59 - Epoch 243: val_AUC=0.9461503717629578, val_AP=0.9473700381657872
INFO - 11/13/25 15:26:26 - 0:26:01 - Epoch 244: train_loss=0.7001248598098755, train_AUC=0.9976866671300849, train_AP=0.9968081827967847, time=1763018785.749881
INFO - 11/13/25 15:26:26 - 0:26:01 - Epoch 244: val_AUC=0.9460375558784814, val_AP=0.9473352151621408
INFO - 11/13/25 15:26:28 - 0:26:03 - Epoch 245: train_loss=0.6987953186035156, train_AUC=0.9977472353951435, train_AP=0.9967462947871459, time=1763018787.8096862
INFO - 11/13/25 15:26:28 - 0:26:03 - Epoch 245: val_AUC=0.9459013215342308, val_AP=0.947239797122909
INFO - 11/13/25 15:26:30 - 0:26:05 - Epoch 246: train_loss=0.6988184452056885, train_AUC=0.9976236396915263, train_AP=0.9966938338262853, time=1763018789.792047
INFO - 11/13/25 15:26:30 - 0:26:05 - Epoch 246: val_AUC=0.9457506288365546, val_AP=0.9471058290562716
INFO - 11/13/25 15:26:32 - 0:26:07 - Epoch 247: train_loss=0.6991070508956909, train_AUC=0.99753020976732, train_AP=0.9962994007197329, time=1763018791.7165859
INFO - 11/13/25 15:26:32 - 0:26:07 - Epoch 247: val_AUC=0.9456154126862074, val_AP=0.9469982257118461
INFO - 11/13/25 15:26:34 - 0:26:09 - Epoch 248: train_loss=0.6976909041404724, train_AUC=0.9976163275118102, train_AP=0.9966558296872476, time=1763018793.5374687
INFO - 11/13/25 15:26:34 - 0:26:09 - Epoch 248: val_AUC=0.9454669600151182, val_AP=0.9468771980559889
INFO - 11/13/25 15:26:36 - 0:26:11 - Epoch 249: train_loss=0.6964003443717957, train_AUC=0.9976305633489518, train_AP=0.9965014472923461, time=1763018795.3650339
INFO - 11/13/25 15:26:36 - 0:26:11 - Epoch 249: val_AUC=0.9452910161086422, val_AP=0.9467522804143846
INFO - 11/13/25 15:26:38 - 0:26:13 - Epoch 250: train_loss=0.6960079669952393, train_AUC=0.9975328219897186, train_AP=0.9965323139696105, time=1763018797.233926
INFO - 11/13/25 15:26:38 - 0:26:13 - Epoch 250: val_AUC=0.9451120176204564, val_AP=0.9466401689120354
INFO - 11/13/25 15:26:40 - 0:26:15 - Epoch 251: train_loss=0.6959986686706543, train_AUC=0.997759629538001, train_AP=0.9969557904359813, time=1763018799.178803
INFO - 11/13/25 15:26:40 - 0:26:15 - Epoch 251: val_AUC=0.944988205241825, val_AP=0.9465641054684175
INFO - 11/13/25 15:26:42 - 0:26:17 - Epoch 252: train_loss=0.694055438041687, train_AUC=0.9978665989180541, train_AP=0.9969557235526779, time=1763018801.1055245
INFO - 11/13/25 15:26:42 - 0:26:17 - Epoch 252: val_AUC=0.9448794621329615, val_AP=0.9464721782158323
INFO - 11/13/25 15:26:44 - 0:26:18 - Epoch 253: train_loss=0.693794310092926, train_AUC=0.9977595781107531, train_AP=0.996883769615245, time=1763018803.0563793
INFO - 11/13/25 15:26:44 - 0:26:19 - Epoch 253: val_AUC=0.9447261221311369, val_AP=0.9463794954784465
INFO - 11/13/25 15:26:45 - 0:26:20 - Epoch 254: train_loss=0.6939976811408997, train_AUC=0.997701402797807, train_AP=0.996907317204445, time=1763018804.861887
INFO - 11/13/25 15:26:45 - 0:26:20 - Epoch 254: val_AUC=0.9445487527531964, val_AP=0.9462530224732555
INFO - 11/13/25 15:26:47 - 0:26:22 - Epoch 255: train_loss=0.6934144496917725, train_AUC=0.9976243691835148, train_AP=0.9964925670224306, time=1763018806.7239738
INFO - 11/13/25 15:26:47 - 0:26:22 - Epoch 255: val_AUC=0.9443640523791527, val_AP=0.9461039058716365
INFO - 11/13/25 15:26:49 - 0:26:24 - Epoch 256: train_loss=0.6930681467056274, train_AUC=0.9978139345983035, train_AP=0.9970271826764061, time=1763018808.6807518
INFO - 11/13/25 15:26:49 - 0:26:24 - Epoch 256: val_AUC=0.9442060286853731, val_AP=0.9459976699348611
INFO - 11/13/25 15:26:51 - 0:26:26 - Epoch 257: train_loss=0.6924400329589844, train_AUC=0.9979003181089481, train_AP=0.9970530639922028, time=1763018810.5587578
INFO - 11/13/25 15:26:51 - 0:26:26 - Epoch 257: val_AUC=0.9440822163067418, val_AP=0.9458971560193268
INFO - 11/13/25 15:26:53 - 0:26:28 - Epoch 258: train_loss=0.691251277923584, train_AUC=0.9978026433233439, train_AP=0.9968185420753585, time=1763018812.360158
INFO - 11/13/25 15:26:53 - 0:26:28 - Epoch 258: val_AUC=0.9438585191062049, val_AP=0.945768032871712
INFO - 11/13/25 15:26:55 - 0:26:30 - Epoch 259: train_loss=0.6904988288879395, train_AUC=0.9977405546081796, train_AP=0.9967805537269945, time=1763018814.2683163
INFO - 11/13/25 15:26:55 - 0:26:30 - Epoch 259: val_AUC=0.9437124082810933, val_AP=0.9456826854635078
INFO - 11/13/25 15:26:57 - 0:26:32 - Epoch 260: train_loss=0.6896834373474121, train_AUC=0.9978360368670415, train_AP=0.9969931160662813, time=1763018816.199855
INFO - 11/13/25 15:26:57 - 0:26:32 - Epoch 260: val_AUC=0.9436940807908353, val_AP=0.9456757625443595
INFO - 11/13/25 15:26:59 - 0:26:34 - Epoch 261: train_loss=0.6891196966171265, train_AUC=0.9978853531320592, train_AP=0.9969067419803895, time=1763018818.1615322
INFO - 11/13/25 15:26:59 - 0:26:34 - Epoch 261: val_AUC=0.9436580367266614, val_AP=0.9456507991159574
INFO - 11/13/25 15:27:00 - 0:26:35 - Epoch 262: train_loss=0.6889095306396484, train_AUC=0.9978407031853029, train_AP=0.9969500471492491, time=1763018819.995045
INFO - 11/13/25 15:27:01 - 0:26:36 - Epoch 262: val_AUC=0.9435435917319398, val_AP=0.9455342639520244
INFO - 11/13/25 15:27:02 - 0:26:37 - Epoch 263: train_loss=0.6880517601966858, train_AUC=0.9979394301160398, train_AP=0.9969746493350278, time=1763018821.9589624
INFO - 11/13/25 15:27:03 - 0:26:37 - Epoch 263: val_AUC=0.9434089864979343, val_AP=0.9454213421956323
INFO - 11/13/25 15:27:04 - 0:26:39 - Epoch 264: train_loss=0.6874698400497437, train_AUC=0.9980045033727877, train_AP=0.9972484096930286, time=1763018823.86858
INFO - 11/13/25 15:27:04 - 0:26:39 - Epoch 264: val_AUC=0.9433647968825346, val_AP=0.9454078310520877
INFO - 11/13/25 15:27:06 - 0:26:41 - Epoch 265: train_loss=0.6876979470252991, train_AUC=0.9979453283986808, train_AP=0.9970422589584631, time=1763018825.6954997
INFO - 11/13/25 15:27:06 - 0:26:41 - Epoch 265: val_AUC=0.9432711230434385, val_AP=0.9453888186902075
INFO - 11/13/25 15:27:08 - 0:26:43 - Epoch 266: train_loss=0.6872517466545105, train_AUC=0.997864035833334, train_AP=0.996979265250594, time=1763018827.6492126
INFO - 11/13/25 15:27:08 - 0:26:43 - Epoch 266: val_AUC=0.9431080083801431, val_AP=0.9453012328694417
INFO - 11/13/25 15:27:10 - 0:26:45 - Epoch 267: train_loss=0.6858479380607605, train_AUC=0.9981306121428428, train_AP=0.9972626593988232, time=1763018829.5582256
INFO - 11/13/25 15:27:10 - 0:26:45 - Epoch 267: val_AUC=0.9429361372492798, val_AP=0.9451991418437078
INFO - 11/13/25 15:27:12 - 0:26:47 - Epoch 268: train_loss=0.6846613883972168, train_AUC=0.9981080139181802, train_AP=0.9972485060721394, time=1763018831.4629664
INFO - 11/13/25 15:27:12 - 0:26:47 - Epoch 268: val_AUC=0.9427467531832815, val_AP=0.9450864758431327
INFO - 11/13/25 15:27:14 - 0:26:49 - Epoch 269: train_loss=0.6838832497596741, train_AUC=0.9981582019807217, train_AP=0.9974076487642329, time=1763018833.2700193
INFO - 11/13/25 15:27:14 - 0:26:49 - Epoch 269: val_AUC=0.9426369918805146, val_AP=0.9449957359675534
INFO - 11/13/25 15:27:16 - 0:26:51 - Epoch 270: train_loss=0.6845678687095642, train_AUC=0.9980145873402674, train_AP=0.9972689632362354, time=1763018835.0827067
INFO - 11/13/25 15:27:16 - 0:26:51 - Epoch 270: val_AUC=0.9425526854253281, val_AP=0.9449208840642088
INFO - 11/13/25 15:27:17 - 0:26:52 - Epoch 271: train_loss=0.6838521957397461, train_AUC=0.9980358722327816, train_AP=0.9971258966057717, time=1763018836.9190605
INFO - 11/13/25 15:27:18 - 0:26:52 - Epoch 271: val_AUC=0.9424942410952835, val_AP=0.9448821039530573
INFO - 11/13/25 15:27:19 - 0:26:54 - Epoch 272: train_loss=0.6827832460403442, train_AUC=0.9981605214904973, train_AP=0.9972753976909472, time=1763018838.816641
INFO - 11/13/25 15:27:19 - 0:26:54 - Epoch 272: val_AUC=0.9423601449582295, val_AP=0.94477983791204
INFO - 11/13/25 15:27:21 - 0:26:56 - Epoch 273: train_loss=0.6822471618652344, train_AUC=0.9981488691680782, train_AP=0.9973845855512251, time=1763018840.7574286
INFO - 11/13/25 15:27:21 - 0:26:56 - Epoch 273: val_AUC=0.9422405071746015, val_AP=0.944695883166944
INFO - 11/13/25 15:27:23 - 0:26:58 - Epoch 274: train_loss=0.6822125911712646, train_AUC=0.9979505179715772, train_AP=0.9970096641456667, time=1763018842.7369576
INFO - 11/13/25 15:27:23 - 0:26:58 - Epoch 274: val_AUC=0.9421156766020672, val_AP=0.9446424986976432
INFO - 11/13/25 15:27:25 - 0:27:00 - Epoch 275: train_loss=0.6813509464263916, train_AUC=0.997932805511583, train_AP=0.9970289158934249, time=1763018844.622587
INFO - 11/13/25 15:27:25 - 0:27:00 - Epoch 275: val_AUC=0.9419562274368231, val_AP=0.9445421713286852
INFO - 11/13/25 15:27:27 - 0:27:02 - Epoch 276: train_loss=0.6811063289642334, train_AUC=0.9980807206675801, train_AP=0.9972476812654956, time=1763018846.5935123
INFO - 11/13/25 15:27:27 - 0:27:02 - Epoch 276: val_AUC=0.941742304897757, val_AP=0.9443900711544859
INFO - 11/13/25 15:27:29 - 0:27:04 - Epoch 277: train_loss=0.6803024411201477, train_AUC=0.9981518817128551, train_AP=0.9972619384576475, time=1763018848.5238435
INFO - 11/13/25 15:27:29 - 0:27:04 - Epoch 277: val_AUC=0.9415770520272647, val_AP=0.9442912034052086
INFO - 11/13/25 15:27:31 - 0:27:06 - Epoch 278: train_loss=0.6797682046890259, train_AUC=0.9980486795548291, train_AP=0.9971405942660091, time=1763018850.4859023
INFO - 11/13/25 15:27:31 - 0:27:06 - Epoch 278: val_AUC=0.9415367315486975, val_AP=0.9442816693162481
INFO - 11/13/25 15:27:33 - 0:27:08 - Epoch 279: train_loss=0.6777293682098389, train_AUC=0.9982115209411584, train_AP=0.9974477622131719, time=1763018852.428818
INFO - 11/13/25 15:27:33 - 0:27:08 - Epoch 279: val_AUC=0.9414803236064592, val_AP=0.9442489454817988
INFO - 11/13/25 15:27:35 - 0:27:10 - Epoch 280: train_loss=0.6796236038208008, train_AUC=0.9980250677554695, train_AP=0.9971492014356995, time=1763018854.3482835
INFO - 11/13/25 15:27:35 - 0:27:10 - Epoch 280: val_AUC=0.9414143446415306, val_AP=0.9442233948388282
INFO - 11/13/25 15:27:37 - 0:27:12 - Epoch 281: train_loss=0.677813708782196, train_AUC=0.9981208187745378, train_AP=0.9972138150744252, time=1763018856.152545
INFO - 11/13/25 15:27:37 - 0:27:12 - Epoch 281: val_AUC=0.9412850340158219, val_AP=0.9441394752254832
INFO - 11/13/25 15:27:39 - 0:27:14 - Epoch 282: train_loss=0.6769272685050964, train_AUC=0.9981546961218309, train_AP=0.9973207859559057, time=1763018858.1136618
INFO - 11/13/25 15:27:39 - 0:27:14 - Epoch 282: val_AUC=0.9410903553415266, val_AP=0.9439968800061165
INFO - 11/13/25 15:27:40 - 0:27:15 - Epoch 283: train_loss=0.6754907369613647, train_AUC=0.9982007013174652, train_AP=0.9973627484422435, time=1763018859.9837587
INFO - 11/13/25 15:27:41 - 0:27:16 - Epoch 283: val_AUC=0.9409514736931277, val_AP=0.9438836103568615
INFO - 11/13/25 15:27:42 - 0:27:17 - Epoch 284: train_loss=0.6755738258361816, train_AUC=0.9981276402819504, train_AP=0.9972435196489877, time=1763018861.8898838
INFO - 11/13/25 15:27:42 - 0:27:17 - Epoch 284: val_AUC=0.940875923705509, val_AP=0.9438297060407799
INFO - 11/13/25 15:27:44 - 0:27:19 - Epoch 285: train_loss=0.6752979159355164, train_AUC=0.9982961798777921, train_AP=0.9976544177662654, time=1763018863.7147503
INFO - 11/13/25 15:27:44 - 0:27:19 - Epoch 285: val_AUC=0.9408215521510771, val_AP=0.9438049085272211
INFO - 11/13/25 15:27:46 - 0:27:21 - Epoch 286: train_loss=0.6754693388938904, train_AUC=0.9982205092616895, train_AP=0.997408786104836, time=1763018865.640053
INFO - 11/13/25 15:27:46 - 0:27:21 - Epoch 286: val_AUC=0.9407958936647162, val_AP=0.9438047493015267
INFO - 11/13/25 15:27:48 - 0:27:23 - Epoch 287: train_loss=0.6733707189559937, train_AUC=0.9982584262897511, train_AP=0.9974508508789534, time=1763018867.500231
INFO - 11/13/25 15:27:48 - 0:27:23 - Epoch 287: val_AUC=0.9406798195597492, val_AP=0.9437290165281746
INFO - 11/13/25 15:27:50 - 0:27:25 - Epoch 288: train_loss=0.6745880842208862, train_AUC=0.9981050904904836, train_AP=0.9972480663916328, time=1763018869.4232635
INFO - 11/13/25 15:27:50 - 0:27:25 - Epoch 288: val_AUC=0.9406113969294531, val_AP=0.9437001337924488
INFO - 11/13/25 15:27:52 - 0:27:27 - Epoch 289: train_loss=0.6729229688644409, train_AUC=0.9982060449959845, train_AP=0.9974098689779796, time=1763018871.274784
INFO - 11/13/25 15:27:52 - 0:27:27 - Epoch 289: val_AUC=0.940478828083254, val_AP=0.943609589489998
INFO - 11/13/25 15:27:54 - 0:27:29 - Epoch 290: train_loss=0.6723700761795044, train_AUC=0.9982086149494124, train_AP=0.9974361745706144, time=1763018873.083751
INFO - 11/13/25 15:27:54 - 0:27:29 - Epoch 290: val_AUC=0.9403134733933715, val_AP=0.9434929039218437
INFO - 11/13/25 15:27:55 - 0:27:30 - Epoch 291: train_loss=0.6720603704452515, train_AUC=0.9981103556191655, train_AP=0.9970080983049487, time=1763018874.911594
INFO - 11/13/25 15:27:56 - 0:27:30 - Epoch 291: val_AUC=0.9401650207222821, val_AP=0.9434143723767522
INFO - 11/13/25 15:27:57 - 0:27:32 - Epoch 292: train_loss=0.6718172430992126, train_AUC=0.9982591096381133, train_AP=0.9974887681708944, time=1763018876.7887447
INFO - 11/13/25 15:27:57 - 0:27:32 - Epoch 292: val_AUC=0.940047521145851, val_AP=0.9433506413431756
INFO - 11/13/25 15:27:59 - 0:27:34 - Epoch 293: train_loss=0.6721444129943848, train_AUC=0.9980105471311368, train_AP=0.9969116125358619, time=1763018878.5739412
INFO - 11/13/25 15:27:59 - 0:27:34 - Epoch 293: val_AUC=0.9399749239205516, val_AP=0.9433049202669972
INFO - 11/13/25 15:28:01 - 0:27:36 - Epoch 294: train_loss=0.6705442667007446, train_AUC=0.9983467009845999, train_AP=0.997584273148893, time=1763018880.4232805
INFO - 11/13/25 15:28:01 - 0:27:36 - Epoch 294: val_AUC=0.9398599698288782, val_AP=0.9432388115962178
INFO - 11/13/25 15:28:03 - 0:27:38 - Epoch 295: train_loss=0.6705880165100098, train_AUC=0.9983259268421503, train_AP=0.9974567317451694, time=1763018882.2754726
INFO - 11/13/25 15:28:03 - 0:27:38 - Epoch 295: val_AUC=0.9397339174236599, val_AP=0.943153110032899
INFO - 11/13/25 15:28:05 - 0:27:40 - Epoch 296: train_loss=0.6702509522438049, train_AUC=0.9982665440456033, train_AP=0.9973468654376245, time=1763018884.097324
INFO - 11/13/25 15:28:05 - 0:27:40 - Epoch 296: val_AUC=0.9396722148731249, val_AP=0.9431284915504842
INFO - 11/13/25 15:28:06 - 0:27:41 - Epoch 297: train_loss=0.6690441370010376, train_AUC=0.9982669883981594, train_AP=0.9973687284889818, time=1763018885.9264393
INFO - 11/13/25 15:28:07 - 0:27:41 - Epoch 297: val_AUC=0.9395663227071902, val_AP=0.9430612288796062
INFO - 11/13/25 15:28:08 - 0:27:43 - Epoch 298: train_loss=0.6687496900558472, train_AUC=0.9982255024599921, train_AP=0.9972331318861604, time=1763018887.8963816
INFO - 11/13/25 15:28:09 - 0:27:43 - Epoch 298: val_AUC=0.939400764378527, val_AP=0.9429398162619502
INFO - 11/13/25 15:28:10 - 0:27:45 - Epoch 299: train_loss=0.6683679819107056, train_AUC=0.9983736548505882, train_AP=0.9977076740179465, time=1763018889.8244855
INFO - 11/13/25 15:28:10 - 0:27:45 - Epoch 299: val_AUC=0.9392651409506184, val_AP=0.9428346866589961
INFO - 11/13/25 15:28:12 - 0:27:47 - Epoch 300: train_loss=0.6678284406661987, train_AUC=0.9982937163012744, train_AP=0.9975880861809417, time=1763018891.6171513
INFO - 11/13/25 15:28:12 - 0:27:47 - Epoch 300: val_AUC=0.9392044565939865, val_AP=0.9428022859510616
INFO - 11/13/25 15:28:12 - 0:27:47 - best_epoch=151
INFO - 11/13/25 15:28:12 - 0:27:47 - test_auc= 95.47%, test_ap= 95.35%
INFO - 11/13/25 15:28:12 - 0:27:47 - 
                                     train iters 2
INFO - 11/13/25 15:28:12 - 0:27:47 - --------------------------Training Start-------------------------
INFO - 11/13/25 15:28:16 - 0:27:51 - Epoch 0: train_loss=5.851408004760742, train_AUC=0.9956463925163588, train_AP=0.9952075374646454, time=1763018895.719215
INFO - 11/13/25 15:28:16 - 0:27:51 - Epoch 0: val_AUC=0.7855608293474436, val_AP=0.8252676212937198
INFO - 11/13/25 15:28:18 - 0:27:53 - Epoch 1: train_loss=2.2838146686553955, train_AUC=0.9208363219374348, train_AP=0.9435708011268182, time=1763018897.6779063
INFO - 11/13/25 15:28:18 - 0:27:53 - Epoch 1: val_AUC=0.6395857294829856, val_AP=0.7055418273488557
INFO - 11/13/25 15:28:20 - 0:27:55 - Epoch 2: train_loss=4.373633861541748, train_AUC=0.6854492053439115, train_AP=0.7662664766299796, time=1763018899.6509244
INFO - 11/13/25 15:28:20 - 0:27:55 - Epoch 2: val_AUC=0.6397661534426358, val_AP=0.6890539112981202
INFO - 11/13/25 15:28:22 - 0:27:57 - Epoch 3: train_loss=4.353388786315918, train_AUC=0.6653577738755126, train_AP=0.7332541915933404, time=1763018901.5854945
INFO - 11/13/25 15:28:22 - 0:27:57 - Epoch 3: val_AUC=0.6453287503746953, val_AP=0.6935400665356404
INFO - 11/13/25 15:28:24 - 0:27:59 - Epoch 4: train_loss=4.588519096374512, train_AUC=0.6625713890511485, train_AP=0.7270831066199149, time=1763018903.5359235
INFO - 11/13/25 15:28:24 - 0:27:59 - Epoch 4: val_AUC=0.6998926416348448, val_AP=0.7310010218174396
INFO - 11/13/25 15:28:26 - 0:28:01 - Epoch 5: train_loss=3.610210657119751, train_AUC=0.7236343074456251, train_AP=0.7697999694730019, time=1763018905.5112965
INFO - 11/13/25 15:28:26 - 0:28:01 - Epoch 5: val_AUC=0.757706506014675, val_AP=0.7680484887099406
INFO - 11/13/25 15:28:28 - 0:28:03 - Epoch 6: train_loss=2.7356839179992676, train_AUC=0.7931289830826165, train_AP=0.8182052081412403, time=1763018907.4686687
INFO - 11/13/25 15:28:28 - 0:28:03 - Epoch 6: val_AUC=0.8016863734702654, val_AP=0.801438332704584
INFO - 11/13/25 15:28:30 - 0:28:05 - Epoch 7: train_loss=2.3893368244171143, train_AUC=0.8413541059672505, train_AP=0.8564008690554629, time=1763018909.433484
INFO - 11/13/25 15:28:30 - 0:28:05 - Epoch 7: val_AUC=0.8346941834247807, val_AP=0.8299059264999079
INFO - 11/13/25 15:28:32 - 0:28:07 - Epoch 8: train_loss=2.261913776397705, train_AUC=0.8776694406716727, train_AP=0.8869626557772514, time=1763018911.378291
INFO - 11/13/25 15:28:32 - 0:28:07 - Epoch 8: val_AUC=0.8498790182004197, val_AP=0.842752899846467
INFO - 11/13/25 15:28:34 - 0:28:09 - Epoch 9: train_loss=2.0277292728424072, train_AUC=0.8941137897997444, train_AP=0.9014831589036231, time=1763018913.3600986
INFO - 11/13/25 15:28:34 - 0:28:09 - Epoch 9: val_AUC=0.864786089679261, val_AP=0.8568673832560183
INFO - 11/13/25 15:28:36 - 0:28:11 - Epoch 10: train_loss=1.810014247894287, train_AUC=0.9102192756333213, train_AP=0.9152260726418019, time=1763018915.3441882
INFO - 11/13/25 15:28:36 - 0:28:11 - Epoch 10: val_AUC=0.8735965215238046, val_AP=0.8649973605485572
INFO - 11/13/25 15:28:38 - 0:28:13 - Epoch 11: train_loss=1.6958138942718506, train_AUC=0.9196939151159148, train_AP=0.922104803607631, time=1763018917.2591827
INFO - 11/13/25 15:28:38 - 0:28:13 - Epoch 11: val_AUC=0.8793317023224596, val_AP=0.8686108201932148
INFO - 11/13/25 15:28:40 - 0:28:15 - Epoch 12: train_loss=1.6395974159240723, train_AUC=0.9236828248623178, train_AP=0.9242027335148625, time=1763018919.2239358
INFO - 11/13/25 15:28:40 - 0:28:15 - Epoch 12: val_AUC=0.8843686057422878, val_AP=0.8729371801035641
INFO - 11/13/25 15:28:42 - 0:28:17 - Epoch 13: train_loss=1.6068010330200195, train_AUC=0.9265459257553306, train_AP=0.9261270066369176, time=1763018921.0952668
INFO - 11/13/25 15:28:42 - 0:28:17 - Epoch 13: val_AUC=0.8907626598157149, val_AP=0.8799570025551955
INFO - 11/13/25 15:28:43 - 0:28:18 - Epoch 14: train_loss=1.534452199935913, train_AUC=0.9335590095291282, train_AP=0.9312051676283084, time=1763018922.989843
INFO - 11/13/25 15:28:44 - 0:28:19 - Epoch 14: val_AUC=0.8952588004535442, val_AP=0.8856404676272942
INFO - 11/13/25 15:28:45 - 0:28:20 - Epoch 15: train_loss=1.5011518001556396, train_AUC=0.9377740910280434, train_AP=0.9340933639417802, time=1763018924.9617114
INFO - 11/13/25 15:28:46 - 0:28:21 - Epoch 15: val_AUC=0.8998620550899922, val_AP=0.8905625896541285
INFO - 11/13/25 15:28:47 - 0:28:22 - Epoch 16: train_loss=1.4273149967193604, train_AUC=0.9428910280443237, train_AP=0.9393442612150289, time=1763018926.8581796
INFO - 11/13/25 15:28:47 - 0:28:22 - Epoch 16: val_AUC=0.9037743633437162, val_AP=0.8948775893939146
INFO - 11/13/25 15:28:49 - 0:28:24 - Epoch 17: train_loss=1.400287389755249, train_AUC=0.9454798348421121, train_AP=0.9409591882863918, time=1763018928.7720761
INFO - 11/13/25 15:28:49 - 0:28:24 - Epoch 17: val_AUC=0.906306000664677, val_AP=0.8980391490176354
INFO - 11/13/25 15:28:51 - 0:28:26 - Epoch 18: train_loss=1.3811286687850952, train_AUC=0.9471875810472292, train_AP=0.9426167962410407, time=1763018930.728753
INFO - 11/13/25 15:28:51 - 0:28:26 - Epoch 18: val_AUC=0.9086535485279361, val_AP=0.9002468545081066
INFO - 11/13/25 15:28:53 - 0:28:28 - Epoch 19: train_loss=1.3382253646850586, train_AUC=0.949327661683294, train_AP=0.9444981409092955, time=1763018932.7191448
INFO - 11/13/25 15:28:53 - 0:28:28 - Epoch 19: val_AUC=0.9104414970219864, val_AP=0.9019248808639311
INFO - 11/13/25 15:28:55 - 0:28:30 - Epoch 20: train_loss=1.312981367111206, train_AUC=0.951224783092831, train_AP=0.9459892075170425, time=1763018934.7511885
INFO - 11/13/25 15:28:55 - 0:28:30 - Epoch 20: val_AUC=0.9121020694587443, val_AP=0.9036234009743449
INFO - 11/13/25 15:28:57 - 0:28:32 - Epoch 21: train_loss=1.2881959676742554, train_AUC=0.9529373675100242, train_AP=0.9476550848476514, time=1763018936.7966945
INFO - 11/13/25 15:28:57 - 0:28:32 - Epoch 21: val_AUC=0.9139766662539588, val_AP=0.9056444271676949
INFO - 11/13/25 15:28:59 - 0:28:34 - Epoch 22: train_loss=1.259333848953247, train_AUC=0.9552608937183812, train_AP=0.9493759882601804, time=1763018938.8861947
INFO - 11/13/25 15:29:00 - 0:28:34 - Epoch 22: val_AUC=0.915543666671011, val_AP=0.9075250186773096
INFO - 11/13/25 15:29:01 - 0:28:36 - Epoch 23: train_loss=1.2398736476898193, train_AUC=0.9561143723986054, train_AP=0.9496830906294687, time=1763018940.894094
INFO - 11/13/25 15:29:02 - 0:28:36 - Epoch 23: val_AUC=0.9167396372297307, val_AP=0.9089320934897014
INFO - 11/13/25 15:29:03 - 0:28:38 - Epoch 24: train_loss=1.2261683940887451, train_AUC=0.9577103599731512, train_AP=0.9512937293948682, time=1763018942.9961505
INFO - 11/13/25 15:29:04 - 0:28:39 - Epoch 24: val_AUC=0.918064307497817, val_AP=0.9101778810997649
INFO - 11/13/25 15:29:06 - 0:28:41 - Epoch 25: train_loss=1.2065060138702393, train_AUC=0.959387793866425, train_AP=0.9527692291260731, time=1763018945.139342
INFO - 11/13/25 15:29:06 - 0:28:41 - Epoch 25: val_AUC=0.9193624029050294, val_AP=0.9111811347914989
INFO - 11/13/25 15:29:08 - 0:28:43 - Epoch 26: train_loss=1.1857705116271973, train_AUC=0.9609099171188892, train_AP=0.9540313909844587, time=1763018947.3159924
INFO - 11/13/25 15:29:08 - 0:28:43 - Epoch 26: val_AUC=0.9204075789466826, val_AP=0.9119555126902708
INFO - 11/13/25 15:29:10 - 0:28:45 - Epoch 27: train_loss=1.1704683303833008, train_AUC=0.9614233281911909, train_AP=0.9535779393314902, time=1763018949.5437734
INFO - 11/13/25 15:29:10 - 0:28:45 - Epoch 27: val_AUC=0.9213491028489881, val_AP=0.9126699783697608
INFO - 11/13/25 15:29:12 - 0:28:47 - Epoch 28: train_loss=1.1542704105377197, train_AUC=0.9618674431604358, train_AP=0.9537520326045789, time=1763018951.6872342
INFO - 11/13/25 15:29:12 - 0:28:47 - Epoch 28: val_AUC=0.9223203580132675, val_AP=0.9134514511713087
INFO - 11/13/25 15:29:14 - 0:28:49 - Epoch 29: train_loss=1.138237714767456, train_AUC=0.9628750367979572, train_AP=0.9543428879427089, time=1763018953.6232917
INFO - 11/13/25 15:29:14 - 0:28:49 - Epoch 29: val_AUC=0.9231204547824161, val_AP=0.9141558892137013
INFO - 11/13/25 15:29:16 - 0:28:51 - Epoch 30: train_loss=1.1283917427062988, train_AUC=0.9628209247659547, train_AP=0.9534022443916489, time=1763018955.7276678
INFO - 11/13/25 15:29:16 - 0:28:51 - Epoch 30: val_AUC=0.9239529301176869, val_AP=0.9149116182535574
INFO - 11/13/25 15:29:18 - 0:28:53 - Epoch 31: train_loss=1.1199109554290771, train_AUC=0.9638021066370389, train_AP=0.9546300933567248, time=1763018957.9906907
INFO - 11/13/25 15:29:19 - 0:28:54 - Epoch 31: val_AUC=0.9248558644710605, val_AP=0.9158025167932942
INFO - 11/13/25 15:29:21 - 0:28:56 - Epoch 32: train_loss=1.1126868724822998, train_AUC=0.9648369343486008, train_AP=0.956580749518769, time=1763018960.3517456
INFO - 11/13/25 15:29:21 - 0:28:56 - Epoch 32: val_AUC=0.9258874985338008, val_AP=0.9168887974475788
INFO - 11/13/25 15:29:23 - 0:28:58 - Epoch 33: train_loss=1.1015021800994873, train_AUC=0.9656514200793347, train_AP=0.9569868489485625, time=1763018962.7022681
INFO - 11/13/25 15:29:23 - 0:28:58 - Epoch 33: val_AUC=0.9269769660102439, val_AP=0.9180960488225212
INFO - 11/13/25 15:29:26 - 0:29:01 - Epoch 34: train_loss=1.0908684730529785, train_AUC=0.9664390061892594, train_AP=0.957190636930847, time=1763018965.134554
INFO - 11/13/25 15:29:26 - 0:29:01 - Epoch 34: val_AUC=0.9281214159574607, val_AP=0.919472458764925
INFO - 11/13/25 15:29:28 - 0:29:03 - Epoch 35: train_loss=1.0800259113311768, train_AUC=0.968312191032844, train_AP=0.9598888281095562, time=1763018967.455806
INFO - 11/13/25 15:29:28 - 0:29:03 - Epoch 35: val_AUC=0.9292017196887747, val_AP=0.9207172501630985
INFO - 11/13/25 15:29:30 - 0:29:05 - Epoch 36: train_loss=1.073815107345581, train_AUC=0.9685685222244219, train_AP=0.9594418979256064, time=1763018969.8423817
INFO - 11/13/25 15:29:30 - 0:29:05 - Epoch 36: val_AUC=0.9303056455186435, val_AP=0.9219535283842355
INFO - 11/13/25 15:29:33 - 0:29:08 - Epoch 37: train_loss=1.06439208984375, train_AUC=0.9698628454883922, train_AP=0.9613473410785573, time=1763018972.265541
INFO - 11/13/25 15:29:33 - 0:29:08 - Epoch 37: val_AUC=0.9314187350936411, val_AP=0.9231632532799311
INFO - 11/13/25 15:29:35 - 0:29:10 - Epoch 38: train_loss=1.0562520027160645, train_AUC=0.9711352889240834, train_AP=0.9625225341729837, time=1763018974.7438757
INFO - 11/13/25 15:29:35 - 0:29:10 - Epoch 38: val_AUC=0.9324890605247039, val_AP=0.9242632334477252
INFO - 11/13/25 15:29:37 - 0:29:12 - Epoch 39: train_loss=1.044128656387329, train_AUC=0.9728199849787913, train_AP=0.9648607644489324, time=1763018976.961158
INFO - 11/13/25 15:29:38 - 0:29:13 - Epoch 39: val_AUC=0.9335031816523088, val_AP=0.9252664852911084
INFO - 11/13/25 15:29:39 - 0:29:14 - Epoch 40: train_loss=1.0380128622055054, train_AUC=0.9725476158829478, train_AP=0.9640239823943111, time=1763018978.8145015
INFO - 11/13/25 15:29:39 - 0:29:14 - Epoch 40: val_AUC=0.9344887933506236, val_AP=0.9262059050973249
INFO - 11/13/25 15:29:41 - 0:29:16 - Epoch 41: train_loss=1.0278527736663818, train_AUC=0.9735670481786013, train_AP=0.9653490505906036, time=1763018980.7167382
INFO - 11/13/25 15:29:41 - 0:29:16 - Epoch 41: val_AUC=0.9354769505336965, val_AP=0.9270982221902799
INFO - 11/13/25 15:29:43 - 0:29:18 - Epoch 42: train_loss=1.0228185653686523, train_AUC=0.9736400893124756, train_AP=0.9652751614634834, time=1763018982.7183638
INFO - 11/13/25 15:29:43 - 0:29:18 - Epoch 42: val_AUC=0.9365084827770465, val_AP=0.9280450173528103
INFO - 11/13/25 15:29:45 - 0:29:20 - Epoch 43: train_loss=1.012340784072876, train_AUC=0.9747462737394235, train_AP=0.9666951938188978, time=1763018984.6656528
INFO - 11/13/25 15:29:45 - 0:29:20 - Epoch 43: val_AUC=0.9375649607710254, val_AP=0.9290604212610265
INFO - 11/13/25 15:29:47 - 0:29:22 - Epoch 44: train_loss=1.0066590309143066, train_AUC=0.9749565768396744, train_AP=0.9662943947239663, time=1763018986.5935495
INFO - 11/13/25 15:29:47 - 0:29:22 - Epoch 44: val_AUC=0.9386055549401138, val_AP=0.9300160414458397
INFO - 11/13/25 15:29:49 - 0:29:24 - Epoch 45: train_loss=1.0017962455749512, train_AUC=0.9750420573794291, train_AP=0.9663731350258863, time=1763018988.5192802
INFO - 11/13/25 15:29:49 - 0:29:24 - Epoch 45: val_AUC=0.939541886053513, val_AP=0.9310769165608691
INFO - 11/13/25 15:29:51 - 0:29:26 - Epoch 46: train_loss=0.9926583766937256, train_AUC=0.9767303971955451, train_AP=0.9692004511504588, time=1763018990.4658287
INFO - 11/13/25 15:29:51 - 0:29:26 - Epoch 46: val_AUC=0.9405287195845118, val_AP=0.9321628476976543
INFO - 11/13/25 15:29:53 - 0:29:28 - Epoch 47: train_loss=0.9870019555091858, train_AUC=0.9770686683722065, train_AP=0.9690166028856138, time=1763018992.3837974
INFO - 11/13/25 15:29:53 - 0:29:28 - Epoch 47: val_AUC=0.9414978365415945, val_AP=0.9332344646637188
INFO - 11/13/25 15:29:55 - 0:29:30 - Epoch 48: train_loss=0.9827665090560913, train_AUC=0.978001884295771, train_AP=0.9706316454518151, time=1763018994.3373466
INFO - 11/13/25 15:29:55 - 0:29:30 - Epoch 48: val_AUC=0.9424325385447483, val_AP=0.9342429902220186
INFO - 11/13/25 15:29:57 - 0:29:32 - Epoch 49: train_loss=0.9793174862861633, train_AUC=0.9782052825835124, train_AP=0.9706591616226891, time=1763018996.3057516
INFO - 11/13/25 15:29:57 - 0:29:32 - Epoch 49: val_AUC=0.9434000263915859, val_AP=0.9352592405360696
INFO - 11/13/25 15:29:59 - 0:29:34 - Epoch 50: train_loss=0.9710034728050232, train_AUC=0.9791857649031289, train_AP=0.9715202420708083, time=1763018998.1965263
INFO - 11/13/25 15:29:59 - 0:29:34 - Epoch 50: val_AUC=0.944722049355524, val_AP=0.9366485105214506
INFO - 11/13/25 15:30:01 - 0:29:36 - Epoch 51: train_loss=0.965838611125946, train_AUC=0.9790352787369797, train_AP=0.9709952453050434, time=1763019000.1933403
INFO - 11/13/25 15:30:01 - 0:29:36 - Epoch 51: val_AUC=0.9456775225143035, val_AP=0.9376075480869523
INFO - 11/13/25 15:30:03 - 0:29:38 - Epoch 52: train_loss=0.9580885171890259, train_AUC=0.9801853543826571, train_AP=0.9730732047001729, time=1763019002.185404
INFO - 11/13/25 15:30:03 - 0:29:38 - Epoch 52: val_AUC=0.9467054910789922, val_AP=0.9386808540090101
INFO - 11/13/25 15:30:05 - 0:29:40 - Epoch 53: train_loss=0.9525148868560791, train_AUC=0.9807866796307104, train_AP=0.9740751531292664, time=1763019004.14351
INFO - 11/13/25 15:30:05 - 0:29:40 - Epoch 53: val_AUC=0.9475387809693858, val_AP=0.9395251271298029
INFO - 11/13/25 15:30:07 - 0:29:42 - Epoch 54: train_loss=0.9477945566177368, train_AUC=0.9804589126455471, train_AP=0.9730846522282491, time=1763019006.1529982
INFO - 11/13/25 15:30:07 - 0:29:42 - Epoch 54: val_AUC=0.948393860209308, val_AP=0.9403711479285103
INFO - 11/13/25 15:30:09 - 0:29:44 - Epoch 55: train_loss=0.9407306909561157, train_AUC=0.9814133592164466, train_AP=0.9741781359407214, time=1763019008.0858698
INFO - 11/13/25 15:30:09 - 0:29:44 - Epoch 55: val_AUC=0.9491509891957409, val_AP=0.9411630905919182
INFO - 11/13/25 15:30:11 - 0:29:45 - Epoch 56: train_loss=0.9362684488296509, train_AUC=0.9818901560255922, train_AP=0.9751642780257327, time=1763019010.0348585
INFO - 11/13/25 15:30:11 - 0:29:46 - Epoch 56: val_AUC=0.9499331657521928, val_AP=0.942045563294485
INFO - 11/13/25 15:30:12 - 0:29:47 - Epoch 57: train_loss=0.9304410219192505, train_AUC=0.982555592559065, train_AP=0.9761209661939849, time=1763019011.938575
INFO - 11/13/25 15:30:13 - 0:29:47 - Epoch 57: val_AUC=0.9505326783224075, val_AP=0.9427123567566967
INFO - 11/13/25 15:30:14 - 0:29:49 - Epoch 58: train_loss=0.9284095764160156, train_AUC=0.9826236697306748, train_AP=0.9762088368189047, time=1763019013.9081848
INFO - 11/13/25 15:30:15 - 0:29:49 - Epoch 58: val_AUC=0.9510283351144939, val_AP=0.9432838912802142
INFO - 11/13/25 15:30:16 - 0:29:51 - Epoch 59: train_loss=0.9238647818565369, train_AUC=0.9831319090182721, train_AP=0.9769362324368691, time=1763019015.7578924
INFO - 11/13/25 15:30:16 - 0:29:51 - Epoch 59: val_AUC=0.9514614748009228, val_AP=0.9437300094968069
INFO - 11/13/25 15:30:18 - 0:29:53 - Epoch 60: train_loss=0.9195107221603394, train_AUC=0.9833911581778042, train_AP=0.977377365007529, time=1763019017.67156
INFO - 11/13/25 15:30:18 - 0:29:53 - Epoch 60: val_AUC=0.9518966508751578, val_AP=0.9442606533822921
INFO - 11/13/25 15:30:20 - 0:29:55 - Epoch 61: train_loss=0.9147905111312866, train_AUC=0.9839020748524634, train_AP=0.9778894525742017, time=1763019019.5828857
INFO - 11/13/25 15:30:20 - 0:29:55 - Epoch 61: val_AUC=0.9522275638937037, val_AP=0.9446422047902285
INFO - 11/13/25 15:30:22 - 0:29:57 - Epoch 62: train_loss=0.910291314125061, train_AUC=0.9843090436740027, train_AP=0.9781020811204678, time=1763019021.577178
INFO - 11/13/25 15:30:22 - 0:29:57 - Epoch 62: val_AUC=0.9526020556113073, val_AP=0.9450626295183007
INFO - 11/13/25 15:30:24 - 0:29:59 - Epoch 63: train_loss=0.9056117534637451, train_AUC=0.9846495392552552, train_AP=0.9785414956102731, time=1763019023.54031
INFO - 11/13/25 15:30:24 - 0:29:59 - Epoch 63: val_AUC=0.9529684017776849, val_AP=0.9455215207974843
INFO - 11/13/25 15:30:26 - 0:30:01 - Epoch 64: train_loss=0.9048358201980591, train_AUC=0.9846978343723854, train_AP=0.9789672041521122, time=1763019025.3805375
INFO - 11/13/25 15:30:26 - 0:30:01 - Epoch 64: val_AUC=0.9533312860847918, val_AP=0.9459690701100434
INFO - 11/13/25 15:30:28 - 0:30:03 - Epoch 65: train_loss=0.9004311561584473, train_AUC=0.9849306375980625, train_AP=0.9789672429737667, time=1763019027.329048
INFO - 11/13/25 15:30:28 - 0:30:03 - Epoch 65: val_AUC=0.9536477407499121, val_AP=0.9463733188823837
INFO - 11/13/25 15:30:30 - 0:30:05 - Epoch 66: train_loss=0.8983875513076782, train_AUC=0.9850891326774639, train_AP=0.9790246559850556, time=1763019029.1732562
INFO - 11/13/25 15:30:30 - 0:30:05 - Epoch 66: val_AUC=0.9539916866504191, val_AP=0.9468385188502312
INFO - 11/13/25 15:30:32 - 0:30:06 - Epoch 67: train_loss=0.8941593170166016, train_AUC=0.9858528359382536, train_AP=0.9800541897969286, time=1763019031.0152009
INFO - 11/13/25 15:30:32 - 0:30:07 - Epoch 67: val_AUC=0.9543380762162937, val_AP=0.9472941281665519
INFO - 11/13/25 15:30:33 - 0:30:08 - Epoch 68: train_loss=0.8914972543716431, train_AUC=0.9859660332989204, train_AP=0.9802468685451011, time=1763019032.8807995
INFO - 11/13/25 15:30:34 - 0:30:08 - Epoch 68: val_AUC=0.9546197086499237, val_AP=0.9476471239733663
INFO - 11/13/25 15:30:35 - 0:30:10 - Epoch 69: train_loss=0.8889699578285217, train_AUC=0.9861019615031459, train_AP=0.9807746150687362, time=1763019034.7312236
INFO - 11/13/25 15:30:35 - 0:30:10 - Epoch 69: val_AUC=0.9549424761172438, val_AP=0.9480438410192755
INFO - 11/13/25 15:30:37 - 0:30:12 - Epoch 70: train_loss=0.887079656124115, train_AUC=0.986633070241302, train_AP=0.9816267094707017, time=1763019036.5464468
INFO - 11/13/25 15:30:37 - 0:30:12 - Epoch 70: val_AUC=0.9552835710748218, val_AP=0.9484584159944174
INFO - 11/13/25 15:30:39 - 0:30:14 - Epoch 71: train_loss=0.8842746019363403, train_AUC=0.9866110960123217, train_AP=0.9813663165609119, time=1763019038.4575512
INFO - 11/13/25 15:30:39 - 0:30:14 - Epoch 71: val_AUC=0.9556020621277485, val_AP=0.9488445235446712
INFO - 11/13/25 15:30:41 - 0:30:16 - Epoch 72: train_loss=0.8827072381973267, train_AUC=0.9862437009863809, train_AP=0.980883057353076, time=1763019040.3392968
INFO - 11/13/25 15:30:41 - 0:30:16 - Epoch 72: val_AUC=0.955872494428443, val_AP=0.94918915709235
INFO - 11/13/25 15:30:43 - 0:30:18 - Epoch 73: train_loss=0.8791736364364624, train_AUC=0.9869497738517068, train_AP=0.9817696014626415, time=1763019042.304818
INFO - 11/13/25 15:30:43 - 0:30:18 - Epoch 73: val_AUC=0.956154737778415, val_AP=0.9495770257675411
INFO - 11/13/25 15:30:45 - 0:30:20 - Epoch 74: train_loss=0.8777711391448975, train_AUC=0.9869826874664646, train_AP=0.9819101820539795, time=1763019044.2859433
INFO - 11/13/25 15:30:45 - 0:30:20 - Epoch 74: val_AUC=0.9564231336913032, val_AP=0.9499543790677477
INFO - 11/13/25 15:30:47 - 0:30:22 - Epoch 75: train_loss=0.8754565715789795, train_AUC=0.9870606305681128, train_AP=0.9818751391017806, time=1763019046.2280335
INFO - 11/13/25 15:30:47 - 0:30:22 - Epoch 75: val_AUC=0.9566561982757497, val_AP=0.9502980837630761
INFO - 11/13/25 15:30:49 - 0:30:24 - Epoch 76: train_loss=0.8715535402297974, train_AUC=0.9876483843063495, train_AP=0.9827883565402464, time=1763019048.2300332
INFO - 11/13/25 15:30:49 - 0:30:24 - Epoch 76: val_AUC=0.9568660480392029, val_AP=0.9506052152903025
INFO - 11/13/25 15:30:51 - 0:30:26 - Epoch 77: train_loss=0.8673566579818726, train_AUC=0.9883340139600434, train_AP=0.983812739888557, time=1763019050.239879
INFO - 11/13/25 15:30:51 - 0:30:26 - Epoch 77: val_AUC=0.9570364936986017, val_AP=0.9508884735997938
INFO - 11/13/25 15:30:53 - 0:30:28 - Epoch 78: train_loss=0.8658148050308228, train_AUC=0.9882840154033878, train_AP=0.9835678139027539, time=1763019052.2645366
INFO - 11/13/25 15:30:53 - 0:30:28 - Epoch 78: val_AUC=0.9571892227840842, val_AP=0.9511315819494834
INFO - 11/13/25 15:30:55 - 0:30:30 - Epoch 79: train_loss=0.865264892578125, train_AUC=0.9881744656787848, train_AP=0.983115250838693, time=1763019054.2578616
INFO - 11/13/25 15:30:55 - 0:30:30 - Epoch 79: val_AUC=0.957340730036883, val_AP=0.951375219462872
INFO - 11/13/25 15:30:57 - 0:30:32 - Epoch 80: train_loss=0.8608503341674805, train_AUC=0.9888748186717509, train_AP=0.9847017859984037, time=1763019056.2439542
INFO - 11/13/25 15:30:57 - 0:30:32 - Epoch 80: val_AUC=0.9575107684187203, val_AP=0.9516168956619729
INFO - 11/13/25 15:30:59 - 0:30:34 - Epoch 81: train_loss=0.8616214394569397, train_AUC=0.9886004398624642, train_AP=0.9843961627263791, time=1763019058.217207
INFO - 11/13/25 15:30:59 - 0:30:34 - Epoch 81: val_AUC=0.9576388572117452, val_AP=0.9518136646847094
INFO - 11/13/25 15:31:01 - 0:30:36 - Epoch 82: train_loss=0.8578288555145264, train_AUC=0.9892593976194296, train_AP=0.9851796830232311, time=1763019060.2253869
INFO - 11/13/25 15:31:01 - 0:30:36 - Epoch 82: val_AUC=0.9577893462706408, val_AP=0.9520370519395542
INFO - 11/13/25 15:31:03 - 0:30:38 - Epoch 83: train_loss=0.8567327260971069, train_AUC=0.9891469327448035, train_AP=0.9852044811169718, time=1763019062.234098
INFO - 11/13/25 15:31:03 - 0:30:38 - Epoch 83: val_AUC=0.9579249696985495, val_AP=0.952242042930482
INFO - 11/13/25 15:31:05 - 0:30:40 - Epoch 84: train_loss=0.8534836769104004, train_AUC=0.9892918161588662, train_AP=0.9850840696877381, time=1763019064.2538915
INFO - 11/13/25 15:31:05 - 0:30:40 - Epoch 84: val_AUC=0.9580467456893744, val_AP=0.9524084994445103
INFO - 11/13/25 15:31:07 - 0:30:42 - Epoch 85: train_loss=0.8533141613006592, train_AUC=0.9889281390411533, train_AP=0.9844776531237127, time=1763019066.2340915
INFO - 11/13/25 15:31:07 - 0:30:42 - Epoch 85: val_AUC=0.9581626161555604, val_AP=0.9525740918958827
INFO - 11/13/25 15:31:09 - 0:30:44 - Epoch 86: train_loss=0.8498846292495728, train_AUC=0.9893697685949121, train_AP=0.9849920840543464, time=1763019068.2201743
INFO - 11/13/25 15:31:09 - 0:30:44 - Epoch 86: val_AUC=0.9582868358117531, val_AP=0.9527624070997481
INFO - 11/13/25 15:31:11 - 0:30:46 - Epoch 87: train_loss=0.847994327545166, train_AUC=0.9896183827052571, train_AP=0.9854532235865678, time=1763019070.155453
INFO - 11/13/25 15:31:11 - 0:30:46 - Epoch 87: val_AUC=0.9584582996650548, val_AP=0.9530001532903006
INFO - 11/13/25 15:31:13 - 0:30:48 - Epoch 88: train_loss=0.8463042974472046, train_AUC=0.9898478304791314, train_AP=0.9858324641477164, time=1763019072.1528153
INFO - 11/13/25 15:31:13 - 0:30:48 - Epoch 88: val_AUC=0.9586550147271566, val_AP=0.9532652524563268
INFO - 11/13/25 15:31:15 - 0:30:49 - Epoch 89: train_loss=0.8436138033866882, train_AUC=0.9898046308864374, train_AP=0.9857472644414688, time=1763019074.040802
INFO - 11/13/25 15:31:15 - 0:30:50 - Epoch 89: val_AUC=0.958860486256826, val_AP=0.9535456486943963
INFO - 11/13/25 15:31:16 - 0:30:51 - Epoch 90: train_loss=0.8448963761329651, train_AUC=0.9896472830573532, train_AP=0.9855967624154954, time=1763019075.9134827
INFO - 11/13/25 15:31:17 - 0:30:51 - Epoch 90: val_AUC=0.9590378556347665, val_AP=0.9538117745502759
INFO - 11/13/25 15:31:18 - 0:30:53 - Epoch 91: train_loss=0.8403027057647705, train_AUC=0.9904296292238579, train_AP=0.9868312640595689, time=1763019077.8969033
INFO - 11/13/25 15:31:19 - 0:30:53 - Epoch 91: val_AUC=0.9592231669251521, val_AP=0.954065727916015
INFO - 11/13/25 15:31:20 - 0:30:55 - Epoch 92: train_loss=0.8372313976287842, train_AUC=0.9905854812597361, train_AP=0.9868963241145806, time=1763019079.8077633
INFO - 11/13/25 15:31:20 - 0:30:55 - Epoch 92: val_AUC=0.9594111255196862, val_AP=0.9543022267160259
INFO - 11/13/25 15:31:22 - 0:30:57 - Epoch 93: train_loss=0.8370821475982666, train_AUC=0.990142955779916, train_AP=0.9861105207520092, time=1763019081.695901
INFO - 11/13/25 15:31:22 - 0:30:57 - Epoch 93: val_AUC=0.9595889021751881, val_AP=0.9545148384474564
INFO - 11/13/25 15:31:24 - 0:30:59 - Epoch 94: train_loss=0.834396481513977, train_AUC=0.990482112315396, train_AP=0.9867518569541203, time=1763019083.5911663
INFO - 11/13/25 15:31:24 - 0:30:59 - Epoch 94: val_AUC=0.9597823590167994, val_AP=0.9547372847715514
INFO - 11/13/25 15:31:26 - 0:31:01 - Epoch 95: train_loss=0.8330437541007996, train_AUC=0.9906225315977747, train_AP=0.9870493464554903, time=1763019085.566839
INFO - 11/13/25 15:31:26 - 0:31:01 - Epoch 95: val_AUC=0.959914520585437, val_AP=0.9548745660003011
INFO - 11/13/25 15:31:28 - 0:31:03 - Epoch 96: train_loss=0.832274317741394, train_AUC=0.9906595164189084, train_AP=0.9868770661388309, time=1763019087.459624
INFO - 11/13/25 15:31:28 - 0:31:03 - Epoch 96: val_AUC=0.9600693878781164, val_AP=0.9550657328690733
INFO - 11/13/25 15:31:30 - 0:31:05 - Epoch 97: train_loss=0.8308871984481812, train_AUC=0.9906352927761957, train_AP=0.9871313060977581, time=1763019089.3458877
INFO - 11/13/25 15:31:30 - 0:31:05 - Epoch 97: val_AUC=0.9602216078666477, val_AP=0.955242610198451
INFO - 11/13/25 15:31:32 - 0:31:07 - Epoch 98: train_loss=0.8279803395271301, train_AUC=0.9909378854190435, train_AP=0.9874462269168935, time=1763019091.3025434
INFO - 11/13/25 15:31:32 - 0:31:07 - Epoch 98: val_AUC=0.9603444020513756, val_AP=0.9553847141922494
INFO - 11/13/25 15:31:34 - 0:31:09 - Epoch 99: train_loss=0.8259690999984741, train_AUC=0.9911637938710918, train_AP=0.9878702714696302, time=1763019093.2229862
INFO - 11/13/25 15:31:34 - 0:31:09 - Epoch 99: val_AUC=0.9604543669929231, val_AP=0.9555101299679627
INFO - 11/13/25 15:31:36 - 0:31:11 - Epoch 100: train_loss=0.8238545656204224, train_AUC=0.9915372478017628, train_AP=0.9885391356957385, time=1763019095.196229
INFO - 11/13/25 15:31:36 - 0:31:11 - Epoch 100: val_AUC=0.9605753284286255, val_AP=0.9556658530343882
INFO - 11/13/25 15:31:38 - 0:31:13 - Epoch 101: train_loss=0.8229185938835144, train_AUC=0.9912613503035773, train_AP=0.9878647889033838, time=1763019097.2642016
INFO - 11/13/25 15:31:38 - 0:31:13 - Epoch 101: val_AUC=0.9607215410731276, val_AP=0.955847092332706
INFO - 11/13/25 15:31:40 - 0:31:15 - Epoch 102: train_loss=0.822563886642456, train_AUC=0.991357090755403, train_AP=0.9881011006281469, time=1763019099.348005
INFO - 11/13/25 15:31:40 - 0:31:15 - Epoch 102: val_AUC=0.9608683646339714, val_AP=0.9560207146490254
INFO - 11/13/25 15:31:42 - 0:31:17 - Epoch 103: train_loss=0.8209362030029297, train_AUC=0.9914403722519491, train_AP=0.9882139331410351, time=1763019101.5185175
INFO - 11/13/25 15:31:42 - 0:31:17 - Epoch 103: val_AUC=0.9610096899477382, val_AP=0.9562139259707867
INFO - 11/13/25 15:31:44 - 0:31:19 - Epoch 104: train_loss=0.8169170022010803, train_AUC=0.9918397014853688, train_AP=0.9886429376625503, time=1763019103.624559
INFO - 11/13/25 15:31:44 - 0:31:19 - Epoch 104: val_AUC=0.9611176185014793, val_AP=0.9563894633439812
INFO - 11/13/25 15:31:46 - 0:31:21 - Epoch 105: train_loss=0.8162803649902344, train_AUC=0.9915843590354676, train_AP=0.9882424848197743, time=1763019105.7160425
INFO - 11/13/25 15:31:46 - 0:31:21 - Epoch 105: val_AUC=0.9612347108003493, val_AP=0.9565822643753711
INFO - 11/13/25 15:31:48 - 0:31:23 - Epoch 106: train_loss=0.8140417337417603, train_AUC=0.9919577490343203, train_AP=0.9887931476406461, time=1763019107.8568394
INFO - 11/13/25 15:31:48 - 0:31:23 - Epoch 106: val_AUC=0.9613566904299546, val_AP=0.9567570064487052
INFO - 11/13/25 15:31:50 - 0:31:25 - Epoch 107: train_loss=0.8122828006744385, train_AUC=0.9921969184953698, train_AP=0.9892119505014907, time=1763019109.9973595
INFO - 11/13/25 15:31:51 - 0:31:26 - Epoch 107: val_AUC=0.9614552515997863, val_AP=0.956930792825839
INFO - 11/13/25 15:31:53 - 0:31:28 - Epoch 108: train_loss=0.8105838298797607, train_AUC=0.992305351966901, train_AP=0.9895281387237211, time=1763019112.1456413
INFO - 11/13/25 15:31:53 - 0:31:28 - Epoch 108: val_AUC=0.9615513691042501, val_AP=0.9570975636788668
INFO - 11/13/25 15:31:55 - 0:31:30 - Epoch 109: train_loss=0.8090985417366028, train_AUC=0.9923362511129561, train_AP=0.9894637534717079, time=1763019114.3340828
INFO - 11/13/25 15:31:55 - 0:31:30 - Epoch 109: val_AUC=0.9616368973921203, val_AP=0.9572283922203054
INFO - 11/13/25 15:31:57 - 0:31:32 - Epoch 110: train_loss=0.8079783916473389, train_AUC=0.9924953169995848, train_AP=0.9896972196423937, time=1763019116.4820209
INFO - 11/13/25 15:31:57 - 0:31:32 - Epoch 110: val_AUC=0.9617281275658487, val_AP=0.9573707693280098
INFO - 11/13/25 15:31:59 - 0:31:34 - Epoch 111: train_loss=0.8066644668579102, train_AUC=0.9923564123553285, train_AP=0.9892969665468513, time=1763019118.7493753
INFO - 11/13/25 15:31:59 - 0:31:34 - Epoch 111: val_AUC=0.961772520820029, val_AP=0.9574839753836392
INFO - 11/13/25 15:32:01 - 0:31:36 - Epoch 112: train_loss=0.8045696020126343, train_AUC=0.9925793831139023, train_AP=0.9897646856140198, time=1763019120.9694896
INFO - 11/13/25 15:32:02 - 0:31:37 - Epoch 112: val_AUC=0.9618297433173897, val_AP=0.9575886133687879
INFO - 11/13/25 15:32:04 - 0:31:39 - Epoch 113: train_loss=0.8037789463996887, train_AUC=0.9925255151852066, train_AP=0.9894218672468298, time=1763019123.1017928
INFO - 11/13/25 15:32:04 - 0:31:39 - Epoch 113: val_AUC=0.9618718965449828, val_AP=0.9576878663700777
INFO - 11/13/25 15:32:06 - 0:31:41 - Epoch 114: train_loss=0.8007133603096008, train_AUC=0.9931244451915783, train_AP=0.9907686408003351, time=1763019125.3335855
INFO - 11/13/25 15:32:06 - 0:31:41 - Epoch 114: val_AUC=0.9619114024684278, val_AP=0.9577902873156271
INFO - 11/13/25 15:32:08 - 0:31:43 - Epoch 115: train_loss=0.8008329272270203, train_AUC=0.9926619881307941, train_AP=0.9894656839620817, time=1763019127.506016
INFO - 11/13/25 15:32:08 - 0:31:43 - Epoch 115: val_AUC=0.9619276935708791, val_AP=0.9578610986286857
INFO - 11/13/25 15:32:10 - 0:31:45 - Epoch 116: train_loss=0.7976117134094238, train_AUC=0.9931147456956126, train_AP=0.9906624694350826, time=1763019129.7307804
INFO - 11/13/25 15:32:10 - 0:31:45 - Epoch 116: val_AUC=0.9619489738234566, val_AP=0.9579516856556926
INFO - 11/13/25 15:32:12 - 0:31:47 - Epoch 117: train_loss=0.7960700392723083, train_AUC=0.9932804701779956, train_AP=0.9906017122473856, time=1763019131.8946364
INFO - 11/13/25 15:32:13 - 0:31:47 - Epoch 117: val_AUC=0.9619682176882274, val_AP=0.958046776382415
INFO - 11/13/25 15:32:15 - 0:31:49 - Epoch 118: train_loss=0.79484623670578, train_AUC=0.9931106674444082, train_AP=0.990299904301666, time=1763019134.0081627
INFO - 11/13/25 15:32:15 - 0:31:50 - Epoch 118: val_AUC=0.9620150546077755, val_AP=0.9581555140167537
INFO - 11/13/25 15:32:16 - 0:31:51 - Epoch 119: train_loss=0.7932769060134888, train_AUC=0.9931498189025394, train_AP=0.9903932923265721, time=1763019135.9624798
INFO - 11/13/25 15:32:17 - 0:31:51 - Epoch 119: val_AUC=0.9620144436914335, val_AP=0.9582220255268832
INFO - 11/13/25 15:32:18 - 0:31:53 - Epoch 120: train_loss=0.7916655540466309, train_AUC=0.9934300641166184, train_AP=0.9909896329154804, time=1763019138.0004604
INFO - 11/13/25 15:32:19 - 0:31:54 - Epoch 120: val_AUC=0.9620199419385109, val_AP=0.9582834873107127
INFO - 11/13/25 15:32:21 - 0:31:56 - Epoch 121: train_loss=0.7908147573471069, train_AUC=0.9934388863553181, train_AP=0.9910076389057974, time=1763019140.38905
INFO - 11/13/25 15:32:21 - 0:31:56 - Epoch 121: val_AUC=0.9620453967860914, val_AP=0.9583648576544588
INFO - 11/13/25 15:32:23 - 0:31:58 - Epoch 122: train_loss=0.7881051898002625, train_AUC=0.9937595565563958, train_AP=0.9913495199519723, time=1763019142.4229312
INFO - 11/13/25 15:32:23 - 0:31:58 - Epoch 122: val_AUC=0.9620669824968395, val_AP=0.9584436979533542
INFO - 11/13/25 15:32:25 - 0:32:00 - Epoch 123: train_loss=0.7888394594192505, train_AUC=0.9933866059787193, train_AP=0.9906270000178717, time=1763019144.386961
INFO - 11/13/25 15:32:25 - 0:32:00 - Epoch 123: val_AUC=0.9620846990707556, val_AP=0.9585088153271502
INFO - 11/13/25 15:32:27 - 0:32:02 - Epoch 124: train_loss=0.7858312129974365, train_AUC=0.9938425141669528, train_AP=0.9916206807958781, time=1763019146.403098
INFO - 11/13/25 15:32:27 - 0:32:02 - Epoch 124: val_AUC=0.9621016010895489, val_AP=0.9585919339917163
INFO - 11/13/25 15:32:29 - 0:32:04 - Epoch 125: train_loss=0.784569263458252, train_AUC=0.9937461070982327, train_AP=0.9913886363622998, time=1763019148.378607
INFO - 11/13/25 15:32:29 - 0:32:04 - Epoch 125: val_AUC=0.9620948810097877, val_AP=0.9586222162655527
INFO - 11/13/25 15:32:31 - 0:32:06 - Epoch 126: train_loss=0.7824723124504089, train_AUC=0.9937829786737487, train_AP=0.991303155085097, time=1763019150.488407
INFO - 11/13/25 15:32:31 - 0:32:06 - Epoch 126: val_AUC=0.9620985465078393, val_AP=0.9586728931478508
INFO - 11/13/25 15:32:33 - 0:32:08 - Epoch 127: train_loss=0.7820145487785339, train_AUC=0.9938498994367643, train_AP=0.991382609279129, time=1763019152.546389
INFO - 11/13/25 15:32:33 - 0:32:08 - Epoch 127: val_AUC=0.9620698334397684, val_AP=0.9586972540044998
INFO - 11/13/25 15:32:35 - 0:32:10 - Epoch 128: train_loss=0.7803664207458496, train_AUC=0.99397329682846, train_AP=0.991643019683506, time=1763019154.6656718
INFO - 11/13/25 15:32:35 - 0:32:10 - Epoch 128: val_AUC=0.9620384730675494, val_AP=0.9587233285052247
INFO - 11/13/25 15:32:37 - 0:32:12 - Epoch 129: train_loss=0.7773648500442505, train_AUC=0.9943466258895463, train_AP=0.9919832730846394, time=1763019156.7083652
INFO - 11/13/25 15:32:37 - 0:32:12 - Epoch 129: val_AUC=0.9620280874897366, val_AP=0.9587393650445774
INFO - 11/13/25 15:32:39 - 0:32:14 - Epoch 130: train_loss=0.7767564654350281, train_AUC=0.994308221359354, train_AP=0.9920132633221299, time=1763019158.5502267
INFO - 11/13/25 15:32:39 - 0:32:14 - Epoch 130: val_AUC=0.9620348075694979, val_AP=0.9587944169394423
INFO - 11/13/25 15:32:41 - 0:32:16 - Epoch 131: train_loss=0.7747500538825989, train_AUC=0.994351041411914, train_AP=0.9921718908435218, time=1763019160.3966389
INFO - 11/13/25 15:32:41 - 0:32:16 - Epoch 131: val_AUC=0.962052931420975, val_AP=0.958849593038211
INFO - 11/13/25 15:32:43 - 0:32:18 - Epoch 132: train_loss=0.7736361622810364, train_AUC=0.994430877106732, train_AP=0.9920650458674347, time=1763019162.1843781
INFO - 11/13/25 15:32:43 - 0:32:18 - Epoch 132: val_AUC=0.9620519132270718, val_AP=0.9588893106047809
INFO - 11/13/25 15:32:45 - 0:32:20 - Epoch 133: train_loss=0.7735912799835205, train_AUC=0.9945086671594815, train_AP=0.9926284425712829, time=1763019164.1617157
INFO - 11/13/25 15:32:45 - 0:32:20 - Epoch 133: val_AUC=0.9620372512348656, val_AP=0.9589181808425873
INFO - 11/13/25 15:32:47 - 0:32:22 - Epoch 134: train_loss=0.7717452049255371, train_AUC=0.9942492800974319, train_AP=0.9918404847479081, time=1763019166.105931
INFO - 11/13/25 15:32:47 - 0:32:22 - Epoch 134: val_AUC=0.9620187201058269, val_AP=0.9589413995141821
INFO - 11/13/25 15:32:49 - 0:32:24 - Epoch 135: train_loss=0.7698409557342529, train_AUC=0.9944995992323887, train_AP=0.9922825188038024, time=1763019168.1527586
INFO - 11/13/25 15:32:49 - 0:32:24 - Epoch 135: val_AUC=0.9619877670111692, val_AP=0.958941711991499
INFO - 11/13/25 15:32:51 - 0:32:26 - Epoch 136: train_loss=0.7676469087600708, train_AUC=0.9950297308528353, train_AP=0.9932605617538185, time=1763019170.2118745
INFO - 11/13/25 15:32:51 - 0:32:26 - Epoch 136: val_AUC=0.9619810469314081, val_AP=0.9589800270041342
INFO - 11/13/25 15:32:53 - 0:32:28 - Epoch 137: train_loss=0.7676631212234497, train_AUC=0.9947910513596062, train_AP=0.9929455852067501, time=1763019172.3165944
INFO - 11/13/25 15:32:53 - 0:32:28 - Epoch 137: val_AUC=0.9619853233458013, val_AP=0.9590332073833878
INFO - 11/13/25 15:32:55 - 0:32:30 - Epoch 138: train_loss=0.7652809619903564, train_AUC=0.9949879594229941, train_AP=0.9930017185730053, time=1763019174.382761
INFO - 11/13/25 15:32:55 - 0:32:30 - Epoch 138: val_AUC=0.9619476501713825, val_AP=0.9590254011320126
INFO - 11/13/25 15:32:57 - 0:32:32 - Epoch 139: train_loss=0.7642223834991455, train_AUC=0.995010856348384, train_AP=0.9932193633730504, time=1763019176.4391952
INFO - 11/13/25 15:32:57 - 0:32:32 - Epoch 139: val_AUC=0.9619171043542859, val_AP=0.9590446787075878
INFO - 11/13/25 15:32:59 - 0:32:34 - Epoch 140: train_loss=0.7636123895645142, train_AUC=0.9950256105087807, train_AP=0.992962154468266, time=1763019178.899521
INFO - 11/13/25 15:33:00 - 0:32:34 - Epoch 140: val_AUC=0.9618861512596281, val_AP=0.9590514537606024
INFO - 11/13/25 15:33:02 - 0:32:37 - Epoch 141: train_loss=0.7622379064559937, train_AUC=0.9950589573804898, train_AP=0.9929961670947363, time=1763019181.3461678
INFO - 11/13/25 15:33:02 - 0:32:37 - Epoch 141: val_AUC=0.9618523472220412, val_AP=0.9590516329397618
INFO - 11/13/25 15:33:04 - 0:32:39 - Epoch 142: train_loss=0.7604793310165405, train_AUC=0.9950904771759336, train_AP=0.9931975099338444, time=1763019183.3511121
INFO - 11/13/25 15:33:04 - 0:32:39 - Epoch 142: val_AUC=0.9617910519490674, val_AP=0.9590264757308327
INFO - 11/13/25 15:33:06 - 0:32:41 - Epoch 143: train_loss=0.7588621973991394, train_AUC=0.9951917029073308, train_AP=0.9933441442708453, time=1763019185.2118363
INFO - 11/13/25 15:33:06 - 0:32:41 - Epoch 143: val_AUC=0.9617584697441646, val_AP=0.9590101872441339
INFO - 11/13/25 15:33:08 - 0:32:43 - Epoch 144: train_loss=0.7570369243621826, train_AUC=0.9953550772349343, train_AP=0.9936648786639566, time=1763019187.202382
INFO - 11/13/25 15:33:08 - 0:32:43 - Epoch 144: val_AUC=0.9616739596501974, val_AP=0.958991237244092
INFO - 11/13/25 15:33:10 - 0:32:45 - Epoch 145: train_loss=0.7559090852737427, train_AUC=0.9954440941024629, train_AP=0.9935337037549008, time=1763019189.1039438
INFO - 11/13/25 15:33:10 - 0:32:45 - Epoch 145: val_AUC=0.961585173141837, val_AP=0.9589614312484859
INFO - 11/13/25 15:33:11 - 0:32:46 - Epoch 146: train_loss=0.7554181814193726, train_AUC=0.9953296695326758, train_AP=0.9935511184484328, time=1763019190.9803505
INFO - 11/13/25 15:33:12 - 0:32:47 - Epoch 146: val_AUC=0.9614996448539664, val_AP=0.9589225755159297
INFO - 11/13/25 15:33:13 - 0:32:48 - Epoch 147: train_loss=0.7527415752410889, train_AUC=0.9953842378934425, train_AP=0.9935313195700808, time=1763019192.8326056
INFO - 11/13/25 15:33:13 - 0:32:48 - Epoch 147: val_AUC=0.96140576737609, val_AP=0.9588780573567656
INFO - 11/13/25 15:33:15 - 0:32:50 - Epoch 148: train_loss=0.7540217638015747, train_AUC=0.9950915025507182, train_AP=0.9929750637891508, time=1763019194.656946
INFO - 11/13/25 15:33:15 - 0:32:50 - Epoch 148: val_AUC=0.9613155553962648, val_AP=0.9588211030803926
INFO - 11/13/25 15:33:17 - 0:32:52 - Epoch 149: train_loss=0.75126713514328, train_AUC=0.9956086516090089, train_AP=0.9938448382102987, time=1763019196.4342506
INFO - 11/13/25 15:33:17 - 0:32:52 - Epoch 149: val_AUC=0.961217197865214, val_AP=0.9587635154121046
INFO - 11/13/25 15:33:19 - 0:32:54 - Epoch 150: train_loss=0.7486667633056641, train_AUC=0.9958502388551913, train_AP=0.9941753982106765, time=1763019198.3945055
INFO - 11/13/25 15:33:19 - 0:32:54 - Epoch 150: val_AUC=0.9611304477446598, val_AP=0.9586901611425781
INFO - 11/13/25 15:33:21 - 0:32:56 - Epoch 151: train_loss=0.7484076023101807, train_AUC=0.9956637743977768, train_AP=0.9939331230393466, time=1763019200.3596468
INFO - 11/13/25 15:33:21 - 0:32:56 - Epoch 151: val_AUC=0.9609785332142997, val_AP=0.9585685108922634
INFO - 11/13/25 15:33:23 - 0:32:58 - Epoch 152: train_loss=0.7476226091384888, train_AUC=0.9957252917773517, train_AP=0.9939863101505342, time=1763019202.3477936
INFO - 11/13/25 15:33:23 - 0:32:58 - Epoch 152: val_AUC=0.9608284514329654, val_AP=0.9584487736975593
INFO - 11/13/25 15:33:25 - 0:33:00 - Epoch 153: train_loss=0.7459811568260193, train_AUC=0.995765594888818, train_AP=0.9941743777853603, time=1763019204.206364
INFO - 11/13/25 15:33:25 - 0:33:00 - Epoch 153: val_AUC=0.9606783696516311, val_AP=0.9583197290787955
INFO - 11/13/25 15:33:27 - 0:33:02 - Epoch 154: train_loss=0.7436341047286987, train_AUC=0.9960339612892425, train_AP=0.9946340179785748, time=1763019206.1920137
INFO - 11/13/25 15:33:27 - 0:33:02 - Epoch 154: val_AUC=0.9605056839656453, val_AP=0.9581648834550284
INFO - 11/13/25 15:33:29 - 0:33:03 - Epoch 155: train_loss=0.7430211305618286, train_AUC=0.9959404010357092, train_AP=0.9943688866405949, time=1763019208.01501
INFO - 11/13/25 15:33:29 - 0:33:04 - Epoch 155: val_AUC=0.9603623222640724, val_AP=0.9580600932132188
INFO - 11/13/25 15:33:30 - 0:33:05 - Epoch 156: train_loss=0.7409631013870239, train_AUC=0.9961258098255767, train_AP=0.9946092426236538, time=1763019209.9430425
INFO - 11/13/25 15:33:31 - 0:33:05 - Epoch 156: val_AUC=0.960232807999583, val_AP=0.9579481477047196
INFO - 11/13/25 15:33:32 - 0:33:07 - Epoch 157: train_loss=0.7411544322967529, train_AUC=0.9962821393247049, train_AP=0.9948853952855299, time=1763019211.7665548
INFO - 11/13/25 15:33:32 - 0:33:07 - Epoch 157: val_AUC=0.96008944629801, val_AP=0.9578361902468313
INFO - 11/13/25 15:33:34 - 0:33:09 - Epoch 158: train_loss=0.7397411465644836, train_AUC=0.9962195409162004, train_AP=0.9948314427029886, time=1763019213.666158
INFO - 11/13/25 15:33:34 - 0:33:09 - Epoch 158: val_AUC=0.9599548410640044, val_AP=0.9577162522869307
INFO - 11/13/25 15:33:36 - 0:33:11 - Epoch 159: train_loss=0.7398518323898315, train_AUC=0.9962596471247108, train_AP=0.9950496506970009, time=1763019215.54607
INFO - 11/13/25 15:33:36 - 0:33:11 - Epoch 159: val_AUC=0.9597591441958061, val_AP=0.9574811113161052
INFO - 11/13/25 15:33:38 - 0:33:13 - Epoch 160: train_loss=0.7383589148521423, train_AUC=0.9961068826610326, train_AP=0.9945598872208168, time=1763019217.4016364
INFO - 11/13/25 15:33:38 - 0:33:13 - Epoch 160: val_AUC=0.9595357524534401, val_AP=0.957286705443777
INFO - 11/13/25 15:33:40 - 0:33:15 - Epoch 161: train_loss=0.7371228933334351, train_AUC=0.9962055794751278, train_AP=0.9946487325185984, time=1763019219.3176672
INFO - 11/13/25 15:33:40 - 0:33:15 - Epoch 161: val_AUC=0.9593097134069257, val_AP=0.95713125047291
INFO - 11/13/25 15:33:42 - 0:33:17 - Epoch 162: train_loss=0.7346899509429932, train_AUC=0.9965159510175782, train_AP=0.9952712275613127, time=1763019221.2586105
INFO - 11/13/25 15:33:42 - 0:33:17 - Epoch 162: val_AUC=0.9591178856755594, val_AP=0.9570016768744216
INFO - 11/13/25 15:33:44 - 0:33:19 - Epoch 163: train_loss=0.7348766326904297, train_AUC=0.9962878907226721, train_AP=0.9947868472231988, time=1763019223.1911628
INFO - 11/13/25 15:33:44 - 0:33:19 - Epoch 163: val_AUC=0.958993055103025, val_AP=0.9569585936831896
INFO - 11/13/25 15:33:46 - 0:33:21 - Epoch 164: train_loss=0.7346464395523071, train_AUC=0.9962312302239689, train_AP=0.9946385896813389, time=1763019225.167707
INFO - 11/13/25 15:33:46 - 0:33:21 - Epoch 164: val_AUC=0.9588645590324387, val_AP=0.9568683516553078
INFO - 11/13/25 15:33:48 - 0:33:22 - Epoch 165: train_loss=0.7325819730758667, train_AUC=0.9963803241558906, train_AP=0.9947328419697565, time=1763019227.0528724
INFO - 11/13/25 15:33:48 - 0:33:23 - Epoch 165: val_AUC=0.9586818950462014, val_AP=0.9567377966454835
INFO - 11/13/25 15:33:49 - 0:33:24 - Epoch 166: train_loss=0.7320343255996704, train_AUC=0.9962301356337445, train_AP=0.9945644452787606, time=1763019228.7865858
INFO - 11/13/25 15:33:49 - 0:33:24 - Epoch 166: val_AUC=0.9584711289082356, val_AP=0.9565699251378272
INFO - 11/13/25 15:33:51 - 0:33:26 - Epoch 167: train_loss=0.7301364541053772, train_AUC=0.9965750159162401, train_AP=0.9952612576305149, time=1763019230.617944
INFO - 11/13/25 15:33:51 - 0:33:26 - Epoch 167: val_AUC=0.9583259344576367, val_AP=0.9564674626569553
INFO - 11/13/25 15:33:53 - 0:33:28 - Epoch 168: train_loss=0.7296518683433533, train_AUC=0.9963466120098252, train_AP=0.9946689691444651, time=1763019232.423133
INFO - 11/13/25 15:33:53 - 0:33:28 - Epoch 168: val_AUC=0.958164041627025, val_AP=0.9563881852036773
INFO - 11/13/25 15:33:55 - 0:33:30 - Epoch 169: train_loss=0.7279189229011536, train_AUC=0.996611781114846, train_AP=0.9952606181253458, time=1763019234.3794632
INFO - 11/13/25 15:33:55 - 0:33:30 - Epoch 169: val_AUC=0.9580255672561873, val_AP=0.9563008242197312
INFO - 11/13/25 15:33:57 - 0:33:32 - Epoch 170: train_loss=0.7282490730285645, train_AUC=0.9966369126598285, train_AP=0.9953098111232695, time=1763019236.26997
INFO - 11/13/25 15:33:57 - 0:33:32 - Epoch 170: val_AUC=0.9579465554092977, val_AP=0.9562682603258883
INFO - 11/13/25 15:33:59 - 0:33:34 - Epoch 171: train_loss=0.7253995537757874, train_AUC=0.9965841158973024, train_AP=0.9952775776562028, time=1763019238.237372
INFO - 11/13/25 15:33:59 - 0:33:34 - Epoch 171: val_AUC=0.957815004757002, val_AP=0.9561912867389722
INFO - 11/13/25 15:34:01 - 0:33:36 - Epoch 172: train_loss=0.7250975370407104, train_AUC=0.9965442435770975, train_AP=0.9951372106550977, time=1763019240.207235
INFO - 11/13/25 15:34:01 - 0:33:36 - Epoch 172: val_AUC=0.9576708285003063, val_AP=0.9561351191169309
INFO - 11/13/25 15:34:03 - 0:33:38 - Epoch 173: train_loss=0.7228747606277466, train_AUC=0.9967369869140114, train_AP=0.9954002886788302, time=1763019242.1308146
INFO - 11/13/25 15:34:03 - 0:33:38 - Epoch 173: val_AUC=0.9574826662669916, val_AP=0.9560135368296395
INFO - 11/13/25 15:34:05 - 0:33:39 - Epoch 174: train_loss=0.7229785323143005, train_AUC=0.9968191155243774, train_AP=0.9954726701602765, time=1763019244.007072
INFO - 11/13/25 15:34:05 - 0:33:40 - Epoch 174: val_AUC=0.9573067223605157, val_AP=0.9558919452452903
INFO - 11/13/25 15:34:06 - 0:33:41 - Epoch 175: train_loss=0.7211899757385254, train_AUC=0.9968060123195339, train_AP=0.9955069095641167, time=1763019245.9885168
INFO - 11/13/25 15:34:07 - 0:33:42 - Epoch 175: val_AUC=0.957160407896623, val_AP=0.9558104962491503
INFO - 11/13/25 15:34:08 - 0:33:43 - Epoch 176: train_loss=0.7209887504577637, train_AUC=0.9966173234575283, train_AP=0.9952246778272709, time=1763019247.8820875
INFO - 11/13/25 15:34:08 - 0:33:43 - Epoch 176: val_AUC=0.9570126679612663, val_AP=0.9557313086468969
INFO - 11/13/25 15:34:10 - 0:33:45 - Epoch 177: train_loss=0.7206062078475952, train_AUC=0.9966940997594602, train_AP=0.9952096057098765, time=1763019249.7348528
INFO - 11/13/25 15:34:10 - 0:33:45 - Epoch 177: val_AUC=0.9569145140689961, val_AP=0.9556864463685155
INFO - 11/13/25 15:34:12 - 0:33:47 - Epoch 178: train_loss=0.7193068861961365, train_AUC=0.9968401871347095, train_AP=0.9953836432000542, time=1763019251.704433
INFO - 11/13/25 15:34:12 - 0:33:47 - Epoch 178: val_AUC=0.956835705860887, val_AP=0.9556531621296599
INFO - 11/13/25 15:34:14 - 0:33:49 - Epoch 179: train_loss=0.7175937294960022, train_AUC=0.9967878997132823, train_AP=0.9954124823871051, time=1763019253.596311
INFO - 11/13/25 15:34:14 - 0:33:49 - Epoch 179: val_AUC=0.9567422356605716, val_AP=0.9556019228695317
INFO - 11/13/25 15:34:16 - 0:33:51 - Epoch 180: train_loss=0.7180036902427673, train_AUC=0.9966439944736534, train_AP=0.9951380641848206, time=1763019255.5401862
INFO - 11/13/25 15:34:16 - 0:33:51 - Epoch 180: val_AUC=0.9566591510380691, val_AP=0.9555464921520471
INFO - 11/13/25 15:34:18 - 0:33:53 - Epoch 181: train_loss=0.7166926264762878, train_AUC=0.9967910491038522, train_AP=0.9953557927876975, time=1763019257.5201488
INFO - 11/13/25 15:34:18 - 0:33:53 - Epoch 181: val_AUC=0.9565858410770375, val_AP=0.9555125942205869
INFO - 11/13/25 15:34:20 - 0:33:55 - Epoch 182: train_loss=0.715924859046936, train_AUC=0.9969579606398332, train_AP=0.9957760632441964, time=1763019259.3725398
INFO - 11/13/25 15:34:20 - 0:33:55 - Epoch 182: val_AUC=0.956535033201267, val_AP=0.9554896397492086
INFO - 11/13/25 15:34:22 - 0:33:57 - Epoch 183: train_loss=0.7142900228500366, train_AUC=0.9970795816780288, train_AP=0.9957913693988463, time=1763019261.1740048
INFO - 11/13/25 15:34:22 - 0:33:57 - Epoch 183: val_AUC=0.9565614044233602, val_AP=0.9555686701433581
INFO - 11/13/25 15:34:24 - 0:33:58 - Epoch 184: train_loss=0.7139459252357483, train_AUC=0.9971105794516827, train_AP=0.9960535621777279, time=1763019263.0350173
INFO - 11/13/25 15:34:24 - 0:33:59 - Epoch 184: val_AUC=0.9565320804389474, val_AP=0.9555956093783354
INFO - 11/13/25 15:34:26 - 0:34:00 - Epoch 185: train_loss=0.7130801677703857, train_AUC=0.996928117161325, train_AP=0.9956798312510045, time=1763019265.023495
INFO - 11/13/25 15:34:26 - 0:34:01 - Epoch 185: val_AUC=0.9565027564545348, val_AP=0.9555986328950685
INFO - 11/13/25 15:34:27 - 0:34:02 - Epoch 186: train_loss=0.7141276597976685, train_AUC=0.996831905058233, train_AP=0.9954612120603721, time=1763019266.9689698
INFO - 11/13/25 15:34:28 - 0:34:03 - Epoch 186: val_AUC=0.9564730251925608, val_AP=0.9555961220746668
INFO - 11/13/25 15:34:29 - 0:34:04 - Epoch 187: train_loss=0.7114242315292358, train_AUC=0.9969449882926785, train_AP=0.9957883541423214, time=1763019268.9373345
INFO - 11/13/25 15:34:30 - 0:34:04 - Epoch 187: val_AUC=0.9564164136115418, val_AP=0.9555847658717345
INFO - 11/13/25 15:34:31 - 0:34:06 - Epoch 188: train_loss=0.7097943425178528, train_AUC=0.9970977534608396, train_AP=0.9959502824803786, time=1763019270.87207
INFO - 11/13/25 15:34:31 - 0:34:06 - Epoch 188: val_AUC=0.9563459545934392, val_AP=0.9555633373645914
INFO - 11/13/25 15:34:33 - 0:34:08 - Epoch 189: train_loss=0.7101476788520813, train_AUC=0.9969925340161797, train_AP=0.9955604582885438, time=1763019272.85059
INFO - 11/13/25 15:34:33 - 0:34:08 - Epoch 189: val_AUC=0.9562571680850789, val_AP=0.9554930371730621
INFO - 11/13/25 15:34:35 - 0:34:10 - Epoch 190: train_loss=0.7085181474685669, train_AUC=0.9971472174911346, train_AP=0.9959249756228739, time=1763019274.7460308
INFO - 11/13/25 15:34:35 - 0:34:10 - Epoch 190: val_AUC=0.9561643088011051, val_AP=0.955437157581966
INFO - 11/13/25 15:34:37 - 0:34:12 - Epoch 191: train_loss=0.7084468603134155, train_AUC=0.9970073128334761, train_AP=0.995859320889512, time=1763019276.6937144
INFO - 11/13/25 15:34:37 - 0:34:12 - Epoch 191: val_AUC=0.9560555656922416, val_AP=0.9553266509248983
INFO - 11/13/25 15:34:39 - 0:34:14 - Epoch 192: train_loss=0.7072381973266602, train_AUC=0.9971653052643659, train_AP=0.9958876600730256, time=1763019278.6071045
INFO - 11/13/25 15:34:39 - 0:34:14 - Epoch 192: val_AUC=0.9560097469665967, val_AP=0.9552866970476365
INFO - 11/13/25 15:34:41 - 0:34:16 - Epoch 193: train_loss=0.7054610252380371, train_AUC=0.997010660359847, train_AP=0.9955871067084552, time=1763019280.499159
INFO - 11/13/25 15:34:41 - 0:34:16 - Epoch 193: val_AUC=0.9559743138187647, val_AP=0.9552659406834866
INFO - 11/13/25 15:34:43 - 0:34:18 - Epoch 194: train_loss=0.7055233716964722, train_AUC=0.9969662525790695, train_AP=0.9955222455412311, time=1763019282.4703481
INFO - 11/13/25 15:34:43 - 0:34:18 - Epoch 194: val_AUC=0.955964539157294, val_AP=0.9552466989433375
INFO - 11/13/25 15:34:45 - 0:34:20 - Epoch 195: train_loss=0.7050710916519165, train_AUC=0.9972301041250446, train_AP=0.9960661252684856, time=1763019284.4645736
INFO - 11/13/25 15:34:45 - 0:34:20 - Epoch 195: val_AUC=0.9559295132870232, val_AP=0.9552147806080346
INFO - 11/13/25 15:34:47 - 0:34:22 - Epoch 196: train_loss=0.7037066221237183, train_AUC=0.9970365513373389, train_AP=0.995566607385849, time=1763019286.4645717
INFO - 11/13/25 15:34:47 - 0:34:22 - Epoch 196: val_AUC=0.9558580360750174, val_AP=0.9551641095615778
INFO - 11/13/25 15:34:49 - 0:34:24 - Epoch 197: train_loss=0.7032027244567871, train_AUC=0.9972287265088363, train_AP=0.9960712376372077, time=1763019288.4340227
INFO - 11/13/25 15:34:49 - 0:34:24 - Epoch 197: val_AUC=0.9556829067236638, val_AP=0.9550131047860595
INFO - 11/13/25 15:34:51 - 0:34:26 - Epoch 198: train_loss=0.70160973072052, train_AUC=0.9972700509443108, train_AP=0.9960649791462889, time=1763019290.2727172
INFO - 11/13/25 15:34:51 - 0:34:26 - Epoch 198: val_AUC=0.9555328249423296, val_AP=0.954877452415256
INFO - 11/13/25 15:34:53 - 0:34:28 - Epoch 199: train_loss=0.7024435997009277, train_AUC=0.9973485835219815, train_AP=0.9961631497781307, time=1763019292.2373106
INFO - 11/13/25 15:34:53 - 0:34:28 - Epoch 199: val_AUC=0.9554481112095817, val_AP=0.95481183930031
INFO - 11/13/25 15:34:55 - 0:34:30 - Epoch 200: train_loss=0.7005178928375244, train_AUC=0.9974938656733361, train_AP=0.9962813958032409, time=1763019294.146162
INFO - 11/13/25 15:34:55 - 0:34:30 - Epoch 200: val_AUC=0.9553357026026665, val_AP=0.9547297547153433
INFO - 11/13/25 15:34:57 - 0:34:32 - Epoch 201: train_loss=0.6996885538101196, train_AUC=0.9973787998480369, train_AP=0.9961117469864057, time=1763019296.0815604
INFO - 11/13/25 15:34:57 - 0:34:32 - Epoch 201: val_AUC=0.9552143338894029, val_AP=0.9546361862598216
INFO - 11/13/25 15:34:58 - 0:34:33 - Epoch 202: train_loss=0.6988025903701782, train_AUC=0.9975661311715952, train_AP=0.99663603055735, time=1763019297.9801779
INFO - 11/13/25 15:34:59 - 0:34:34 - Epoch 202: val_AUC=0.9550652703019717, val_AP=0.954514046850911
INFO - 11/13/25 15:35:00 - 0:34:35 - Epoch 203: train_loss=0.6977726221084595, train_AUC=0.9975791371578058, train_AP=0.9965459128961662, time=1763019299.973435
INFO - 11/13/25 15:35:01 - 0:34:36 - Epoch 203: val_AUC=0.9549353487599211, val_AP=0.9544002401321633
INFO - 11/13/25 15:35:02 - 0:34:37 - Epoch 204: train_loss=0.6974217891693115, train_AUC=0.9973914430255809, train_AP=0.9962569885298354, time=1763019301.9505394
INFO - 11/13/25 15:35:03 - 0:34:37 - Epoch 204: val_AUC=0.9548335293695994, val_AP=0.9543004604133425
INFO - 11/13/25 15:35:04 - 0:34:39 - Epoch 205: train_loss=0.6982890963554382, train_AUC=0.9974683253521813, train_AP=0.9964333823735474, time=1763019303.9239662
INFO - 11/13/25 15:35:05 - 0:34:39 - Epoch 205: val_AUC=0.9547042187438908, val_AP=0.9541889554595026
INFO - 11/13/25 15:35:06 - 0:34:41 - Epoch 206: train_loss=0.6958991289138794, train_AUC=0.997528490124689, train_AP=0.996529103433654, time=1763019305.8679972
INFO - 11/13/25 15:35:06 - 0:34:41 - Epoch 206: val_AUC=0.954562486152563, val_AP=0.954079718885667
INFO - 11/13/25 15:35:08 - 0:34:43 - Epoch 207: train_loss=0.6954540014266968, train_AUC=0.9976131323298552, train_AP=0.9967183524035256, time=1763019307.8128994
INFO - 11/13/25 15:35:08 - 0:34:43 - Epoch 207: val_AUC=0.9544142371202544, val_AP=0.953964028913641
INFO - 11/13/25 15:35:10 - 0:34:45 - Epoch 208: train_loss=0.6943423748016357, train_AUC=0.9974185735406432, train_AP=0.9962040276645024, time=1763019309.679311
INFO - 11/13/25 15:35:10 - 0:34:45 - Epoch 208: val_AUC=0.9543557927902098, val_AP=0.9539160154503044
INFO - 11/13/25 15:35:12 - 0:34:47 - Epoch 209: train_loss=0.6935398578643799, train_AUC=0.99772008726801, train_AP=0.9967860831410114, time=1763019311.630667
INFO - 11/13/25 15:35:12 - 0:34:47 - Epoch 209: val_AUC=0.9543014212357778, val_AP=0.9538636448781765
INFO - 11/13/25 15:35:14 - 0:34:49 - Epoch 210: train_loss=0.6949002742767334, train_AUC=0.9974437440083029, train_AP=0.9963587851655888, time=1763019313.556349
INFO - 11/13/25 15:35:14 - 0:34:49 - Epoch 210: val_AUC=0.9543040685399262, val_AP=0.9539341065431894
INFO - 11/13/25 15:35:16 - 0:34:51 - Epoch 211: train_loss=0.6939330697059631, train_AUC=0.9975178121020482, train_AP=0.99634614482234, time=1763019315.3611646
INFO - 11/13/25 15:35:16 - 0:34:51 - Epoch 211: val_AUC=0.9542323876891396, val_AP=0.9539114412751946
INFO - 11/13/25 15:35:18 - 0:34:53 - Epoch 212: train_loss=0.6934043169021606, train_AUC=0.9973931277963108, train_AP=0.9960778538659054, time=1763019317.3144562
INFO - 11/13/25 15:35:18 - 0:34:53 - Epoch 212: val_AUC=0.9540464654824122, val_AP=0.9537585012875518
INFO - 11/13/25 15:35:20 - 0:34:55 - Epoch 213: train_loss=0.6920346617698669, train_AUC=0.9977037156149953, train_AP=0.9967404708589666, time=1763019319.271491
INFO - 11/13/25 15:35:20 - 0:34:55 - Epoch 213: val_AUC=0.953880296237407, val_AP=0.9536337809486033
INFO - 11/13/25 15:35:22 - 0:34:57 - Epoch 214: train_loss=0.6918318271636963, train_AUC=0.9973553865367196, train_AP=0.9961461017701772, time=1763019321.1655316
INFO - 11/13/25 15:35:22 - 0:34:57 - Epoch 214: val_AUC=0.9537843823717238, val_AP=0.953558507209478
INFO - 11/13/25 15:35:24 - 0:34:58 - Epoch 215: train_loss=0.6903988122940063, train_AUC=0.9975755451758869, train_AP=0.9963064709410437, time=1763019323.0644283
INFO - 11/13/25 15:35:24 - 0:34:59 - Epoch 215: val_AUC=0.9537035377758082, val_AP=0.9535002931922921
INFO - 11/13/25 15:35:26 - 0:35:01 - Epoch 216: train_loss=0.6901639103889465, train_AUC=0.9975456886644459, train_AP=0.9965381143777327, time=1763019325.2281358
INFO - 11/13/25 15:35:26 - 0:35:01 - Epoch 216: val_AUC=0.9536379660884411, val_AP=0.9534458137789127
INFO - 11/13/25 15:35:28 - 0:35:03 - Epoch 217: train_loss=0.6882141828536987, train_AUC=0.99778086863913, train_AP=0.996912350877092, time=1763019327.3628778
INFO - 11/13/25 15:35:28 - 0:35:03 - Epoch 217: val_AUC=0.9535768744542479, val_AP=0.9533416878508456
INFO - 11/13/25 15:35:30 - 0:35:05 - Epoch 218: train_loss=0.6892729997634888, train_AUC=0.997610820569391, train_AP=0.9963720649002668, time=1763019329.5246413
INFO - 11/13/25 15:35:30 - 0:35:05 - Epoch 218: val_AUC=0.9534972516910165, val_AP=0.9533136341739649
INFO - 11/13/25 15:35:32 - 0:35:07 - Epoch 219: train_loss=0.6877627372741699, train_AUC=0.9976739665371888, train_AP=0.9964236757524301, time=1763019331.7762759
INFO - 11/13/25 15:35:32 - 0:35:07 - Epoch 219: val_AUC=0.9533764938940948, val_AP=0.953215799141192
INFO - 11/13/25 15:35:34 - 0:35:09 - Epoch 220: train_loss=0.688451886177063, train_AUC=0.9975347610787565, train_AP=0.9964358578302686, time=1763019333.9887471
INFO - 11/13/25 15:35:35 - 0:35:10 - Epoch 220: val_AUC=0.9532919838001277, val_AP=0.9531457720484203
INFO - 11/13/25 15:35:37 - 0:35:12 - Epoch 221: train_loss=0.6860156059265137, train_AUC=0.9978193645759715, train_AP=0.9968234797440679, time=1763019336.0964954
INFO - 11/13/25 15:35:37 - 0:35:12 - Epoch 221: val_AUC=0.9532513578633893, val_AP=0.9531014829990307
INFO - 11/13/25 15:35:39 - 0:35:14 - Epoch 222: train_loss=0.6849405765533447, train_AUC=0.9976888149221663, train_AP=0.9963963999644955, time=1763019338.3148725
INFO - 11/13/25 15:35:39 - 0:35:14 - Epoch 222: val_AUC=0.9532567542910764, val_AP=0.9531110289733954
INFO - 11/13/25 15:35:41 - 0:35:16 - Epoch 223: train_loss=0.684966504573822, train_AUC=0.9978190468542073, train_AP=0.9967625988576829, time=1763019340.4261954
INFO - 11/13/25 15:35:41 - 0:35:16 - Epoch 223: val_AUC=0.9531881280219995, val_AP=0.9530604590312787
INFO - 11/13/25 15:35:43 - 0:35:18 - Epoch 224: train_loss=0.6837421655654907, train_AUC=0.9979088451693345, train_AP=0.997100033162563, time=1763019342.5822077
INFO - 11/13/25 15:35:43 - 0:35:18 - Epoch 224: val_AUC=0.9531231672509742, val_AP=0.9530661980679607
INFO - 11/13/25 15:35:45 - 0:35:20 - Epoch 225: train_loss=0.6835373640060425, train_AUC=0.9978396579088779, train_AP=0.9969501504728043, time=1763019344.7083228
INFO - 11/13/25 15:35:45 - 0:35:20 - Epoch 225: val_AUC=0.9530834576887488, val_AP=0.9531007475314768
INFO - 11/13/25 15:35:48 - 0:35:22 - Epoch 226: train_loss=0.6838235259056091, train_AUC=0.9978016542294259, train_AP=0.9967899617469229, time=1763019347.0297372
INFO - 11/13/25 15:35:48 - 0:35:23 - Epoch 226: val_AUC=0.9531127816731614, val_AP=0.9530617028638467
INFO - 11/13/25 15:35:50 - 0:35:25 - Epoch 227: train_loss=0.6825761795043945, train_AUC=0.9976356777183043, train_AP=0.9965278227382434, time=1763019349.2867854
INFO - 11/13/25 15:35:50 - 0:35:25 - Epoch 227: val_AUC=0.9531158362548711, val_AP=0.9530418195154438
INFO - 11/13/25 15:35:52 - 0:35:27 - Epoch 228: train_loss=0.6811476945877075, train_AUC=0.9980239275499807, train_AP=0.9971412737322557, time=1763019351.64047
INFO - 11/13/25 15:35:52 - 0:35:27 - Epoch 228: val_AUC=0.9530563737309231, val_AP=0.9529886733995905
INFO - 11/13/25 15:35:54 - 0:35:29 - Epoch 229: train_loss=0.6810685396194458, train_AUC=0.9979121234802657, train_AP=0.9969600381308589, time=1763019353.992769
INFO - 11/13/25 15:35:55 - 0:35:30 - Epoch 229: val_AUC=0.9529940602640462, val_AP=0.9529511710777318
INFO - 11/13/25 15:35:57 - 0:35:32 - Epoch 230: train_loss=0.6812640428543091, train_AUC=0.9978963730050018, train_AP=0.997026975824995, time=1763019356.456018
INFO - 11/13/25 15:35:57 - 0:35:32 - Epoch 230: val_AUC=0.9529233976071628, val_AP=0.9529260997790585
INFO - 11/13/25 15:35:59 - 0:35:34 - Epoch 231: train_loss=0.6802244186401367, train_AUC=0.9978040072021367, train_AP=0.9966802838660552, time=1763019358.7882833
INFO - 11/13/25 15:35:59 - 0:35:34 - Epoch 231: val_AUC=0.9528849098776213, val_AP=0.9529002959577964
INFO - 11/13/25 15:36:02 - 0:35:37 - Epoch 232: train_loss=0.679542064666748, train_AUC=0.9977217239577856, train_AP=0.9965702733071811, time=1763019361.2338514
INFO - 11/13/25 15:36:02 - 0:35:37 - Epoch 232: val_AUC=0.952875949771273, val_AP=0.9528407583679586
INFO - 11/13/25 15:36:04 - 0:35:39 - Epoch 233: train_loss=0.6784908771514893, train_AUC=0.997819786737318, train_AP=0.9967156495660241, time=1763019363.7117863
INFO - 11/13/25 15:36:04 - 0:35:39 - Epoch 233: val_AUC=0.9528653605546794, val_AP=0.9528733128139804
INFO - 11/13/25 15:36:06 - 0:35:41 - Epoch 234: train_loss=0.6779544949531555, train_AUC=0.9979932596504203, train_AP=0.9969560612682147, time=1763019365.8525875
INFO - 11/13/25 15:36:06 - 0:35:41 - Epoch 234: val_AUC=0.952774741297293, val_AP=0.9528057752126603
INFO - 11/13/25 15:36:08 - 0:35:43 - Epoch 235: train_loss=0.6770415306091309, train_AUC=0.9981276135116023, train_AP=0.9973015008682533, time=1763019367.764948
INFO - 11/13/25 15:36:08 - 0:35:43 - Epoch 235: val_AUC=0.9526287322915716, val_AP=0.9527137071065254
INFO - 11/13/25 15:36:10 - 0:35:45 - Epoch 236: train_loss=0.6769413352012634, train_AUC=0.9978736185612677, train_AP=0.9968137141826725, time=1763019369.67981
INFO - 11/13/25 15:36:10 - 0:35:45 - Epoch 236: val_AUC=0.9524786505102374, val_AP=0.9525932640537863
INFO - 11/13/25 15:36:12 - 0:35:47 - Epoch 237: train_loss=0.6762816309928894, train_AUC=0.9980269996235581, train_AP=0.9971427673039275, time=1763019371.5676908
INFO - 11/13/25 15:36:12 - 0:35:47 - Epoch 237: val_AUC=0.9523853839487026, val_AP=0.9525359097664758
INFO - 11/13/25 15:36:14 - 0:35:49 - Epoch 238: train_loss=0.675701916217804, train_AUC=0.9980249124170016, train_AP=0.9970449386034298, time=1763019373.3765032
INFO - 11/13/25 15:36:14 - 0:35:49 - Epoch 238: val_AUC=0.9522900809993612, val_AP=0.9524805045903624
INFO - 11/13/25 15:36:16 - 0:35:51 - Epoch 239: train_loss=0.6740298271179199, train_AUC=0.9980645261920016, train_AP=0.9971860022348981, time=1763019375.2148483
INFO - 11/13/25 15:36:16 - 0:35:51 - Epoch 239: val_AUC=0.9521432574385174, val_AP=0.9523467582960534
INFO - 11/13/25 15:36:18 - 0:35:53 - Epoch 240: train_loss=0.6752783060073853, train_AUC=0.9978764218746388, train_AP=0.9969946669832932, time=1763019377.0783508
INFO - 11/13/25 15:36:18 - 0:35:53 - Epoch 240: val_AUC=0.9519872701325445, val_AP=0.9521958296573727
INFO - 11/13/25 15:36:19 - 0:35:54 - Epoch 241: train_loss=0.6744246482849121, train_AUC=0.9979645407026576, train_AP=0.9970151066452069, time=1763019378.9832475
INFO - 11/13/25 15:36:20 - 0:35:55 - Epoch 241: val_AUC=0.9518542940087842, val_AP=0.9521008201935528
INFO - 11/13/25 15:36:21 - 0:35:56 - Epoch 242: train_loss=0.6729303598403931, train_AUC=0.9980613697566032, train_AP=0.9971347457352799, time=1763019380.8115275
INFO - 11/13/25 15:36:21 - 0:35:56 - Epoch 242: val_AUC=0.9517148014440435, val_AP=0.9520089983061659
INFO - 11/13/25 15:36:23 - 0:35:58 - Epoch 243: train_loss=0.6721130609512329, train_AUC=0.9981334763939802, train_AP=0.9973741712831791, time=1763019382.692008
INFO - 11/13/25 15:36:23 - 0:35:58 - Epoch 243: val_AUC=0.9516451569810633, val_AP=0.9519617670242914
INFO - 11/13/25 15:36:25 - 0:36:00 - Epoch 244: train_loss=0.6724368333816528, train_AUC=0.9980971145118045, train_AP=0.9972368876631457, time=1763019384.6587353
INFO - 11/13/25 15:36:25 - 0:36:00 - Epoch 244: val_AUC=0.9516190912171409, val_AP=0.9519373893180618
INFO - 11/13/25 15:36:27 - 0:36:02 - Epoch 245: train_loss=0.6709182262420654, train_AUC=0.9981555240652975, train_AP=0.9971924626335164, time=1763019386.650822
INFO - 11/13/25 15:36:27 - 0:36:02 - Epoch 245: val_AUC=0.951585898095896, val_AP=0.9519325422369863
INFO - 11/13/25 15:36:29 - 0:36:04 - Epoch 246: train_loss=0.6710415482521057, train_AUC=0.9981463052027546, train_AP=0.9972467367606407, time=1763019388.6078012
INFO - 11/13/25 15:36:29 - 0:36:04 - Epoch 246: val_AUC=0.9514696203521485, val_AP=0.9518339521142575
INFO - 11/13/25 15:36:31 - 0:36:06 - Epoch 247: train_loss=0.6704407930374146, train_AUC=0.9980973735853716, train_AP=0.997336518229947, time=1763019390.5198352
INFO - 11/13/25 15:36:31 - 0:36:06 - Epoch 247: val_AUC=0.9512600760468662, val_AP=0.9516896210555372
INFO - 11/13/25 15:36:33 - 0:36:08 - Epoch 248: train_loss=0.669950544834137, train_AUC=0.998109920601007, train_AP=0.99717099320562, time=1763019392.4935715
INFO - 11/13/25 15:36:33 - 0:36:08 - Epoch 248: val_AUC=0.9511411509989703, val_AP=0.9516070092505498
INFO - 11/13/25 15:36:35 - 0:36:10 - Epoch 249: train_loss=0.6692087650299072, train_AUC=0.9981027855987271, train_AP=0.997253371705238, time=1763019394.3781831
INFO - 11/13/25 15:36:35 - 0:36:10 - Epoch 249: val_AUC=0.9511085687940675, val_AP=0.9515767213819487
INFO - 11/13/25 15:36:37 - 0:36:12 - Epoch 250: train_loss=0.6691677570343018, train_AUC=0.9980935163656607, train_AP=0.9972292356242168, time=1763019396.362265
INFO - 11/13/25 15:36:37 - 0:36:12 - Epoch 250: val_AUC=0.9510814848362419, val_AP=0.9515548085201033
INFO - 11/13/25 15:36:39 - 0:36:14 - Epoch 251: train_loss=0.6689445972442627, train_AUC=0.9982655531904782, train_AP=0.9975596870924108, time=1763019398.3173764
INFO - 11/13/25 15:36:39 - 0:36:14 - Epoch 251: val_AUC=0.9509898473849522, val_AP=0.951488697506665
INFO - 11/13/25 15:36:41 - 0:36:16 - Epoch 252: train_loss=0.6673464775085449, train_AUC=0.9981393223687698, train_AP=0.9973050233693479, time=1763019400.3132358
INFO - 11/13/25 15:36:41 - 0:36:16 - Epoch 252: val_AUC=0.9508766242229144, val_AP=0.9513968493293631
INFO - 11/13/25 15:36:43 - 0:36:18 - Epoch 253: train_loss=0.6667004823684692, train_AUC=0.9982615230202282, train_AP=0.9975761050997138, time=1763019402.3010626
INFO - 11/13/25 15:36:43 - 0:36:18 - Epoch 253: val_AUC=0.950805961566031, val_AP=0.9513603977733429
INFO - 11/13/25 15:36:45 - 0:36:20 - Epoch 254: train_loss=0.6663761138916016, train_AUC=0.9981516210542014, train_AP=0.9973003572677608, time=1763019404.3011065
INFO - 11/13/25 15:36:45 - 0:36:20 - Epoch 254: val_AUC=0.9506638216971419, val_AP=0.9513154133294129
INFO - 11/13/25 15:36:47 - 0:36:22 - Epoch 255: train_loss=0.6658735871315002, train_AUC=0.9982145000229999, train_AP=0.9973614365698736, time=1763019406.2929802
INFO - 11/13/25 15:36:47 - 0:36:22 - Epoch 255: val_AUC=0.9505053907258011, val_AP=0.9512171760972741
INFO - 11/13/25 15:36:49 - 0:36:24 - Epoch 256: train_loss=0.6652356386184692, train_AUC=0.9981289372348728, train_AP=0.9971538969947211, time=1763019408.2220623
INFO - 11/13/25 15:36:49 - 0:36:24 - Epoch 256: val_AUC=0.9501162370159912, val_AP=0.9509781685522521
INFO - 11/13/25 15:36:51 - 0:36:26 - Epoch 257: train_loss=0.669377326965332, train_AUC=0.9980286858032538, train_AP=0.9970126987032857, time=1763019410.146217
INFO - 11/13/25 15:36:51 - 0:36:26 - Epoch 257: val_AUC=0.9497201595876397, val_AP=0.9508939562072056
INFO - 11/13/25 15:36:53 - 0:36:28 - Epoch 258: train_loss=0.6703171730041504, train_AUC=0.9983279353227485, train_AP=0.9975759295517201, time=1763019412.1248999
INFO - 11/13/25 15:36:53 - 0:36:28 - Epoch 258: val_AUC=0.9492733761029076, val_AP=0.9504218963363441
INFO - 11/13/25 15:36:55 - 0:36:29 - Epoch 259: train_loss=0.672571063041687, train_AUC=0.9982072500138952, train_AP=0.9972605252076273, time=1763019414.0188062
INFO - 11/13/25 15:36:55 - 0:36:30 - Epoch 259: val_AUC=0.9488935897770074, val_AP=0.9499957799708886
INFO - 11/13/25 15:36:56 - 0:36:31 - Epoch 260: train_loss=0.6742604374885559, train_AUC=0.9980438749818088, train_AP=0.9969361761558728, time=1763019415.8524578
INFO - 11/13/25 15:36:56 - 0:36:31 - Epoch 260: val_AUC=0.9485946480470228, val_AP=0.9497682944057935
INFO - 11/13/25 15:36:58 - 0:36:33 - Epoch 261: train_loss=0.6731641888618469, train_AUC=0.998162622082228, train_AP=0.997325283737466, time=1763019417.70318
INFO - 11/13/25 15:36:58 - 0:36:33 - Epoch 261: val_AUC=0.9482201563294191, val_AP=0.9495568843171772
INFO - 11/13/25 15:37:00 - 0:36:35 - Epoch 262: train_loss=0.6728053092956543, train_AUC=0.9981972326200447, train_AP=0.997263208745388, time=1763019419.6866336
INFO - 11/13/25 15:37:00 - 0:36:35 - Epoch 262: val_AUC=0.9478417954749834, val_AP=0.9492415278106916
INFO - 11/13/25 15:37:02 - 0:36:37 - Epoch 263: train_loss=0.6716727614402771, train_AUC=0.9983482605335037, train_AP=0.9975251260580517, time=1763019421.5516896
INFO - 11/13/25 15:37:02 - 0:36:37 - Epoch 263: val_AUC=0.9476357130289721, val_AP=0.9491003466595807
INFO - 11/13/25 15:37:04 - 0:36:39 - Epoch 264: train_loss=0.6712300777435303, train_AUC=0.9981849374570272, train_AP=0.9972269387709632, time=1763019423.5050488
INFO - 11/13/25 15:37:04 - 0:36:39 - Epoch 264: val_AUC=0.9475829705847855, val_AP=0.9490033101680265
INFO - 11/13/25 15:37:06 - 0:36:41 - Epoch 265: train_loss=0.6690483093261719, train_AUC=0.9984124341656552, train_AP=0.9976757589228297, time=1763019425.5005794
INFO - 11/13/25 15:37:06 - 0:36:41 - Epoch 265: val_AUC=0.9476731825646106, val_AP=0.9491257608575926
INFO - 11/13/25 15:37:08 - 0:36:43 - Epoch 266: train_loss=0.6676505208015442, train_AUC=0.9984083627831586, train_AP=0.9976360434047655, time=1763019427.482626
INFO - 11/13/25 15:37:08 - 0:36:43 - Epoch 266: val_AUC=0.9478971852233186, val_AP=0.9494875511245761
INFO - 11/13/25 15:37:10 - 0:36:45 - Epoch 267: train_loss=0.6683042049407959, train_AUC=0.9981382841371732, train_AP=0.9970498992381356, time=1763019429.4717233
INFO - 11/13/25 15:37:10 - 0:36:45 - Epoch 267: val_AUC=0.9482788042982445, val_AP=0.9499326349384336
INFO - 11/13/25 15:37:12 - 0:36:47 - Epoch 268: train_loss=0.6658246517181396, train_AUC=0.998310240122584, train_AP=0.9973530691232501, time=1763019431.3297763
INFO - 11/13/25 15:37:12 - 0:36:47 - Epoch 268: val_AUC=0.9485797824160358, val_AP=0.9502023371206759
INFO - 11/13/25 15:37:14 - 0:36:49 - Epoch 269: train_loss=0.664546549320221, train_AUC=0.9984739723274741, train_AP=0.9977062784433218, time=1763019433.2014303
INFO - 11/13/25 15:37:14 - 0:36:49 - Epoch 269: val_AUC=0.948767537371789, val_AP=0.950300364004417
INFO - 11/13/25 15:37:16 - 0:36:51 - Epoch 270: train_loss=0.6637063026428223, train_AUC=0.9981697292574354, train_AP=0.9971347075645393, time=1763019435.1307466
INFO - 11/13/25 15:37:16 - 0:36:51 - Epoch 270: val_AUC=0.9489711761524324, val_AP=0.9504306965073038
INFO - 11/13/25 15:37:18 - 0:36:53 - Epoch 271: train_loss=0.6617593169212341, train_AUC=0.9984466903485997, train_AP=0.9977672472987809, time=1763019437.1148639
INFO - 11/13/25 15:37:18 - 0:36:53 - Epoch 271: val_AUC=0.9489758598443876, val_AP=0.9504199193673258
INFO - 11/13/25 15:37:20 - 0:36:54 - Epoch 272: train_loss=0.6616759300231934, train_AUC=0.9983805968245678, train_AP=0.9976291350144892, time=1763019439.015668
INFO - 11/13/25 15:37:20 - 0:36:55 - Epoch 272: val_AUC=0.9490562971627415, val_AP=0.9505805242363728
INFO - 11/13/25 15:37:21 - 0:36:56 - Epoch 273: train_loss=0.6610701084136963, train_AUC=0.9982694599001093, train_AP=0.9972927348461652, time=1763019440.9903555
INFO - 11/13/25 15:37:22 - 0:36:57 - Epoch 273: val_AUC=0.949168705769657, val_AP=0.9505747758409295
INFO - 11/13/25 15:37:23 - 0:36:58 - Epoch 274: train_loss=0.6604377031326294, train_AUC=0.9983646344760876, train_AP=0.9973949717339401, time=1763019442.9530125
INFO - 11/13/25 15:37:24 - 0:36:59 - Epoch 274: val_AUC=0.9491516001120828, val_AP=0.9505017366076844
INFO - 11/13/25 15:37:25 - 0:37:00 - Epoch 275: train_loss=0.659702718257904, train_AUC=0.9985785771108495, train_AP=0.998010029736796, time=1763019444.9295013
INFO - 11/13/25 15:37:26 - 0:37:00 - Epoch 275: val_AUC=0.9491522110284246, val_AP=0.950458545884386
INFO - 11/13/25 15:37:27 - 0:37:02 - Epoch 276: train_loss=0.6609002351760864, train_AUC=0.998287597515502, train_AP=0.9973925498547295, time=1763019446.944516
INFO - 11/13/25 15:37:28 - 0:37:02 - Epoch 276: val_AUC=0.949158931108186, val_AP=0.9503908263466139
INFO - 11/13/25 15:37:29 - 0:37:04 - Epoch 277: train_loss=0.6588703393936157, train_AUC=0.9984044409271463, train_AP=0.9976261949532145, time=1763019448.7241092
INFO - 11/13/25 15:37:29 - 0:37:04 - Epoch 277: val_AUC=0.9491312362340184, val_AP=0.9504063424699982
INFO - 11/13/25 15:37:31 - 0:37:06 - Epoch 278: train_loss=0.6597387194633484, train_AUC=0.9984160041324851, train_AP=0.9974821700601646, time=1763019450.6940675
INFO - 11/13/25 15:37:31 - 0:37:06 - Epoch 278: val_AUC=0.9491015049720444, val_AP=0.9504031545590221
INFO - 11/13/25 15:37:33 - 0:37:08 - Epoch 279: train_loss=0.6584411859512329, train_AUC=0.9984257103210378, train_AP=0.9975979292572279, time=1763019452.6297815
INFO - 11/13/25 15:37:33 - 0:37:08 - Epoch 279: val_AUC=0.9490222894863742, val_AP=0.9503923106476301
INFO - 11/13/25 15:37:35 - 0:37:10 - Epoch 280: train_loss=0.65678870677948, train_AUC=0.9985665220003626, train_AP=0.9978785845660314, time=1763019454.6002831
INFO - 11/13/25 15:37:35 - 0:37:10 - Epoch 280: val_AUC=0.9488200761771951, val_AP=0.9502271284550708
INFO - 11/13/25 15:37:37 - 0:37:12 - Epoch 281: train_loss=0.6569191813468933, train_AUC=0.9984760634086864, train_AP=0.9978276115169048, time=1763019456.5495973
INFO - 11/13/25 15:37:37 - 0:37:12 - Epoch 281: val_AUC=0.9486286557233901, val_AP=0.9500670465001543
INFO - 11/13/25 15:37:39 - 0:37:14 - Epoch 282: train_loss=0.6557508111000061, train_AUC=0.998408678567595, train_AP=0.9975351941077745, time=1763019458.3952155
INFO - 11/13/25 15:37:39 - 0:37:14 - Epoch 282: val_AUC=0.9483818455212503, val_AP=0.949891507023054
INFO - 11/13/25 15:37:41 - 0:37:16 - Epoch 283: train_loss=0.65464186668396, train_AUC=0.9983741270302167, train_AP=0.9975997297270546, time=1763019460.267538
INFO - 11/13/25 15:37:41 - 0:37:16 - Epoch 283: val_AUC=0.9483050737009475, val_AP=0.949873210333696
INFO - 11/13/25 15:37:43 - 0:37:18 - Epoch 284: train_loss=0.6551264524459839, train_AUC=0.9984340860937329, train_AP=0.9975691447214742, time=1763019462.1816304
INFO - 11/13/25 15:37:43 - 0:37:18 - Epoch 284: val_AUC=0.9482895971536186, val_AP=0.9500111259168897
INFO - 11/13/25 15:37:45 - 0:37:20 - Epoch 285: train_loss=0.6547544002532959, train_AUC=0.9983253435303524, train_AP=0.997422871377878, time=1763019464.1609545
INFO - 11/13/25 15:37:45 - 0:37:20 - Epoch 285: val_AUC=0.9482818588799542, val_AP=0.9500925799614169
INFO - 11/13/25 15:37:47 - 0:37:22 - Epoch 286: train_loss=0.6529855728149414, train_AUC=0.9985375894181763, train_AP=0.9978054452959981, time=1763019466.1515646
INFO - 11/13/25 15:37:47 - 0:37:22 - Epoch 286: val_AUC=0.9480708891032072, val_AP=0.9499110146275385
INFO - 11/13/25 15:37:49 - 0:37:24 - Epoch 287: train_loss=0.6534793376922607, train_AUC=0.9983905476447893, train_AP=0.9975763905367568, time=1763019468.1276126
INFO - 11/13/25 15:37:49 - 0:37:24 - Epoch 287: val_AUC=0.9478839487025766, val_AP=0.9497556771707729
INFO - 11/13/25 15:37:51 - 0:37:25 - Epoch 288: train_loss=0.653225839138031, train_AUC=0.9984533265770235, train_AP=0.9976607596630906, time=1763019470.047232
INFO - 11/13/25 15:37:51 - 0:37:26 - Epoch 288: val_AUC=0.9478957597518539, val_AP=0.9497759848893595
INFO - 11/13/25 15:37:52 - 0:37:27 - Epoch 289: train_loss=0.6518083810806274, train_AUC=0.9985612404924544, train_AP=0.9977622136476493, time=1763019471.981309
INFO - 11/13/25 15:37:53 - 0:37:28 - Epoch 289: val_AUC=0.9477217504137939, val_AP=0.949654927794494
INFO - 11/13/25 15:37:54 - 0:37:29 - Epoch 290: train_loss=0.6521781086921692, train_AUC=0.9984125585068778, train_AP=0.9975656040013033, time=1763019473.8386242
INFO - 11/13/25 15:37:54 - 0:37:29 - Epoch 290: val_AUC=0.9476630006255784, val_AP=0.9496384467327136
INFO - 11/13/25 15:37:56 - 0:37:31 - Epoch 291: train_loss=0.6511256694793701, train_AUC=0.9985938207107046, train_AP=0.9980410589502129, time=1763019475.7051191
INFO - 11/13/25 15:37:56 - 0:37:31 - Epoch 291: val_AUC=0.9475742141172178, val_AP=0.9496223963950163
INFO - 11/13/25 15:37:58 - 0:37:33 - Epoch 292: train_loss=0.6513959765434265, train_AUC=0.9983961928419673, train_AP=0.997490745272256, time=1763019477.7363997
INFO - 11/13/25 15:37:58 - 0:37:33 - Epoch 292: val_AUC=0.9476765426044913, val_AP=0.9496601201370277
INFO - 11/13/25 15:38:00 - 0:37:35 - Epoch 293: train_loss=0.6504998207092285, train_AUC=0.998621696920861, train_AP=0.9980081709759442, time=1763019479.7709165
INFO - 11/13/25 15:38:00 - 0:37:35 - Epoch 293: val_AUC=0.9474176158949029, val_AP=0.9495218409425076
INFO - 11/13/25 15:38:02 - 0:37:37 - Epoch 294: train_loss=0.650196373462677, train_AUC=0.9984738833865147, train_AP=0.9977084379293061, time=1763019481.643116
INFO - 11/13/25 15:38:02 - 0:37:37 - Epoch 294: val_AUC=0.9474371652178447, val_AP=0.9494984058803236
INFO - 11/13/25 15:38:04 - 0:37:39 - Epoch 295: train_loss=0.6491924524307251, train_AUC=0.9985770968162662, train_AP=0.9979007798615929, time=1763019483.4506538
INFO - 11/13/25 15:38:04 - 0:37:39 - Epoch 295: val_AUC=0.9472007405935174, val_AP=0.9493931859590423
INFO - 11/13/25 15:38:06 - 0:37:41 - Epoch 296: train_loss=0.648708164691925, train_AUC=0.9984424055078003, train_AP=0.9975769326459583, time=1763019485.299697
INFO - 11/13/25 15:38:06 - 0:37:41 - Epoch 296: val_AUC=0.9471463690390857, val_AP=0.9493612090590505
INFO - 11/13/25 15:38:08 - 0:37:43 - Epoch 297: train_loss=0.6478680372238159, train_AUC=0.9984750380339018, train_AP=0.9976175268081182, time=1763019487.479661
INFO - 11/13/25 15:38:08 - 0:37:43 - Epoch 297: val_AUC=0.9469201263537905, val_AP=0.9491785601388161
INFO - 11/13/25 15:38:10 - 0:37:45 - Epoch 298: train_loss=0.6474450826644897, train_AUC=0.9986834811233144, train_AP=0.9979675891404546, time=1763019489.7611387
INFO - 11/13/25 15:38:10 - 0:37:45 - Epoch 298: val_AUC=0.9466973455277664, val_AP=0.9490093280982896
INFO - 11/13/25 15:38:12 - 0:37:47 - Epoch 299: train_loss=0.647454023361206, train_AUC=0.998565116909323, train_AP=0.9978630649556046, time=1763019491.9725282
INFO - 11/13/25 15:38:13 - 0:37:48 - Epoch 299: val_AUC=0.9466586541594443, val_AP=0.948928239669768
INFO - 11/13/25 15:38:15 - 0:37:50 - Epoch 300: train_loss=0.6474756002426147, train_AUC=0.9985072295537408, train_AP=0.9977227963601224, time=1763019494.1318774
INFO - 11/13/25 15:38:15 - 0:37:50 - Epoch 300: val_AUC=0.9464305787251235, val_AP=0.9488717696876457
INFO - 11/13/25 15:38:15 - 0:37:50 - best_epoch=141
INFO - 11/13/25 15:38:15 - 0:37:50 - test_auc= 95.86%, test_ap= 95.73%
INFO - 11/13/25 15:38:15 - 0:37:50 - 
                                     train iters 3
INFO - 11/13/25 15:38:15 - 0:37:50 - --------------------------Training Start-------------------------
INFO - 11/13/25 15:38:19 - 0:37:54 - Epoch 0: train_loss=6.2295637130737305, train_AUC=0.9950803916233675, train_AP=0.9947496298926874, time=1763019498.3095627
INFO - 11/13/25 15:38:19 - 0:37:54 - Epoch 0: val_AUC=0.7340463270080413, val_AP=0.7860628812048754
INFO - 11/13/25 15:38:21 - 0:37:56 - Epoch 1: train_loss=3.0636515617370605, train_AUC=0.8371079102788905, train_AP=0.8907168150688544, time=1763019500.523278
INFO - 11/13/25 15:38:21 - 0:37:56 - Epoch 1: val_AUC=0.7041618268516467, val_AP=0.7564683230889306
INFO - 11/13/25 15:38:23 - 0:37:58 - Epoch 2: train_loss=3.674424886703491, train_AUC=0.7639945207691181, train_AP=0.8291576151521804, time=1763019502.5893743
INFO - 11/13/25 15:38:23 - 0:37:58 - Epoch 2: val_AUC=0.6943516304135333, val_AP=0.7409779043932267
INFO - 11/13/25 15:38:25 - 0:38:00 - Epoch 3: train_loss=3.82899808883667, train_AUC=0.7298665445446589, train_AP=0.7927471965339427, time=1763019504.5720522
INFO - 11/13/25 15:38:25 - 0:38:00 - Epoch 3: val_AUC=0.7174408062792426, val_AP=0.75723699033571
INFO - 11/13/25 15:38:27 - 0:38:02 - Epoch 4: train_loss=3.6006345748901367, train_AUC=0.7442121344780883, train_AP=0.7997958559083536, time=1763019506.7721784
INFO - 11/13/25 15:38:27 - 0:38:02 - Epoch 4: val_AUC=0.7819335135672301, val_AP=0.8001508002089034
INFO - 11/13/25 15:38:29 - 0:38:04 - Epoch 5: train_loss=2.9423797130584717, train_AUC=0.8160693336759449, train_AP=0.8491113485401601, time=1763019508.945621
INFO - 11/13/25 15:38:30 - 0:38:05 - Epoch 5: val_AUC=0.8085465567125859, val_AP=0.8214209394091336
INFO - 11/13/25 15:38:32 - 0:38:07 - Epoch 6: train_loss=2.728672504425049, train_AUC=0.8417288753435186, train_AP=0.869323148098053, time=1763019511.2543929
INFO - 11/13/25 15:38:32 - 0:38:07 - Epoch 6: val_AUC=0.8458522649519739, val_AP=0.8487175082070213
INFO - 11/13/25 15:38:34 - 0:38:09 - Epoch 7: train_loss=2.3535609245300293, train_AUC=0.8842422320001561, train_AP=0.899625521704226, time=1763019513.4985225
INFO - 11/13/25 15:38:34 - 0:38:09 - Epoch 7: val_AUC=0.8687849444147585, val_AP=0.8677396900807782
INFO - 11/13/25 15:38:36 - 0:38:11 - Epoch 8: train_loss=2.167126178741455, train_AUC=0.90887363132227, train_AP=0.9181055601174571, time=1763019515.6276913
INFO - 11/13/25 15:38:36 - 0:38:11 - Epoch 8: val_AUC=0.8773791118742588, val_AP=0.8741294751243683
INFO - 11/13/25 15:38:38 - 0:38:13 - Epoch 9: train_loss=2.050861358642578, train_AUC=0.9174817812070487, train_AP=0.9248580819364276, time=1763019517.839652
INFO - 11/13/25 15:38:38 - 0:38:13 - Epoch 9: val_AUC=0.8752804106009461, val_AP=0.8713142186529854
INFO - 11/13/25 15:38:41 - 0:38:15 - Epoch 10: train_loss=1.8592720031738281, train_AUC=0.9117238278507228, train_AP=0.9185062111247797, time=1763019520.0406854
INFO - 11/13/25 15:38:41 - 0:38:16 - Epoch 10: val_AUC=0.8776299948520117, val_AP=0.8722726717110647
INFO - 11/13/25 15:38:43 - 0:38:18 - Epoch 11: train_loss=1.8175495862960815, train_AUC=0.9124817152533645, train_AP=0.9174234283937491, time=1763019522.1000302
INFO - 11/13/25 15:38:43 - 0:38:18 - Epoch 11: val_AUC=0.8859158531976176, val_AP=0.877923163356446
INFO - 11/13/25 15:38:45 - 0:38:20 - Epoch 12: train_loss=1.7089927196502686, train_AUC=0.9214957339097161, train_AP=0.9233334341515823, time=1763019524.1284213
INFO - 11/13/25 15:38:45 - 0:38:20 - Epoch 12: val_AUC=0.8920526096717016, val_AP=0.8826777754585602
INFO - 11/13/25 15:38:47 - 0:38:22 - Epoch 13: train_loss=1.6130502223968506, train_AUC=0.928988347181625, train_AP=0.9273025135077363, time=1763019526.1600804
INFO - 11/13/25 15:38:47 - 0:38:22 - Epoch 13: val_AUC=0.8966840682792686, val_AP=0.8855764861971885
INFO - 11/13/25 15:38:49 - 0:38:24 - Epoch 14: train_loss=1.5425732135772705, train_AUC=0.9333700497934676, train_AP=0.9298175542026808, time=1763019528.6355243
INFO - 11/13/25 15:38:49 - 0:38:24 - Epoch 14: val_AUC=0.8993384997849574, val_AP=0.8872817938799732
INFO - 11/13/25 15:38:51 - 0:38:26 - Epoch 15: train_loss=1.499582052230835, train_AUC=0.9341835908127027, train_AP=0.9298753581435981, time=1763019530.6893268
INFO - 11/13/25 15:38:51 - 0:38:26 - Epoch 15: val_AUC=0.9022263013332639, val_AP=0.8890868761571233
INFO - 11/13/25 15:38:53 - 0:38:28 - Epoch 16: train_loss=1.4588623046875, train_AUC=0.936593984863662, train_AP=0.9314462065539947, time=1763019532.827155
INFO - 11/13/25 15:38:53 - 0:38:28 - Epoch 16: val_AUC=0.9055596645336184, val_AP=0.8918276860545631
INFO - 11/13/25 15:38:55 - 0:38:30 - Epoch 17: train_loss=1.3985921144485474, train_AUC=0.9402327976320832, train_AP=0.9334128885749481, time=1763019534.9306242
INFO - 11/13/25 15:38:56 - 0:38:30 - Epoch 17: val_AUC=0.9082448454951842, val_AP=0.8946963246815486
