INFO - 11/05/25 17:56:25 - 0:00:00 - Namespace(backbone='gcn', coef_dis=1.0, dataset='Pubmed', devices='0,1', downstream_task='LP', drop_cls=0.0, drop_edge_cls=0.0, embed_features=16, epochs_cls=5000, epochs_lp=5000, eval_freq=1, exp_iters=3, gpu=0, hidden_features=32, hidden_features_cls=32, in_features=None, init_curvs=[-3, -1, 0, 1, 3], log_path='./results/Train/LP_gcn_Pubmed_20251105_175625.log', lr_Riemann=0.01, lr_cls=0.01, lr_gating=0.001, min_epoch_cls=200, min_epoch_lp=200, n_heads=8, n_layers=2, num_factors=5, num_factors_cls=5, patience_cls=100, patience_lp=100, r=2.0, root_path='./datasets', sample_hop=[2, 3], t=1.0, version='Train', w_decay=0.0, w_decay_cls=0.0005, w_decay_gating=0.0)
INFO - 11/05/25 18:04:31 - 0:08:06 - 
                                     train iters 0
INFO - 11/05/25 18:04:31 - 0:08:06 - --------------------------Training Start-------------------------
INFO - 11/05/25 18:04:41 - 0:08:16 - Epoch 0: train_loss=5.838237762451172, train_AUC=0.9963079251581319, train_AP=0.9960041496842267, time=10.326628684997559
INFO - 11/05/25 18:04:42 - 0:08:17 - Epoch 0: val_AUC=0.763168912666658, val_AP=0.816401204634452
INFO - 11/05/25 18:04:44 - 0:08:19 - Epoch 1: train_loss=2.4432501792907715, train_AUC=0.914047201010181, train_AP=0.9395574486243801, time=2.3054592609405518
INFO - 11/05/25 18:04:45 - 0:08:20 - Epoch 1: val_AUC=0.6064290595798199, val_AP=0.6863129705030471
INFO - 11/05/25 18:04:45 - 0:08:20 - Epoch 2: train_loss=4.547029495239258, train_AUC=0.655938891040129, train_AP=0.7470519615659329, time=0.6159884929656982
INFO - 11/05/25 18:04:45 - 0:08:20 - Epoch 2: val_AUC=0.6115234909551799, val_AP=0.6761319054567912
INFO - 11/05/25 18:04:46 - 0:08:21 - Epoch 3: train_loss=4.52319860458374, train_AUC=0.6329665016236188, train_AP=0.7137281408171829, time=0.3767983913421631
INFO - 11/05/25 18:04:46 - 0:08:21 - Epoch 3: val_AUC=0.6235368553610761, val_AP=0.6839771757743669
INFO - 11/05/25 18:04:46 - 0:08:21 - Epoch 4: train_loss=4.226088523864746, train_AUC=0.6422195359876384, train_AP=0.716698214417927, time=0.362438440322876
INFO - 11/05/25 18:04:46 - 0:08:21 - Epoch 4: val_AUC=0.6827534854813694, val_AP=0.7256284887249957
INFO - 11/05/25 18:04:47 - 0:08:22 - Epoch 5: train_loss=3.3847312927246094, train_AUC=0.7100084606910576, train_AP=0.7643301450818435, time=0.3576376438140869
INFO - 11/05/25 18:04:47 - 0:08:22 - Epoch 5: val_AUC=0.7548146316907558, val_AP=0.7734774639517352
INFO - 11/05/25 18:04:47 - 0:08:22 - Epoch 6: train_loss=2.8763437271118164, train_AUC=0.7912036036332198, train_AP=0.8202603483818312, time=0.38312482833862305
INFO - 11/05/25 18:04:47 - 0:08:22 - Epoch 6: val_AUC=0.7923619573433773, val_AP=0.8005636639101703
INFO - 11/05/25 18:04:48 - 0:08:23 - Epoch 7: train_loss=2.630800247192383, train_AUC=0.8311659010920058, train_AP=0.8489644810452954, time=0.3630068302154541
INFO - 11/05/25 18:04:48 - 0:08:23 - Epoch 7: val_AUC=0.8123138741544917, val_AP=0.8171244611159446
INFO - 11/05/25 18:04:48 - 0:08:23 - Epoch 8: train_loss=2.4465785026550293, train_AUC=0.8525592191522262, train_AP=0.8667584892257011, time=0.355130672454834
INFO - 11/05/25 18:04:48 - 0:08:23 - Epoch 8: val_AUC=0.8262103881843892, val_AP=0.8282779605408713
INFO - 11/05/25 18:04:49 - 0:08:24 - Epoch 9: train_loss=2.2785449028015137, train_AUC=0.8679582023859402, train_AP=0.8795094690988797, time=0.3563711643218994
INFO - 11/05/25 18:04:49 - 0:08:24 - Epoch 9: val_AUC=0.8385715676276244, val_AP=0.8377890287120334
INFO - 11/05/25 18:04:49 - 0:08:24 - Epoch 10: train_loss=2.0892417430877686, train_AUC=0.8809827282954723, train_AP=0.8885341340133105, time=0.35590052604675293
INFO - 11/05/25 18:04:49 - 0:08:24 - Epoch 10: val_AUC=0.8458910581396865, val_AP=0.8435256918342646
INFO - 11/05/25 18:04:49 - 0:08:24 - Epoch 11: train_loss=2.005352735519409, train_AUC=0.8877049096147943, train_AP=0.892978298115345, time=0.3542156219482422
INFO - 11/05/25 18:04:50 - 0:08:25 - Epoch 11: val_AUC=0.8520207890758383, val_AP=0.847331733200411
INFO - 11/05/25 18:04:50 - 0:08:25 - Epoch 12: train_loss=1.913137435913086, train_AUC=0.8926971973733588, train_AP=0.8954274498709636, time=0.3608529567718506
INFO - 11/05/25 18:04:50 - 0:08:25 - Epoch 12: val_AUC=0.857967245109411, val_AP=0.8510402895641822
INFO - 11/05/25 18:04:50 - 0:08:25 - Epoch 13: train_loss=1.8697283267974854, train_AUC=0.8992511277586858, train_AP=0.9004268858956299, time=0.35192322731018066
INFO - 11/05/25 18:04:51 - 0:08:26 - Epoch 13: val_AUC=0.8636997786039177, val_AP=0.8552575415222307
INFO - 11/05/25 18:04:51 - 0:08:26 - Epoch 14: train_loss=1.7963759899139404, train_AUC=0.9046540536377008, train_AP=0.9030173316319818, time=0.35210442543029785
INFO - 11/05/25 18:04:51 - 0:08:26 - Epoch 14: val_AUC=0.8687148926742171, val_AP=0.8588478724861804
INFO - 11/05/25 18:04:51 - 0:08:26 - Epoch 15: train_loss=1.731781244277954, train_AUC=0.9103732435298237, train_AP=0.9074792763591336, time=0.34661388397216797
INFO - 11/05/25 18:04:52 - 0:08:27 - Epoch 15: val_AUC=0.8732287498859623, val_AP=0.8622930491045606
INFO - 11/05/25 18:04:52 - 0:08:27 - Epoch 16: train_loss=1.6996325254440308, train_AUC=0.9133067411042218, train_AP=0.9084534470161945, time=0.3483114242553711
INFO - 11/05/25 18:04:52 - 0:08:27 - Epoch 16: val_AUC=0.877251023081234, val_AP=0.8660889518555801
INFO - 11/05/25 18:04:52 - 0:08:27 - Epoch 17: train_loss=1.662935495376587, train_AUC=0.9191124119017429, train_AP=0.9142979708747863, time=0.36107373237609863
INFO - 11/05/25 18:04:52 - 0:08:27 - Epoch 17: val_AUC=0.8809177429655018, val_AP=0.8699768809550681
INFO - 11/05/25 18:04:53 - 0:08:28 - Epoch 18: train_loss=1.6286509037017822, train_AUC=0.9216599138134557, train_AP=0.9156674624795202, time=0.36490964889526367
INFO - 11/05/25 18:04:53 - 0:08:28 - Epoch 18: val_AUC=0.8840366745298388, val_AP=0.8732775749769354
INFO - 11/05/25 18:04:53 - 0:08:28 - Epoch 19: train_loss=1.5856354236602783, train_AUC=0.9260092840088897, train_AP=0.9204796416126454, time=0.36930298805236816
INFO - 11/05/25 18:04:53 - 0:08:28 - Epoch 19: val_AUC=0.8865687191283609, val_AP=0.8758638086967816
INFO - 11/05/25 18:04:54 - 0:08:29 - Epoch 20: train_loss=1.5462510585784912, train_AUC=0.9279297842100843, train_AP=0.9218562823229498, time=0.35576891899108887
INFO - 11/05/25 18:04:54 - 0:08:29 - Epoch 20: val_AUC=0.8884556360698043, val_AP=0.8779040032154429
INFO - 11/05/25 18:04:54 - 0:08:29 - Epoch 21: train_loss=1.5030219554901123, train_AUC=0.9313783172181098, train_AP=0.9252811817871693, time=0.36074185371398926
INFO - 11/05/25 18:04:54 - 0:08:29 - Epoch 21: val_AUC=0.8903708588017569, val_AP=0.8799365196109435
INFO - 11/05/25 18:04:55 - 0:08:30 - Epoch 22: train_loss=1.4712841510772705, train_AUC=0.9325627864208869, train_AP=0.9258248907017805, time=0.359844446182251
INFO - 11/05/25 18:04:55 - 0:08:30 - Epoch 22: val_AUC=0.8926148563450585, val_AP=0.882140791332972
INFO - 11/05/25 18:04:55 - 0:08:30 - Epoch 23: train_loss=1.4362516403198242, train_AUC=0.934640927163789, train_AP=0.927516620665419, time=0.34401607513427734
INFO - 11/05/25 18:04:55 - 0:08:30 - Epoch 23: val_AUC=0.8946505314157621, val_AP=0.8840911630369412
INFO - 11/05/25 18:04:56 - 0:08:31 - Epoch 24: train_loss=1.4062466621398926, train_AUC=0.9378438196835686, train_AP=0.9310503391225037, time=0.3425791263580322
INFO - 11/05/25 18:04:56 - 0:08:31 - Epoch 24: val_AUC=0.8963808501348903, val_AP=0.8858690927614125
INFO - 11/05/25 18:04:56 - 0:08:31 - Epoch 25: train_loss=1.3864169120788574, train_AUC=0.938907149009935, train_AP=0.9315796804153963, time=0.34344005584716797
INFO - 11/05/25 18:04:56 - 0:08:31 - Epoch 25: val_AUC=0.8979341049342491, val_AP=0.8873493302787687
INFO - 11/05/25 18:04:57 - 0:08:32 - Epoch 26: train_loss=1.3687984943389893, train_AUC=0.9397233540310581, train_AP=0.9323423537007692, time=0.33928990364074707
INFO - 11/05/25 18:04:57 - 0:08:32 - Epoch 26: val_AUC=0.8993993877803698, val_AP=0.8885856648222268
INFO - 11/05/25 18:04:57 - 0:08:32 - Epoch 27: train_loss=1.349135398864746, train_AUC=0.9413556030989738, train_AP=0.9340812554793652, time=0.3424375057220459
INFO - 11/05/25 18:04:57 - 0:08:32 - Epoch 27: val_AUC=0.9008847290463841, val_AP=0.8900573946725591
INFO - 11/05/25 18:04:58 - 0:08:33 - Epoch 28: train_loss=1.3335487842559814, train_AUC=0.9421201584317674, train_AP=0.9347637275461143, time=0.3425617218017578
INFO - 11/05/25 18:04:58 - 0:08:33 - Epoch 28: val_AUC=0.9025492724393646, val_AP=0.8917579317228392
INFO - 11/05/25 18:04:58 - 0:08:33 - Epoch 29: train_loss=1.3139994144439697, train_AUC=0.9443228661840131, train_AP=0.9369409729724628, time=0.3482065200805664
INFO - 11/05/25 18:04:58 - 0:08:33 - Epoch 29: val_AUC=0.9041162728564168, val_AP=0.8935568636562559
INFO - 11/05/25 18:04:58 - 0:08:33 - Epoch 30: train_loss=1.302039384841919, train_AUC=0.9449136662822031, train_AP=0.9369932372805767, time=0.320995569229126
INFO - 11/05/25 18:04:59 - 0:08:34 - Epoch 30: val_AUC=0.9062660874636708, val_AP=0.8957416461152274
INFO - 11/05/25 18:04:59 - 0:08:34 - Epoch 31: train_loss=1.2800579071044922, train_AUC=0.9472934563654202, train_AP=0.939172255046845, time=0.320054292678833
INFO - 11/05/25 18:04:59 - 0:08:34 - Epoch 31: val_AUC=0.908502041275137, val_AP=0.8979757172059799
INFO - 11/05/25 18:04:59 - 0:08:34 - Epoch 32: train_loss=1.2584593296051025, train_AUC=0.9495958017686037, train_AP=0.9418815833408234, time=0.29769062995910645
INFO - 11/05/25 18:04:59 - 0:08:34 - Epoch 32: val_AUC=0.9107648754056484, val_AP=0.9002591516948435
INFO - 11/05/25 18:05:00 - 0:08:35 - Epoch 33: train_loss=1.242376446723938, train_AUC=0.9501001280062241, train_AP=0.9420796671827857, time=0.34801626205444336
INFO - 11/05/25 18:05:00 - 0:08:35 - Epoch 33: val_AUC=0.9127136985364075, val_AP=0.9022937402888701
INFO - 11/05/25 18:05:00 - 0:08:35 - Epoch 34: train_loss=1.2260181903839111, train_AUC=0.9512235104445668, train_AP=0.942949541761553, time=0.3470115661621094
INFO - 11/05/25 18:05:00 - 0:08:35 - Epoch 34: val_AUC=0.9143188812248302, val_AP=0.9040034356157219
INFO - 11/05/25 18:05:01 - 0:08:36 - Epoch 35: train_loss=1.209954023361206, train_AUC=0.9538020006194151, train_AP=0.9456183684489887, time=0.3455209732055664
INFO - 11/05/25 18:05:01 - 0:08:36 - Epoch 35: val_AUC=0.9159682535286527, val_AP=0.9057581541561506
INFO - 11/05/25 18:05:01 - 0:08:36 - Epoch 36: train_loss=1.20009446144104, train_AUC=0.9545044698788553, train_AP=0.9461678621639218, time=0.34331178665161133
INFO - 11/05/25 18:05:01 - 0:08:36 - Epoch 36: val_AUC=0.9177447982509871, val_AP=0.9076507623132208
INFO - 11/05/25 18:05:02 - 0:08:37 - Epoch 37: train_loss=1.187415599822998, train_AUC=0.9567655176169124, train_AP=0.94866061464181, time=0.34726715087890625
INFO - 11/05/25 18:05:02 - 0:08:37 - Epoch 37: val_AUC=0.9194765424415803, val_AP=0.9094894523842612
INFO - 11/05/25 18:05:02 - 0:08:37 - Epoch 38: train_loss=1.1782588958740234, train_AUC=0.9573247878807781, train_AP=0.9489688970459254, time=0.34749913215637207
INFO - 11/05/25 18:05:02 - 0:08:37 - Epoch 38: val_AUC=0.9210193098437359, val_AP=0.9112083741165387
INFO - 11/05/25 18:05:03 - 0:08:38 - Epoch 39: train_loss=1.1665318012237549, train_AUC=0.9591463431137944, train_AP=0.9510322134169111, time=0.30995750427246094
INFO - 11/05/25 18:05:03 - 0:08:38 - Epoch 39: val_AUC=0.9224909054920565, val_AP=0.9128571374310184
INFO - 11/05/25 18:05:03 - 0:08:38 - Epoch 40: train_loss=1.1558940410614014, train_AUC=0.9603103250747618, train_AP=0.9522554233609122, time=0.3015017509460449
INFO - 11/05/25 18:05:03 - 0:08:38 - Epoch 40: val_AUC=0.9238883766242229, val_AP=0.9144008010971968
INFO - 11/05/25 18:05:03 - 0:08:38 - Epoch 41: train_loss=1.1417126655578613, train_AUC=0.9623834062218528, train_AP=0.9543487437494058, time=0.3107593059539795
INFO - 11/05/25 18:05:03 - 0:08:38 - Epoch 41: val_AUC=0.9252900223513926, val_AP=0.9159074026818725
INFO - 11/05/25 18:05:04 - 0:08:39 - Epoch 42: train_loss=1.134689211845398, train_AUC=0.9624869172956074, train_AP=0.9544277923728004, time=0.30071282386779785
INFO - 11/05/25 18:05:04 - 0:08:39 - Epoch 42: val_AUC=0.9265849613575049, val_AP=0.9172813834323332
INFO - 11/05/25 18:05:04 - 0:08:39 - Epoch 43: train_loss=1.118240237236023, train_AUC=0.96458282650489, train_AP=0.9568118272924484, time=0.30094146728515625
INFO - 11/05/25 18:05:04 - 0:08:39 - Epoch 43: val_AUC=0.9278139213986888, val_AP=0.9186627017228978
INFO - 11/05/25 18:05:05 - 0:08:40 - Epoch 44: train_loss=1.1097930669784546, train_AUC=0.9655237350289081, train_AP=0.9576673420404832, time=0.304079532623291
INFO - 11/05/25 18:05:05 - 0:08:40 - Epoch 44: val_AUC=0.9289577604295638, val_AP=0.919903918528965
INFO - 11/05/25 18:05:05 - 0:08:40 - Epoch 45: train_loss=1.1034409999847412, train_AUC=0.9656011101412606, train_AP=0.9574569596765327, time=0.3018662929534912
INFO - 11/05/25 18:05:05 - 0:08:40 - Epoch 45: val_AUC=0.9300946757418969, val_AP=0.9211241831941397
INFO - 11/05/25 18:05:05 - 0:08:40 - Epoch 46: train_loss=1.0955088138580322, train_AUC=0.9667976735533229, train_AP=0.9590619528907441, time=0.3033478260040283
INFO - 11/05/25 18:05:06 - 0:08:41 - Epoch 46: val_AUC=0.9312552131527845, val_AP=0.922358828944656
INFO - 11/05/25 18:05:06 - 0:08:41 - Epoch 47: train_loss=1.0879311561584473, train_AUC=0.9673405707552082, train_AP=0.959342540410187, time=0.2988717555999756
INFO - 11/05/25 18:05:06 - 0:08:41 - Epoch 47: val_AUC=0.9323959976019497, val_AP=0.9236022833799463
INFO - 11/05/25 18:05:06 - 0:08:41 - Epoch 48: train_loss=1.0785993337631226, train_AUC=0.9684795430467257, train_AP=0.9608552047979471, time=0.2990913391113281
INFO - 11/05/25 18:05:06 - 0:08:41 - Epoch 48: val_AUC=0.9334726358352122, val_AP=0.924712898158444
INFO - 11/05/25 18:05:07 - 0:08:42 - Epoch 49: train_loss=1.070878505706787, train_AUC=0.9694087386627999, train_AP=0.9619343142667043, time=0.30725598335266113
INFO - 11/05/25 18:05:07 - 0:08:42 - Epoch 49: val_AUC=0.9345107863389331, val_AP=0.9258175637220597
INFO - 11/05/25 18:05:07 - 0:08:42 - Epoch 50: train_loss=1.0590296983718872, train_AUC=0.9707231849509479, train_AP=0.9630224008952426, time=0.29932737350463867
INFO - 11/05/25 18:05:07 - 0:08:42 - Epoch 50: val_AUC=0.9354856051818738, val_AP=0.9268149277124789
INFO - 11/05/25 18:05:08 - 0:08:43 - Epoch 51: train_loss=1.0525115728378296, train_AUC=0.9712569502939221, train_AP=0.9635600399438562, time=0.30089592933654785
INFO - 11/05/25 18:05:08 - 0:08:43 - Epoch 51: val_AUC=0.9365135737465626, val_AP=0.9278759290294266
INFO - 11/05/25 18:05:08 - 0:08:43 - Epoch 52: train_loss=1.043399691581726, train_AUC=0.9725758334150438, train_AP=0.965748500301858, time=0.30091404914855957
INFO - 11/05/25 18:05:08 - 0:08:43 - Epoch 52: val_AUC=0.9374967417795096, val_AP=0.9289020743414685
INFO - 11/05/25 18:05:08 - 0:08:43 - Epoch 53: train_loss=1.036922574043274, train_AUC=0.9727859274600099, train_AP=0.9652849410361639, time=0.30144238471984863
INFO - 11/05/25 18:05:08 - 0:08:43 - Epoch 53: val_AUC=0.9384717642612311, val_AP=0.9299507114324995
INFO - 11/05/25 18:05:09 - 0:08:44 - Epoch 54: train_loss=1.0297095775604248, train_AUC=0.9736097442421799, train_AP=0.9668587430785021, time=0.3009514808654785
INFO - 11/05/25 18:05:09 - 0:08:44 - Epoch 54: val_AUC=0.939431106556843, val_AP=0.9309986843919884
INFO - 11/05/25 18:05:09 - 0:08:44 - Epoch 55: train_loss=1.0198321342468262, train_AUC=0.9751812392376861, train_AP=0.9683820997174354, time=0.30812621116638184
INFO - 11/05/25 18:05:09 - 0:08:44 - Epoch 55: val_AUC=0.9404067399549063, val_AP=0.932078127375167
INFO - 11/05/25 18:05:10 - 0:08:45 - Epoch 56: train_loss=1.0159485340118408, train_AUC=0.9753932431356516, train_AP=0.968627373151585, time=0.30240750312805176
INFO - 11/05/25 18:05:10 - 0:08:45 - Epoch 56: val_AUC=0.9413389982926924, val_AP=0.933105662771313
INFO - 11/05/25 18:05:10 - 0:08:45 - Epoch 57: train_loss=1.006048321723938, train_AUC=0.9764429414234009, train_AP=0.9698838879809447, time=0.30233287811279297
INFO - 11/05/25 18:05:10 - 0:08:45 - Epoch 57: val_AUC=0.9422770603357271, val_AP=0.9341647880405157
INFO - 11/05/25 18:05:10 - 0:08:45 - Epoch 58: train_loss=1.0024622678756714, train_AUC=0.9761011693192287, train_AP=0.9689747512029105, time=0.3071274757385254
INFO - 11/05/25 18:05:10 - 0:08:46 - Epoch 58: val_AUC=0.9431528089118847, val_AP=0.9351090128847439
INFO - 11/05/25 18:05:11 - 0:08:46 - Epoch 59: train_loss=0.9930379390716553, train_AUC=0.9777350446857979, train_AP=0.9713910078014047, time=0.3001997470855713
INFO - 11/05/25 18:05:11 - 0:08:46 - Epoch 59: val_AUC=0.9439681785895815, val_AP=0.9359943250337386
INFO - 11/05/25 18:05:11 - 0:08:46 - Epoch 60: train_loss=0.9882684946060181, train_AUC=0.9777701356809165, train_AP=0.9711025852041346, time=0.2967357635498047
INFO - 11/05/25 18:05:11 - 0:08:46 - Epoch 60: val_AUC=0.9447735699670269, val_AP=0.9369297388760087
INFO - 11/05/25 18:05:12 - 0:08:47 - Epoch 61: train_loss=0.982221245765686, train_AUC=0.9784131513432837, train_AP=0.9718017357860509, time=0.2999415397644043
INFO - 11/05/25 18:05:12 - 0:08:47 - Epoch 61: val_AUC=0.945564706629827, val_AP=0.9378175868739268
INFO - 11/05/25 18:05:12 - 0:08:47 - Epoch 62: train_loss=0.975131630897522, train_AUC=0.9791574135192918, train_AP=0.9728581337110996, time=0.30123281478881836
INFO - 11/05/25 18:05:12 - 0:08:47 - Epoch 62: val_AUC=0.9462967880462405, val_AP=0.9386571766537051
INFO - 11/05/25 18:05:12 - 0:08:47 - Epoch 63: train_loss=0.9709806442260742, train_AUC=0.9795301767045309, train_AP=0.9734558152011968, time=0.30061960220336914
INFO - 11/05/25 18:05:13 - 0:08:48 - Epoch 63: val_AUC=0.9470318222249736, val_AP=0.93950042037318
INFO - 11/05/25 18:05:13 - 0:08:48 - Epoch 64: train_loss=0.9627833962440491, train_AUC=0.9802199881684078, train_AP=0.9743130134396197, time=0.30001282691955566
INFO - 11/05/25 18:05:13 - 0:08:48 - Epoch 64: val_AUC=0.9476990446897523, val_AP=0.9402774802713224
INFO - 11/05/25 18:05:13 - 0:08:48 - Epoch 65: train_loss=0.9567649364471436, train_AUC=0.98131690107272, train_AP=0.9755755281364437, time=0.29750728607177734
INFO - 11/05/25 18:05:13 - 0:08:48 - Epoch 65: val_AUC=0.9483386740997537, val_AP=0.9410180623422025
INFO - 11/05/25 18:05:14 - 0:08:49 - Epoch 66: train_loss=0.9528456330299377, train_AUC=0.9816948688011159, train_AP=0.9764945075653712, time=0.2980022430419922
INFO - 11/05/25 18:05:14 - 0:08:49 - Epoch 66: val_AUC=0.9489438885558263, val_AP=0.9417204714984329
INFO - 11/05/25 18:05:14 - 0:08:49 - Epoch 67: train_loss=0.9467047452926636, train_AUC=0.9820511759715194, train_AP=0.9764318732716616, time=0.2985985279083252
INFO - 11/05/25 18:05:14 - 0:08:49 - Epoch 67: val_AUC=0.9495175390008992, val_AP=0.9423815790180602
INFO - 11/05/25 18:05:14 - 0:08:49 - Epoch 68: train_loss=0.9434507489204407, train_AUC=0.9819474981114505, train_AP=0.975859716570767, time=0.3059520721435547
INFO - 11/05/25 18:05:15 - 0:08:50 - Epoch 68: val_AUC=0.9500269414106791, val_AP=0.9429567115131909
INFO - 11/05/25 18:05:15 - 0:08:50 - Epoch 69: train_loss=0.9385648965835571, train_AUC=0.9827749900045155, train_AP=0.9773820780403535, time=0.2998514175415039
INFO - 11/05/25 18:05:15 - 0:08:50 - Epoch 69: val_AUC=0.9505361401816784, val_AP=0.9435711909665279
INFO - 11/05/25 18:05:15 - 0:08:50 - Epoch 70: train_loss=0.9364805817604065, train_AUC=0.9827924983406047, train_AP=0.9773344752051731, time=0.2982304096221924
INFO - 11/05/25 18:05:15 - 0:08:50 - Epoch 70: val_AUC=0.9510085821527714, val_AP=0.9441085893351036
INFO - 11/05/25 18:05:16 - 0:08:51 - Epoch 71: train_loss=0.9299750924110413, train_AUC=0.9836041536353778, train_AP=0.9784701975320645, time=0.3016090393066406
INFO - 11/05/25 18:05:16 - 0:08:51 - Epoch 71: val_AUC=0.9514983334202193, val_AP=0.9446502868385781
INFO - 11/05/25 18:05:16 - 0:08:51 - Epoch 72: train_loss=0.9266998767852783, train_AUC=0.9838590078786656, train_AP=0.9787015341733334, time=0.30677270889282227
INFO - 11/05/25 18:05:16 - 0:08:51 - Epoch 72: val_AUC=0.9519214948063965, val_AP=0.9451360900081417
INFO - 11/05/25 18:05:17 - 0:08:52 - Epoch 73: train_loss=0.924627423286438, train_AUC=0.9836516739974963, train_AP=0.9783671250391837, time=0.30440640449523926
INFO - 11/05/25 18:05:17 - 0:08:52 - Epoch 73: val_AUC=0.9523194049837741, val_AP=0.9456098171296443
INFO - 11/05/25 18:05:17 - 0:08:52 - Epoch 74: train_loss=0.9198170900344849, train_AUC=0.9841832658347652, train_AP=0.9789351670822329, time=0.30743980407714844
INFO - 11/05/25 18:05:17 - 0:08:52 - Epoch 74: val_AUC=0.9527303480431126, val_AP=0.9460874375392762
INFO - 11/05/25 18:05:17 - 0:08:52 - Epoch 75: train_loss=0.9171550273895264, train_AUC=0.9844083581434344, train_AP=0.9791021295861861, time=0.30259203910827637
INFO - 11/05/25 18:05:17 - 0:08:52 - Epoch 75: val_AUC=0.953122759973413, val_AP=0.9465655595790933
INFO - 11/05/25 18:05:18 - 0:08:53 - Epoch 76: train_loss=0.9110264778137207, train_AUC=0.9854749782853025, train_AP=0.9806907748322822, time=0.30362653732299805
INFO - 11/05/25 18:05:18 - 0:08:53 - Epoch 76: val_AUC=0.9534708804689231, val_AP=0.946936056424718
INFO - 11/05/25 18:05:18 - 0:08:53 - Epoch 77: train_loss=0.908123254776001, train_AUC=0.9857822141745984, train_AP=0.9809793936123342, time=0.30011534690856934
INFO - 11/05/25 18:05:18 - 0:08:53 - Epoch 77: val_AUC=0.9537949715883173, val_AP=0.947300528123987
INFO - 11/05/25 18:05:19 - 0:08:54 - Epoch 78: train_loss=0.9069244265556335, train_AUC=0.9853351789478298, train_AP=0.9805195054913989, time=0.3041868209838867
INFO - 11/05/25 18:05:19 - 0:08:54 - Epoch 78: val_AUC=0.95411224080856, val_AP=0.9476539310024527
INFO - 11/05/25 18:05:19 - 0:08:54 - Epoch 79: train_loss=0.900969386100769, train_AUC=0.98613618792169, train_AP=0.9815075379183824, time=0.3039870262145996
INFO - 11/05/25 18:05:19 - 0:08:54 - Epoch 79: val_AUC=0.9544115898161061, val_AP=0.9479914021017304
INFO - 11/05/25 18:05:19 - 0:08:54 - Epoch 80: train_loss=0.9010553956031799, train_AUC=0.9858071357836923, train_AP=0.9809686335546064, time=0.3057527542114258
INFO - 11/05/25 18:05:20 - 0:08:55 - Epoch 80: val_AUC=0.9547235644280518, val_AP=0.9483370531119023
INFO - 11/05/25 18:05:20 - 0:08:55 - Epoch 81: train_loss=0.8968825340270996, train_AUC=0.9860367758813838, train_AP=0.9811122053436935, time=0.30312275886535645
INFO - 11/05/25 18:05:20 - 0:08:55 - Epoch 81: val_AUC=0.9550117133026627, val_AP=0.9486421078970032
INFO - 11/05/25 18:05:20 - 0:08:55 - Epoch 82: train_loss=0.8940027952194214, train_AUC=0.9864786181889625, train_AP=0.9817865405302371, time=0.30476903915405273
INFO - 11/05/25 18:05:20 - 0:08:55 - Epoch 82: val_AUC=0.9553297970780279, val_AP=0.9490148207090048
INFO - 11/05/25 18:05:21 - 0:08:56 - Epoch 83: train_loss=0.890731930732727, train_AUC=0.9870362207658075, train_AP=0.9828526520444695, time=0.30248570442199707
INFO - 11/05/25 18:05:21 - 0:08:56 - Epoch 83: val_AUC=0.9556214078119095, val_AP=0.9493341867897781
INFO - 11/05/25 18:05:21 - 0:08:56 - Epoch 84: train_loss=0.8872871398925781, train_AUC=0.986796917981379, train_AP=0.982030739648183, time=0.30640268325805664
INFO - 11/05/25 18:05:21 - 0:08:56 - Epoch 84: val_AUC=0.9559390843097133, val_AP=0.9497171977591553
INFO - 11/05/25 18:05:21 - 0:08:56 - Epoch 85: train_loss=0.8836240768432617, train_AUC=0.9873890208444751, train_AP=0.982916235520991, time=0.3078606128692627
INFO - 11/05/25 18:05:22 - 0:08:57 - Epoch 85: val_AUC=0.9562278441006659, val_AP=0.950058944128806
INFO - 11/05/25 18:05:22 - 0:08:57 - Epoch 86: train_loss=0.882636547088623, train_AUC=0.9873116020541863, train_AP=0.9828371426822629, time=0.30812549591064453
INFO - 11/05/25 18:05:22 - 0:08:57 - Epoch 86: val_AUC=0.9565244439846734, val_AP=0.9504198645059473
INFO - 11/05/25 18:05:22 - 0:08:57 - Epoch 87: train_loss=0.8793097734451294, train_AUC=0.9875794080385054, train_AP=0.9830638919522436, time=0.3063364028930664
INFO - 11/05/25 18:05:22 - 0:08:57 - Epoch 87: val_AUC=0.9567807233901131, val_AP=0.9507084099880762
INFO - 11/05/25 18:05:23 - 0:08:58 - Epoch 88: train_loss=0.8757563829421997, train_AUC=0.9880560813870322, train_AP=0.983750091163297, time=0.3059854507446289
INFO - 11/05/25 18:05:23 - 0:08:58 - Epoch 88: val_AUC=0.9570210171512726, val_AP=0.9509838088960678
INFO - 11/05/25 18:05:23 - 0:08:58 - Epoch 89: train_loss=0.874569833278656, train_AUC=0.9879940426901501, train_AP=0.9836286951683025, time=0.3033773899078369
INFO - 11/05/25 18:05:23 - 0:08:58 - Epoch 89: val_AUC=0.9572497035019354, val_AP=0.9512624798448924
INFO - 11/05/25 18:05:24 - 0:08:59 - Epoch 90: train_loss=0.8717299699783325, train_AUC=0.988285620567556, train_AP=0.98418300101602, time=0.30400657653808594
INFO - 11/05/25 18:05:24 - 0:08:59 - Epoch 90: val_AUC=0.9574804262404046, val_AP=0.9515395463642591
INFO - 11/05/25 18:05:24 - 0:08:59 - Epoch 91: train_loss=0.8686341047286987, train_AUC=0.9887053318987207, train_AP=0.9847816593057854, time=0.30471086502075195
INFO - 11/05/25 18:05:24 - 0:08:59 - Epoch 91: val_AUC=0.9576801958842158, val_AP=0.951797700381074
INFO - 11/05/25 18:05:24 - 0:08:59 - Epoch 92: train_loss=0.8659421801567078, train_AUC=0.9888754955036467, train_AP=0.9851248400083753, time=0.30373501777648926
INFO - 11/05/25 18:05:24 - 0:08:59 - Epoch 92: val_AUC=0.9578677472011885, val_AP=0.9520308516873142
INFO - 11/05/25 18:05:25 - 0:09:00 - Epoch 93: train_loss=0.8623791933059692, train_AUC=0.9888193103547448, train_AP=0.984812421847763, time=0.30237340927124023
INFO - 11/05/25 18:05:25 - 0:09:00 - Epoch 93: val_AUC=0.9580276036439938, val_AP=0.9522235411049298
INFO - 11/05/25 18:05:25 - 0:09:00 - Epoch 94: train_loss=0.8596740961074829, train_AUC=0.9889610339871155, train_AP=0.9850439867843656, time=0.3022189140319824
INFO - 11/05/25 18:05:25 - 0:09:00 - Epoch 94: val_AUC=0.9582137294895019, val_AP=0.9524521956331576
INFO - 11/05/25 18:05:26 - 0:09:01 - Epoch 95: train_loss=0.857948899269104, train_AUC=0.9893192119117206, train_AP=0.9855918739190626, time=0.3017396926879883
INFO - 11/05/25 18:05:26 - 0:09:01 - Epoch 95: val_AUC=0.9583890624796361, val_AP=0.9526841258079941
INFO - 11/05/25 18:05:26 - 0:09:01 - Epoch 96: train_loss=0.854827880859375, train_AUC=0.9896005089186909, train_AP=0.9861703337550066, time=0.302915096282959
INFO - 11/05/25 18:05:26 - 0:09:01 - Epoch 96: val_AUC=0.9585627663595251, val_AP=0.9528976892297281
INFO - 11/05/25 18:05:26 - 0:09:01 - Epoch 97: train_loss=0.8538497686386108, train_AUC=0.9896586350939585, train_AP=0.9860632083946619, time=0.3023533821105957
INFO - 11/05/25 18:05:27 - 0:09:02 - Epoch 97: val_AUC=0.9587607032543105, val_AP=0.9531238496275841
INFO - 11/05/25 18:05:27 - 0:09:02 - Epoch 98: train_loss=0.8502161502838135, train_AUC=0.9897668172412336, train_AP=0.9862202297971107, time=0.30583739280700684
INFO - 11/05/25 18:05:27 - 0:09:02 - Epoch 98: val_AUC=0.9589818549700896, val_AP=0.9533791021577724
INFO - 11/05/25 18:05:27 - 0:09:02 - Epoch 99: train_loss=0.8466589450836182, train_AUC=0.9901283495609172, train_AP=0.9867022744449155, time=0.3029484748840332
INFO - 11/05/25 18:05:27 - 0:09:02 - Epoch 99: val_AUC=0.9591317331126432, val_AP=0.9535829225146372
INFO - 11/05/25 18:05:28 - 0:09:03 - Epoch 100: train_loss=0.8459177017211914, train_AUC=0.9899399738415374, train_AP=0.9864305652348473, time=0.3029210567474365
INFO - 11/05/25 18:05:28 - 0:09:03 - Epoch 100: val_AUC=0.9592685783732356, val_AP=0.9537512683462716
INFO - 11/05/25 18:05:28 - 0:09:03 - Epoch 101: train_loss=0.8431030511856079, train_AUC=0.990332163317418, train_AP=0.9869134652762491, time=0.3048419952392578
INFO - 11/05/25 18:05:28 - 0:09:03 - Epoch 101: val_AUC=0.9593811906189317, val_AP=0.9539387071816454
INFO - 11/05/25 18:05:28 - 0:09:03 - Epoch 102: train_loss=0.8389444351196289, train_AUC=0.9906171264531268, train_AP=0.987369651560086, time=0.305739164352417
INFO - 11/05/25 18:05:29 - 0:09:04 - Epoch 102: val_AUC=0.9594876937012081, val_AP=0.9540854321830319
INFO - 11/05/25 18:05:29 - 0:09:04 - Epoch 103: train_loss=0.8376210927963257, train_AUC=0.9907211137572864, train_AP=0.9876239462156098, time=0.3059725761413574
INFO - 11/05/25 18:05:29 - 0:09:04 - Epoch 103: val_AUC=0.9595639564245593, val_AP=0.9541968735444042
INFO - 11/05/25 18:05:29 - 0:09:04 - Epoch 104: train_loss=0.8336061239242554, train_AUC=0.9911648282280325, train_AP=0.988080633961678, time=0.30523109436035156
INFO - 11/05/25 18:05:29 - 0:09:04 - Epoch 104: val_AUC=0.9596599721096325, val_AP=0.9543571210840729
INFO - 11/05/25 18:05:30 - 0:09:05 - Epoch 105: train_loss=0.8334574103355408, train_AUC=0.9911755867378388, train_AP=0.9882804504051412, time=0.30170774459838867
INFO - 11/05/25 18:05:30 - 0:09:05 - Epoch 105: val_AUC=0.9597668824694705, val_AP=0.9545478916046779
INFO - 11/05/25 18:05:30 - 0:09:05 - Epoch 106: train_loss=0.8289451599121094, train_AUC=0.9915076565281139, train_AP=0.9885756449501762, time=0.30196285247802734
INFO - 11/05/25 18:05:30 - 0:09:05 - Epoch 106: val_AUC=0.9598369342100119, val_AP=0.9546577206970537
INFO - 11/05/25 18:05:31 - 0:09:06 - Epoch 107: train_loss=0.8265358805656433, train_AUC=0.9915101627258441, train_AP=0.9886930068968305, time=0.30454540252685547
INFO - 11/05/25 18:05:31 - 0:09:06 - Epoch 107: val_AUC=0.9598674800271084, val_AP=0.954721124753846
INFO - 11/05/25 18:05:31 - 0:09:06 - Epoch 108: train_loss=0.8236782550811768, train_AUC=0.991887844962566, train_AP=0.9893345858612754, time=0.30699706077575684
INFO - 11/05/25 18:05:31 - 0:09:06 - Epoch 108: val_AUC=0.9599071895893339, val_AP=0.9547925762484183
INFO - 11/05/25 18:05:31 - 0:09:06 - Epoch 109: train_loss=0.8215731382369995, train_AUC=0.9918156351184518, train_AP=0.9889527671049934, time=0.30237722396850586
INFO - 11/05/25 18:05:31 - 0:09:06 - Epoch 109: val_AUC=0.9599023022585985, val_AP=0.9548351589018591
INFO - 11/05/25 18:05:32 - 0:09:07 - Epoch 110: train_loss=0.8190454244613647, train_AUC=0.9917881972727474, train_AP=0.9889608015346287, time=0.3017435073852539
INFO - 11/05/25 18:05:32 - 0:09:07 - Epoch 110: val_AUC=0.9599043386464049, val_AP=0.9548911185831326
INFO - 11/05/25 18:05:32 - 0:09:07 - Epoch 111: train_loss=0.8152637481689453, train_AUC=0.9923887364940635, train_AP=0.9899234233411658, time=0.3059101104736328
INFO - 11/05/25 18:05:32 - 0:09:07 - Epoch 111: val_AUC=0.9599004695095726, val_AP=0.9549947541309936
INFO - 11/05/25 18:05:33 - 0:09:08 - Epoch 112: train_loss=0.8136477470397949, train_AUC=0.9922689298514417, train_AP=0.9897371459402862, time=0.3082311153411865
INFO - 11/05/25 18:05:33 - 0:09:08 - Epoch 112: val_AUC=0.9599489355393658, val_AP=0.9551590845051355
INFO - 11/05/25 18:05:33 - 0:09:08 - Epoch 113: train_loss=0.8111028671264648, train_AUC=0.9924607825459155, train_AP=0.989899240293379, time=0.3057820796966553
INFO - 11/05/25 18:05:33 - 0:09:08 - Epoch 113: val_AUC=0.9600698969750681, val_AP=0.9554027232586022
INFO - 11/05/25 18:05:33 - 0:09:08 - Epoch 114: train_loss=0.8083806037902832, train_AUC=0.9927740134081233, train_AP=0.9904491201303773, time=0.30640196800231934
INFO - 11/05/25 18:05:34 - 0:09:09 - Epoch 114: val_AUC=0.9601619417039191, val_AP=0.9556144317188309
INFO - 11/05/25 18:05:34 - 0:09:09 - Epoch 115: train_loss=0.8080800771713257, train_AUC=0.9925366852891165, train_AP=0.9900012338609278, time=0.30547285079956055
INFO - 11/05/25 18:05:34 - 0:09:09 - Epoch 115: val_AUC=0.9603099870974469, val_AP=0.95587988598322
INFO - 11/05/25 18:05:34 - 0:09:09 - Epoch 116: train_loss=0.8043484687805176, train_AUC=0.9928471801160651, train_AP=0.9904113212046101, time=0.3087735176086426
INFO - 11/05/25 18:05:34 - 0:09:09 - Epoch 116: val_AUC=0.960495502026613, val_AP=0.9561628436068493
INFO - 11/05/25 18:05:35 - 0:09:10 - Epoch 117: train_loss=0.8022767305374146, train_AUC=0.9931189567418337, train_AP=0.9909920893618899, time=0.30567002296447754
INFO - 11/05/25 18:05:35 - 0:09:10 - Epoch 117: val_AUC=0.9606836642599278, val_AP=0.9564844765004271
INFO - 11/05/25 18:05:35 - 0:09:10 - Epoch 118: train_loss=0.7997545003890991, train_AUC=0.9935616638021079, train_AP=0.9914391949626199, time=0.30359601974487305
INFO - 11/05/25 18:05:35 - 0:09:10 - Epoch 118: val_AUC=0.9609147942759583, val_AP=0.9568117225242745
INFO - 11/05/25 18:05:36 - 0:09:11 - Epoch 119: train_loss=0.7995074987411499, train_AUC=0.9933891414124877, train_AP=0.9912478924352346, time=0.3044557571411133
INFO - 11/05/25 18:05:36 - 0:09:11 - Epoch 119: val_AUC=0.9611098802278147, val_AP=0.9570943091223865
INFO - 11/05/25 18:05:36 - 0:09:11 - Epoch 120: train_loss=0.7969361543655396, train_AUC=0.9934996254574672, train_AP=0.9914615728714006, time=0.3031120300292969
INFO - 11/05/25 18:05:36 - 0:09:11 - Epoch 120: val_AUC=0.9612707548645233, val_AP=0.9572993168944977
INFO - 11/05/25 18:05:36 - 0:09:11 - Epoch 121: train_loss=0.7931190133094788, train_AUC=0.9940462791380164, train_AP=0.9924163350575432, time=0.3052358627319336
INFO - 11/05/25 18:05:36 - 0:09:11 - Epoch 121: val_AUC=0.9614051564597479, val_AP=0.9575052180937349
INFO - 11/05/25 18:05:37 - 0:09:12 - Epoch 122: train_loss=0.7925370931625366, train_AUC=0.9939258837238548, train_AP=0.9921790319091415, time=0.30397963523864746
INFO - 11/05/25 18:05:37 - 0:09:12 - Epoch 122: val_AUC=0.9614887501792021, val_AP=0.9576307165475777
INFO - 11/05/25 18:05:37 - 0:09:12 - Epoch 123: train_loss=0.7898876667022705, train_AUC=0.9940427454520532, train_AP=0.9922178116866602, time=0.30277514457702637
INFO - 11/05/25 18:05:37 - 0:09:12 - Epoch 123: val_AUC=0.9615641983474306, val_AP=0.9576955280213625
INFO - 11/05/25 18:05:38 - 0:09:13 - Epoch 124: train_loss=0.7872340679168701, train_AUC=0.9942991497337264, train_AP=0.9924407997167187, time=0.30737876892089844
INFO - 11/05/25 18:05:38 - 0:09:13 - Epoch 124: val_AUC=0.961566234735237, val_AP=0.957686619733527
INFO - 11/05/25 18:05:38 - 0:09:13 - Epoch 125: train_loss=0.7874829769134521, train_AUC=0.9939647111198763, train_AP=0.9919661173768232, time=0.3023185729980469
INFO - 11/05/25 18:05:38 - 0:09:13 - Epoch 125: val_AUC=0.9615798785335402, val_AP=0.9577156756991788
INFO - 11/05/25 18:05:38 - 0:09:13 - Epoch 126: train_loss=0.7854794263839722, train_AUC=0.9940822204439322, train_AP=0.9920174886674734, time=0.30364394187927246
INFO - 11/05/25 18:05:38 - 0:09:13 - Epoch 126: val_AUC=0.961612460738443, val_AP=0.9577541165173687
INFO - 11/05/25 18:05:39 - 0:09:14 - Epoch 127: train_loss=0.7825982570648193, train_AUC=0.9941856077048264, train_AP=0.9920820798479162, time=0.3044705390930176
INFO - 11/05/25 18:05:39 - 0:09:14 - Epoch 127: val_AUC=0.9616613340457975, val_AP=0.9578055833474338
INFO - 11/05/25 18:05:39 - 0:09:14 - Epoch 128: train_loss=0.7817624807357788, train_AUC=0.9943275509597249, train_AP=0.9923403430743598, time=0.30864763259887695
INFO - 11/05/25 18:05:39 - 0:09:14 - Epoch 128: val_AUC=0.9616928980567973, val_AP=0.9578607825056704
INFO - 11/05/25 18:05:40 - 0:09:15 - Epoch 129: train_loss=0.7793662548065186, train_AUC=0.9945819999492547, train_AP=0.992970503602096, time=0.30414271354675293
INFO - 11/05/25 18:05:40 - 0:09:15 - Epoch 129: val_AUC=0.9617450295846421, val_AP=0.9580031887158638
INFO - 11/05/25 18:05:40 - 0:09:15 - Epoch 130: train_loss=0.7770168781280518, train_AUC=0.9947564145798035, train_AP=0.9929519716373254, time=0.3054544925689697
INFO - 11/05/25 18:05:40 - 0:09:15 - Epoch 130: val_AUC=0.9617731317363709, val_AP=0.9580418695231352
INFO - 11/05/25 18:05:40 - 0:09:15 - Epoch 131: train_loss=0.7760956287384033, train_AUC=0.9946700189168297, train_AP=0.9928795049743878, time=0.30881571769714355
INFO - 11/05/25 18:05:41 - 0:09:16 - Epoch 131: val_AUC=0.9617641716300225, val_AP=0.9580533993154855
INFO - 11/05/25 18:05:41 - 0:09:16 - Epoch 132: train_loss=0.775302529335022, train_AUC=0.9944720687471897, train_AP=0.9926342569275479, time=0.30182528495788574
INFO - 11/05/25 18:05:41 - 0:09:16 - Epoch 132: val_AUC=0.9617275166495066, val_AP=0.9580439029178196
INFO - 11/05/25 18:05:41 - 0:09:16 - Epoch 133: train_loss=0.772506833076477, train_AUC=0.9950677886013458, train_AP=0.9934612607833279, time=0.30373644828796387
INFO - 11/05/25 18:05:41 - 0:09:16 - Epoch 133: val_AUC=0.9616992108589972, val_AP=0.9580814865111158
INFO - 11/05/25 18:05:42 - 0:09:17 - Epoch 134: train_loss=0.7713625431060791, train_AUC=0.9949192378256996, train_AP=0.9932370292306603, time=0.30370545387268066
INFO - 11/05/25 18:05:42 - 0:09:17 - Epoch 134: val_AUC=0.9617055236611971, val_AP=0.9581557654936153
INFO - 11/05/25 18:05:42 - 0:09:17 - Epoch 135: train_loss=0.7693327069282532, train_AUC=0.9952018210422287, train_AP=0.993672885157329, time=0.3025226593017578
INFO - 11/05/25 18:05:42 - 0:09:17 - Epoch 135: val_AUC=0.9617116328246167, val_AP=0.9581989108718493
INFO - 11/05/25 18:05:43 - 0:09:18 - Epoch 136: train_loss=0.7683401107788086, train_AUC=0.9952864264381659, train_AP=0.9938473031349344, time=0.3083381652832031
INFO - 11/05/25 18:05:43 - 0:09:18 - Epoch 136: val_AUC=0.961672534178733, val_AP=0.958192303108552
INFO - 11/05/25 18:05:43 - 0:09:18 - Epoch 137: train_loss=0.766352117061615, train_AUC=0.9952813962545138, train_AP=0.9936492494640046, time=0.306196928024292
INFO - 11/05/25 18:05:43 - 0:09:18 - Epoch 137: val_AUC=0.9616318064226042, val_AP=0.958202695748995
INFO - 11/05/25 18:05:43 - 0:09:18 - Epoch 138: train_loss=0.7661734223365784, train_AUC=0.9951698412194854, train_AP=0.9935185657604231, time=0.30686068534851074
INFO - 11/05/25 18:05:43 - 0:09:18 - Epoch 138: val_AUC=0.9615931150542819, val_AP=0.9581973896774021
INFO - 11/05/25 18:05:44 - 0:09:19 - Epoch 139: train_loss=0.7629443407058716, train_AUC=0.9954306367188679, train_AP=0.9939327058979375, time=0.3036973476409912
INFO - 11/05/25 18:05:44 - 0:09:19 - Epoch 139: val_AUC=0.9615548309635208, val_AP=0.9581751279986702
INFO - 11/05/25 18:05:44 - 0:09:19 - Epoch 140: train_loss=0.7619445323944092, train_AUC=0.9954416756128474, train_AP=0.9937097537608405, time=0.3087589740753174
INFO - 11/05/25 18:05:44 - 0:09:19 - Epoch 140: val_AUC=0.9615155286788567, val_AP=0.9581857608341073
INFO - 11/05/25 18:05:45 - 0:09:20 - Epoch 141: train_loss=0.7609098553657532, train_AUC=0.9955135289886408, train_AP=0.9939965355881014, time=0.30527186393737793
INFO - 11/05/25 18:05:45 - 0:09:20 - Epoch 141: val_AUC=0.9615358925569213, val_AP=0.9582943596562197
INFO - 11/05/25 18:05:45 - 0:09:20 - Epoch 142: train_loss=0.7590883374214172, train_AUC=0.9953860878654002, train_AP=0.9936926828461344, time=0.30162954330444336
INFO - 11/05/25 18:05:45 - 0:09:20 - Epoch 142: val_AUC=0.9615373180283855, val_AP=0.9583141259870804
INFO - 11/05/25 18:05:45 - 0:09:20 - Epoch 143: train_loss=0.7575068473815918, train_AUC=0.995636926028095, train_AP=0.9942808243469169, time=0.30178332328796387
INFO - 11/05/25 18:05:45 - 0:09:20 - Epoch 143: val_AUC=0.9615293761159405, val_AP=0.9583263679048666
INFO - 11/05/25 18:05:46 - 0:09:21 - Epoch 144: train_loss=0.7571702003479004, train_AUC=0.9953201030078476, train_AP=0.9935158858939793, time=0.301424503326416
INFO - 11/05/25 18:05:46 - 0:09:21 - Epoch 144: val_AUC=0.9615293761159405, val_AP=0.9583490139712288
INFO - 11/05/25 18:05:46 - 0:09:21 - Epoch 145: train_loss=0.755729079246521, train_AUC=0.9956011226246966, train_AP=0.9940595351446896, time=0.30288028717041016
INFO - 11/05/25 18:05:46 - 0:09:21 - Epoch 145: val_AUC=0.9614815210024893, val_AP=0.9583475075946504
INFO - 11/05/25 18:05:47 - 0:09:22 - Epoch 146: train_loss=0.7552312016487122, train_AUC=0.995470320061549, train_AP=0.9938365569657308, time=0.30269312858581543
INFO - 11/05/25 18:05:47 - 0:09:22 - Epoch 146: val_AUC=0.9614923138578634, val_AP=0.9583450294738125
INFO - 11/05/25 18:05:47 - 0:09:22 - Epoch 147: train_loss=0.7511680126190186, train_AUC=0.9959870538272011, train_AP=0.9946140029852022, time=0.3042283058166504
INFO - 11/05/25 18:05:47 - 0:09:22 - Epoch 147: val_AUC=0.961476022755412, val_AP=0.958346754951759
INFO - 11/05/25 18:05:47 - 0:09:22 - Epoch 148: train_loss=0.7509943246841431, train_AUC=0.9957051872458487, train_AP=0.994207889488937, time=0.303525447845459
INFO - 11/05/25 18:05:47 - 0:09:22 - Epoch 148: val_AUC=0.9614056655566996, val_AP=0.9582573653767541
INFO - 11/05/25 18:05:48 - 0:09:23 - Epoch 149: train_loss=0.7493717670440674, train_AUC=0.9957962486987215, train_AP=0.9942467159727468, time=0.4149024486541748
INFO - 11/05/25 18:05:48 - 0:09:23 - Epoch 149: val_AUC=0.9613754251977741, val_AP=0.9582156021027297
INFO - 11/05/25 18:05:48 - 0:09:23 - Epoch 150: train_loss=0.74835205078125, train_AUC=0.9960759581535948, train_AP=0.9946997718852018, time=0.3471677303314209
INFO - 11/05/25 18:05:48 - 0:09:23 - Epoch 150: val_AUC=0.9613717596997222, val_AP=0.9582277697550947
INFO - 11/05/25 18:05:49 - 0:09:24 - Epoch 151: train_loss=0.7473391890525818, train_AUC=0.99595805326242, train_AP=0.9945409350452582, time=0.3386352062225342
INFO - 11/05/25 18:05:49 - 0:09:24 - Epoch 151: val_AUC=0.9614078037638963, val_AP=0.9583489234417142
INFO - 11/05/25 18:05:49 - 0:09:24 - Epoch 152: train_loss=0.7461491823196411, train_AUC=0.9960709059548538, train_AP=0.9946371003434039, time=0.3388333320617676
INFO - 11/05/25 18:05:49 - 0:09:24 - Epoch 152: val_AUC=0.9613611704831291, val_AP=0.958353840012961
INFO - 11/05/25 18:05:50 - 0:09:25 - Epoch 153: train_loss=0.74407559633255, train_AUC=0.9964470534756924, train_AP=0.9952615625531974, time=0.33826327323913574
INFO - 11/05/25 18:05:50 - 0:09:25 - Epoch 153: val_AUC=0.9614340731665993, val_AP=0.9585968715857364
INFO - 11/05/25 18:05:50 - 0:09:25 - Epoch 154: train_loss=0.7438093423843384, train_AUC=0.9961476769731643, train_AP=0.9946484941501345, time=0.3403298854827881
INFO - 11/05/25 18:05:50 - 0:09:25 - Epoch 154: val_AUC=0.9613862180531481, val_AP=0.9584664397327453
INFO - 11/05/25 18:05:51 - 0:09:26 - Epoch 155: train_loss=0.7424653768539429, train_AUC=0.9961404606031156, train_AP=0.9947730135576056, time=0.3014523983001709
INFO - 11/05/25 18:05:51 - 0:09:26 - Epoch 155: val_AUC=0.9613192208943164, val_AP=0.9584027406844308
INFO - 11/05/25 18:05:51 - 0:09:26 - Epoch 156: train_loss=0.7420475482940674, train_AUC=0.9963289773951856, train_AP=0.9951223426789687, time=0.29910993576049805
INFO - 11/05/25 18:05:51 - 0:09:26 - Epoch 156: val_AUC=0.9613002824877166, val_AP=0.958426102163296
INFO - 11/05/25 18:05:51 - 0:09:26 - Epoch 157: train_loss=0.7405118942260742, train_AUC=0.996241703242101, train_AP=0.9948978341792166, time=0.2996995449066162
INFO - 11/05/25 18:05:51 - 0:09:26 - Epoch 157: val_AUC=0.961324515502613, val_AP=0.9586035100729449
INFO - 11/05/25 18:05:52 - 0:09:27 - Epoch 158: train_loss=0.7390904426574707, train_AUC=0.9963219035067927, train_AP=0.9948668755975494, time=0.30043864250183105
INFO - 11/05/25 18:05:52 - 0:09:27 - Epoch 158: val_AUC=0.961245707294504, val_AP=0.9584027095976259
INFO - 11/05/25 18:05:52 - 0:09:27 - Epoch 159: train_loss=0.7374134063720703, train_AUC=0.9962536333068827, train_AP=0.9949203883482959, time=0.29755425453186035
INFO - 11/05/25 18:05:52 - 0:09:27 - Epoch 159: val_AUC=0.9612318598574203, val_AP=0.9584383388463535
INFO - 11/05/25 18:05:53 - 0:09:28 - Epoch 160: train_loss=0.7370511889457703, train_AUC=0.9962934200324217, train_AP=0.9947457970454745, time=0.29891443252563477
INFO - 11/05/25 18:05:53 - 0:09:28 - Epoch 160: val_AUC=0.9612214742796072, val_AP=0.9584322077733688
INFO - 11/05/25 18:05:53 - 0:09:28 - Epoch 161: train_loss=0.7371230125427246, train_AUC=0.9963546818608437, train_AP=0.9951059773268144, time=0.30005335807800293
INFO - 11/05/25 18:05:53 - 0:09:28 - Epoch 161: val_AUC=0.9612033504281301, val_AP=0.9584406023453838
INFO - 11/05/25 18:05:53 - 0:09:28 - Epoch 162: train_loss=0.7343794703483582, train_AUC=0.9964532287962131, train_AP=0.9950006586714152, time=0.2979166507720947
INFO - 11/05/25 18:05:53 - 0:09:28 - Epoch 162: val_AUC=0.9611591608127305, val_AP=0.9584586429325495
INFO - 11/05/25 18:05:54 - 0:09:29 - Epoch 163: train_loss=0.7343809604644775, train_AUC=0.9964464324740622, train_AP=0.9953115124196041, time=0.296734094619751
INFO - 11/05/25 18:05:54 - 0:09:29 - Epoch 163: val_AUC=0.9611420551551565, val_AP=0.9584641370672361
INFO - 11/05/25 18:05:54 - 0:09:29 - Epoch 164: train_loss=0.731741726398468, train_AUC=0.9965650779528306, train_AP=0.9950887350564681, time=0.2952232360839844
INFO - 11/05/25 18:05:54 - 0:09:29 - Epoch 164: val_AUC=0.9610905345436536, val_AP=0.9584551515034659
INFO - 11/05/25 18:05:55 - 0:09:30 - Epoch 165: train_loss=0.731286883354187, train_AUC=0.9965518976071152, train_AP=0.9953238268298218, time=0.29659342765808105
INFO - 11/05/25 18:05:55 - 0:09:30 - Epoch 165: val_AUC=0.9609813841572286, val_AP=0.9584337373464391
INFO - 11/05/25 18:05:55 - 0:09:30 - Epoch 166: train_loss=0.7299950122833252, train_AUC=0.9966491889779296, train_AP=0.9954746169095317, time=0.2989051342010498
INFO - 11/05/25 18:05:55 - 0:09:30 - Epoch 166: val_AUC=0.9609817914347899, val_AP=0.9586370068342556
INFO - 11/05/25 18:05:55 - 0:09:30 - Epoch 167: train_loss=0.7287180423736572, train_AUC=0.9968684176997381, train_AP=0.99587768724487, time=0.2982971668243408
INFO - 11/05/25 18:05:55 - 0:09:30 - Epoch 167: val_AUC=0.9609365836254868, val_AP=0.9586167316407621
INFO - 11/05/25 18:05:56 - 0:09:31 - Epoch 168: train_loss=0.7279899716377258, train_AUC=0.9967245804427041, train_AP=0.9955278932029098, time=0.323000431060791
INFO - 11/05/25 18:05:56 - 0:09:31 - Epoch 168: val_AUC=0.9608754919912941, val_AP=0.9585572597287928
INFO - 11/05/25 18:05:56 - 0:09:31 - Epoch 169: train_loss=0.7271449565887451, train_AUC=0.9969463623864727, train_AP=0.996019938745562, time=0.31310534477233887
INFO - 11/05/25 18:05:56 - 0:09:31 - Epoch 169: val_AUC=0.9608217313532041, val_AP=0.958525131396006
INFO - 11/05/25 18:05:57 - 0:09:32 - Epoch 170: train_loss=0.7249650955200195, train_AUC=0.9968356666443975, train_AP=0.9956458485774224, time=0.33194828033447266
INFO - 11/05/25 18:05:57 - 0:09:32 - Epoch 170: val_AUC=0.9608280441554041, val_AP=0.9585649356531575
INFO - 11/05/25 18:05:57 - 0:09:32 - Epoch 171: train_loss=0.7249270677566528, train_AUC=0.9968620433628129, train_AP=0.9956657709578293, time=0.31188488006591797
INFO - 11/05/25 18:05:57 - 0:09:32 - Epoch 171: val_AUC=0.9608247859349136, val_AP=0.9586542042348541
INFO - 11/05/25 18:05:57 - 0:09:33 - Epoch 172: train_loss=0.7250820398330688, train_AUC=0.9969486567109864, train_AP=0.9958468559320528, time=0.32175731658935547
INFO - 11/05/25 18:05:58 - 0:09:33 - Epoch 172: val_AUC=0.9607974983383076, val_AP=0.9586610776750494
INFO - 11/05/25 18:05:58 - 0:09:33 - Epoch 173: train_loss=0.7245380878448486, train_AUC=0.9965055176266061, train_AP=0.995003069801752, time=0.31664490699768066
INFO - 11/05/25 18:05:58 - 0:09:33 - Epoch 173: val_AUC=0.9607028063053082, val_AP=0.958444622422998
INFO - 11/05/25 18:05:58 - 0:09:33 - Epoch 174: train_loss=0.721439003944397, train_AUC=0.9970524240403769, train_AP=0.9960408359354793, time=0.3203146457672119
INFO - 11/05/25 18:05:58 - 0:09:33 - Epoch 174: val_AUC=0.9607040281379922, val_AP=0.9584491849278084
INFO - 11/05/25 18:05:59 - 0:09:34 - Epoch 175: train_loss=0.7217024564743042, train_AUC=0.996690290972945, train_AP=0.9951654582959301, time=0.32123470306396484
INFO - 11/05/25 18:05:59 - 0:09:34 - Epoch 175: val_AUC=0.9606730750433343, val_AP=0.9584278212195452
INFO - 11/05/25 18:05:59 - 0:09:34 - Epoch 176: train_loss=0.7190252542495728, train_AUC=0.9971645363213377, train_AP=0.9961312726497987, time=0.3202223777770996
INFO - 11/05/25 18:05:59 - 0:09:34 - Epoch 176: val_AUC=0.9606272563176897, val_AP=0.9584234830695111
INFO - 11/05/25 18:06:00 - 0:09:35 - Epoch 177: train_loss=0.7176967859268188, train_AUC=0.9970193483945642, train_AP=0.9958047843548548, time=0.3106534481048584
INFO - 11/05/25 18:06:00 - 0:09:35 - Epoch 177: val_AUC=0.9605958959454703, val_AP=0.958462697224266
INFO - 11/05/25 18:06:00 - 0:09:35 - Epoch 178: train_loss=0.7185173034667969, train_AUC=0.9969534419107284, train_AP=0.9958484768941394, time=0.31799864768981934
INFO - 11/05/25 18:06:00 - 0:09:35 - Epoch 178: val_AUC=0.9605089421861357, val_AP=0.9584074171116205
INFO - 11/05/25 18:06:00 - 0:09:35 - Epoch 179: train_loss=0.7168782353401184, train_AUC=0.9970618963406243, train_AP=0.996053011860615, time=0.3155689239501953
INFO - 11/05/25 18:06:01 - 0:09:36 - Epoch 179: val_AUC=0.9604403159170586, val_AP=0.9583582499208528
INFO - 11/05/25 18:06:01 - 0:09:36 - Epoch 180: train_loss=0.7158973217010498, train_AUC=0.9972005572338153, train_AP=0.9963707955205447, time=0.3242027759552002
INFO - 11/05/25 18:06:01 - 0:09:36 - Epoch 180: val_AUC=0.9604248393697298, val_AP=0.9583671844784067
INFO - 11/05/25 18:06:01 - 0:09:36 - Epoch 181: train_loss=0.7150201797485352, train_AUC=0.9970592025743358, train_AP=0.995969109164371, time=0.3204195499420166
INFO - 11/05/25 18:06:01 - 0:09:36 - Epoch 181: val_AUC=0.9604083446284977, val_AP=0.9583382152636517
INFO - 11/05/25 18:06:02 - 0:09:37 - Epoch 182: train_loss=0.7137126922607422, train_AUC=0.9970338816995882, train_AP=0.9958585965780613, time=0.31273460388183594
INFO - 11/05/25 18:06:02 - 0:09:37 - Epoch 182: val_AUC=0.9603329982796596, val_AP=0.9583181904667577
INFO - 11/05/25 18:06:02 - 0:09:37 - Epoch 183: train_loss=0.7126381397247314, train_AUC=0.9972001896698895, train_AP=0.9961308732242516, time=0.31736087799072266
INFO - 11/05/25 18:06:02 - 0:09:37 - Epoch 183: val_AUC=0.96034582752284, val_AP=0.9584517756704093
INFO - 11/05/25 18:06:03 - 0:09:38 - Epoch 184: train_loss=0.7134894728660583, train_AUC=0.9970984436779096, train_AP=0.9959828783545691, time=0.36440253257751465
INFO - 11/05/25 18:06:03 - 0:09:38 - Epoch 184: val_AUC=0.9602552082654539, val_AP=0.9584068012218463
INFO - 11/05/25 18:06:03 - 0:09:38 - Epoch 185: train_loss=0.7105205059051514, train_AUC=0.9975288509960277, train_AP=0.9966696623438726, time=0.34941983222961426
INFO - 11/05/25 18:06:03 - 0:09:38 - Epoch 185: val_AUC=0.9601615344263578, val_AP=0.9583042042806195
INFO - 11/05/25 18:06:04 - 0:09:39 - Epoch 186: train_loss=0.7104209661483765, train_AUC=0.9972883107874776, train_AP=0.9963241643453239, time=0.3551921844482422
INFO - 11/05/25 18:06:04 - 0:09:39 - Epoch 186: val_AUC=0.9600902608531324, val_AP=0.9582177058704099
INFO - 11/05/25 18:06:04 - 0:09:39 - Epoch 187: train_loss=0.7099475860595703, train_AUC=0.997336251197494, train_AP=0.9962197227611111, time=0.3814113140106201
INFO - 11/05/25 18:06:04 - 0:09:39 - Epoch 187: val_AUC=0.9599593211171787, val_AP=0.9580889879507215
INFO - 11/05/25 18:06:04 - 0:09:39 - Epoch 188: train_loss=0.7091361880302429, train_AUC=0.9971771905944867, train_AP=0.996089428018138, time=0.3641989231109619
INFO - 11/05/25 18:06:05 - 0:09:40 - Epoch 188: val_AUC=0.9600098235347784, val_AP=0.9582086870729151
INFO - 11/05/25 18:06:05 - 0:09:40 - Epoch 189: train_loss=0.7079269886016846, train_AUC=0.9973395288039423, train_AP=0.9964622439883355, time=0.35865306854248047
INFO - 11/05/25 18:06:05 - 0:09:40 - Epoch 189: val_AUC=0.9599060695760402, val_AP=0.9582036976599903
INFO - 11/05/25 18:06:05 - 0:09:40 - Epoch 190: train_loss=0.7079348564147949, train_AUC=0.9972084699851588, train_AP=0.996172578616596, time=0.36284685134887695
INFO - 11/05/25 18:06:06 - 0:09:41 - Epoch 190: val_AUC=0.9600527913174941, val_AP=0.9582775309026921
INFO - 11/05/25 18:06:06 - 0:09:41 - Epoch 191: train_loss=0.7066105604171753, train_AUC=0.9973661901334281, train_AP=0.9963897113728574, time=0.3697512149810791
INFO - 11/05/25 18:06:06 - 0:09:41 - Epoch 191: val_AUC=0.9598139230277993, val_AP=0.9581916658841365
INFO - 11/05/25 18:06:06 - 0:09:41 - Epoch 192: train_loss=0.7066240310668945, train_AUC=0.9972648936015047, train_AP=0.9960741972035784, time=0.3591461181640625
INFO - 11/05/25 18:06:06 - 0:09:41 - Epoch 192: val_AUC=0.9599674666684046, val_AP=0.9582241061090222
INFO - 11/05/25 18:06:07 - 0:09:42 - Epoch 193: train_loss=0.7046099901199341, train_AUC=0.9973358005045923, train_AP=0.9963266282831877, time=0.31218838691711426
INFO - 11/05/25 18:06:07 - 0:09:42 - Epoch 193: val_AUC=0.9598579090044181, val_AP=0.9581982131698191
INFO - 11/05/25 18:06:07 - 0:09:42 - Epoch 194: train_loss=0.7033522129058838, train_AUC=0.9974077047792714, train_AP=0.9963504889485687, time=0.3059122562408447
INFO - 11/05/25 18:06:07 - 0:09:42 - Epoch 194: val_AUC=0.9597786935187478, val_AP=0.9581595328198331
INFO - 11/05/25 18:06:08 - 0:09:43 - Epoch 195: train_loss=0.7026554346084595, train_AUC=0.9975106709355434, train_AP=0.9967232573455964, time=0.303377628326416
INFO - 11/05/25 18:06:08 - 0:09:43 - Epoch 195: val_AUC=0.9598314359629344, val_AP=0.958095103959998
INFO - 11/05/25 18:06:08 - 0:09:43 - Epoch 196: train_loss=0.7029392719268799, train_AUC=0.997349793647393, train_AP=0.9962859347760619, time=0.30118489265441895
INFO - 11/05/25 18:06:08 - 0:09:43 - Epoch 196: val_AUC=0.9595862548710397, val_AP=0.958018194400739
INFO - 11/05/25 18:06:08 - 0:09:43 - Epoch 197: train_loss=0.7015279531478882, train_AUC=0.9976093564779132, train_AP=0.9967628614007974, time=0.29941844940185547
INFO - 11/05/25 18:06:08 - 0:09:43 - Epoch 197: val_AUC=0.959591753118117, val_AP=0.9579287921598562
INFO - 11/05/25 18:06:09 - 0:09:44 - Epoch 198: train_loss=0.7006089687347412, train_AUC=0.9975151634226622, train_AP=0.996608101345638, time=0.3000802993774414
INFO - 11/05/25 18:06:09 - 0:09:44 - Epoch 198: val_AUC=0.9595445089210076, val_AP=0.9578533914099078
INFO - 11/05/25 18:06:09 - 0:09:44 - Epoch 199: train_loss=0.6981108784675598, train_AUC=0.9975663638270557, train_AP=0.9964466451310489, time=0.2992284297943115
INFO - 11/05/25 18:06:09 - 0:09:44 - Epoch 199: val_AUC=0.95943759856117, val_AP=0.9579333764265416
INFO - 11/05/25 18:06:10 - 0:09:45 - Epoch 200: train_loss=0.6986234188079834, train_AUC=0.9976056237755455, train_AP=0.9966678844158948, time=0.2988772392272949
INFO - 11/05/25 18:06:10 - 0:09:45 - Epoch 200: val_AUC=0.9594687552946084, val_AP=0.9578298116327253
INFO - 11/05/25 18:06:10 - 0:09:45 - Epoch 201: train_loss=0.6992586255073547, train_AUC=0.9975287567714469, train_AP=0.9963601083005147, time=0.2985100746154785
INFO - 11/05/25 18:06:10 - 0:09:45 - Epoch 201: val_AUC=0.9594807699826663, val_AP=0.9579141891503369
INFO - 11/05/25 18:06:10 - 0:09:45 - Epoch 202: train_loss=0.696986198425293, train_AUC=0.9977716053941676, train_AP=0.997042402109938, time=0.3002347946166992
INFO - 11/05/25 18:06:10 - 0:09:45 - Epoch 202: val_AUC=0.9594158092116408, val_AP=0.9579442609829879
INFO - 11/05/25 18:06:11 - 0:09:46 - Epoch 203: train_loss=0.6962956190109253, train_AUC=0.9978083866197583, train_AP=0.9970891284018647, time=0.29835057258605957
INFO - 11/05/25 18:06:11 - 0:09:46 - Epoch 203: val_AUC=0.9595547926794303, val_AP=0.9580053552138929
INFO - 11/05/25 18:06:11 - 0:09:46 - Epoch 204: train_loss=0.6958444118499756, train_AUC=0.9976608693204494, train_AP=0.9966252379967425, time=0.29824161529541016
INFO - 11/05/25 18:06:11 - 0:09:46 - Epoch 204: val_AUC=0.9594654970741181, val_AP=0.9580362649400245
INFO - 11/05/25 18:06:12 - 0:09:47 - Epoch 205: train_loss=0.6952948570251465, train_AUC=0.9976291973567105, train_AP=0.996589501706072, time=0.2981131076812744
INFO - 11/05/25 18:06:12 - 0:09:47 - Epoch 205: val_AUC=0.9594878973399887, val_AP=0.9580383350977526
INFO - 11/05/25 18:06:12 - 0:09:47 - Epoch 206: train_loss=0.6936678290367126, train_AUC=0.9976058460398838, train_AP=0.9965776365712193, time=0.30217599868774414
INFO - 11/05/25 18:06:12 - 0:09:47 - Epoch 206: val_AUC=0.9594714025987567, val_AP=0.9580260536673928
INFO - 11/05/25 18:06:12 - 0:09:47 - Epoch 207: train_loss=0.6931484937667847, train_AUC=0.9978047275358484, train_AP=0.9970070256258329, time=0.30055785179138184
INFO - 11/05/25 18:06:12 - 0:09:47 - Epoch 207: val_AUC=0.959366121349164, val_AP=0.9580423357060214
INFO - 11/05/25 18:06:13 - 0:09:48 - Epoch 208: train_loss=0.6930307149887085, train_AUC=0.997851336473283, train_AP=0.9969719108569246, time=0.2994225025177002
INFO - 11/05/25 18:06:13 - 0:09:48 - Epoch 208: val_AUC=0.9593691759308735, val_AP=0.9577819534547216
INFO - 11/05/25 18:06:13 - 0:09:48 - Epoch 209: train_loss=0.6928979158401489, train_AUC=0.9977288230314402, train_AP=0.9970741290326538, time=0.30167412757873535
INFO - 11/05/25 18:06:13 - 0:09:48 - Epoch 209: val_AUC=0.9593080842966806, val_AP=0.9578158408950038
INFO - 11/05/25 18:06:14 - 0:09:49 - Epoch 210: train_loss=0.6895735263824463, train_AUC=0.9978604461409843, train_AP=0.9971918368411002, time=0.3010070323944092
INFO - 11/05/25 18:06:14 - 0:09:49 - Epoch 210: val_AUC=0.959524959598066, val_AP=0.9580329511420598
INFO - 11/05/25 18:06:14 - 0:09:49 - Epoch 211: train_loss=0.6903190612792969, train_AUC=0.9977645406640518, train_AP=0.9968823492912815, time=0.3006105422973633
INFO - 11/05/25 18:06:14 - 0:09:49 - Epoch 211: val_AUC=0.9597406130667675, val_AP=0.9581516279098685
INFO - 11/05/25 18:06:14 - 0:09:49 - Epoch 212: train_loss=0.6908146142959595, train_AUC=0.9977656357826383, train_AP=0.9969738538819753, time=0.30591511726379395
INFO - 11/05/25 18:06:14 - 0:09:49 - Epoch 212: val_AUC=0.9596212807413104, val_AP=0.9581552932390854
INFO - 11/05/25 18:06:15 - 0:09:50 - Epoch 213: train_loss=0.6895662546157837, train_AUC=0.9979920229307815, train_AP=0.9972551029880082, time=0.2991960048675537
INFO - 11/05/25 18:06:15 - 0:09:50 - Epoch 213: val_AUC=0.9597634206101996, val_AP=0.9581568318261172
INFO - 11/05/25 18:06:15 - 0:09:50 - Epoch 214: train_loss=0.6908178329467773, train_AUC=0.9976888737464841, train_AP=0.996864694469856, time=0.2994396686553955
INFO - 11/05/25 18:06:15 - 0:09:50 - Epoch 214: val_AUC=0.9596115060798396, val_AP=0.9581302548012676
INFO - 11/05/25 18:06:15 - 0:09:51 - Epoch 215: train_loss=0.6885427236557007, train_AUC=0.9978310581106372, train_AP=0.9969790298228756, time=0.2979109287261963
INFO - 11/05/25 18:06:16 - 0:09:51 - Epoch 215: val_AUC=0.959408274576757, val_AP=0.9579689393456872
INFO - 11/05/25 18:06:16 - 0:09:51 - Epoch 216: train_loss=0.6870255470275879, train_AUC=0.9980765478395535, train_AP=0.9974216880954949, time=0.2990295886993408
INFO - 11/05/25 18:06:16 - 0:09:51 - Epoch 216: val_AUC=0.9593834306455188, val_AP=0.9578507416687143
INFO - 11/05/25 18:06:16 - 0:09:51 - Epoch 217: train_loss=0.6880668997764587, train_AUC=0.9976910835330561, train_AP=0.9967568929449437, time=0.2981712818145752
INFO - 11/05/25 18:06:16 - 0:09:51 - Epoch 217: val_AUC=0.9590476302962374, val_AP=0.957889152216897
INFO - 11/05/25 18:06:17 - 0:09:52 - Epoch 218: train_loss=0.6875361204147339, train_AUC=0.99802162653288, train_AP=0.9973593761820281, time=0.29558706283569336
INFO - 11/05/25 18:06:17 - 0:09:52 - Epoch 218: val_AUC=0.9588688354468323, val_AP=0.9576464566861165
INFO - 11/05/25 18:06:17 - 0:09:52 - Epoch 219: train_loss=0.6864049434661865, train_AUC=0.9978189656625592, train_AP=0.9970002351844887, time=0.2940185070037842
INFO - 11/05/25 18:06:17 - 0:09:52 - Epoch 219: val_AUC=0.9585890357622281, val_AP=0.9574042309618086
INFO - 11/05/25 18:06:17 - 0:09:52 - Epoch 220: train_loss=0.6847703456878662, train_AUC=0.9979979069476448, train_AP=0.9972505197307198, time=0.2940549850463867
INFO - 11/05/25 18:06:18 - 0:09:53 - Epoch 220: val_AUC=0.9582514026639211, val_AP=0.9571531194688307
INFO - 11/05/25 18:06:18 - 0:09:53 - Epoch 221: train_loss=0.6842788457870483, train_AUC=0.9979619401042258, train_AP=0.997105331157905, time=0.30025815963745117
INFO - 11/05/25 18:06:18 - 0:09:53 - Epoch 221: val_AUC=0.9583367273130108, val_AP=0.9571543708831125
INFO - 11/05/25 18:06:18 - 0:09:53 - Epoch 222: train_loss=0.6845638751983643, train_AUC=0.9979795770084346, train_AP=0.997207333997748, time=0.29354119300842285
INFO - 11/05/25 18:06:18 - 0:09:53 - Epoch 222: val_AUC=0.9583815278447523, val_AP=0.9573635084959646
INFO - 11/05/25 18:06:19 - 0:09:54 - Epoch 223: train_loss=0.6833364367485046, train_AUC=0.9980730842496336, train_AP=0.9973258453106226, time=0.2956564426422119
INFO - 11/05/25 18:06:19 - 0:09:54 - Epoch 223: val_AUC=0.9584002626125716, val_AP=0.9573945074801162
INFO - 11/05/25 18:06:19 - 0:09:54 - Epoch 224: train_loss=0.6814967393875122, train_AUC=0.9981193610234056, train_AP=0.9975152438182958, time=0.2966878414154053
INFO - 11/05/25 18:06:19 - 0:09:54 - Epoch 224: val_AUC=0.9584900673148353, val_AP=0.957449036982587
INFO - 11/05/25 18:06:19 - 0:09:54 - Epoch 225: train_loss=0.6819601058959961, train_AUC=0.9980308098190391, train_AP=0.9973522284382343, time=0.2946317195892334
INFO - 11/05/25 18:06:20 - 0:09:55 - Epoch 225: val_AUC=0.9584532086955387, val_AP=0.9575374796150835
INFO - 11/05/25 18:06:20 - 0:09:55 - Epoch 226: train_loss=0.6814461350440979, train_AUC=0.997970373292273, train_AP=0.9970985628131399, time=0.2936832904815674
INFO - 11/05/25 18:06:20 - 0:09:55 - Epoch 226: val_AUC=0.9585599154165961, val_AP=0.9575807437759266
INFO - 11/05/25 18:06:20 - 0:09:55 - Epoch 227: train_loss=0.6796977519989014, train_AUC=0.9981720665554027, train_AP=0.9974976957879412, time=0.29270505905151367
INFO - 11/05/25 18:06:20 - 0:09:55 - Epoch 227: val_AUC=0.9583953752818362, val_AP=0.9575467014777599
INFO - 11/05/25 18:06:21 - 0:09:56 - Epoch 228: train_loss=0.6809870004653931, train_AUC=0.9979337060167829, train_AP=0.9970308354939348, time=0.29600071907043457
INFO - 11/05/25 18:06:21 - 0:09:56 - Epoch 228: val_AUC=0.9584438413116293, val_AP=0.9574835403615912
INFO - 11/05/25 18:06:21 - 0:09:56 - Epoch 229: train_loss=0.6791183948516846, train_AUC=0.997998950286742, train_AP=0.9970763670731078, time=0.2941110134124756
INFO - 11/05/25 18:06:21 - 0:09:56 - Epoch 229: val_AUC=0.9582461080556244, val_AP=0.9573990930067726
INFO - 11/05/25 18:06:21 - 0:09:56 - Epoch 230: train_loss=0.6799238920211792, train_AUC=0.9980468968609834, train_AP=0.9973302273210284, time=0.29279398918151855
INFO - 11/05/25 18:06:21 - 0:09:56 - Epoch 230: val_AUC=0.9581827763948443, val_AP=0.9572612484468256
INFO - 11/05/25 18:06:22 - 0:09:57 - Epoch 231: train_loss=0.6779443025588989, train_AUC=0.9981589275980547, train_AP=0.997532009982819, time=0.29533839225769043
INFO - 11/05/25 18:06:22 - 0:09:57 - Epoch 231: val_AUC=0.9578518633762984, val_AP=0.9570530232223093
INFO - 11/05/25 18:06:22 - 0:09:57 - Epoch 232: train_loss=0.6778352856636047, train_AUC=0.9980640952246197, train_AP=0.9973023335072181, time=0.2973203659057617
INFO - 11/05/25 18:06:22 - 0:09:57 - Epoch 232: val_AUC=0.9578742636421693, val_AP=0.9569341239121284
INFO - 11/05/25 18:06:23 - 0:09:58 - Epoch 233: train_loss=0.6782099008560181, train_AUC=0.997899014287318, train_AP=0.9968607648216411, time=0.2966177463531494
INFO - 11/05/25 18:06:23 - 0:09:58 - Epoch 233: val_AUC=0.9577368074652348, val_AP=0.956959682622818
INFO - 11/05/25 18:06:23 - 0:09:58 - Epoch 234: train_loss=0.676506757736206, train_AUC=0.9981900474233619, train_AP=0.9973963339468119, time=0.29399561882019043
INFO - 11/05/25 18:06:23 - 0:09:58 - Epoch 234: val_AUC=0.9579141768431753, val_AP=0.9570552961935374
INFO - 11/05/25 18:06:23 - 0:09:58 - Epoch 235: train_loss=0.6765912175178528, train_AUC=0.9982065136531988, train_AP=0.9975714735643098, time=0.2986891269683838
INFO - 11/05/25 18:06:23 - 0:09:58 - Epoch 235: val_AUC=0.957742916628654, val_AP=0.9570505572432766
INFO - 11/05/25 18:06:24 - 0:09:59 - Epoch 236: train_loss=0.6752505302429199, train_AUC=0.9982067403205551, train_AP=0.9975197716976558, time=0.2949206829071045
INFO - 11/05/25 18:06:24 - 0:09:59 - Epoch 236: val_AUC=0.9578469760455628, val_AP=0.9570217825880337
INFO - 11/05/25 18:06:24 - 0:09:59 - Epoch 237: train_loss=0.6750574111938477, train_AUC=0.9982521634372364, train_AP=0.9977053480278518, time=0.30057454109191895
INFO - 11/05/25 18:06:24 - 0:09:59 - Epoch 237: val_AUC=0.957661257477616, val_AP=0.9569812654147011
INFO - 11/05/25 18:06:24 - 0:09:59 - Epoch 238: train_loss=0.6734501123428345, train_AUC=0.9981685369202158, train_AP=0.9974165149002046, time=0.29425597190856934
INFO - 11/05/25 18:06:25 - 0:10:00 - Epoch 238: val_AUC=0.9577062616481381, val_AP=0.9569517721510966
INFO - 11/05/25 18:06:25 - 0:10:00 - Epoch 239: train_loss=0.6731566190719604, train_AUC=0.9982066954097735, train_AP=0.9974036017473616, time=0.29268836975097656
INFO - 11/05/25 18:06:25 - 0:10:00 - Epoch 239: val_AUC=0.9575134157228687, val_AP=0.9568850310655146
INFO - 11/05/25 18:06:25 - 0:10:00 - Epoch 240: train_loss=0.6734258532524109, train_AUC=0.9981975864465549, train_AP=0.9973991773386097, time=0.2952604293823242
INFO - 11/05/25 18:06:25 - 0:10:00 - Epoch 240: val_AUC=0.9574818517118692, val_AP=0.9567926816553074
INFO - 11/05/25 18:06:26 - 0:10:01 - Epoch 241: train_loss=0.6713948845863342, train_AUC=0.998190268630976, train_AP=0.9974591392716438, time=0.29483628273010254
INFO - 11/05/25 18:06:26 - 0:10:01 - Epoch 241: val_AUC=0.9572869693987932, val_AP=0.956663611927357
INFO - 11/05/25 18:06:26 - 0:10:01 - Epoch 242: train_loss=0.6711902022361755, train_AUC=0.9982220887122336, train_AP=0.9975154391577703, time=0.29621195793151855
INFO - 11/05/25 18:06:26 - 0:10:01 - Epoch 242: val_AUC=0.9572362633424127, val_AP=0.9565857374383118
INFO - 11/05/25 18:06:26 - 0:10:01 - Epoch 243: train_loss=0.6709133386611938, train_AUC=0.9983538844200756, train_AP=0.9975903166739636, time=0.2958946228027344
INFO - 11/05/25 18:06:27 - 0:10:02 - Epoch 243: val_AUC=0.9570961598613302, val_AP=0.9565001272767841
INFO - 11/05/25 18:06:27 - 0:10:02 - Epoch 244: train_loss=0.6707584857940674, train_AUC=0.9981890909117755, train_AP=0.9973378626527037, time=0.29544973373413086
INFO - 11/05/25 18:06:27 - 0:10:02 - Epoch 244: val_AUC=0.9571006399145043, val_AP=0.9564823766286349
INFO - 11/05/25 18:06:27 - 0:10:02 - Epoch 245: train_loss=0.6691551208496094, train_AUC=0.998316282648088, train_AP=0.9977313657232, time=0.2938418388366699
INFO - 11/05/25 18:06:27 - 0:10:02 - Epoch 245: val_AUC=0.9570867924774207, val_AP=0.9566466936743643
INFO - 11/05/25 18:06:28 - 0:10:03 - Epoch 246: train_loss=0.6697410345077515, train_AUC=0.998254332011562, train_AP=0.9975701960029723, time=0.29923462867736816
INFO - 11/05/25 18:06:28 - 0:10:03 - Epoch 246: val_AUC=0.9574893863467528, val_AP=0.9569173084187754
INFO - 11/05/25 18:06:28 - 0:10:03 - Epoch 247: train_loss=0.6700040102005005, train_AUC=0.9983442759785179, train_AP=0.9976767384804549, time=0.2944331169128418
INFO - 11/05/25 18:06:28 - 0:10:03 - Epoch 247: val_AUC=0.9571434040584395, val_AP=0.9568929898467349
INFO - 11/05/25 18:06:28 - 0:10:03 - Epoch 248: train_loss=0.6709924936294556, train_AUC=0.9982695539485694, train_AP=0.9976543898284884, time=0.296220064163208
INFO - 11/05/25 18:06:29 - 0:10:04 - Epoch 248: val_AUC=0.957567889096691, val_AP=0.9570194991446344
INFO - 11/05/25 18:06:29 - 0:10:04 - Epoch 249: train_loss=0.6706913113594055, train_AUC=0.998203777441819, train_AP=0.9972981304844286, time=0.2952730655670166
INFO - 11/05/25 18:06:29 - 0:10:04 - Epoch 249: val_AUC=0.9572547944714515, val_AP=0.9569470409641483
INFO - 11/05/25 18:06:29 - 0:10:04 - Epoch 250: train_loss=0.6670472621917725, train_AUC=0.9984373018818112, train_AP=0.9978886729799372, time=0.29476451873779297
INFO - 11/05/25 18:06:29 - 0:10:04 - Epoch 250: val_AUC=0.9571551132883265, val_AP=0.9568640984349042
INFO - 11/05/25 18:06:30 - 0:10:05 - Epoch 251: train_loss=0.6668593287467957, train_AUC=0.9983056636258858, train_AP=0.9977670059543665, time=0.29550933837890625
INFO - 11/05/25 18:06:30 - 0:10:05 - Epoch 251: val_AUC=0.9569872131136858, val_AP=0.9565799375561284
INFO - 11/05/25 18:06:30 - 0:10:05 - Epoch 252: train_loss=0.6668196320533752, train_AUC=0.9983046511079131, train_AP=0.9975845030556958, time=0.2940938472747803
INFO - 11/05/25 18:06:30 - 0:10:05 - Epoch 252: val_AUC=0.9564221154974, val_AP=0.9562366079091134
INFO - 11/05/25 18:06:30 - 0:10:05 - Epoch 253: train_loss=0.6674208641052246, train_AUC=0.9983212386849205, train_AP=0.9976562646129421, time=0.29785823822021484
INFO - 11/05/25 18:06:30 - 0:10:05 - Epoch 253: val_AUC=0.9565882847424051, val_AP=0.9562178036198932
INFO - 11/05/25 18:06:31 - 0:10:06 - Epoch 254: train_loss=0.6661585569381714, train_AUC=0.9983560026238774, train_AP=0.997656548931476, time=0.3102753162384033
INFO - 11/05/25 18:06:31 - 0:10:06 - Epoch 254: val_AUC=0.9563229434112267, val_AP=0.9562004553761625
INFO - 11/05/25 18:06:31 - 0:10:06 - Epoch 255: train_loss=0.6655981540679932, train_AUC=0.9984076988080748, train_AP=0.9976296927788127, time=0.298020601272583
INFO - 11/05/25 18:06:31 - 0:10:06 - Epoch 255: val_AUC=0.9563685584980907, val_AP=0.9561969847793489
INFO - 11/05/25 18:06:32 - 0:10:07 - Epoch 256: train_loss=0.6647101640701294, train_AUC=0.9982001456566192, train_AP=0.9973556587548611, time=0.2983376979827881
INFO - 11/05/25 18:06:32 - 0:10:07 - Epoch 256: val_AUC=0.9563915696803034, val_AP=0.9561538923788134
INFO - 11/05/25 18:06:32 - 0:10:07 - Epoch 257: train_loss=0.6648114919662476, train_AUC=0.9983439272595084, train_AP=0.9975866057868674, time=0.29921889305114746
INFO - 11/05/25 18:06:32 - 0:10:07 - Epoch 257: val_AUC=0.9562225494923693, val_AP=0.9561629019771939
INFO - 11/05/25 18:06:32 - 0:10:07 - Epoch 258: train_loss=0.663962185382843, train_AUC=0.9985625395588253, train_AP=0.9981187856521929, time=0.29999399185180664
INFO - 11/05/25 18:06:32 - 0:10:07 - Epoch 258: val_AUC=0.9566057976775404, val_AP=0.9563811233227337
INFO - 11/05/25 18:06:33 - 0:10:08 - Epoch 259: train_loss=0.664515495300293, train_AUC=0.9983021014083673, train_AP=0.9976149998165298, time=0.3120725154876709
INFO - 11/05/25 18:06:33 - 0:10:08 - Epoch 259: val_AUC=0.9563824059351743, val_AP=0.9563476720556809
INFO - 11/05/25 18:06:33 - 0:10:08 - Epoch 260: train_loss=0.6628837585449219, train_AUC=0.9985972909932116, train_AP=0.9980585877656557, time=0.2995779514312744
INFO - 11/05/25 18:06:33 - 0:10:08 - Epoch 260: val_AUC=0.9566039649285146, val_AP=0.9564678783429975
INFO - 11/05/25 18:06:34 - 0:10:09 - Epoch 261: train_loss=0.6626837253570557, train_AUC=0.9983860813996567, train_AP=0.997757792047047, time=0.30677366256713867
INFO - 11/05/25 18:06:34 - 0:10:09 - Epoch 261: val_AUC=0.9565490842771313, val_AP=0.9565063450281374
INFO - 11/05/25 18:06:34 - 0:10:09 - Epoch 262: train_loss=0.6618257164955139, train_AUC=0.9984950018449561, train_AP=0.9979382840155793, time=0.30252671241760254
INFO - 11/05/25 18:06:34 - 0:10:09 - Epoch 262: val_AUC=0.9564422757366837, val_AP=0.9564537275232284
INFO - 11/05/25 18:06:34 - 0:10:09 - Epoch 263: train_loss=0.6611456871032715, train_AUC=0.9983697988637221, train_AP=0.9977276119401606, time=0.2984743118286133
INFO - 11/05/25 18:06:34 - 0:10:09 - Epoch 263: val_AUC=0.9564681378618254, val_AP=0.9563960686011369
INFO - 11/05/25 18:06:35 - 0:10:10 - Epoch 264: train_loss=0.6607922911643982, train_AUC=0.9984619439873353, train_AP=0.9976294474187855, time=0.30907201766967773
INFO - 11/05/25 18:06:35 - 0:10:10 - Epoch 264: val_AUC=0.9562852702368073, val_AP=0.9562232797582002
INFO - 11/05/25 18:06:35 - 0:10:10 - Epoch 265: train_loss=0.6622129082679749, train_AUC=0.9985820958265523, train_AP=0.9979020946479858, time=0.3046901226043701
INFO - 11/05/25 18:06:35 - 0:10:10 - Epoch 265: val_AUC=0.9569416998462119, val_AP=0.9565682033719118
INFO - 11/05/25 18:06:36 - 0:10:11 - Epoch 266: train_loss=0.6622545123100281, train_AUC=0.9985831049982314, train_AP=0.9979851377359957, time=0.3007984161376953
INFO - 11/05/25 18:06:36 - 0:10:11 - Epoch 266: val_AUC=0.9569749947868473, val_AP=0.9568191048361332
INFO - 11/05/25 18:06:36 - 0:10:11 - Epoch 267: train_loss=0.6620389223098755, train_AUC=0.9983896413276059, train_AP=0.9977076820423514, time=0.30269455909729004
INFO - 11/05/25 18:06:36 - 0:10:11 - Epoch 267: val_AUC=0.9572199722399615, val_AP=0.9569686463707137
INFO - 11/05/25 18:06:36 - 0:10:11 - Epoch 268: train_loss=0.6613777875900269, train_AUC=0.998546075970799, train_AP=0.9980231199055686, time=0.2993321418762207
INFO - 11/05/25 18:06:36 - 0:10:11 - Epoch 268: val_AUC=0.9573877705952116, val_AP=0.9569467031207195
INFO - 11/05/25 18:06:37 - 0:10:12 - Epoch 269: train_loss=0.6620214581489563, train_AUC=0.9984572540688985, train_AP=0.9977282590374819, time=0.30925846099853516
INFO - 11/05/25 18:06:37 - 0:10:12 - Epoch 269: val_AUC=0.9569393580002346, val_AP=0.9568052215128942
INFO - 11/05/25 18:06:37 - 0:10:12 - Epoch 270: train_loss=0.6612740159034729, train_AUC=0.9985672321190728, train_AP=0.9979123600514027, time=0.30060529708862305
INFO - 11/05/25 18:06:37 - 0:10:12 - Epoch 270: val_AUC=0.9571014544696269, val_AP=0.9568383695619856
INFO - 11/05/25 18:06:38 - 0:10:13 - Epoch 271: train_loss=0.6602979302406311, train_AUC=0.9985355871018027, train_AP=0.9978738524641925, time=0.3043558597564697
INFO - 11/05/25 18:06:38 - 0:10:13 - Epoch 271: val_AUC=0.9568949647460542, val_AP=0.9566882585072151
INFO - 11/05/25 18:06:38 - 0:10:13 - Epoch 272: train_loss=0.6584489345550537, train_AUC=0.9985420258989085, train_AP=0.9977933230045426, time=0.3407585620880127
INFO - 11/05/25 18:06:38 - 0:10:13 - Epoch 272: val_AUC=0.956378129520781, val_AP=0.9563698539610807
INFO - 11/05/25 18:06:38 - 0:10:13 - Epoch 273: train_loss=0.659060537815094, train_AUC=0.9986099472036883, train_AP=0.9980951684504971, time=0.33875012397766113
INFO - 11/05/25 18:06:39 - 0:10:14 - Epoch 273: val_AUC=0.9564438030275386, val_AP=0.9563389580785144
INFO - 11/05/25 18:06:39 - 0:10:14 - Epoch 274: train_loss=0.6572818756103516, train_AUC=0.998521128824202, train_AP=0.9977881109270367, time=0.3373527526855469
INFO - 11/05/25 18:06:39 - 0:10:14 - Epoch 274: val_AUC=0.9561776471412374, val_AP=0.9564869525550308
INFO - 11/05/25 18:06:39 - 0:10:14 - Epoch 275: train_loss=0.6560523509979248, train_AUC=0.9984768029395557, train_AP=0.9978714499292047, time=0.3289361000061035
INFO - 11/05/25 18:06:39 - 0:10:14 - Epoch 275: val_AUC=0.9558378758357337, val_AP=0.9562428648724861
INFO - 11/05/25 18:06:40 - 0:10:15 - Epoch 276: train_loss=0.6558941006660461, train_AUC=0.9986513723802101, train_AP=0.9980752026394851, time=0.30141448974609375
INFO - 11/05/25 18:06:40 - 0:10:15 - Epoch 276: val_AUC=0.9559722774309584, val_AP=0.9562620129587994
INFO - 11/05/25 18:06:40 - 0:10:15 - Epoch 277: train_loss=0.6578176617622375, train_AUC=0.9984270699729335, train_AP=0.9975081705957798, time=0.3004302978515625
INFO - 11/05/25 18:06:40 - 0:10:15 - Epoch 277: val_AUC=0.9555397486608712, val_AP=0.9560250470755619
INFO - 11/05/25 18:06:41 - 0:10:16 - Epoch 278: train_loss=0.6555942296981812, train_AUC=0.9986779398373564, train_AP=0.9982532479710069, time=0.30269289016723633
INFO - 11/05/25 18:06:41 - 0:10:16 - Epoch 278: val_AUC=0.9555735526984582, val_AP=0.9560842003766503
INFO - 11/05/25 18:06:41 - 0:10:16 - Epoch 279: train_loss=0.6549133062362671, train_AUC=0.9985959855864951, train_AP=0.9979943430981841, time=0.3027474880218506
INFO - 11/05/25 18:06:41 - 0:10:16 - Epoch 279: val_AUC=0.9557452201905406, val_AP=0.9561877303061326
INFO - 11/05/25 18:06:41 - 0:10:16 - Epoch 280: train_loss=0.6540336608886719, train_AUC=0.9986674477981874, train_AP=0.9981889293552555, time=0.30123114585876465
INFO - 11/05/25 18:06:41 - 0:10:16 - Epoch 280: val_AUC=0.9553477172907245, val_AP=0.9559593561544095
INFO - 11/05/25 18:06:42 - 0:10:17 - Epoch 281: train_loss=0.6541271209716797, train_AUC=0.9985642075980876, train_AP=0.9980141870141568, time=0.30203843116760254
INFO - 11/05/25 18:06:42 - 0:10:17 - Epoch 281: val_AUC=0.955413696255653, val_AP=0.955914897374648
INFO - 11/05/25 18:06:42 - 0:10:17 - Epoch 282: train_loss=0.6533046364784241, train_AUC=0.9984638540164557, train_AP=0.9976254928625056, time=0.30329132080078125
INFO - 11/05/25 18:06:42 - 0:10:17 - Epoch 282: val_AUC=0.9555167374786587, val_AP=0.9559976180403367
INFO - 11/05/25 18:06:43 - 0:10:18 - Epoch 283: train_loss=0.6524989604949951, train_AUC=0.9986949708863164, train_AP=0.9980779621772989, time=0.30412817001342773
INFO - 11/05/25 18:06:43 - 0:10:18 - Epoch 283: val_AUC=0.9552294031591706, val_AP=0.9559079987527416
INFO - 11/05/25 18:06:43 - 0:10:18 - Epoch 284: train_loss=0.6520794034004211, train_AUC=0.9984771190762334, train_AP=0.9977616507449727, time=0.3036918640136719
INFO - 11/05/25 18:06:43 - 0:10:18 - Epoch 284: val_AUC=0.9556372916367997, val_AP=0.9561686588811666
INFO - 11/05/25 18:06:43 - 0:10:18 - Epoch 285: train_loss=0.6522486805915833, train_AUC=0.9986629812008132, train_AP=0.9980713799627188, time=0.3032076358795166
INFO - 11/05/25 18:06:43 - 0:10:18 - Epoch 285: val_AUC=0.9555098137601167, val_AP=0.9561019440021374
INFO - 11/05/25 18:06:44 - 0:10:19 - Epoch 286: train_loss=0.6512942314147949, train_AUC=0.9986913713312069, train_AP=0.9981869767015463, time=0.30477190017700195
INFO - 11/05/25 18:06:44 - 0:10:19 - Epoch 286: val_AUC=0.9554682714488655, val_AP=0.9561073322812811
INFO - 11/05/25 18:06:44 - 0:10:19 - Epoch 287: train_loss=0.6505883932113647, train_AUC=0.9986208298785965, train_AP=0.9980023348126945, time=0.306215763092041
INFO - 11/05/25 18:06:44 - 0:10:19 - Epoch 287: val_AUC=0.9556487972279061, val_AP=0.9562546940223425
INFO - 11/05/25 18:06:45 - 0:10:20 - Epoch 288: train_loss=0.6502441167831421, train_AUC=0.9987129445333265, train_AP=0.9982721536805927, time=0.3031582832336426
INFO - 11/05/25 18:06:45 - 0:10:20 - Epoch 288: val_AUC=0.9552214612467254, val_AP=0.9559854346671006
INFO - 11/05/25 18:06:45 - 0:10:20 - Epoch 289: train_loss=0.6507128477096558, train_AUC=0.9986271719854314, train_AP=0.9980117892643975, time=0.30478525161743164
INFO - 11/05/25 18:06:45 - 0:10:20 - Epoch 289: val_AUC=0.9553167641960665, val_AP=0.9559531970522939
INFO - 11/05/25 18:06:45 - 0:10:20 - Epoch 290: train_loss=0.6488541960716248, train_AUC=0.9986993462531618, train_AP=0.9981769448319711, time=0.3057851791381836
INFO - 11/05/25 18:06:45 - 0:10:20 - Epoch 290: val_AUC=0.9551579259471649, val_AP=0.955854796236484
INFO - 11/05/25 18:06:46 - 0:10:21 - Epoch 291: train_loss=0.6491968631744385, train_AUC=0.9986129586917409, train_AP=0.9978732901354642, time=0.30367469787597656
INFO - 11/05/25 18:06:46 - 0:10:21 - Epoch 291: val_AUC=0.9549764837936113, val_AP=0.9557362200270895
INFO - 11/05/25 18:06:46 - 0:10:21 - Epoch 292: train_loss=0.6490314602851868, train_AUC=0.9986596065518528, train_AP=0.9981215479612695, time=0.3060426712036133
INFO - 11/05/25 18:06:46 - 0:10:21 - Epoch 292: val_AUC=0.9551850099049902, val_AP=0.9559078255949004
INFO - 11/05/25 18:06:47 - 0:10:22 - Epoch 293: train_loss=0.6487407088279724, train_AUC=0.9984892372379354, train_AP=0.9978260851032986, time=0.30321836471557617
INFO - 11/05/25 18:06:47 - 0:10:22 - Epoch 293: val_AUC=0.9550373717890237, val_AP=0.9555833820529214
INFO - 11/05/25 18:06:47 - 0:10:22 - Epoch 294: train_loss=0.6486519575119019, train_AUC=0.9986789933914549, train_AP=0.998116344894918, time=0.30449461936950684
INFO - 11/05/25 18:06:47 - 0:10:22 - Epoch 294: val_AUC=0.9551630169166807, val_AP=0.9556944942633234
INFO - 11/05/25 18:06:47 - 0:10:22 - Epoch 295: train_loss=0.6474111080169678, train_AUC=0.9987551263244263, train_AP=0.9980988114831789, time=0.30315589904785156
INFO - 11/05/25 18:06:47 - 0:10:22 - Epoch 295: val_AUC=0.9550844123473525, val_AP=0.9556626798904981
INFO - 11/05/25 18:06:48 - 0:10:23 - Epoch 296: train_loss=0.6478206515312195, train_AUC=0.9986278565666384, train_AP=0.9981104447942291, time=0.30467844009399414
INFO - 11/05/25 18:06:48 - 0:10:23 - Epoch 296: val_AUC=0.9550072332494886, val_AP=0.9555520582893278
INFO - 11/05/25 18:06:48 - 0:10:23 - Epoch 297: train_loss=0.6458528637886047, train_AUC=0.9987726369500848, train_AP=0.9983384973315921, time=0.3032190799713135
INFO - 11/05/25 18:06:48 - 0:10:23 - Epoch 297: val_AUC=0.9551196418564035, val_AP=0.9556294233250484
INFO - 11/05/25 18:06:49 - 0:10:24 - Epoch 298: train_loss=0.6463577747344971, train_AUC=0.9986642610700265, train_AP=0.9979165705622871, time=0.30492186546325684
INFO - 11/05/25 18:06:49 - 0:10:24 - Epoch 298: val_AUC=0.9548335293695994, val_AP=0.955634425454323
INFO - 11/05/25 18:06:49 - 0:10:24 - Epoch 299: train_loss=0.6474634408950806, train_AUC=0.9986049304052104, train_AP=0.9979266842040214, time=0.30135416984558105
INFO - 11/05/25 18:06:49 - 0:10:24 - Epoch 299: val_AUC=0.9541843289369079, val_AP=0.9550399365846822
INFO - 11/05/25 18:06:49 - 0:10:24 - Epoch 300: train_loss=0.6484286785125732, train_AUC=0.9985717929410277, train_AP=0.9979422438886789, time=0.3017289638519287
INFO - 11/05/25 18:06:49 - 0:10:24 - Epoch 300: val_AUC=0.954012254167264, val_AP=0.9547714385144961
INFO - 11/05/25 18:06:49 - 0:10:24 - best_epoch=172
INFO - 11/05/25 18:06:49 - 0:10:24 - test_auc= 96.33%, test_ap= 96.25%
INFO - 11/05/25 18:06:49 - 0:10:24 - 
                                     train iters 1
INFO - 11/05/25 18:06:49 - 0:10:24 - --------------------------Training Start-------------------------
INFO - 11/05/25 18:06:52 - 0:10:27 - Epoch 0: train_loss=6.347495079040527, train_AUC=0.9956496031969363, train_AP=0.9955603358332619, time=2.1450555324554443
INFO - 11/05/25 18:06:52 - 0:10:27 - Epoch 0: val_AUC=0.7650848481343429, val_AP=0.8142497710366134
INFO - 11/05/25 18:06:52 - 0:10:27 - Epoch 1: train_loss=2.3991036415100098, train_AUC=0.9165338370128322, train_AP=0.9418929838502402, time=0.3033437728881836
INFO - 11/05/25 18:06:52 - 0:10:27 - Epoch 1: val_AUC=0.6767847310013163, val_AP=0.7335334885479258
INFO - 11/05/25 18:06:52 - 0:10:27 - Epoch 2: train_loss=3.5472211837768555, train_AUC=0.7531255087775124, train_AP=0.8189034967067655, time=0.3039405345916748
INFO - 11/05/25 18:06:53 - 0:10:28 - Epoch 2: val_AUC=0.6463820719675741, val_AP=0.7063407134940768
INFO - 11/05/25 18:06:53 - 0:10:28 - Epoch 3: train_loss=4.124382019042969, train_AUC=0.6755131317096286, train_AP=0.7521890135176574, time=0.3055281639099121
INFO - 11/05/25 18:06:53 - 0:10:28 - Epoch 3: val_AUC=0.6608606874519412, val_AP=0.715253096552307
INFO - 11/05/25 18:06:53 - 0:10:28 - Epoch 4: train_loss=3.9247641563415527, train_AUC=0.6849259563447646, train_AP=0.7548228528602295, time=0.30289697647094727
INFO - 11/05/25 18:06:53 - 0:10:28 - Epoch 4: val_AUC=0.7134729046384027, val_AP=0.7486447123425082
INFO - 11/05/25 18:06:54 - 0:10:29 - Epoch 5: train_loss=3.1779627799987793, train_AUC=0.7479214224777324, train_AP=0.7971078475746233, time=0.3060038089752197
INFO - 11/05/25 18:06:54 - 0:10:29 - Epoch 5: val_AUC=0.7653785970754212, val_AP=0.7846754513285014
INFO - 11/05/25 18:06:54 - 0:10:29 - Epoch 6: train_loss=2.755309581756592, train_AUC=0.8015362718746293, train_AP=0.8336153160105223, time=0.2986946105957031
INFO - 11/05/25 18:06:54 - 0:10:29 - Epoch 6: val_AUC=0.8065146489593245, val_AP=0.8157919629510304
INFO - 11/05/25 18:06:54 - 0:10:29 - Epoch 7: train_loss=2.541666030883789, train_AUC=0.8440468629077281, train_AP=0.8654342239226392, time=0.2979753017425537
INFO - 11/05/25 18:06:55 - 0:10:30 - Epoch 7: val_AUC=0.8422937790796179, val_AP=0.8435092772321918
INFO - 11/05/25 18:06:55 - 0:10:30 - Epoch 8: train_loss=2.237427234649658, train_AUC=0.8853135434694266, train_AP=0.896475609636442, time=0.30690479278564453
INFO - 11/05/25 18:06:55 - 0:10:30 - Epoch 8: val_AUC=0.8628027497751828, val_AP=0.8612485234858198
INFO - 11/05/25 18:06:55 - 0:10:30 - Epoch 9: train_loss=2.060943126678467, train_AUC=0.9040146583126873, train_AP=0.9115245961177837, time=0.29699039459228516
INFO - 11/05/25 18:06:55 - 0:10:30 - Epoch 9: val_AUC=0.8659014192808454, val_AP=0.8664079227675203
INFO - 11/05/25 18:06:56 - 0:10:31 - Epoch 10: train_loss=1.9255075454711914, train_AUC=0.9007001565126999, train_AP=0.9114393195330248, time=0.29802584648132324
INFO - 11/05/25 18:06:56 - 0:10:31 - Epoch 10: val_AUC=0.8785744715166365, val_AP=0.8767146759848263
INFO - 11/05/25 18:06:56 - 0:10:31 - Epoch 11: train_loss=1.7525649070739746, train_AUC=0.9143279636669114, train_AP=0.9210350173569993, time=0.29916858673095703
INFO - 11/05/25 18:06:56 - 0:10:31 - Epoch 11: val_AUC=0.8896267626972852, val_AP=0.8862293461731068
INFO - 11/05/25 18:06:56 - 0:10:31 - Epoch 12: train_loss=1.6967847347259521, train_AUC=0.9291755228144742, train_AP=0.9326184674857078, time=0.29993486404418945
INFO - 11/05/25 18:06:57 - 0:10:32 - Epoch 12: val_AUC=0.8933160864862048, val_AP=0.8894813588081448
INFO - 11/05/25 18:06:57 - 0:10:32 - Epoch 13: train_loss=1.6055386066436768, train_AUC=0.9317091937905619, train_AP=0.9340887752509742, time=0.3014066219329834
INFO - 11/05/25 18:06:57 - 0:10:32 - Epoch 13: val_AUC=0.8957212641243859, val_AP=0.8912726744172997
INFO - 11/05/25 18:06:57 - 0:10:32 - Epoch 14: train_loss=1.6171828508377075, train_AUC=0.9334048563536367, train_AP=0.9349075461751841, time=0.2962648868560791
INFO - 11/05/25 18:06:57 - 0:10:32 - Epoch 14: val_AUC=0.8994478538101629, val_AP=0.8941428791287781
INFO - 11/05/25 18:06:58 - 0:10:33 - Epoch 15: train_loss=1.5706743001937866, train_AUC=0.9371725267841842, train_AP=0.9373752195738534, time=0.3013496398925781
INFO - 11/05/25 18:06:58 - 0:10:33 - Epoch 15: val_AUC=0.9030286381289995, val_AP=0.8972882963582147
INFO - 11/05/25 18:06:58 - 0:10:33 - Epoch 16: train_loss=1.5181289911270142, train_AUC=0.9418173720561367, train_AP=0.9402089762061431, time=0.2992241382598877
INFO - 11/05/25 18:06:58 - 0:10:33 - Epoch 16: val_AUC=0.9060211100105565, val_AP=0.9000470197704342
INFO - 11/05/25 18:06:59 - 0:10:34 - Epoch 17: train_loss=1.4489413499832153, train_AUC=0.9455351108558994, train_AP=0.9427059870805546, time=0.30509400367736816
INFO - 11/05/25 18:06:59 - 0:10:34 - Epoch 17: val_AUC=0.9088000666306091, val_AP=0.9022911676123032
INFO - 11/05/25 18:06:59 - 0:10:34 - Epoch 18: train_loss=1.4143264293670654, train_AUC=0.9495313896690081, train_AP=0.9464916233598315, time=0.2982935905456543
INFO - 11/05/25 18:06:59 - 0:10:34 - Epoch 18: val_AUC=0.9110000781972917, val_AP=0.9039595254840371
INFO - 11/05/25 18:06:59 - 0:10:34 - Epoch 19: train_loss=1.383832573890686, train_AUC=0.9502131946853227, train_AP=0.9458818571903272, time=0.2979395389556885
INFO - 11/05/25 18:06:59 - 0:10:34 - Epoch 19: val_AUC=0.9124479499276674, val_AP=0.9052770459844439
INFO - 11/05/25 18:07:00 - 0:10:35 - Epoch 20: train_loss=1.3467915058135986, train_AUC=0.9518358988912579, train_AP=0.9473847264541724, time=0.3094971179962158
INFO - 11/05/25 18:07:00 - 0:10:35 - Epoch 20: val_AUC=0.9135203117465367, val_AP=0.9064355530381334
INFO - 11/05/25 18:07:00 - 0:10:35 - Epoch 21: train_loss=1.3131012916564941, train_AUC=0.9526870948709354, train_AP=0.9480571536571643, time=0.30289697647094727
INFO - 11/05/25 18:07:00 - 0:10:35 - Epoch 21: val_AUC=0.9144564392211552, val_AP=0.9075111184007754
INFO - 11/05/25 18:07:01 - 0:10:36 - Epoch 22: train_loss=1.2907741069793701, train_AUC=0.9536818287024369, train_AP=0.9493407811245709, time=0.30333948135375977
INFO - 11/05/25 18:07:01 - 0:10:36 - Epoch 22: val_AUC=0.9152200846485683, val_AP=0.9084115749971977
INFO - 11/05/25 18:07:01 - 0:10:36 - Epoch 23: train_loss=1.2733993530273438, train_AUC=0.9551889167058482, train_AP=0.9512982601078138, time=0.30469632148742676
INFO - 11/05/25 18:07:01 - 0:10:36 - Epoch 23: val_AUC=0.9161099861199806, val_AP=0.9092572142996912
INFO - 11/05/25 18:07:01 - 0:10:36 - Epoch 24: train_loss=1.2611842155456543, train_AUC=0.9561682722051499, train_AP=0.9521390819601723, time=0.2945084571838379
INFO - 11/05/25 18:07:01 - 0:10:36 - Epoch 24: val_AUC=0.9171678895854241, val_AP=0.9102577056965027
INFO - 11/05/25 18:07:02 - 0:10:37 - Epoch 25: train_loss=1.2474136352539062, train_AUC=0.9572649637257273, train_AP=0.9529387838910521, time=0.299907922744751
INFO - 11/05/25 18:07:02 - 0:10:37 - Epoch 25: val_AUC=0.9182760918296861, val_AP=0.9113409405217519
INFO - 11/05/25 18:07:02 - 0:10:37 - Epoch 26: train_loss=1.2401288747787476, train_AUC=0.9573592293427114, train_AP=0.9529626379587619, time=0.2960824966430664
INFO - 11/05/25 18:07:02 - 0:10:37 - Epoch 26: val_AUC=0.9196103331204629, val_AP=0.9125665579392738
INFO - 11/05/25 18:07:03 - 0:10:38 - Epoch 27: train_loss=1.2274343967437744, train_AUC=0.9582149269677849, train_AP=0.9529011777919043, time=0.2956862449645996
INFO - 11/05/25 18:07:03 - 0:10:38 - Epoch 27: val_AUC=0.9209189159248785, val_AP=0.9138195950184707
INFO - 11/05/25 18:07:03 - 0:10:38 - Epoch 28: train_loss=1.2105698585510254, train_AUC=0.9600707262314165, train_AP=0.9550673892530114, time=0.41187286376953125
INFO - 11/05/25 18:07:03 - 0:10:38 - Epoch 28: val_AUC=0.9224077190501637, val_AP=0.9150601951391361
INFO - 11/05/25 18:07:04 - 0:10:39 - Epoch 29: train_loss=1.1898614168167114, train_AUC=0.9606756144014713, train_AP=0.9553707949246628, time=0.30443334579467773
INFO - 11/05/25 18:07:04 - 0:10:39 - Epoch 29: val_AUC=0.9242091077037365, val_AP=0.916547379203487
INFO - 11/05/25 18:07:04 - 0:10:39 - Epoch 30: train_loss=1.1699230670928955, train_AUC=0.9618455504753451, train_AP=0.9562355166414822, time=0.3033440113067627
INFO - 11/05/25 18:07:04 - 0:10:39 - Epoch 30: val_AUC=0.9261011156146958, val_AP=0.9180622902436452
INFO - 11/05/25 18:07:04 - 0:10:39 - Epoch 31: train_loss=1.1532654762268066, train_AUC=0.9629548136684574, train_AP=0.9572852365613966, time=0.3023386001586914
INFO - 11/05/25 18:07:04 - 0:10:39 - Epoch 31: val_AUC=0.9278236960601598, val_AP=0.9195438045900564
INFO - 11/05/25 18:07:05 - 0:10:40 - Epoch 32: train_loss=1.1379120349884033, train_AUC=0.9646648962909384, train_AP=0.9589384326741587, time=0.3013887405395508
INFO - 11/05/25 18:07:05 - 0:10:40 - Epoch 32: val_AUC=0.9295493310873334, val_AP=0.921173063020935
INFO - 11/05/25 18:07:05 - 0:10:40 - Epoch 33: train_loss=1.1254587173461914, train_AUC=0.9658127230512458, train_AP=0.959929624297946, time=0.30286192893981934
INFO - 11/05/25 18:07:05 - 0:10:40 - Epoch 33: val_AUC=0.931124680694392, val_AP=0.9227183660932087
INFO - 11/05/25 18:07:06 - 0:10:41 - Epoch 34: train_loss=1.1133525371551514, train_AUC=0.9671806723459744, train_AP=0.9610611718420392, time=0.3029749393463135
INFO - 11/05/25 18:07:06 - 0:10:41 - Epoch 34: val_AUC=0.9326206111769996, val_AP=0.924228736199431
INFO - 11/05/25 18:07:06 - 0:10:41 - Epoch 35: train_loss=1.104522466659546, train_AUC=0.968349744195515, train_AP=0.9623797373124298, time=0.30274438858032227
INFO - 11/05/25 18:07:06 - 0:10:41 - Epoch 35: val_AUC=0.9338324655606094, val_AP=0.9255616201251976
INFO - 11/05/25 18:07:06 - 0:10:41 - Epoch 36: train_loss=1.0967137813568115, train_AUC=0.9695061089356931, train_AP=0.963548295761309, time=0.3020305633544922
INFO - 11/05/25 18:07:07 - 0:10:42 - Epoch 36: val_AUC=0.9350445235829999, val_AP=0.9267653294441673
INFO - 11/05/25 18:07:07 - 0:10:42 - Epoch 37: train_loss=1.0868916511535645, train_AUC=0.9706996657910828, train_AP=0.9650757389712353, time=0.3171718120574951
INFO - 11/05/25 18:07:07 - 0:10:42 - Epoch 37: val_AUC=0.9363005675820094, val_AP=0.9279247373675035
INFO - 11/05/25 18:07:07 - 0:10:42 - Epoch 38: train_loss=1.0766594409942627, train_AUC=0.9719716447964569, train_AP=0.9664766032904935, time=0.367725133895874
INFO - 11/05/25 18:07:07 - 0:10:42 - Epoch 38: val_AUC=0.9374771924565679, val_AP=0.9288530283017683
INFO - 11/05/25 18:07:08 - 0:10:43 - Epoch 39: train_loss=1.0693763494491577, train_AUC=0.9725685874567156, train_AP=0.9670551914536347, time=0.37014198303222656
INFO - 11/05/25 18:07:08 - 0:10:43 - Epoch 39: val_AUC=0.9385970021113268, val_AP=0.9298712825106662
INFO - 11/05/25 18:07:08 - 0:10:43 - Epoch 40: train_loss=1.0573210716247559, train_AUC=0.9739489994052585, train_AP=0.9685509401612196, time=0.35996341705322266
INFO - 11/05/25 18:07:08 - 0:10:43 - Epoch 40: val_AUC=0.9395306859205778, val_AP=0.9307100000643184
INFO - 11/05/25 18:07:09 - 0:10:44 - Epoch 41: train_loss=1.049035668373108, train_AUC=0.9748672547549522, train_AP=0.9695733615601033, time=0.3543856143951416
INFO - 11/05/25 18:07:09 - 0:10:44 - Epoch 41: val_AUC=0.9404259838196772, val_AP=0.9315732688178902
INFO - 11/05/25 18:07:09 - 0:10:44 - Epoch 42: train_loss=1.0413708686828613, train_AUC=0.9755220794871717, train_AP=0.9701063332463041, time=0.36014652252197266
INFO - 11/05/25 18:07:09 - 0:10:44 - Epoch 42: val_AUC=0.9414123082537242, val_AP=0.9325217999604173
INFO - 11/05/25 18:07:10 - 0:10:45 - Epoch 43: train_loss=1.0338819026947021, train_AUC=0.9765909120574222, train_AP=0.9717932487493196, time=0.358445405960083
INFO - 11/05/25 18:07:10 - 0:10:45 - Epoch 43: val_AUC=0.9422506891136337, val_AP=0.9334095751335825
INFO - 11/05/25 18:07:10 - 0:10:45 - Epoch 44: train_loss=1.0277423858642578, train_AUC=0.9767779288293893, train_AP=0.9713617339340554, time=0.35898351669311523
INFO - 11/05/25 18:07:10 - 0:10:45 - Epoch 44: val_AUC=0.9429402100248927, val_AP=0.9340293505606121
INFO - 11/05/25 18:07:11 - 0:10:46 - Epoch 45: train_loss=1.0204797983169556, train_AUC=0.977324117022897, train_AP=0.9720263533871232, time=0.37473130226135254
INFO - 11/05/25 18:07:11 - 0:10:46 - Epoch 45: val_AUC=0.9436305454912746, val_AP=0.9346784465902154
INFO - 11/05/25 18:07:11 - 0:10:46 - Epoch 46: train_loss=1.0122742652893066, train_AUC=0.9785569502060026, train_AP=0.9733766457976296, time=0.3625824451446533
INFO - 11/05/25 18:07:11 - 0:10:46 - Epoch 46: val_AUC=0.9441934030809733, val_AP=0.9351302389860303
INFO - 11/05/25 18:07:12 - 0:10:47 - Epoch 47: train_loss=1.007392406463623, train_AUC=0.9790068311912339, train_AP=0.9742156612250006, time=0.35794663429260254
INFO - 11/05/25 18:07:12 - 0:10:47 - Epoch 47: val_AUC=0.9446544412803504, val_AP=0.9355218112140643
INFO - 11/05/25 18:07:12 - 0:10:47 - Epoch 48: train_loss=1.0016980171203613, train_AUC=0.9790061113858844, train_AP=0.9738386805059394, time=0.3601343631744385
INFO - 11/05/25 18:07:12 - 0:10:47 - Epoch 48: val_AUC=0.9452146515659008, val_AP=0.9359991197236953
INFO - 11/05/25 18:07:13 - 0:10:48 - Epoch 49: train_loss=0.9927864670753479, train_AUC=0.9801672556899417, train_AP=0.9757082265209966, time=0.34972190856933594
INFO - 11/05/25 18:07:13 - 0:10:48 - Epoch 49: val_AUC=0.9457693636043739, val_AP=0.936443979529358
INFO - 11/05/25 18:07:13 - 0:10:48 - Epoch 50: train_loss=0.986874520778656, train_AUC=0.980764564152919, train_AP=0.9764479974384929, time=0.35214853286743164
INFO - 11/05/25 18:07:13 - 0:10:48 - Epoch 50: val_AUC=0.9463210210611372, val_AP=0.9369162595485359
INFO - 11/05/25 18:07:14 - 0:10:49 - Epoch 51: train_loss=0.9828727841377258, train_AUC=0.9805073639817489, train_AP=0.9755586494369048, time=0.3568844795227051
INFO - 11/05/25 18:07:14 - 0:10:49 - Epoch 51: val_AUC=0.9468543510276427, val_AP=0.9374558858380935
INFO - 11/05/25 18:07:14 - 0:10:49 - Epoch 52: train_loss=0.9778283834457397, train_AUC=0.9809524907644835, train_AP=0.9760276472411316, time=0.3448677062988281
INFO - 11/05/25 18:07:14 - 0:10:49 - Epoch 52: val_AUC=0.9472848434099232, val_AP=0.9378463041147278
INFO - 11/05/25 18:07:15 - 0:10:50 - Epoch 53: train_loss=0.9715677499771118, train_AUC=0.981775348217136, train_AP=0.9769570533482606, time=0.3465445041656494
INFO - 11/05/25 18:07:15 - 0:10:50 - Epoch 53: val_AUC=0.9477102448226875, val_AP=0.9382759596729807
INFO - 11/05/25 18:07:15 - 0:10:50 - Epoch 54: train_loss=0.9686552286148071, train_AUC=0.9818076267406066, train_AP=0.9770758802150389, time=0.3543996810913086
INFO - 11/05/25 18:07:15 - 0:10:50 - Epoch 54: val_AUC=0.9480861620117556, val_AP=0.9386484562772437
INFO - 11/05/25 18:07:16 - 0:10:51 - Epoch 55: train_loss=0.9630170464515686, train_AUC=0.9824403574817618, train_AP=0.9778760517388079, time=0.3757600784301758
INFO - 11/05/25 18:07:16 - 0:10:51 - Epoch 55: val_AUC=0.9484439553493463, val_AP=0.9390435329822094
INFO - 11/05/25 18:07:16 - 0:10:51 - Epoch 56: train_loss=0.9591014385223389, train_AUC=0.9830561010280141, train_AP=0.9786621587060435, time=0.4074063301086426
INFO - 11/05/25 18:07:16 - 0:10:51 - Epoch 56: val_AUC=0.9487962504398597, val_AP=0.939408683061019
INFO - 11/05/25 18:07:17 - 0:10:52 - Epoch 57: train_loss=0.955564022064209, train_AUC=0.9831293327244985, train_AP=0.97914224795366, time=0.36869001388549805
INFO - 11/05/25 18:07:17 - 0:10:52 - Epoch 57: val_AUC=0.9491186106296187, val_AP=0.939754075128509
INFO - 11/05/25 18:07:17 - 0:10:52 - Epoch 58: train_loss=0.9487857222557068, train_AUC=0.9837694094605465, train_AP=0.9793512467648683, time=0.3555169105529785
INFO - 11/05/25 18:07:17 - 0:10:52 - Epoch 58: val_AUC=0.9494580764769514, val_AP=0.9401128220632814
INFO - 11/05/25 18:07:17 - 0:10:53 - Epoch 59: train_loss=0.9481802582740784, train_AUC=0.9832154504689887, train_AP=0.9786866390841539, time=0.3629181385040283
INFO - 11/05/25 18:07:18 - 0:10:53 - Epoch 59: val_AUC=0.9498765541711738, val_AP=0.940540313512941
INFO - 11/05/25 18:07:18 - 0:10:53 - Epoch 60: train_loss=0.9417417049407959, train_AUC=0.984088600423765, train_AP=0.9797355199852985, time=0.35912036895751953
INFO - 11/05/25 18:07:18 - 0:10:53 - Epoch 60: val_AUC=0.9502268128738807, val_AP=0.9409492751078966
INFO - 11/05/25 18:07:18 - 0:10:53 - Epoch 61: train_loss=0.9387462735176086, train_AUC=0.9843564049991185, train_AP=0.9802321278324527, time=0.3432343006134033
INFO - 11/05/25 18:07:19 - 0:10:54 - Epoch 61: val_AUC=0.9505434711777815, val_AP=0.9413574720914869
INFO - 11/05/25 18:07:19 - 0:10:54 - Epoch 62: train_loss=0.9327808618545532, train_AUC=0.9849590768661347, train_AP=0.9807597238855406, time=0.3458292484283447
INFO - 11/05/25 18:07:19 - 0:10:54 - Epoch 62: val_AUC=0.950911650093185, val_AP=0.9417901181743082
INFO - 11/05/25 18:07:19 - 0:10:54 - Epoch 63: train_loss=0.930864155292511, train_AUC=0.9849661868592735, train_AP=0.9807564152397543, time=0.3431384563446045
INFO - 11/05/25 18:07:19 - 0:10:54 - Epoch 63: val_AUC=0.9512427667505114, val_AP=0.9421695544037709
INFO - 11/05/25 18:07:20 - 0:10:55 - Epoch 64: train_loss=0.9249285459518433, train_AUC=0.9853733381418701, train_AP=0.9812990974222635, time=0.3120896816253662
INFO - 11/05/25 18:07:20 - 0:10:55 - Epoch 64: val_AUC=0.9515700142710058, val_AP=0.9425760592823029
INFO - 11/05/25 18:07:20 - 0:10:55 - Epoch 65: train_loss=0.9211921691894531, train_AUC=0.9859685100844916, train_AP=0.9822166905640595, time=0.3057842254638672
INFO - 11/05/25 18:07:20 - 0:10:55 - Epoch 65: val_AUC=0.951868141445868, val_AP=0.9429835755171259
INFO - 11/05/25 18:07:21 - 0:10:56 - Epoch 66: train_loss=0.9173353314399719, train_AUC=0.9859389478707604, train_AP=0.9818690685839687, time=0.30542588233947754
INFO - 11/05/25 18:07:21 - 0:10:56 - Epoch 66: val_AUC=0.9521363337199754, val_AP=0.9433154534113922
INFO - 11/05/25 18:07:21 - 0:10:56 - Epoch 67: train_loss=0.9136885404586792, train_AUC=0.9862983795987134, train_AP=0.9824929152438242, time=0.30358004570007324
INFO - 11/05/25 18:07:21 - 0:10:56 - Epoch 67: val_AUC=0.9523613545725867, val_AP=0.9436613008681303
INFO - 11/05/25 18:07:21 - 0:10:56 - Epoch 68: train_loss=0.9116710424423218, train_AUC=0.9865456576573379, train_AP=0.9828173220971589, time=0.3101203441619873
INFO - 11/05/25 18:07:22 - 0:10:57 - Epoch 68: val_AUC=0.9525466658629722, val_AP=0.9439381667483024
INFO - 11/05/25 18:07:22 - 0:10:57 - Epoch 69: train_loss=0.9064710736274719, train_AUC=0.9870732661724662, train_AP=0.9834826649816548, time=0.30266785621643066
INFO - 11/05/25 18:07:22 - 0:10:57 - Epoch 69: val_AUC=0.952716500606029, val_AP=0.9442089361127589
INFO - 11/05/25 18:07:22 - 0:10:57 - Epoch 70: train_loss=0.9066973924636841, train_AUC=0.986539816261687, train_AP=0.9824677890290905, time=0.30426454544067383
INFO - 11/05/25 18:07:22 - 0:10:57 - Epoch 70: val_AUC=0.952897535482021, val_AP=0.944450990105144
INFO - 11/05/25 18:07:23 - 0:10:58 - Epoch 71: train_loss=0.9010004997253418, train_AUC=0.9871733212294914, train_AP=0.9834846635659678, time=0.3019533157348633
INFO - 11/05/25 18:07:23 - 0:10:58 - Epoch 71: val_AUC=0.9530309188833426, val_AP=0.9446709759510122
INFO - 11/05/25 18:07:23 - 0:10:58 - Epoch 72: train_loss=0.8979426622390747, train_AUC=0.9874698447526077, train_AP=0.9838251680052339, time=0.30428600311279297
INFO - 11/05/25 18:07:23 - 0:10:58 - Epoch 72: val_AUC=0.9531785569993092, val_AP=0.9449451521187775
INFO - 11/05/25 18:07:24 - 0:10:59 - Epoch 73: train_loss=0.8944756984710693, train_AUC=0.9874958266083871, train_AP=0.9838963393075715, time=0.30286383628845215
INFO - 11/05/25 18:07:24 - 0:10:59 - Epoch 73: val_AUC=0.95329900933806, val_AP=0.9451628953937469
INFO - 11/05/25 18:07:24 - 0:10:59 - Epoch 74: train_loss=0.890648365020752, train_AUC=0.9879623918608967, train_AP=0.9842543674882986, time=0.30345869064331055
INFO - 11/05/25 18:07:24 - 0:10:59 - Epoch 74: val_AUC=0.9534217017033976, val_AP=0.9454234497064675
INFO - 11/05/25 18:07:24 - 0:10:59 - Epoch 75: train_loss=0.8882195949554443, train_AUC=0.987903438094404, train_AP=0.9843437098698815, time=0.29724907875061035
INFO - 11/05/25 18:07:24 - 0:10:59 - Epoch 75: val_AUC=0.9535359430593389, val_AP=0.9456459401281497
INFO - 11/05/25 18:07:25 - 0:11:00 - Epoch 76: train_loss=0.8848323822021484, train_AUC=0.9880785355449525, train_AP=0.9843430410279613, time=0.2965512275695801
INFO - 11/05/25 18:07:25 - 0:11:00 - Epoch 76: val_AUC=0.9536456025427154, val_AP=0.9458651003972294
INFO - 11/05/25 18:07:25 - 0:11:00 - Epoch 77: train_loss=0.881004810333252, train_AUC=0.9886804374122166, train_AP=0.9855436347351446, time=0.3007676601409912
INFO - 11/05/25 18:07:25 - 0:11:00 - Epoch 77: val_AUC=0.9537436546155951, val_AP=0.9461027834581557
INFO - 11/05/25 18:07:26 - 0:11:01 - Epoch 78: train_loss=0.8782683610916138, train_AUC=0.9888438291757704, train_AP=0.9859785428690021, time=0.298464298248291
INFO - 11/05/25 18:07:26 - 0:11:01 - Epoch 78: val_AUC=0.9538332556790784, val_AP=0.9463205045748552
INFO - 11/05/25 18:07:26 - 0:11:01 - Epoch 79: train_loss=0.8729854822158813, train_AUC=0.9892549540938688, train_AP=0.9863383181890252, time=0.29736995697021484
INFO - 11/05/25 18:07:26 - 0:11:01 - Epoch 79: val_AUC=0.9539045292523035, val_AP=0.9465262706583512
INFO - 11/05/25 18:07:26 - 0:11:01 - Epoch 80: train_loss=0.8702290058135986, train_AUC=0.9890349252556662, train_AP=0.985896321167846, time=0.3044567108154297
INFO - 11/05/25 18:07:26 - 0:11:01 - Epoch 80: val_AUC=0.953971730049916, val_AP=0.9467227992667407
INFO - 11/05/25 18:07:27 - 0:11:02 - Epoch 81: train_loss=0.8661624789237976, train_AUC=0.9892362791341841, train_AP=0.9861553117226345, time=0.2978048324584961
INFO - 11/05/25 18:07:27 - 0:11:02 - Epoch 81: val_AUC=0.9539865956809028, val_AP=0.9468291823236256
INFO - 11/05/25 18:07:27 - 0:11:02 - Epoch 82: train_loss=0.8618326783180237, train_AUC=0.9899176699145843, train_AP=0.9872162538097815, time=0.29776740074157715
INFO - 11/05/25 18:07:27 - 0:11:02 - Epoch 82: val_AUC=0.9539466824798968, val_AP=0.9468196120554438
INFO - 11/05/25 18:07:28 - 0:11:03 - Epoch 83: train_loss=0.8592715263366699, train_AUC=0.9897572413820078, train_AP=0.9870850746059228, time=0.2989511489868164
INFO - 11/05/25 18:07:28 - 0:11:03 - Epoch 83: val_AUC=0.9538629869410521, val_AP=0.9467432112390867
INFO - 11/05/25 18:07:28 - 0:11:03 - Epoch 84: train_loss=0.8553413152694702, train_AUC=0.9900664669069859, train_AP=0.9873592240919076, time=0.2993624210357666
INFO - 11/05/25 18:07:28 - 0:11:03 - Epoch 84: val_AUC=0.9538080044702785, val_AP=0.9466969678462699
INFO - 11/05/25 18:07:28 - 0:11:03 - Epoch 85: train_loss=0.8520612120628357, train_AUC=0.9900555146643966, train_AP=0.9869991836160841, time=0.2999293804168701
INFO - 11/05/25 18:07:28 - 0:11:04 - Epoch 85: val_AUC=0.95381798277053, val_AP=0.9467441403066983
INFO - 11/05/25 18:07:29 - 0:11:04 - Epoch 86: train_loss=0.8499184846878052, train_AUC=0.9898577004599461, train_AP=0.9868050096733672, time=0.3397808074951172
INFO - 11/05/25 18:07:29 - 0:11:04 - Epoch 86: val_AUC=0.9539489225064839, val_AP=0.9469866987653397
INFO - 11/05/25 18:07:29 - 0:11:04 - Epoch 87: train_loss=0.8469197750091553, train_AUC=0.9902165951958486, train_AP=0.9873672035104156, time=0.33802199363708496
INFO - 11/05/25 18:07:29 - 0:11:04 - Epoch 87: val_AUC=0.9541063352839212, val_AP=0.9472972206850325
INFO - 11/05/25 18:07:30 - 0:11:05 - Epoch 88: train_loss=0.8447285890579224, train_AUC=0.9903579697569683, train_AP=0.9876208059200888, time=0.32426023483276367
INFO - 11/05/25 18:07:30 - 0:11:05 - Epoch 88: val_AUC=0.9543329852467777, val_AP=0.9476712220231092
INFO - 11/05/25 18:07:30 - 0:11:05 - Epoch 89: train_loss=0.8437116146087646, train_AUC=0.9902360181401966, train_AP=0.9874642637139692, time=0.3026275634765625
INFO - 11/05/25 18:07:30 - 0:11:05 - Epoch 89: val_AUC=0.9545763335896468, val_AP=0.9481866079750488
INFO - 11/05/25 18:07:31 - 0:11:06 - Epoch 90: train_loss=0.8391205072402954, train_AUC=0.9907585036560576, train_AP=0.9878442671434245, time=0.30298709869384766
INFO - 11/05/25 18:07:31 - 0:11:06 - Epoch 90: val_AUC=0.9548170346283673, val_AP=0.9486951634041766
INFO - 11/05/25 18:07:31 - 0:11:06 - Epoch 91: train_loss=0.8361549377441406, train_AUC=0.9909155552501042, train_AP=0.9881842076668378, time=0.2989673614501953
INFO - 11/05/25 18:07:31 - 0:11:06 - Epoch 91: val_AUC=0.955061197526359, val_AP=0.9491588339157181
INFO - 11/05/25 18:07:31 - 0:11:06 - Epoch 92: train_loss=0.833153486251831, train_AUC=0.9912520544762834, train_AP=0.9886753418799921, time=0.298168420791626
INFO - 11/05/25 18:07:31 - 0:11:06 - Epoch 92: val_AUC=0.9552658545009057, val_AP=0.9495226034407053
INFO - 11/05/25 18:07:32 - 0:11:07 - Epoch 93: train_loss=0.8312773108482361, train_AUC=0.9911731974842612, train_AP=0.9884468237542088, time=0.29923534393310547
INFO - 11/05/25 18:07:32 - 0:11:07 - Epoch 93: val_AUC=0.9554874134942459, val_AP=0.9498750364764308
INFO - 11/05/25 18:07:32 - 0:11:07 - Epoch 94: train_loss=0.8274980783462524, train_AUC=0.991500622443002, train_AP=0.9889138298903649, time=0.29788875579833984
INFO - 11/05/25 18:07:32 - 0:11:07 - Epoch 94: val_AUC=0.9556588773475478, val_AP=0.9501518205021413
INFO - 11/05/25 18:07:33 - 0:11:08 - Epoch 95: train_loss=0.8259674310684204, train_AUC=0.9915761777000384, train_AP=0.9890705736667174, time=0.3000478744506836
INFO - 11/05/25 18:07:33 - 0:11:08 - Epoch 95: val_AUC=0.9558268793415786, val_AP=0.9504495433982685
INFO - 11/05/25 18:07:33 - 0:11:08 - Epoch 96: train_loss=0.8254066705703735, train_AUC=0.9916545144314777, train_AP=0.9891453254606737, time=0.30031251907348633
INFO - 11/05/25 18:07:33 - 0:11:08 - Epoch 96: val_AUC=0.9559682046553454, val_AP=0.9507178774367724
INFO - 11/05/25 18:07:33 - 0:11:08 - Epoch 97: train_loss=0.8196506500244141, train_AUC=0.992086556325923, train_AP=0.9895043965610202, time=0.3005378246307373
INFO - 11/05/25 18:07:34 - 0:11:09 - Epoch 97: val_AUC=0.9561211373796088, val_AP=0.9510216568219979
INFO - 11/05/25 18:07:34 - 0:11:09 - Epoch 98: train_loss=0.8185122013092041, train_AUC=0.9922812845432597, train_AP=0.9900728712480631, time=0.3010578155517578
INFO - 11/05/25 18:07:34 - 0:11:09 - Epoch 98: val_AUC=0.9562773283243624, val_AP=0.9513311120797442
INFO - 11/05/25 18:07:34 - 0:11:09 - Epoch 99: train_loss=0.8178645372390747, train_AUC=0.9921713566874882, train_AP=0.989825738508058, time=0.2978367805480957
INFO - 11/05/25 18:07:34 - 0:11:09 - Epoch 99: val_AUC=0.9564186536381288, val_AP=0.951601676855267
INFO - 11/05/25 18:07:35 - 0:11:10 - Epoch 100: train_loss=0.8131654858589172, train_AUC=0.9924865831734824, train_AP=0.9901058784975998, time=0.2971305847167969
INFO - 11/05/25 18:07:35 - 0:11:10 - Epoch 100: val_AUC=0.9565577389253086, val_AP=0.9519288006912378
INFO - 11/05/25 18:07:35 - 0:11:10 - Epoch 101: train_loss=0.8132022023200989, train_AUC=0.9923025136055081, train_AP=0.989903181051918, time=0.2997574806213379
INFO - 11/05/25 18:07:35 - 0:11:10 - Epoch 101: val_AUC=0.9566518200419658, val_AP=0.9521716589710258
INFO - 11/05/25 18:07:35 - 0:11:10 - Epoch 102: train_loss=0.8103840947151184, train_AUC=0.9924921175907326, train_AP=0.9901398413057181, time=0.29996228218078613
INFO - 11/05/25 18:07:36 - 0:11:11 - Epoch 102: val_AUC=0.9566902059521172, val_AP=0.9522920067728597
INFO - 11/05/25 18:07:36 - 0:11:11 - Epoch 103: train_loss=0.8078719973564148, train_AUC=0.9925344270693487, train_AP=0.9901973787389133, time=0.30460166931152344
INFO - 11/05/25 18:07:36 - 0:11:11 - Epoch 103: val_AUC=0.9566807367488173, val_AP=0.9523669445066743
INFO - 11/05/25 18:07:36 - 0:11:11 - Epoch 104: train_loss=0.806971549987793, train_AUC=0.9923461027772168, train_AP=0.9898319937530534, time=0.303452730178833
INFO - 11/05/25 18:07:36 - 0:11:11 - Epoch 104: val_AUC=0.9566108886470565, val_AP=0.9523476630769067
INFO - 11/05/25 18:07:37 - 0:11:12 - Epoch 105: train_loss=0.8027161955833435, train_AUC=0.9930008938703804, train_AP=0.9908870466504163, time=0.3026468753814697
INFO - 11/05/25 18:07:37 - 0:11:12 - Epoch 105: val_AUC=0.9565695499745859, val_AP=0.9523725370928039
INFO - 11/05/25 18:07:37 - 0:11:12 - Epoch 106: train_loss=0.7998825311660767, train_AUC=0.9932294349748299, train_AP=0.9911689057311726, time=0.30107784271240234
INFO - 11/05/25 18:07:37 - 0:11:12 - Epoch 106: val_AUC=0.9565314695226055, val_AP=0.9523947149599438
INFO - 11/05/25 18:07:38 - 0:11:13 - Epoch 107: train_loss=0.800467848777771, train_AUC=0.992841392613352, train_AP=0.9905058409544687, time=0.3001711368560791
INFO - 11/05/25 18:07:38 - 0:11:13 - Epoch 107: val_AUC=0.9565408369065153, val_AP=0.952519896342596
INFO - 11/05/25 18:07:38 - 0:11:13 - Epoch 108: train_loss=0.7979984283447266, train_AUC=0.9932545853647284, train_AP=0.9912501170216715, time=0.3004937171936035
INFO - 11/05/25 18:07:38 - 0:11:13 - Epoch 108: val_AUC=0.9565724009175148, val_AP=0.9526504812299373
INFO - 11/05/25 18:07:38 - 0:11:13 - Epoch 109: train_loss=0.7966030836105347, train_AUC=0.9932001337719936, train_AP=0.9911054564302945, time=0.3017873764038086
INFO - 11/05/25 18:07:38 - 0:11:13 - Epoch 109: val_AUC=0.9566062049551018, val_AP=0.9527764660665875
INFO - 11/05/25 18:07:39 - 0:11:14 - Epoch 110: train_loss=0.7957674264907837, train_AUC=0.9927505495501618, train_AP=0.9903962040563276, time=0.315248966217041
INFO - 11/05/25 18:07:39 - 0:11:14 - Epoch 110: val_AUC=0.9566098704531534, val_AP=0.9527827553581161
INFO - 11/05/25 18:07:39 - 0:11:14 - Epoch 111: train_loss=0.7924962043762207, train_AUC=0.9934013046610919, train_AP=0.9913463531506039, time=0.3072490692138672
INFO - 11/05/25 18:07:39 - 0:11:14 - Epoch 111: val_AUC=0.9565994848753405, val_AP=0.9527774664160547
INFO - 11/05/25 18:07:40 - 0:11:15 - Epoch 112: train_loss=0.7918703556060791, train_AUC=0.9934312946720323, train_AP=0.9913423457128514, time=0.304854154586792
INFO - 11/05/25 18:07:40 - 0:11:15 - Epoch 112: val_AUC=0.9565656808377536, val_AP=0.9527546110633789
INFO - 11/05/25 18:07:40 - 0:11:15 - Epoch 113: train_loss=0.7884331941604614, train_AUC=0.9936630161642969, train_AP=0.9916582539729816, time=0.3052797317504883
INFO - 11/05/25 18:07:40 - 0:11:15 - Epoch 113: val_AUC=0.9565497970128634, val_AP=0.9528069354317412
INFO - 11/05/25 18:07:40 - 0:11:15 - Epoch 114: train_loss=0.7871502637863159, train_AUC=0.993606647673734, train_AP=0.991641104958683, time=0.3018913269042969
INFO - 11/05/25 18:07:40 - 0:11:15 - Epoch 114: val_AUC=0.9565703645297085, val_AP=0.9529438917410895
INFO - 11/05/25 18:07:41 - 0:11:16 - Epoch 115: train_loss=0.787373423576355, train_AUC=0.9934709665668672, train_AP=0.9915459447140929, time=0.30340075492858887
INFO - 11/05/25 18:07:41 - 0:11:16 - Epoch 115: val_AUC=0.9565950048221664, val_AP=0.9531262562134567
INFO - 11/05/25 18:07:41 - 0:11:16 - Epoch 116: train_loss=0.7843227386474609, train_AUC=0.9937818685849017, train_AP=0.9919374830980406, time=0.30202174186706543
INFO - 11/05/25 18:07:41 - 0:11:16 - Epoch 116: val_AUC=0.9566194414758434, val_AP=0.9532383835939736
INFO - 11/05/25 18:07:42 - 0:11:17 - Epoch 117: train_loss=0.7801401615142822, train_AUC=0.9941833061593635, train_AP=0.9924743066066888, time=0.30405735969543457
INFO - 11/05/25 18:07:42 - 0:11:17 - Epoch 117: val_AUC=0.9566288088597532, val_AP=0.9532530314259866
INFO - 11/05/25 18:07:42 - 0:11:17 - Epoch 118: train_loss=0.7807599306106567, train_AUC=0.9941799367940243, train_AP=0.9924011790516043, time=0.3051636219024658
INFO - 11/05/25 18:07:42 - 0:11:17 - Epoch 118: val_AUC=0.9566149614226694, val_AP=0.9532110651145923
INFO - 11/05/25 18:07:42 - 0:11:17 - Epoch 119: train_loss=0.780498743057251, train_AUC=0.9937477955674977, train_AP=0.9916569098728825, time=0.30385518074035645
INFO - 11/05/25 18:07:43 - 0:11:18 - Epoch 119: val_AUC=0.9566267724719467, val_AP=0.9532579030712954
INFO - 11/05/25 18:07:43 - 0:11:18 - Epoch 120: train_loss=0.7776197195053101, train_AUC=0.9942249169671155, train_AP=0.9924319014171209, time=0.3030383586883545
INFO - 11/05/25 18:07:43 - 0:11:18 - Epoch 120: val_AUC=0.9566567073727015, val_AP=0.9533784740384961
INFO - 11/05/25 18:07:43 - 0:11:18 - Epoch 121: train_loss=0.7765933275222778, train_AUC=0.9940320103663016, train_AP=0.9921167358093863, time=0.30077075958251953
INFO - 11/05/25 18:07:43 - 0:11:18 - Epoch 121: val_AUC=0.9566554855400174, val_AP=0.9534452063728092
INFO - 11/05/25 18:07:44 - 0:11:19 - Epoch 122: train_loss=0.7750137448310852, train_AUC=0.9944411248664737, train_AP=0.9926851686234676, time=0.30417466163635254
INFO - 11/05/25 18:07:44 - 0:11:19 - Epoch 122: val_AUC=0.9566322707190241, val_AP=0.9534733962380804
INFO - 11/05/25 18:07:44 - 0:11:19 - Epoch 123: train_loss=0.7736491560935974, train_AUC=0.9941974000432112, train_AP=0.9923005145139732, time=0.29894495010375977
INFO - 11/05/25 18:07:44 - 0:11:19 - Epoch 123: val_AUC=0.9566039649285146, val_AP=0.9534790440486023
INFO - 11/05/25 18:07:44 - 0:11:19 - Epoch 124: train_loss=0.7722747325897217, train_AUC=0.9942983994594937, train_AP=0.992544745025709, time=0.30039310455322266
INFO - 11/05/25 18:07:45 - 0:11:20 - Epoch 124: val_AUC=0.9565577389253085, val_AP=0.9534897378765437
INFO - 11/05/25 18:07:45 - 0:11:20 - Epoch 125: train_loss=0.7704262137413025, train_AUC=0.9943558840270079, train_AP=0.9924094742919429, time=0.2998511791229248
INFO - 11/05/25 18:07:45 - 0:11:20 - Epoch 125: val_AUC=0.9565609971457988, val_AP=0.9535548981310078
INFO - 11/05/25 18:07:45 - 0:11:20 - Epoch 126: train_loss=0.7689264416694641, train_AUC=0.9947060095365449, train_AP=0.9929977422360119, time=0.3003573417663574
INFO - 11/05/25 18:07:45 - 0:11:20 - Epoch 126: val_AUC=0.956544909682128, val_AP=0.9535830148301326
INFO - 11/05/25 18:07:46 - 0:11:21 - Epoch 127: train_loss=0.7670538425445557, train_AUC=0.9946277194770943, train_AP=0.9927272292798082, time=0.29929089546203613
INFO - 11/05/25 18:07:46 - 0:11:21 - Epoch 127: val_AUC=0.9565300440511411, val_AP=0.9536185150095452
INFO - 11/05/25 18:07:46 - 0:11:21 - Epoch 128: train_loss=0.7651204466819763, train_AUC=0.9949178140658645, train_AP=0.9933728843002622, time=0.298264741897583
INFO - 11/05/25 18:07:46 - 0:11:21 - Epoch 128: val_AUC=0.9565109020057606, val_AP=0.9536945293838293
INFO - 11/05/25 18:07:46 - 0:11:21 - Epoch 129: train_loss=0.763853907585144, train_AUC=0.9948224577333117, train_AP=0.993095977071899, time=0.2995924949645996
INFO - 11/05/25 18:07:47 - 0:11:22 - Epoch 129: val_AUC=0.956468341500606, val_AP=0.953714415752045
INFO - 11/05/25 18:07:47 - 0:11:22 - Epoch 130: train_loss=0.7616848945617676, train_AUC=0.9949582809695929, train_AP=0.9933765201525936, time=0.3012547492980957
INFO - 11/05/25 18:07:47 - 0:11:22 - Epoch 130: val_AUC=0.9564196718320322, val_AP=0.9536803377406905
INFO - 11/05/25 18:07:47 - 0:11:22 - Epoch 131: train_loss=0.7603833079338074, train_AUC=0.9950079935062124, train_AP=0.9932628301457698, time=0.2991456985473633
INFO - 11/05/25 18:07:47 - 0:11:22 - Epoch 131: val_AUC=0.9563850532393228, val_AP=0.9536871851905618
INFO - 11/05/25 18:07:48 - 0:11:23 - Epoch 132: train_loss=0.7603379487991333, train_AUC=0.9950866275294132, train_AP=0.9935895591945668, time=0.29912567138671875
INFO - 11/05/25 18:07:48 - 0:11:23 - Epoch 132: val_AUC=0.9563306816848909, val_AP=0.95368237626322
INFO - 11/05/25 18:07:48 - 0:11:23 - Epoch 133: train_loss=0.7587214112281799, train_AUC=0.9952438009989928, train_AP=0.9936513403801248, time=0.29850172996520996
INFO - 11/05/25 18:07:48 - 0:11:23 - Epoch 133: val_AUC=0.9563111323619492, val_AP=0.9537228021584753
INFO - 11/05/25 18:07:48 - 0:11:23 - Epoch 134: train_loss=0.7572121620178223, train_AUC=0.9950115810851135, train_AP=0.9933132692224067, time=0.30370140075683594
INFO - 11/05/25 18:07:49 - 0:11:24 - Epoch 134: val_AUC=0.9562386369560401, val_AP=0.9536983217753817
INFO - 11/05/25 18:07:49 - 0:11:24 - Epoch 135: train_loss=0.7570514678955078, train_AUC=0.9952891133357464, train_AP=0.9935817453698883, time=0.30051422119140625
INFO - 11/05/25 18:07:49 - 0:11:24 - Epoch 135: val_AUC=0.9561859963312437, val_AP=0.9536669504152417
INFO - 11/05/25 18:07:49 - 0:11:24 - Epoch 136: train_loss=0.7548442482948303, train_AUC=0.9954025090083348, train_AP=0.9938430415906624, time=0.29976844787597656
INFO - 11/05/25 18:07:49 - 0:11:24 - Epoch 136: val_AUC=0.9561131954671637, val_AP=0.9536675321102286
INFO - 11/05/25 18:07:50 - 0:11:25 - Epoch 137: train_loss=0.7542423009872437, train_AUC=0.9950990755652086, train_AP=0.9935163996504585, time=0.3002128601074219
INFO - 11/05/25 18:07:50 - 0:11:25 - Epoch 137: val_AUC=0.9560848896766543, val_AP=0.953669504776641
INFO - 11/05/25 18:07:50 - 0:11:25 - Epoch 138: train_loss=0.7521907091140747, train_AUC=0.9954708093248866, train_AP=0.9940705321889153, time=0.2987556457519531
INFO - 11/05/25 18:07:50 - 0:11:25 - Epoch 138: val_AUC=0.956061063939319, val_AP=0.9536991152082669
INFO - 11/05/25 18:07:50 - 0:11:25 - Epoch 139: train_loss=0.7512063384056091, train_AUC=0.9952933236774848, train_AP=0.9935205068052687, time=0.29922986030578613
INFO - 11/05/25 18:07:51 - 0:11:26 - Epoch 139: val_AUC=0.9560172816014806, val_AP=0.9537215983680021
INFO - 11/05/25 18:07:51 - 0:11:26 - Epoch 140: train_loss=0.7487041354179382, train_AUC=0.9958213684436162, train_AP=0.9943017398568359, time=0.3043386936187744
INFO - 11/05/25 18:07:51 - 0:11:26 - Epoch 140: val_AUC=0.9559527281080166, val_AP=0.9537086334767844
INFO - 11/05/25 18:07:51 - 0:11:26 - Epoch 141: train_loss=0.7476261854171753, train_AUC=0.9957056483298724, train_AP=0.9942021269638959, time=0.30878758430480957
INFO - 11/05/25 18:07:51 - 0:11:26 - Epoch 141: val_AUC=0.9559102694222524, val_AP=0.9537150397616726
INFO - 11/05/25 18:07:52 - 0:11:27 - Epoch 142: train_loss=0.748355507850647, train_AUC=0.9956220223412138, train_AP=0.9940951056844113, time=0.3004574775695801
INFO - 11/05/25 18:07:52 - 0:11:27 - Epoch 142: val_AUC=0.9558841018389397, val_AP=0.953719718803561
INFO - 11/05/25 18:07:52 - 0:11:27 - Epoch 143: train_loss=0.7454414963722229, train_AUC=0.995699646312132, train_AP=0.9942241988442336, time=0.3019227981567383
INFO - 11/05/25 18:07:52 - 0:11:27 - Epoch 143: val_AUC=0.9558344139764627, val_AP=0.953707287961946
INFO - 11/05/25 18:07:52 - 0:11:27 - Epoch 144: train_loss=0.7447894811630249, train_AUC=0.9957649661378766, train_AP=0.9943732684922582, time=0.3002290725708008
INFO - 11/05/25 18:07:53 - 0:11:28 - Epoch 144: val_AUC=0.9557716932320244, val_AP=0.953744049245211
INFO - 11/05/25 18:07:53 - 0:11:28 - Epoch 145: train_loss=0.743918240070343, train_AUC=0.995781258536571, train_AP=0.9943310305271623, time=0.30083298683166504
INFO - 11/05/25 18:07:53 - 0:11:28 - Epoch 145: val_AUC=0.955731372753457, val_AP=0.9537364513504623
INFO - 11/05/25 18:07:53 - 0:11:28 - Epoch 146: train_loss=0.7411054968833923, train_AUC=0.9959906414061023, train_AP=0.9947134400849026, time=0.30123066902160645
INFO - 11/05/25 18:07:53 - 0:11:28 - Epoch 146: val_AUC=0.9556733357009736, val_AP=0.9537404426061177
INFO - 11/05/25 18:07:54 - 0:11:29 - Epoch 147: train_loss=0.7413031458854675, train_AUC=0.9958600762536743, train_AP=0.9941767952244069, time=0.3000645637512207
INFO - 11/05/25 18:07:54 - 0:11:29 - Epoch 147: val_AUC=0.9555871964967614, val_AP=0.9537089603555199
INFO - 11/05/25 18:07:54 - 0:11:29 - Epoch 148: train_loss=0.7397644519805908, train_AUC=0.996003758524482, train_AP=0.9946871519864438, time=0.3008284568786621
INFO - 11/05/25 18:07:54 - 0:11:29 - Epoch 148: val_AUC=0.9555118501479234, val_AP=0.9536990414401441
INFO - 11/05/25 18:07:54 - 0:11:29 - Epoch 149: train_loss=0.7400859594345093, train_AUC=0.9956831596522925, train_AP=0.9940888357960427, time=0.29864072799682617
INFO - 11/05/25 18:07:55 - 0:11:30 - Epoch 149: val_AUC=0.955495966323033, val_AP=0.9537068391033795
INFO - 11/05/25 18:07:55 - 0:11:30 - Epoch 150: train_loss=0.7377344369888306, train_AUC=0.9960815822162875, train_AP=0.9948361337001627, time=0.3017122745513916
INFO - 11/05/25 18:07:55 - 0:11:30 - Epoch 150: val_AUC=0.9554529985403173, val_AP=0.9537120877271497
INFO - 11/05/25 18:07:55 - 0:11:30 - Epoch 151: train_loss=0.7363379001617432, train_AUC=0.9960888299358229, train_AP=0.9948354205671336, time=0.2998671531677246
INFO - 11/05/25 18:07:55 - 0:11:30 - Epoch 151: val_AUC=0.9554157326434597, val_AP=0.9537663665274131
INFO - 11/05/25 18:07:56 - 0:11:31 - Epoch 152: train_loss=0.735501766204834, train_AUC=0.9961484964628368, train_AP=0.9949132436734921, time=0.3038060665130615
INFO - 11/05/25 18:07:56 - 0:11:31 - Epoch 152: val_AUC=0.9554006633736918, val_AP=0.953778825755217
INFO - 11/05/25 18:07:56 - 0:11:31 - Epoch 153: train_loss=0.734861433506012, train_AUC=0.996185303578172, train_AP=0.9947793365738007, time=0.3102457523345947
INFO - 11/05/25 18:07:56 - 0:11:31 - Epoch 153: val_AUC=0.9553690993626922, val_AP=0.9537984789776542
INFO - 11/05/25 18:07:56 - 0:11:31 - Epoch 154: train_loss=0.7325724363327026, train_AUC=0.9964521703107347, train_AP=0.9953231102047078, time=0.3029663562774658
INFO - 11/05/25 18:07:57 - 0:11:32 - Epoch 154: val_AUC=0.9552919202648281, val_AP=0.9538028672445968
INFO - 11/05/25 18:07:57 - 0:11:32 - Epoch 155: train_loss=0.7315430045127869, train_AUC=0.9963518549472974, train_AP=0.9951177981532179, time=0.30332088470458984
INFO - 11/05/25 18:07:57 - 0:11:32 - Epoch 155: val_AUC=0.9552894765994604, val_AP=0.9538191125205367
INFO - 11/05/25 18:07:57 - 0:11:32 - Epoch 156: train_loss=0.7305636405944824, train_AUC=0.9962499076493435, train_AP=0.994759911439804, time=0.30727577209472656
INFO - 11/05/25 18:07:57 - 0:11:32 - Epoch 156: val_AUC=0.9552923275423896, val_AP=0.9538776995224981
INFO - 11/05/25 18:07:58 - 0:11:33 - Epoch 157: train_loss=0.7297446131706238, train_AUC=0.9965015087669621, train_AP=0.9952741172456623, time=0.3049185276031494
INFO - 11/05/25 18:07:58 - 0:11:33 - Epoch 157: val_AUC=0.9552365305164932, val_AP=0.9538606393364134
INFO - 11/05/25 18:07:58 - 0:11:33 - Epoch 158: train_loss=0.7267622351646423, train_AUC=0.9965414168396717, train_AP=0.9952778716737961, time=0.3058912754058838
INFO - 11/05/25 18:07:58 - 0:11:33 - Epoch 158: val_AUC=0.9552088356423255, val_AP=0.953880774120873
INFO - 11/05/25 18:07:59 - 0:11:34 - Epoch 159: train_loss=0.7270293831825256, train_AUC=0.996573417444659, train_AP=0.9951467393853748, time=0.30712199211120605
INFO - 11/05/25 18:07:59 - 0:11:34 - Epoch 159: val_AUC=0.9551786971027904, val_AP=0.9539133981968209
INFO - 11/05/25 18:07:59 - 0:11:34 - Epoch 160: train_loss=0.7264054417610168, train_AUC=0.9966147999999684, train_AP=0.9955526378088319, time=0.30235719680786133
INFO - 11/05/25 18:07:59 - 0:11:34 - Epoch 160: val_AUC=0.9551412275671519, val_AP=0.953928646483013
INFO - 11/05/25 18:07:59 - 0:11:34 - Epoch 161: train_loss=0.7250144481658936, train_AUC=0.9966321040360318, train_AP=0.9954608577561287, time=0.30268239974975586
INFO - 11/05/25 18:07:59 - 0:11:34 - Epoch 161: val_AUC=0.9551310456281197, val_AP=0.9539793896094354
INFO - 11/05/25 18:08:00 - 0:11:35 - Epoch 162: train_loss=0.7234886884689331, train_AUC=0.9967309184987626, train_AP=0.9956869770234653, time=0.3009047508239746
INFO - 11/05/25 18:08:00 - 0:11:35 - Epoch 162: val_AUC=0.9551414312059326, val_AP=0.9540445274012127
INFO - 11/05/25 18:08:00 - 0:11:35 - Epoch 163: train_loss=0.7236043214797974, train_AUC=0.9966295828680412, train_AP=0.9952018969737217, time=0.3015146255493164
INFO - 11/05/25 18:08:00 - 0:11:35 - Epoch 163: val_AUC=0.9550634375529461, val_AP=0.9540124970577243
INFO - 11/05/25 18:08:01 - 0:11:36 - Epoch 164: train_loss=0.7220373153686523, train_AUC=0.996702367570159, train_AP=0.9954767660932444, time=0.3019721508026123
INFO - 11/05/25 18:08:01 - 0:11:36 - Epoch 164: val_AUC=0.9550581429446492, val_AP=0.9540778075939825
INFO - 11/05/25 18:08:01 - 0:11:36 - Epoch 165: train_loss=0.7211782336235046, train_AUC=0.9966827500124243, train_AP=0.9955419205065577, time=0.31195759773254395
INFO - 11/05/25 18:08:01 - 0:11:36 - Epoch 165: val_AUC=0.9549898221337435, val_AP=0.9540695902014279
INFO - 11/05/25 18:08:01 - 0:11:36 - Epoch 166: train_loss=0.7210937738418579, train_AUC=0.9964649239159652, train_AP=0.9950903915844614, time=0.30028343200683594
INFO - 11/05/25 18:08:01 - 0:11:36 - Epoch 166: val_AUC=0.9549736328506824, val_AP=0.9541025800345799
INFO - 11/05/25 18:08:02 - 0:11:37 - Epoch 167: train_loss=0.7196993827819824, train_AUC=0.9969062751989992, train_AP=0.9959325496695081, time=0.3048131465911865
INFO - 11/05/25 18:08:02 - 0:11:37 - Epoch 167: val_AUC=0.9549430870335859, val_AP=0.9541003066131394
INFO - 11/05/25 18:08:02 - 0:11:37 - Epoch 168: train_loss=0.7186074256896973, train_AUC=0.9968049311144836, train_AP=0.9956254610121469, time=0.3085174560546875
INFO - 11/05/25 18:08:02 - 0:11:37 - Epoch 168: val_AUC=0.9549496034745665, val_AP=0.9541305425405351
INFO - 11/05/25 18:08:03 - 0:11:38 - Epoch 169: train_loss=0.7162112593650818, train_AUC=0.9969783381584396, train_AP=0.995931509484681, time=0.30713629722595215
INFO - 11/05/25 18:08:03 - 0:11:38 - Epoch 169: val_AUC=0.9548927882547669, val_AP=0.9541342526965542
INFO - 11/05/25 18:08:03 - 0:11:38 - Epoch 170: train_loss=0.7157660126686096, train_AUC=0.997172157064541, train_AP=0.996225331179024, time=0.30529308319091797
INFO - 11/05/25 18:08:03 - 0:11:38 - Epoch 170: val_AUC=0.9548748680420702, val_AP=0.9541636603318145
INFO - 11/05/25 18:08:03 - 0:11:38 - Epoch 171: train_loss=0.7142786979675293, train_AUC=0.9969368428858746, train_AP=0.9956906060699566, time=0.29999470710754395
INFO - 11/05/25 18:08:03 - 0:11:38 - Epoch 171: val_AUC=0.9548439149474124, val_AP=0.9541822773572908
INFO - 11/05/25 18:08:04 - 0:11:39 - Epoch 172: train_loss=0.7142984867095947, train_AUC=0.9971414217107479, train_AP=0.9961784936219575, time=0.3018038272857666
INFO - 11/05/25 18:08:04 - 0:11:39 - Epoch 172: val_AUC=0.9548308820654511, val_AP=0.954209625405195
INFO - 11/05/25 18:08:04 - 0:11:39 - Epoch 173: train_loss=0.7136681079864502, train_AUC=0.997141093421741, train_AP=0.9962448351399935, time=0.3014676570892334
INFO - 11/05/25 18:08:04 - 0:11:39 - Epoch 173: val_AUC=0.9548105181873867, val_AP=0.9542396999818735
INFO - 11/05/25 18:08:05 - 0:11:40 - Epoch 174: train_loss=0.7116116285324097, train_AUC=0.9971387302340289, train_AP=0.9961904098991967, time=0.2983865737915039
INFO - 11/05/25 18:08:05 - 0:11:40 - Epoch 174: val_AUC=0.9547813978417546, val_AP=0.9542344919567225
INFO - 11/05/25 18:08:05 - 0:11:40 - Epoch 175: train_loss=0.7111150622367859, train_AUC=0.997017756087208, train_AP=0.9958779735943766, time=0.3031740188598633
INFO - 11/05/25 18:08:05 - 0:11:40 - Epoch 175: val_AUC=0.9547671431271098, val_AP=0.9542547190714424
INFO - 11/05/25 18:08:05 - 0:11:40 - Epoch 176: train_loss=0.7105445861816406, train_AUC=0.9972193544212741, train_AP=0.9963479064343606, time=0.29993271827697754
INFO - 11/05/25 18:08:06 - 0:11:41 - Epoch 176: val_AUC=0.9546478108016526, val_AP=0.954179528479445
INFO - 11/05/25 18:08:06 - 0:11:41 - Epoch 177: train_loss=0.7080733180046082, train_AUC=0.9970904900665608, train_AP=0.9959245842170099, time=0.30304813385009766
INFO - 11/05/25 18:08:06 - 0:11:41 - Epoch 177: val_AUC=0.9546867058087556, val_AP=0.9542436769138231
INFO - 11/05/25 18:08:06 - 0:11:41 - Epoch 178: train_loss=0.7079240083694458, train_AUC=0.9972825303295928, train_AP=0.9959832042776231, time=0.30106377601623535
INFO - 11/05/25 18:08:06 - 0:11:41 - Epoch 178: val_AUC=0.9545677807608595, val_AP=0.9542316466333812
INFO - 11/05/25 18:08:07 - 0:11:42 - Epoch 179: train_loss=0.7075181007385254, train_AUC=0.9972902246912536, train_AP=0.9963963128877651, time=0.2987666130065918
INFO - 11/05/25 18:08:07 - 0:11:42 - Epoch 179: val_AUC=0.9545274602822923, val_AP=0.954237648358658
INFO - 11/05/25 18:08:07 - 0:11:42 - Epoch 180: train_loss=0.7064329385757446, train_AUC=0.9974335314727036, train_AP=0.9964607371156642, time=0.29901576042175293
INFO - 11/05/25 18:08:07 - 0:11:42 - Epoch 180: val_AUC=0.9544867325261636, val_AP=0.9542187342856286
INFO - 11/05/25 18:08:07 - 0:11:42 - Epoch 181: train_loss=0.7064779996871948, train_AUC=0.9974090959567745, train_AP=0.9964647749800077, time=0.29866766929626465
INFO - 11/05/25 18:08:07 - 0:11:42 - Epoch 181: val_AUC=0.9544143389396448, val_AP=0.9541873489187831
INFO - 11/05/25 18:08:08 - 0:11:43 - Epoch 182: train_loss=0.7040876150131226, train_AUC=0.9974536430490352, train_AP=0.9966724725302667, time=0.30020570755004883
INFO - 11/05/25 18:08:08 - 0:11:43 - Epoch 182: val_AUC=0.9544207535612351, val_AP=0.9542245548925555
INFO - 11/05/25 18:08:08 - 0:11:43 - Epoch 183: train_loss=0.703324556350708, train_AUC=0.9974253712717598, train_AP=0.9964111635403399, time=0.30039429664611816
INFO - 11/05/25 18:08:08 - 0:11:43 - Epoch 183: val_AUC=0.9543311524977518, val_AP=0.9541875804031672
INFO - 11/05/25 18:08:09 - 0:11:44 - Epoch 184: train_loss=0.7038738131523132, train_AUC=0.9973561183182775, train_AP=0.9963889713312247, time=0.30051255226135254
INFO - 11/05/25 18:08:09 - 0:11:44 - Epoch 184: val_AUC=0.9543843022194999, val_AP=0.9542258178793936
INFO - 11/05/25 18:08:09 - 0:11:44 - Epoch 185: train_loss=0.7016513347625732, train_AUC=0.9973865900193649, train_AP=0.9963244882585981, time=0.2992417812347412
INFO - 11/05/25 18:08:09 - 0:11:44 - Epoch 185: val_AUC=0.9541558195076177, val_AP=0.9541119943413416
INFO - 11/05/25 18:08:09 - 0:11:44 - Epoch 186: train_loss=0.7007726430892944, train_AUC=0.9975419675860454, train_AP=0.9966236350794162, time=0.3003239631652832
INFO - 11/05/25 18:08:09 - 0:11:44 - Epoch 186: val_AUC=0.9543388907714163, val_AP=0.9542594327568308
INFO - 11/05/25 18:08:10 - 0:11:45 - Epoch 187: train_loss=0.7016453742980957, train_AUC=0.9972935338233093, train_AP=0.9963516726082126, time=0.29853200912475586
INFO - 11/05/25 18:08:10 - 0:11:45 - Epoch 187: val_AUC=0.9540574619765669, val_AP=0.9540859022352429
INFO - 11/05/25 18:08:10 - 0:11:45 - Epoch 188: train_loss=0.6995762586593628, train_AUC=0.9975351726728601, train_AP=0.9967031057273106, time=0.297407865524292
INFO - 11/05/25 18:08:10 - 0:11:45 - Epoch 188: val_AUC=0.9541965472637465, val_AP=0.9542692305685887
INFO - 11/05/25 18:08:11 - 0:11:46 - Epoch 189: train_loss=0.7004132866859436, train_AUC=0.9974499513827934, train_AP=0.9964651968888881, time=0.29885387420654297
INFO - 11/05/25 18:08:11 - 0:11:46 - Epoch 189: val_AUC=0.9539678609130838, val_AP=0.9541038563435592
INFO - 11/05/25 18:08:11 - 0:11:46 - Epoch 190: train_loss=0.6997448205947876, train_AUC=0.9973884276628728, train_AP=0.9963524331854133, time=0.2995598316192627
INFO - 11/05/25 18:08:11 - 0:11:46 - Epoch 190: val_AUC=0.9539959630648124, val_AP=0.954130387387896
INFO - 11/05/25 18:08:11 - 0:11:46 - Epoch 191: train_loss=0.6984939575195312, train_AUC=0.9975089560481718, train_AP=0.9964968998918808, time=0.2991034984588623
INFO - 11/05/25 18:08:11 - 0:11:46 - Epoch 191: val_AUC=0.9538110590519882, val_AP=0.9539971684576012
INFO - 11/05/25 18:08:12 - 0:11:47 - Epoch 192: train_loss=0.6972782611846924, train_AUC=0.9974556959120529, train_AP=0.9965134841139809, time=0.2993662357330322
INFO - 11/05/25 18:08:12 - 0:11:47 - Epoch 192: val_AUC=0.9537322508438791, val_AP=0.9539272830972015
INFO - 11/05/25 18:08:12 - 0:11:47 - Epoch 193: train_loss=0.696631669998169, train_AUC=0.9975992820209518, train_AP=0.9967580247122699, time=0.2987980842590332
INFO - 11/05/25 18:08:12 - 0:11:47 - Epoch 193: val_AUC=0.9535656743213127, val_AP=0.95383099921871
INFO - 11/05/25 18:08:13 - 0:11:48 - Epoch 194: train_loss=0.6965606212615967, train_AUC=0.9976061017671575, train_AP=0.996503415716575, time=0.3001253604888916
INFO - 11/05/25 18:08:13 - 0:11:48 - Epoch 194: val_AUC=0.9535161900976163, val_AP=0.9538057505378178
INFO - 11/05/25 18:08:13 - 0:11:48 - Epoch 195: train_loss=0.6958580017089844, train_AUC=0.9976662998264797, train_AP=0.9967174135118803, time=0.3015415668487549
INFO - 11/05/25 18:08:13 - 0:11:48 - Epoch 195: val_AUC=0.9535349248654353, val_AP=0.9538511855316821
INFO - 11/05/25 18:08:13 - 0:11:48 - Epoch 196: train_loss=0.6949033737182617, train_AUC=0.9975833647593739, train_AP=0.9967283428852781, time=0.30055975914001465
INFO - 11/05/25 18:08:13 - 0:11:48 - Epoch 196: val_AUC=0.9534447128856104, val_AP=0.9537992024486167
INFO - 11/05/25 18:08:14 - 0:11:49 - Epoch 197: train_loss=0.6936957836151123, train_AUC=0.9978552747085214, train_AP=0.9971309865638762, time=0.2997868061065674
INFO - 11/05/25 18:08:14 - 0:11:49 - Epoch 197: val_AUC=0.9534703713719715, val_AP=0.953869383756265
INFO - 11/05/25 18:08:14 - 0:11:49 - Epoch 198: train_loss=0.6938207149505615, train_AUC=0.9976777770849111, train_AP=0.9968800906542042, time=0.33840060234069824
INFO - 11/05/25 18:08:14 - 0:11:49 - Epoch 198: val_AUC=0.9532826164162181, val_AP=0.9537819538533572
INFO - 11/05/25 18:08:15 - 0:11:50 - Epoch 199: train_loss=0.6929029822349548, train_AUC=0.9975068422473878, train_AP=0.9963537238313112, time=0.3376338481903076
INFO - 11/05/25 18:08:15 - 0:11:50 - Epoch 199: val_AUC=0.9533986905211851, val_AP=0.9538590353060392
INFO - 11/05/25 18:08:15 - 0:11:50 - Epoch 200: train_loss=0.6918932199478149, train_AUC=0.9976252753245776, train_AP=0.9966695579344786, time=0.33731913566589355
INFO - 11/05/25 18:08:15 - 0:11:50 - Epoch 200: val_AUC=0.9532646962035214, val_AP=0.9537510231880947
INFO - 11/05/25 18:08:16 - 0:11:51 - Epoch 201: train_loss=0.6901426315307617, train_AUC=0.9978307648696519, train_AP=0.997009432731573, time=0.33748579025268555
INFO - 11/05/25 18:08:16 - 0:11:51 - Epoch 201: val_AUC=0.9533746611450691, val_AP=0.953862710734839
INFO - 11/05/25 18:08:16 - 0:11:51 - Epoch 202: train_loss=0.6902207732200623, train_AUC=0.9978876078294128, train_AP=0.9970745415729759, time=0.2977635860443115
INFO - 11/05/25 18:08:16 - 0:11:51 - Epoch 202: val_AUC=0.9530706284455682, val_AP=0.9536681638213762
INFO - 11/05/25 18:08:16 - 0:11:51 - Epoch 203: train_loss=0.689614474773407, train_AUC=0.9977422973226237, train_AP=0.9968024909369708, time=0.2955911159515381
INFO - 11/05/25 18:08:16 - 0:11:51 - Epoch 203: val_AUC=0.9533811775860497, val_AP=0.9538566640707449
INFO - 11/05/25 18:08:17 - 0:11:52 - Epoch 204: train_loss=0.6885613203048706, train_AUC=0.9977597720196568, train_AP=0.9964548637774848, time=0.29827141761779785
INFO - 11/05/25 18:08:17 - 0:11:52 - Epoch 204: val_AUC=0.9529706418042723, val_AP=0.9535512981410017
INFO - 11/05/25 18:08:17 - 0:11:52 - Epoch 205: train_loss=0.6886316537857056, train_AUC=0.9978759086588843, train_AP=0.9971072223488328, time=0.2974696159362793
INFO - 11/05/25 18:08:17 - 0:11:52 - Epoch 205: val_AUC=0.9532594015952247, val_AP=0.9537797345596278
INFO - 11/05/25 18:08:17 - 0:11:52 - Epoch 206: train_loss=0.6879331469535828, train_AUC=0.9975490145279693, train_AP=0.9963325356736404, time=0.29744958877563477
INFO - 11/05/25 18:08:18 - 0:11:53 - Epoch 206: val_AUC=0.952930728603266, val_AP=0.9535749652849665
INFO - 11/05/25 18:08:18 - 0:11:53 - Epoch 207: train_loss=0.687457799911499, train_AUC=0.9975656827682627, train_AP=0.9965690757015178, time=0.29610633850097656
INFO - 11/05/25 18:08:18 - 0:11:53 - Epoch 207: val_AUC=0.9529853037964786, val_AP=0.9536220719558111
INFO - 11/05/25 18:08:18 - 0:11:53 - Epoch 208: train_loss=0.6860817670822144, train_AUC=0.9978883750112337, train_AP=0.9971465865758828, time=0.319211483001709
INFO - 11/05/25 18:08:18 - 0:11:53 - Epoch 208: val_AUC=0.9529491579129143, val_AP=0.9535886284037363
INFO - 11/05/25 18:08:19 - 0:11:54 - Epoch 209: train_loss=0.6849464774131775, train_AUC=0.9979233945013435, train_AP=0.9971367279051042, time=0.30902862548828125
INFO - 11/05/25 18:08:19 - 0:11:54 - Epoch 209: val_AUC=0.9528447930378346, val_AP=0.9535478115335834
INFO - 11/05/25 18:08:19 - 0:11:54 - Epoch 210: train_loss=0.6838840246200562, train_AUC=0.9979463391554464, train_AP=0.9970612241849347, time=0.3629324436187744
INFO - 11/05/25 18:08:19 - 0:11:54 - Epoch 210: val_AUC=0.9529529252303561, val_AP=0.9536308851952834
INFO - 11/05/25 18:08:20 - 0:11:55 - Epoch 211: train_loss=0.6843631267547607, train_AUC=0.9977914136906333, train_AP=0.9967698528851872, time=0.32648563385009766
INFO - 11/05/25 18:08:20 - 0:11:55 - Epoch 211: val_AUC=0.9527024495301646, val_AP=0.9534485529637947
INFO - 11/05/25 18:08:20 - 0:11:55 - Epoch 212: train_loss=0.6830720901489258, train_AUC=0.9978190706305035, train_AP=0.9969070764132582, time=0.3291201591491699
INFO - 11/05/25 18:08:20 - 0:11:55 - Epoch 212: val_AUC=0.9528950918166534, val_AP=0.9535279553243519
INFO - 11/05/25 18:08:20 - 0:11:55 - Epoch 213: train_loss=0.6831507086753845, train_AUC=0.997829154069621, train_AP=0.9969313230477602, time=0.3278331756591797
INFO - 11/05/25 18:08:21 - 0:11:56 - Epoch 213: val_AUC=0.9524896470043922, val_AP=0.9531824633841643
INFO - 11/05/25 18:08:21 - 0:11:56 - Epoch 214: train_loss=0.6823186874389648, train_AUC=0.9978010607026269, train_AP=0.9969620397281534, time=0.32019567489624023
INFO - 11/05/25 18:08:21 - 0:11:56 - Epoch 214: val_AUC=0.9527914396773058, val_AP=0.9533843670295788
INFO - 11/05/25 18:08:21 - 0:11:56 - Epoch 215: train_loss=0.6799910068511963, train_AUC=0.9981222479941148, train_AP=0.9973838624662029, time=0.33013916015625
INFO - 11/05/25 18:08:21 - 0:11:56 - Epoch 215: val_AUC=0.9524352754499602, val_AP=0.9531059167567986
INFO - 11/05/25 18:08:22 - 0:11:57 - Epoch 216: train_loss=0.6806963682174683, train_AUC=0.9978188666827191, train_AP=0.9968835635122019, time=0.31209468841552734
INFO - 11/05/25 18:08:22 - 0:11:57 - Epoch 216: val_AUC=0.9525894300069075, val_AP=0.9531956478681293
INFO - 11/05/25 18:08:22 - 0:11:57 - Epoch 217: train_loss=0.6797003746032715, train_AUC=0.9979641741954561, train_AP=0.9972116634579127, time=0.3102407455444336
INFO - 11/05/25 18:08:22 - 0:11:57 - Epoch 217: val_AUC=0.9523688892074705, val_AP=0.953051345026689
INFO - 11/05/25 18:08:23 - 0:11:58 - Epoch 218: train_loss=0.679234504699707, train_AUC=0.9980635959224015, train_AP=0.9973483715308415, time=0.314929723739624
INFO - 11/05/25 18:08:23 - 0:11:58 - Epoch 218: val_AUC=0.9524130788228702, val_AP=0.9530957564710896
INFO - 11/05/25 18:08:23 - 0:11:58 - Epoch 219: train_loss=0.6775784492492676, train_AUC=0.9981617666639303, train_AP=0.9974136130338014, time=0.3186070919036865
INFO - 11/05/25 18:08:23 - 0:11:58 - Epoch 219: val_AUC=0.9523173685959677, val_AP=0.9530432394508419
INFO - 11/05/25 18:08:23 - 0:11:58 - Epoch 220: train_loss=0.6771049499511719, train_AUC=0.9980478410441198, train_AP=0.9971846035438894, time=0.31157922744750977
INFO - 11/05/25 18:08:23 - 0:11:59 - Epoch 220: val_AUC=0.9521599558185301, val_AP=0.9529426067496347
INFO - 11/05/25 18:08:24 - 0:11:59 - Epoch 221: train_loss=0.6768620014190674, train_AUC=0.998160449457126, train_AP=0.9975215526356771, time=0.3588221073150635
INFO - 11/05/25 18:08:24 - 0:11:59 - Epoch 221: val_AUC=0.9522246111313845, val_AP=0.9529753280724498
INFO - 11/05/25 18:08:24 - 0:11:59 - Epoch 222: train_loss=0.6773531436920166, train_AUC=0.9979875248077998, train_AP=0.9970283304142711, time=0.34532928466796875
INFO - 11/05/25 18:08:24 - 0:11:59 - Epoch 222: val_AUC=0.9519322876617706, val_AP=0.952792768985641
INFO - 11/05/25 18:08:25 - 0:12:00 - Epoch 223: train_loss=0.6754422783851624, train_AUC=0.9980810338102059, train_AP=0.9971200062259887, time=0.34618544578552246
INFO - 11/05/25 18:08:25 - 0:12:00 - Epoch 223: val_AUC=0.9521632140390204, val_AP=0.9529669070227106
INFO - 11/05/25 18:08:25 - 0:12:00 - Epoch 224: train_loss=0.6749957799911499, train_AUC=0.9981045320117062, train_AP=0.9972119370973941, time=0.349254846572876
INFO - 11/05/25 18:08:25 - 0:12:00 - Epoch 224: val_AUC=0.9517054340601337, val_AP=0.9526781174145764
INFO - 11/05/25 18:08:26 - 0:12:01 - Epoch 225: train_loss=0.6751408576965332, train_AUC=0.9980447580510583, train_AP=0.9971434141297534, time=0.3591947555541992
INFO - 11/05/25 18:08:26 - 0:12:01 - Epoch 225: val_AUC=0.952072594781634, val_AP=0.9530643673252801
INFO - 11/05/25 18:08:26 - 0:12:01 - Epoch 226: train_loss=0.6744050979614258, train_AUC=0.9979987340105078, train_AP=0.9969729220766392, time=0.3601653575897217
INFO - 11/05/25 18:08:26 - 0:12:01 - Epoch 226: val_AUC=0.9516170548293343, val_AP=0.9527688938506098
INFO - 11/05/25 18:08:27 - 0:12:02 - Epoch 227: train_loss=0.6733478307723999, train_AUC=0.9981402302710396, train_AP=0.9973565385321194, time=0.38401150703430176
INFO - 11/05/25 18:08:27 - 0:12:02 - Epoch 227: val_AUC=0.9518734360541649, val_AP=0.9529420324850145
INFO - 11/05/25 18:08:27 - 0:12:02 - Epoch 228: train_loss=0.6732892990112305, train_AUC=0.9981628344838065, train_AP=0.9973284296098355, time=0.3556191921234131
INFO - 11/05/25 18:08:27 - 0:12:02 - Epoch 228: val_AUC=0.951493853367045, val_AP=0.9526814840531539
INFO - 11/05/25 18:08:28 - 0:12:03 - Epoch 229: train_loss=0.6736174821853638, train_AUC=0.9980338931643421, train_AP=0.9970906084564949, time=0.3515446186065674
INFO - 11/05/25 18:08:28 - 0:12:03 - Epoch 229: val_AUC=0.9515663487729542, val_AP=0.9528130915960541
INFO - 11/05/25 18:08:28 - 0:12:03 - Epoch 230: train_loss=0.6713860034942627, train_AUC=0.9981054584066508, train_AP=0.9971649732825453, time=0.3567941188812256
INFO - 11/05/25 18:08:28 - 0:12:03 - Epoch 230: val_AUC=0.9514649366601936, val_AP=0.9527332457161216
INFO - 11/05/25 18:08:29 - 0:12:04 - Epoch 231: train_loss=0.6702654361724854, train_AUC=0.9982595990775716, train_AP=0.997437372478666, time=0.35056591033935547
INFO - 11/05/25 18:08:29 - 0:12:04 - Epoch 231: val_AUC=0.951196133469744, val_AP=0.9525346935432895
INFO - 11/05/25 18:08:29 - 0:12:04 - Epoch 232: train_loss=0.6714855432510376, train_AUC=0.9980536893084786, train_AP=0.9970189407574106, time=0.3543856143951416
INFO - 11/05/25 18:08:29 - 0:12:04 - Epoch 232: val_AUC=0.9514091396342972, val_AP=0.952731492964978
INFO - 11/05/25 18:08:29 - 0:12:04 - Epoch 233: train_loss=0.6710953712463379, train_AUC=0.9982164893064407, train_AP=0.9974641213524821, time=0.36062073707580566
INFO - 11/05/25 18:08:30 - 0:12:05 - Epoch 233: val_AUC=0.9510880012772225, val_AP=0.9525182512095851
INFO - 11/05/25 18:08:30 - 0:12:05 - Epoch 234: train_loss=0.6684232950210571, train_AUC=0.9983143926967288, train_AP=0.9975660215825134, time=0.34388065338134766
INFO - 11/05/25 18:08:30 - 0:12:05 - Epoch 234: val_AUC=0.951239508530021, val_AP=0.9526411148809033
INFO - 11/05/25 18:08:30 - 0:12:05 - Epoch 235: train_loss=0.6682112216949463, train_AUC=0.9982286777403067, train_AP=0.997433749385211, time=0.30367302894592285
INFO - 11/05/25 18:08:30 - 0:12:05 - Epoch 235: val_AUC=0.9509772217805523, val_AP=0.9523279127501264
INFO - 11/05/25 18:08:31 - 0:12:06 - Epoch 236: train_loss=0.6678640246391296, train_AUC=0.9982183882399562, train_AP=0.997215742144406, time=0.3015563488006592
INFO - 11/05/25 18:08:31 - 0:12:06 - Epoch 236: val_AUC=0.9508768278616951, val_AP=0.9521934659370667
INFO - 11/05/25 18:08:31 - 0:12:06 - Epoch 237: train_loss=0.6668993234634399, train_AUC=0.9982071883716461, train_AP=0.9974144799039797, time=0.301755428314209
INFO - 11/05/25 18:08:31 - 0:12:06 - Epoch 237: val_AUC=0.950971112617133, val_AP=0.9522486547381486
INFO - 11/05/25 18:08:32 - 0:12:07 - Epoch 238: train_loss=0.6666232347488403, train_AUC=0.9981934655741382, train_AP=0.997134462272521, time=0.2995619773864746
INFO - 11/05/25 18:08:32 - 0:12:07 - Epoch 238: val_AUC=0.950599675481239, val_AP=0.9519721438645086
INFO - 11/05/25 18:08:32 - 0:12:07 - Epoch 239: train_loss=0.6652965545654297, train_AUC=0.998520202781499, train_AP=0.9979576752120523, time=0.3011176586151123
INFO - 11/05/25 18:08:32 - 0:12:07 - Epoch 239: val_AUC=0.9508637949797337, val_AP=0.9521869527403006
INFO - 11/05/25 18:08:32 - 0:12:07 - Epoch 240: train_loss=0.6658667325973511, train_AUC=0.9982339062358805, train_AP=0.9973706633958961, time=0.2987802028656006
INFO - 11/05/25 18:08:32 - 0:12:07 - Epoch 240: val_AUC=0.9503200794354155, val_AP=0.951806094785429
INFO - 11/05/25 18:08:33 - 0:12:08 - Epoch 241: train_loss=0.664248526096344, train_AUC=0.9982276490192286, train_AP=0.9973454583318678, time=0.30051112174987793
INFO - 11/05/25 18:08:33 - 0:12:08 - Epoch 241: val_AUC=0.9508530021243597, val_AP=0.9521119617918442
INFO - 11/05/25 18:08:33 - 0:12:08 - Epoch 242: train_loss=0.6654832363128662, train_AUC=0.9981800936090883, train_AP=0.9972384369450761, time=0.3009066581726074
INFO - 11/05/25 18:08:33 - 0:12:08 - Epoch 242: val_AUC=0.9500803965905981, val_AP=0.9515770742267712
INFO - 11/05/25 18:08:34 - 0:12:09 - Epoch 243: train_loss=0.6658354997634888, train_AUC=0.99811065114972, train_AP=0.9972126443189278, time=0.303786039352417
INFO - 11/05/25 18:08:34 - 0:12:09 - Epoch 243: val_AUC=0.9506685053890966, val_AP=0.9519970389139474
INFO - 11/05/25 18:08:34 - 0:12:09 - Epoch 244: train_loss=0.6633408069610596, train_AUC=0.9983427847644504, train_AP=0.9975884036909958, time=0.3037276268005371
INFO - 11/05/25 18:08:34 - 0:12:09 - Epoch 244: val_AUC=0.9500136030705469, val_AP=0.9515300431970084
INFO - 11/05/25 18:08:34 - 0:12:09 - Epoch 245: train_loss=0.6636384725570679, train_AUC=0.9982126898543232, train_AP=0.9973633297833959, time=0.30031633377075195
INFO - 11/05/25 18:08:34 - 0:12:09 - Epoch 245: val_AUC=0.9504216951869566, val_AP=0.951872702812019
INFO - 11/05/25 18:08:35 - 0:12:10 - Epoch 246: train_loss=0.6613056659698486, train_AUC=0.9983603297336476, train_AP=0.9975109681956249, time=0.29942989349365234
INFO - 11/05/25 18:08:35 - 0:12:10 - Epoch 246: val_AUC=0.9500596254349726, val_AP=0.9516301492965538
INFO - 11/05/25 18:08:35 - 0:12:10 - Epoch 247: train_loss=0.6614351272583008, train_AUC=0.9982995807687387, train_AP=0.9973744047974512, time=0.2988102436065674
INFO - 11/05/25 18:08:35 - 0:12:10 - Epoch 247: val_AUC=0.9500787674803529, val_AP=0.9516244693142613
INFO - 11/05/25 18:08:36 - 0:12:11 - Epoch 248: train_loss=0.6613737344741821, train_AUC=0.9982188503807042, train_AP=0.9974473284390929, time=0.2984044551849365
INFO - 11/05/25 18:08:36 - 0:12:11 - Epoch 248: val_AUC=0.9501555393006555, val_AP=0.9516874398493848
INFO - 11/05/25 18:08:36 - 0:12:11 - Epoch 249: train_loss=0.660855770111084, train_AUC=0.9984729152509614, train_AP=0.9977965193174002, time=0.29961729049682617
INFO - 11/05/25 18:08:36 - 0:12:11 - Epoch 249: val_AUC=0.9496912428807882, val_AP=0.9513703669535849
INFO - 11/05/25 18:08:36 - 0:12:11 - Epoch 250: train_loss=0.6609534621238708, train_AUC=0.9982622149985052, train_AP=0.997270943763734, time=0.300384521484375
INFO - 11/05/25 18:08:36 - 0:12:11 - Epoch 250: val_AUC=0.9501091096586689, val_AP=0.9517221108589496
INFO - 11/05/25 18:08:37 - 0:12:12 - Epoch 251: train_loss=0.6613776087760925, train_AUC=0.9981620114717198, train_AP=0.9972296050684032, time=0.29953551292419434
INFO - 11/05/25 18:08:37 - 0:12:12 - Epoch 251: val_AUC=0.9495961435702277, val_AP=0.951312652520578
INFO - 11/05/25 18:08:37 - 0:12:12 - Epoch 252: train_loss=0.6597874164581299, train_AUC=0.9983617334157214, train_AP=0.9976993457409176, time=0.29933953285217285
INFO - 11/05/25 18:08:37 - 0:12:12 - Epoch 252: val_AUC=0.9496729153905301, val_AP=0.9513821348861865
INFO - 11/05/25 18:08:37 - 0:12:12 - Epoch 253: train_loss=0.6583598852157593, train_AUC=0.9983912165512531, train_AP=0.9976627475527539, time=0.30214905738830566
INFO - 11/05/25 18:08:38 - 0:12:13 - Epoch 253: val_AUC=0.9495806670228987, val_AP=0.9513312473359888
INFO - 11/05/25 18:08:38 - 0:12:13 - Epoch 254: train_loss=0.6578486561775208, train_AUC=0.9984222215458561, train_AP=0.997506416745285, time=0.2985961437225342
INFO - 11/05/25 18:08:38 - 0:12:13 - Epoch 254: val_AUC=0.949127570735967, val_AP=0.9511772546009075
INFO - 11/05/25 18:08:38 - 0:12:13 - Epoch 255: train_loss=0.6584908366203308, train_AUC=0.9984232905985773, train_AP=0.9976626087812606, time=0.2984294891357422
INFO - 11/05/25 18:08:38 - 0:12:13 - Epoch 255: val_AUC=0.9496681298791853, val_AP=0.9517985992114117
INFO - 11/05/25 18:08:39 - 0:12:14 - Epoch 256: train_loss=0.6571903824806213, train_AUC=0.9984299299971738, train_AP=0.997742827783793, time=0.2981119155883789
INFO - 11/05/25 18:08:39 - 0:12:14 - Epoch 256: val_AUC=0.9488335163367174, val_AP=0.9509952089947371
INFO - 11/05/25 18:08:39 - 0:12:14 - Epoch 257: train_loss=0.656886637210846, train_AUC=0.9985828987608778, train_AP=0.9980068399823414, time=0.2999906539916992
INFO - 11/05/25 18:08:39 - 0:12:14 - Epoch 257: val_AUC=0.949463371085248, val_AP=0.9513652087840128
INFO - 11/05/25 18:08:39 - 0:12:14 - Epoch 258: train_loss=0.6556949615478516, train_AUC=0.9985481878342553, train_AP=0.9979090879425578, time=0.29961633682250977
INFO - 11/05/25 18:08:40 - 0:12:15 - Epoch 258: val_AUC=0.9489862454222001, val_AP=0.9510025617601517
INFO - 11/05/25 18:08:40 - 0:12:15 - Epoch 259: train_loss=0.65562504529953, train_AUC=0.9983861204984547, train_AP=0.9976221527277348, time=0.2985250949859619
INFO - 11/05/25 18:08:40 - 0:12:15 - Epoch 259: val_AUC=0.9490837883981286, val_AP=0.9510870350578784
INFO - 11/05/25 18:08:40 - 0:12:15 - Epoch 260: train_loss=0.6543987393379211, train_AUC=0.9985830553321906, train_AP=0.9979182825528042, time=0.2976653575897217
INFO - 11/05/25 18:08:40 - 0:12:15 - Epoch 260: val_AUC=0.9492310192365337, val_AP=0.9512274396218466
INFO - 11/05/25 18:08:41 - 0:12:16 - Epoch 261: train_loss=0.6542763710021973, train_AUC=0.99842680931428, train_AP=0.9976555857250541, time=0.29973864555358887
INFO - 11/05/25 18:08:41 - 0:12:16 - Epoch 261: val_AUC=0.9487011511292991, val_AP=0.9508300913724624
INFO - 11/05/25 18:08:41 - 0:12:16 - Epoch 262: train_loss=0.6553254127502441, train_AUC=0.9983303932634037, train_AP=0.9974197785916132, time=0.2993462085723877
INFO - 11/05/25 18:08:41 - 0:12:16 - Epoch 262: val_AUC=0.9491334762606055, val_AP=0.9511391154629651
INFO - 11/05/25 18:08:41 - 0:12:16 - Epoch 263: train_loss=0.6547136902809143, train_AUC=0.9984635662352125, train_AP=0.9977828027962236, time=0.296522855758667
INFO - 11/05/25 18:08:42 - 0:12:17 - Epoch 263: val_AUC=0.9484323479388497, val_AP=0.950619268474945
INFO - 11/05/25 18:08:42 - 0:12:17 - Epoch 264: train_loss=0.6526809334754944, train_AUC=0.9985152773896704, train_AP=0.9979109029726699, time=0.29692721366882324
INFO - 11/05/25 18:08:42 - 0:12:17 - Epoch 264: val_AUC=0.9487101112356476, val_AP=0.9508461546015805
INFO - 11/05/25 18:08:42 - 0:12:17 - Epoch 265: train_loss=0.6532720327377319, train_AUC=0.9983342962744998, train_AP=0.9975193105540238, time=0.2965536117553711
INFO - 11/05/25 18:08:42 - 0:12:17 - Epoch 265: val_AUC=0.9485321309413651, val_AP=0.9507069192579857
INFO - 11/05/25 18:08:43 - 0:12:18 - Epoch 266: train_loss=0.6517913341522217, train_AUC=0.9985262134291542, train_AP=0.9977615119931993, time=0.2961866855621338
INFO - 11/05/25 18:08:43 - 0:12:18 - Epoch 266: val_AUC=0.9482384838196771, val_AP=0.950497274953477
INFO - 11/05/25 18:08:43 - 0:12:18 - Epoch 267: train_loss=0.6521251797676086, train_AUC=0.9985003162874372, train_AP=0.9977853034135294, time=0.29657411575317383
INFO - 11/05/25 18:08:43 - 0:12:18 - Epoch 267: val_AUC=0.9483804200497856, val_AP=0.9506296758709337
INFO - 11/05/25 18:08:43 - 0:12:18 - Epoch 268: train_loss=0.6511356830596924, train_AUC=0.9984037158381754, train_AP=0.9974820468467485, time=0.2933049201965332
INFO - 11/05/25 18:08:43 - 0:12:18 - Epoch 268: val_AUC=0.9479210109606538, val_AP=0.9503510348240415
INFO - 11/05/25 18:08:44 - 0:12:19 - Epoch 269: train_loss=0.6502782702445984, train_AUC=0.9986899061830047, train_AP=0.9981683367639188, time=0.29355645179748535
INFO - 11/05/25 18:08:44 - 0:12:19 - Epoch 269: val_AUC=0.9481684320791356, val_AP=0.9505137374068499
INFO - 11/05/25 18:08:44 - 0:12:19 - Epoch 270: train_loss=0.6508066058158875, train_AUC=0.99858425999786, train_AP=0.9980001043988601, time=0.2940349578857422
INFO - 11/05/25 18:08:44 - 0:12:19 - Epoch 270: val_AUC=0.9479739570436211, val_AP=0.9503565412279754
INFO - 11/05/25 18:08:45 - 0:12:20 - Epoch 271: train_loss=0.64928138256073, train_AUC=0.9987033359156481, train_AP=0.9982634003444645, time=0.293565034866333
INFO - 11/05/25 18:08:45 - 0:12:20 - Epoch 271: val_AUC=0.9477318305334359, val_AP=0.950179664765556
INFO - 11/05/25 18:08:45 - 0:12:20 - Epoch 272: train_loss=0.6496272683143616, train_AUC=0.998605709387119, train_AP=0.9978910158215195, time=0.29400038719177246
INFO - 11/05/25 18:08:45 - 0:12:20 - Epoch 272: val_AUC=0.947944836697989, val_AP=0.950361918085229
INFO - 11/05/25 18:08:45 - 0:12:20 - Epoch 273: train_loss=0.6481661796569824, train_AUC=0.9985405049204407, train_AP=0.9976654794649071, time=0.29293131828308105
INFO - 11/05/25 18:08:45 - 0:12:20 - Epoch 273: val_AUC=0.9475478428951244, val_AP=0.9500713297795871
INFO - 11/05/25 18:08:46 - 0:12:21 - Epoch 274: train_loss=0.6486173868179321, train_AUC=0.998553242146445, train_AP=0.99780369157653, time=0.29354286193847656
INFO - 11/05/25 18:08:46 - 0:12:21 - Epoch 274: val_AUC=0.9480303649858592, val_AP=0.9503782209578062
INFO - 11/05/25 18:08:46 - 0:12:21 - Epoch 275: train_loss=0.6471129655838013, train_AUC=0.9987696663220375, train_AP=0.9982112647120714, time=0.2933356761932373
INFO - 11/05/25 18:08:46 - 0:12:21 - Epoch 275: val_AUC=0.9475422428286568, val_AP=0.9500069126998658
INFO - 11/05/25 18:08:46 - 0:12:22 - Epoch 276: train_loss=0.6466994285583496, train_AUC=0.9987452780064592, train_AP=0.9981787884646236, time=0.296863317489624
INFO - 11/05/25 18:08:47 - 0:12:22 - Epoch 276: val_AUC=0.9479542040818986, val_AP=0.950297888950007
INFO - 11/05/25 18:08:47 - 0:12:22 - Epoch 277: train_loss=0.6477711200714111, train_AUC=0.9986158208294297, train_AP=0.9977828384223657, time=0.2948281764984131
INFO - 11/05/25 18:08:47 - 0:12:22 - Epoch 277: val_AUC=0.9475919306911337, val_AP=0.9501059124194063
INFO - 11/05/25 18:08:47 - 0:12:22 - Epoch 278: train_loss=0.6473996639251709, train_AUC=0.9986329341267621, train_AP=0.9979496936294565, time=0.29344606399536133
INFO - 11/05/25 18:08:47 - 0:12:22 - Epoch 278: val_AUC=0.9475658649272113, val_AP=0.9500936210327134
INFO - 11/05/25 18:08:48 - 0:12:23 - Epoch 279: train_loss=0.647352933883667, train_AUC=0.9984216170995729, train_AP=0.9976022128773981, time=0.2950448989868164
INFO - 11/05/25 18:08:48 - 0:12:23 - Epoch 279: val_AUC=0.9473127419228714, val_AP=0.9498887627765501
INFO - 11/05/25 18:08:48 - 0:12:23 - Epoch 280: train_loss=0.6465028524398804, train_AUC=0.998623928722522, train_AP=0.9978779075183335, time=0.29570722579956055
INFO - 11/05/25 18:08:48 - 0:12:23 - Epoch 280: val_AUC=0.9469823380012772, val_AP=0.949727506990931
INFO - 11/05/25 18:08:48 - 0:12:23 - Epoch 281: train_loss=0.6465234756469727, train_AUC=0.9985337276193267, train_AP=0.997628349656847, time=0.3013033866882324
INFO - 11/05/25 18:08:49 - 0:12:24 - Epoch 281: val_AUC=0.947209497061085, val_AP=0.9501093785906067
INFO - 11/05/25 18:08:49 - 0:12:24 - Epoch 282: train_loss=0.64493727684021, train_AUC=0.9986167311973895, train_AP=0.9980250917672094, time=0.29396557807922363
INFO - 11/05/25 18:08:49 - 0:12:24 - Epoch 282: val_AUC=0.9466044862437932, val_AP=0.9498078300253867
INFO - 11/05/25 18:08:49 - 0:12:24 - Epoch 283: train_loss=0.6441774964332581, train_AUC=0.9986717587048521, train_AP=0.9980243228670915, time=0.29326605796813965
INFO - 11/05/25 18:08:49 - 0:12:24 - Epoch 283: val_AUC=0.9471200996363824, val_AP=0.9501558857266512
INFO - 11/05/25 18:08:50 - 0:12:25 - Epoch 284: train_loss=0.6450673341751099, train_AUC=0.998679692062319, train_AP=0.9978885155745737, time=0.2959864139556885
INFO - 11/05/25 18:08:50 - 0:12:25 - Epoch 284: val_AUC=0.9463766144482529, val_AP=0.9496208412561138
INFO - 11/05/25 18:08:50 - 0:12:25 - Epoch 285: train_loss=0.6442074775695801, train_AUC=0.9984901613433106, train_AP=0.9976060368470175, time=0.2935144901275635
INFO - 11/05/25 18:08:50 - 0:12:25 - Epoch 285: val_AUC=0.9469598359160161, val_AP=0.9500499317059603
INFO - 11/05/25 18:08:50 - 0:12:25 - Epoch 286: train_loss=0.6432849168777466, train_AUC=0.998671432353173, train_AP=0.9979337898068753, time=0.30487871170043945
INFO - 11/05/25 18:08:51 - 0:12:26 - Epoch 286: val_AUC=0.9463083954567374, val_AP=0.94957952072595
INFO - 11/05/25 18:08:51 - 0:12:26 - Epoch 287: train_loss=0.6435260772705078, train_AUC=0.9986991604458108, train_AP=0.9980417981811839, time=0.29311037063598633
INFO - 11/05/25 18:08:51 - 0:12:26 - Epoch 287: val_AUC=0.9466093735745283, val_AP=0.9497756826137682
INFO - 11/05/25 18:08:51 - 0:12:26 - Epoch 288: train_loss=0.6419025659561157, train_AUC=0.9986401624730192, train_AP=0.9978439034947169, time=0.29344987869262695
INFO - 11/05/25 18:08:51 - 0:12:26 - Epoch 288: val_AUC=0.9461815284963965, val_AP=0.9494679508813172
INFO - 11/05/25 18:08:52 - 0:12:27 - Epoch 289: train_loss=0.6418017148971558, train_AUC=0.9987018704152044, train_AP=0.9980527971800602, time=0.2944331169128418
INFO - 11/05/25 18:08:52 - 0:12:27 - Epoch 289: val_AUC=0.9463635815662917, val_AP=0.9495899960920096
INFO - 11/05/25 18:08:52 - 0:12:27 - Epoch 290: train_loss=0.6414597034454346, train_AUC=0.9988585262660118, train_AP=0.9981952068046341, time=0.2969539165496826
INFO - 11/05/25 18:08:52 - 0:12:27 - Epoch 290: val_AUC=0.9460544578972747, val_AP=0.9493915491029169
INFO - 11/05/25 18:08:52 - 0:12:27 - Epoch 291: train_loss=0.6404197812080383, train_AUC=0.998692703860513, train_AP=0.9980393103599832, time=0.2939906120300293
INFO - 11/05/25 18:08:52 - 0:12:27 - Epoch 291: val_AUC=0.9459487693701207, val_AP=0.9492789433893958
INFO - 11/05/25 18:08:53 - 0:12:28 - Epoch 292: train_loss=0.640379011631012, train_AUC=0.9987687073447612, train_AP=0.998271492278125, time=0.30214691162109375
INFO - 11/05/25 18:08:53 - 0:12:28 - Epoch 292: val_AUC=0.9459881734741753, val_AP=0.9492781541754238
INFO - 11/05/25 18:08:53 - 0:12:28 - Epoch 293: train_loss=0.639617919921875, train_AUC=0.9986249438823054, train_AP=0.9980554809882245, time=0.2942361831665039
INFO - 11/05/25 18:08:53 - 0:12:28 - Epoch 293: val_AUC=0.9455706121544658, val_AP=0.9490116017989577
INFO - 11/05/25 18:08:54 - 0:12:29 - Epoch 294: train_loss=0.6399610042572021, train_AUC=0.9986998976871108, train_AP=0.9978655560304792, time=0.2941420078277588
INFO - 11/05/25 18:08:54 - 0:12:29 - Epoch 294: val_AUC=0.9459659768470854, val_AP=0.949243389578079
INFO - 11/05/25 18:08:54 - 0:12:29 - Epoch 295: train_loss=0.6391441822052002, train_AUC=0.9987915870103214, train_AP=0.9981093703427205, time=0.2947561740875244
INFO - 11/05/25 18:08:54 - 0:12:29 - Epoch 295: val_AUC=0.944963768588148, val_AP=0.9485063374052748
INFO - 11/05/25 18:08:54 - 0:12:29 - Epoch 296: train_loss=0.6394120454788208, train_AUC=0.9987895630311004, train_AP=0.9981944007856857, time=0.29953622817993164
INFO - 11/05/25 18:08:54 - 0:12:29 - Epoch 296: val_AUC=0.9459844061567335, val_AP=0.9492209939541842
INFO - 11/05/25 18:08:55 - 0:12:30 - Epoch 297: train_loss=0.6404171586036682, train_AUC=0.9987185321390317, train_AP=0.9979665837059094, time=0.301114559173584
INFO - 11/05/25 18:08:55 - 0:12:30 - Epoch 297: val_AUC=0.9450213983630699, val_AP=0.9485529325500641
INFO - 11/05/25 18:08:55 - 0:12:30 - Epoch 298: train_loss=0.6384795904159546, train_AUC=0.998833232337733, train_AP=0.9982646426514996, time=0.2934737205505371
INFO - 11/05/25 18:08:55 - 0:12:30 - Epoch 298: val_AUC=0.9454547416882795, val_AP=0.9488685964301082
INFO - 11/05/25 18:08:56 - 0:12:31 - Epoch 299: train_loss=0.6386786699295044, train_AUC=0.9985943823596548, train_AP=0.9977615696939304, time=0.29572343826293945
INFO - 11/05/25 18:08:56 - 0:12:31 - Epoch 299: val_AUC=0.9451967313532041, val_AP=0.9486492783961936
INFO - 11/05/25 18:08:56 - 0:12:31 - Epoch 300: train_loss=0.6374878883361816, train_AUC=0.9987390082852368, train_AP=0.9981635055310614, time=0.29482007026672363
INFO - 11/05/25 18:08:56 - 0:12:31 - Epoch 300: val_AUC=0.9448955495966322, val_AP=0.9484493177013064
INFO - 11/05/25 18:08:56 - 0:12:31 - best_epoch=188
INFO - 11/05/25 18:08:56 - 0:12:31 - test_auc= 95.40%, test_ap= 95.59%
INFO - 11/05/25 18:08:56 - 0:12:31 - 
                                     train iters 2
INFO - 11/05/25 18:08:56 - 0:12:31 - --------------------------Training Start-------------------------
INFO - 11/05/25 18:08:58 - 0:12:33 - Epoch 0: train_loss=6.032421112060547, train_AUC=0.9955541794101509, train_AP=0.9951318839563589, time=2.1356263160705566
INFO - 11/05/25 18:08:58 - 0:12:33 - Epoch 0: val_AUC=0.7669769578646926, val_AP=0.8145771043253958
INFO - 11/05/25 18:08:59 - 0:12:34 - Epoch 1: train_loss=2.546719551086426, train_AUC=0.899756243369337, train_AP=0.9302627782940135, time=0.29386425018310547
INFO - 11/05/25 18:08:59 - 0:12:34 - Epoch 1: val_AUC=0.6179941132101292, val_AP=0.6900350619143568
INFO - 11/05/25 18:08:59 - 0:12:34 - Epoch 2: train_loss=4.792755603790283, train_AUC=0.6519610252952063, train_AP=0.7412379884070224, time=0.2958192825317383
INFO - 11/05/25 18:08:59 - 0:12:34 - Epoch 2: val_AUC=0.5942298747865866, val_AP=0.6605192459967831
INFO - 11/05/25 18:08:59 - 0:12:34 - Epoch 3: train_loss=5.734822750091553, train_AUC=0.5903585235861589, train_AP=0.6791474692892017, time=0.2958242893218994
INFO - 11/05/25 18:08:59 - 0:12:34 - Epoch 3: val_AUC=0.592089733021413, val_AP=0.6609336994262315
INFO - 11/05/25 18:09:00 - 0:12:35 - Epoch 4: train_loss=5.4901862144470215, train_AUC=0.587559253418272, train_AP=0.6745583332630225, time=0.2945981025695801
INFO - 11/05/25 18:09:00 - 0:12:35 - Epoch 4: val_AUC=0.6575189750615803, val_AP=0.7083062366579839
INFO - 11/05/25 18:09:00 - 0:12:35 - Epoch 5: train_loss=3.9489736557006836, train_AUC=0.672303688556091, train_AP=0.7372713023597707, time=0.2951691150665283
INFO - 11/05/25 18:09:00 - 0:12:35 - Epoch 5: val_AUC=0.7317276958516336, val_AP=0.7613865737492149
INFO - 11/05/25 18:09:00 - 0:12:35 - Epoch 6: train_loss=3.1421940326690674, train_AUC=0.7581630375439424, train_AP=0.8013778370720703, time=0.30114006996154785
INFO - 11/05/25 18:09:01 - 0:12:36 - Epoch 6: val_AUC=0.8021270477915782, val_AP=0.8101105505080983
INFO - 11/05/25 18:09:01 - 0:12:36 - Epoch 7: train_loss=2.7589216232299805, train_AUC=0.8408175050808149, train_AP=0.8601566728455862, time=0.30339908599853516
INFO - 11/05/25 18:09:01 - 0:12:36 - Epoch 7: val_AUC=0.8466727255991867, val_AP=0.8431121260267577
INFO - 11/05/25 18:09:01 - 0:12:36 - Epoch 8: train_loss=2.3031504154205322, train_AUC=0.8909084956979374, train_AP=0.8961811574206898, time=0.2937960624694824
INFO - 11/05/25 18:09:01 - 0:12:36 - Epoch 8: val_AUC=0.8685422069882314, val_AP=0.8597227987171968
INFO - 11/05/25 18:09:02 - 0:12:37 - Epoch 9: train_loss=2.087526559829712, train_AUC=0.9167845814793082, train_AP=0.9176165687786986, time=0.2988746166229248
INFO - 11/05/25 18:09:02 - 0:12:37 - Epoch 9: val_AUC=0.882739393677749, val_AP=0.8708389237720168
INFO - 11/05/25 18:09:02 - 0:12:37 - Epoch 10: train_loss=1.8858444690704346, train_AUC=0.929772752023131, train_AP=0.9269385860858164, time=0.29656028747558594
INFO - 11/05/25 18:09:02 - 0:12:37 - Epoch 10: val_AUC=0.8816295623232415, val_AP=0.8723290568186135
INFO - 11/05/25 18:09:02 - 0:12:38 - Epoch 11: train_loss=1.8604462146759033, train_AUC=0.9268494867098521, train_AP=0.9271783071307319, time=0.2989537715911865
INFO - 11/05/25 18:09:03 - 0:12:38 - Epoch 11: val_AUC=0.8784060622450443, val_AP=0.8719031205183738
INFO - 11/05/25 18:09:03 - 0:12:38 - Epoch 12: train_loss=1.793018102645874, train_AUC=0.9219069222312706, train_AP=0.924938681649768, time=0.2960648536682129
INFO - 11/05/25 18:09:03 - 0:12:38 - Epoch 12: val_AUC=0.8805538404644921, val_AP=0.8747009135175051
INFO - 11/05/25 18:09:03 - 0:12:38 - Epoch 13: train_loss=1.750298261642456, train_AUC=0.9202719529789598, train_AP=0.9224092831205064, time=0.3037683963775635
INFO - 11/05/25 18:09:03 - 0:12:38 - Epoch 13: val_AUC=0.8798962908417938, val_AP=0.8750394648745596
INFO - 11/05/25 18:09:04 - 0:12:39 - Epoch 14: train_loss=1.851754903793335, train_AUC=0.9140570523222002, train_AP=0.9184145778081899, time=0.293809175491333
INFO - 11/05/25 18:09:04 - 0:12:39 - Epoch 14: val_AUC=0.8850595521250115, val_AP=0.8778154433987698
INFO - 11/05/25 18:09:04 - 0:12:39 - Epoch 15: train_loss=1.8137211799621582, train_AUC=0.9181542812377923, train_AP=0.9198465894008865, time=0.2992374897003174
INFO - 11/05/25 18:09:04 - 0:12:39 - Epoch 15: val_AUC=0.8876425064186945, val_AP=0.8793651812093984
INFO - 11/05/25 18:09:05 - 0:12:40 - Epoch 16: train_loss=1.7674778699874878, train_AUC=0.923795091601143, train_AP=0.9237143972195327, time=0.3029615879058838
INFO - 11/05/25 18:09:05 - 0:12:40 - Epoch 16: val_AUC=0.8877376057292549, val_AP=0.8803122965781821
INFO - 11/05/25 18:09:05 - 0:12:40 - Epoch 17: train_loss=1.819490671157837, train_AUC=0.9240408756277688, train_AP=0.9230593297727544, time=0.3027608394622803
INFO - 11/05/25 18:09:05 - 0:12:40 - Epoch 17: val_AUC=0.8910892964198673, val_AP=0.8835303716263943
INFO - 11/05/25 18:09:05 - 0:12:40 - Epoch 18: train_loss=1.7375102043151855, train_AUC=0.9276511492676743, train_AP=0.9258075642229837, time=0.2993326187133789
INFO - 11/05/25 18:09:05 - 0:12:40 - Epoch 18: val_AUC=0.8957756356788176, val_AP=0.8877262459802149
INFO - 11/05/25 18:09:06 - 0:12:41 - Epoch 19: train_loss=1.6388691663742065, train_AUC=0.9329487132203735, train_AP=0.9289359857358697, time=0.30097413063049316
INFO - 11/05/25 18:09:06 - 0:12:41 - Epoch 19: val_AUC=0.9012622753456971, val_AP=0.8920859055982672
INFO - 11/05/25 18:09:06 - 0:12:41 - Epoch 20: train_loss=1.5086407661437988, train_AUC=0.9389626314371965, train_AP=0.9338920166140117, time=0.3002145290374756
INFO - 11/05/25 18:09:06 - 0:12:41 - Epoch 20: val_AUC=0.907037267525968, val_AP=0.8973287586519091
INFO - 11/05/25 18:09:07 - 0:12:42 - Epoch 21: train_loss=1.4066765308380127, train_AUC=0.9444811053600201, train_AP=0.9388407877136651, time=0.3021254539489746
INFO - 11/05/25 18:09:07 - 0:12:42 - Epoch 21: val_AUC=0.9101295224100406, val_AP=0.8999186229163473
INFO - 11/05/25 18:09:07 - 0:12:42 - Epoch 22: train_loss=1.3678503036499023, train_AUC=0.9461820881775593, train_AP=0.9397456528838024, time=0.3030405044555664
INFO - 11/05/25 18:09:07 - 0:12:42 - Epoch 22: val_AUC=0.9131340089796557, val_AP=0.9022132826226261
INFO - 11/05/25 18:09:07 - 0:12:42 - Epoch 23: train_loss=1.34371018409729, train_AUC=0.9473505902765971, train_AP=0.9413360170465175, time=0.3020288944244385
INFO - 11/05/25 18:09:07 - 0:12:42 - Epoch 23: val_AUC=0.9135575776433943, val_AP=0.9035405083583077
INFO - 11/05/25 18:09:08 - 0:12:43 - Epoch 24: train_loss=1.3332607746124268, train_AUC=0.9478126362716396, train_AP=0.9420486340017598, time=0.3001229763031006
INFO - 11/05/25 18:09:08 - 0:12:43 - Epoch 24: val_AUC=0.9158682668873567, val_AP=0.9054614735752351
INFO - 11/05/25 18:09:08 - 0:12:43 - Epoch 25: train_loss=1.271050214767456, train_AUC=0.9503078585112366, train_AP=0.943258203072455, time=0.30101847648620605
INFO - 11/05/25 18:09:08 - 0:12:43 - Epoch 25: val_AUC=0.9195681798928698, val_AP=0.9082345757757334
INFO - 11/05/25 18:09:09 - 0:12:44 - Epoch 26: train_loss=1.188474178314209, train_AUC=0.9547004078693618, train_AP=0.9458317631927339, time=0.30083560943603516
INFO - 11/05/25 18:09:09 - 0:12:44 - Epoch 26: val_AUC=0.9208285003062727, val_AP=0.9097818196786499
INFO - 11/05/25 18:09:09 - 0:12:44 - Epoch 27: train_loss=1.1763042211532593, train_AUC=0.9554739217582864, train_AP=0.9463573052904743, time=0.2969944477081299
INFO - 11/05/25 18:09:09 - 0:12:44 - Epoch 27: val_AUC=0.9222965322759321, val_AP=0.9111731758671703
INFO - 11/05/25 18:09:09 - 0:12:44 - Epoch 28: train_loss=1.1539835929870605, train_AUC=0.9578668254374689, train_AP=0.9489412378706661, time=0.3013484477996826
INFO - 11/05/25 18:09:10 - 0:12:45 - Epoch 28: val_AUC=0.9237294365559308, val_AP=0.912602726874973
INFO - 11/05/25 18:09:10 - 0:12:45 - Epoch 29: train_loss=1.1416146755218506, train_AUC=0.9594033481432159, train_AP=0.9509130270166636, time=0.30309319496154785
INFO - 11/05/25 18:09:10 - 0:12:45 - Epoch 29: val_AUC=0.9250161281914269, val_AP=0.9139058797633517
INFO - 11/05/25 18:09:10 - 0:12:45 - Epoch 30: train_loss=1.1324520111083984, train_AUC=0.9603969285601753, train_AP=0.9514165688079143, time=0.30057406425476074
INFO - 11/05/25 18:09:10 - 0:12:45 - Epoch 30: val_AUC=0.9261842002371985, val_AP=0.915185718315246
INFO - 11/05/25 18:09:11 - 0:12:46 - Epoch 31: train_loss=1.1254781484603882, train_AUC=0.9609570088031951, train_AP=0.9516282686175563, time=0.3017101287841797
INFO - 11/05/25 18:09:11 - 0:12:46 - Epoch 31: val_AUC=0.9269914243636695, val_AP=0.9163244448666342
INFO - 11/05/25 18:09:11 - 0:12:46 - Epoch 32: train_loss=1.1248518228530884, train_AUC=0.9615256758115227, train_AP=0.9525682905138678, time=0.3025519847869873
INFO - 11/05/25 18:09:11 - 0:12:46 - Epoch 32: val_AUC=0.9283798335700973, val_AP=0.9177866473861156
INFO - 11/05/25 18:09:11 - 0:12:46 - Epoch 33: train_loss=1.1123077869415283, train_AUC=0.9630654711923381, train_AP=0.9543322930711117, time=0.2992069721221924
INFO - 11/05/25 18:09:12 - 0:12:47 - Epoch 33: val_AUC=0.9296845472376806, val_AP=0.9191639456247382
INFO - 11/05/25 18:09:12 - 0:12:47 - Epoch 34: train_loss=1.1012327671051025, train_AUC=0.9639882468562228, train_AP=0.9550654060458462, time=0.3013796806335449
INFO - 11/05/25 18:09:12 - 0:12:47 - Epoch 34: val_AUC=0.93066527160526, val_AP=0.9203758686755992
INFO - 11/05/25 18:09:12 - 0:12:47 - Epoch 35: train_loss=1.095137357711792, train_AUC=0.9652367657021703, train_AP=0.9568943402677434, time=0.30134081840515137
INFO - 11/05/25 18:09:12 - 0:12:47 - Epoch 35: val_AUC=0.9322465267369573, val_AP=0.9220297714342996
INFO - 11/05/25 18:09:13 - 0:12:48 - Epoch 36: train_loss=1.0798239707946777, train_AUC=0.9668850008948622, train_AP=0.9585763002571357, time=0.30398035049438477
INFO - 11/05/25 18:09:13 - 0:12:48 - Epoch 36: val_AUC=0.9336251612819142, val_AP=0.9235511725073533
INFO - 11/05/25 18:09:13 - 0:12:48 - Epoch 37: train_loss=1.068751335144043, train_AUC=0.9675980189043406, train_AP=0.9590124126860813, time=0.30556797981262207
INFO - 11/05/25 18:09:13 - 0:12:48 - Epoch 37: val_AUC=0.9349046237406978, val_AP=0.9249540881396543
INFO - 11/05/25 18:09:14 - 0:12:49 - Epoch 38: train_loss=1.0572823286056519, train_AUC=0.9697337440752006, train_AP=0.9620905656452073, time=0.30591464042663574
INFO - 11/05/25 18:09:14 - 0:12:49 - Epoch 38: val_AUC=0.9360492773266953, val_AP=0.926246129665865
INFO - 11/05/25 18:09:14 - 0:12:49 - Epoch 39: train_loss=1.0540869235992432, train_AUC=0.9698527491924627, train_AP=0.9618967283427946, time=0.3057420253753662
INFO - 11/05/25 18:09:14 - 0:12:49 - Epoch 39: val_AUC=0.9371947454678154, val_AP=0.9275040570120918
INFO - 11/05/25 18:09:14 - 0:12:49 - Epoch 40: train_loss=1.0474045276641846, train_AUC=0.9709144368976735, train_AP=0.9629861662175982, time=0.3054239749908447
INFO - 11/05/25 18:09:14 - 0:12:49 - Epoch 40: val_AUC=0.9383155733164776, val_AP=0.9287630909612321
INFO - 11/05/25 18:09:15 - 0:12:50 - Epoch 41: train_loss=1.0400081872940063, train_AUC=0.9718155622185669, train_AP=0.9643947785669682, time=0.3051447868347168
INFO - 11/05/25 18:09:15 - 0:12:50 - Epoch 41: val_AUC=0.9392574026769539, val_AP=0.9298265245425806
INFO - 11/05/25 18:09:15 - 0:12:50 - Epoch 42: train_loss=1.0329499244689941, train_AUC=0.9727896071500433, train_AP=0.9651072651032393, time=0.3026149272918701
INFO - 11/05/25 18:09:15 - 0:12:50 - Epoch 42: val_AUC=0.940294331347991, val_AP=0.9310025936660593
INFO - 11/05/25 18:09:16 - 0:12:51 - Epoch 43: train_loss=1.0257644653320312, train_AUC=0.9735885586817473, train_AP=0.9660327479986752, time=0.3064451217651367
INFO - 11/05/25 18:09:16 - 0:12:51 - Epoch 43: val_AUC=0.9412785175748414, val_AP=0.9321571022095523
INFO - 11/05/25 18:09:16 - 0:12:51 - Epoch 44: train_loss=1.0177868604660034, train_AUC=0.9741307794039784, train_AP=0.9666583393301592, time=0.30707597732543945
INFO - 11/05/25 18:09:16 - 0:12:51 - Epoch 44: val_AUC=0.9423142244131946, val_AP=0.9333600416068423
INFO - 11/05/25 18:09:16 - 0:12:51 - Epoch 45: train_loss=1.0107327699661255, train_AUC=0.9751725814957313, train_AP=0.9681259188545065, time=0.3052060604095459
INFO - 11/05/25 18:09:17 - 0:12:52 - Epoch 45: val_AUC=0.9432564610512323, val_AP=0.934501805917953
INFO - 11/05/25 18:09:17 - 0:12:52 - Epoch 46: train_loss=1.002039909362793, train_AUC=0.9764248499516347, train_AP=0.970043883770596, time=0.307253360748291
INFO - 11/05/25 18:09:17 - 0:12:52 - Epoch 46: val_AUC=0.9441023765460256, val_AP=0.935505423823594
INFO - 11/05/25 18:09:17 - 0:12:52 - Epoch 47: train_loss=0.9961777925491333, train_AUC=0.9772884562772752, train_AP=0.9709227530167349, time=0.3050720691680908
INFO - 11/05/25 18:09:17 - 0:12:52 - Epoch 47: val_AUC=0.9448635783080713, val_AP=0.9363903515394577
INFO - 11/05/25 18:09:18 - 0:12:53 - Epoch 48: train_loss=0.9910674095153809, train_AUC=0.9774913383552102, train_AP=0.9707875992249309, time=0.3057694435119629
INFO - 11/05/25 18:09:18 - 0:12:53 - Epoch 48: val_AUC=0.9456019725266848, val_AP=0.9372557459913927
INFO - 11/05/25 18:09:18 - 0:12:53 - Epoch 49: train_loss=0.9833840131759644, train_AUC=0.9788642498509963, train_AP=0.9731753832502206, time=0.3083305358886719
INFO - 11/05/25 18:09:18 - 0:12:53 - Epoch 49: val_AUC=0.9462212380586219, val_AP=0.9379093832702781
INFO - 11/05/25 18:09:19 - 0:12:54 - Epoch 50: train_loss=0.9812421798706055, train_AUC=0.9784338175237368, train_AP=0.9723453282603687, time=0.30782127380371094
INFO - 11/05/25 18:09:19 - 0:12:54 - Epoch 50: val_AUC=0.9468739003505846, val_AP=0.9386086551978758
INFO - 11/05/25 18:09:19 - 0:12:54 - Epoch 51: train_loss=0.9746878743171692, train_AUC=0.9791199515871497, train_AP=0.9733694335084677, time=0.3012368679046631
INFO - 11/05/25 18:09:19 - 0:12:54 - Epoch 51: val_AUC=0.9475237116996181, val_AP=0.9392898199534611
INFO - 11/05/25 18:09:19 - 0:12:54 - Epoch 52: train_loss=0.9693842530250549, train_AUC=0.9800157681014247, train_AP=0.9743096013256436, time=0.3069796562194824
INFO - 11/05/25 18:09:19 - 0:12:54 - Epoch 52: val_AUC=0.9481731157710904, val_AP=0.9400102333713626
INFO - 11/05/25 18:09:20 - 0:12:55 - Epoch 53: train_loss=0.9642388820648193, train_AUC=0.9798983177778073, train_AP=0.9739599375989061, time=0.3030722141265869
INFO - 11/05/25 18:09:20 - 0:12:55 - Epoch 53: val_AUC=0.9488198725384143, val_AP=0.9406932583415618
INFO - 11/05/25 18:09:20 - 0:12:55 - Epoch 54: train_loss=0.9612603187561035, train_AUC=0.9802678554883288, train_AP=0.9744001520697414, time=0.3063833713531494
INFO - 11/05/25 18:09:20 - 0:12:55 - Epoch 54: val_AUC=0.9494096104471583, val_AP=0.9413007867274801
INFO - 11/05/25 18:09:21 - 0:12:56 - Epoch 55: train_loss=0.9566655158996582, train_AUC=0.9807598358401668, train_AP=0.9753367578110158, time=0.307314395904541
INFO - 11/05/25 18:09:21 - 0:12:56 - Epoch 55: val_AUC=0.9499747080634441, val_AP=0.9418898728264978
INFO - 11/05/25 18:09:21 - 0:12:56 - Epoch 56: train_loss=0.9526073932647705, train_AUC=0.9810857657101845, train_AP=0.9756126532462733, time=0.30707478523254395
INFO - 11/05/25 18:09:21 - 0:12:56 - Epoch 56: val_AUC=0.9504742339923627, val_AP=0.942421880210534
INFO - 11/05/25 18:09:21 - 0:12:56 - Epoch 57: train_loss=0.9467999339103699, train_AUC=0.9819745650469359, train_AP=0.9768977196988682, time=0.3052060604095459
INFO - 11/05/25 18:09:21 - 0:12:57 - Epoch 57: val_AUC=0.9509953456320296, val_AP=0.9430142569522515
INFO - 11/05/25 18:09:22 - 0:12:57 - Epoch 58: train_loss=0.9435372352600098, train_AUC=0.9820690270385138, train_AP=0.9766673227089727, time=0.30991506576538086
INFO - 11/05/25 18:09:22 - 0:12:57 - Epoch 58: val_AUC=0.9513712628210976, val_AP=0.9434289379320113
INFO - 11/05/25 18:09:22 - 0:12:57 - Epoch 59: train_loss=0.9403567314147949, train_AUC=0.9822299043266643, train_AP=0.976852555355158, time=0.3074777126312256
INFO - 11/05/25 18:09:22 - 0:12:57 - Epoch 59: val_AUC=0.9517505400500463, val_AP=0.9438557869544705
INFO - 11/05/25 18:09:23 - 0:12:58 - Epoch 60: train_loss=0.9364323616027832, train_AUC=0.9824385134979083, train_AP=0.9773383080794598, time=0.30675673484802246
INFO - 11/05/25 18:09:23 - 0:12:58 - Epoch 60: val_AUC=0.9520487690442988, val_AP=0.9442088894044156
INFO - 11/05/25 18:09:23 - 0:12:58 - Epoch 61: train_loss=0.9346000552177429, train_AUC=0.9826746026077069, train_AP=0.977384396735755, time=0.30597782135009766
INFO - 11/05/25 18:09:23 - 0:12:58 - Epoch 61: val_AUC=0.9523544308540448, val_AP=0.9445808423820533
INFO - 11/05/25 18:09:23 - 0:12:58 - Epoch 62: train_loss=0.928200364112854, train_AUC=0.9835008019508675, train_AP=0.9784574760872986, time=0.30583858489990234
INFO - 11/05/25 18:09:24 - 0:12:59 - Epoch 62: val_AUC=0.9526615181352553, val_AP=0.9449560811640072
INFO - 11/05/25 18:09:24 - 0:12:59 - Epoch 63: train_loss=0.9268754720687866, train_AUC=0.9835607550262794, train_AP=0.9786067839206228, time=0.305340051651001
INFO - 11/05/25 18:09:24 - 0:12:59 - Epoch 63: val_AUC=0.9529468160669369, val_AP=0.945345066485965
INFO - 11/05/25 18:09:24 - 0:12:59 - Epoch 64: train_loss=0.9226371049880981, train_AUC=0.9836660738030207, train_AP=0.9786930175269832, time=0.30844926834106445
INFO - 11/05/25 18:09:24 - 0:12:59 - Epoch 64: val_AUC=0.9532673435076698, val_AP=0.9457049396327278
INFO - 11/05/25 18:09:25 - 0:13:00 - Epoch 65: train_loss=0.9190531373023987, train_AUC=0.9840989695306772, train_AP=0.9791932114157075, time=0.3144509792327881
INFO - 11/05/25 18:09:25 - 0:13:00 - Epoch 65: val_AUC=0.9535575287700869, val_AP=0.9460383415517328
INFO - 11/05/25 18:09:25 - 0:13:00 - Epoch 66: train_loss=0.9149383306503296, train_AUC=0.9845884607684943, train_AP=0.9798213342839401, time=0.3090088367462158
INFO - 11/05/25 18:09:25 - 0:13:00 - Epoch 66: val_AUC=0.9538941436744908, val_AP=0.9464172078673553
INFO - 11/05/25 18:09:26 - 0:13:01 - Epoch 67: train_loss=0.9123926758766174, train_AUC=0.9847577136532192, train_AP=0.9799750726049246, time=0.30536532402038574
INFO - 11/05/25 18:09:26 - 0:13:01 - Epoch 67: val_AUC=0.9542527515672041, val_AP=0.9468366003532974
INFO - 11/05/25 18:09:26 - 0:13:01 - Epoch 68: train_loss=0.9096203446388245, train_AUC=0.9847199445665553, train_AP=0.9801120161783962, time=0.3068265914916992
INFO - 11/05/25 18:09:26 - 0:13:01 - Epoch 68: val_AUC=0.9546482180792139, val_AP=0.9472737189783297
INFO - 11/05/25 18:09:26 - 0:13:01 - Epoch 69: train_loss=0.9069253206253052, train_AUC=0.9847872408189288, train_AP=0.9797643957554543, time=0.307387113571167
INFO - 11/05/25 18:09:27 - 0:13:02 - Epoch 69: val_AUC=0.9550860414575976, val_AP=0.9477762515037563
INFO - 11/05/25 18:09:27 - 0:13:02 - Epoch 70: train_loss=0.9008982181549072, train_AUC=0.9858583002594605, train_AP=0.9813984849800448, time=0.3052818775177002
INFO - 11/05/25 18:09:27 - 0:13:02 - Epoch 70: val_AUC=0.9555327231229391, val_AP=0.948268651654113
INFO - 11/05/25 18:09:27 - 0:13:02 - Epoch 71: train_loss=0.9003772735595703, train_AUC=0.9854234388485387, train_AP=0.9807799328782727, time=0.3075692653656006
INFO - 11/05/25 18:09:27 - 0:13:02 - Epoch 71: val_AUC=0.9559698337655906, val_AP=0.9487606210091991
INFO - 11/05/25 18:09:28 - 0:13:03 - Epoch 72: train_loss=0.8968926668167114, train_AUC=0.9860165079098602, train_AP=0.981583226180893, time=0.3079211711883545
INFO - 11/05/25 18:09:28 - 0:13:03 - Epoch 72: val_AUC=0.9563830168515163, val_AP=0.9492052627846622
INFO - 11/05/25 18:09:28 - 0:13:03 - Epoch 73: train_loss=0.8935796022415161, train_AUC=0.9859638825127869, train_AP=0.9814570955403001, time=0.3068656921386719
INFO - 11/05/25 18:09:28 - 0:13:03 - Epoch 73: val_AUC=0.9567847961657261, val_AP=0.9496384070594154
INFO - 11/05/25 18:09:29 - 0:13:04 - Epoch 74: train_loss=0.890828013420105, train_AUC=0.9861161242501921, train_AP=0.9814000495183092, time=0.30628466606140137
INFO - 11/05/25 18:09:29 - 0:13:04 - Epoch 74: val_AUC=0.9571495132218587, val_AP=0.9500599035905761
INFO - 11/05/25 18:09:29 - 0:13:04 - Epoch 75: train_loss=0.8869243860244751, train_AUC=0.9865572027222435, train_AP=0.9823685798240251, time=0.30571746826171875
INFO - 11/05/25 18:09:29 - 0:13:04 - Epoch 75: val_AUC=0.9574682079135659, val_AP=0.950419579565871
INFO - 11/05/25 18:09:29 - 0:13:04 - Epoch 76: train_loss=0.8839565515518188, train_AUC=0.9869114621371298, train_AP=0.9829130974572629, time=0.3469691276550293
INFO - 11/05/25 18:09:29 - 0:13:05 - Epoch 76: val_AUC=0.9577754988335571, val_AP=0.9507926105969084
INFO - 11/05/25 18:09:30 - 0:13:05 - Epoch 77: train_loss=0.8808103799819946, train_AUC=0.9871901726353253, train_AP=0.9831354809216035, time=0.37368011474609375
INFO - 11/05/25 18:09:30 - 0:13:05 - Epoch 77: val_AUC=0.9580952117191674, val_AP=0.9511704742318965
INFO - 11/05/25 18:09:30 - 0:13:05 - Epoch 78: train_loss=0.8784310221672058, train_AUC=0.986881040102083, train_AP=0.9823604849734153, time=0.3122689723968506
INFO - 11/05/25 18:09:30 - 0:13:05 - Epoch 78: val_AUC=0.958365236742301, val_AP=0.9514916952090937
INFO - 11/05/25 18:09:31 - 0:13:06 - Epoch 79: train_loss=0.8758249878883362, train_AUC=0.9874238675601666, train_AP=0.9832153943263805, time=0.3208320140838623
INFO - 11/05/25 18:09:31 - 0:13:06 - Epoch 79: val_AUC=0.9586191743017634, val_AP=0.9518038032158354
INFO - 11/05/25 18:09:31 - 0:13:06 - Epoch 80: train_loss=0.8730874061584473, train_AUC=0.9873912191832008, train_AP=0.9829838007189899, time=0.3097188472747803
INFO - 11/05/25 18:09:31 - 0:13:06 - Epoch 80: val_AUC=0.9588857374656257, val_AP=0.9521349127469978
INFO - 11/05/25 18:09:32 - 0:13:07 - Epoch 81: train_loss=0.8696981072425842, train_AUC=0.9878344345278495, train_AP=0.9838224237907945, time=0.30617547035217285
INFO - 11/05/25 18:09:32 - 0:13:07 - Epoch 81: val_AUC=0.9591496533253399, val_AP=0.9524792616758094
INFO - 11/05/25 18:09:32 - 0:13:07 - Epoch 82: train_loss=0.8656296730041504, train_AUC=0.9881801212670849, train_AP=0.984214617058496, time=0.31613874435424805
INFO - 11/05/25 18:09:32 - 0:13:07 - Epoch 82: val_AUC=0.959418049238228, val_AP=0.952873554819617
INFO - 11/05/25 18:09:32 - 0:13:07 - Epoch 83: train_loss=0.8628654479980469, train_AUC=0.9886491340691276, train_AP=0.9850311743706636, time=0.32199859619140625
INFO - 11/05/25 18:09:33 - 0:13:08 - Epoch 83: val_AUC=0.9596721904364711, val_AP=0.9532341880403371
INFO - 11/05/25 18:09:33 - 0:13:08 - Epoch 84: train_loss=0.861390233039856, train_AUC=0.9885431694577357, train_AP=0.9848675197375416, time=0.35663938522338867
INFO - 11/05/25 18:09:33 - 0:13:08 - Epoch 84: val_AUC=0.9599271461898369, val_AP=0.9536132175339331
INFO - 11/05/25 18:09:33 - 0:13:08 - Epoch 85: train_loss=0.857611894607544, train_AUC=0.9889455598452487, train_AP=0.9853968869172213, time=0.3499448299407959
INFO - 11/05/25 18:09:34 - 0:13:09 - Epoch 85: val_AUC=0.9601594980385513, val_AP=0.9539651471194215
INFO - 11/05/25 18:09:34 - 0:13:09 - Epoch 86: train_loss=0.8576074242591858, train_AUC=0.9888159742762203, train_AP=0.9851261635957541, time=0.3708348274230957
INFO - 11/05/25 18:09:34 - 0:13:09 - Epoch 86: val_AUC=0.9604061046019104, val_AP=0.9543191990351015
INFO - 11/05/25 18:09:34 - 0:13:09 - Epoch 87: train_loss=0.8537523746490479, train_AUC=0.9892404449173823, train_AP=0.9855207143035147, time=0.35321974754333496
INFO - 11/05/25 18:09:35 - 0:13:10 - Epoch 87: val_AUC=0.9605975250557155, val_AP=0.954595145372485
INFO - 11/05/25 18:09:35 - 0:13:10 - Epoch 88: train_loss=0.8497165441513062, train_AUC=0.9897779232372045, train_AP=0.9865415668481414, time=0.3560667037963867
INFO - 11/05/25 18:09:35 - 0:13:10 - Epoch 88: val_AUC=0.9607938328402559, val_AP=0.9548620546304026
INFO - 11/05/25 18:09:35 - 0:13:10 - Epoch 89: train_loss=0.84797203540802, train_AUC=0.9895091165350004, train_AP=0.9858337902046104, time=0.3539609909057617
INFO - 11/05/25 18:09:35 - 0:13:10 - Epoch 89: val_AUC=0.9609856605716223, val_AP=0.9551088778232387
INFO - 11/05/25 18:09:36 - 0:13:11 - Epoch 90: train_loss=0.8465414047241211, train_AUC=0.9898947742220393, train_AP=0.9864742083840436, time=0.3598170280456543
INFO - 11/05/25 18:09:36 - 0:13:11 - Epoch 90: val_AUC=0.9611656772537112, val_AP=0.9553441998838459
INFO - 11/05/25 18:09:36 - 0:13:11 - Epoch 91: train_loss=0.844698429107666, train_AUC=0.9898526428014629, train_AP=0.9864663170648987, time=0.3557312488555908
INFO - 11/05/25 18:09:36 - 0:13:11 - Epoch 91: val_AUC=0.9613435557286032, val_AP=0.9555728025614245
INFO - 11/05/25 18:09:37 - 0:13:12 - Epoch 92: train_loss=0.8414263725280762, train_AUC=0.9899580987762389, train_AP=0.986702607666814, time=0.3516533374786377
INFO - 11/05/25 18:09:37 - 0:13:12 - Epoch 92: val_AUC=0.9615277470056953, val_AP=0.9557988059284912
INFO - 11/05/25 18:09:37 - 0:13:12 - Epoch 93: train_loss=0.8402402997016907, train_AUC=0.9904007220030543, train_AP=0.9871507402957694, time=0.3444812297821045
INFO - 11/05/25 18:09:37 - 0:13:12 - Epoch 93: val_AUC=0.9617232402351131, val_AP=0.9560285658021566
INFO - 11/05/25 18:09:38 - 0:13:13 - Epoch 94: train_loss=0.8373061418533325, train_AUC=0.9904579927600241, train_AP=0.987148366153941, time=0.35883569717407227
INFO - 11/05/25 18:09:38 - 0:13:13 - Epoch 94: val_AUC=0.9619213807686794, val_AP=0.9562693471641682
INFO - 11/05/25 18:09:38 - 0:13:13 - Epoch 95: train_loss=0.8336259126663208, train_AUC=0.9909020242480516, train_AP=0.987726694678155, time=0.3578517436981201
INFO - 11/05/25 18:09:38 - 0:13:13 - Epoch 95: val_AUC=0.962120335857368, val_AP=0.9565055105267897
INFO - 11/05/25 18:09:39 - 0:13:14 - Epoch 96: train_loss=0.8343291282653809, train_AUC=0.9906217901295776, train_AP=0.987271431126582, time=0.35353732109069824
INFO - 11/05/25 18:09:39 - 0:13:14 - Epoch 96: val_AUC=0.9622887451289602, val_AP=0.9567073225340023
INFO - 11/05/25 18:09:39 - 0:13:14 - Epoch 97: train_loss=0.8319936394691467, train_AUC=0.990675910087012, train_AP=0.9876233209756695, time=0.3519093990325928
INFO - 11/05/25 18:09:39 - 0:13:14 - Epoch 97: val_AUC=0.962429459526385, val_AP=0.9568723645745086
INFO - 11/05/25 18:09:40 - 0:13:15 - Epoch 98: train_loss=0.8298150300979614, train_AUC=0.9908267736798467, train_AP=0.9875650554675959, time=0.3233189582824707
INFO - 11/05/25 18:09:40 - 0:13:15 - Epoch 98: val_AUC=0.9625734321443, val_AP=0.9570588627075147
INFO - 11/05/25 18:09:40 - 0:13:15 - Epoch 99: train_loss=0.8280792236328125, train_AUC=0.9909213853740299, train_AP=0.9877627495302255, time=0.31717419624328613
INFO - 11/05/25 18:09:40 - 0:13:15 - Epoch 99: val_AUC=0.9627167938458732, val_AP=0.9572424542604627
INFO - 11/05/25 18:09:41 - 0:13:16 - Epoch 100: train_loss=0.8254330158233643, train_AUC=0.9913002897123716, train_AP=0.9885740034065192, time=0.36948418617248535
INFO - 11/05/25 18:09:41 - 0:13:16 - Epoch 100: val_AUC=0.9628347006998658, val_AP=0.9573990884691272
INFO - 11/05/25 18:09:41 - 0:13:16 - Epoch 101: train_loss=0.8236319422721863, train_AUC=0.9910436860620525, train_AP=0.9876241647077493, time=0.3131289482116699
INFO - 11/05/25 18:09:41 - 0:13:16 - Epoch 101: val_AUC=0.962952403915078, val_AP=0.9575508248653049
INFO - 11/05/25 18:09:41 - 0:13:16 - Epoch 102: train_loss=0.8224532008171082, train_AUC=0.991367463032488, train_AP=0.9884095550919147, time=0.3026008605957031
INFO - 11/05/25 18:09:41 - 0:13:16 - Epoch 102: val_AUC=0.9630411904234384, val_AP=0.9577040631761938
INFO - 11/05/25 18:09:42 - 0:13:17 - Epoch 103: train_loss=0.8187745809555054, train_AUC=0.9916459516185866, train_AP=0.9887246924314264, time=0.303882360458374
INFO - 11/05/25 18:09:42 - 0:13:17 - Epoch 103: val_AUC=0.9631193877152056, val_AP=0.957841101002033
INFO - 11/05/25 18:09:42 - 0:13:17 - Epoch 104: train_loss=0.818161129951477, train_AUC=0.9915769091293549, train_AP=0.988541034312038, time=0.3013780117034912
INFO - 11/05/25 18:09:42 - 0:13:17 - Epoch 104: val_AUC=0.9631943267864822, val_AP=0.957961612443744
INFO - 11/05/25 18:09:43 - 0:13:18 - Epoch 105: train_loss=0.8157311677932739, train_AUC=0.9918754580406578, train_AP=0.9891428089595403, time=0.301910400390625
INFO - 11/05/25 18:09:43 - 0:13:18 - Epoch 105: val_AUC=0.9632729313558108, val_AP=0.9581051927178075
INFO - 11/05/25 18:09:43 - 0:13:18 - Epoch 106: train_loss=0.8141810894012451, train_AUC=0.9917505694348946, train_AP=0.988493532355688, time=0.30312323570251465
INFO - 11/05/25 18:09:43 - 0:13:18 - Epoch 106: val_AUC=0.963342983096352, val_AP=0.9582310159001506
INFO - 11/05/25 18:09:43 - 0:13:18 - Epoch 107: train_loss=0.8130822777748108, train_AUC=0.9918071175685838, train_AP=0.9888941110849276, time=0.31120753288269043
INFO - 11/05/25 18:09:44 - 0:13:19 - Epoch 107: val_AUC=0.963425864080074, val_AP=0.9583650261248872
INFO - 11/05/25 18:09:44 - 0:13:19 - Epoch 108: train_loss=0.8097125291824341, train_AUC=0.9922152871811365, train_AP=0.9895588117004634, time=0.29966235160827637
INFO - 11/05/25 18:09:44 - 0:13:19 - Epoch 108: val_AUC=0.9634816611059703, val_AP=0.9584399043324329
INFO - 11/05/25 18:09:44 - 0:13:19 - Epoch 109: train_loss=0.8087018728256226, train_AUC=0.9921287259646937, train_AP=0.9895254060691334, time=0.302889347076416
INFO - 11/05/25 18:09:44 - 0:13:19 - Epoch 109: val_AUC=0.9635602656752987, val_AP=0.958557112305294
INFO - 11/05/25 18:09:45 - 0:13:20 - Epoch 110: train_loss=0.8069984316825867, train_AUC=0.9922696561732575, train_AP=0.989436471566089, time=0.30159974098205566
INFO - 11/05/25 18:09:45 - 0:13:20 - Epoch 110: val_AUC=0.9636282810280337, val_AP=0.9586745930875619
INFO - 11/05/25 18:09:45 - 0:13:20 - Epoch 111: train_loss=0.8048145174980164, train_AUC=0.9924277467033837, train_AP=0.9895223824200867, time=0.3004264831542969
INFO - 11/05/25 18:09:45 - 0:13:20 - Epoch 111: val_AUC=0.9637058674034589, val_AP=0.958783189360087
INFO - 11/05/25 18:09:45 - 0:13:20 - Epoch 112: train_loss=0.8037970066070557, train_AUC=0.9926393293206065, train_AP=0.9902128027152994, time=0.29992008209228516
INFO - 11/05/25 18:09:46 - 0:13:21 - Epoch 112: val_AUC=0.9637742900337553, val_AP=0.9588913911568183
INFO - 11/05/25 18:09:46 - 0:13:21 - Epoch 113: train_loss=0.8006337285041809, train_AUC=0.9926347480686489, train_AP=0.9899310948640814, time=0.3030576705932617
INFO - 11/05/25 18:09:46 - 0:13:21 - Epoch 113: val_AUC=0.9638453599681996, val_AP=0.9590136353197669
INFO - 11/05/25 18:09:46 - 0:13:21 - Epoch 114: train_loss=0.798880398273468, train_AUC=0.9929688402530588, train_AP=0.990414587494042, time=0.3024723529815674
INFO - 11/05/25 18:09:46 - 0:13:21 - Epoch 114: val_AUC=0.9639339428377798, val_AP=0.9591439446099621
INFO - 11/05/25 18:09:47 - 0:13:22 - Epoch 115: train_loss=0.7986359596252441, train_AUC=0.9928748386410218, train_AP=0.9903062646590763, time=0.30220723152160645
INFO - 11/05/25 18:09:47 - 0:13:22 - Epoch 115: val_AUC=0.9640245620951662, val_AP=0.9592800779577815
INFO - 11/05/25 18:09:47 - 0:13:22 - Epoch 116: train_loss=0.7958879470825195, train_AUC=0.9932497670542926, train_AP=0.9910636293396053, time=0.30797553062438965
INFO - 11/05/25 18:09:47 - 0:13:22 - Epoch 116: val_AUC=0.9640944101969269, val_AP=0.9593917074738265
INFO - 11/05/25 18:09:48 - 0:13:23 - Epoch 117: train_loss=0.7953495979309082, train_AUC=0.9930262286586643, train_AP=0.9906239895584531, time=0.29969310760498047
INFO - 11/05/25 18:09:48 - 0:13:23 - Epoch 117: val_AUC=0.9641758657091843, val_AP=0.9595378771696728
INFO - 11/05/25 18:09:48 - 0:13:23 - Epoch 118: train_loss=0.7934218645095825, train_AUC=0.9932003923171986, train_AP=0.9908028357733444, time=0.30127525329589844
INFO - 11/05/25 18:09:48 - 0:13:23 - Epoch 118: val_AUC=0.9642481574763127, val_AP=0.9596727388333327
INFO - 11/05/25 18:09:48 - 0:13:23 - Epoch 119: train_loss=0.7920034527778625, train_AUC=0.9932981130703086, train_AP=0.9910364925960443, time=0.29837703704833984
INFO - 11/05/25 18:09:48 - 0:13:23 - Epoch 119: val_AUC=0.9643000853653768, val_AP=0.9597689972958945
INFO - 11/05/25 18:09:49 - 0:13:24 - Epoch 120: train_loss=0.7897958159446716, train_AUC=0.9934316382835412, train_AP=0.99103376067803, time=0.29999208450317383
INFO - 11/05/25 18:09:49 - 0:13:24 - Epoch 120: val_AUC=0.9643499768666346, val_AP=0.9598628161426176
INFO - 11/05/25 18:09:49 - 0:13:24 - Epoch 121: train_loss=0.7892848253250122, train_AUC=0.9934481906364062, train_AP=0.9909659232047512, time=0.3435485363006592
INFO - 11/05/25 18:09:49 - 0:13:24 - Epoch 121: val_AUC=0.964394777398376, val_AP=0.9599482854830422
INFO - 11/05/25 18:09:50 - 0:13:25 - Epoch 122: train_loss=0.7857747077941895, train_AUC=0.9936203794533981, train_AP=0.9912157272533035, time=0.3440558910369873
INFO - 11/05/25 18:09:50 - 0:13:25 - Epoch 122: val_AUC=0.9644572945040337, val_AP=0.9600724544521114
INFO - 11/05/25 18:09:50 - 0:13:25 - Epoch 123: train_loss=0.7853888869285583, train_AUC=0.9936632349062211, train_AP=0.9914734571782519, time=0.3482398986816406
INFO - 11/05/25 18:09:50 - 0:13:25 - Epoch 123: val_AUC=0.9645297899099428, val_AP=0.9601950973201336
INFO - 11/05/25 18:09:51 - 0:13:26 - Epoch 124: train_loss=0.7835369110107422, train_AUC=0.9938964442662598, train_AP=0.9918436694173334, time=0.35077881813049316
INFO - 11/05/25 18:09:51 - 0:13:26 - Epoch 124: val_AUC=0.9645884378787681, val_AP=0.960330662941924
INFO - 11/05/25 18:09:51 - 0:13:26 - Epoch 125: train_loss=0.7820991277694702, train_AUC=0.993902880245434, train_AP=0.9916330019904945, time=0.34546399116516113
INFO - 11/05/25 18:09:51 - 0:13:26 - Epoch 125: val_AUC=0.9646584896193094, val_AP=0.960470252529911
INFO - 11/05/25 18:09:52 - 0:13:27 - Epoch 126: train_loss=0.78078293800354, train_AUC=0.9938205665321999, train_AP=0.9914057815805555, time=0.345630407333374
INFO - 11/05/25 18:09:52 - 0:13:27 - Epoch 126: val_AUC=0.9646963664325092, val_AP=0.9605746193028603
INFO - 11/05/25 18:09:52 - 0:13:27 - Epoch 127: train_loss=0.7777961492538452, train_AUC=0.9946183799718638, train_AP=0.9929395954938705, time=0.31600379943847656
INFO - 11/05/25 18:09:52 - 0:13:27 - Epoch 127: val_AUC=0.9647256904169219, val_AP=0.9606698604425022
INFO - 11/05/25 18:09:52 - 0:13:27 - Epoch 128: train_loss=0.7787052392959595, train_AUC=0.9940810388500761, train_AP=0.992015791509161, time=0.3048093318939209
INFO - 11/05/25 18:09:52 - 0:13:27 - Epoch 128: val_AUC=0.9647574580667023, val_AP=0.960754799846586
INFO - 11/05/25 18:09:53 - 0:13:28 - Epoch 129: train_loss=0.7766098976135254, train_AUC=0.9940736743625086, train_AP=0.9916810256577264, time=0.30803656578063965
INFO - 11/05/25 18:09:53 - 0:13:28 - Epoch 129: val_AUC=0.9647920766594117, val_AP=0.9608536227513433
INFO - 11/05/25 18:09:53 - 0:13:28 - Epoch 130: train_loss=0.7746179103851318, train_AUC=0.9944249520537428, train_AP=0.9923977419928686, time=0.3061985969543457
INFO - 11/05/25 18:09:53 - 0:13:28 - Epoch 130: val_AUC=0.9648285280011468, val_AP=0.9609501354724042
INFO - 11/05/25 18:09:54 - 0:13:29 - Epoch 131: train_loss=0.7725265026092529, train_AUC=0.99465050896885, train_AP=0.9928046012057548, time=0.30432653427124023
INFO - 11/05/25 18:09:54 - 0:13:29 - Epoch 131: val_AUC=0.9648745503655723, val_AP=0.9610511352164669
INFO - 11/05/25 18:09:54 - 0:13:29 - Epoch 132: train_loss=0.7728521227836609, train_AUC=0.9944338435078822, train_AP=0.9922705854483345, time=0.30692505836486816
INFO - 11/05/25 18:09:54 - 0:13:29 - Epoch 132: val_AUC=0.9649042816275464, val_AP=0.9611404460310514
INFO - 11/05/25 18:09:54 - 0:13:29 - Epoch 133: train_loss=0.7711235880851746, train_AUC=0.9946724550185165, train_AP=0.992949845427008, time=0.307206392288208
INFO - 11/05/25 18:09:55 - 0:13:30 - Epoch 133: val_AUC=0.9649389002202556, val_AP=0.9612354943800611
INFO - 11/05/25 18:09:55 - 0:13:30 - Epoch 134: train_loss=0.7699322700500488, train_AUC=0.9945143197537295, train_AP=0.9924842262165718, time=0.3051586151123047
INFO - 11/05/25 18:09:55 - 0:13:30 - Epoch 134: val_AUC=0.9649466384939202, val_AP=0.961306637263352
INFO - 11/05/25 18:09:55 - 0:13:30 - Epoch 135: train_loss=0.7692689895629883, train_AUC=0.9945158440784909, train_AP=0.9924629944714288, time=0.3033461570739746
INFO - 11/05/25 18:09:55 - 0:13:30 - Epoch 135: val_AUC=0.9649480639653847, val_AP=0.9613692035363126
INFO - 11/05/25 18:09:56 - 0:13:31 - Epoch 136: train_loss=0.7676700353622437, train_AUC=0.9946521962052699, train_AP=0.992575399346166, time=0.30501866340637207
INFO - 11/05/25 18:09:56 - 0:13:31 - Epoch 136: val_AUC=0.9649386965814751, val_AP=0.9614299225901058
INFO - 11/05/25 18:09:56 - 0:13:31 - Epoch 137: train_loss=0.7671819925308228, train_AUC=0.9947627612657768, train_AP=0.992813494558217, time=0.304929256439209
INFO - 11/05/25 18:09:56 - 0:13:31 - Epoch 137: val_AUC=0.9649578386268556, val_AP=0.9615084982843368
INFO - 11/05/25 18:09:57 - 0:13:32 - Epoch 138: train_loss=0.7642519474029541, train_AUC=0.99514770249376, train_AP=0.9934238184335618, time=0.3045957088470459
INFO - 11/05/25 18:09:57 - 0:13:32 - Epoch 138: val_AUC=0.9649651696229588, val_AP=0.9615829728608143
INFO - 11/05/25 18:09:57 - 0:13:32 - Epoch 139: train_loss=0.7638159990310669, train_AUC=0.9948114655113208, train_AP=0.9926692497103035, time=0.3036520481109619
INFO - 11/05/25 18:09:57 - 0:13:32 - Epoch 139: val_AUC=0.9649623186800297, val_AP=0.9616492061774361
INFO - 11/05/25 18:09:57 - 0:13:32 - Epoch 140: train_loss=0.7619227170944214, train_AUC=0.9950903618168674, train_AP=0.9933184183281167, time=0.3066213130950928
INFO - 11/05/25 18:09:57 - 0:13:32 - Epoch 140: val_AUC=0.9649454166612362, val_AP=0.9616826601887808
INFO - 11/05/25 18:09:58 - 0:13:33 - Epoch 141: train_loss=0.7605174779891968, train_AUC=0.9952275348422844, train_AP=0.9934666847824428, time=0.3026418685913086
INFO - 11/05/25 18:09:58 - 0:13:33 - Epoch 141: val_AUC=0.9649087616807205, val_AP=0.9616864871173159
INFO - 11/05/25 18:09:58 - 0:13:33 - Epoch 142: train_loss=0.7590805888175964, train_AUC=0.995211716912788, train_AP=0.9934046033033699, time=0.3051772117614746
INFO - 11/05/25 18:09:58 - 0:13:33 - Epoch 142: val_AUC=0.9648790304187466, val_AP=0.9617217541903447
INFO - 11/05/25 18:09:59 - 0:13:34 - Epoch 143: train_loss=0.7578868865966797, train_AUC=0.9953031165174278, train_AP=0.9936072319921352, time=0.3046536445617676
INFO - 11/05/25 18:09:59 - 0:13:34 - Epoch 143: val_AUC=0.9648279170848051, val_AP=0.9617268987979014
INFO - 11/05/25 18:09:59 - 0:13:34 - Epoch 144: train_loss=0.7576589584350586, train_AUC=0.9951609314487917, train_AP=0.9931776260636673, time=0.30579042434692383
INFO - 11/05/25 18:09:59 - 0:13:34 - Epoch 144: val_AUC=0.9647906511879473, val_AP=0.9617578652728278
INFO - 11/05/25 18:09:59 - 0:13:34 - Epoch 145: train_loss=0.7541555166244507, train_AUC=0.9956637453378593, train_AP=0.9940082712070966, time=0.3023061752319336
INFO - 11/05/25 18:09:59 - 0:13:35 - Epoch 145: val_AUC=0.9647639745076827, val_AP=0.9617987286013119
INFO - 11/05/25 18:10:00 - 0:13:35 - Epoch 146: train_loss=0.754334032535553, train_AUC=0.9953612111670879, train_AP=0.9934858845963382, time=0.30860471725463867
INFO - 11/05/25 18:10:00 - 0:13:35 - Epoch 146: val_AUC=0.9647190721565511, val_AP=0.9618050122250447
INFO - 11/05/25 18:10:00 - 0:13:35 - Epoch 147: train_loss=0.7533375024795532, train_AUC=0.9955179260183337, train_AP=0.9937919275980304, time=0.30379390716552734
INFO - 11/05/25 18:10:00 - 0:13:35 - Epoch 147: val_AUC=0.9646931082120189, val_AP=0.9618361963111977
INFO - 11/05/25 18:10:01 - 0:13:36 - Epoch 148: train_loss=0.7535282373428345, train_AUC=0.9952857110358343, train_AP=0.9933324854516163, time=0.3057281970977783
INFO - 11/05/25 18:10:01 - 0:13:36 - Epoch 148: val_AUC=0.9646662278929738, val_AP=0.9618608678440324
INFO - 11/05/25 18:10:01 - 0:13:36 - Epoch 149: train_loss=0.7516140937805176, train_AUC=0.995637183340455, train_AP=0.9941529946143778, time=0.30525851249694824
INFO - 11/05/25 18:10:01 - 0:13:36 - Epoch 149: val_AUC=0.964654824121258, val_AP=0.9618963848267323
INFO - 11/05/25 18:10:01 - 0:13:36 - Epoch 150: train_loss=0.7510846853256226, train_AUC=0.9955377255087636, train_AP=0.9939086552936632, time=0.3028390407562256
INFO - 11/05/25 18:10:02 - 0:13:37 - Epoch 150: val_AUC=0.9646377184636838, val_AP=0.961938524374543
INFO - 11/05/25 18:10:02 - 0:13:37 - Epoch 151: train_loss=0.7501033544540405, train_AUC=0.9955985222023856, train_AP=0.9939058382403958, time=0.30269360542297363
INFO - 11/05/25 18:10:02 - 0:13:37 - Epoch 151: val_AUC=0.9646518713589385, val_AP=0.9620047874822659
INFO - 11/05/25 18:10:02 - 0:13:37 - Epoch 152: train_loss=0.7485781908035278, train_AUC=0.995725442536681, train_AP=0.9940362607960483, time=0.30174684524536133
INFO - 11/05/25 18:10:02 - 0:13:37 - Epoch 152: val_AUC=0.9646981991815349, val_AP=0.9620944928224399
INFO - 11/05/25 18:10:03 - 0:13:38 - Epoch 153: train_loss=0.748691201210022, train_AUC=0.9956461514071042, train_AP=0.9941278985056358, time=0.30327749252319336
INFO - 11/05/25 18:10:03 - 0:13:38 - Epoch 153: val_AUC=0.9647419815193734, val_AP=0.9621899366874502
INFO - 11/05/25 18:10:03 - 0:13:38 - Epoch 154: train_loss=0.7477860450744629, train_AUC=0.9956836545514929, train_AP=0.9939766565946616, time=0.3024742603302002
INFO - 11/05/25 18:10:03 - 0:13:38 - Epoch 154: val_AUC=0.9647193776147219, val_AP=0.9622035517501905
INFO - 11/05/25 18:10:04 - 0:13:39 - Epoch 155: train_loss=0.7465324401855469, train_AUC=0.9958491888235069, train_AP=0.9942700560006837, time=0.30125975608825684
INFO - 11/05/25 18:10:04 - 0:13:39 - Epoch 155: val_AUC=0.9646536022885741, val_AP=0.9621463940976911
INFO - 11/05/25 18:10:04 - 0:13:39 - Epoch 156: train_loss=0.7455307245254517, train_AUC=0.9959588061784633, train_AP=0.9944699835246028, time=0.30728840827941895
INFO - 11/05/25 18:10:04 - 0:13:39 - Epoch 156: val_AUC=0.964656453231503, val_AP=0.9621641395858375
INFO - 11/05/25 18:10:04 - 0:13:39 - Epoch 157: train_loss=0.7433506846427917, train_AUC=0.9961882287670758, train_AP=0.9946931147867857, time=0.30265140533447266
INFO - 11/05/25 18:10:04 - 0:13:39 - Epoch 157: val_AUC=0.9646179655019614, val_AP=0.9621613442784144
INFO - 11/05/25 18:10:05 - 0:13:40 - Epoch 158: train_loss=0.7427387237548828, train_AUC=0.9960533796544518, train_AP=0.9945366665346649, time=0.3052859306335449
INFO - 11/05/25 18:10:05 - 0:13:40 - Epoch 158: val_AUC=0.9645556520350846, val_AP=0.9621381638342517
INFO - 11/05/25 18:10:05 - 0:13:40 - Epoch 159: train_loss=0.7431117296218872, train_AUC=0.9960476092354478, train_AP=0.9947057703863573, time=0.3065319061279297
INFO - 11/05/25 18:10:05 - 0:13:40 - Epoch 159: val_AUC=0.9645460810123944, val_AP=0.9621612719712922
INFO - 11/05/25 18:10:06 - 0:13:41 - Epoch 160: train_loss=0.7400965690612793, train_AUC=0.9961575444882891, train_AP=0.9945398998360324, time=0.3055078983306885
INFO - 11/05/25 18:10:06 - 0:13:41 - Epoch 160: val_AUC=0.9645444519021492, val_AP=0.9621985477186865
INFO - 11/05/25 18:10:06 - 0:13:41 - Epoch 161: train_loss=0.7400084137916565, train_AUC=0.9962620434231166, train_AP=0.9948150630668823, time=0.30446577072143555
INFO - 11/05/25 18:10:06 - 0:13:41 - Epoch 161: val_AUC=0.964549746510446, val_AP=0.9622526822220766
INFO - 11/05/25 18:10:06 - 0:13:41 - Epoch 162: train_loss=0.7389929890632629, train_AUC=0.9962061201657133, train_AP=0.9946396587357446, time=0.30556726455688477
INFO - 11/05/25 18:10:06 - 0:13:41 - Epoch 162: val_AUC=0.9645428227919041, val_AP=0.9622928067557249
INFO - 11/05/25 18:10:07 - 0:13:42 - Epoch 163: train_loss=0.7370860576629639, train_AUC=0.9965434156336309, train_AP=0.9953260744172749, time=0.30814528465270996
INFO - 11/05/25 18:10:07 - 0:13:42 - Epoch 163: val_AUC=0.964521644358717, val_AP=0.9623337908880714
INFO - 11/05/25 18:10:07 - 0:13:42 - Epoch 164: train_loss=0.736445426940918, train_AUC=0.9965461266597488, train_AP=0.9953462169610392, time=0.304656982421875
INFO - 11/05/25 18:10:07 - 0:13:42 - Epoch 164: val_AUC=0.9644978186213817, val_AP=0.9623581930608177
INFO - 11/05/25 18:10:08 - 0:13:43 - Epoch 165: train_loss=0.7368578910827637, train_AUC=0.99628108665121, train_AP=0.9946476565540099, time=0.3066706657409668
INFO - 11/05/25 18:10:08 - 0:13:43 - Epoch 165: val_AUC=0.96450362232663, val_AP=0.9624244799793331
INFO - 11/05/25 18:10:08 - 0:13:43 - Epoch 166: train_loss=0.7347042560577393, train_AUC=0.9962486142188355, train_AP=0.9948621752533542, time=0.3071019649505615
INFO - 11/05/25 18:10:08 - 0:13:43 - Epoch 166: val_AUC=0.9644772511045369, val_AP=0.9624894840749736
INFO - 11/05/25 18:10:08 - 0:13:43 - Epoch 167: train_loss=0.7342864871025085, train_AUC=0.996433425078886, train_AP=0.9950133063326605, time=0.30548572540283203
INFO - 11/05/25 18:10:09 - 0:13:44 - Epoch 167: val_AUC=0.9644230831888857, val_AP=0.9624828342380821
INFO - 11/05/25 18:10:09 - 0:13:44 - Epoch 168: train_loss=0.7323025465011597, train_AUC=0.9964703433263906, train_AP=0.9949384537073724, time=0.3033626079559326
INFO - 11/05/25 18:10:09 - 0:13:44 - Epoch 168: val_AUC=0.9643040563215994, val_AP=0.9623992484700737
INFO - 11/05/25 18:10:09 - 0:13:44 - Epoch 169: train_loss=0.7306504845619202, train_AUC=0.9964879494094748, train_AP=0.9949426856035303, time=0.3085355758666992
INFO - 11/05/25 18:10:09 - 0:13:44 - Epoch 169: val_AUC=0.964154890914778, val_AP=0.9622983206669135
INFO - 11/05/25 18:10:10 - 0:13:45 - Epoch 170: train_loss=0.7301398515701294, train_AUC=0.9966386338875457, train_AP=0.9953542703473309, time=0.3057692050933838
INFO - 11/05/25 18:10:10 - 0:13:45 - Epoch 170: val_AUC=0.9640544969959207, val_AP=0.9622442000627053
INFO - 11/05/25 18:10:10 - 0:13:45 - Epoch 171: train_loss=0.7295236587524414, train_AUC=0.9964291825070574, train_AP=0.9949824257826755, time=0.3041198253631592
INFO - 11/05/25 18:10:10 - 0:13:45 - Epoch 171: val_AUC=0.9640298567034629, val_AP=0.9622701602349302
INFO - 11/05/25 18:10:10 - 0:13:45 - Epoch 172: train_loss=0.7280145287513733, train_AUC=0.9967084275316136, train_AP=0.9953570671730284, time=0.302278995513916
INFO - 11/05/25 18:10:11 - 0:13:46 - Epoch 172: val_AUC=0.9640070491600308, val_AP=0.9622791168239596
INFO - 11/05/25 18:10:11 - 0:13:46 - Epoch 173: train_loss=0.7278120517730713, train_AUC=0.996479630347649, train_AP=0.9950269629625623, time=0.3021891117095947
INFO - 11/05/25 18:10:11 - 0:13:46 - Epoch 173: val_AUC=0.963922946343625, val_AP=0.9622189923211905
INFO - 11/05/25 18:10:11 - 0:13:46 - Epoch 174: train_loss=0.7267978191375732, train_AUC=0.9965668423301223, train_AP=0.9951742646638148, time=0.30182313919067383
INFO - 11/05/25 18:10:11 - 0:13:46 - Epoch 174: val_AUC=0.9637529079617876, val_AP=0.9621010954839133
INFO - 11/05/25 18:10:12 - 0:13:47 - Epoch 175: train_loss=0.723966121673584, train_AUC=0.9970073334395994, train_AP=0.9958276568671997, time=0.30149197578430176
INFO - 11/05/25 18:10:12 - 0:13:47 - Epoch 175: val_AUC=0.9635924406026404, val_AP=0.9619931177986003
INFO - 11/05/25 18:10:12 - 0:13:47 - Epoch 176: train_loss=0.724315345287323, train_AUC=0.9967817317898313, train_AP=0.9955660271896074, time=0.30879998207092285
INFO - 11/05/25 18:10:12 - 0:13:47 - Epoch 176: val_AUC=0.9634853266040221, val_AP=0.9619407500285981
INFO - 11/05/25 18:10:12 - 0:13:47 - Epoch 177: train_loss=0.723705530166626, train_AUC=0.9967923830421239, train_AP=0.9954339048272731, time=0.3016176223754883
INFO - 11/05/25 18:10:13 - 0:13:48 - Epoch 177: val_AUC=0.9634325841598352, val_AP=0.9619365999738256
INFO - 11/05/25 18:10:13 - 0:13:48 - Epoch 178: train_loss=0.7228403091430664, train_AUC=0.9968348575458471, train_AP=0.9954610910107321, time=0.30144810676574707
INFO - 11/05/25 18:10:13 - 0:13:48 - Epoch 178: val_AUC=0.9634494861786286, val_AP=0.9619879680723026
INFO - 11/05/25 18:10:13 - 0:13:48 - Epoch 179: train_loss=0.7216362953186035, train_AUC=0.9968414661233191, train_AP=0.995327190828033, time=0.30205202102661133
INFO - 11/05/25 18:10:13 - 0:13:48 - Epoch 179: val_AUC=0.9634221985820226, val_AP=0.9619908411538173
INFO - 11/05/25 18:10:14 - 0:13:49 - Epoch 180: train_loss=0.7209039926528931, train_AUC=0.9970111545545645, train_AP=0.995839967307643, time=0.29892396926879883
INFO - 11/05/25 18:10:14 - 0:13:49 - Epoch 180: val_AUC=0.9633299502143909, val_AP=0.9619509029177098
INFO - 11/05/25 18:10:14 - 0:13:49 - Epoch 181: train_loss=0.7199239730834961, train_AUC=0.9970217962963386, train_AP=0.9959348508452381, time=0.3011636734008789
INFO - 11/05/25 18:10:14 - 0:13:49 - Epoch 181: val_AUC=0.9632177452462564, val_AP=0.9618841620492834
INFO - 11/05/25 18:10:14 - 0:13:49 - Epoch 182: train_loss=0.7177093029022217, train_AUC=0.9969631056541894, train_AP=0.9957765166484462, time=0.3013298511505127
INFO - 11/05/25 18:10:15 - 0:13:50 - Epoch 182: val_AUC=0.9631711119654889, val_AP=0.961870447488844
INFO - 11/05/25 18:10:15 - 0:13:50 - Epoch 183: train_loss=0.7176810503005981, train_AUC=0.9970596375924943, train_AP=0.9958648371406644, time=0.2995471954345703
INFO - 11/05/25 18:10:15 - 0:13:50 - Epoch 183: val_AUC=0.963164799163289, val_AP=0.9618963571385964
INFO - 11/05/25 18:10:15 - 0:13:50 - Epoch 184: train_loss=0.7160848379135132, train_AUC=0.9970190083054695, train_AP=0.9956716218958284, time=0.30007338523864746
INFO - 11/05/25 18:10:15 - 0:13:50 - Epoch 184: val_AUC=0.9631257005174053, val_AP=0.9618970181356669
INFO - 11/05/25 18:10:16 - 0:13:51 - Epoch 185: train_loss=0.7160233855247498, train_AUC=0.9970980338450129, train_AP=0.9959180468480988, time=0.29775500297546387
INFO - 11/05/25 18:10:16 - 0:13:51 - Epoch 185: val_AUC=0.9630438377275867, val_AP=0.9618559329478968
INFO - 11/05/25 18:10:16 - 0:13:51 - Epoch 186: train_loss=0.7151647806167603, train_AUC=0.9971663757260527, train_AP=0.995991349920816, time=0.30196380615234375
INFO - 11/05/25 18:10:16 - 0:13:51 - Epoch 186: val_AUC=0.9629886516180322, val_AP=0.9618315409750381
INFO - 11/05/25 18:10:16 - 0:13:51 - Epoch 187: train_loss=0.7150589227676392, train_AUC=0.9970807682032647, train_AP=0.9958822916002747, time=0.29802393913269043
INFO - 11/05/25 18:10:17 - 0:13:52 - Epoch 187: val_AUC=0.9629701204889937, val_AP=0.9618278136175098
INFO - 11/05/25 18:10:17 - 0:13:52 - Epoch 188: train_loss=0.7143386006355286, train_AUC=0.9970986071179301, train_AP=0.99588058878438, time=0.2979006767272949
INFO - 11/05/25 18:10:17 - 0:13:52 - Epoch 188: val_AUC=0.9629342800636005, val_AP=0.9618247999759914
INFO - 11/05/25 18:10:17 - 0:13:52 - Epoch 189: train_loss=0.7129790782928467, train_AUC=0.9971134665985125, train_AP=0.9958764145593627, time=0.2984139919281006
INFO - 11/05/25 18:10:17 - 0:13:52 - Epoch 189: val_AUC=0.9629181925999296, val_AP=0.9618415980030682
INFO - 11/05/25 18:10:18 - 0:13:53 - Epoch 190: train_loss=0.7112480998039246, train_AUC=0.9972291525448383, train_AP=0.9961328736698318, time=0.29912757873535156
INFO - 11/05/25 18:10:18 - 0:13:53 - Epoch 190: val_AUC=0.962865450155743, val_AP=0.9618278622514828
INFO - 11/05/25 18:10:18 - 0:13:53 - Epoch 191: train_loss=0.7114118337631226, train_AUC=0.9973784164332471, train_AP=0.9964095296844806, time=0.30273914337158203
INFO - 11/05/25 18:10:18 - 0:13:53 - Epoch 191: val_AUC=0.9628210569015627, val_AP=0.9618218934222608
INFO - 11/05/25 18:10:18 - 0:13:53 - Epoch 192: train_loss=0.7098665237426758, train_AUC=0.9972466853617065, train_AP=0.9960431919633445, time=0.3017458915710449
INFO - 11/05/25 18:10:18 - 0:13:53 - Epoch 192: val_AUC=0.9627764600086018, val_AP=0.9618152436477541
INFO - 11/05/25 18:10:19 - 0:13:54 - Epoch 193: train_loss=0.7099862098693848, train_AUC=0.9969828334634898, train_AP=0.9954689474246695, time=0.29799985885620117
INFO - 11/05/25 18:10:19 - 0:13:54 - Epoch 193: val_AUC=0.9627292158114924, val_AP=0.9617998223822599
INFO - 11/05/25 18:10:19 - 0:13:54 - Epoch 194: train_loss=0.7087773680686951, train_AUC=0.9972435937387301, train_AP=0.9960761284248019, time=0.3008158206939697
INFO - 11/05/25 18:10:19 - 0:13:54 - Epoch 194: val_AUC=0.96262719278239, val_AP=0.9617352146342936
INFO - 11/05/25 18:10:20 - 0:13:55 - Epoch 195: train_loss=0.707636833190918, train_AUC=0.9974947760412959, train_AP=0.9965237461356086, time=0.30634188652038574
INFO - 11/05/25 18:10:20 - 0:13:55 - Epoch 195: val_AUC=0.9625199769643812, val_AP=0.9616610924942883
INFO - 11/05/25 18:10:20 - 0:13:55 - Epoch 196: train_loss=0.7065047025680542, train_AUC=0.9976280626109638, train_AP=0.9968868266196097, time=0.3020753860473633
INFO - 11/05/25 18:10:20 - 0:13:55 - Epoch 196: val_AUC=0.9624097065646626, val_AP=0.9615864226849389
INFO - 11/05/25 18:10:20 - 0:13:55 - Epoch 197: train_loss=0.705615758895874, train_AUC=0.9976835108708072, train_AP=0.9967159238459815, time=0.3042881488800049
INFO - 11/05/25 18:10:20 - 0:13:55 - Epoch 197: val_AUC=0.9623308983565536, val_AP=0.9615406694747352
INFO - 11/05/25 18:10:21 - 0:13:56 - Epoch 198: train_loss=0.704490065574646, train_AUC=0.9974950893600423, train_AP=0.996460618289006, time=0.29999446868896484
INFO - 11/05/25 18:10:21 - 0:13:56 - Epoch 198: val_AUC=0.9622480173728315, val_AP=0.961503534762777
INFO - 11/05/25 18:10:21 - 0:13:56 - Epoch 199: train_loss=0.7045115232467651, train_AUC=0.9974058822821449, train_AP=0.9961557206839708, time=0.30672550201416016
INFO - 11/05/25 18:10:21 - 0:13:56 - Epoch 199: val_AUC=0.9621276668534713, val_AP=0.961434578888113
INFO - 11/05/25 18:10:22 - 0:13:57 - Epoch 200: train_loss=0.70343017578125, train_AUC=0.9975297370593291, train_AP=0.9963289762985706, time=0.30863046646118164
INFO - 11/05/25 18:10:22 - 0:13:57 - Epoch 200: val_AUC=0.9620286984060784, val_AP=0.9613796079433136
INFO - 11/05/25 18:10:22 - 0:13:57 - Epoch 201: train_loss=0.7027084231376648, train_AUC=0.9975039570378857, train_AP=0.9964385314009675, time=0.2988395690917969
INFO - 11/05/25 18:10:22 - 0:13:57 - Epoch 201: val_AUC=0.9619640430932244, val_AP=0.9613428254146408
INFO - 11/05/25 18:10:22 - 0:13:57 - Epoch 202: train_loss=0.7025300860404968, train_AUC=0.997632225928472, train_AP=0.9967157502271109, time=0.29837608337402344
INFO - 11/05/25 18:10:22 - 0:13:57 - Epoch 202: val_AUC=0.9618971477537828, val_AP=0.9613059130339077
INFO - 11/05/25 18:10:23 - 0:13:58 - Epoch 203: train_loss=0.7009354829788208, train_AUC=0.9976429812681054, train_AP=0.9966745650555777, time=0.30524754524230957
INFO - 11/05/25 18:10:23 - 0:13:58 - Epoch 203: val_AUC=0.9617556188012357, val_AP=0.9611909581047827
INFO - 11/05/25 18:10:23 - 0:13:58 - Epoch 204: train_loss=0.7002169489860535, train_AUC=0.9977754566257745, train_AP=0.9970096513190803, time=0.3023703098297119
INFO - 11/05/25 18:10:23 - 0:13:58 - Epoch 204: val_AUC=0.9616330282552881, val_AP=0.9611065788056615
INFO - 11/05/25 18:10:24 - 0:13:59 - Epoch 205: train_loss=0.6995682120323181, train_AUC=0.9976532845058714, train_AP=0.9966520070217013, time=0.29851865768432617
INFO - 11/05/25 18:10:24 - 0:13:59 - Epoch 205: val_AUC=0.9615297833935018, val_AP=0.9610397748273446
INFO - 11/05/25 18:10:24 - 0:13:59 - Epoch 206: train_loss=0.6986920833587646, train_AUC=0.997681504151416, train_AP=0.996865983919056, time=0.2990386486053467
INFO - 11/05/25 18:10:24 - 0:13:59 - Epoch 206: val_AUC=0.9613864216919287, val_AP=0.9609340306354484
INFO - 11/05/25 18:10:24 - 0:13:59 - Epoch 207: train_loss=0.6980464458465576, train_AUC=0.9975417407425684, train_AP=0.9963850670782359, time=0.3017902374267578
INFO - 11/05/25 18:10:24 - 0:13:59 - Epoch 207: val_AUC=0.9612562965110976, val_AP=0.9608586704286124
INFO - 11/05/25 18:10:25 - 0:14:00 - Epoch 208: train_loss=0.6970119476318359, train_AUC=0.997631141553249, train_AP=0.9965788338623988, time=0.3012988567352295
INFO - 11/05/25 18:10:25 - 0:14:00 - Epoch 208: val_AUC=0.9611687318354208, val_AP=0.9608216136588771
INFO - 11/05/25 18:10:25 - 0:14:00 - Epoch 209: train_loss=0.6964021921157837, train_AUC=0.9976739526236525, train_AP=0.996589868538733, time=0.29789161682128906
INFO - 11/05/25 18:10:25 - 0:14:00 - Epoch 209: val_AUC=0.9611170075851374, val_AP=0.9607970947507183
INFO - 11/05/25 18:10:26 - 0:14:01 - Epoch 210: train_loss=0.6944528818130493, train_AUC=0.9980694202343434, train_AP=0.9974556668638376, time=0.2984621524810791
INFO - 11/05/25 18:10:26 - 0:14:01 - Epoch 210: val_AUC=0.9610094863089574, val_AP=0.9607177192881875
INFO - 11/05/25 18:10:26 - 0:14:01 - Epoch 211: train_loss=0.6951160430908203, train_AUC=0.9977802046640462, train_AP=0.9966587873486743, time=0.2984659671783447
INFO - 11/05/25 18:10:26 - 0:14:01 - Epoch 211: val_AUC=0.9608693828278748, val_AP=0.9605977802947837
INFO - 11/05/25 18:10:26 - 0:14:01 - Epoch 212: train_loss=0.6948539614677429, train_AUC=0.9977044079455137, train_AP=0.9966084891142897, time=0.30510544776916504
INFO - 11/05/25 18:10:26 - 0:14:01 - Epoch 212: val_AUC=0.9608286550717461, val_AP=0.9605836782118558
INFO - 11/05/25 18:10:27 - 0:14:02 - Epoch 213: train_loss=0.6935645341873169, train_AUC=0.9979322623553076, train_AP=0.9970290109378244, time=0.29851198196411133
INFO - 11/05/25 18:10:27 - 0:14:02 - Epoch 213: val_AUC=0.9608097166651463, val_AP=0.9605859859440036
INFO - 11/05/25 18:10:27 - 0:14:02 - Epoch 214: train_loss=0.6926823854446411, train_AUC=0.997954893690664, train_AP=0.997127260794092, time=0.300919771194458
INFO - 11/05/25 18:10:27 - 0:14:02 - Epoch 214: val_AUC=0.9607237810997145, val_AP=0.9605398972448842
INFO - 11/05/25 18:10:28 - 0:14:03 - Epoch 215: train_loss=0.692125678062439, train_AUC=0.9979332764583665, train_AP=0.9971298490448264, time=0.29868173599243164
INFO - 11/05/25 18:10:28 - 0:14:03 - Epoch 215: val_AUC=0.9606127979642637, val_AP=0.9604703087831524
INFO - 11/05/25 18:10:28 - 0:14:03 - Epoch 216: train_loss=0.6924318075180054, train_AUC=0.9978316528702812, train_AP=0.9969558917950254, time=0.2986421585083008
INFO - 11/05/25 18:10:28 - 0:14:03 - Epoch 216: val_AUC=0.9605268623988322, val_AP=0.9604053667913319
INFO - 11/05/25 18:10:28 - 0:14:03 - Epoch 217: train_loss=0.690406322479248, train_AUC=0.9977742292405334, train_AP=0.9966540026161632, time=0.29882240295410156
INFO - 11/05/25 18:10:28 - 0:14:03 - Epoch 217: val_AUC=0.9604409268334005, val_AP=0.9603448265249053
INFO - 11/05/25 18:10:29 - 0:14:04 - Epoch 218: train_loss=0.6910542249679565, train_AUC=0.9977573441956435, train_AP=0.9967764691605426, time=0.2990875244140625
INFO - 11/05/25 18:10:29 - 0:14:04 - Epoch 218: val_AUC=0.9603924608036075, val_AP=0.9603129166944464
INFO - 11/05/25 18:10:29 - 0:14:04 - Epoch 219: train_loss=0.6898682117462158, train_AUC=0.9978805432754175, train_AP=0.9970683293911927, time=0.2941126823425293
INFO - 11/05/25 18:10:29 - 0:14:04 - Epoch 219: val_AUC=0.9602814776681567, val_AP=0.9602255891946961
INFO - 11/05/25 18:10:29 - 0:14:04 - Epoch 220: train_loss=0.6876524686813354, train_AUC=0.9980048910144745, train_AP=0.9971309169847268, time=0.29041552543640137
INFO - 11/05/25 18:10:30 - 0:14:05 - Epoch 220: val_AUC=0.9601737527531965, val_AP=0.9601463990870813
INFO - 11/05/25 18:10:30 - 0:14:05 - Epoch 221: train_loss=0.6883491277694702, train_AUC=0.9979332324281885, train_AP=0.9970968791193435, time=0.3060264587402344
INFO - 11/05/25 18:10:30 - 0:14:05 - Epoch 221: val_AUC=0.9601399487156095, val_AP=0.9601452181882012
INFO - 11/05/25 18:10:30 - 0:14:05 - Epoch 222: train_loss=0.6874061822891235, train_AUC=0.9978185862985458, train_AP=0.996671554902631, time=0.3016211986541748
INFO - 11/05/25 18:10:30 - 0:14:05 - Epoch 222: val_AUC=0.9600867989938615, val_AP=0.9601924981569094
INFO - 11/05/25 18:10:31 - 0:14:06 - Epoch 223: train_loss=0.6879183053970337, train_AUC=0.9980632725647745, train_AP=0.9972662492434089, time=0.2952446937561035
INFO - 11/05/25 18:10:31 - 0:14:06 - Epoch 223: val_AUC=0.960239120801783, val_AP=0.9603472962996961
INFO - 11/05/25 18:10:31 - 0:14:06 - Epoch 224: train_loss=0.6891210675239563, train_AUC=0.9978179531445865, train_AP=0.9969141418246931, time=0.2946023941040039
INFO - 11/05/25 18:10:31 - 0:14:06 - Epoch 224: val_AUC=0.9604798218405036, val_AP=0.9606012588730666
INFO - 11/05/25 18:10:31 - 0:14:06 - Epoch 225: train_loss=0.6890536546707153, train_AUC=0.9977800206179023, train_AP=0.9968186210853008, time=0.29761290550231934
INFO - 11/05/25 18:10:32 - 0:14:07 - Epoch 225: val_AUC=0.960297972409389, val_AP=0.9603969175191527
INFO - 11/05/25 18:10:32 - 0:14:07 - Epoch 226: train_loss=0.6888260841369629, train_AUC=0.9980680794273639, train_AP=0.9972571917028806, time=0.2931857109069824
INFO - 11/05/25 18:10:32 - 0:14:07 - Epoch 226: val_AUC=0.9598757273977244, val_AP=0.9598393658323976
INFO - 11/05/25 18:10:32 - 0:14:07 - Epoch 227: train_loss=0.6893201470375061, train_AUC=0.9979105799583466, train_AP=0.997057578079983, time=0.2936573028564453
INFO - 11/05/25 18:10:32 - 0:14:07 - Epoch 227: val_AUC=0.9598829565744373, val_AP=0.9598895614760626
INFO - 11/05/25 18:10:33 - 0:14:08 - Epoch 228: train_loss=0.6890069246292114, train_AUC=0.9979240669302214, train_AP=0.9970624868826015, time=0.29483485221862793
INFO - 11/05/25 18:10:33 - 0:14:08 - Epoch 228: val_AUC=0.9599373281288691, val_AP=0.9599706233911355
INFO - 11/05/25 18:10:33 - 0:14:08 - Epoch 229: train_loss=0.6876201629638672, train_AUC=0.9980752531762004, train_AP=0.9972914227416689, time=0.295870304107666
INFO - 11/05/25 18:10:33 - 0:14:08 - Epoch 229: val_AUC=0.9597324675155418, val_AP=0.959832808005207
INFO - 11/05/25 18:10:33 - 0:14:08 - Epoch 230: train_loss=0.6876835227012634, train_AUC=0.9979393785126712, train_AP=0.9969148312316645, time=0.2936367988586426
INFO - 11/05/25 18:10:33 - 0:14:08 - Epoch 230: val_AUC=0.9595390106739303, val_AP=0.9597350230196551
INFO - 11/05/25 18:10:34 - 0:14:09 - Epoch 231: train_loss=0.6871868371963501, train_AUC=0.998122874455487, train_AP=0.997458297083605, time=0.29460740089416504
INFO - 11/05/25 18:10:34 - 0:14:09 - Epoch 231: val_AUC=0.9596206698249684, val_AP=0.9598740541417701
INFO - 11/05/25 18:10:34 - 0:14:09 - Epoch 232: train_loss=0.6859229207038879, train_AUC=0.9980585807090099, train_AP=0.9970961498806672, time=0.29489850997924805
INFO - 11/05/25 18:10:34 - 0:14:09 - Epoch 232: val_AUC=0.9598459961357506, val_AP=0.9602413868098564
INFO - 11/05/25 18:10:35 - 0:14:10 - Epoch 233: train_loss=0.6841722726821899, train_AUC=0.9981938243320282, train_AP=0.9975249964412674, time=0.2964465618133545
INFO - 11/05/25 18:10:35 - 0:14:10 - Epoch 233: val_AUC=0.9597729916328898, val_AP=0.9602062138481786
INFO - 11/05/25 18:10:35 - 0:14:10 - Epoch 234: train_loss=0.6841727495193481, train_AUC=0.9981646291538605, train_AP=0.9974037789459647, time=0.2948741912841797
INFO - 11/05/25 18:10:35 - 0:14:10 - Epoch 234: val_AUC=0.9596960161738067, val_AP=0.9601491505039494
INFO - 11/05/25 18:10:35 - 0:14:10 - Epoch 235: train_loss=0.6818690299987793, train_AUC=0.9982556559109532, train_AP=0.9975539273007469, time=0.29350852966308594
INFO - 11/05/25 18:10:35 - 0:14:10 - Epoch 235: val_AUC=0.959647448324623, val_AP=0.9600772886331354
INFO - 11/05/25 18:10:36 - 0:14:11 - Epoch 236: train_loss=0.6811031103134155, train_AUC=0.9983394263185955, train_AP=0.9978103210832516, time=0.298473596572876
INFO - 11/05/25 18:10:36 - 0:14:11 - Epoch 236: val_AUC=0.9596062114715429, val_AP=0.9600231719742159
INFO - 11/05/25 18:10:36 - 0:14:11 - Epoch 237: train_loss=0.6804158687591553, train_AUC=0.9981516295079956, train_AP=0.9973796495871663, time=0.2935009002685547
INFO - 11/05/25 18:10:36 - 0:14:11 - Epoch 237: val_AUC=0.9594288420936021, val_AP=0.9598455864648004
INFO - 11/05/25 18:10:37 - 0:14:12 - Epoch 238: train_loss=0.679887056350708, train_AUC=0.9983303946723693, train_AP=0.9976078701668557, time=0.29456639289855957
INFO - 11/05/25 18:10:37 - 0:14:12 - Epoch 238: val_AUC=0.959207283100262, val_AP=0.9596753221453457
INFO - 11/05/25 18:10:37 - 0:14:12 - Epoch 239: train_loss=0.6786177158355713, train_AUC=0.9982108795095258, train_AP=0.9974581675127409, time=0.2957632541656494
INFO - 11/05/25 18:10:37 - 0:14:12 - Epoch 239: val_AUC=0.9589600656205607, val_AP=0.9594886199816038
INFO - 11/05/25 18:10:37 - 0:14:12 - Epoch 240: train_loss=0.6795145273208618, train_AUC=0.9981282054533149, train_AP=0.9972959232320951, time=0.29570865631103516
INFO - 11/05/25 18:10:37 - 0:14:12 - Epoch 240: val_AUC=0.9589101741193031, val_AP=0.959434422553327
INFO - 11/05/25 18:10:38 - 0:14:13 - Epoch 241: train_loss=0.6765943765640259, train_AUC=0.9984130863406513, train_AP=0.99783302594429, time=0.2949991226196289
INFO - 11/05/25 18:10:38 - 0:14:13 - Epoch 241: val_AUC=0.9588366605194907, val_AP=0.9593524916271378
INFO - 11/05/25 18:10:38 - 0:14:13 - Epoch 242: train_loss=0.677444577217102, train_AUC=0.9983289297002879, train_AP=0.9976683071531893, time=0.29338502883911133
INFO - 11/05/25 18:10:38 - 0:14:13 - Epoch 242: val_AUC=0.9586077705300472, val_AP=0.9591879656034241
INFO - 11/05/25 18:10:38 - 0:14:13 - Epoch 243: train_loss=0.6776087284088135, train_AUC=0.9982415356089985, train_AP=0.9974993628030612, time=0.2936820983886719
INFO - 11/05/25 18:10:39 - 0:14:14 - Epoch 243: val_AUC=0.9585138930521706, val_AP=0.9591951474593361
INFO - 11/05/25 18:10:39 - 0:14:14 - Epoch 244: train_loss=0.6756688952445984, train_AUC=0.9983084576048591, train_AP=0.9975723238881511, time=0.29329538345336914
INFO - 11/05/25 18:10:39 - 0:14:14 - Epoch 244: val_AUC=0.958376029597675, val_AP=0.9590765585695814
INFO - 11/05/25 18:10:39 - 0:14:14 - Epoch 245: train_loss=0.6764395236968994, train_AUC=0.998224660250748, train_AP=0.9973389589926174, time=0.29534029960632324
INFO - 11/05/25 18:10:39 - 0:14:14 - Epoch 245: val_AUC=0.9581489723572575, val_AP=0.9588723990987571
INFO - 11/05/25 18:10:40 - 0:14:15 - Epoch 246: train_loss=0.6756039261817932, train_AUC=0.9982082981082516, train_AP=0.9974081233632432, time=0.29329657554626465
INFO - 11/05/25 18:10:40 - 0:14:15 - Epoch 246: val_AUC=0.9579473699644203, val_AP=0.9587021962563322
INFO - 11/05/25 18:10:40 - 0:14:15 - Epoch 247: train_loss=0.675254762172699, train_AUC=0.998353696499276, train_AP=0.9976275828988346, time=0.29290127754211426
INFO - 11/05/25 18:10:40 - 0:14:15 - Epoch 247: val_AUC=0.9579502209073493, val_AP=0.9587454212375385
INFO - 11/05/25 18:10:40 - 0:14:15 - Epoch 248: train_loss=0.6747687458992004, train_AUC=0.998315865770363, train_AP=0.9975663546043774, time=0.29433488845825195
INFO - 11/05/25 18:10:41 - 0:14:16 - Epoch 248: val_AUC=0.957727440081325, val_AP=0.9586180930018169
INFO - 11/05/25 18:10:41 - 0:14:16 - Epoch 249: train_loss=0.6729458570480347, train_AUC=0.9983114506002368, train_AP=0.9976257014629045, time=0.29332494735717773
INFO - 11/05/25 18:10:41 - 0:14:16 - Epoch 249: val_AUC=0.9573883815115537, val_AP=0.9584005800716405
INFO - 11/05/25 18:10:41 - 0:14:16 - Epoch 250: train_loss=0.6725990772247314, train_AUC=0.9983383068953507, train_AP=0.9975390127087211, time=0.326873779296875
INFO - 11/05/25 18:10:41 - 0:14:16 - Epoch 250: val_AUC=0.9571943137536003, val_AP=0.9582497608342966
INFO - 11/05/25 18:10:42 - 0:14:17 - Epoch 251: train_loss=0.6721104383468628, train_AUC=0.9984415802061444, train_AP=0.9976888773866195, time=0.30733299255371094
INFO - 11/05/25 18:10:42 - 0:14:17 - Epoch 251: val_AUC=0.9571681461702877, val_AP=0.9582367542269636
INFO - 11/05/25 18:10:42 - 0:14:17 - Epoch 252: train_loss=0.6716969609260559, train_AUC=0.9982821312569673, train_AP=0.9974377912492824, time=0.30893540382385254
INFO - 11/05/25 18:10:42 - 0:14:17 - Epoch 252: val_AUC=0.9569358961409635, val_AP=0.9580425192480715
INFO - 11/05/25 18:10:43 - 0:14:18 - Epoch 253: train_loss=0.6709514856338501, train_AUC=0.9984361556882183, train_AP=0.9978525052452135, time=0.3525815010070801
INFO - 11/05/25 18:10:43 - 0:14:18 - Epoch 253: val_AUC=0.9567564903752167, val_AP=0.9578995575433353
INFO - 11/05/25 18:10:43 - 0:14:18 - Epoch 254: train_loss=0.6701235175132751, train_AUC=0.9984633710934637, train_AP=0.9977895143194015, time=0.34781432151794434
INFO - 11/05/25 18:10:43 - 0:14:18 - Epoch 254: val_AUC=0.9568139165113582, val_AP=0.9579638741652216
INFO - 11/05/25 18:10:43 - 0:14:18 - Epoch 255: train_loss=0.6704162955284119, train_AUC=0.9982614152343525, train_AP=0.997441222947126, time=0.3553590774536133
INFO - 11/05/25 18:10:44 - 0:14:19 - Epoch 255: val_AUC=0.9567324609991008, val_AP=0.9579141516480658
INFO - 11/05/25 18:10:44 - 0:14:19 - Epoch 256: train_loss=0.6702675223350525, train_AUC=0.9982798490847826, train_AP=0.9974097666798537, time=0.35120129585266113
INFO - 11/05/25 18:10:44 - 0:14:19 - Epoch 256: val_AUC=0.956479745272322, val_AP=0.95770597093563
INFO - 11/05/25 18:10:44 - 0:14:19 - Epoch 257: train_loss=0.6695799827575684, train_AUC=0.9984044146851603, train_AP=0.9977776486904637, time=0.35613417625427246
INFO - 11/05/25 18:10:44 - 0:14:19 - Epoch 257: val_AUC=0.9564770979681737, val_AP=0.9576698263950674
INFO - 11/05/25 18:10:45 - 0:14:20 - Epoch 258: train_loss=0.6692293882369995, train_AUC=0.9982952378081043, train_AP=0.9974943587133625, time=0.3441295623779297
INFO - 11/05/25 18:10:45 - 0:14:20 - Epoch 258: val_AUC=0.9564885017398896, val_AP=0.9576742909930601
INFO - 11/05/25 18:10:45 - 0:14:20 - Epoch 259: train_loss=0.6676010489463806, train_AUC=0.9985212910313777, train_AP=0.9978304289689001, time=0.348527193069458
INFO - 11/05/25 18:10:45 - 0:14:20 - Epoch 259: val_AUC=0.9562078875001628, val_AP=0.9574612255161141
INFO - 11/05/25 18:10:46 - 0:14:21 - Epoch 260: train_loss=0.6669896841049194, train_AUC=0.9983804501160148, train_AP=0.9976988584025954, time=0.34341931343078613
INFO - 11/05/25 18:10:46 - 0:14:21 - Epoch 260: val_AUC=0.956131319318641, val_AP=0.9574297860907262
INFO - 11/05/25 18:10:46 - 0:14:21 - Epoch 261: train_loss=0.6669535636901855, train_AUC=0.99831824251937, train_AP=0.9974575838757969, time=0.36475443840026855
INFO - 11/05/25 18:10:46 - 0:14:21 - Epoch 261: val_AUC=0.9560651367149318, val_AP=0.9573846213264876
INFO - 11/05/25 18:10:47 - 0:14:22 - Epoch 262: train_loss=0.6648250818252563, train_AUC=0.9985602494612087, train_AP=0.9978642373137255, time=0.3502480983734131
INFO - 11/05/25 18:10:47 - 0:14:22 - Epoch 262: val_AUC=0.9557645658747018, val_AP=0.9571281107466697
INFO - 11/05/25 18:10:47 - 0:14:22 - Epoch 263: train_loss=0.6658758521080017, train_AUC=0.9983405739211542, train_AP=0.9972835379613261, time=0.36770200729370117
INFO - 11/05/25 18:10:47 - 0:14:22 - Epoch 263: val_AUC=0.9557564203234761, val_AP=0.9571577304393017
INFO - 11/05/25 18:10:48 - 0:14:23 - Epoch 264: train_loss=0.6646080017089844, train_AUC=0.9985173397632064, train_AP=0.997878870439655, time=0.37482237815856934
INFO - 11/05/25 18:10:48 - 0:14:23 - Epoch 264: val_AUC=0.9557071397385604, val_AP=0.9571748373676309
INFO - 11/05/25 18:10:48 - 0:14:23 - Epoch 265: train_loss=0.6642946004867554, train_AUC=0.9983996523811108, train_AP=0.9976575960520571, time=0.3492000102996826
INFO - 11/05/25 18:10:48 - 0:14:23 - Epoch 265: val_AUC=0.9554886353269298, val_AP=0.9570387811581673
INFO - 11/05/25 18:10:48 - 0:14:24 - Epoch 266: train_loss=0.6636571884155273, train_AUC=0.9984967988045794, train_AP=0.9977829557767272, time=0.3468594551086426
INFO - 11/05/25 18:10:49 - 0:14:24 - Epoch 266: val_AUC=0.9553737830546468, val_AP=0.9569626965579447
INFO - 11/05/25 18:10:49 - 0:14:24 - Epoch 267: train_loss=0.6623368263244629, train_AUC=0.9984294898715149, train_AP=0.9976734677585057, time=0.352297306060791
INFO - 11/05/25 18:10:49 - 0:14:24 - Epoch 267: val_AUC=0.9553281679677827, val_AP=0.9569367829963807
INFO - 11/05/25 18:10:49 - 0:14:24 - Epoch 268: train_loss=0.6623292565345764, train_AUC=0.9984854886847035, train_AP=0.9978683203762962, time=0.35000181198120117
INFO - 11/05/25 18:10:50 - 0:14:25 - Epoch 268: val_AUC=0.9550632339141655, val_AP=0.9567176688364581
INFO - 11/05/25 18:10:50 - 0:14:25 - Epoch 269: train_loss=0.6617375612258911, train_AUC=0.9984544849229455, train_AP=0.997687638604677, time=0.35344910621643066
INFO - 11/05/25 18:10:50 - 0:14:25 - Epoch 269: val_AUC=0.9550536628914751, val_AP=0.9567252463489971
INFO - 11/05/25 18:10:50 - 0:14:25 - Epoch 270: train_loss=0.6615175008773804, train_AUC=0.9984897395342056, train_AP=0.9978577913514319, time=0.3538198471069336
INFO - 11/05/25 18:10:50 - 0:14:25 - Epoch 270: val_AUC=0.9548408603657027, val_AP=0.9565704416604942
INFO - 11/05/25 18:10:51 - 0:14:26 - Epoch 271: train_loss=0.6606550812721252, train_AUC=0.9986086389790404, train_AP=0.9979748122902649, time=0.3494999408721924
INFO - 11/05/25 18:10:51 - 0:14:26 - Epoch 271: val_AUC=0.9546490326343365, val_AP=0.9564093134735263
INFO - 11/05/25 18:10:51 - 0:14:26 - Epoch 272: train_loss=0.6612287759780884, train_AUC=0.9985758697832665, train_AP=0.9979180301881335, time=0.35369205474853516
INFO - 11/05/25 18:10:51 - 0:14:26 - Epoch 272: val_AUC=0.9545948647186853, val_AP=0.9563565378663661
INFO - 11/05/25 18:10:52 - 0:14:27 - Epoch 273: train_loss=0.6601176261901855, train_AUC=0.9985149697067867, train_AP=0.9976645894406801, time=0.3513805866241455
INFO - 11/05/25 18:10:52 - 0:14:27 - Epoch 273: val_AUC=0.9543252469731132, val_AP=0.9561548234694554
INFO - 11/05/25 18:10:52 - 0:14:27 - Epoch 274: train_loss=0.6577633023262024, train_AUC=0.9986305112341287, train_AP=0.9979499840357003, time=0.3575742244720459
INFO - 11/05/25 18:10:52 - 0:14:27 - Epoch 274: val_AUC=0.9543252469731132, val_AP=0.9561832959443997
INFO - 11/05/25 18:10:53 - 0:14:28 - Epoch 275: train_loss=0.6579549312591553, train_AUC=0.9986046887675936, train_AP=0.9979539842397215, time=0.3448500633239746
INFO - 11/05/25 18:10:53 - 0:14:28 - Epoch 275: val_AUC=0.9542452169323202, val_AP=0.9561101866527353
INFO - 11/05/25 18:10:53 - 0:14:28 - Epoch 276: train_loss=0.6581078767776489, train_AUC=0.9984209777813887, train_AP=0.9977032097160478, time=0.3450613021850586
INFO - 11/05/25 18:10:53 - 0:14:28 - Epoch 276: val_AUC=0.953944849730871, val_AP=0.9558493149824053
INFO - 11/05/25 18:10:54 - 0:14:29 - Epoch 277: train_loss=0.6583074331283569, train_AUC=0.9986145860471186, train_AP=0.9979229003904879, time=0.34317898750305176
INFO - 11/05/25 18:10:54 - 0:14:29 - Epoch 277: val_AUC=0.9540419854292379, val_AP=0.9559328287935107
INFO - 11/05/25 18:10:54 - 0:14:29 - Epoch 278: train_loss=0.657385528087616, train_AUC=0.9985417405833553, train_AP=0.9978998436308384, time=0.34329700469970703
INFO - 11/05/25 18:10:54 - 0:14:29 - Epoch 278: val_AUC=0.9537482364881598, val_AP=0.9557267185017807
INFO - 11/05/25 18:10:54 - 0:14:29 - Epoch 279: train_loss=0.6572718024253845, train_AUC=0.9985513671653462, train_AP=0.9978951640211419, time=0.3451120853424072
INFO - 11/05/25 18:10:55 - 0:14:30 - Epoch 279: val_AUC=0.953871132492278, val_AP=0.9558525265101889
INFO - 11/05/25 18:10:55 - 0:14:30 - Epoch 280: train_loss=0.6554928421974182, train_AUC=0.998515482922541, train_AP=0.9976773370378106, time=0.34143686294555664
INFO - 11/05/25 18:10:55 - 0:14:30 - Epoch 280: val_AUC=0.9535558996598418, val_AP=0.9556013342332121
INFO - 11/05/25 18:10:55 - 0:14:30 - Epoch 281: train_loss=0.654869556427002, train_AUC=0.9985393173384804, train_AP=0.9978600254590704, time=0.30293846130371094
INFO - 11/05/25 18:10:55 - 0:14:30 - Epoch 281: val_AUC=0.9535601760742353, val_AP=0.955614096878812
INFO - 11/05/25 18:10:56 - 0:14:31 - Epoch 282: train_loss=0.6556084156036377, train_AUC=0.9986134004024863, train_AP=0.9980723485206247, time=0.29758381843566895
INFO - 11/05/25 18:10:56 - 0:14:31 - Epoch 282: val_AUC=0.9534102979316816, val_AP=0.9554904972031698
INFO - 11/05/25 18:10:56 - 0:14:31 - Epoch 283: train_loss=0.6549681425094604, train_AUC=0.9985621284930838, train_AP=0.9976605504178098, time=0.29872655868530273
INFO - 11/05/25 18:10:56 - 0:14:31 - Epoch 283: val_AUC=0.9533516499628563, val_AP=0.9554539778606546
INFO - 11/05/25 18:10:56 - 0:14:31 - Epoch 284: train_loss=0.653678297996521, train_AUC=0.9985239751110268, train_AP=0.9977666129923264, time=0.2951188087463379
INFO - 11/05/25 18:10:57 - 0:14:32 - Epoch 284: val_AUC=0.9532575688461992, val_AP=0.95536428316351
INFO - 11/05/25 18:10:57 - 0:14:32 - Epoch 285: train_loss=0.6532169580459595, train_AUC=0.9985615828711184, train_AP=0.9978830593307995, time=0.29744935035705566
INFO - 11/05/25 18:10:57 - 0:14:32 - Epoch 285: val_AUC=0.9533098021934341, val_AP=0.9554147299857063
INFO - 11/05/25 18:10:57 - 0:14:32 - Epoch 286: train_loss=0.6530280113220215, train_AUC=0.9984662716254676, train_AP=0.9973792815478839, time=0.29752039909362793
INFO - 11/05/25 18:10:57 - 0:14:32 - Epoch 286: val_AUC=0.9530966942094905, val_AP=0.9552577004900829
INFO - 11/05/25 18:10:58 - 0:14:33 - Epoch 287: train_loss=0.6523922085762024, train_AUC=0.9986122145817332, train_AP=0.9980525836562637, time=0.2985084056854248
INFO - 11/05/25 18:10:58 - 0:14:33 - Epoch 287: val_AUC=0.9531295818725647, val_AP=0.9552973340595282
INFO - 11/05/25 18:10:58 - 0:14:33 - Epoch 288: train_loss=0.652626097202301, train_AUC=0.9985576284327744, train_AP=0.9977930484302036, time=0.2969820499420166
INFO - 11/05/25 18:10:58 - 0:14:33 - Epoch 288: val_AUC=0.9529176957213048, val_AP=0.9551352945907688
INFO - 11/05/25 18:10:58 - 0:14:33 - Epoch 289: train_loss=0.6516388654708862, train_AUC=0.9985333385686741, train_AP=0.9978161766733937, time=0.297504186630249
INFO - 11/05/25 18:10:59 - 0:14:34 - Epoch 289: val_AUC=0.9530440535846941, val_AP=0.9552441027957121
INFO - 11/05/25 18:10:59 - 0:14:34 - Epoch 290: train_loss=0.6513466835021973, train_AUC=0.9986186982896205, train_AP=0.9979669134317719, time=0.29691338539123535
INFO - 11/05/25 18:10:59 - 0:14:34 - Epoch 290: val_AUC=0.9528482548971053, val_AP=0.955112850709727
INFO - 11/05/25 18:10:59 - 0:14:34 - Epoch 291: train_loss=0.6510413289070129, train_AUC=0.9985498173030816, train_AP=0.9979105912219803, time=0.30066633224487305
INFO - 11/05/25 18:10:59 - 0:14:34 - Epoch 291: val_AUC=0.9528252437148926, val_AP=0.9551046043049567
INFO - 11/05/25 18:11:00 - 0:14:35 - Epoch 292: train_loss=0.648656964302063, train_AUC=0.9987922934304968, train_AP=0.9982975798633864, time=0.30000782012939453
INFO - 11/05/25 18:11:00 - 0:14:35 - Epoch 292: val_AUC=0.9528407202622217, val_AP=0.9551157314144793
INFO - 11/05/25 18:11:00 - 0:14:35 - Epoch 293: train_loss=0.6494303941726685, train_AUC=0.998673025365012, train_AP=0.998061183717013, time=0.29767298698425293
INFO - 11/05/25 18:11:00 - 0:14:35 - Epoch 293: val_AUC=0.9525552186917593, val_AP=0.9548810545179884
INFO - 11/05/25 18:11:00 - 0:14:35 - Epoch 294: train_loss=0.649034857749939, train_AUC=0.9986761913109289, train_AP=0.9979799809883814, time=0.29971885681152344
INFO - 11/05/25 18:11:01 - 0:14:36 - Epoch 294: val_AUC=0.9525313929544241, val_AP=0.9548840285667644
INFO - 11/05/25 18:11:01 - 0:14:36 - Epoch 295: train_loss=0.6482890844345093, train_AUC=0.9987399036829361, train_AP=0.9980950809785771, time=0.2969367504119873
INFO - 11/05/25 18:11:01 - 0:14:36 - Epoch 295: val_AUC=0.9521226899216724, val_AP=0.9545607280680772
INFO - 11/05/25 18:11:01 - 0:14:36 - Epoch 296: train_loss=0.6470736861228943, train_AUC=0.9987662983656641, train_AP=0.9982250889364371, time=0.3005411624908447
INFO - 11/05/25 18:11:01 - 0:14:36 - Epoch 296: val_AUC=0.9522538332964068, val_AP=0.9546531173835132
INFO - 11/05/25 18:11:02 - 0:14:37 - Epoch 297: train_loss=0.6481886506080627, train_AUC=0.9987875480340357, train_AP=0.9982632866023782, time=0.29729700088500977
INFO - 11/05/25 18:11:02 - 0:14:37 - Epoch 297: val_AUC=0.9521389810241238, val_AP=0.9545757955700175
INFO - 11/05/25 18:11:02 - 0:14:37 - Epoch 298: train_loss=0.6477410197257996, train_AUC=0.9986793070624428, train_AP=0.9981062187818911, time=0.2987799644470215
INFO - 11/05/25 18:11:02 - 0:14:37 - Epoch 298: val_AUC=0.9520858313023759, val_AP=0.9545459705205039
INFO - 11/05/25 18:11:02 - 0:14:37 - Epoch 299: train_loss=0.6469912528991699, train_AUC=0.9986351493730762, train_AP=0.9979399677495777, time=0.29958295822143555
INFO - 11/05/25 18:11:03 - 0:14:38 - Epoch 299: val_AUC=0.9521430537997368, val_AP=0.9545703548337524
INFO - 11/05/25 18:11:03 - 0:14:38 - Epoch 300: train_loss=0.6456425786018372, train_AUC=0.9987602028278257, train_AP=0.9980440071507941, time=0.29774904251098633
INFO - 11/05/25 18:11:03 - 0:14:38 - Epoch 300: val_AUC=0.9519581497869123, val_AP=0.9544024759925362
INFO - 11/05/25 18:11:03 - 0:14:38 - best_epoch=166
INFO - 11/05/25 18:11:03 - 0:14:38 - test_auc= 96.18%, test_ap= 96.13%
INFO - 11/05/25 18:11:03 - 0:14:38 - ----LP Task----
INFO - 11/05/25 18:11:03 - 0:14:38 - test AUC: 0.9596975434646614~0.004066103699264017
INFO - 11/05/25 18:11:03 - 0:14:38 - test AP: 0.9599223119475854~0.002858166945584997
