INFO - 11/08/25 15:56:36 - 0:00:00 - Namespace(backbone='gcn', coef_dis=1.0, dataset='Pubmed', devices='0,1', downstream_task='LP', drop_cls=0.0, drop_edge_cls=0.0, edge_split_method='random', embed_features=16, epochs_cls=5000, epochs_lp=5000, eval_freq=1, exp_iters=10, gpu=0, hidden_features=32, hidden_features_cls=32, in_features=None, init_curvs=[-3, -1, 0, 1, 3], log_path='./results/Train/LP_gcn_Pubmed_20251108_155636.log', lr_Riemann=0.01, lr_cls=0.01, lr_gating=0.001, min_epoch_cls=200, min_epoch_lp=200, n_heads=8, n_layers=2, num_factors=5, num_factors_cls=5, patience_cls=100, patience_lp=100, r=2.0, root_path='./datasets', sample_hop=[1], t=1.0, version='Train', w_decay=0.0, w_decay_cls=0.0005, w_decay_gating=0.0)
INFO - 11/08/25 16:02:32 - 0:05:56 - Using RandomLinkSplit edge splitting method
INFO - 11/08/25 16:02:39 - 0:06:03 - 
                                     train iters 0
INFO - 11/08/25 16:02:39 - 0:06:03 - --------------------------Training Start-------------------------
INFO - 11/08/25 16:02:49 - 0:06:13 - Epoch 0: train_loss=5.836730480194092, train_AUC=0.9963369359379143, train_AP=0.9961714564960518, time=10.205971717834473
INFO - 11/08/25 16:02:50 - 0:06:14 - Epoch 0: val_AUC=0.7628115266066285, val_AP=0.816161029553147
INFO - 11/08/25 16:02:52 - 0:06:16 - Epoch 1: train_loss=2.4483444690704346, train_AUC=0.9137693637184751, train_AP=0.9393186195252323, time=2.18019700050354
INFO - 11/08/25 16:02:52 - 0:06:16 - Epoch 1: val_AUC=0.6058075540212957, val_AP=0.6858098176475277
INFO - 11/08/25 16:02:52 - 0:06:17 - Epoch 2: train_loss=4.555916786193848, train_AUC=0.6568266546109738, train_AP=0.7476632540255607, time=0.44971799850463867
INFO - 11/08/25 16:02:52 - 0:06:17 - Epoch 2: val_AUC=0.6112216982822662, val_AP=0.675800828238827
INFO - 11/08/25 16:02:53 - 0:06:17 - Epoch 3: train_loss=4.519230842590332, train_AUC=0.632856545236292, train_AP=0.7139706625278256, time=0.2397627830505371
INFO - 11/08/25 16:02:53 - 0:06:17 - Epoch 3: val_AUC=0.623217244294856, val_AP=0.6836921001731058
INFO - 11/08/25 16:02:53 - 0:06:17 - Epoch 4: train_loss=4.228761196136475, train_AUC=0.6420191791284704, train_AP=0.7169624178231895, time=0.21196913719177246
INFO - 11/08/25 16:02:53 - 0:06:17 - Epoch 4: val_AUC=0.6901354930990888, val_AP=0.7296476036285477
INFO - 11/08/25 16:02:53 - 0:06:17 - Epoch 5: train_loss=3.2619175910949707, train_AUC=0.7199646182507203, train_AP=0.7706682659082307, time=0.21095490455627441
INFO - 11/08/25 16:02:53 - 0:06:17 - Epoch 5: val_AUC=0.7436367972018403, val_AP=0.7669554027329832
INFO - 11/08/25 16:02:53 - 0:06:18 - Epoch 6: train_loss=2.938173770904541, train_AUC=0.7774719336921919, train_AP=0.8116346033437478, time=0.2729020118713379
INFO - 11/08/25 16:02:53 - 0:06:18 - Epoch 6: val_AUC=0.7888768832514432, val_AP=0.7983067222003166
INFO - 11/08/25 16:02:54 - 0:06:18 - Epoch 7: train_loss=2.6738412380218506, train_AUC=0.82692843218492, train_AP=0.8460537961817707, time=0.2662372589111328
INFO - 11/08/25 16:02:54 - 0:06:18 - Epoch 7: val_AUC=0.803558526600112, val_AP=0.8107111295736247
INFO - 11/08/25 16:02:54 - 0:06:18 - Epoch 8: train_loss=2.5500903129577637, train_AUC=0.841423846598984, train_AP=0.8589519573993235, time=0.2605297565460205
INFO - 11/08/25 16:02:54 - 0:06:18 - Epoch 8: val_AUC=0.8151104455290697, val_AP=0.8195493326637396
INFO - 11/08/25 16:02:54 - 0:06:19 - Epoch 9: train_loss=2.3532090187072754, train_AUC=0.8536960778190803, train_AP=0.8673765611133358, time=0.2586688995361328
INFO - 11/08/25 16:02:54 - 0:06:19 - Epoch 9: val_AUC=0.8306413644124124, val_AP=0.830559692557628
INFO - 11/08/25 16:02:55 - 0:06:19 - Epoch 10: train_loss=2.149961471557617, train_AUC=0.870964897313284, train_AP=0.8784287992392218, time=0.2818148136138916
INFO - 11/08/25 16:02:55 - 0:06:19 - Epoch 10: val_AUC=0.8364540297671025, val_AP=0.8350659500565445
INFO - 11/08/25 16:02:55 - 0:06:19 - Epoch 11: train_loss=2.09397029876709, train_AUC=0.8754897939893208, train_AP=0.8803149828489081, time=0.2609567642211914
INFO - 11/08/25 16:02:55 - 0:06:19 - Epoch 11: val_AUC=0.8399808498090684, val_AP=0.8373578027898207
INFO - 11/08/25 16:02:55 - 0:06:20 - Epoch 12: train_loss=2.037022113800049, train_AUC=0.8798663438374957, train_AP=0.8847137869231351, time=0.27055859565734863
INFO - 11/08/25 16:02:55 - 0:06:20 - Epoch 12: val_AUC=0.8464103370303276, val_AP=0.842013028833788
INFO - 11/08/25 16:02:56 - 0:06:20 - Epoch 13: train_loss=2.0031723976135254, train_AUC=0.8865576918799087, train_AP=0.8894484979522681, time=0.2580833435058594
INFO - 11/08/25 16:02:56 - 0:06:20 - Epoch 13: val_AUC=0.8527164191505168, val_AP=0.8477698790106849
INFO - 11/08/25 16:02:56 - 0:06:20 - Epoch 14: train_loss=1.9854793548583984, train_AUC=0.8914611589694176, train_AP=0.8940436842083578, time=0.2586383819580078
INFO - 11/08/25 16:02:56 - 0:06:20 - Epoch 14: val_AUC=0.8596855491404815, val_AP=0.8540534646402168
INFO - 11/08/25 16:02:56 - 0:06:21 - Epoch 15: train_loss=1.9317704439163208, train_AUC=0.9004640670506597, train_AP=0.9017062723175403, time=0.26610875129699707
INFO - 11/08/25 16:02:56 - 0:06:21 - Epoch 15: val_AUC=0.8654757124099103, val_AP=0.8588087625476262
INFO - 11/08/25 16:02:57 - 0:06:21 - Epoch 16: train_loss=1.8492841720581055, train_AUC=0.9050894025507533, train_AP=0.9038133530872547, time=0.25664734840393066
INFO - 11/08/25 16:02:57 - 0:06:21 - Epoch 16: val_AUC=0.87094025726909, val_AP=0.8627445839156422
INFO - 11/08/25 16:02:57 - 0:06:21 - Epoch 17: train_loss=1.7884924411773682, train_AUC=0.911404602720086, train_AP=0.9095017031589429, time=0.28353166580200195
INFO - 11/08/25 16:02:57 - 0:06:21 - Epoch 17: val_AUC=0.8763205974924735, val_AP=0.867170998583723
INFO - 11/08/25 16:02:57 - 0:06:22 - Epoch 18: train_loss=1.703384280204773, train_AUC=0.9176064191930389, train_AP=0.9145282277125477, time=0.22258496284484863
INFO - 11/08/25 16:02:57 - 0:06:22 - Epoch 18: val_AUC=0.8799906774166222, val_AP=0.8705648694341088
INFO - 11/08/25 16:02:58 - 0:06:22 - Epoch 19: train_loss=1.6569015979766846, train_AUC=0.9231796083613029, train_AP=0.917932068435458, time=0.2233428955078125
INFO - 11/08/25 16:02:58 - 0:06:22 - Epoch 19: val_AUC=0.8819858283699775, val_AP=0.8723534013176613
INFO - 11/08/25 16:02:58 - 0:06:22 - Epoch 20: train_loss=1.6110405921936035, train_AUC=0.9253601419875597, train_AP=0.9200261533223266, time=0.24678254127502441
INFO - 11/08/25 16:02:58 - 0:06:22 - Epoch 20: val_AUC=0.8844353992623389, val_AP=0.8737464386510142
INFO - 11/08/25 16:02:58 - 0:06:23 - Epoch 21: train_loss=1.5631181001663208, train_AUC=0.9272833776956515, train_AP=0.9211846573907277, time=0.21672749519348145
INFO - 11/08/25 16:02:58 - 0:06:23 - Epoch 21: val_AUC=0.8859753157215655, val_AP=0.8745559112241332
INFO - 11/08/25 16:02:59 - 0:06:23 - Epoch 22: train_loss=1.5309712886810303, train_AUC=0.9279889433333273, train_AP=0.9212416583883926, time=0.2179725170135498
INFO - 11/08/25 16:02:59 - 0:06:23 - Epoch 22: val_AUC=0.8877560350389032, val_AP=0.876039238095742
INFO - 11/08/25 16:02:59 - 0:06:23 - Epoch 23: train_loss=1.509812355041504, train_AUC=0.9279507332404009, train_AP=0.9211865807703122, time=0.21700382232666016
INFO - 11/08/25 16:02:59 - 0:06:23 - Epoch 23: val_AUC=0.890199394948455, val_AP=0.8785051296773563
INFO - 11/08/25 16:02:59 - 0:06:23 - Epoch 24: train_loss=1.4739055633544922, train_AUC=0.9304189068610667, train_AP=0.9230462644742916, time=0.22575712203979492
INFO - 11/08/25 16:02:59 - 0:06:23 - Epoch 24: val_AUC=0.8924893130367919, val_AP=0.881023919907975
INFO - 11/08/25 16:02:59 - 0:06:24 - Epoch 25: train_loss=1.4374125003814697, train_AUC=0.9332316803800547, train_AP=0.9247683271000909, time=0.22240900993347168
INFO - 11/08/25 16:02:59 - 0:06:24 - Epoch 25: val_AUC=0.8942526212383844, val_AP=0.883162330681749
INFO - 11/08/25 16:03:00 - 0:06:24 - Epoch 26: train_loss=1.4116970300674438, train_AUC=0.9358403414418144, train_AP=0.9276952967960851, time=0.22272658348083496
INFO - 11/08/25 16:03:00 - 0:06:24 - Epoch 26: val_AUC=0.8958578039268073, val_AP=0.8849931027384164
INFO - 11/08/25 16:03:00 - 0:06:24 - Epoch 27: train_loss=1.3944571018218994, train_AUC=0.9376892230361248, train_AP=0.9294875791782191, time=0.2186737060546875
INFO - 11/08/25 16:03:00 - 0:06:24 - Epoch 27: val_AUC=0.8976950330057735, val_AP=0.8869937546741619
INFO - 11/08/25 16:03:00 - 0:06:25 - Epoch 28: train_loss=1.3784894943237305, train_AUC=0.9391203241106345, train_AP=0.931005233827387, time=0.21298766136169434
INFO - 11/08/25 16:03:00 - 0:06:25 - Epoch 28: val_AUC=0.8995490622841428, val_AP=0.8889465203757597
INFO - 11/08/25 16:03:01 - 0:06:25 - Epoch 29: train_loss=1.353819727897644, train_AUC=0.9412431461497799, train_AP=0.933376814083299, time=0.2339460849761963
INFO - 11/08/25 16:03:01 - 0:06:25 - Epoch 29: val_AUC=0.9012672644958231, val_AP=0.890742620880072
INFO - 11/08/25 16:03:01 - 0:06:25 - Epoch 30: train_loss=1.3367223739624023, train_AUC=0.9419418696739194, train_AP=0.9334367368701527, time=0.21937274932861328
INFO - 11/08/25 16:03:01 - 0:06:25 - Epoch 30: val_AUC=0.9030272126575349, val_AP=0.8923873014343915
INFO - 11/08/25 16:03:01 - 0:06:25 - Epoch 31: train_loss=1.3189401626586914, train_AUC=0.9428388189966133, train_AP=0.9339804573940058, time=0.2140522003173828
INFO - 11/08/25 16:03:01 - 0:06:25 - Epoch 31: val_AUC=0.9048336922806242, val_AP=0.8941393960194126
INFO - 11/08/25 16:03:01 - 0:06:26 - Epoch 32: train_loss=1.3010156154632568, train_AUC=0.9446459853435895, train_AP=0.9359166814031438, time=0.2243952751159668
INFO - 11/08/25 16:03:01 - 0:06:26 - Epoch 32: val_AUC=0.9066167534439391, val_AP=0.8959422968827473
INFO - 11/08/25 16:03:02 - 0:06:26 - Epoch 33: train_loss=1.2840900421142578, train_AUC=0.9457461214330497, train_AP=0.9363899696049224, time=0.2723374366760254
INFO - 11/08/25 16:03:02 - 0:06:26 - Epoch 33: val_AUC=0.9084440042226538, val_AP=0.8979387640669899
INFO - 11/08/25 16:03:02 - 0:06:26 - Epoch 34: train_loss=1.2635966539382935, train_AUC=0.9486283483308903, train_AP=0.9399702084774715, time=0.25889086723327637
INFO - 11/08/25 16:03:02 - 0:06:26 - Epoch 34: val_AUC=0.9100953110948924, val_AP=0.8998389875568328
INFO - 11/08/25 16:03:02 - 0:06:27 - Epoch 35: train_loss=1.2535381317138672, train_AUC=0.9489815434483146, train_AP=0.9402924535403894, time=0.25852036476135254
INFO - 11/08/25 16:03:02 - 0:06:27 - Epoch 35: val_AUC=0.9115971471021388, val_AP=0.9016307593950365
INFO - 11/08/25 16:03:03 - 0:06:27 - Epoch 36: train_loss=1.2368314266204834, train_AUC=0.9509792375336492, train_AP=0.9416524557531057, time=0.26534390449523926
INFO - 11/08/25 16:03:03 - 0:06:27 - Epoch 36: val_AUC=0.9130930775847462, val_AP=0.9032827905475862
INFO - 11/08/25 16:03:03 - 0:06:27 - Epoch 37: train_loss=1.2264468669891357, train_AUC=0.9519885978380311, train_AP=0.9427730280640673, time=0.2618086338043213
INFO - 11/08/25 16:03:03 - 0:06:27 - Epoch 37: val_AUC=0.9144904468975223, val_AP=0.9047202179138145
INFO - 11/08/25 16:03:03 - 0:06:28 - Epoch 38: train_loss=1.2128472328186035, train_AUC=0.9539006014477224, train_AP=0.9450547080411977, time=0.2602813243865967
INFO - 11/08/25 16:03:03 - 0:06:28 - Epoch 38: val_AUC=0.9158908707920084, val_AP=0.9061707289192045
INFO - 11/08/25 16:03:04 - 0:06:28 - Epoch 39: train_loss=1.1993227005004883, train_AUC=0.9551378922460458, train_AP=0.9458864671265439, time=0.25965261459350586
INFO - 11/08/25 16:03:04 - 0:06:28 - Epoch 39: val_AUC=0.9172177810866816, val_AP=0.9075208278643561
INFO - 11/08/25 16:03:04 - 0:06:28 - Epoch 40: train_loss=1.1903672218322754, train_AUC=0.9556392716319152, train_AP=0.9465338519797537, time=0.26595354080200195
INFO - 11/08/25 16:03:04 - 0:06:28 - Epoch 40: val_AUC=0.9185206620052392, val_AP=0.9088768145816555
INFO - 11/08/25 16:03:04 - 0:06:29 - Epoch 41: train_loss=1.1776548624038696, train_AUC=0.9566846100514418, train_AP=0.9472655611699294, time=0.27080416679382324
INFO - 11/08/25 16:03:04 - 0:06:29 - Epoch 41: val_AUC=0.919619191407421, val_AP=0.9099859481318678
INFO - 11/08/25 16:03:05 - 0:06:29 - Epoch 42: train_loss=1.165761947631836, train_AUC=0.9578813671962871, train_AP=0.9485906484503865, time=0.2637507915496826
INFO - 11/08/25 16:03:05 - 0:06:29 - Epoch 42: val_AUC=0.9207855325235568, val_AP=0.9111414883956134
INFO - 11/08/25 16:03:05 - 0:06:29 - Epoch 43: train_loss=1.1553980112075806, train_AUC=0.9585858102405453, train_AP=0.9490619385166558, time=0.2775404453277588
INFO - 11/08/25 16:03:05 - 0:06:29 - Epoch 43: val_AUC=0.922010419789128, val_AP=0.9123626673626825
INFO - 11/08/25 16:03:05 - 0:06:30 - Epoch 44: train_loss=1.1419024467468262, train_AUC=0.960044425421028, train_AP=0.9509909971482753, time=0.2717275619506836
INFO - 11/08/25 16:03:05 - 0:06:30 - Epoch 44: val_AUC=0.9233016932971887, val_AP=0.9137608426099608
INFO - 11/08/25 16:03:06 - 0:06:30 - Epoch 45: train_loss=1.1319243907928467, train_AUC=0.9608783087347272, train_AP=0.9516301395834526, time=0.2887763977050781
INFO - 11/08/25 16:03:06 - 0:06:30 - Epoch 45: val_AUC=0.9245596718646143, val_AP=0.9150837816361086
INFO - 11/08/25 16:03:06 - 0:06:30 - Epoch 46: train_loss=1.1202671527862549, train_AUC=0.9620043021626236, train_AP=0.9529041661200928, time=0.26422119140625
INFO - 11/08/25 16:03:06 - 0:06:30 - Epoch 46: val_AUC=0.9259103060772328, val_AP=0.9165963488184561
INFO - 11/08/25 16:03:06 - 0:06:31 - Epoch 47: train_loss=1.1080148220062256, train_AUC=0.9632271644477467, train_AP=0.9544515187563588, time=0.26561617851257324
INFO - 11/08/25 16:03:07 - 0:06:31 - Epoch 47: val_AUC=0.9271892594390647, val_AP=0.9180503313904473
INFO - 11/08/25 16:03:07 - 0:06:31 - Epoch 48: train_loss=1.1015994548797607, train_AUC=0.9634198817187953, train_AP=0.9547543525554871, time=0.2628293037414551
INFO - 11/08/25 16:03:07 - 0:06:31 - Epoch 48: val_AUC=0.9283338112056719, val_AP=0.919171842126989
INFO - 11/08/25 16:03:07 - 0:06:31 - Epoch 49: train_loss=1.0924732685089111, train_AUC=0.9643674261189958, train_AP=0.9555224132437625, time=0.2630727291107178
INFO - 11/08/25 16:03:07 - 0:06:31 - Epoch 49: val_AUC=0.92943122059456, val_AP=0.9202236484315554
INFO - 11/08/25 16:03:07 - 0:06:32 - Epoch 50: train_loss=1.0813484191894531, train_AUC=0.9651636398542337, train_AP=0.955922483471617, time=0.269458532333374
INFO - 11/08/25 16:03:08 - 0:06:32 - Epoch 50: val_AUC=0.9306328930391377, val_AP=0.9215137481819612
INFO - 11/08/25 16:03:08 - 0:06:32 - Epoch 51: train_loss=1.0719740390777588, train_AUC=0.966106516527207, train_AP=0.9571148472589602, time=0.261411190032959
INFO - 11/08/25 16:03:08 - 0:06:32 - Epoch 51: val_AUC=0.9319232501726856, val_AP=0.9228512290281705
INFO - 11/08/25 16:03:08 - 0:06:32 - Epoch 52: train_loss=1.0627361536026, train_AUC=0.9670021592103394, train_AP=0.9578086062137376, time=0.2639024257659912
INFO - 11/08/25 16:03:08 - 0:06:33 - Epoch 52: val_AUC=0.9330162813277901, val_AP=0.9239133121352583
INFO - 11/08/25 16:03:09 - 0:06:33 - Epoch 53: train_loss=1.0536609888076782, train_AUC=0.967484273103777, train_AP=0.9578782062692377, time=0.27680492401123047
INFO - 11/08/25 16:03:09 - 0:06:33 - Epoch 53: val_AUC=0.9342615324714255, val_AP=0.9251511866699591
INFO - 11/08/25 16:03:09 - 0:06:33 - Epoch 54: train_loss=1.047041893005371, train_AUC=0.9680263029111564, train_AP=0.95877944881067, time=0.2620124816894531
INFO - 11/08/25 16:03:09 - 0:06:33 - Epoch 54: val_AUC=0.9354021132818099, val_AP=0.9263187102194949
INFO - 11/08/25 16:03:09 - 0:06:33 - Epoch 55: train_loss=1.0416111946105957, train_AUC=0.9680833052601615, train_AP=0.9585936242146078, time=0.26476192474365234
INFO - 11/08/25 16:03:09 - 0:06:34 - Epoch 55: val_AUC=0.936549414171956, val_AP=0.9276698105155767
INFO - 11/08/25 16:03:10 - 0:06:34 - Epoch 56: train_loss=1.0308640003204346, train_AUC=0.9696779245528966, train_AP=0.9605749477332489, time=0.2664172649383545
INFO - 11/08/25 16:03:10 - 0:06:34 - Epoch 56: val_AUC=0.937597746614709, val_AP=0.9288742148191048
INFO - 11/08/25 16:03:10 - 0:06:34 - Epoch 57: train_loss=1.0230883359909058, train_AUC=0.9707659257491873, train_AP=0.9621788532848963, time=0.26604700088500977
INFO - 11/08/25 16:03:10 - 0:06:34 - Epoch 57: val_AUC=0.9386179769057331, val_AP=0.9299563017704441
INFO - 11/08/25 16:03:10 - 0:06:34 - Epoch 58: train_loss=1.0167607069015503, train_AUC=0.9718123450215229, train_AP=0.9633647994049062, time=0.26372218132019043
INFO - 11/08/25 16:03:10 - 0:06:35 - Epoch 58: val_AUC=0.9396590801717734, val_AP=0.9310135107841172
INFO - 11/08/25 16:03:11 - 0:06:35 - Epoch 59: train_loss=1.0090185403823853, train_AUC=0.9721841425368987, train_AP=0.9633758933684703, time=0.27065587043762207
INFO - 11/08/25 16:03:11 - 0:06:35 - Epoch 59: val_AUC=0.9407036452970845, val_AP=0.9321655006030022
INFO - 11/08/25 16:03:11 - 0:06:35 - Epoch 60: train_loss=1.0051217079162598, train_AUC=0.9722102545458841, train_AP=0.96346780094399, time=0.26481199264526367
INFO - 11/08/25 16:03:11 - 0:06:35 - Epoch 60: val_AUC=0.9417912800245019, val_AP=0.93339513851773
INFO - 11/08/25 16:03:11 - 0:06:35 - Epoch 61: train_loss=0.9955712556838989, train_AUC=0.9739243646968044, train_AP=0.966008087308685, time=0.26111412048339844
INFO - 11/08/25 16:03:11 - 0:06:36 - Epoch 61: val_AUC=0.9428542744594612, val_AP=0.9346171714810811
INFO - 11/08/25 16:03:12 - 0:06:36 - Epoch 62: train_loss=0.9893366098403931, train_AUC=0.9742108405333076, train_AP=0.9655947751609951, time=0.2696092128753662
INFO - 11/08/25 16:03:12 - 0:06:36 - Epoch 62: val_AUC=0.9438472171538793, val_AP=0.9357204089156621
INFO - 11/08/25 16:03:12 - 0:06:36 - Epoch 63: train_loss=0.9839856028556824, train_AUC=0.9750027778815403, train_AP=0.9667776851399208, time=0.28977370262145996
INFO - 11/08/25 16:03:12 - 0:06:36 - Epoch 63: val_AUC=0.9447410895815141, val_AP=0.9366960428319885
INFO - 11/08/25 16:03:12 - 0:06:37 - Epoch 64: train_loss=0.9753876328468323, train_AUC=0.9766815451847238, train_AP=0.9692351124698716, time=0.2616100311279297
INFO - 11/08/25 16:03:12 - 0:06:37 - Epoch 64: val_AUC=0.9456158199637686, val_AP=0.9376573255998912
INFO - 11/08/25 16:03:13 - 0:06:37 - Epoch 65: train_loss=0.9714312553405762, train_AUC=0.976658375624472, train_AP=0.9688190162687172, time=0.2634749412536621
INFO - 11/08/25 16:03:13 - 0:06:37 - Epoch 65: val_AUC=0.9464483971184299, val_AP=0.9385714012974338
INFO - 11/08/25 16:03:13 - 0:06:37 - Epoch 66: train_loss=0.963807225227356, train_AUC=0.9774544998903882, train_AP=0.969683073515205, time=0.26082587242126465
INFO - 11/08/25 16:03:13 - 0:06:37 - Epoch 66: val_AUC=0.9471795621603305, val_AP=0.9393789833130597
INFO - 11/08/25 16:03:13 - 0:06:38 - Epoch 67: train_loss=0.9575066566467285, train_AUC=0.9786760580016397, train_AP=0.9718621038667519, time=0.26846861839294434
INFO - 11/08/25 16:03:13 - 0:06:38 - Epoch 67: val_AUC=0.9478988143335636, val_AP=0.940177847861339
INFO - 11/08/25 16:03:14 - 0:06:38 - Epoch 68: train_loss=0.9527509808540344, train_AUC=0.9787913471480016, train_AP=0.9716091761774043, time=0.2632005214691162
INFO - 11/08/25 16:03:14 - 0:06:38 - Epoch 68: val_AUC=0.9486231574763127, val_AP=0.9410679613555502
INFO - 11/08/25 16:03:14 - 0:06:38 - Epoch 69: train_loss=0.9466294050216675, train_AUC=0.9798171722732548, train_AP=0.9732985219262411, time=0.2607862949371338
INFO - 11/08/25 16:03:14 - 0:06:38 - Epoch 69: val_AUC=0.9493853774322615, val_AP=0.9419983803272709
INFO - 11/08/25 16:03:14 - 0:06:39 - Epoch 70: train_loss=0.9438056945800781, train_AUC=0.9796409902713623, train_AP=0.972332568945098, time=0.28164005279541016
INFO - 11/08/25 16:03:14 - 0:06:39 - Epoch 70: val_AUC=0.9500349851425145, val_AP=0.9427805794062312
INFO - 11/08/25 16:03:15 - 0:06:39 - Epoch 71: train_loss=0.9389137029647827, train_AUC=0.979905130655305, train_AP=0.973221029048939, time=0.2577962875366211
INFO - 11/08/25 16:03:15 - 0:06:39 - Epoch 71: val_AUC=0.9507128986432771, val_AP=0.9435919590470845
INFO - 11/08/25 16:03:15 - 0:06:39 - Epoch 72: train_loss=0.9330034255981445, train_AUC=0.980617315789937, train_AP=0.9735432859697288, time=0.23491144180297852
INFO - 11/08/25 16:03:15 - 0:06:39 - Epoch 72: val_AUC=0.951347640722543, val_AP=0.9443749537238854
INFO - 11/08/25 16:03:15 - 0:06:39 - Epoch 73: train_loss=0.9278053045272827, train_AUC=0.9817490611441629, train_AP=0.9753071274291573, time=0.22695302963256836
INFO - 11/08/25 16:03:15 - 0:06:40 - Epoch 73: val_AUC=0.9519605934522802, val_AP=0.945140835236027
INFO - 11/08/25 16:03:16 - 0:06:40 - Epoch 74: train_loss=0.923461377620697, train_AUC=0.9818911019699357, train_AP=0.9749531811612328, time=0.2895371913909912
INFO - 11/08/25 16:03:16 - 0:06:40 - Epoch 74: val_AUC=0.9525375021178433, val_AP=0.9458930112231334
INFO - 11/08/25 16:03:16 - 0:06:40 - Epoch 75: train_loss=0.9179433584213257, train_AUC=0.9829185162323726, train_AP=0.976735009648542, time=0.2629363536834717
INFO - 11/08/25 16:03:16 - 0:06:40 - Epoch 75: val_AUC=0.9530301043282201, val_AP=0.9465301002289759
INFO - 11/08/25 16:03:16 - 0:06:41 - Epoch 76: train_loss=0.9119744300842285, train_AUC=0.9836175263049105, train_AP=0.9778877583236614, time=0.2623598575592041
INFO - 11/08/25 16:03:16 - 0:06:41 - Epoch 76: val_AUC=0.9534772950905134, val_AP=0.947109888874694
INFO - 11/08/25 16:03:17 - 0:06:41 - Epoch 77: train_loss=0.9111217856407166, train_AUC=0.9832759715336967, train_AP=0.9769905589938235, time=0.26732373237609863
INFO - 11/08/25 16:03:17 - 0:06:41 - Epoch 77: val_AUC=0.9539222458262195, val_AP=0.9476904213521661
INFO - 11/08/25 16:03:17 - 0:06:41 - Epoch 78: train_loss=0.9052754640579224, train_AUC=0.9839053864502091, train_AP=0.9779102283048021, time=0.26506876945495605
INFO - 11/08/25 16:03:17 - 0:06:41 - Epoch 78: val_AUC=0.9542639517001394, val_AP=0.9481426838187318
INFO - 11/08/25 16:03:17 - 0:06:42 - Epoch 79: train_loss=0.9063219428062439, train_AUC=0.9833951679180517, train_AP=0.9770172327713222, time=0.2629663944244385
INFO - 11/08/25 16:03:17 - 0:06:42 - Epoch 79: val_AUC=0.954595475635027, val_AP=0.948576881113231
INFO - 11/08/25 16:03:18 - 0:06:42 - Epoch 80: train_loss=0.900137722492218, train_AUC=0.9844191490594518, train_AP=0.9788156710625268, time=0.26448583602905273
INFO - 11/08/25 16:03:18 - 0:06:42 - Epoch 80: val_AUC=0.9549189558380794, val_AP=0.9489882604611986
INFO - 11/08/25 16:03:18 - 0:06:42 - Epoch 81: train_loss=0.8965316414833069, train_AUC=0.9851373205370806, train_AP=0.979845096214402, time=0.28124523162841797
INFO - 11/08/25 16:03:18 - 0:06:42 - Epoch 81: val_AUC=0.9552186103037964, val_AP=0.9493722773290502
INFO - 11/08/25 16:03:18 - 0:06:42 - Epoch 82: train_loss=0.8961291909217834, train_AUC=0.9845701459756654, train_AP=0.9788335936754888, time=0.22524237632751465
INFO - 11/08/25 16:03:18 - 0:06:43 - Epoch 82: val_AUC=0.9555943238540838, val_AP=0.9497692169276345
INFO - 11/08/25 16:03:18 - 0:06:43 - Epoch 83: train_loss=0.8912025690078735, train_AUC=0.9854870779543298, train_AP=0.9804227733677793, time=0.2250833511352539
INFO - 11/08/25 16:03:19 - 0:06:43 - Epoch 83: val_AUC=0.9558568142423334, val_AP=0.9500594821087253
INFO - 11/08/25 16:03:19 - 0:06:43 - Epoch 84: train_loss=0.8882356882095337, train_AUC=0.9853216701369868, train_AP=0.9796269826413108, time=0.22397971153259277
INFO - 11/08/25 16:03:19 - 0:06:43 - Epoch 84: val_AUC=0.956085500592996, val_AP=0.950316593121055
INFO - 11/08/25 16:03:19 - 0:06:43 - Epoch 85: train_loss=0.88457190990448, train_AUC=0.985858774904779, train_AP=0.9803590917922395, time=0.3110382556915283
INFO - 11/08/25 16:03:19 - 0:06:43 - Epoch 85: val_AUC=0.9563543037834457, val_AP=0.9506363282510908
INFO - 11/08/25 16:03:19 - 0:06:44 - Epoch 86: train_loss=0.8844622373580933, train_AUC=0.9857127946109226, train_AP=0.9798792070218602, time=0.2640039920806885
INFO - 11/08/25 16:03:20 - 0:06:44 - Epoch 86: val_AUC=0.9566220887799918, val_AP=0.9509457734667738
INFO - 11/08/25 16:03:20 - 0:06:44 - Epoch 87: train_loss=0.8810721635818481, train_AUC=0.986119565825023, train_AP=0.9809045333522921, time=0.22163033485412598
INFO - 11/08/25 16:03:20 - 0:06:44 - Epoch 87: val_AUC=0.9569108485709444, val_AP=0.9512682931869416
INFO - 11/08/25 16:03:20 - 0:06:44 - Epoch 88: train_loss=0.8793696165084839, train_AUC=0.9861324231653528, train_AP=0.9805465905951932, time=0.2213752269744873
INFO - 11/08/25 16:03:20 - 0:06:44 - Epoch 88: val_AUC=0.9571081745493882, val_AP=0.9514789591658783
INFO - 11/08/25 16:03:20 - 0:06:45 - Epoch 89: train_loss=0.8758184909820557, train_AUC=0.9869661634690341, train_AP=0.9822478569845575, time=0.22773146629333496
INFO - 11/08/25 16:03:20 - 0:06:45 - Epoch 89: val_AUC=0.9573955088688761, val_AP=0.9517972247856761
INFO - 11/08/25 16:03:21 - 0:06:45 - Epoch 90: train_loss=0.874826192855835, train_AUC=0.9868998062922965, train_AP=0.9820765364235833, time=0.2230226993560791
INFO - 11/08/25 16:03:21 - 0:06:45 - Epoch 90: val_AUC=0.9576233806644162, val_AP=0.9520191535702801
INFO - 11/08/25 16:03:21 - 0:06:45 - Epoch 91: train_loss=0.8749906420707703, train_AUC=0.9865204216727735, train_AP=0.981379123598198, time=0.21896982192993164
INFO - 11/08/25 16:03:21 - 0:06:45 - Epoch 91: val_AUC=0.9578506415436145, val_AP=0.9522507667707827
INFO - 11/08/25 16:03:21 - 0:06:45 - Epoch 92: train_loss=0.8705261945724487, train_AUC=0.9874105764345235, train_AP=0.982623814529446, time=0.2097184658050537
INFO - 11/08/25 16:03:21 - 0:06:45 - Epoch 92: val_AUC=0.9580872698067223, val_AP=0.9524581766928483
INFO - 11/08/25 16:03:21 - 0:06:46 - Epoch 93: train_loss=0.8690782189369202, train_AUC=0.9872355186111349, train_AP=0.9824739350563738, time=0.24542593955993652
INFO - 11/08/25 16:03:22 - 0:06:46 - Epoch 93: val_AUC=0.9582762465951595, val_AP=0.9526678042386595
INFO - 11/08/25 16:03:22 - 0:06:46 - Epoch 94: train_loss=0.8687959313392639, train_AUC=0.987128263034925, train_AP=0.9822834377674772, time=0.21598267555236816
INFO - 11/08/25 16:03:22 - 0:06:46 - Epoch 94: val_AUC=0.9584613542467646, val_AP=0.9528721426744473
INFO - 11/08/25 16:03:22 - 0:06:46 - Epoch 95: train_loss=0.8638652563095093, train_AUC=0.988149250652585, train_AP=0.9839310183335418, time=0.21422481536865234
INFO - 11/08/25 16:03:22 - 0:06:46 - Epoch 95: val_AUC=0.9586322071837244, val_AP=0.9530697841491145
INFO - 11/08/25 16:03:22 - 0:06:47 - Epoch 96: train_loss=0.8623068332672119, train_AUC=0.9877692924079033, train_AP=0.9830982311839276, time=0.21518993377685547
INFO - 11/08/25 16:03:22 - 0:06:47 - Epoch 96: val_AUC=0.958821285791552, val_AP=0.9532870731144429
INFO - 11/08/25 16:03:23 - 0:06:47 - Epoch 97: train_loss=0.8610714673995972, train_AUC=0.9877887826303633, train_AP=0.9831620375336663, time=0.22884416580200195
INFO - 11/08/25 16:03:23 - 0:06:47 - Epoch 97: val_AUC=0.9589146541724773, val_AP=0.9533679276593516
INFO - 11/08/25 16:03:23 - 0:06:47 - Epoch 98: train_loss=0.8583018779754639, train_AUC=0.9883472378075745, train_AP=0.9840103635951614, time=0.21352434158325195
INFO - 11/08/25 16:03:23 - 0:06:47 - Epoch 98: val_AUC=0.9590455939084309, val_AP=0.9535163509489559
INFO - 11/08/25 16:03:23 - 0:06:47 - Epoch 99: train_loss=0.854250967502594, train_AUC=0.9887419023078192, train_AP=0.984328143934484, time=0.21500945091247559
INFO - 11/08/25 16:03:23 - 0:06:47 - Epoch 99: val_AUC=0.9591712390360881, val_AP=0.9536478752019777
INFO - 11/08/25 16:03:23 - 0:06:48 - Epoch 100: train_loss=0.8521482944488525, train_AUC=0.9887460171921317, train_AP=0.9847303511007487, time=0.21269702911376953
INFO - 11/08/25 16:03:23 - 0:06:48 - Epoch 100: val_AUC=0.9593431101669512, val_AP=0.9538841508566692
INFO - 11/08/25 16:03:24 - 0:06:48 - Epoch 101: train_loss=0.8511321544647217, train_AUC=0.9886974816702299, train_AP=0.9840460731057792, time=0.21614575386047363
INFO - 11/08/25 16:03:24 - 0:06:48 - Epoch 101: val_AUC=0.9594508350819116, val_AP=0.9540308403492808
INFO - 11/08/25 16:03:24 - 0:06:48 - Epoch 102: train_loss=0.8477774858474731, train_AUC=0.9891285806143836, train_AP=0.9850018671094649, time=0.22754430770874023
INFO - 11/08/25 16:03:24 - 0:06:48 - Epoch 102: val_AUC=0.9595752583768848, val_AP=0.9542144825838225
INFO - 11/08/25 16:03:24 - 0:06:48 - Epoch 103: train_loss=0.8464146852493286, train_AUC=0.9891771578768942, train_AP=0.9852851099919131, time=0.21456241607666016
INFO - 11/08/25 16:03:24 - 0:06:49 - Epoch 103: val_AUC=0.9596954052574644, val_AP=0.9543959716728281
INFO - 11/08/25 16:03:24 - 0:06:49 - Epoch 104: train_loss=0.8442715406417847, train_AUC=0.989458547523359, train_AP=0.9855212582719926, time=0.21305370330810547
INFO - 11/08/25 16:03:25 - 0:06:49 - Epoch 104: val_AUC=0.9598118866399926, val_AP=0.9545864406424879
INFO - 11/08/25 16:03:25 - 0:06:49 - Epoch 105: train_loss=0.8415064811706543, train_AUC=0.9896184744641481, train_AP=0.9857595058732831, time=0.21471023559570312
INFO - 11/08/25 16:03:25 - 0:06:49 - Epoch 105: val_AUC=0.9599326444369142, val_AP=0.9547870064014056
INFO - 11/08/25 16:03:25 - 0:06:49 - Epoch 106: train_loss=0.8377167582511902, train_AUC=0.9900296818067394, train_AP=0.9862746377972325, time=0.23465800285339355
INFO - 11/08/25 16:03:25 - 0:06:49 - Epoch 106: val_AUC=0.9600670460321392, val_AP=0.9549676677522421
INFO - 11/08/25 16:03:25 - 0:06:50 - Epoch 107: train_loss=0.8362628221511841, train_AUC=0.9901418541448631, train_AP=0.9865480460904786, time=0.2237088680267334
INFO - 11/08/25 16:03:25 - 0:06:50 - Epoch 107: val_AUC=0.9601947275476026, val_AP=0.9551262080700641
INFO - 11/08/25 16:03:26 - 0:06:50 - Epoch 108: train_loss=0.8341749906539917, train_AUC=0.9902591677988082, train_AP=0.9863341491533538, time=0.21260714530944824
INFO - 11/08/25 16:03:26 - 0:06:50 - Epoch 108: val_AUC=0.9603250563672144, val_AP=0.9553363797102107
INFO - 11/08/25 16:03:26 - 0:06:50 - Epoch 109: train_loss=0.8341478109359741, train_AUC=0.9899681767556143, train_AP=0.9863009235429532, time=0.2160952091217041
INFO - 11/08/25 16:03:26 - 0:06:50 - Epoch 109: val_AUC=0.9605012039124712, val_AP=0.9555973974319042
INFO - 11/08/25 16:03:26 - 0:06:50 - Epoch 110: train_loss=0.8312363028526306, train_AUC=0.9902401423589069, train_AP=0.9865988778280514, time=0.21646595001220703
INFO - 11/08/25 16:03:26 - 0:06:50 - Epoch 110: val_AUC=0.9606044487742575, val_AP=0.9557328521387285
INFO - 11/08/25 16:03:26 - 0:06:51 - Epoch 111: train_loss=0.827958345413208, train_AUC=0.990679107734657, train_AP=0.987368149454166, time=0.21607232093811035
INFO - 11/08/25 16:03:26 - 0:06:51 - Epoch 111: val_AUC=0.9607333521224048, val_AP=0.9559034716286913
INFO - 11/08/25 16:03:27 - 0:06:51 - Epoch 112: train_loss=0.8264793157577515, train_AUC=0.9908018309362675, train_AP=0.9873860527633734, time=0.2136092185974121
INFO - 11/08/25 16:03:27 - 0:06:51 - Epoch 112: val_AUC=0.9607924073687913, val_AP=0.9560237894330216
INFO - 11/08/25 16:03:27 - 0:06:51 - Epoch 113: train_loss=0.8236067295074463, train_AUC=0.9911896219734895, train_AP=0.9877400491892105, time=0.21644306182861328
INFO - 11/08/25 16:03:27 - 0:06:51 - Epoch 113: val_AUC=0.960854313558107, val_AP=0.9560978926799741
INFO - 11/08/25 16:03:27 - 0:06:52 - Epoch 114: train_loss=0.8211925625801086, train_AUC=0.9911013731683854, train_AP=0.9878089865144344, time=0.21494388580322266
INFO - 11/08/25 16:03:27 - 0:06:52 - Epoch 114: val_AUC=0.9608734556034877, val_AP=0.9561365712745776
INFO - 11/08/25 16:03:28 - 0:06:52 - Epoch 115: train_loss=0.8182053565979004, train_AUC=0.9913469816026615, train_AP=0.9882438320346139, time=0.21761035919189453
INFO - 11/08/25 16:03:28 - 0:06:52 - Epoch 115: val_AUC=0.9609182561352292, val_AP=0.9562379737850352
INFO - 11/08/25 16:03:28 - 0:06:52 - Epoch 116: train_loss=0.8179742097854614, train_AUC=0.9910055844594848, train_AP=0.9876345526697156, time=0.21454977989196777
INFO - 11/08/25 16:03:28 - 0:06:52 - Epoch 116: val_AUC=0.9609052232532679, val_AP=0.9562834569031637
INFO - 11/08/25 16:03:28 - 0:06:52 - Epoch 117: train_loss=0.8140374422073364, train_AUC=0.9914674567995055, train_AP=0.9883068799748533, time=0.21310186386108398
INFO - 11/08/25 16:03:28 - 0:06:52 - Epoch 117: val_AUC=0.9608534990029844, val_AP=0.9562598674436843
INFO - 11/08/25 16:03:28 - 0:06:53 - Epoch 118: train_loss=0.8112468123435974, train_AUC=0.9918466092919304, train_AP=0.9890548772809724, time=0.2245330810546875
INFO - 11/08/25 16:03:28 - 0:06:53 - Epoch 118: val_AUC=0.9608404661210233, val_AP=0.9562404867051117
INFO - 11/08/25 16:03:29 - 0:06:53 - Epoch 119: train_loss=0.8091086745262146, train_AUC=0.9916717224817531, train_AP=0.9887257075801975, time=0.21448397636413574
INFO - 11/08/25 16:03:29 - 0:06:53 - Epoch 119: val_AUC=0.9608622554705523, val_AP=0.9562883563289039
INFO - 11/08/25 16:03:29 - 0:06:53 - Epoch 120: train_loss=0.8074156045913696, train_AUC=0.9917244389332345, train_AP=0.9887438252579306, time=0.21374869346618652
INFO - 11/08/25 16:03:29 - 0:06:53 - Epoch 120: val_AUC=0.9609614275567255, val_AP=0.9564113016179103
INFO - 11/08/25 16:03:29 - 0:06:53 - Epoch 121: train_loss=0.8035931587219238, train_AUC=0.9925005229517074, train_AP=0.9899520144827756, time=0.2171478271484375
INFO - 11/08/25 16:03:29 - 0:06:54 - Epoch 121: val_AUC=0.96109257093146, val_AP=0.9565455090128087
INFO - 11/08/25 16:03:29 - 0:06:54 - Epoch 122: train_loss=0.8035941123962402, train_AUC=0.9919579353700335, train_AP=0.989287846048486, time=0.21542072296142578
INFO - 11/08/25 16:03:29 - 0:06:54 - Epoch 122: val_AUC=0.96123491443913, val_AP=0.95671940027002
INFO - 11/08/25 16:03:30 - 0:06:54 - Epoch 123: train_loss=0.8006231784820557, train_AUC=0.9922939768584824, train_AP=0.9894714619662794, time=0.21682524681091309
INFO - 11/08/25 16:03:30 - 0:06:54 - Epoch 123: val_AUC=0.9614257239765929, val_AP=0.9569936340640833
INFO - 11/08/25 16:03:30 - 0:06:54 - Epoch 124: train_loss=0.8011876344680786, train_AUC=0.9922563618774416, train_AP=0.9894540322327955, time=0.21366047859191895
INFO - 11/08/25 16:03:30 - 0:06:54 - Epoch 124: val_AUC=0.9616544103272556, val_AP=0.9572714814633697
INFO - 11/08/25 16:03:30 - 0:06:55 - Epoch 125: train_loss=0.7987111806869507, train_AUC=0.9922312937359155, train_AP=0.9891209293433934, time=0.21768927574157715
INFO - 11/08/25 16:03:30 - 0:06:55 - Epoch 125: val_AUC=0.9618362597583704, val_AP=0.9575102414972687
INFO - 11/08/25 16:03:31 - 0:06:55 - Epoch 126: train_loss=0.7986971139907837, train_AUC=0.9922407070357243, train_AP=0.9894954073209704, time=0.23348259925842285
INFO - 11/08/25 16:03:31 - 0:06:55 - Epoch 126: val_AUC=0.9620166837180206, val_AP=0.9577853494180384
INFO - 11/08/25 16:03:31 - 0:06:55 - Epoch 127: train_loss=0.7966475486755371, train_AUC=0.9924709755321159, train_AP=0.9898306602441617, time=0.21553635597229004
INFO - 11/08/25 16:03:31 - 0:06:55 - Epoch 127: val_AUC=0.9621732819403354, val_AP=0.9579934681182889
INFO - 11/08/25 16:03:31 - 0:06:55 - Epoch 128: train_loss=0.7949143648147583, train_AUC=0.9925540055282854, train_AP=0.9896512783295447, time=0.2127680778503418
INFO - 11/08/25 16:03:31 - 0:06:55 - Epoch 128: val_AUC=0.9623068689804377, val_AP=0.9581554365911793
INFO - 11/08/25 16:03:31 - 0:06:56 - Epoch 129: train_loss=0.7920453548431396, train_AUC=0.9930129033656032, train_AP=0.9906416521487068, time=0.21329331398010254
INFO - 11/08/25 16:03:31 - 0:06:56 - Epoch 129: val_AUC=0.9624327177468754, val_AP=0.9582863980019624
INFO - 11/08/25 16:03:32 - 0:06:56 - Epoch 130: train_loss=0.790462076663971, train_AUC=0.9930187747017752, train_AP=0.9905352666655926, time=0.26148176193237305
INFO - 11/08/25 16:03:32 - 0:06:56 - Epoch 130: val_AUC=0.9625066386242489, val_AP=0.958353174904773
INFO - 11/08/25 16:03:32 - 0:06:56 - Epoch 131: train_loss=0.790000319480896, train_AUC=0.9928045361842172, train_AP=0.9897439965046616, time=0.25566744804382324
INFO - 11/08/25 16:03:32 - 0:06:56 - Epoch 131: val_AUC=0.9625811704179645, val_AP=0.9584685756889436
INFO - 11/08/25 16:03:32 - 0:06:57 - Epoch 132: train_loss=0.7871090173721313, train_AUC=0.9933023267583404, train_AP=0.9909334855157144, time=0.2562904357910156
INFO - 11/08/25 16:03:32 - 0:06:57 - Epoch 132: val_AUC=0.9626113089574997, val_AP=0.958548805470992
INFO - 11/08/25 16:03:33 - 0:06:57 - Epoch 133: train_loss=0.7870122194290161, train_AUC=0.993202497311947, train_AP=0.9908374735668004, time=0.2615644931793213
INFO - 11/08/25 16:03:33 - 0:06:57 - Epoch 133: val_AUC=0.9626286182538544, val_AP=0.9585936943125093
INFO - 11/08/25 16:03:33 - 0:06:57 - Epoch 134: train_loss=0.7858220338821411, train_AUC=0.9930551394018823, train_AP=0.9906916388544804, time=0.2133190631866455
INFO - 11/08/25 16:03:33 - 0:06:57 - Epoch 134: val_AUC=0.9626234254649482, val_AP=0.9586174655951449
INFO - 11/08/25 16:03:33 - 0:06:58 - Epoch 135: train_loss=0.7833429574966431, train_AUC=0.9932573518688708, train_AP=0.9908539033215065, time=0.22276639938354492
INFO - 11/08/25 16:03:33 - 0:06:58 - Epoch 135: val_AUC=0.962642669329719, val_AP=0.9586488097921867
INFO - 11/08/25 16:03:34 - 0:06:58 - Epoch 136: train_loss=0.7808409929275513, train_AUC=0.9937685577337388, train_AP=0.9914440910665254, time=0.26236677169799805
INFO - 11/08/25 16:03:34 - 0:06:58 - Epoch 136: val_AUC=0.9626679205385187, val_AP=0.9586990959721678
INFO - 11/08/25 16:03:34 - 0:06:58 - Epoch 137: train_loss=0.7806460857391357, train_AUC=0.9934982577040188, train_AP=0.9911360599685044, time=0.2112889289855957
INFO - 11/08/25 16:03:34 - 0:06:58 - Epoch 137: val_AUC=0.9627247357583183, val_AP=0.9587882991433572
INFO - 11/08/25 16:03:34 - 0:06:58 - Epoch 138: train_loss=0.7795267105102539, train_AUC=0.9935984103319183, train_AP=0.9913474852290084, time=0.2107527256011963
INFO - 11/08/25 16:03:34 - 0:06:58 - Epoch 138: val_AUC=0.9628047657991111, val_AP=0.9589307745599592
INFO - 11/08/25 16:03:34 - 0:06:59 - Epoch 139: train_loss=0.7774296998977661, train_AUC=0.9939616772644934, train_AP=0.9915612999507531, time=0.22264981269836426
INFO - 11/08/25 16:03:34 - 0:06:59 - Epoch 139: val_AUC=0.9629432401699488, val_AP=0.959098981054597
INFO - 11/08/25 16:03:35 - 0:06:59 - Epoch 140: train_loss=0.7755939960479736, train_AUC=0.9937421908780834, train_AP=0.9915641121453139, time=0.23786234855651855
INFO - 11/08/25 16:03:35 - 0:06:59 - Epoch 140: val_AUC=0.9630194010739094, val_AP=0.959172053252144
INFO - 11/08/25 16:03:35 - 0:06:59 - Epoch 141: train_loss=0.7739698886871338, train_AUC=0.9938149849145989, train_AP=0.9915788185945056, time=0.2135603427886963
INFO - 11/08/25 16:03:35 - 0:06:59 - Epoch 141: val_AUC=0.9631090021373927, val_AP=0.9592790608187746
INFO - 11/08/25 16:03:35 - 0:07:00 - Epoch 142: train_loss=0.7716278433799744, train_AUC=0.9943255408940401, train_AP=0.9922721137244132, time=0.21853256225585938
INFO - 11/08/25 16:03:35 - 0:07:00 - Epoch 142: val_AUC=0.963199621394779, val_AP=0.959396989299965
INFO - 11/08/25 16:03:36 - 0:07:00 - Epoch 143: train_loss=0.7711353302001953, train_AUC=0.9941062646196394, train_AP=0.9918745152924817, time=0.22690558433532715
INFO - 11/08/25 16:03:36 - 0:07:00 - Epoch 143: val_AUC=0.9632800587131333, val_AP=0.9594933701433493
INFO - 11/08/25 16:03:36 - 0:07:00 - Epoch 144: train_loss=0.7689886689186096, train_AUC=0.994273755945004, train_AP=0.9923255485892515, time=0.23850250244140625
INFO - 11/08/25 16:03:36 - 0:07:00 - Epoch 144: val_AUC=0.9633759725788164, val_AP=0.9596337086452339
INFO - 11/08/25 16:03:36 - 0:07:00 - Epoch 145: train_loss=0.7680628299713135, train_AUC=0.9945150883445161, train_AP=0.992598378777619, time=0.21622824668884277
INFO - 11/08/25 16:03:36 - 0:07:00 - Epoch 145: val_AUC=0.9635012104289122, val_AP=0.9598180972462146
INFO - 11/08/25 16:03:36 - 0:07:01 - Epoch 146: train_loss=0.7674597501754761, train_AUC=0.9945014317683959, train_AP=0.9924511437241262, time=0.21467161178588867
INFO - 11/08/25 16:03:36 - 0:07:01 - Epoch 146: val_AUC=0.9636056771233823, val_AP=0.9599768555093783
INFO - 11/08/25 16:03:37 - 0:07:01 - Epoch 147: train_loss=0.7659951448440552, train_AUC=0.9944654606980798, train_AP=0.9924229817603608, time=0.21384334564208984
INFO - 11/08/25 16:03:37 - 0:07:01 - Epoch 147: val_AUC=0.9636734888373366, val_AP=0.9601008762004868
INFO - 11/08/25 16:03:37 - 0:07:01 - Epoch 148: train_loss=0.765964150428772, train_AUC=0.9945502312952449, train_AP=0.9924367058959364, time=0.2188422679901123
INFO - 11/08/25 16:03:37 - 0:07:01 - Epoch 148: val_AUC=0.963685299886614, val_AP=0.960153732519688
INFO - 11/08/25 16:03:37 - 0:07:01 - Epoch 149: train_loss=0.7639394402503967, train_AUC=0.9945957629022849, train_AP=0.9923305874088443, time=0.21722722053527832
INFO - 11/08/25 16:03:37 - 0:07:02 - Epoch 149: val_AUC=0.9637144202322458, val_AP=0.9602092165444452
INFO - 11/08/25 16:03:37 - 0:07:02 - Epoch 150: train_loss=0.7626581192016602, train_AUC=0.9945179909899686, train_AP=0.9923007606131681, time=0.21518993377685547
INFO - 11/08/25 16:03:38 - 0:07:02 - Epoch 150: val_AUC=0.9637643117335036, val_AP=0.9602824850853828
INFO - 11/08/25 16:03:38 - 0:07:02 - Epoch 151: train_loss=0.7609714269638062, train_AUC=0.9947165205967509, train_AP=0.9926707279265994, time=0.21262907981872559
INFO - 11/08/25 16:03:38 - 0:07:02 - Epoch 151: val_AUC=0.9638072795162195, val_AP=0.9603493164708555
INFO - 11/08/25 16:03:38 - 0:07:02 - Epoch 152: train_loss=0.7610707879066467, train_AUC=0.9945143076014004, train_AP=0.9922613755490559, time=0.2472689151763916
INFO - 11/08/25 16:03:38 - 0:07:02 - Epoch 152: val_AUC=0.9638600219604062, val_AP=0.9604384978626055
INFO - 11/08/25 16:03:38 - 0:07:03 - Epoch 153: train_loss=0.7594887614250183, train_AUC=0.9947683835672623, train_AP=0.9928389168768654, time=0.2213132381439209
INFO - 11/08/25 16:03:38 - 0:07:03 - Epoch 153: val_AUC=0.9639551212709666, val_AP=0.9605967431902886
INFO - 11/08/25 16:03:39 - 0:07:03 - Epoch 154: train_loss=0.7582740783691406, train_AUC=0.9947438960957233, train_AP=0.9927553301936417, time=0.21713685989379883
INFO - 11/08/25 16:03:39 - 0:07:03 - Epoch 154: val_AUC=0.963999514525147, val_AP=0.9606514397290089
INFO - 11/08/25 16:03:39 - 0:07:03 - Epoch 155: train_loss=0.7567093968391418, train_AUC=0.9951357645035462, train_AP=0.9933916950030739, time=0.2136843204498291
INFO - 11/08/25 16:03:39 - 0:07:03 - Epoch 155: val_AUC=0.9640724172086174, val_AP=0.960730705655996
INFO - 11/08/25 16:03:39 - 0:07:03 - Epoch 156: train_loss=0.756026029586792, train_AUC=0.9948765396486723, train_AP=0.9928213169666967, time=0.21741271018981934
INFO - 11/08/25 16:03:39 - 0:07:03 - Epoch 156: val_AUC=0.9641149777137719, val_AP=0.9607813198907256
INFO - 11/08/25 16:03:39 - 0:07:04 - Epoch 157: train_loss=0.7540562152862549, train_AUC=0.9951931580166524, train_AP=0.9934101449295462, time=0.2153034210205078
INFO - 11/08/25 16:03:39 - 0:07:04 - Epoch 157: val_AUC=0.9641497999452618, val_AP=0.9608314890368238
INFO - 11/08/25 16:03:40 - 0:07:04 - Epoch 158: train_loss=0.7519914507865906, train_AUC=0.9950867273898568, train_AP=0.9931513817200706, time=0.21527957916259766
INFO - 11/08/25 16:03:40 - 0:07:04 - Epoch 158: val_AUC=0.96415550183112, val_AP=0.9608501989255039
INFO - 11/08/25 16:03:40 - 0:07:04 - Epoch 159: train_loss=0.75162672996521, train_AUC=0.9950630960410983, train_AP=0.9931455558211411, time=0.2138528823852539
INFO - 11/08/25 16:03:40 - 0:07:04 - Epoch 159: val_AUC=0.9641084612727913, val_AP=0.9608246751430415
INFO - 11/08/25 16:03:40 - 0:07:05 - Epoch 160: train_loss=0.7494044899940491, train_AUC=0.9951306092741887, train_AP=0.9927710497919047, time=0.2370154857635498
INFO - 11/08/25 16:03:40 - 0:07:05 - Epoch 160: val_AUC=0.9640447223344497, val_AP=0.9607948805357646
INFO - 11/08/25 16:03:41 - 0:07:05 - Epoch 161: train_loss=0.7497007846832275, train_AUC=0.9952894955176913, train_AP=0.9932473853160166, time=0.21197891235351562
INFO - 11/08/25 16:03:41 - 0:07:05 - Epoch 161: val_AUC=0.9640428895854241, val_AP=0.9608127952443871
INFO - 11/08/25 16:03:41 - 0:07:05 - Epoch 162: train_loss=0.7485188841819763, train_AUC=0.9955195484423315, train_AP=0.9936701619213099, time=0.2115306854248047
INFO - 11/08/25 16:03:41 - 0:07:05 - Epoch 162: val_AUC=0.9640569406612883, val_AP=0.9608559914736312
INFO - 11/08/25 16:03:41 - 0:07:05 - Epoch 163: train_loss=0.7472659349441528, train_AUC=0.9955377043742782, train_AP=0.9939305346095753, time=0.2177746295928955
INFO - 11/08/25 16:03:41 - 0:07:05 - Epoch 163: val_AUC=0.9640724172086175, val_AP=0.960896683539501
INFO - 11/08/25 16:03:41 - 0:07:06 - Epoch 164: train_loss=0.7455462217330933, train_AUC=0.9955281001596178, train_AP=0.9939117353843719, time=0.21306610107421875
INFO - 11/08/25 16:03:41 - 0:07:06 - Epoch 164: val_AUC=0.9640567370225078, val_AP=0.9609174566254375
INFO - 11/08/25 16:03:42 - 0:07:06 - Epoch 165: train_loss=0.7432419657707214, train_AUC=0.9958562692283662, train_AP=0.9942821622638374, time=0.21218562126159668
INFO - 11/08/25 16:03:42 - 0:07:06 - Epoch 165: val_AUC=0.9640709917371529, val_AP=0.9609596168888604
INFO - 11/08/25 16:03:42 - 0:07:06 - Epoch 166: train_loss=0.7433903217315674, train_AUC=0.99564168974111, train_AP=0.9937622455803927, time=0.21070003509521484
INFO - 11/08/25 16:03:42 - 0:07:06 - Epoch 166: val_AUC=0.9640921701703397, val_AP=0.960996776600299
INFO - 11/08/25 16:03:42 - 0:07:06 - Epoch 167: train_loss=0.7425488233566284, train_AUC=0.9957055257498569, train_AP=0.9940912804096094, time=0.24748516082763672
INFO - 11/08/25 16:03:42 - 0:07:07 - Epoch 167: val_AUC=0.9640640680186108, val_AP=0.960990428783068
INFO - 11/08/25 16:03:42 - 0:07:07 - Epoch 168: train_loss=0.7416821718215942, train_AUC=0.9955961028321665, train_AP=0.9937694633101747, time=0.21464800834655762
INFO - 11/08/25 16:03:42 - 0:07:07 - Epoch 168: val_AUC=0.9640357622281016, val_AP=0.9609820029948146
INFO - 11/08/25 16:03:43 - 0:07:07 - Epoch 169: train_loss=0.7406689524650574, train_AUC=0.9958120461982155, train_AP=0.994251119019911, time=0.21339988708496094
INFO - 11/08/25 16:03:43 - 0:07:07 - Epoch 169: val_AUC=0.9639974781373404, val_AP=0.9609781458623577
INFO - 11/08/25 16:03:43 - 0:07:07 - Epoch 170: train_loss=0.7397202849388123, train_AUC=0.9957440465197189, train_AP=0.9939297785323449, time=0.21038150787353516
INFO - 11/08/25 16:03:43 - 0:07:07 - Epoch 170: val_AUC=0.9639893325861147, val_AP=0.9610056134051801
INFO - 11/08/25 16:03:43 - 0:07:08 - Epoch 171: train_loss=0.7385596632957458, train_AUC=0.9959296819769425, train_AP=0.994483934166576, time=0.21329092979431152
INFO - 11/08/25 16:03:43 - 0:07:08 - Epoch 171: val_AUC=0.964013769239792, val_AP=0.9610552517139319
INFO - 11/08/25 16:03:44 - 0:07:08 - Epoch 172: train_loss=0.7382957935333252, train_AUC=0.9954582520942499, train_AP=0.9936657363750288, time=0.2161703109741211
INFO - 11/08/25 16:03:44 - 0:07:08 - Epoch 172: val_AUC=0.9639958490270952, val_AP=0.9610396956200246
INFO - 11/08/25 16:03:44 - 0:07:08 - Epoch 173: train_loss=0.7357321977615356, train_AUC=0.9959816696409182, train_AP=0.9943529245865276, time=0.2126903533935547
INFO - 11/08/25 16:03:44 - 0:07:08 - Epoch 173: val_AUC=0.9639496230238891, val_AP=0.960988611732919
INFO - 11/08/25 16:03:44 - 0:07:08 - Epoch 174: train_loss=0.737213671207428, train_AUC=0.9956647310854838, train_AP=0.9938928182712898, time=0.21440625190734863
INFO - 11/08/25 16:03:44 - 0:07:08 - Epoch 174: val_AUC=0.9639257972865539, val_AP=0.9609628463856922
INFO - 11/08/25 16:03:44 - 0:07:09 - Epoch 175: train_loss=0.7346512079238892, train_AUC=0.9958969103154786, train_AP=0.9941498296204146, time=0.21611642837524414
INFO - 11/08/25 16:03:44 - 0:07:09 - Epoch 175: val_AUC=0.9639127644045928, val_AP=0.9609349736266166
INFO - 11/08/25 16:03:45 - 0:07:09 - Epoch 176: train_loss=0.7344730496406555, train_AUC=0.9961166644053707, train_AP=0.9946219995455771, time=0.21307682991027832
INFO - 11/08/25 16:03:45 - 0:07:09 - Epoch 176: val_AUC=0.963872647564806, val_AP=0.960899568709781
INFO - 11/08/25 16:03:45 - 0:07:09 - Epoch 177: train_loss=0.7339958548545837, train_AUC=0.9957358979427422, train_AP=0.9938493684819097, time=0.21318960189819336
INFO - 11/08/25 16:03:45 - 0:07:09 - Epoch 177: val_AUC=0.9638329380025804, val_AP=0.9608659161440892
INFO - 11/08/25 16:03:45 - 0:07:09 - Epoch 178: train_loss=0.7338072657585144, train_AUC=0.9958423944386839, train_AP=0.9941627284307137, time=0.2140960693359375
INFO - 11/08/25 16:03:45 - 0:07:09 - Epoch 178: val_AUC=0.9637852865279098, val_AP=0.9608377293359764
INFO - 11/08/25 16:03:45 - 0:07:10 - Epoch 179: train_loss=0.7307425737380981, train_AUC=0.9962310183507525, train_AP=0.9947797152568165, time=0.22007298469543457
INFO - 11/08/25 16:03:45 - 0:07:10 - Epoch 179: val_AUC=0.9637973012159678, val_AP=0.9608748896957129
INFO - 11/08/25 16:03:46 - 0:07:10 - Epoch 180: train_loss=0.7287788391113281, train_AUC=0.9963801628293185, train_AP=0.9950637442304452, time=0.21568059921264648
INFO - 11/08/25 16:03:46 - 0:07:10 - Epoch 180: val_AUC=0.9637673663152132, val_AP=0.960885408889052
INFO - 11/08/25 16:03:46 - 0:07:10 - Epoch 181: train_loss=0.7286832332611084, train_AUC=0.9961745746566455, train_AP=0.9945372096258637, time=0.21642303466796875
INFO - 11/08/25 16:03:46 - 0:07:10 - Epoch 181: val_AUC=0.963734376832749, val_AP=0.960866262846617
INFO - 11/08/25 16:03:46 - 0:07:10 - Epoch 182: train_loss=0.7267076373100281, train_AUC=0.9964952494368619, train_AP=0.9950140004682617, time=0.21496009826660156
INFO - 11/08/25 16:03:46 - 0:07:11 - Epoch 182: val_AUC=0.9636730815597755, val_AP=0.9608088406643183
INFO - 11/08/25 16:03:46 - 0:07:11 - Epoch 183: train_loss=0.7288063764572144, train_AUC=0.9960669779346166, train_AP=0.994256635663961, time=0.22030997276306152
INFO - 11/08/25 16:03:47 - 0:07:11 - Epoch 183: val_AUC=0.9636857071641753, val_AP=0.9608264709379387
INFO - 11/08/25 16:03:47 - 0:07:11 - Epoch 184: train_loss=0.7268995046615601, train_AUC=0.9962495982052527, train_AP=0.9947979554329026, time=0.21544408798217773
INFO - 11/08/25 16:03:47 - 0:07:11 - Epoch 184: val_AUC=0.9636804125558786, val_AP=0.9608479830170676
INFO - 11/08/25 16:03:47 - 0:07:11 - Epoch 185: train_loss=0.7265459299087524, train_AUC=0.9961372967706473, train_AP=0.994477103751936, time=0.21556401252746582
INFO - 11/08/25 16:03:47 - 0:07:11 - Epoch 185: val_AUC=0.9636482376285369, val_AP=0.9608095644442445
INFO - 11/08/25 16:03:47 - 0:07:12 - Epoch 186: train_loss=0.7239969372749329, train_AUC=0.9964761431575537, train_AP=0.9952592561660792, time=0.2215268611907959
INFO - 11/08/25 16:03:47 - 0:07:12 - Epoch 186: val_AUC=0.9636119899255822, val_AP=0.960786842554451
INFO - 11/08/25 16:03:48 - 0:07:12 - Epoch 187: train_loss=0.7228173613548279, train_AUC=0.996458015933283, train_AP=0.9950605304812171, time=0.21640896797180176
INFO - 11/08/25 16:03:48 - 0:07:12 - Epoch 187: val_AUC=0.9636007897926469, val_AP=0.9607942836405072
INFO - 11/08/25 16:03:48 - 0:07:12 - Epoch 188: train_loss=0.7234416007995605, train_AUC=0.9963038800176213, train_AP=0.9946619983599294, time=0.2401564121246338
INFO - 11/08/25 16:03:48 - 0:07:12 - Epoch 188: val_AUC=0.9635594511201763, val_AP=0.9607395354940855
INFO - 11/08/25 16:03:48 - 0:07:12 - Epoch 189: train_loss=0.7222181558609009, train_AUC=0.9962708506915559, train_AP=0.994692930400206, time=0.21732616424560547
INFO - 11/08/25 16:03:48 - 0:07:12 - Epoch 189: val_AUC=0.9635009049707414, val_AP=0.9606935412355923
INFO - 11/08/25 16:03:48 - 0:07:13 - Epoch 190: train_loss=0.7202810049057007, train_AUC=0.9967986214138597, train_AP=0.9955297853793039, time=0.2120678424835205
INFO - 11/08/25 16:03:48 - 0:07:13 - Epoch 190: val_AUC=0.9634547807869254, val_AP=0.9606854667748398
INFO - 11/08/25 16:03:49 - 0:07:13 - Epoch 191: train_loss=0.7198741436004639, train_AUC=0.9965800004846278, train_AP=0.9952559099450204, time=0.2126615047454834
INFO - 11/08/25 16:03:49 - 0:07:13 - Epoch 191: val_AUC=0.9634263731770255, val_AP=0.9607054345163742
INFO - 11/08/25 16:03:49 - 0:07:13 - Epoch 192: train_loss=0.718237042427063, train_AUC=0.9966972558426171, train_AP=0.995466025972227, time=0.21280884742736816
INFO - 11/08/25 16:03:49 - 0:07:13 - Epoch 192: val_AUC=0.9633558123395328, val_AP=0.960671257593259
INFO - 11/08/25 16:03:49 - 0:07:13 - Epoch 193: train_loss=0.7194586992263794, train_AUC=0.9964093102787733, train_AP=0.994920095521506, time=0.21407103538513184
INFO - 11/08/25 16:03:49 - 0:07:13 - Epoch 193: val_AUC=0.9632908515685075, val_AP=0.9606072174139759
INFO - 11/08/25 16:03:49 - 0:07:14 - Epoch 194: train_loss=0.7179254293441772, train_AUC=0.9967243116824978, train_AP=0.9955317833693769, time=0.2162008285522461
INFO - 11/08/25 16:03:49 - 0:07:14 - Epoch 194: val_AUC=0.9632136724706435, val_AP=0.9605427653763822
INFO - 11/08/25 16:03:50 - 0:07:14 - Epoch 195: train_loss=0.7166568636894226, train_AUC=0.9967746994659266, train_AP=0.9955175127568311, time=0.21511602401733398
INFO - 11/08/25 16:03:50 - 0:07:14 - Epoch 195: val_AUC=0.9631676501062181, val_AP=0.9605661599686455
INFO - 11/08/25 16:03:50 - 0:07:14 - Epoch 196: train_loss=0.7163168787956238, train_AUC=0.9968333436122078, train_AP=0.995798405918165, time=0.2140510082244873
INFO - 11/08/25 16:03:50 - 0:07:14 - Epoch 196: val_AUC=0.9631279405439925, val_AP=0.9605339591431511
INFO - 11/08/25 16:03:50 - 0:07:15 - Epoch 197: train_loss=0.7160469889640808, train_AUC=0.9966981220042783, train_AP=0.9953739266968373, time=0.2436223030090332
INFO - 11/08/25 16:03:50 - 0:07:15 - Epoch 197: val_AUC=0.9630835472898123, val_AP=0.9604921974675774
INFO - 11/08/25 16:03:51 - 0:07:15 - Epoch 198: train_loss=0.7138282060623169, train_AUC=0.996859804164082, train_AP=0.9957587138365467, time=0.2172560691833496
INFO - 11/08/25 16:03:51 - 0:07:15 - Epoch 198: val_AUC=0.9629923171160838, val_AP=0.9604126527793436
INFO - 11/08/25 16:03:51 - 0:07:15 - Epoch 199: train_loss=0.7137422561645508, train_AUC=0.996831825627792, train_AP=0.9955645605075482, time=0.21263432502746582
INFO - 11/08/25 16:03:51 - 0:07:15 - Epoch 199: val_AUC=0.962935094618723, val_AP=0.9603740498863923
INFO - 11/08/25 16:03:51 - 0:07:15 - Epoch 200: train_loss=0.7129018902778625, train_AUC=0.9967644848168786, train_AP=0.9955562935923926, time=0.21196794509887695
INFO - 11/08/25 16:03:51 - 0:07:15 - Epoch 200: val_AUC=0.9628642283230591, val_AP=0.9603464679550535
INFO - 11/08/25 16:03:51 - 0:07:16 - Epoch 201: train_loss=0.7121808528900146, train_AUC=0.996779324748062, train_AP=0.9954625407847111, time=0.27972936630249023
INFO - 11/08/25 16:03:51 - 0:07:16 - Epoch 201: val_AUC=0.9628298133691303, val_AP=0.9603269364077052
INFO - 11/08/25 16:03:52 - 0:07:16 - Epoch 202: train_loss=0.7112927436828613, train_AUC=0.9968476697992746, train_AP=0.9956595141326305, time=0.25818300247192383
INFO - 11/08/25 16:03:52 - 0:07:16 - Epoch 202: val_AUC=0.9627926492916629, val_AP=0.9603207530083437
INFO - 11/08/25 16:03:52 - 0:07:16 - Epoch 203: train_loss=0.7090563774108887, train_AUC=0.9971023794474579, train_AP=0.9960522859021205, time=0.25360774993896484
INFO - 11/08/25 16:03:52 - 0:07:16 - Epoch 203: val_AUC=0.962747746940531, val_AP=0.9603127073561506
INFO - 11/08/25 16:03:52 - 0:07:17 - Epoch 204: train_loss=0.7091292142868042, train_AUC=0.9969385764420416, train_AP=0.9957585257620523, time=0.25982117652893066
INFO - 11/08/25 16:03:52 - 0:07:17 - Epoch 204: val_AUC=0.9627184229561182, val_AP=0.9602934089787002
INFO - 11/08/25 16:03:53 - 0:07:17 - Epoch 205: train_loss=0.7095245122909546, train_AUC=0.9969194041174667, train_AP=0.9957454059773888, time=0.24061107635498047
INFO - 11/08/25 16:03:53 - 0:07:17 - Epoch 205: val_AUC=0.9627062046292798, val_AP=0.9603330439906413
INFO - 11/08/25 16:03:53 - 0:07:17 - Epoch 206: train_loss=0.7071055173873901, train_AUC=0.9971244193694639, train_AP=0.9960595055288249, time=0.2126779556274414
INFO - 11/08/25 16:03:53 - 0:07:17 - Epoch 206: val_AUC=0.9626276000599514, val_AP=0.9602850355504114
INFO - 11/08/25 16:03:53 - 0:07:17 - Epoch 207: train_loss=0.7070385217666626, train_AUC=0.997093914909924, train_AP=0.9959890549296204, time=0.21740150451660156
INFO - 11/08/25 16:03:53 - 0:07:17 - Epoch 207: val_AUC=0.9626115125962805, val_AP=0.9602914392882486
INFO - 11/08/25 16:03:53 - 0:07:18 - Epoch 208: train_loss=0.7068263292312622, train_AUC=0.9970020070209099, train_AP=0.9957603263911223, time=0.21268582344055176
INFO - 11/08/25 16:03:53 - 0:07:18 - Epoch 208: val_AUC=0.9625581592357517, val_AP=0.9602711696811622
INFO - 11/08/25 16:03:54 - 0:07:18 - Epoch 209: train_loss=0.7054893970489502, train_AUC=0.9972563778128436, train_AP=0.9960493664930307, time=0.23992061614990234
INFO - 11/08/25 16:03:54 - 0:07:18 - Epoch 209: val_AUC=0.9625270025023135, val_AP=0.9602425342383301
INFO - 11/08/25 16:03:54 - 0:07:18 - Epoch 210: train_loss=0.7045159339904785, train_AUC=0.9971587671351786, train_AP=0.9960089058335946, time=0.21889400482177734
INFO - 11/08/25 16:03:54 - 0:07:18 - Epoch 210: val_AUC=0.9624840347195975, val_AP=0.9601930820122639
INFO - 11/08/25 16:03:54 - 0:07:19 - Epoch 211: train_loss=0.7026820182800293, train_AUC=0.9971629799426068, train_AP=0.9961044399148495, time=0.2183389663696289
INFO - 11/08/25 16:03:54 - 0:07:19 - Epoch 211: val_AUC=0.9623553350102309, val_AP=0.9601021518948106
INFO - 11/08/25 16:03:54 - 0:07:19 - Epoch 212: train_loss=0.7041702270507812, train_AUC=0.9971212726207048, train_AP=0.9959303803954788, time=0.22105789184570312
INFO - 11/08/25 16:03:55 - 0:07:19 - Epoch 212: val_AUC=0.962411742952469, val_AP=0.960173364765724
INFO - 11/08/25 16:03:55 - 0:07:19 - Epoch 213: train_loss=0.7027570009231567, train_AUC=0.9970752355472217, train_AP=0.9959272672375169, time=0.2203972339630127
INFO - 11/08/25 16:03:55 - 0:07:19 - Epoch 213: val_AUC=0.9623573713980373, val_AP=0.9601234881760213
INFO - 11/08/25 16:03:55 - 0:07:19 - Epoch 214: train_loss=0.7019035816192627, train_AUC=0.9972870293331778, train_AP=0.996252890572128, time=0.21395063400268555
INFO - 11/08/25 16:03:55 - 0:07:19 - Epoch 214: val_AUC=0.9622665485018701, val_AP=0.9600608374274077
INFO - 11/08/25 16:03:55 - 0:07:20 - Epoch 215: train_loss=0.7008435726165771, train_AUC=0.9973725301268145, train_AP=0.9963497117993669, time=0.2186131477355957
INFO - 11/08/25 16:03:55 - 0:07:20 - Epoch 215: val_AUC=0.9622756104276089, val_AP=0.9600824152371773
INFO - 11/08/25 16:03:56 - 0:07:20 - Epoch 216: train_loss=0.6998990774154663, train_AUC=0.9974547489109851, train_AP=0.99645325028837, time=0.21149802207946777
INFO - 11/08/25 16:03:56 - 0:07:20 - Epoch 216: val_AUC=0.9622628830038186, val_AP=0.9600908768289786
INFO - 11/08/25 16:03:56 - 0:07:20 - Epoch 217: train_loss=0.6985681056976318, train_AUC=0.9972995650770877, train_AP=0.9961752571401074, time=0.21609997749328613
INFO - 11/08/25 16:03:56 - 0:07:20 - Epoch 217: val_AUC=0.9623123672275151, val_AP=0.9601542835241781
INFO - 11/08/25 16:03:56 - 0:07:20 - Epoch 218: train_loss=0.698034942150116, train_AUC=0.9974218090542413, train_AP=0.9965460889296274, time=0.21414732933044434
INFO - 11/08/25 16:03:56 - 0:07:20 - Epoch 218: val_AUC=0.9622817195910282, val_AP=0.9601462003148399
INFO - 11/08/25 16:03:56 - 0:07:21 - Epoch 219: train_loss=0.69715416431427, train_AUC=0.9972671440719612, train_AP=0.9960974793835933, time=0.21973371505737305
INFO - 11/08/25 16:03:56 - 0:07:21 - Epoch 219: val_AUC=0.9622730649428508, val_AP=0.9601336483351395
INFO - 11/08/25 16:03:57 - 0:07:21 - Epoch 220: train_loss=0.6969670057296753, train_AUC=0.9972992017400591, train_AP=0.9963054265936137, time=0.22096896171569824
INFO - 11/08/25 16:03:57 - 0:07:21 - Epoch 220: val_AUC=0.9622557556464961, val_AP=0.9601169559936922
INFO - 11/08/25 16:03:57 - 0:07:21 - Epoch 221: train_loss=0.6950520873069763, train_AUC=0.9974228150557476, train_AP=0.9964711085899365, time=0.21966195106506348
INFO - 11/08/25 16:03:57 - 0:07:21 - Epoch 221: val_AUC=0.9621755219669226, val_AP=0.9600454372914807
INFO - 11/08/25 16:03:57 - 0:07:21 - Epoch 222: train_loss=0.6951853036880493, train_AUC=0.9974447449023086, train_AP=0.9964668061347186, time=0.23105835914611816
INFO - 11/08/25 16:03:57 - 0:07:22 - Epoch 222: val_AUC=0.9622225625252511, val_AP=0.9600895431702714
INFO - 11/08/25 16:03:57 - 0:07:22 - Epoch 223: train_loss=0.6949398517608643, train_AUC=0.9973666716474543, train_AP=0.9962889073357618, time=0.2213878631591797
INFO - 11/08/25 16:03:57 - 0:07:22 - Epoch 223: val_AUC=0.9621942567347418, val_AP=0.9600783964181702
INFO - 11/08/25 16:03:58 - 0:07:22 - Epoch 224: train_loss=0.6930121183395386, train_AUC=0.9976601003774213, train_AP=0.9967784684686571, time=0.21399426460266113
INFO - 11/08/25 16:03:58 - 0:07:22 - Epoch 224: val_AUC=0.9621743001342389, val_AP=0.9600983777364992
INFO - 11/08/25 16:03:58 - 0:07:22 - Epoch 225: train_loss=0.6926551461219788, train_AUC=0.9976321558324288, train_AP=0.9967412962828446, time=0.21761775016784668
INFO - 11/08/25 16:03:58 - 0:07:22 - Epoch 225: val_AUC=0.9622227661640319, val_AP=0.9601281380025682
INFO - 11/08/25 16:03:58 - 0:07:23 - Epoch 226: train_loss=0.6916959285736084, train_AUC=0.9975786861126626, train_AP=0.9965007578849088, time=0.24155330657958984
INFO - 11/08/25 16:03:58 - 0:07:23 - Epoch 226: val_AUC=0.9619574248328534, val_AP=0.9599226085283048
INFO - 11/08/25 16:03:59 - 0:07:23 - Epoch 227: train_loss=0.6915329694747925, train_AUC=0.9976257985792125, train_AP=0.9966488000731273, time=0.21282958984375
INFO - 11/08/25 16:03:59 - 0:07:23 - Epoch 227: val_AUC=0.9619376718711308, val_AP=0.9598409773768611
INFO - 11/08/25 16:03:59 - 0:07:23 - Epoch 228: train_loss=0.6902117729187012, train_AUC=0.9977592582755402, train_AP=0.9967288102683669, time=0.21235394477844238
INFO - 11/08/25 16:03:59 - 0:07:23 - Epoch 228: val_AUC=0.9619378755099117, val_AP=0.9598534356340247
INFO - 11/08/25 16:03:59 - 0:07:23 - Epoch 229: train_loss=0.6897894144058228, train_AUC=0.9975375068006548, train_AP=0.996622778747928, time=0.21181249618530273
INFO - 11/08/25 16:03:59 - 0:07:23 - Epoch 229: val_AUC=0.961905089666228, val_AP=0.9598087408482674
INFO - 11/08/25 16:03:59 - 0:07:24 - Epoch 230: train_loss=0.6900597214698792, train_AUC=0.9975354472450499, train_AP=0.9966079449859437, time=0.2231903076171875
INFO - 11/08/25 16:03:59 - 0:07:24 - Epoch 230: val_AUC=0.9618814675676732, val_AP=0.9597940598788539
INFO - 11/08/25 16:04:00 - 0:07:24 - Epoch 231: train_loss=0.6892026662826538, train_AUC=0.9975670913817165, train_AP=0.9966185132340617, time=0.2326662540435791
INFO - 11/08/25 16:04:00 - 0:07:24 - Epoch 231: val_AUC=0.9616128680160045, val_AP=0.9596064475837753
INFO - 11/08/25 16:04:00 - 0:07:24 - Epoch 232: train_loss=0.6892914772033691, train_AUC=0.9973759287281917, train_AP=0.9961149591992466, time=0.2172701358795166
INFO - 11/08/25 16:04:00 - 0:07:24 - Epoch 232: val_AUC=0.9616660177377525, val_AP=0.9595946573255013
INFO - 11/08/25 16:04:00 - 0:07:25 - Epoch 233: train_loss=0.6882696747779846, train_AUC=0.9975487006808608, train_AP=0.9965255349362028, time=0.2683713436126709
INFO - 11/08/25 16:04:00 - 0:07:25 - Epoch 233: val_AUC=0.9614027127943803, val_AP=0.9594563788112933
INFO - 11/08/25 16:04:01 - 0:07:25 - Epoch 234: train_loss=0.6882718205451965, train_AUC=0.9975738494856728, train_AP=0.9964800886749754, time=0.2795677185058594
INFO - 11/08/25 16:04:01 - 0:07:25 - Epoch 234: val_AUC=0.9615998351340431, val_AP=0.9595747497776661
INFO - 11/08/25 16:04:01 - 0:07:25 - Epoch 235: train_loss=0.6868982315063477, train_AUC=0.9976317852744508, train_AP=0.9966654853761161, time=0.26453375816345215
INFO - 11/08/25 16:04:01 - 0:07:25 - Epoch 235: val_AUC=0.9613750179202127, val_AP=0.9594604487571063
INFO - 11/08/25 16:04:01 - 0:07:25 - Epoch 236: train_loss=0.68553626537323, train_AUC=0.9977782560644898, train_AP=0.997054680142625, time=0.2706470489501953
INFO - 11/08/25 16:04:01 - 0:07:26 - Epoch 236: val_AUC=0.9614236875887866, val_AP=0.9595043042730845
INFO - 11/08/25 16:04:02 - 0:07:26 - Epoch 237: train_loss=0.6853938698768616, train_AUC=0.9979126803739566, train_AP=0.99725951124994, time=0.27375054359436035
INFO - 11/08/25 16:04:02 - 0:07:26 - Epoch 237: val_AUC=0.9614420150790444, val_AP=0.9595399938838314
INFO - 11/08/25 16:04:02 - 0:07:26 - Epoch 238: train_loss=0.6831934452056885, train_AUC=0.9979011402404311, train_AP=0.9971864352426859, time=0.26242637634277344
INFO - 11/08/25 16:04:02 - 0:07:26 - Epoch 238: val_AUC=0.9613821452775353, val_AP=0.9595593738528507
INFO - 11/08/25 16:04:02 - 0:07:26 - Epoch 239: train_loss=0.6835583448410034, train_AUC=0.9977266442421134, train_AP=0.9968061019701677, time=0.2623448371887207
INFO - 11/08/25 16:04:02 - 0:07:27 - Epoch 239: val_AUC=0.9615350780017985, val_AP=0.9596385546867967
INFO - 11/08/25 16:04:03 - 0:07:27 - Epoch 240: train_loss=0.6824432611465454, train_AUC=0.9977604159169796, train_AP=0.9969182986588343, time=0.26293444633483887
INFO - 11/08/25 16:04:03 - 0:07:27 - Epoch 240: val_AUC=0.9613432502704323, val_AP=0.9595975441969419
INFO - 11/08/25 16:04:03 - 0:07:27 - Epoch 241: train_loss=0.6817551851272583, train_AUC=0.9979482460143939, train_AP=0.9971174131570938, time=0.28498172760009766
INFO - 11/08/25 16:04:03 - 0:07:27 - Epoch 241: val_AUC=0.9615285615608179, val_AP=0.9596887216111828
INFO - 11/08/25 16:04:03 - 0:07:27 - Epoch 242: train_loss=0.6802271604537964, train_AUC=0.99789079860835, train_AP=0.9971383760648369, time=0.2643592357635498
INFO - 11/08/25 16:04:03 - 0:07:28 - Epoch 242: val_AUC=0.9614139129273156, val_AP=0.9596192299443791
INFO - 11/08/25 16:04:03 - 0:07:28 - Epoch 243: train_loss=0.6808849573135376, train_AUC=0.997693377153087, train_AP=0.9966896420012984, time=0.22246122360229492
INFO - 11/08/25 16:04:03 - 0:07:28 - Epoch 243: val_AUC=0.9615022921581148, val_AP=0.9597035104526088
INFO - 11/08/25 16:04:04 - 0:07:28 - Epoch 244: train_loss=0.6809273958206177, train_AUC=0.9977780848751578, train_AP=0.9970132548459615, time=0.22598958015441895
INFO - 11/08/25 16:04:04 - 0:07:28 - Epoch 244: val_AUC=0.9614672662878442, val_AP=0.9596564326453645
INFO - 11/08/25 16:04:04 - 0:07:28 - Epoch 245: train_loss=0.6796227693557739, train_AUC=0.9978647323907495, train_AP=0.9970902583098513, time=0.227158784866333
INFO - 11/08/25 16:04:04 - 0:07:28 - Epoch 245: val_AUC=0.9613420284377485, val_AP=0.9595404172808579
INFO - 11/08/25 16:04:04 - 0:07:29 - Epoch 246: train_loss=0.6795002222061157, train_AUC=0.9977922236697874, train_AP=0.9966848259565759, time=0.22768902778625488
INFO - 11/08/25 16:04:04 - 0:07:29 - Epoch 246: val_AUC=0.9613843853041224, val_AP=0.9595482658334956
INFO - 11/08/25 16:04:05 - 0:07:29 - Epoch 247: train_loss=0.679226279258728, train_AUC=0.9977541990319707, train_AP=0.9967975468978029, time=0.22782349586486816
INFO - 11/08/25 16:04:05 - 0:07:29 - Epoch 247: val_AUC=0.9612715694196456, val_AP=0.9594797612153683
INFO - 11/08/25 16:04:05 - 0:07:29 - Epoch 248: train_loss=0.6776644587516785, train_AUC=0.9978985111104441, train_AP=0.9969209871182485, time=0.22706055641174316
INFO - 11/08/25 16:04:05 - 0:07:29 - Epoch 248: val_AUC=0.9613467121297035, val_AP=0.9594965979252688
INFO - 11/08/25 16:04:05 - 0:07:29 - Epoch 249: train_loss=0.676435112953186, train_AUC=0.9978514882893366, train_AP=0.996919986850475, time=0.27495574951171875
INFO - 11/08/25 16:04:05 - 0:07:30 - Epoch 249: val_AUC=0.9612404126862073, val_AP=0.9594930048445572
INFO - 11/08/25 16:04:06 - 0:07:30 - Epoch 250: train_loss=0.6770274639129639, train_AUC=0.9978929536213805, train_AP=0.9969924461354135, time=0.270552396774292
INFO - 11/08/25 16:04:06 - 0:07:30 - Epoch 250: val_AUC=0.9613361229131099, val_AP=0.9595320402590181
INFO - 11/08/25 16:04:06 - 0:07:30 - Epoch 251: train_loss=0.676568329334259, train_AUC=0.9979040881489066, train_AP=0.9969553227234933, time=0.2690000534057617
INFO - 11/08/25 16:04:06 - 0:07:30 - Epoch 251: val_AUC=0.9611473497634533, val_AP=0.9594455411952465
INFO - 11/08/25 16:04:06 - 0:07:30 - Epoch 252: train_loss=0.6741966009140015, train_AUC=0.9980016540919109, train_AP=0.9971207663745637, time=0.26406073570251465
INFO - 11/08/25 16:04:06 - 0:07:30 - Epoch 252: val_AUC=0.9613033370694262, val_AP=0.9595130397937223
INFO - 11/08/25 16:04:06 - 0:07:31 - Epoch 253: train_loss=0.6746054887771606, train_AUC=0.9978509377359912, train_AP=0.9966885555343752, time=0.2925992012023926
INFO - 11/08/25 16:04:07 - 0:07:31 - Epoch 253: val_AUC=0.9612681075603748, val_AP=0.959552120656287
INFO - 11/08/25 16:04:07 - 0:07:31 - Epoch 254: train_loss=0.6738851070404053, train_AUC=0.9980605016576143, train_AP=0.9973540274645427, time=0.26181817054748535
INFO - 11/08/25 16:04:07 - 0:07:31 - Epoch 254: val_AUC=0.9613214609209036, val_AP=0.9595691963171761
INFO - 11/08/25 16:04:07 - 0:07:31 - Epoch 255: train_loss=0.6730062961578369, train_AUC=0.9979800606359095, train_AP=0.9971141950851121, time=0.26285266876220703
INFO - 11/08/25 16:04:07 - 0:07:31 - Epoch 255: val_AUC=0.9614990339376246, val_AP=0.9597186688452821
INFO - 11/08/25 16:04:07 - 0:07:32 - Epoch 256: train_loss=0.6722400188446045, train_AUC=0.9979993266567033, train_AP=0.9971333979697368, time=0.2661912441253662
INFO - 11/08/25 16:04:08 - 0:07:32 - Epoch 256: val_AUC=0.9614218548397607, val_AP=0.9596854644160879
INFO - 11/08/25 16:04:08 - 0:07:32 - Epoch 257: train_loss=0.6724622249603271, train_AUC=0.9980961125610746, train_AP=0.9973278630488737, time=0.2625699043273926
INFO - 11/08/25 16:04:08 - 0:07:32 - Epoch 257: val_AUC=0.9615723438986563, val_AP=0.9597664870297302
INFO - 11/08/25 16:04:08 - 0:07:32 - Epoch 258: train_loss=0.6724871397018433, train_AUC=0.9980247126961144, train_AP=0.9973716145282983, time=0.26131176948547363
INFO - 11/08/25 16:04:08 - 0:07:32 - Epoch 258: val_AUC=0.9616271227306495, val_AP=0.9598918803953018
INFO - 11/08/25 16:04:08 - 0:07:33 - Epoch 259: train_loss=0.66986483335495, train_AUC=0.9981704878093414, train_AP=0.9974730029561012, time=0.26506972312927246
INFO - 11/08/25 16:04:09 - 0:07:33 - Epoch 259: val_AUC=0.9616130716547852, val_AP=0.9598680891842721
INFO - 11/08/25 16:04:09 - 0:07:33 - Epoch 260: train_loss=0.670620322227478, train_AUC=0.997927826579058, train_AP=0.9968271763244897, time=0.2430436611175537
INFO - 11/08/25 16:04:09 - 0:07:33 - Epoch 260: val_AUC=0.9616790506197135, val_AP=0.9598928972679281
INFO - 11/08/25 16:04:09 - 0:07:33 - Epoch 261: train_loss=0.6705123782157898, train_AUC=0.9979447840095604, train_AP=0.9969455917133484, time=0.22092270851135254
INFO - 11/08/25 16:04:09 - 0:07:33 - Epoch 261: val_AUC=0.9614947575232311, val_AP=0.9597991643608941
INFO - 11/08/25 16:04:09 - 0:07:34 - Epoch 262: train_loss=0.6681869029998779, train_AUC=0.9981662788765688, train_AP=0.9973943788767664, time=0.22174930572509766
INFO - 11/08/25 16:04:09 - 0:07:34 - Epoch 262: val_AUC=0.9615808967274432, val_AP=0.9598552006613227
INFO - 11/08/25 16:04:10 - 0:07:34 - Epoch 263: train_loss=0.6677274703979492, train_AUC=0.9980838566729759, train_AP=0.9970896420020474, time=0.2212231159210205
INFO - 11/08/25 16:04:10 - 0:07:34 - Epoch 263: val_AUC=0.961507994043973, val_AP=0.9598458928764534
INFO - 11/08/25 16:04:10 - 0:07:34 - Epoch 264: train_loss=0.6666306257247925, train_AUC=0.9979466626891942, train_AP=0.9969985370682323, time=0.2639799118041992
INFO - 11/08/25 16:04:10 - 0:07:34 - Epoch 264: val_AUC=0.9613615777606903, val_AP=0.9597396008006311
INFO - 11/08/25 16:04:10 - 0:07:34 - Epoch 265: train_loss=0.6672376394271851, train_AUC=0.998004414607949, train_AP=0.9968896679030226, time=0.26155638694763184
INFO - 11/08/25 16:04:10 - 0:07:35 - Epoch 265: val_AUC=0.9614277603643994, val_AP=0.9597371384923562
INFO - 11/08/25 16:04:11 - 0:07:35 - Epoch 266: train_loss=0.6665374040603638, train_AUC=0.9980191187500634, train_AP=0.9970491139619432, time=0.26006126403808594
INFO - 11/08/25 16:04:11 - 0:07:35 - Epoch 266: val_AUC=0.9613116862594326, val_AP=0.9597192631417499
INFO - 11/08/25 16:04:11 - 0:07:35 - Epoch 267: train_loss=0.665747344493866, train_AUC=0.9980739188856872, train_AP=0.9972798707559117, time=0.2597377300262451
INFO - 11/08/25 16:04:11 - 0:07:35 - Epoch 267: val_AUC=0.9613432502704322, val_AP=0.9597222640611258
INFO - 11/08/25 16:04:11 - 0:07:35 - Epoch 268: train_loss=0.6656390428543091, train_AUC=0.9980596966098403, train_AP=0.9971382965762818, time=0.2683124542236328
INFO - 11/08/25 16:04:11 - 0:07:35 - Epoch 268: val_AUC=0.9612092559527688, val_AP=0.9596289852329937
INFO - 11/08/25 16:04:11 - 0:07:36 - Epoch 269: train_loss=0.6636930704116821, train_AUC=0.9983209628798857, train_AP=0.9976825067407038, time=0.26167774200439453
INFO - 11/08/25 16:04:12 - 0:07:36 - Epoch 269: val_AUC=0.9611534589268724, val_AP=0.9595705857703059
INFO - 11/08/25 16:04:12 - 0:07:36 - Epoch 270: train_loss=0.6625862121582031, train_AUC=0.9982970523797988, train_AP=0.9975084066363993, time=0.2627074718475342
INFO - 11/08/25 16:04:12 - 0:07:36 - Epoch 270: val_AUC=0.9610347375177574, val_AP=0.959416826322989
INFO - 11/08/25 16:04:12 - 0:07:36 - Epoch 271: train_loss=0.6629987359046936, train_AUC=0.998100741013383, train_AP=0.9972359996910944, time=0.2635493278503418
INFO - 11/08/25 16:04:12 - 0:07:36 - Epoch 271: val_AUC=0.961017224582622, val_AP=0.9594619679458468
INFO - 11/08/25 16:04:12 - 0:07:37 - Epoch 272: train_loss=0.6610618829727173, train_AUC=0.9982620987588354, train_AP=0.9974612546950645, time=0.2672240734100342
INFO - 11/08/25 16:04:12 - 0:07:37 - Epoch 272: val_AUC=0.9610603960041185, val_AP=0.9594766881644693
INFO - 11/08/25 16:04:13 - 0:07:37 - Epoch 273: train_loss=0.660912811756134, train_AUC=0.9981530136406703, train_AP=0.9973738552877078, time=0.2569148540496826
INFO - 11/08/25 16:04:13 - 0:07:37 - Epoch 273: val_AUC=0.9607742835173142, val_AP=0.959222936478154
INFO - 11/08/25 16:04:13 - 0:07:37 - Epoch 274: train_loss=0.6602095365524292, train_AUC=0.9981526608708844, train_AP=0.9971605019304919, time=0.2583918571472168
INFO - 11/08/25 16:04:13 - 0:07:37 - Epoch 274: val_AUC=0.9608875066793519, val_AP=0.9593172675819623
INFO - 11/08/25 16:04:13 - 0:07:38 - Epoch 275: train_loss=0.6608547568321228, train_AUC=0.9983103005319882, train_AP=0.9974288581451891, time=0.26284027099609375
INFO - 11/08/25 16:04:13 - 0:07:38 - Epoch 275: val_AUC=0.9606775550965085, val_AP=0.9592209058244846
INFO - 11/08/25 16:04:14 - 0:07:38 - Epoch 276: train_loss=0.6600703001022339, train_AUC=0.9982493648791246, train_AP=0.9974237055243417, time=0.2583744525909424
INFO - 11/08/25 16:04:14 - 0:07:38 - Epoch 276: val_AUC=0.9608270259615008, val_AP=0.959227599260483
INFO - 11/08/25 16:04:14 - 0:07:38 - Epoch 277: train_loss=0.6597228646278381, train_AUC=0.9982407326746731, train_AP=0.9974265872240303, time=0.2567739486694336
INFO - 11/08/25 16:04:14 - 0:07:38 - Epoch 277: val_AUC=0.9603794279216464, val_AP=0.9589600882123318
INFO - 11/08/25 16:04:14 - 0:07:39 - Epoch 278: train_loss=0.661166250705719, train_AUC=0.9981055602044222, train_AP=0.9970711697316721, time=0.25921201705932617
INFO - 11/08/25 16:04:14 - 0:07:39 - Epoch 278: val_AUC=0.9609887151533317, val_AP=0.9594604980167383
INFO - 11/08/25 16:04:15 - 0:07:39 - Epoch 279: train_loss=0.6614443063735962, train_AUC=0.9982035551774806, train_AP=0.9972521396043178, time=0.30044102668762207
INFO - 11/08/25 16:04:15 - 0:07:39 - Epoch 279: val_AUC=0.9604555888256069, val_AP=0.9590399765485804
INFO - 11/08/25 16:04:15 - 0:07:39 - Epoch 280: train_loss=0.6581681966781616, train_AUC=0.9983461571238416, train_AP=0.9975476349056226, time=0.2592766284942627
INFO - 11/08/25 16:04:15 - 0:07:39 - Epoch 280: val_AUC=0.9606038378579155, val_AP=0.9591491679816451
INFO - 11/08/25 16:04:15 - 0:07:40 - Epoch 281: train_loss=0.6574394702911377, train_AUC=0.9982837397674289, train_AP=0.9974901938391535, time=0.2591423988342285
INFO - 11/08/25 16:04:15 - 0:07:40 - Epoch 281: val_AUC=0.9607447558941208, val_AP=0.9592867113392876
INFO - 11/08/25 16:04:16 - 0:07:40 - Epoch 282: train_loss=0.656501293182373, train_AUC=0.9983325829722145, train_AP=0.9976570062166162, time=0.28386616706848145
INFO - 11/08/25 16:04:16 - 0:07:40 - Epoch 282: val_AUC=0.9602295497790926, val_AP=0.9588716435219491
INFO - 11/08/25 16:04:16 - 0:07:40 - Epoch 283: train_loss=0.6586060523986816, train_AUC=0.998275867523849, train_AP=0.997583125557455, time=0.2579610347747803
INFO - 11/08/25 16:04:16 - 0:07:40 - Epoch 283: val_AUC=0.9608052366119719, val_AP=0.9593142463211364
INFO - 11/08/25 16:04:16 - 0:07:41 - Epoch 284: train_loss=0.6588289737701416, train_AUC=0.9980862881955243, train_AP=0.9969098101862325, time=0.2562689781188965
INFO - 11/08/25 16:04:16 - 0:07:41 - Epoch 284: val_AUC=0.9605325642846902, val_AP=0.959172107481145
INFO - 11/08/25 16:04:17 - 0:07:41 - Epoch 285: train_loss=0.6560602188110352, train_AUC=0.9983051770043588, train_AP=0.9974971028009003, time=0.26889538764953613
INFO - 11/08/25 16:04:17 - 0:07:41 - Epoch 285: val_AUC=0.960497334775639, val_AP=0.9591379449282849
INFO - 11/08/25 16:04:17 - 0:07:41 - Epoch 286: train_loss=0.654410183429718, train_AUC=0.9983392429769344, train_AP=0.9976105335686198, time=0.26660966873168945
INFO - 11/08/25 16:04:17 - 0:07:41 - Epoch 286: val_AUC=0.9608905612610616, val_AP=0.9594173600410306
INFO - 11/08/25 16:04:17 - 0:07:42 - Epoch 287: train_loss=0.6548396348953247, train_AUC=0.9983460083018401, train_AP=0.9975405839652253, time=0.26029348373413086
INFO - 11/08/25 16:04:17 - 0:07:42 - Epoch 287: val_AUC=0.9607445522553403, val_AP=0.9592815719981326
INFO - 11/08/25 16:04:18 - 0:07:42 - Epoch 288: train_loss=0.6548316478729248, train_AUC=0.9981457409119937, train_AP=0.997159571967597, time=0.2611982822418213
INFO - 11/08/25 16:04:18 - 0:07:42 - Epoch 288: val_AUC=0.9608270259615008, val_AP=0.9594685047403568
INFO - 11/08/25 16:04:18 - 0:07:42 - Epoch 289: train_loss=0.6534433960914612, train_AUC=0.9984919058189617, train_AP=0.9979176777702945, time=0.26637816429138184
INFO - 11/08/25 16:04:18 - 0:07:42 - Epoch 289: val_AUC=0.9610141700009123, val_AP=0.9595832595735607
INFO - 11/08/25 16:04:18 - 0:07:42 - Epoch 290: train_loss=0.652554988861084, train_AUC=0.9985231994754117, train_AP=0.997884368957522, time=0.2615237236022949
INFO - 11/08/25 16:04:18 - 0:07:43 - Epoch 290: val_AUC=0.9607182828526373, val_AP=0.9593168619340172
INFO - 11/08/25 16:04:19 - 0:07:43 - Epoch 291: train_loss=0.6520637273788452, train_AUC=0.9984235005344658, train_AP=0.9977509360017615, time=0.26084470748901367
INFO - 11/08/25 16:04:19 - 0:07:43 - Epoch 291: val_AUC=0.9609673330813643, val_AP=0.9596719717397881
INFO - 11/08/25 16:04:19 - 0:07:43 - Epoch 292: train_loss=0.6524912714958191, train_AUC=0.998357160617558, train_AP=0.997698642583923, time=0.21976900100708008
INFO - 11/08/25 16:04:19 - 0:07:43 - Epoch 292: val_AUC=0.9610891090721891, val_AP=0.9597003802551156
INFO - 11/08/25 16:04:19 - 0:07:43 - Epoch 293: train_loss=0.6510159373283386, train_AUC=0.9985034392599004, train_AP=0.9974652861785287, time=0.22127866744995117
INFO - 11/08/25 16:04:19 - 0:07:43 - Epoch 293: val_AUC=0.960840669759804, val_AP=0.9595469123140536
INFO - 11/08/25 16:04:19 - 0:07:44 - Epoch 294: train_loss=0.650778591632843, train_AUC=0.9985735014880538, train_AP=0.9980934470229033, time=0.21987175941467285
INFO - 11/08/25 16:04:19 - 0:07:44 - Epoch 294: val_AUC=0.9608128730662461, val_AP=0.9596274000023506
INFO - 11/08/25 16:04:20 - 0:07:44 - Epoch 295: train_loss=0.6496009826660156, train_AUC=0.9985542426882091, train_AP=0.9979092375940888, time=0.22018098831176758
INFO - 11/08/25 16:04:20 - 0:07:44 - Epoch 295: val_AUC=0.9606382528118442, val_AP=0.9593652104794408
INFO - 11/08/25 16:04:20 - 0:07:44 - Epoch 296: train_loss=0.6496975421905518, train_AUC=0.9982877030118085, train_AP=0.9974853541561739, time=0.2203836441040039
INFO - 11/08/25 16:04:20 - 0:07:44 - Epoch 296: val_AUC=0.9604659744034199, val_AP=0.959319724295254
INFO - 11/08/25 16:04:20 - 0:07:44 - Epoch 297: train_loss=0.6493625640869141, train_AUC=0.9983199551171723, train_AP=0.9973412167632477, time=0.22344589233398438
INFO - 11/08/25 16:04:20 - 0:07:44 - Epoch 297: val_AUC=0.9605388770868902, val_AP=0.9593819919921892
INFO - 11/08/25 16:04:20 - 0:07:45 - Epoch 298: train_loss=0.6489152312278748, train_AUC=0.9984959523684381, train_AP=0.9978532527037974, time=0.25022077560424805
INFO - 11/08/25 16:04:20 - 0:07:45 - Epoch 298: val_AUC=0.9603126344015952, val_AP=0.9590882252506079
INFO - 11/08/25 16:04:21 - 0:07:45 - Epoch 299: train_loss=0.6478921175003052, train_AUC=0.9984268910342903, train_AP=0.9976952759301622, time=0.21823859214782715
INFO - 11/08/25 16:04:21 - 0:07:45 - Epoch 299: val_AUC=0.9602313825281186, val_AP=0.9591220092354824
INFO - 11/08/25 16:04:21 - 0:07:45 - Epoch 300: train_loss=0.6467444896697998, train_AUC=0.9984987569146542, train_AP=0.9977756590627569, time=0.22044634819030762
INFO - 11/08/25 16:04:21 - 0:07:45 - Epoch 300: val_AUC=0.9601963566578477, val_AP=0.9590180959533798
INFO - 11/08/25 16:04:21 - 0:07:45 - best_epoch=171
INFO - 11/08/25 16:04:21 - 0:07:45 - test_auc= 96.57%, test_ap= 96.35%
INFO - 11/08/25 16:04:21 - 0:07:45 - 
                                     train iters 1
INFO - 11/08/25 16:04:21 - 0:07:45 - --------------------------Training Start-------------------------
INFO - 11/08/25 16:04:23 - 0:07:47 - Epoch 0: train_loss=5.9868268966674805, train_AUC=0.9949991584107006, train_AP=0.9946758254388672, time=2.0868043899536133
INFO - 11/08/25 16:04:23 - 0:07:47 - Epoch 0: val_AUC=0.7778898582999909, val_AP=0.820443790519167
INFO - 11/08/25 16:04:23 - 0:07:48 - Epoch 1: train_loss=2.506417751312256, train_AUC=0.9009291456682402, train_AP=0.9324178974850204, time=0.21846747398376465
INFO - 11/08/25 16:04:23 - 0:07:48 - Epoch 1: val_AUC=0.6719470881283478, val_AP=0.7275030693996286
INFO - 11/08/25 16:04:24 - 0:07:48 - Epoch 2: train_loss=4.135794639587402, train_AUC=0.7187146011458768, train_AP=0.7923550969657167, time=0.22485756874084473
INFO - 11/08/25 16:04:24 - 0:07:48 - Epoch 2: val_AUC=0.623195149487156, val_AP=0.6822381701733187
INFO - 11/08/25 16:04:24 - 0:07:48 - Epoch 3: train_loss=5.794817924499512, train_AUC=0.6134494975436712, train_AP=0.6990946935255434, time=0.2219393253326416
INFO - 11/08/25 16:04:24 - 0:07:48 - Epoch 3: val_AUC=0.6373775723650771, val_AP=0.6952965897792724
INFO - 11/08/25 16:04:24 - 0:07:48 - Epoch 4: train_loss=5.079862594604492, train_AUC=0.641601437179106, train_AP=0.719961433892233, time=0.2209920883178711
INFO - 11/08/25 16:04:24 - 0:07:49 - Epoch 4: val_AUC=0.7239853494115654, val_AP=0.7567113808075864
INFO - 11/08/25 16:04:24 - 0:07:49 - Epoch 5: train_loss=3.2812318801879883, train_AUC=0.7490071825379645, train_AP=0.7969644448842637, time=0.22186994552612305
INFO - 11/08/25 16:04:24 - 0:07:49 - Epoch 5: val_AUC=0.7971336212514174, val_AP=0.80923897473912
INFO - 11/08/25 16:04:25 - 0:07:49 - Epoch 6: train_loss=2.648801326751709, train_AUC=0.8341105164624623, train_AP=0.8594452095063392, time=0.22223734855651855
INFO - 11/08/25 16:04:25 - 0:07:49 - Epoch 6: val_AUC=0.8400093592383585, val_AP=0.8413391532363
INFO - 11/08/25 16:04:25 - 0:07:49 - Epoch 7: train_loss=2.2962570190429688, train_AUC=0.8822121398053876, train_AP=0.8958320419487718, time=0.2221527099609375
INFO - 11/08/25 16:04:25 - 0:07:49 - Epoch 7: val_AUC=0.866266136336978, val_AP=0.8632343439207597
INFO - 11/08/25 16:04:25 - 0:07:50 - Epoch 8: train_loss=2.139369249343872, train_AUC=0.9129261146575594, train_AP=0.9191964438828426, time=0.26547694206237793
INFO - 11/08/25 16:04:25 - 0:07:50 - Epoch 8: val_AUC=0.8763159138005188, val_AP=0.8717482279195239
INFO - 11/08/25 16:04:26 - 0:07:50 - Epoch 9: train_loss=1.8909251689910889, train_AUC=0.9229399196963948, train_AP=0.9268450526941017, time=0.2678835391998291
INFO - 11/08/25 16:04:26 - 0:07:50 - Epoch 9: val_AUC=0.8787223132713837, val_AP=0.8721804941193054
INFO - 11/08/25 16:04:26 - 0:07:50 - Epoch 10: train_loss=1.8101179599761963, train_AUC=0.9224994817753726, train_AP=0.926002516815287, time=0.26320505142211914
INFO - 11/08/25 16:04:26 - 0:07:50 - Epoch 10: val_AUC=0.8793782337838367, val_AP=0.8726168990662868
INFO - 11/08/25 16:04:26 - 0:07:51 - Epoch 11: train_loss=1.722062110900879, train_AUC=0.9208576411734875, train_AP=0.9241622449887876, time=0.27256202697753906
INFO - 11/08/25 16:04:26 - 0:07:51 - Epoch 11: val_AUC=0.8867401829816627, val_AP=0.8780039963960611
INFO - 11/08/25 16:04:27 - 0:07:51 - Epoch 12: train_loss=1.626154899597168, train_AUC=0.9274868733781466, train_AP=0.9274006762315763, time=0.2714827060699463
INFO - 11/08/25 16:04:27 - 0:07:51 - Epoch 12: val_AUC=0.8898196086225547, val_AP=0.8792323785711597
INFO - 11/08/25 16:04:27 - 0:07:51 - Epoch 13: train_loss=1.5966209173202515, train_AUC=0.9297118501854441, train_AP=0.9284453864531552, time=0.2622668743133545
INFO - 11/08/25 16:04:27 - 0:07:51 - Epoch 13: val_AUC=0.8931702811192639, val_AP=0.8815151710641348
INFO - 11/08/25 16:04:27 - 0:07:52 - Epoch 14: train_loss=1.5738613605499268, train_AUC=0.9314875243879281, train_AP=0.9293088410846322, time=0.26682472229003906
INFO - 11/08/25 16:04:27 - 0:07:52 - Epoch 14: val_AUC=0.8976719200041705, val_AP=0.8850132955252172
INFO - 11/08/25 16:04:28 - 0:07:52 - Epoch 15: train_loss=1.5096396207809448, train_AUC=0.9359624572030897, train_AP=0.9321181176281239, time=0.26022768020629883
INFO - 11/08/25 16:04:28 - 0:07:52 - Epoch 15: val_AUC=0.901517842015405, val_AP=0.8885955120582258
INFO - 11/08/25 16:04:28 - 0:07:52 - Epoch 16: train_loss=1.4531960487365723, train_AUC=0.9402790840924943, train_AP=0.9347830927655485, time=0.22700047492980957
INFO - 11/08/25 16:04:28 - 0:07:52 - Epoch 16: val_AUC=0.9052175513821371, val_AP=0.8922492524467821
INFO - 11/08/25 16:04:28 - 0:07:53 - Epoch 17: train_loss=1.4364979267120361, train_AUC=0.9429584231004164, train_AP=0.9365474518674941, time=0.22697091102600098
INFO - 11/08/25 16:04:28 - 0:07:53 - Epoch 17: val_AUC=0.9095242061345775, val_AP=0.8960010355807817
INFO - 11/08/25 16:04:29 - 0:07:53 - Epoch 18: train_loss=1.3582849502563477, train_AUC=0.9461226319386756, train_AP=0.9391221571530284, time=0.22356271743774414
INFO - 11/08/25 16:04:29 - 0:07:53 - Epoch 18: val_AUC=0.9138505120293501, val_AP=0.8997030239521018
INFO - 11/08/25 16:04:29 - 0:07:53 - Epoch 19: train_loss=1.308069109916687, train_AUC=0.9502215149799936, train_AP=0.9434321131328384, time=0.23309803009033203
INFO - 11/08/25 16:04:29 - 0:07:53 - Epoch 19: val_AUC=0.9164187025114363, val_AP=0.9027639304326515
INFO - 11/08/25 16:04:29 - 0:07:53 - Epoch 20: train_loss=1.2847833633422852, train_AUC=0.9513378030999409, train_AP=0.9443540459294562, time=0.2227616310119629
INFO - 11/08/25 16:04:29 - 0:07:54 - Epoch 20: val_AUC=0.9180915950944231, val_AP=0.9052487893269825
INFO - 11/08/25 16:04:29 - 0:07:54 - Epoch 21: train_loss=1.2704780101776123, train_AUC=0.953455707320448, train_AP=0.9471166495936303, time=0.2285938262939453
INFO - 11/08/25 16:04:29 - 0:07:54 - Epoch 21: val_AUC=0.9195991329875274, val_AP=0.9070377200115749
INFO - 11/08/25 16:04:30 - 0:07:54 - Epoch 22: train_loss=1.2306253910064697, train_AUC=0.9551004910755493, train_AP=0.9476634107507991, time=0.22373127937316895
INFO - 11/08/25 16:04:30 - 0:07:54 - Epoch 22: val_AUC=0.9205556243402103, val_AP=0.9084499751933676
INFO - 11/08/25 16:04:30 - 0:07:54 - Epoch 23: train_loss=1.2104418277740479, train_AUC=0.9563583411490538, train_AP=0.9486303047197655, time=0.2309255599975586
INFO - 11/08/25 16:04:30 - 0:07:54 - Epoch 23: val_AUC=0.9209820439468781, val_AP=0.9095347002685951
INFO - 11/08/25 16:04:30 - 0:07:55 - Epoch 24: train_loss=1.1984570026397705, train_AUC=0.9577756060043174, train_AP=0.9506546308098617, time=0.2187511920928955
INFO - 11/08/25 16:04:30 - 0:07:55 - Epoch 24: val_AUC=0.9214467476443067, val_AP=0.9105815461601315
INFO - 11/08/25 16:04:31 - 0:07:55 - Epoch 25: train_loss=1.1924915313720703, train_AUC=0.958574438654541, train_AP=0.9514989961194811, time=0.22278952598571777
INFO - 11/08/25 16:04:31 - 0:07:55 - Epoch 25: val_AUC=0.9224284902057893, val_AP=0.9118891614611866
INFO - 11/08/25 16:04:31 - 0:07:55 - Epoch 26: train_loss=1.179489016532898, train_AUC=0.960672993901399, train_AP=0.9541130198969296, time=0.22034835815429688
INFO - 11/08/25 16:04:31 - 0:07:55 - Epoch 26: val_AUC=0.9240800007168086, val_AP=0.9134365615985385
INFO - 11/08/25 16:04:31 - 0:07:56 - Epoch 27: train_loss=1.1714725494384766, train_AUC=0.9605870112414949, train_AP=0.9530423669712796, time=0.28028082847595215
INFO - 11/08/25 16:04:31 - 0:07:56 - Epoch 27: val_AUC=0.9262181060941757, val_AP=0.9152496256093507
INFO - 11/08/25 16:04:32 - 0:07:56 - Epoch 28: train_loss=1.1484334468841553, train_AUC=0.9634469148391038, train_AP=0.9565628853877141, time=0.23263216018676758
INFO - 11/08/25 16:04:32 - 0:07:56 - Epoch 28: val_AUC=0.928294610740398, val_AP=0.91700748818216
INFO - 11/08/25 16:04:32 - 0:07:56 - Epoch 29: train_loss=1.1291041374206543, train_AUC=0.9651454765252169, train_AP=0.9583122197437891, time=0.21880531311035156
INFO - 11/08/25 16:04:32 - 0:07:56 - Epoch 29: val_AUC=0.9300476351835681, val_AP=0.9187180458245883
INFO - 11/08/25 16:04:32 - 0:07:56 - Epoch 30: train_loss=1.1124943494796753, train_AUC=0.9666877353064294, train_AP=0.9599115190019876, time=0.2524275779724121
INFO - 11/08/25 16:04:32 - 0:07:56 - Epoch 30: val_AUC=0.9316690071550522, val_AP=0.9203360854098381
INFO - 11/08/25 16:04:32 - 0:07:57 - Epoch 31: train_loss=1.0969090461730957, train_AUC=0.967980016098504, train_AP=0.9610455750090978, time=0.2174229621887207
INFO - 11/08/25 16:04:32 - 0:07:57 - Epoch 31: val_AUC=0.9331918179567047, val_AP=0.921925014568117
INFO - 11/08/25 16:04:33 - 0:07:57 - Epoch 32: train_loss=1.0871317386627197, train_AUC=0.9685348708400021, train_AP=0.9611680067864091, time=0.21750783920288086
INFO - 11/08/25 16:04:33 - 0:07:57 - Epoch 32: val_AUC=0.9346128093680355, val_AP=0.9233804830801282
INFO - 11/08/25 16:04:33 - 0:07:57 - Epoch 33: train_loss=1.0745335817337036, train_AUC=0.9700390778608082, train_AP=0.9631451625459255, time=0.21757125854492188
INFO - 11/08/25 16:04:33 - 0:07:57 - Epoch 33: val_AUC=0.9359494943241801, val_AP=0.9247888433552455
INFO - 11/08/25 16:04:33 - 0:07:57 - Epoch 34: train_loss=1.066533088684082, train_AUC=0.9704265351492812, train_AP=0.9632466212631019, time=0.2310490608215332
INFO - 11/08/25 16:04:33 - 0:07:58 - Epoch 34: val_AUC=0.9371664396773058, val_AP=0.9260800130498148
INFO - 11/08/25 16:04:33 - 0:07:58 - Epoch 35: train_loss=1.057529091835022, train_AUC=0.971654089818531, train_AP=0.9644116880307207, time=0.21776556968688965
INFO - 11/08/25 16:04:34 - 0:07:58 - Epoch 35: val_AUC=0.9382984676589033, val_AP=0.9273418324010091
INFO - 11/08/25 16:04:34 - 0:07:58 - Epoch 36: train_loss=1.0482443571090698, train_AUC=0.9732103209603001, train_AP=0.9666101272714887, time=0.21884465217590332
INFO - 11/08/25 16:04:34 - 0:07:58 - Epoch 36: val_AUC=0.9394085026521913, val_AP=0.9285764067028919
INFO - 11/08/25 16:04:34 - 0:07:58 - Epoch 37: train_loss=1.0433189868927002, train_AUC=0.9732456805395046, train_AP=0.9664158049635114, time=0.23213791847229004
INFO - 11/08/25 16:04:34 - 0:07:58 - Epoch 37: val_AUC=0.9404260856390674, val_AP=0.9297500864548114
INFO - 11/08/25 16:04:34 - 0:07:59 - Epoch 38: train_loss=1.0341370105743408, train_AUC=0.9746607371932824, train_AP=0.9682663728465616, time=0.21862459182739258
INFO - 11/08/25 16:04:34 - 0:07:59 - Epoch 38: val_AUC=0.9413966280676146, val_AP=0.9308978061923373
INFO - 11/08/25 16:04:35 - 0:07:59 - Epoch 39: train_loss=1.0241937637329102, train_AUC=0.9759734375968135, train_AP=0.9697510103874126, time=0.21881723403930664
INFO - 11/08/25 16:04:35 - 0:07:59 - Epoch 39: val_AUC=0.9423148353295363, val_AP=0.9319640792883883
INFO - 11/08/25 16:04:35 - 0:07:59 - Epoch 40: train_loss=1.0164223909378052, train_AUC=0.9765721382940182, train_AP=0.9705175435704276, time=0.21988773345947266
INFO - 11/08/25 16:04:35 - 0:07:59 - Epoch 40: val_AUC=0.9432004603865551, val_AP=0.9330332541472576
INFO - 11/08/25 16:04:35 - 0:07:59 - Epoch 41: train_loss=1.0091149806976318, train_AUC=0.9772677168306059, train_AP=0.971323053339817, time=0.2819855213165283
INFO - 11/08/25 16:04:35 - 0:08:00 - Epoch 41: val_AUC=0.9440258083645037, val_AP=0.9339779304705582
INFO - 11/08/25 16:04:36 - 0:08:00 - Epoch 42: train_loss=1.0030059814453125, train_AUC=0.9779384857708723, train_AP=0.9722695319971904, time=0.26128578186035156
INFO - 11/08/25 16:04:36 - 0:08:00 - Epoch 42: val_AUC=0.9448218323580393, val_AP=0.9349509518789291
INFO - 11/08/25 16:04:36 - 0:08:00 - Epoch 43: train_loss=0.9967743158340454, train_AUC=0.9786985310044761, train_AP=0.9732841986908991, time=0.26104235649108887
INFO - 11/08/25 16:04:36 - 0:08:00 - Epoch 43: val_AUC=0.9455201097368661, val_AP=0.9357415789151343
INFO - 11/08/25 16:04:36 - 0:08:00 - Epoch 44: train_loss=0.9930415153503418, train_AUC=0.9787656757930372, train_AP=0.9729130000619948, time=0.2629067897796631
INFO - 11/08/25 16:04:36 - 0:08:01 - Epoch 44: val_AUC=0.9461796957473706, val_AP=0.9365076116059206
INFO - 11/08/25 16:04:37 - 0:08:01 - Epoch 45: train_loss=0.9903153777122498, train_AUC=0.9787340520863733, train_AP=0.9729151225097297, time=0.27669286727905273
INFO - 11/08/25 16:04:37 - 0:08:01 - Epoch 45: val_AUC=0.9467392951165792, val_AP=0.9371322062734087
INFO - 11/08/25 16:04:37 - 0:08:01 - Epoch 46: train_loss=0.9865965843200684, train_AUC=0.9789331836737487, train_AP=0.9728841564743944, time=0.24562358856201172
INFO - 11/08/25 16:04:37 - 0:08:01 - Epoch 46: val_AUC=0.9473153892270197, val_AP=0.9378028496193704
INFO - 11/08/25 16:04:37 - 0:08:01 - Epoch 47: train_loss=0.9809784889221191, train_AUC=0.9797943118048522, train_AP=0.9739236231546722, time=0.22652983665466309
INFO - 11/08/25 16:04:37 - 0:08:01 - Epoch 47: val_AUC=0.9478651121153671, val_AP=0.9384293688838045
INFO - 11/08/25 16:04:37 - 0:08:02 - Epoch 48: train_loss=0.9755347371101379, train_AUC=0.9803685533859525, train_AP=0.974561948948431, time=0.2294478416442871
INFO - 11/08/25 16:04:37 - 0:08:02 - Epoch 48: val_AUC=0.9483630089340408, val_AP=0.9390230898574055
INFO - 11/08/25 16:04:38 - 0:08:02 - Epoch 49: train_loss=0.9727417230606079, train_AUC=0.9804274479758862, train_AP=0.9748892290418073, time=0.24468350410461426
INFO - 11/08/25 16:04:38 - 0:08:02 - Epoch 49: val_AUC=0.948820687093537, val_AP=0.9395433988363312
INFO - 11/08/25 16:04:38 - 0:08:02 - Epoch 50: train_loss=0.9690089821815491, train_AUC=0.9803897031938806, train_AP=0.9748242701037855, time=0.2221841812133789
INFO - 11/08/25 16:04:38 - 0:08:02 - Epoch 50: val_AUC=0.9492395720653208, val_AP=0.9400227042424469
INFO - 11/08/25 16:04:38 - 0:08:03 - Epoch 51: train_loss=0.9647587537765503, train_AUC=0.9812019594125225, train_AP=0.9760456815429076, time=0.2214057445526123
INFO - 11/08/25 16:04:38 - 0:08:03 - Epoch 51: val_AUC=0.9496433877673368, val_AP=0.9405014634885872
INFO - 11/08/25 16:04:39 - 0:08:03 - Epoch 52: train_loss=0.9603002667427063, train_AUC=0.9816826553581088, train_AP=0.9765780608917878, time=0.26692795753479004
INFO - 11/08/25 16:04:39 - 0:08:03 - Epoch 52: val_AUC=0.9500472034693531, val_AP=0.9409985495879777
INFO - 11/08/25 16:04:39 - 0:08:03 - Epoch 53: train_loss=0.9598653316497803, train_AUC=0.9811147409135831, train_AP=0.9755330596684959, time=0.2680015563964844
INFO - 11/08/25 16:04:39 - 0:08:03 - Epoch 53: val_AUC=0.9504145678296343, val_AP=0.9414619284258912
INFO - 11/08/25 16:04:39 - 0:08:04 - Epoch 54: train_loss=0.955817699432373, train_AUC=0.9817801623006746, train_AP=0.9767081747129677, time=0.2641425132751465
INFO - 11/08/25 16:04:39 - 0:08:04 - Epoch 54: val_AUC=0.9507281715518253, val_AP=0.9418425713413665
INFO - 11/08/25 16:04:40 - 0:08:04 - Epoch 55: train_loss=0.9547023177146912, train_AUC=0.9813164188542108, train_AP=0.9756579640987119, time=0.27147507667541504
INFO - 11/08/25 16:04:40 - 0:08:04 - Epoch 55: val_AUC=0.9510403498025518, val_AP=0.94224226185522
INFO - 11/08/25 16:04:40 - 0:08:04 - Epoch 56: train_loss=0.9504930377006531, train_AUC=0.9820432198944806, train_AP=0.9767975535483607, time=0.2648043632507324
INFO - 11/08/25 16:04:40 - 0:08:04 - Epoch 56: val_AUC=0.9513543608023043, val_AP=0.9426656372113804
INFO - 11/08/25 16:04:40 - 0:08:05 - Epoch 57: train_loss=0.9456649422645569, train_AUC=0.982369638323353, train_AP=0.9771420850164667, time=0.2246692180633545
INFO - 11/08/25 16:04:40 - 0:08:05 - Epoch 57: val_AUC=0.9516192948559216, val_AP=0.9430229921312838
INFO - 11/08/25 16:04:41 - 0:08:05 - Epoch 58: train_loss=0.9445285797119141, train_AUC=0.9822483880192558, train_AP=0.9768840533147095, time=0.22568821907043457
INFO - 11/08/25 16:04:41 - 0:08:05 - Epoch 58: val_AUC=0.9518854507422225, val_AP=0.9434158495931178
INFO - 11/08/25 16:04:41 - 0:08:05 - Epoch 59: train_loss=0.9390518069267273, train_AUC=0.9830524683622107, train_AP=0.9780674741977934, time=0.259197473526001
INFO - 11/08/25 16:04:41 - 0:08:05 - Epoch 59: val_AUC=0.9521275772524078, val_AP=0.9437454798852225
INFO - 11/08/25 16:04:41 - 0:08:05 - Epoch 60: train_loss=0.9396288394927979, train_AUC=0.9827877233558642, train_AP=0.9777313703674879, time=0.22147130966186523
INFO - 11/08/25 16:04:41 - 0:08:05 - Epoch 60: val_AUC=0.9523762202035737, val_AP=0.9440933844735147
INFO - 11/08/25 16:04:41 - 0:08:06 - Epoch 61: train_loss=0.93519526720047, train_AUC=0.9836212258965843, train_AP=0.9788365304238199, time=0.22046446800231934
INFO - 11/08/25 16:04:41 - 0:08:06 - Epoch 61: val_AUC=0.9526012410561846, val_AP=0.9443968220506302
INFO - 11/08/25 16:04:42 - 0:08:06 - Epoch 62: train_loss=0.9295071363449097, train_AUC=0.9841339367129356, train_AP=0.9794999369151689, time=0.2214822769165039
INFO - 11/08/25 16:04:42 - 0:08:06 - Epoch 62: val_AUC=0.9528692296915117, val_AP=0.9447402941597457
INFO - 11/08/25 16:04:42 - 0:08:06 - Epoch 63: train_loss=0.930419921875, train_AUC=0.9834526125061643, train_AP=0.9783826574403095, time=0.22146964073181152
INFO - 11/08/25 16:04:42 - 0:08:06 - Epoch 63: val_AUC=0.953130701885858, val_AP=0.9450569735708523
INFO - 11/08/25 16:04:42 - 0:08:07 - Epoch 64: train_loss=0.9254113435745239, train_AUC=0.9841505655021896, train_AP=0.9790162951794972, time=0.22133874893188477
INFO - 11/08/25 16:04:42 - 0:08:07 - Epoch 64: val_AUC=0.9533789375594626, val_AP=0.9453501341287398
INFO - 11/08/25 16:04:43 - 0:08:07 - Epoch 65: train_loss=0.9224159717559814, train_AUC=0.984441260310346, train_AP=0.9795916105842786, time=0.22040343284606934
INFO - 11/08/25 16:04:43 - 0:08:07 - Epoch 65: val_AUC=0.9536247295676993, val_AP=0.9456466891211397
INFO - 11/08/25 16:04:43 - 0:08:07 - Epoch 66: train_loss=0.9179316759109497, train_AUC=0.9847464200886903, train_AP=0.9798537271730914, time=0.2198493480682373
INFO - 11/08/25 16:04:43 - 0:08:07 - Epoch 66: val_AUC=0.9538507686142136, val_AP=0.9459098405203833
INFO - 11/08/25 16:04:43 - 0:08:07 - Epoch 67: train_loss=0.916287899017334, train_AUC=0.9849066823633147, train_AP=0.980265943736504, time=0.2633838653564453
INFO - 11/08/25 16:04:43 - 0:08:07 - Epoch 67: val_AUC=0.9540560365051023, val_AP=0.9461474364348028
INFO - 11/08/25 16:04:43 - 0:08:08 - Epoch 68: train_loss=0.9136728048324585, train_AUC=0.9848966403125645, train_AP=0.98020361226274, time=0.23833775520324707
INFO - 11/08/25 16:04:43 - 0:08:08 - Epoch 68: val_AUC=0.9542460314874429, val_AP=0.9463913206647364
INFO - 11/08/25 16:04:44 - 0:08:08 - Epoch 69: train_loss=0.9094740152359009, train_AUC=0.9854412846319117, train_AP=0.9807199439789244, time=0.21071910858154297
INFO - 11/08/25 16:04:44 - 0:08:08 - Epoch 69: val_AUC=0.954446412047596, val_AP=0.9466651034235847
INFO - 11/08/25 16:04:44 - 0:08:08 - Epoch 70: train_loss=0.9070290327072144, train_AUC=0.9856960853345033, train_AP=0.9812280104808953, time=0.2195584774017334
INFO - 11/08/25 16:04:44 - 0:08:08 - Epoch 70: val_AUC=0.9546107485435755, val_AP=0.9468885901676581
INFO - 11/08/25 16:04:44 - 0:08:09 - Epoch 71: train_loss=0.9033206701278687, train_AUC=0.9860553097683784, train_AP=0.98153274747563, time=0.21116137504577637
INFO - 11/08/25 16:04:44 - 0:08:09 - Epoch 71: val_AUC=0.9547673467658904, val_AP=0.9471146291116413
INFO - 11/08/25 16:04:44 - 0:08:09 - Epoch 72: train_loss=0.9012603759765625, train_AUC=0.9861166066448219, train_AP=0.9818174605929486, time=0.2111673355102539
INFO - 11/08/25 16:04:45 - 0:08:09 - Epoch 72: val_AUC=0.9549147812430764, val_AP=0.9473166389683478
INFO - 11/08/25 16:04:45 - 0:08:09 - Epoch 73: train_loss=0.9013586640357971, train_AUC=0.985917575094011, train_AP=0.9817274849002338, time=0.21137166023254395
INFO - 11/08/25 16:04:45 - 0:08:09 - Epoch 73: val_AUC=0.9550607902487976, val_AP=0.9475395692975339
INFO - 11/08/25 16:04:45 - 0:08:09 - Epoch 74: train_loss=0.8957594633102417, train_AUC=0.9863388415710617, train_AP=0.9821194347052167, time=0.23925113677978516
INFO - 11/08/25 16:04:45 - 0:08:09 - Epoch 74: val_AUC=0.9552165739159901, val_AP=0.9477440458019842
INFO - 11/08/25 16:04:45 - 0:08:10 - Epoch 75: train_loss=0.894578754901886, train_AUC=0.9864916583425913, train_AP=0.9823545888354581, time=0.2091050148010254
INFO - 11/08/25 16:04:45 - 0:08:10 - Epoch 75: val_AUC=0.9553538264541438, val_AP=0.9479345536156839
INFO - 11/08/25 16:04:46 - 0:08:10 - Epoch 76: train_loss=0.8906752467155457, train_AUC=0.9867492149820823, train_AP=0.9827272223523575, time=0.21010780334472656
INFO - 11/08/25 16:04:46 - 0:08:10 - Epoch 76: val_AUC=0.9555122574254845, val_AP=0.948136667627237
INFO - 11/08/25 16:04:46 - 0:08:10 - Epoch 77: train_loss=0.8888427019119263, train_AUC=0.9869631776946055, train_AP=0.982955033753387, time=0.21114039421081543
INFO - 11/08/25 16:04:46 - 0:08:10 - Epoch 77: val_AUC=0.9556698738417025, val_AP=0.9483394897540723
INFO - 11/08/25 16:04:46 - 0:08:10 - Epoch 78: train_loss=0.8848801255226135, train_AUC=0.987538905734514, train_AP=0.9837480838166983, time=0.3003387451171875
INFO - 11/08/25 16:04:46 - 0:08:11 - Epoch 78: val_AUC=0.9558529451055012, val_AP=0.948540880511796
INFO - 11/08/25 16:04:46 - 0:08:11 - Epoch 79: train_loss=0.8832814693450928, train_AUC=0.9875591302042219, train_AP=0.9837499172704278, time=0.22675871849060059
INFO - 11/08/25 16:04:47 - 0:08:11 - Epoch 79: val_AUC=0.9560466055858933, val_AP=0.948783783288335
INFO - 11/08/25 16:04:47 - 0:08:11 - Epoch 80: train_loss=0.8811590671539307, train_AUC=0.9876066503902198, train_AP=0.9835862182712463, time=0.2169630527496338
INFO - 11/08/25 16:04:47 - 0:08:11 - Epoch 80: val_AUC=0.9562366005682337, val_AP=0.9490432947223448
INFO - 11/08/25 16:04:47 - 0:08:11 - Epoch 81: train_loss=0.8813025951385498, train_AUC=0.9872037020522915, train_AP=0.9832222651559641, time=0.2722012996673584
INFO - 11/08/25 16:04:47 - 0:08:11 - Epoch 81: val_AUC=0.9564339265466772, val_AP=0.9493055990875162
INFO - 11/08/25 16:04:47 - 0:08:12 - Epoch 82: train_loss=0.8790587782859802, train_AUC=0.9873162003898529, train_AP=0.9833150520328348, time=0.25801849365234375
INFO - 11/08/25 16:04:47 - 0:08:12 - Epoch 82: val_AUC=0.9566524309583078, val_AP=0.9495648121295198
INFO - 11/08/25 16:04:48 - 0:08:12 - Epoch 83: train_loss=0.8734626770019531, train_AUC=0.9880532935722839, train_AP=0.9844216235002189, time=0.22411108016967773
INFO - 11/08/25 16:04:48 - 0:08:12 - Epoch 83: val_AUC=0.9568285785035645, val_AP=0.9498072958355206
INFO - 11/08/25 16:04:48 - 0:08:12 - Epoch 84: train_loss=0.871536135673523, train_AUC=0.9880895031100437, train_AP=0.9843163812134291, time=0.24841904640197754
INFO - 11/08/25 16:04:48 - 0:08:12 - Epoch 84: val_AUC=0.9570067624366276, val_AP=0.9500654840974281
INFO - 11/08/25 16:04:48 - 0:08:13 - Epoch 85: train_loss=0.8682857751846313, train_AUC=0.9882781444194572, train_AP=0.9846655004382017, time=0.22297191619873047
INFO - 11/08/25 16:04:48 - 0:08:13 - Epoch 85: val_AUC=0.9571623424650393, val_AP=0.9502987528244484
INFO - 11/08/25 16:04:49 - 0:08:13 - Epoch 86: train_loss=0.8653432726860046, train_AUC=0.988754259641448, train_AP=0.9851793511750043, time=0.22584319114685059
INFO - 11/08/25 16:04:49 - 0:08:13 - Epoch 86: val_AUC=0.9573175152158897, val_AP=0.9505197493262456
INFO - 11/08/25 16:04:49 - 0:08:13 - Epoch 87: train_loss=0.8641489744186401, train_AUC=0.9885918613748298, train_AP=0.9850484141602264, time=0.23467779159545898
INFO - 11/08/25 16:04:49 - 0:08:13 - Epoch 87: val_AUC=0.9574614878338047, val_AP=0.9507367542235956
INFO - 11/08/25 16:04:49 - 0:08:13 - Epoch 88: train_loss=0.861115574836731, train_AUC=0.9889876565700447, train_AP=0.9855409924790073, time=0.2215561866760254
INFO - 11/08/25 16:04:49 - 0:08:13 - Epoch 88: val_AUC=0.9576064786456228, val_AP=0.9509279237342151
INFO - 11/08/25 16:04:49 - 0:08:14 - Epoch 89: train_loss=0.8604546189308167, train_AUC=0.9887803526293966, train_AP=0.9851475930730377, time=0.22361016273498535
INFO - 11/08/25 16:04:49 - 0:08:14 - Epoch 89: val_AUC=0.9577203127240026, val_AP=0.9510959310521687
INFO - 11/08/25 16:04:50 - 0:08:14 - Epoch 90: train_loss=0.8561537265777588, train_AUC=0.989044593402145, train_AP=0.9854071785379549, time=0.22093605995178223
INFO - 11/08/25 16:04:50 - 0:08:14 - Epoch 90: val_AUC=0.957843514186292, val_AP=0.9512964454401124
INFO - 11/08/25 16:04:50 - 0:08:14 - Epoch 91: train_loss=0.8554256558418274, train_AUC=0.9890917282360253, train_AP=0.9856242806024637, time=0.24540972709655762
INFO - 11/08/25 16:04:50 - 0:08:14 - Epoch 91: val_AUC=0.957961828317846, val_AP=0.9514938385689669
INFO - 11/08/25 16:04:50 - 0:08:15 - Epoch 92: train_loss=0.8515887260437012, train_AUC=0.9893306255905749, train_AP=0.9857401170268103, time=0.21906018257141113
INFO - 11/08/25 16:04:50 - 0:08:15 - Epoch 92: val_AUC=0.9580770878676902, val_AP=0.9516530521080315
INFO - 11/08/25 16:04:51 - 0:08:15 - Epoch 93: train_loss=0.8511523008346558, train_AUC=0.9895855538045619, train_AP=0.9863016993232863, time=0.21971607208251953
INFO - 11/08/25 16:04:51 - 0:08:15 - Epoch 93: val_AUC=0.9581770745089861, val_AP=0.9517940031534038
INFO - 11/08/25 16:04:51 - 0:08:15 - Epoch 94: train_loss=0.8475427627563477, train_AUC=0.9899691499986683, train_AP=0.9868015788745219, time=0.21921539306640625
INFO - 11/08/25 16:04:51 - 0:08:15 - Epoch 94: val_AUC=0.9582585300212435, val_AP=0.9519082441768753
INFO - 11/08/25 16:04:51 - 0:08:15 - Epoch 95: train_loss=0.8444761037826538, train_AUC=0.9903298947065283, train_AP=0.9873650213898916, time=0.24421358108520508
INFO - 11/08/25 16:04:51 - 0:08:15 - Epoch 95: val_AUC=0.9583235926116592, val_AP=0.9520305700878622
INFO - 11/08/25 16:04:51 - 0:08:16 - Epoch 96: train_loss=0.8431264162063599, train_AUC=0.9902041318375513, train_AP=0.9869305475793404, time=0.21861028671264648
INFO - 11/08/25 16:04:51 - 0:08:16 - Epoch 96: val_AUC=0.9583994480574489, val_AP=0.9521331870457934
INFO - 11/08/25 16:04:52 - 0:08:16 - Epoch 97: train_loss=0.8409981727600098, train_AUC=0.9901330724139272, train_AP=0.986829624447592, time=0.21880173683166504
INFO - 11/08/25 16:04:52 - 0:08:16 - Epoch 97: val_AUC=0.9584735725736031, val_AP=0.9522674729417757
INFO - 11/08/25 16:04:52 - 0:08:16 - Epoch 98: train_loss=0.8397510051727295, train_AUC=0.9904667618102689, train_AP=0.9875454768325226, time=0.21971940994262695
INFO - 11/08/25 16:04:52 - 0:08:16 - Epoch 98: val_AUC=0.9585303877934027, val_AP=0.9523757075498875
INFO - 11/08/25 16:04:52 - 0:08:17 - Epoch 99: train_loss=0.8375238180160522, train_AUC=0.9903954774804956, train_AP=0.9872274984982576, time=0.23529934883117676
INFO - 11/08/25 16:04:52 - 0:08:17 - Epoch 99: val_AUC=0.9586030868380926, val_AP=0.9524838406110455
INFO - 11/08/25 16:04:53 - 0:08:17 - Epoch 100: train_loss=0.8331773281097412, train_AUC=0.9909465968778154, train_AP=0.9881691711392334, time=0.21901607513427734
INFO - 11/08/25 16:04:53 - 0:08:17 - Epoch 100: val_AUC=0.9586481928280051, val_AP=0.952590059548879
INFO - 11/08/25 16:04:53 - 0:08:17 - Epoch 101: train_loss=0.8333230018615723, train_AUC=0.9905977167178323, train_AP=0.9876975906926369, time=0.21868538856506348
INFO - 11/08/25 16:04:53 - 0:08:17 - Epoch 101: val_AUC=0.9587081644489046, val_AP=0.9526884354364227
INFO - 11/08/25 16:04:53 - 0:08:17 - Epoch 102: train_loss=0.8298481702804565, train_AUC=0.9911850007421305, train_AP=0.9884934061344046, time=0.2180027961730957
INFO - 11/08/25 16:04:53 - 0:08:17 - Epoch 102: val_AUC=0.9587397284599043, val_AP=0.9527618858932224
INFO - 11/08/25 16:04:53 - 0:08:18 - Epoch 103: train_loss=0.8291260004043579, train_AUC=0.9911355670045979, train_AP=0.9881977960415924, time=0.2343742847442627
INFO - 11/08/25 16:04:53 - 0:08:18 - Epoch 103: val_AUC=0.9588033655788555, val_AP=0.952875489916914
INFO - 11/08/25 16:04:54 - 0:08:18 - Epoch 104: train_loss=0.8262952566146851, train_AUC=0.9913063186765808, train_AP=0.9883770558645822, time=0.2217731475830078
INFO - 11/08/25 16:04:54 - 0:08:18 - Epoch 104: val_AUC=0.9588503043177938, val_AP=0.9529819700478962
INFO - 11/08/25 16:04:54 - 0:08:18 - Epoch 105: train_loss=0.8248374462127686, train_AUC=0.9913102021382779, train_AP=0.9885963657914587, time=0.21867990493774414
INFO - 11/08/25 16:04:54 - 0:08:18 - Epoch 105: val_AUC=0.9589247342921189, val_AP=0.9530921714442606
INFO - 11/08/25 16:04:54 - 0:08:18 - Epoch 106: train_loss=0.8236396312713623, train_AUC=0.9913838181301557, train_AP=0.9885078854439295, time=0.2176365852355957
INFO - 11/08/25 16:04:54 - 0:08:19 - Epoch 106: val_AUC=0.9589867423008251, val_AP=0.9532088994006522
INFO - 11/08/25 16:04:54 - 0:08:19 - Epoch 107: train_loss=0.8216402530670166, train_AUC=0.9915999946800274, train_AP=0.9886128524420715, time=0.22363901138305664
INFO - 11/08/25 16:04:55 - 0:08:19 - Epoch 107: val_AUC=0.9590400956613535, val_AP=0.9532897080920295
INFO - 11/08/25 16:04:55 - 0:08:19 - Epoch 108: train_loss=0.8194417953491211, train_AUC=0.9917729309533204, train_AP=0.9892655575356291, time=0.21607089042663574
INFO - 11/08/25 16:04:55 - 0:08:19 - Epoch 108: val_AUC=0.9590783797521146, val_AP=0.9533817936712506
INFO - 11/08/25 16:04:55 - 0:08:19 - Epoch 109: train_loss=0.8177310228347778, train_AUC=0.9917548398337956, train_AP=0.9891253946054714, time=0.21622967720031738
INFO - 11/08/25 16:04:55 - 0:08:19 - Epoch 109: val_AUC=0.9591117765121401, val_AP=0.9534568895639283
INFO - 11/08/25 16:04:55 - 0:08:20 - Epoch 110: train_loss=0.8159005641937256, train_AUC=0.9916836203164444, train_AP=0.9887644173867929, time=0.22133564949035645
INFO - 11/08/25 16:04:55 - 0:08:20 - Epoch 110: val_AUC=0.9591451732721656, val_AP=0.9535073583605894
INFO - 11/08/25 16:04:56 - 0:08:20 - Epoch 111: train_loss=0.8154503703117371, train_AUC=0.9918612539052443, train_AP=0.9890505573917278, time=0.2153306007385254
INFO - 11/08/25 16:04:56 - 0:08:20 - Epoch 111: val_AUC=0.9591754136310913, val_AP=0.9535799555848289
INFO - 11/08/25 16:04:56 - 0:08:20 - Epoch 112: train_loss=0.8133845329284668, train_AUC=0.9917209434654656, train_AP=0.9886619138125063, time=0.21506285667419434
INFO - 11/08/25 16:04:56 - 0:08:20 - Epoch 112: val_AUC=0.9592465853849262, val_AP=0.9537005907980212
INFO - 11/08/25 16:04:56 - 0:08:20 - Epoch 113: train_loss=0.8108628988265991, train_AUC=0.9921744049847696, train_AP=0.989652598678771, time=0.21121549606323242
INFO - 11/08/25 16:04:56 - 0:08:20 - Epoch 113: val_AUC=0.9593245790379126, val_AP=0.9538402458668063
INFO - 11/08/25 16:04:56 - 0:08:21 - Epoch 114: train_loss=0.808465838432312, train_AUC=0.9923559054799197, train_AP=0.9897249583238795, time=0.26157164573669434
INFO - 11/08/25 16:04:56 - 0:08:21 - Epoch 114: val_AUC=0.9593883179762541, val_AP=0.9539466955162063
INFO - 11/08/25 16:04:57 - 0:08:21 - Epoch 115: train_loss=0.8063677549362183, train_AUC=0.9923493749239228, train_AP=0.9897742752971525, time=0.21579909324645996
INFO - 11/08/25 16:04:57 - 0:08:21 - Epoch 115: val_AUC=0.9594473732226407, val_AP=0.9540473301579822
INFO - 11/08/25 16:04:57 - 0:08:21 - Epoch 116: train_loss=0.8064126968383789, train_AUC=0.9923693832935173, train_AP=0.9897980925156111, time=0.21619844436645508
INFO - 11/08/25 16:04:57 - 0:08:21 - Epoch 116: val_AUC=0.9595192577122078, val_AP=0.9541798064643758
INFO - 11/08/25 16:04:57 - 0:08:22 - Epoch 117: train_loss=0.8029711246490479, train_AUC=0.9927249861571938, train_AP=0.9904530741961803, time=0.21910524368286133
INFO - 11/08/25 16:04:57 - 0:08:22 - Epoch 117: val_AUC=0.9595689455746849, val_AP=0.954267310854738
INFO - 11/08/25 16:04:58 - 0:08:22 - Epoch 118: train_loss=0.8021585941314697, train_AUC=0.9927536822092641, train_AP=0.9903050344988025, time=0.26355886459350586
INFO - 11/08/25 16:04:58 - 0:08:22 - Epoch 118: val_AUC=0.9596178188820393, val_AP=0.9543443218792398
INFO - 11/08/25 16:04:58 - 0:08:22 - Epoch 119: train_loss=0.8007845878601074, train_AUC=0.9926634700104638, train_AP=0.9903137713433138, time=0.2666170597076416
INFO - 11/08/25 16:04:58 - 0:08:22 - Epoch 119: val_AUC=0.959674634101839, val_AP=0.9544623299297583
INFO - 11/08/25 16:04:58 - 0:08:23 - Epoch 120: train_loss=0.7989177703857422, train_AUC=0.9928002302089324, train_AP=0.990356949817026, time=0.25656819343566895
INFO - 11/08/25 16:04:58 - 0:08:23 - Epoch 120: val_AUC=0.9597395948728642, val_AP=0.9545679084709509
INFO - 11/08/25 16:04:59 - 0:08:23 - Epoch 121: train_loss=0.7966169118881226, train_AUC=0.9928978157013356, train_AP=0.9902907111325491, time=0.2547290325164795
INFO - 11/08/25 16:04:59 - 0:08:23 - Epoch 121: val_AUC=0.9597713625226448, val_AP=0.9546118814396779
INFO - 11/08/25 16:04:59 - 0:08:23 - Epoch 122: train_loss=0.7947405576705933, train_AUC=0.9932189436401436, train_AP=0.9909186844032093, time=0.26599836349487305
INFO - 11/08/25 16:04:59 - 0:08:23 - Epoch 122: val_AUC=0.9597832753913123, val_AP=0.9546419876347344
INFO - 11/08/25 16:04:59 - 0:08:23 - Epoch 123: train_loss=0.7946984171867371, train_AUC=0.9931775984224251, train_AP=0.9911501944683968, time=0.21992182731628418
INFO - 11/08/25 16:04:59 - 0:08:24 - Epoch 123: val_AUC=0.9598330650731796, val_AP=0.9547596227604874
INFO - 11/08/25 16:04:59 - 0:08:24 - Epoch 124: train_loss=0.7912960648536682, train_AUC=0.9934030339903618, train_AP=0.9911550286310968, time=0.2417750358581543
INFO - 11/08/25 16:05:00 - 0:08:24 - Epoch 124: val_AUC=0.9598843820459018, val_AP=0.954867056925399
INFO - 11/08/25 16:05:00 - 0:08:24 - Epoch 125: train_loss=0.7912549376487732, train_AUC=0.9932899197586711, train_AP=0.9909460663886838, time=0.22009038925170898
INFO - 11/08/25 16:05:00 - 0:08:24 - Epoch 125: val_AUC=0.9599456773188756, val_AP=0.9549786558261858
INFO - 11/08/25 16:05:00 - 0:08:24 - Epoch 126: train_loss=0.7900718450546265, train_AUC=0.9934016222067352, train_AP=0.9912850357792604, time=0.24422097206115723
INFO - 11/08/25 16:05:00 - 0:08:24 - Epoch 126: val_AUC=0.9599984197630621, val_AP=0.955067917138854
INFO - 11/08/25 16:05:00 - 0:08:25 - Epoch 127: train_loss=0.7875674962997437, train_AUC=0.993696040206741, train_AP=0.9917329226105975, time=0.22821688652038574
INFO - 11/08/25 16:05:00 - 0:08:25 - Epoch 127: val_AUC=0.9600350747435781, val_AP=0.9551695948410053
INFO - 11/08/25 16:05:01 - 0:08:25 - Epoch 128: train_loss=0.7859072685241699, train_AUC=0.9936384290084349, train_AP=0.9914277092405573, time=0.22095680236816406
INFO - 11/08/25 16:05:01 - 0:08:25 - Epoch 128: val_AUC=0.9600615477850617, val_AP=0.9552504120132607
INFO - 11/08/25 16:05:01 - 0:08:25 - Epoch 129: train_loss=0.7844467759132385, train_AUC=0.993676526736347, train_AP=0.9913218186303079, time=0.21988368034362793
INFO - 11/08/25 16:05:01 - 0:08:25 - Epoch 129: val_AUC=0.960072747917997, val_AP=0.9553177299032076
INFO - 11/08/25 16:05:01 - 0:08:26 - Epoch 130: train_loss=0.7839604020118713, train_AUC=0.9939001531923314, train_AP=0.9920665685695873, time=0.2504739761352539
INFO - 11/08/25 16:05:01 - 0:08:26 - Epoch 130: val_AUC=0.9600745806670228, val_AP=0.9553678037754877
INFO - 11/08/25 16:05:01 - 0:08:26 - Epoch 131: train_loss=0.7814334630966187, train_AUC=0.9938405354507548, train_AP=0.9916362817026012, time=0.22555851936340332
INFO - 11/08/25 16:05:02 - 0:08:26 - Epoch 131: val_AUC=0.9600780425262939, val_AP=0.955429742347152
INFO - 11/08/25 16:05:02 - 0:08:26 - Epoch 132: train_loss=0.7806261777877808, train_AUC=0.9939175127064189, train_AP=0.9918281648771203, time=0.22062325477600098
INFO - 11/08/25 16:05:02 - 0:08:26 - Epoch 132: val_AUC=0.960078449803855, val_AP=0.9554941488620572
INFO - 11/08/25 16:05:02 - 0:08:26 - Epoch 133: train_loss=0.7786956429481506, train_AUC=0.99417480956786, train_AP=0.9921025542013748, time=0.21745085716247559
INFO - 11/08/25 16:05:02 - 0:08:26 - Epoch 133: val_AUC=0.9601073665107065, val_AP=0.9555666447664812
INFO - 11/08/25 16:05:02 - 0:08:27 - Epoch 134: train_loss=0.7778013944625854, train_AUC=0.994204746038104, train_AP=0.9923113346841418, time=0.24335646629333496
INFO - 11/08/25 16:05:02 - 0:08:27 - Epoch 134: val_AUC=0.9601839346922284, val_AP=0.9557108905141665
INFO - 11/08/25 16:05:03 - 0:08:27 - Epoch 135: train_loss=0.7753437757492065, train_AUC=0.9941559072363363, train_AP=0.9921143691725449, time=0.2208843231201172
INFO - 11/08/25 16:05:03 - 0:08:27 - Epoch 135: val_AUC=0.9602356589425118, val_AP=0.9558111310950785
INFO - 11/08/25 16:05:03 - 0:08:27 - Epoch 136: train_loss=0.7754612565040588, train_AUC=0.9941346204064943, train_AP=0.992177351409347, time=0.2162642478942871
INFO - 11/08/25 16:05:03 - 0:08:27 - Epoch 136: val_AUC=0.960255004626673, val_AP=0.9559327062247661
INFO - 11/08/25 16:05:03 - 0:08:27 - Epoch 137: train_loss=0.7742323279380798, train_AUC=0.9940624605806623, train_AP=0.9920234164738664, time=0.22470831871032715
INFO - 11/08/25 16:05:03 - 0:08:28 - Epoch 137: val_AUC=0.9602776085313245, val_AP=0.9560535901131487
INFO - 11/08/25 16:05:03 - 0:08:28 - Epoch 138: train_loss=0.7705671191215515, train_AUC=0.9946819102350548, train_AP=0.9927955145374013, time=0.222273588180542
INFO - 11/08/25 16:05:03 - 0:08:28 - Epoch 138: val_AUC=0.9602688520637569, val_AP=0.9561298010655045
INFO - 11/08/25 16:05:04 - 0:08:28 - Epoch 139: train_loss=0.7706393003463745, train_AUC=0.9944139607123555, train_AP=0.9921521600365446, time=0.21935319900512695
INFO - 11/08/25 16:05:04 - 0:08:28 - Epoch 139: val_AUC=0.960281884945718, val_AP=0.956215400952609
INFO - 11/08/25 16:05:04 - 0:08:28 - Epoch 140: train_loss=0.7682065963745117, train_AUC=0.9947076402382162, train_AP=0.9928417784332945, time=0.21763944625854492
INFO - 11/08/25 16:05:04 - 0:08:28 - Epoch 140: val_AUC=0.9602889104836503, val_AP=0.9562854567689298
INFO - 11/08/25 16:05:04 - 0:08:29 - Epoch 141: train_loss=0.76718670129776, train_AUC=0.9948202805290713, train_AP=0.9932004729382964, time=0.22588706016540527
INFO - 11/08/25 16:05:04 - 0:08:29 - Epoch 141: val_AUC=0.9603077470708598, val_AP=0.956363913387497
INFO - 11/08/25 16:05:05 - 0:08:29 - Epoch 142: train_loss=0.7648676633834839, train_AUC=0.9948432850642163, train_AP=0.9930967584249812, time=0.21524763107299805
INFO - 11/08/25 16:05:05 - 0:08:29 - Epoch 142: val_AUC=0.9603106998331792, val_AP=0.9564255889168046
INFO - 11/08/25 16:05:05 - 0:08:29 - Epoch 143: train_loss=0.7634643912315369, train_AUC=0.995129532648277, train_AP=0.9934863615714794, time=0.21708154678344727
INFO - 11/08/25 16:05:05 - 0:08:29 - Epoch 143: val_AUC=0.9603155871639145, val_AP=0.9564729858263643
INFO - 11/08/25 16:05:05 - 0:08:29 - Epoch 144: train_loss=0.7642167806625366, train_AUC=0.9946851665308968, train_AP=0.9926536237812826, time=0.21019291877746582
INFO - 11/08/25 16:05:05 - 0:08:29 - Epoch 144: val_AUC=0.9603226127018468, val_AP=0.9565304673186277
INFO - 11/08/25 16:05:05 - 0:08:30 - Epoch 145: train_loss=0.7612943053245544, train_AUC=0.995179369526119, train_AP=0.9937735206188273, time=0.24056434631347656
INFO - 11/08/25 16:05:05 - 0:08:30 - Epoch 145: val_AUC=0.9603156889833049, val_AP=0.9565861478287325
INFO - 11/08/25 16:05:06 - 0:08:30 - Epoch 146: train_loss=0.760046660900116, train_AUC=0.9950747969728337, train_AP=0.9933870233509696, time=0.2096843719482422
INFO - 11/08/25 16:05:06 - 0:08:30 - Epoch 146: val_AUC=0.9603148744281825, val_AP=0.9566502371258986
INFO - 11/08/25 16:05:06 - 0:08:30 - Epoch 147: train_loss=0.7594128847122192, train_AUC=0.9948000028709084, train_AP=0.9928373086238411, time=0.21017837524414062
INFO - 11/08/25 16:05:06 - 0:08:30 - Epoch 147: val_AUC=0.9603050997667114, val_AP=0.9566968521656212
INFO - 11/08/25 16:05:06 - 0:08:30 - Epoch 148: train_loss=0.757056474685669, train_AUC=0.9952900495934508, train_AP=0.9936906194605686, time=0.20899558067321777
INFO - 11/08/25 16:05:06 - 0:08:31 - Epoch 148: val_AUC=0.9603093761811048, val_AP=0.9567616396030472
INFO - 11/08/25 16:05:06 - 0:08:31 - Epoch 149: train_loss=0.756848931312561, train_AUC=0.9954069888147624, train_AP=0.9939041121377027, time=0.23807001113891602
INFO - 11/08/25 16:05:07 - 0:08:31 - Epoch 149: val_AUC=0.9603297400591693, val_AP=0.9568348652855251
INFO - 11/08/25 16:05:07 - 0:08:31 - Epoch 150: train_loss=0.7569059133529663, train_AUC=0.9951329111718931, train_AP=0.9933563513687089, time=0.22131586074829102
INFO - 11/08/25 16:05:07 - 0:08:31 - Epoch 150: val_AUC=0.9603492893821111, val_AP=0.9568907460622776
INFO - 11/08/25 16:05:07 - 0:08:31 - Epoch 151: train_loss=0.7565479874610901, train_AUC=0.9951753150512107, train_AP=0.9936634606552983, time=0.21483874320983887
INFO - 11/08/25 16:05:07 - 0:08:31 - Epoch 151: val_AUC=0.9603539730740659, val_AP=0.9569571886466981
INFO - 11/08/25 16:05:07 - 0:08:32 - Epoch 152: train_loss=0.7527917623519897, train_AUC=0.9952832689460432, train_AP=0.9935382748071698, time=0.2143874168395996
INFO - 11/08/25 16:05:07 - 0:08:32 - Epoch 152: val_AUC=0.9603295364203888, val_AP=0.9570154412325801
INFO - 11/08/25 16:05:08 - 0:08:32 - Epoch 153: train_loss=0.7505115866661072, train_AUC=0.9954055995745871, train_AP=0.9937581077642481, time=0.23420453071594238
INFO - 11/08/25 16:05:08 - 0:08:32 - Epoch 153: val_AUC=0.9603012306298793, val_AP=0.9570436290949822
INFO - 11/08/25 16:05:08 - 0:08:32 - Epoch 154: train_loss=0.7509512901306152, train_AUC=0.9953353305807178, train_AP=0.9935798625054331, time=0.22487497329711914
INFO - 11/08/25 16:05:08 - 0:08:32 - Epoch 154: val_AUC=0.9602788303640084, val_AP=0.9570907281319951
INFO - 11/08/25 16:05:08 - 0:08:32 - Epoch 155: train_loss=0.7491245269775391, train_AUC=0.9955611315991318, train_AP=0.9938945328746273, time=0.22604155540466309
INFO - 11/08/25 16:05:08 - 0:08:32 - Epoch 155: val_AUC=0.9602450263264217, val_AP=0.957085617947381
INFO - 11/08/25 16:05:08 - 0:08:33 - Epoch 156: train_loss=0.7480062246322632, train_AUC=0.9955408678545051, train_AP=0.9940451183345379, time=0.23939967155456543
INFO - 11/08/25 16:05:08 - 0:08:33 - Epoch 156: val_AUC=0.9602189605624991, val_AP=0.9571110379007184
INFO - 11/08/25 16:05:09 - 0:08:33 - Epoch 157: train_loss=0.7459660768508911, train_AUC=0.9956814877383746, train_AP=0.9941518610631289, time=0.2538423538208008
INFO - 11/08/25 16:05:09 - 0:08:33 - Epoch 157: val_AUC=0.9602108150112734, val_AP=0.9571322414074981
INFO - 11/08/25 16:05:09 - 0:08:33 - Epoch 158: train_loss=0.7450782060623169, train_AUC=0.995906370287276, train_AP=0.9945035988254554, time=0.2209339141845703
INFO - 11/08/25 16:05:09 - 0:08:33 - Epoch 158: val_AUC=0.9601818983044221, val_AP=0.9571507587084984
INFO - 11/08/25 16:05:09 - 0:08:34 - Epoch 159: train_loss=0.7435817718505859, train_AUC=0.9958447162380287, train_AP=0.9944645074876383, time=0.2267909049987793
INFO - 11/08/25 16:05:09 - 0:08:34 - Epoch 159: val_AUC=0.9601391341604869, val_AP=0.9571731674777844
INFO - 11/08/25 16:05:10 - 0:08:34 - Epoch 160: train_loss=0.7435507774353027, train_AUC=0.9958002262088789, train_AP=0.9942293997387492, time=0.2478630542755127
INFO - 11/08/25 16:05:10 - 0:08:34 - Epoch 160: val_AUC=0.9601034973738742, val_AP=0.9571902999924292
INFO - 11/08/25 16:05:10 - 0:08:34 - Epoch 161: train_loss=0.7424376010894775, train_AUC=0.9957491113991512, train_AP=0.9940803954939287, time=0.21866583824157715
INFO - 11/08/25 16:05:10 - 0:08:34 - Epoch 161: val_AUC=0.9600713224465325, val_AP=0.9572075169436784
INFO - 11/08/25 16:05:10 - 0:08:34 - Epoch 162: train_loss=0.7393527030944824, train_AUC=0.9958028757688683, train_AP=0.9940182021123664, time=0.21661663055419922
INFO - 11/08/25 16:05:10 - 0:08:34 - Epoch 162: val_AUC=0.9600566604543262, val_AP=0.9572401272153618
INFO - 11/08/25 16:05:10 - 0:08:35 - Epoch 163: train_loss=0.7390968203544617, train_AUC=0.9960522757298298, train_AP=0.9946908811212678, time=0.21654009819030762
INFO - 11/08/25 16:05:10 - 0:08:35 - Epoch 163: val_AUC=0.9600179690860039, val_AP=0.9572478377603637
INFO - 11/08/25 16:05:11 - 0:08:35 - Epoch 164: train_loss=0.7370336651802063, train_AUC=0.9960927037108809, train_AP=0.9946678947810241, time=0.23775029182434082
INFO - 11/08/25 16:05:11 - 0:08:35 - Epoch 164: val_AUC=0.9599916996833009, val_AP=0.957262539814444
INFO - 11/08/25 16:05:11 - 0:08:35 - Epoch 165: train_loss=0.7361489534378052, train_AUC=0.9960954885315771, train_AP=0.9946731983623457, time=0.21753668785095215
INFO - 11/08/25 16:05:11 - 0:08:35 - Epoch 165: val_AUC=0.9599678739459657, val_AP=0.957272079406524
INFO - 11/08/25 16:05:11 - 0:08:36 - Epoch 166: train_loss=0.7352972030639648, train_AUC=0.9961581679556092, train_AP=0.9947875764534113, time=0.21686744689941406
INFO - 11/08/25 16:05:11 - 0:08:36 - Epoch 166: val_AUC=0.9599295898552047, val_AP=0.957300794572452
INFO - 11/08/25 16:05:12 - 0:08:36 - Epoch 167: train_loss=0.7336150407791138, train_AUC=0.9962337161678171, train_AP=0.9947307115845612, time=0.21798133850097656
INFO - 11/08/25 16:05:12 - 0:08:36 - Epoch 167: val_AUC=0.9598774583273599, val_AP=0.9573211307698811
INFO - 11/08/25 16:05:12 - 0:08:36 - Epoch 168: train_loss=0.7335288524627686, train_AUC=0.9961746049494079, train_AP=0.9947805864231166, time=0.23803210258483887
INFO - 11/08/25 16:05:12 - 0:08:36 - Epoch 168: val_AUC=0.9598338796283021, val_AP=0.9573208575672142
INFO - 11/08/25 16:05:12 - 0:08:36 - Epoch 169: train_loss=0.7317928075790405, train_AUC=0.9966215119602984, train_AP=0.9954873439053031, time=0.21738600730895996
INFO - 11/08/25 16:05:12 - 0:08:36 - Epoch 169: val_AUC=0.9597823590167994, val_AP=0.9573273434518295
INFO - 11/08/25 16:05:12 - 0:08:37 - Epoch 170: train_loss=0.7295466065406799, train_AUC=0.9964514954161668, train_AP=0.9951259115269637, time=0.21579551696777344
INFO - 11/08/25 16:05:12 - 0:08:37 - Epoch 170: val_AUC=0.9596988671167355, val_AP=0.9572995890308613
INFO - 11/08/25 16:05:13 - 0:08:37 - Epoch 171: train_loss=0.7304113507270813, train_AUC=0.9963605310058061, train_AP=0.9949711423137249, time=0.2184157371520996
INFO - 11/08/25 16:05:13 - 0:08:37 - Epoch 171: val_AUC=0.9596225025739941, val_AP=0.9572636902402709
INFO - 11/08/25 16:05:13 - 0:08:37 - Epoch 172: train_loss=0.7270791530609131, train_AUC=0.9966826244383568, train_AP=0.9955020945331708, time=0.21860599517822266
INFO - 11/08/25 16:05:13 - 0:08:37 - Epoch 172: val_AUC=0.9595229232102596, val_AP=0.9572173960082905
INFO - 11/08/25 16:05:13 - 0:08:38 - Epoch 173: train_loss=0.7259395718574524, train_AUC=0.9967588938648798, train_AP=0.9955851983701365, time=0.26754045486450195
INFO - 11/08/25 16:05:13 - 0:08:38 - Epoch 173: val_AUC=0.9594504278043504, val_AP=0.9572081979724851
INFO - 11/08/25 16:05:14 - 0:08:38 - Epoch 174: train_loss=0.7256878614425659, train_AUC=0.9967300393041689, train_AP=0.9955597829854774, time=0.26093173027038574
INFO - 11/08/25 16:05:14 - 0:08:38 - Epoch 174: val_AUC=0.9594013508582153, val_AP=0.9572151314076783
INFO - 11/08/25 16:05:14 - 0:08:38 - Epoch 175: train_loss=0.7244282364845276, train_AUC=0.9967721212348252, train_AP=0.995531772881939, time=0.2602243423461914
INFO - 11/08/25 16:05:14 - 0:08:38 - Epoch 175: val_AUC=0.9594253802343313, val_AP=0.9572096072124492
INFO - 11/08/25 16:05:14 - 0:08:38 - Epoch 176: train_loss=0.7230950593948364, train_AUC=0.9967599821147585, train_AP=0.9956244679461039, time=0.23317408561706543
INFO - 11/08/25 16:05:14 - 0:08:38 - Epoch 176: val_AUC=0.9593131752661965, val_AP=0.9571338584102129
INFO - 11/08/25 16:05:14 - 0:08:39 - Epoch 177: train_loss=0.7223961353302002, train_AUC=0.9969011189129173, train_AP=0.9958291436676295, time=0.22620630264282227
INFO - 11/08/25 16:05:14 - 0:08:39 - Epoch 177: val_AUC=0.959118700230682, val_AP=0.9570116262434346
INFO - 11/08/25 16:05:15 - 0:08:39 - Epoch 178: train_loss=0.7211326360702515, train_AUC=0.9967974794471638, train_AP=0.9956177791340839, time=0.22861313819885254
INFO - 11/08/25 16:05:15 - 0:08:39 - Epoch 178: val_AUC=0.9590073098176702, val_AP=0.9569913325172175
INFO - 11/08/25 16:05:15 - 0:08:39 - Epoch 179: train_loss=0.7221462726593018, train_AUC=0.9966328780865605, train_AP=0.9953318938093718, time=0.24790072441101074
INFO - 11/08/25 16:05:15 - 0:08:39 - Epoch 179: val_AUC=0.9589354253281028, val_AP=0.956947981641121
INFO - 11/08/25 16:05:15 - 0:08:40 - Epoch 180: train_loss=0.7203762531280518, train_AUC=0.9968158632793117, train_AP=0.9956345745704991, time=0.2195451259613037
INFO - 11/08/25 16:05:15 - 0:08:40 - Epoch 180: val_AUC=0.9588912357127032, val_AP=0.9569467501167485
INFO - 11/08/25 16:05:16 - 0:08:40 - Epoch 181: train_loss=0.7190132141113281, train_AUC=0.9968545716177319, train_AP=0.9957824591316471, time=0.21976447105407715
INFO - 11/08/25 16:05:16 - 0:08:40 - Epoch 181: val_AUC=0.9587798452996912, val_AP=0.9568759796069122
INFO - 11/08/25 16:05:16 - 0:08:40 - Epoch 182: train_loss=0.7183080911636353, train_AUC=0.9969458814008085, train_AP=0.9958806442539052, time=0.2202436923980713
INFO - 11/08/25 16:05:16 - 0:08:40 - Epoch 182: val_AUC=0.9586462582595892, val_AP=0.9567576104916932
INFO - 11/08/25 16:05:16 - 0:08:40 - Epoch 183: train_loss=0.7166633605957031, train_AUC=0.9968244433520327, train_AP=0.9954669939595936, time=0.2293701171875
INFO - 11/08/25 16:05:16 - 0:08:40 - Epoch 183: val_AUC=0.9585395515385317, val_AP=0.9567020519832021
INFO - 11/08/25 16:05:16 - 0:08:41 - Epoch 184: train_loss=0.7156640887260437, train_AUC=0.9969779200478697, train_AP=0.995936426459397, time=0.22121500968933105
INFO - 11/08/25 16:05:16 - 0:08:41 - Epoch 184: val_AUC=0.9584717398245775, val_AP=0.9566960833284324
INFO - 11/08/25 16:05:17 - 0:08:41 - Epoch 185: train_loss=0.7160682678222656, train_AUC=0.9969183908950112, train_AP=0.995820156299219, time=0.2220149040222168
INFO - 11/08/25 16:05:17 - 0:08:41 - Epoch 185: val_AUC=0.9584318266235712, val_AP=0.9567108670899597
INFO - 11/08/25 16:05:17 - 0:08:41 - Epoch 186: train_loss=0.7135472297668457, train_AUC=0.997139468532053, train_AP=0.9960754523568007, time=0.21925020217895508
INFO - 11/08/25 16:05:17 - 0:08:41 - Epoch 186: val_AUC=0.9582603627702695, val_AP=0.9566704332284479
INFO - 11/08/25 16:05:17 - 0:08:42 - Epoch 187: train_loss=0.713655948638916, train_AUC=0.9969580763511409, train_AP=0.9957444182111344, time=0.25201845169067383
INFO - 11/08/25 16:05:17 - 0:08:42 - Epoch 187: val_AUC=0.9581410304448124, val_AP=0.9566131914095255
INFO - 11/08/25 16:05:17 - 0:08:42 - Epoch 188: train_loss=0.7109372615814209, train_AUC=0.9971416725066415, train_AP=0.9960554614127148, time=0.22250771522521973
INFO - 11/08/25 16:05:18 - 0:08:42 - Epoch 188: val_AUC=0.9580475602444969, val_AP=0.9565559157152056
INFO - 11/08/25 16:05:18 - 0:08:42 - Epoch 189: train_loss=0.7122246623039246, train_AUC=0.9969403793897693, train_AP=0.9957660906805168, time=0.2225191593170166
INFO - 11/08/25 16:05:18 - 0:08:42 - Epoch 189: val_AUC=0.9580630367918259, val_AP=0.9566213399249358
INFO - 11/08/25 16:05:18 - 0:08:42 - Epoch 190: train_loss=0.7094883918762207, train_AUC=0.9971950339121699, train_AP=0.9960528007308433, time=0.21943211555480957
INFO - 11/08/25 16:05:18 - 0:08:42 - Epoch 190: val_AUC=0.9580345273625357, val_AP=0.956603326173566
INFO - 11/08/25 16:05:18 - 0:08:43 - Epoch 191: train_loss=0.7082805633544922, train_AUC=0.9973456710137691, train_AP=0.9963471787642972, time=0.25728845596313477
INFO - 11/08/25 16:05:18 - 0:08:43 - Epoch 191: val_AUC=0.9579239515046463, val_AP=0.9565410951562683
INFO - 11/08/25 16:05:19 - 0:08:43 - Epoch 192: train_loss=0.7077584862709045, train_AUC=0.9970976453227225, train_AP=0.9958565610362295, time=0.22212696075439453
INFO - 11/08/25 16:05:19 - 0:08:43 - Epoch 192: val_AUC=0.9578186702550534, val_AP=0.9564549361188962
INFO - 11/08/25 16:05:19 - 0:08:43 - Epoch 193: train_loss=0.7072644233703613, train_AUC=0.9971806402708704, train_AP=0.9960454183243, time=0.2208859920501709
INFO - 11/08/25 16:05:19 - 0:08:43 - Epoch 193: val_AUC=0.9577025961500868, val_AP=0.9563648760560123
INFO - 11/08/25 16:05:19 - 0:08:43 - Epoch 194: train_loss=0.7059313058853149, train_AUC=0.997445132191754, train_AP=0.9966513002061901, time=0.2211289405822754
INFO - 11/08/25 16:05:19 - 0:08:43 - Epoch 194: val_AUC=0.9576056640905003, val_AP=0.9562866471281597
INFO - 11/08/25 16:05:19 - 0:08:44 - Epoch 195: train_loss=0.7054092884063721, train_AUC=0.9973500159117313, train_AP=0.9963511106058761, time=0.24863815307617188
INFO - 11/08/25 16:05:20 - 0:08:44 - Epoch 195: val_AUC=0.9575250231333655, val_AP=0.9562195903327946
INFO - 11/08/25 16:05:20 - 0:08:44 - Epoch 196: train_loss=0.7051006555557251, train_AUC=0.9972374893948561, train_AP=0.9960381919541703, time=0.26465678215026855
INFO - 11/08/25 16:05:20 - 0:08:44 - Epoch 196: val_AUC=0.9574093563059598, val_AP=0.9561192794488008
INFO - 11/08/25 16:05:20 - 0:08:44 - Epoch 197: train_loss=0.7037726640701294, train_AUC=0.9971172859522704, train_AP=0.9958849930112915, time=0.2687654495239258
INFO - 11/08/25 16:05:20 - 0:08:44 - Epoch 197: val_AUC=0.9573244389344315, val_AP=0.956083015173044
INFO - 11/08/25 16:05:20 - 0:08:45 - Epoch 198: train_loss=0.7017278671264648, train_AUC=0.9974960037787783, train_AP=0.9966019735251969, time=0.2592463493347168
INFO - 11/08/25 16:05:20 - 0:08:45 - Epoch 198: val_AUC=0.9572146776316647, val_AP=0.95602040940359
INFO - 11/08/25 16:05:21 - 0:08:45 - Epoch 199: train_loss=0.7012850046157837, train_AUC=0.9974272772501038, train_AP=0.9965210977604213, time=0.2459700107574463
INFO - 11/08/25 16:05:21 - 0:08:45 - Epoch 199: val_AUC=0.957117338294517, val_AP=0.9559348167161092
INFO - 11/08/25 16:05:21 - 0:08:45 - Epoch 200: train_loss=0.7006880044937134, train_AUC=0.9973396922439628, train_AP=0.996330751779161, time=0.21820402145385742
INFO - 11/08/25 16:05:21 - 0:08:45 - Epoch 200: val_AUC=0.9570222389839567, val_AP=0.955851518519604
INFO - 11/08/25 16:05:21 - 0:08:46 - Epoch 201: train_loss=0.700973629951477, train_AUC=0.9974562378354833, train_AP=0.9964536683728067, time=0.22025752067565918
INFO - 11/08/25 16:05:21 - 0:08:46 - Epoch 201: val_AUC=0.9568756190618931, val_AP=0.9557414698692006
INFO - 11/08/25 16:05:22 - 0:08:46 - Epoch 202: train_loss=0.6984710693359375, train_AUC=0.9973638214859739, train_AP=0.9963226054074976, time=0.2249763011932373
INFO - 11/08/25 16:05:22 - 0:08:46 - Epoch 202: val_AUC=0.9566909186878496, val_AP=0.9556123450551386
INFO - 11/08/25 16:05:22 - 0:08:46 - Epoch 203: train_loss=0.697737455368042, train_AUC=0.9973835750088982, train_AP=0.996345805548487, time=0.2416365146636963
INFO - 11/08/25 16:05:22 - 0:08:46 - Epoch 203: val_AUC=0.9566137395899856, val_AP=0.9555692340600735
INFO - 11/08/25 16:05:22 - 0:08:46 - Epoch 204: train_loss=0.6970662474632263, train_AUC=0.9975233037219654, train_AP=0.996541710500155, time=0.21564936637878418
INFO - 11/08/25 16:05:22 - 0:08:46 - Epoch 204: val_AUC=0.9565404296289539, val_AP=0.9555146223619809
INFO - 11/08/25 16:05:22 - 0:08:47 - Epoch 205: train_loss=0.6952143907546997, train_AUC=0.9976804719079236, train_AP=0.9968399538782133, time=0.2582283020019531
INFO - 11/08/25 16:05:22 - 0:08:47 - Epoch 205: val_AUC=0.9563404563463619, val_AP=0.9553454104898129
INFO - 11/08/25 16:05:23 - 0:08:47 - Epoch 206: train_loss=0.6959858536720276, train_AUC=0.9976291008425604, train_AP=0.9967279498915389, time=0.2563014030456543
INFO - 11/08/25 16:05:23 - 0:08:47 - Epoch 206: val_AUC=0.9562021856143049, val_AP=0.9552429112310736
INFO - 11/08/25 16:05:23 - 0:08:47 - Epoch 207: train_loss=0.6949223875999451, train_AUC=0.9975134184186488, train_AP=0.9965944207936133, time=0.2789599895477295
INFO - 11/08/25 16:05:23 - 0:08:47 - Epoch 207: val_AUC=0.9561115663569185, val_AP=0.9551660322380723
INFO - 11/08/25 16:05:23 - 0:08:48 - Epoch 208: train_loss=0.6931724548339844, train_AUC=0.9976834615570078, train_AP=0.996888025058768, time=0.26245594024658203
INFO - 11/08/25 16:05:23 - 0:08:48 - Epoch 208: val_AUC=0.9559812375373067, val_AP=0.9550544110464402
INFO - 11/08/25 16:05:24 - 0:08:48 - Epoch 209: train_loss=0.6922188997268677, train_AUC=0.9977469016463945, train_AP=0.9969891311554047, time=0.2970726490020752
INFO - 11/08/25 16:05:24 - 0:08:48 - Epoch 209: val_AUC=0.9557659913461665, val_AP=0.954889824865605
INFO - 11/08/25 16:05:24 - 0:08:48 - Epoch 210: train_loss=0.6925643682479858, train_AUC=0.9975428851749542, train_AP=0.9966028106315843, time=0.26624536514282227
INFO - 11/08/25 16:05:24 - 0:08:48 - Epoch 210: val_AUC=0.955639328024606, val_AP=0.9547839396513399
INFO - 11/08/25 16:05:24 - 0:08:49 - Epoch 211: train_loss=0.6912698745727539, train_AUC=0.9976919983040337, train_AP=0.9966770483348514, time=0.27157163619995117
INFO - 11/08/25 16:05:24 - 0:08:49 - Epoch 211: val_AUC=0.9555110355928005, val_AP=0.9546846847092911
INFO - 11/08/25 16:05:25 - 0:08:49 - Epoch 212: train_loss=0.6897581815719604, train_AUC=0.9977111308253278, train_AP=0.9966068468031618, time=0.2607607841491699
INFO - 11/08/25 16:05:25 - 0:08:49 - Epoch 212: val_AUC=0.9554483148483626, val_AP=0.9546464303376954
INFO - 11/08/25 16:05:25 - 0:08:49 - Epoch 213: train_loss=0.6893047094345093, train_AUC=0.9976955529483617, train_AP=0.9967738405893731, time=0.2673218250274658
INFO - 11/08/25 16:05:25 - 0:08:49 - Epoch 213: val_AUC=0.9553000658160538, val_AP=0.954522156756059
INFO - 11/08/25 16:05:25 - 0:08:50 - Epoch 214: train_loss=0.6881128549575806, train_AUC=0.9976813310247562, train_AP=0.9967194467641093, time=0.28110361099243164
INFO - 11/08/25 16:05:25 - 0:08:50 - Epoch 214: val_AUC=0.9551159763583521, val_AP=0.9543748623598708
INFO - 11/08/25 16:05:26 - 0:08:50 - Epoch 215: train_loss=0.688019871711731, train_AUC=0.9978009645407181, train_AP=0.9969514196357044, time=0.26461195945739746
INFO - 11/08/25 16:05:26 - 0:08:50 - Epoch 215: val_AUC=0.9549960331165531, val_AP=0.9542725487580168
INFO - 11/08/25 16:05:26 - 0:08:50 - Epoch 216: train_loss=0.6863279342651367, train_AUC=0.9981154627675686, train_AP=0.9974965703838693, time=0.2626183032989502
INFO - 11/08/25 16:05:26 - 0:08:50 - Epoch 216: val_AUC=0.9548331220920383, val_AP=0.954145615241795
INFO - 11/08/25 16:05:26 - 0:08:51 - Epoch 217: train_loss=0.6864739656448364, train_AUC=0.9978732000984563, train_AP=0.9971342347224571, time=0.2682318687438965
INFO - 11/08/25 16:05:26 - 0:08:51 - Epoch 217: val_AUC=0.9546626764326396, val_AP=0.954019489440566
INFO - 11/08/25 16:05:27 - 0:08:51 - Epoch 218: train_loss=0.6844450831413269, train_AUC=0.9979499601972827, train_AP=0.9969939351763623, time=0.3121304512023926
INFO - 11/08/25 16:05:27 - 0:08:51 - Epoch 218: val_AUC=0.9545977156616144, val_AP=0.9539712219622368
INFO - 11/08/25 16:05:27 - 0:08:51 - Epoch 219: train_loss=0.6845129132270813, train_AUC=0.9979635306503749, train_AP=0.9971954685911854, time=0.2624175548553467
INFO - 11/08/25 16:05:27 - 0:08:51 - Epoch 219: val_AUC=0.9545354021947373, val_AP=0.9539321158874785
INFO - 11/08/25 16:05:27 - 0:08:52 - Epoch 220: train_loss=0.6832969784736633, train_AUC=0.9980431048059357, train_AP=0.997332591172934, time=0.26550960540771484
INFO - 11/08/25 16:05:27 - 0:08:52 - Epoch 220: val_AUC=0.9543749348355901, val_AP=0.9537992671243128
INFO - 11/08/25 16:05:28 - 0:08:52 - Epoch 221: train_loss=0.6825692653656006, train_AUC=0.9979033692241607, train_AP=0.9970274744241315, time=0.26457738876342773
INFO - 11/08/25 16:05:28 - 0:08:52 - Epoch 221: val_AUC=0.9543388907714163, val_AP=0.9539085259691247
INFO - 11/08/25 16:05:28 - 0:08:52 - Epoch 222: train_loss=0.6821582317352295, train_AUC=0.9980916350442163, train_AP=0.9974250751540334, time=0.3002448081970215
INFO - 11/08/25 16:05:28 - 0:08:52 - Epoch 222: val_AUC=0.9541757761081208, val_AP=0.9537619534328909
INFO - 11/08/25 16:05:28 - 0:08:53 - Epoch 223: train_loss=0.6814713478088379, train_AUC=0.9979434042799036, train_AP=0.9970521175681264, time=0.26351499557495117
INFO - 11/08/25 16:05:28 - 0:08:53 - Epoch 223: val_AUC=0.9540806767975603, val_AP=0.9536704675559491
INFO - 11/08/25 16:05:29 - 0:08:53 - Epoch 224: train_loss=0.6820461750030518, train_AUC=0.998009408158493, train_AP=0.9972439707660145, time=0.26305580139160156
INFO - 11/08/25 16:05:29 - 0:08:53 - Epoch 224: val_AUC=0.9539827265440708, val_AP=0.9535891825878758
INFO - 11/08/25 16:05:29 - 0:08:53 - Epoch 225: train_loss=0.6821537017822266, train_AUC=0.9978702514854979, train_AP=0.9970428501148406, time=0.2598276138305664
INFO - 11/08/25 16:05:29 - 0:08:53 - Epoch 225: val_AUC=0.9539375187347678, val_AP=0.9535555314527325
INFO - 11/08/25 16:05:29 - 0:08:54 - Epoch 226: train_loss=0.6795521974563599, train_AUC=0.9980409661721313, train_AP=0.9972170237062349, time=0.2748875617980957
INFO - 11/08/25 16:05:29 - 0:08:54 - Epoch 226: val_AUC=0.9537348981480276, val_AP=0.9534005888298912
INFO - 11/08/25 16:05:30 - 0:08:54 - Epoch 227: train_loss=0.6794397830963135, train_AUC=0.9981735868293877, train_AP=0.9975128867342611, time=0.2664010524749756
INFO - 11/08/25 16:05:30 - 0:08:54 - Epoch 227: val_AUC=0.9538035244171044, val_AP=0.9534838904519771
INFO - 11/08/25 16:05:30 - 0:08:54 - Epoch 228: train_loss=0.6795361042022705, train_AUC=0.997832404905721, train_AP=0.9968267093913921, time=0.2714364528656006
INFO - 11/08/25 16:05:30 - 0:08:54 - Epoch 228: val_AUC=0.95370089047166, val_AP=0.9534028165561291
INFO - 11/08/25 16:05:30 - 0:08:55 - Epoch 229: train_loss=0.6792240142822266, train_AUC=0.9980080456886659, train_AP=0.9973664417574232, time=0.2672080993652344
INFO - 11/08/25 16:05:30 - 0:08:55 - Epoch 229: val_AUC=0.9535703580132675, val_AP=0.9533131356908396
INFO - 11/08/25 16:05:31 - 0:08:55 - Epoch 230: train_loss=0.6783792972564697, train_AUC=0.9980524067974547, train_AP=0.9972941837850963, time=0.26123762130737305
INFO - 11/08/25 16:05:31 - 0:08:55 - Epoch 230: val_AUC=0.9535797253971772, val_AP=0.9532944005738582
INFO - 11/08/25 16:05:31 - 0:08:55 - Epoch 231: train_loss=0.6760873794555664, train_AUC=0.998110009894208, train_AP=0.997379006219149, time=0.26218342781066895
INFO - 11/08/25 16:05:31 - 0:08:55 - Epoch 231: val_AUC=0.9533604064304241, val_AP=0.9531204184149235
INFO - 11/08/25 16:05:31 - 0:08:56 - Epoch 232: train_loss=0.6761783957481384, train_AUC=0.9980357672648372, train_AP=0.9972928476153614, time=0.26833248138427734
INFO - 11/08/25 16:05:31 - 0:08:56 - Epoch 232: val_AUC=0.9532196920329993, val_AP=0.9530359943075084
INFO - 11/08/25 16:05:32 - 0:08:56 - Epoch 233: train_loss=0.674279510974884, train_AUC=0.9981763695366355, train_AP=0.9973625765415353, time=0.2882235050201416
INFO - 11/08/25 16:05:32 - 0:08:56 - Epoch 233: val_AUC=0.9532732490323086, val_AP=0.9530708434988252
INFO - 11/08/25 16:05:32 - 0:08:56 - Epoch 234: train_loss=0.6740115284919739, train_AUC=0.9982191260096183, train_AP=0.9974906153163312, time=0.25834083557128906
INFO - 11/08/25 16:05:32 - 0:08:56 - Epoch 234: val_AUC=0.9530235878872396, val_AP=0.9528804078917241
INFO - 11/08/25 16:05:32 - 0:08:56 - Epoch 235: train_loss=0.6736838817596436, train_AUC=0.9981412746668611, train_AP=0.997358382597796, time=0.25785040855407715
INFO - 11/08/25 16:05:32 - 0:08:57 - Epoch 235: val_AUC=0.953031326160904, val_AP=0.9528825223952657
INFO - 11/08/25 16:05:33 - 0:08:57 - Epoch 236: train_loss=0.6731460094451904, train_AUC=0.9980950656995632, train_AP=0.9972777339023985, time=0.2792327404022217
INFO - 11/08/25 16:05:33 - 0:08:57 - Epoch 236: val_AUC=0.9530749048599618, val_AP=0.9529344204914201
INFO - 11/08/25 16:05:33 - 0:08:57 - Epoch 237: train_loss=0.6722015142440796, train_AUC=0.9981176047476665, train_AP=0.9973176993067048, time=0.26334428787231445
INFO - 11/08/25 16:05:33 - 0:08:57 - Epoch 237: val_AUC=0.9528142472207379, val_AP=0.9527463557525297
INFO - 11/08/25 16:05:33 - 0:08:57 - Epoch 238: train_loss=0.671428918838501, train_AUC=0.9982518661454748, train_AP=0.9974821338497185, time=0.22693204879760742
INFO - 11/08/25 16:05:33 - 0:08:57 - Epoch 238: val_AUC=0.9528183199963508, val_AP=0.9527685572072441
INFO - 11/08/25 16:05:33 - 0:08:58 - Epoch 239: train_loss=0.6710814237594604, train_AUC=0.9982350980447376, train_AP=0.9975264103339775, time=0.2247307300567627
INFO - 11/08/25 16:05:33 - 0:08:58 - Epoch 239: val_AUC=0.9528166908861057, val_AP=0.952774507211399
INFO - 11/08/25 16:05:34 - 0:08:58 - Epoch 240: train_loss=0.67142653465271, train_AUC=0.998157564247624, train_AP=0.9973195152969383, time=0.23300790786743164
INFO - 11/08/25 16:05:34 - 0:08:58 - Epoch 240: val_AUC=0.95266304542611, val_AP=0.9526609912072891
INFO - 11/08/25 16:05:34 - 0:08:58 - Epoch 241: train_loss=0.6694682240486145, train_AUC=0.998313515439463, train_AP=0.9975654081521633, time=0.23209285736083984
INFO - 11/08/25 16:05:34 - 0:08:58 - Epoch 241: val_AUC=0.9527395117882418, val_AP=0.9527320084662944
INFO - 11/08/25 16:05:34 - 0:08:58 - Epoch 242: train_loss=0.6698489189147949, train_AUC=0.9981652011939327, train_AP=0.9972620527825098, time=0.21908092498779297
INFO - 11/08/25 16:05:34 - 0:08:59 - Epoch 242: val_AUC=0.9526211976566878, val_AP=0.952651472218348
INFO - 11/08/25 16:05:34 - 0:08:59 - Epoch 243: train_loss=0.6683926582336426, train_AUC=0.99842764306973, train_AP=0.9979153456414531, time=0.218125581741333
INFO - 11/08/25 16:05:35 - 0:08:59 - Epoch 243: val_AUC=0.952562753326643, val_AP=0.9526343094668044
INFO - 11/08/25 16:05:35 - 0:08:59 - Epoch 244: train_loss=0.667635977268219, train_AUC=0.9983113193903066, train_AP=0.9976403355677677, time=0.22492337226867676
INFO - 11/08/25 16:05:35 - 0:08:59 - Epoch 244: val_AUC=0.9524787523296278, val_AP=0.9525689341940009
INFO - 11/08/25 16:05:35 - 0:08:59 - Epoch 245: train_loss=0.6667147278785706, train_AUC=0.9983532910693972, train_AP=0.9976423392238182, time=0.2803497314453125
INFO - 11/08/25 16:05:35 - 0:08:59 - Epoch 245: val_AUC=0.9524686722099858, val_AP=0.9525723341422213
INFO - 11/08/25 16:05:35 - 0:09:00 - Epoch 246: train_loss=0.6663509011268616, train_AUC=0.9983469445595444, train_AP=0.9975974885884588, time=0.26952219009399414
INFO - 11/08/25 16:05:35 - 0:09:00 - Epoch 246: val_AUC=0.9523534126601415, val_AP=0.9524882012382038
INFO - 11/08/25 16:05:36 - 0:09:00 - Epoch 247: train_loss=0.6668668389320374, train_AUC=0.9980510557754738, train_AP=0.9969329217628614, time=0.26992058753967285
INFO - 11/08/25 16:05:36 - 0:09:00 - Epoch 247: val_AUC=0.9523920022090736, val_AP=0.952514475000819
INFO - 11/08/25 16:05:36 - 0:09:00 - Epoch 248: train_loss=0.6655935645103455, train_AUC=0.9982358192590529, train_AP=0.9974487534698581, time=0.26914048194885254
INFO - 11/08/25 16:05:36 - 0:09:00 - Epoch 248: val_AUC=0.9521098606784918, val_AP=0.9523236125132067
INFO - 11/08/25 16:05:36 - 0:09:01 - Epoch 249: train_loss=0.6646649837493896, train_AUC=0.9982419630539663, train_AP=0.9974609238763559, time=0.2615010738372803
INFO - 11/08/25 16:05:36 - 0:09:01 - Epoch 249: val_AUC=0.9522249165895554, val_AP=0.9524255803777625
INFO - 11/08/25 16:05:37 - 0:09:01 - Epoch 250: train_loss=0.6640232801437378, train_AUC=0.9982575134561015, train_AP=0.9975518964442316, time=0.2622952461242676
INFO - 11/08/25 16:05:37 - 0:09:01 - Epoch 250: val_AUC=0.9520100776759766, val_AP=0.9522764107629602
INFO - 11/08/25 16:05:37 - 0:09:01 - Epoch 251: train_loss=0.6634234189987183, train_AUC=0.9983736141667037, train_AP=0.9978593230186168, time=0.25928306579589844
INFO - 11/08/25 16:05:37 - 0:09:01 - Epoch 251: val_AUC=0.952017205033299, val_AP=0.9522818469654507
INFO - 11/08/25 16:05:37 - 0:09:02 - Epoch 252: train_loss=0.6623473167419434, train_AUC=0.9984210649611411, train_AP=0.9977790612024089, time=0.2806837558746338
INFO - 11/08/25 16:05:37 - 0:09:02 - Epoch 252: val_AUC=0.9519528551786156, val_AP=0.9522496166007225
INFO - 11/08/25 16:05:38 - 0:09:02 - Epoch 253: train_loss=0.6618151664733887, train_AUC=0.9982974585141604, train_AP=0.9975368630165329, time=0.24262261390686035
INFO - 11/08/25 16:05:38 - 0:09:02 - Epoch 253: val_AUC=0.9519050000651644, val_AP=0.9521043450078807
INFO - 11/08/25 16:05:38 - 0:09:02 - Epoch 254: train_loss=0.66148841381073, train_AUC=0.998390978788292, train_AP=0.9977801417944491, time=0.22575736045837402
INFO - 11/08/25 16:05:38 - 0:09:02 - Epoch 254: val_AUC=0.9518227299977844, val_AP=0.9521820042346225
INFO - 11/08/25 16:05:38 - 0:09:02 - Epoch 255: train_loss=0.6612516641616821, train_AUC=0.9983218447162902, train_AP=0.9975279138293339, time=0.23208236694335938
INFO - 11/08/25 16:05:38 - 0:09:03 - Epoch 255: val_AUC=0.9516946412047599, val_AP=0.952081766644585
INFO - 11/08/25 16:05:39 - 0:09:03 - Epoch 256: train_loss=0.6612728238105774, train_AUC=0.9983310401547784, train_AP=0.9976294377761803, time=0.26309990882873535
INFO - 11/08/25 16:05:39 - 0:09:03 - Epoch 256: val_AUC=0.9516418987605729, val_AP=0.9520467383591551
INFO - 11/08/25 16:05:39 - 0:09:03 - Epoch 257: train_loss=0.6605625152587891, train_AUC=0.9985446663006211, train_AP=0.9979556757470899, time=0.26268935203552246
INFO - 11/08/25 16:05:39 - 0:09:03 - Epoch 257: val_AUC=0.9514060850525877, val_AP=0.9518683336066295
INFO - 11/08/25 16:05:39 - 0:09:03 - Epoch 258: train_loss=0.6590617895126343, train_AUC=0.9983889990153697, train_AP=0.9976376921558465, time=0.262056827545166
INFO - 11/08/25 16:05:39 - 0:09:04 - Epoch 258: val_AUC=0.9512801344667596, val_AP=0.9517568400191597
INFO - 11/08/25 16:05:39 - 0:09:04 - Epoch 259: train_loss=0.658321738243103, train_AUC=0.9983193862472729, train_AP=0.9975231239239873, time=0.27077412605285645
INFO - 11/08/25 16:05:40 - 0:09:04 - Epoch 259: val_AUC=0.9509959565483717, val_AP=0.9515163001026294
INFO - 11/08/25 16:05:40 - 0:09:04 - Epoch 260: train_loss=0.6576362252235413, train_AUC=0.998436209052794, train_AP=0.9978466093650418, time=0.2945570945739746
INFO - 11/08/25 16:05:40 - 0:09:04 - Epoch 260: val_AUC=0.951165384013867, val_AP=0.951675334211955
INFO - 11/08/25 16:05:40 - 0:09:04 - Epoch 261: train_loss=0.6573836803436279, train_AUC=0.9984508427466238, train_AP=0.9976846263691687, time=0.2715005874633789
INFO - 11/08/25 16:05:40 - 0:09:05 - Epoch 261: val_AUC=0.9506057846446583, val_AP=0.9512235614432205
INFO - 11/08/25 16:05:40 - 0:09:05 - Epoch 262: train_loss=0.6573317050933838, train_AUC=0.9984444259646069, train_AP=0.99780485236395, time=0.2729198932647705
INFO - 11/08/25 16:05:41 - 0:09:05 - Epoch 262: val_AUC=0.9510322042513262, val_AP=0.9515982751470454
INFO - 11/08/25 16:05:41 - 0:09:05 - Epoch 263: train_loss=0.656421959400177, train_AUC=0.9984850506724932, train_AP=0.9977814467228299, time=0.2727479934692383
INFO - 11/08/25 16:05:41 - 0:09:05 - Epoch 263: val_AUC=0.9505699442192652, val_AP=0.9512631942705437
INFO - 11/08/25 16:05:41 - 0:09:05 - Epoch 264: train_loss=0.6548818349838257, train_AUC=0.9985636464774995, train_AP=0.9980321640543379, time=0.2791314125061035
INFO - 11/08/25 16:05:41 - 0:09:06 - Epoch 264: val_AUC=0.9507770448591796, val_AP=0.9514305323318459
INFO - 11/08/25 16:05:41 - 0:09:06 - Epoch 265: train_loss=0.6551451683044434, train_AUC=0.9986045181066238, train_AP=0.9979232853355755, time=0.23440194129943848
INFO - 11/08/25 16:05:42 - 0:09:06 - Epoch 265: val_AUC=0.950633479518826, val_AP=0.9513219874001536
INFO - 11/08/25 16:05:42 - 0:09:06 - Epoch 266: train_loss=0.6555685997009277, train_AUC=0.9983308969686396, train_AP=0.997459000751457, time=0.2173151969909668
INFO - 11/08/25 16:05:42 - 0:09:06 - Epoch 266: val_AUC=0.9504021458640151, val_AP=0.9511375502495126
INFO - 11/08/25 16:05:42 - 0:09:06 - Epoch 267: train_loss=0.6538970470428467, train_AUC=0.9985442277600486, train_AP=0.9978201145698968, time=0.21915054321289062
INFO - 11/08/25 16:05:42 - 0:09:06 - Epoch 267: val_AUC=0.9507658447262443, val_AP=0.9514371165992693
INFO - 11/08/25 16:05:42 - 0:09:07 - Epoch 268: train_loss=0.653282880783081, train_AUC=0.9986831538910318, train_AP=0.9980103196534355, time=0.22713685035705566
INFO - 11/08/25 16:05:42 - 0:09:07 - Epoch 268: val_AUC=0.950069603735224, val_AP=0.9508858005755467
INFO - 11/08/25 16:05:43 - 0:09:07 - Epoch 269: train_loss=0.6525286436080933, train_AUC=0.9986187749021301, train_AP=0.9981049217914303, time=0.21982479095458984
INFO - 11/08/25 16:05:43 - 0:09:07 - Epoch 269: val_AUC=0.9503831056380247, val_AP=0.951142431072661
INFO - 11/08/25 16:05:43 - 0:09:07 - Epoch 270: train_loss=0.6529516577720642, train_AUC=0.998546535117495, train_AP=0.997894711523182, time=0.21994924545288086
INFO - 11/08/25 16:05:43 - 0:09:07 - Epoch 270: val_AUC=0.9500353924200758, val_AP=0.9508678011090381
INFO - 11/08/25 16:05:43 - 0:09:07 - Epoch 271: train_loss=0.6517107486724854, train_AUC=0.9986292243200869, train_AP=0.997960144675841, time=0.22073078155517578
INFO - 11/08/25 16:05:43 - 0:09:07 - Epoch 271: val_AUC=0.9499038417677802, val_AP=0.9507600937397348
INFO - 11/08/25 16:05:43 - 0:09:08 - Epoch 272: train_loss=0.6511678695678711, train_AUC=0.9986129224108742, train_AP=0.9978588710919195, time=0.2195432186126709
INFO - 11/08/25 16:05:43 - 0:09:08 - Epoch 272: val_AUC=0.9499154491782769, val_AP=0.9507916311137243
INFO - 11/08/25 16:05:44 - 0:09:08 - Epoch 273: train_loss=0.6507818698883057, train_AUC=0.9986515375814378, train_AP=0.998034467741331, time=0.2883036136627197
INFO - 11/08/25 16:05:44 - 0:09:08 - Epoch 273: val_AUC=0.9495533794262926, val_AP=0.9505581683995321
INFO - 11/08/25 16:05:44 - 0:09:08 - Epoch 274: train_loss=0.6509255170822144, train_AUC=0.998437786742131, train_AP=0.997639085430813, time=0.26149964332580566
INFO - 11/08/25 16:05:44 - 0:09:08 - Epoch 274: val_AUC=0.94991646737218, val_AP=0.9508553734999534
INFO - 11/08/25 16:05:44 - 0:09:09 - Epoch 275: train_loss=0.6503411531448364, train_AUC=0.9985397659179337, train_AP=0.997873362279771, time=0.26280903816223145
INFO - 11/08/25 16:05:44 - 0:09:09 - Epoch 275: val_AUC=0.9494324179905903, val_AP=0.9504574444100492
INFO - 11/08/25 16:05:45 - 0:09:09 - Epoch 276: train_loss=0.6497291326522827, train_AUC=0.9985219277077511, train_AP=0.9977714705738927, time=0.2615823745727539
INFO - 11/08/25 16:05:45 - 0:09:09 - Epoch 276: val_AUC=0.9498396955518774, val_AP=0.9507851572159158
INFO - 11/08/25 16:05:45 - 0:09:09 - Epoch 277: train_loss=0.64860999584198, train_AUC=0.9986800022108926, train_AP=0.9980098007540432, time=0.2625596523284912
INFO - 11/08/25 16:05:45 - 0:09:09 - Epoch 277: val_AUC=0.949472534830377, val_AP=0.9505448130689965
INFO - 11/08/25 16:05:45 - 0:09:10 - Epoch 278: train_loss=0.648038923740387, train_AUC=0.9985639210496894, train_AP=0.9977645698420061, time=0.26457667350769043
INFO - 11/08/25 16:05:45 - 0:09:10 - Epoch 278: val_AUC=0.9493096238058624, val_AP=0.9504442755343334
INFO - 11/08/25 16:05:46 - 0:09:10 - Epoch 279: train_loss=0.646855354309082, train_AUC=0.99868522172431, train_AP=0.9980950103596946, time=0.2626333236694336
INFO - 11/08/25 16:05:46 - 0:09:10 - Epoch 279: val_AUC=0.9492495503655722, val_AP=0.950380162067648
INFO - 11/08/25 16:05:46 - 0:09:10 - Epoch 280: train_loss=0.6487630605697632, train_AUC=0.998586436145376, train_AP=0.9978915553359199, time=0.2271575927734375
INFO - 11/08/25 16:05:46 - 0:09:10 - Epoch 280: val_AUC=0.9489327902422812, val_AP=0.9501462054843457
INFO - 11/08/25 16:05:46 - 0:09:10 - Epoch 281: train_loss=0.6464794874191284, train_AUC=0.9986432556810821, train_AP=0.997928502113827, time=0.22237229347229004
INFO - 11/08/25 16:05:46 - 0:09:10 - Epoch 281: val_AUC=0.9492499576431337, val_AP=0.9504145133630272
INFO - 11/08/25 16:05:46 - 0:09:11 - Epoch 282: train_loss=0.64652419090271, train_AUC=0.9986160545416144, train_AP=0.9978953216069708, time=0.22278547286987305
INFO - 11/08/25 16:05:46 - 0:09:11 - Epoch 282: val_AUC=0.9492953690912171, val_AP=0.9504319968936019
INFO - 11/08/25 16:05:47 - 0:09:11 - Epoch 283: train_loss=0.6475490927696228, train_AUC=0.9986209403062828, train_AP=0.9978906873980664, time=0.2215714454650879
INFO - 11/08/25 16:05:47 - 0:09:11 - Epoch 283: val_AUC=0.9499295002541411, val_AP=0.9509641793178567
INFO - 11/08/25 16:05:47 - 0:09:11 - Epoch 284: train_loss=0.6482370495796204, train_AUC=0.9985909423699103, train_AP=0.9978717246287885, time=0.223527193069458
INFO - 11/08/25 16:05:47 - 0:09:11 - Epoch 284: val_AUC=0.9498138334267356, val_AP=0.9509219594086884
INFO - 11/08/25 16:05:47 - 0:09:12 - Epoch 285: train_loss=0.6497817635536194, train_AUC=0.9987653587616662, train_AP=0.9982695507006942, time=0.22226715087890625
INFO - 11/08/25 16:05:47 - 0:09:12 - Epoch 285: val_AUC=0.9497305451654523, val_AP=0.9508639820506415
INFO - 11/08/25 16:05:48 - 0:09:12 - Epoch 286: train_loss=0.6510277986526489, train_AUC=0.9986564483552473, train_AP=0.9980874614156252, time=0.22342920303344727
INFO - 11/08/25 16:05:48 - 0:09:12 - Epoch 286: val_AUC=0.949900990824851, val_AP=0.9510511097442876
INFO - 11/08/25 16:05:48 - 0:09:12 - Epoch 287: train_loss=0.6494561433792114, train_AUC=0.9987091140839636, train_AP=0.9981378129863484, time=0.22173118591308594
INFO - 11/08/25 16:05:48 - 0:09:12 - Epoch 287: val_AUC=0.9499036381289996, val_AP=0.9511096282204625
INFO - 11/08/25 16:05:48 - 0:09:12 - Epoch 288: train_loss=0.6500038504600525, train_AUC=0.9987307540358329, train_AP=0.998144514990991, time=0.22343683242797852
INFO - 11/08/25 16:05:48 - 0:09:12 - Epoch 288: val_AUC=0.9497183268386139, val_AP=0.9509963936215415
INFO - 11/08/25 16:05:48 - 0:09:13 - Epoch 289: train_loss=0.6489214897155762, train_AUC=0.9986538803391473, train_AP=0.9979994310733428, time=0.2231307029724121
INFO - 11/08/25 16:05:48 - 0:09:13 - Epoch 289: val_AUC=0.949460112864758, val_AP=0.9507520752147047
INFO - 11/08/25 16:05:49 - 0:09:13 - Epoch 290: train_loss=0.6473178863525391, train_AUC=0.9986548465373727, train_AP=0.9980445677191225, time=0.22825098037719727
INFO - 11/08/25 16:05:49 - 0:09:13 - Epoch 290: val_AUC=0.9493440387597909, val_AP=0.9506440701907893
INFO - 11/08/25 16:05:49 - 0:09:13 - Epoch 291: train_loss=0.6454983949661255, train_AUC=0.9985577187826996, train_AP=0.9976822020404698, time=0.22075915336608887
INFO - 11/08/25 16:05:49 - 0:09:13 - Epoch 291: val_AUC=0.9490184203495419, val_AP=0.9504362083071317
INFO - 11/08/25 16:05:49 - 0:09:13 - Epoch 292: train_loss=0.6441531181335449, train_AUC=0.9987780824263757, train_AP=0.9982229031342018, time=0.22107648849487305
INFO - 11/08/25 16:05:49 - 0:09:13 - Epoch 292: val_AUC=0.9484594318966754, val_AP=0.9501555207376138
INFO - 11/08/25 16:05:49 - 0:09:14 - Epoch 293: train_loss=0.6432005763053894, train_AUC=0.9985857772777929, train_AP=0.9977012016960439, time=0.24437451362609863
INFO - 11/08/25 16:05:49 - 0:09:14 - Epoch 293: val_AUC=0.9479277310404151, val_AP=0.9497128930846528
INFO - 11/08/25 16:05:50 - 0:09:14 - Epoch 294: train_loss=0.6424993276596069, train_AUC=0.9987349531058456, train_AP=0.9981290501347617, time=0.22322750091552734
INFO - 11/08/25 16:05:50 - 0:09:14 - Epoch 294: val_AUC=0.9475809341969791, val_AP=0.9493862610406738
INFO - 11/08/25 16:05:50 - 0:09:14 - Epoch 295: train_loss=0.6436197757720947, train_AUC=0.9986568884809063, train_AP=0.9979148097268844, time=0.22903156280517578
INFO - 11/08/25 16:05:50 - 0:09:14 - Epoch 295: val_AUC=0.947408452149774, val_AP=0.949211001961885
INFO - 11/08/25 16:05:50 - 0:09:15 - Epoch 296: train_loss=0.6439452171325684, train_AUC=0.9987978134058487, train_AP=0.998159706894054, time=0.2209339141845703
INFO - 11/08/25 16:05:50 - 0:09:15 - Epoch 296: val_AUC=0.947475245669825, val_AP=0.9492186887363465
INFO - 11/08/25 16:05:51 - 0:09:15 - Epoch 297: train_loss=0.6426997184753418, train_AUC=0.9986889591819369, train_AP=0.9979730898704804, time=0.279066801071167
INFO - 11/08/25 16:05:51 - 0:09:15 - Epoch 297: val_AUC=0.9475180098137601, val_AP=0.9492128111249833
INFO - 11/08/25 16:05:51 - 0:09:15 - Epoch 298: train_loss=0.6429346799850464, train_AUC=0.998654660553901, train_AP=0.9977630797790169, time=0.26105523109436035
INFO - 11/08/25 16:05:51 - 0:09:15 - Epoch 298: val_AUC=0.947622069230669, val_AP=0.9492394937306547
INFO - 11/08/25 16:05:51 - 0:09:16 - Epoch 299: train_loss=0.6423895359039307, train_AUC=0.9988067665022373, train_AP=0.9983132062262979, time=0.262068510055542
INFO - 11/08/25 16:05:51 - 0:09:16 - Epoch 299: val_AUC=0.9474929622437409, val_AP=0.9491316993875171
INFO - 11/08/25 16:05:52 - 0:09:16 - Epoch 300: train_loss=0.6416357755661011, train_AUC=0.998762389190343, train_AP=0.9982309469655228, time=0.26276516914367676
INFO - 11/08/25 16:05:52 - 0:09:16 - Epoch 300: val_AUC=0.9474778929739733, val_AP=0.9491609723264851
INFO - 11/08/25 16:05:52 - 0:09:16 - best_epoch=169
INFO - 11/08/25 16:05:52 - 0:09:16 - test_auc= 95.93%, test_ap= 95.85%
INFO - 11/08/25 16:05:52 - 0:09:16 - 
                                     train iters 2
INFO - 11/08/25 16:05:52 - 0:09:16 - --------------------------Training Start-------------------------
INFO - 11/08/25 16:05:54 - 0:09:18 - Epoch 0: train_loss=5.806159496307373, train_AUC=0.9958580181070351, train_AP=0.9955419288138395, time=2.244861125946045
INFO - 11/08/25 16:05:54 - 0:09:18 - Epoch 0: val_AUC=0.7614325866035007, val_AP=0.8121827043244828
INFO - 11/08/25 16:05:54 - 0:09:18 - Epoch 1: train_loss=2.4122252464294434, train_AUC=0.9108945372368273, train_AP=0.9372969040885581, time=0.22057104110717773
INFO - 11/08/25 16:05:54 - 0:09:18 - Epoch 1: val_AUC=0.6593260656010114, val_AP=0.7218507014884061
INFO - 11/08/25 16:05:54 - 0:09:19 - Epoch 2: train_loss=3.585585355758667, train_AUC=0.7326048998419264, train_AP=0.8004924009805192, time=0.22182917594909668
INFO - 11/08/25 16:05:54 - 0:09:19 - Epoch 2: val_AUC=0.5968769752961722, val_AP=0.6651523919105816
INFO - 11/08/25 16:05:55 - 0:09:19 - Epoch 3: train_loss=4.540055274963379, train_AUC=0.6139303009228918, train_AP=0.6991845059913322, time=0.2220921516418457
INFO - 11/08/25 16:05:55 - 0:09:19 - Epoch 3: val_AUC=0.6159673982457741, val_AP=0.675515596825804
INFO - 11/08/25 16:05:55 - 0:09:19 - Epoch 4: train_loss=4.21787166595459, train_AUC=0.6309954287122479, train_AP=0.7061639717034753, time=0.2828800678253174
INFO - 11/08/25 16:05:55 - 0:09:19 - Epoch 4: val_AUC=0.6828289336495978, val_AP=0.7182788697459562
INFO - 11/08/25 16:05:55 - 0:09:20 - Epoch 5: train_loss=3.2207322120666504, train_AUC=0.7079342740342579, train_AP=0.7574080760072196, time=0.2633364200592041
INFO - 11/08/25 16:05:55 - 0:09:20 - Epoch 5: val_AUC=0.7366631871587015, val_AP=0.7568708986646921
INFO - 11/08/25 16:05:56 - 0:09:20 - Epoch 6: train_loss=2.9163177013397217, train_AUC=0.7662318353606453, train_AP=0.8002489545840322, time=0.26369762420654297
INFO - 11/08/25 16:05:56 - 0:09:20 - Epoch 6: val_AUC=0.7962052320504633, val_AP=0.7974403413888969
INFO - 11/08/25 16:05:56 - 0:09:20 - Epoch 7: train_loss=2.3392562866210938, train_AUC=0.8356313318425199, train_AP=0.8482818021074867, time=0.3129446506500244
INFO - 11/08/25 16:05:56 - 0:09:20 - Epoch 7: val_AUC=0.8331715762619089, val_AP=0.8261379306526715
INFO - 11/08/25 16:05:56 - 0:09:21 - Epoch 8: train_loss=2.1589527130126953, train_AUC=0.8762107684280793, train_AP=0.8777629826450327, time=0.2629561424255371
INFO - 11/08/25 16:05:56 - 0:09:21 - Epoch 8: val_AUC=0.8488393404058439, val_AP=0.8396188983214539
INFO - 11/08/25 16:05:57 - 0:09:21 - Epoch 9: train_loss=1.9476778507232666, train_AUC=0.8961188902893759, train_AP=0.894191523100982, time=0.2657744884490967
INFO - 11/08/25 16:05:57 - 0:09:21 - Epoch 9: val_AUC=0.853045601239427, val_AP=0.8430607873265954
INFO - 11/08/25 16:05:57 - 0:09:21 - Epoch 10: train_loss=1.8295226097106934, train_AUC=0.8994296044373334, train_AP=0.8976741156743852, time=0.26375722885131836
INFO - 11/08/25 16:05:57 - 0:09:21 - Epoch 10: val_AUC=0.8547031190944754, val_AP=0.8448453012574516
INFO - 11/08/25 16:05:57 - 0:09:22 - Epoch 11: train_loss=1.773232340812683, train_AUC=0.8999557659446927, train_AP=0.8975925660572341, time=0.26589441299438477
INFO - 11/08/25 16:05:57 - 0:09:22 - Epoch 11: val_AUC=0.8607870313049826, val_AP=0.8501866743628372
INFO - 11/08/25 16:05:58 - 0:09:22 - Epoch 12: train_loss=1.7181706428527832, train_AUC=0.9029810808820589, train_AP=0.8992357704443972, time=0.26461029052734375
INFO - 11/08/25 16:05:58 - 0:09:22 - Epoch 12: val_AUC=0.8756314838587758, val_AP=0.8636619762397268
INFO - 11/08/25 16:05:58 - 0:09:22 - Epoch 13: train_loss=1.5884099006652832, train_AUC=0.9169423389651683, train_AP=0.9115063844136502, time=0.2637908458709717
INFO - 11/08/25 16:05:58 - 0:09:22 - Epoch 13: val_AUC=0.8876113496852559, val_AP=0.8758930718894998
INFO - 11/08/25 16:05:58 - 0:09:23 - Epoch 14: train_loss=1.4545807838439941, train_AUC=0.9301281435419533, train_AP=0.9234858380035986, time=0.2638990879058838
INFO - 11/08/25 16:05:58 - 0:09:23 - Epoch 14: val_AUC=0.8946678407121167, val_AP=0.884294882358534
INFO - 11/08/25 16:05:59 - 0:09:23 - Epoch 15: train_loss=1.4141227006912231, train_AUC=0.9371842065814342, train_AP=0.9304731236864328, time=0.2638740539550781
INFO - 11/08/25 16:05:59 - 0:09:23 - Epoch 15: val_AUC=0.8981470092794118, val_AP=0.8890731343060645
INFO - 11/08/25 16:05:59 - 0:09:23 - Epoch 16: train_loss=1.3988605737686157, train_AUC=0.9419812249037144, train_AP=0.9368658611994258, time=0.22233819961547852
INFO - 11/08/25 16:05:59 - 0:09:23 - Epoch 16: val_AUC=0.9016486799319684, val_AP=0.8926902842846163
INFO - 11/08/25 16:05:59 - 0:09:24 - Epoch 17: train_loss=1.3717918395996094, train_AUC=0.9439910522971321, train_AP=0.9375360683100503, time=0.22323012351989746
INFO - 11/08/25 16:05:59 - 0:09:24 - Epoch 17: val_AUC=0.9054185428586323, val_AP=0.8962236491066002
INFO - 11/08/25 16:06:00 - 0:09:24 - Epoch 18: train_loss=1.3520523309707642, train_AUC=0.9463867207192497, train_AP=0.9395404615653733, time=0.22288823127746582
INFO - 11/08/25 16:06:00 - 0:09:24 - Epoch 18: val_AUC=0.9085798312893429, val_AP=0.8994192759749746
INFO - 11/08/25 16:06:00 - 0:09:24 - Epoch 19: train_loss=1.3275976181030273, train_AUC=0.9489931418777957, train_AP=0.9422315350985069, time=0.22281265258789062
INFO - 11/08/25 16:06:00 - 0:09:24 - Epoch 19: val_AUC=0.9110365295390269, val_AP=0.9022585138351815
INFO - 11/08/25 16:06:00 - 0:09:24 - Epoch 20: train_loss=1.308070182800293, train_AUC=0.9508998229434531, train_AP=0.9439793236374799, time=0.22727441787719727
INFO - 11/08/25 16:06:00 - 0:09:24 - Epoch 20: val_AUC=0.9131788095113972, val_AP=0.9049050694684161
INFO - 11/08/25 16:06:00 - 0:09:25 - Epoch 21: train_loss=1.2828624248504639, train_AUC=0.9534932652383783, train_AP=0.9469683675336774, time=0.22330236434936523
INFO - 11/08/25 16:06:00 - 0:09:25 - Epoch 21: val_AUC=0.9150761120306534, val_AP=0.9073108586424741
INFO - 11/08/25 16:06:01 - 0:09:25 - Epoch 22: train_loss=1.2561185359954834, train_AUC=0.9557059017957561, train_AP=0.9489713127605466, time=0.2221813201904297
INFO - 11/08/25 16:06:01 - 0:09:25 - Epoch 22: val_AUC=0.9167553174158403, val_AP=0.9091493418136941
INFO - 11/08/25 16:06:01 - 0:09:25 - Epoch 23: train_loss=1.2326486110687256, train_AUC=0.9569170081994814, train_AP=0.9498852307796517, time=0.22117829322814941
INFO - 11/08/25 16:06:01 - 0:09:25 - Epoch 23: val_AUC=0.9180400744829204, val_AP=0.9104320003522581
INFO - 11/08/25 16:06:01 - 0:09:26 - Epoch 24: train_loss=1.2165131568908691, train_AUC=0.958173295906151, train_AP=0.9509386619018444, time=0.2257704734802246
INFO - 11/08/25 16:06:01 - 0:09:26 - Epoch 24: val_AUC=0.9191000143361702, val_AP=0.911441609467086
INFO - 11/08/25 16:06:02 - 0:09:26 - Epoch 25: train_loss=1.2019526958465576, train_AUC=0.9595907287805737, train_AP=0.9524186217381042, time=0.2242450714111328
INFO - 11/08/25 16:06:02 - 0:09:26 - Epoch 25: val_AUC=0.9200361418107886, val_AP=0.9123136792606205
INFO - 11/08/25 16:06:02 - 0:09:26 - Epoch 26: train_loss=1.187757968902588, train_AUC=0.9603111174418444, train_AP=0.9531089846315002, time=0.22208762168884277
INFO - 11/08/25 16:06:02 - 0:09:26 - Epoch 26: val_AUC=0.9208836864158271, val_AP=0.9130058477410613
INFO - 11/08/25 16:06:02 - 0:09:26 - Epoch 27: train_loss=1.1797728538513184, train_AUC=0.9603194565814316, train_AP=0.9525868694518268, time=0.22897624969482422
INFO - 11/08/25 16:06:02 - 0:09:26 - Epoch 27: val_AUC=0.9217646277808911, val_AP=0.9136550312517053
INFO - 11/08/25 16:06:02 - 0:09:27 - Epoch 28: train_loss=1.166705846786499, train_AUC=0.9603800910678778, train_AP=0.952472600136581, time=0.22749876976013184
INFO - 11/08/25 16:06:02 - 0:09:27 - Epoch 28: val_AUC=0.9228522625083084, val_AP=0.9144706047905098
INFO - 11/08/25 16:06:03 - 0:09:27 - Epoch 29: train_loss=1.1500051021575928, train_AUC=0.9610298308429038, train_AP=0.952816963835704, time=0.23732471466064453
INFO - 11/08/25 16:06:03 - 0:09:27 - Epoch 29: val_AUC=0.9241152302258598, val_AP=0.9155337289621014
INFO - 11/08/25 16:06:03 - 0:09:27 - Epoch 30: train_loss=1.1364784240722656, train_AUC=0.9611559403174418, train_AP=0.9519714459895736, time=0.22188448905944824
INFO - 11/08/25 16:06:03 - 0:09:27 - Epoch 30: val_AUC=0.9254867374134941, val_AP=0.9167474613848725
INFO - 11/08/25 16:06:03 - 0:09:28 - Epoch 31: train_loss=1.1216814517974854, train_AUC=0.9624559843343755, train_AP=0.9535953066813182, time=0.22743725776672363
INFO - 11/08/25 16:06:03 - 0:09:28 - Epoch 31: val_AUC=0.9269232053721539, val_AP=0.9180340622907449
INFO - 11/08/25 16:06:04 - 0:09:28 - Epoch 32: train_loss=1.1100635528564453, train_AUC=0.9638304670030323, train_AP=0.9558405671308225, time=0.21896767616271973
INFO - 11/08/25 16:06:04 - 0:09:28 - Epoch 32: val_AUC=0.9283828881518071, val_AP=0.9193555797942912
INFO - 11/08/25 16:06:04 - 0:09:28 - Epoch 33: train_loss=1.0981876850128174, train_AUC=0.9650937181704083, train_AP=0.9572018092573603, time=0.2190091609954834
INFO - 11/08/25 16:06:04 - 0:09:28 - Epoch 33: val_AUC=0.9298346290190149, val_AP=0.9206848488317211
INFO - 11/08/25 16:06:04 - 0:09:28 - Epoch 34: train_loss=1.089446783065796, train_AUC=0.9654698804853866, train_AP=0.9568821632742699, time=0.2338731288909912
INFO - 11/08/25 16:06:04 - 0:09:28 - Epoch 34: val_AUC=0.931257249540591, val_AP=0.921983822879297
INFO - 11/08/25 16:06:04 - 0:09:29 - Epoch 35: train_loss=1.0788034200668335, train_AUC=0.9672924373168915, train_AP=0.9593582993782706, time=0.22095346450805664
INFO - 11/08/25 16:06:04 - 0:09:29 - Epoch 35: val_AUC=0.9326724372466733, val_AP=0.9232991490228366
INFO - 11/08/25 16:06:05 - 0:09:29 - Epoch 36: train_loss=1.072559118270874, train_AUC=0.9676413748922268, train_AP=0.9594538291132094, time=0.21868395805358887
INFO - 11/08/25 16:06:05 - 0:09:29 - Epoch 36: val_AUC=0.9339825473419437, val_AP=0.9245486144484144
INFO - 11/08/25 16:06:05 - 0:09:29 - Epoch 37: train_loss=1.064368724822998, train_AUC=0.968368098087142, train_AP=0.96048231124734, time=0.21829962730407715
INFO - 11/08/25 16:06:05 - 0:09:29 - Epoch 37: val_AUC=0.9352414422838821, val_AP=0.9257902377283265
INFO - 11/08/25 16:06:05 - 0:09:30 - Epoch 38: train_loss=1.057478904724121, train_AUC=0.9697241333440738, train_AP=0.9619868815789449, time=0.24400043487548828
INFO - 11/08/25 16:06:05 - 0:09:30 - Epoch 38: val_AUC=0.9363643065203509, val_AP=0.9269089215637049
INFO - 11/08/25 16:06:06 - 0:09:30 - Epoch 39: train_loss=1.0451350212097168, train_AUC=0.9712447792960066, train_AP=0.9637857391452435, time=0.22516608238220215
INFO - 11/08/25 16:06:06 - 0:09:30 - Epoch 39: val_AUC=0.9374320864666554, val_AP=0.9279857373243271
INFO - 11/08/25 16:06:06 - 0:09:30 - Epoch 40: train_loss=1.0401604175567627, train_AUC=0.9715022265645356, train_AP=0.9640570133399575, time=0.22463107109069824
INFO - 11/08/25 16:06:06 - 0:09:30 - Epoch 40: val_AUC=0.9384379602236441, val_AP=0.929038483930895
INFO - 11/08/25 16:06:06 - 0:09:30 - Epoch 41: train_loss=1.0313458442687988, train_AUC=0.9727103949225453, train_AP=0.9654457448427971, time=0.2233433723449707
INFO - 11/08/25 16:06:06 - 0:09:30 - Epoch 41: val_AUC=0.9394136954410979, val_AP=0.9300884119924977
INFO - 11/08/25 16:06:06 - 0:09:31 - Epoch 42: train_loss=1.0279345512390137, train_AUC=0.9731478245256878, train_AP=0.9660586435400247, time=0.2192234992980957
INFO - 11/08/25 16:06:06 - 0:09:31 - Epoch 42: val_AUC=0.9403605139517001, val_AP=0.9310649267977723
INFO - 11/08/25 16:06:07 - 0:09:31 - Epoch 43: train_loss=1.017509937286377, train_AUC=0.974452650924432, train_AP=0.9678646786691225, time=0.22356581687927246
INFO - 11/08/25 16:06:07 - 0:09:31 - Epoch 43: val_AUC=0.9412803503238669, val_AP=0.932053537407692
INFO - 11/08/25 16:06:07 - 0:09:31 - Epoch 44: train_loss=1.0121870040893555, train_AUC=0.9749127964008726, train_AP=0.967861056761529, time=0.22229313850402832
INFO - 11/08/25 16:06:07 - 0:09:31 - Epoch 44: val_AUC=0.9421553861642925, val_AP=0.9330004304138143
INFO - 11/08/25 16:06:07 - 0:09:32 - Epoch 45: train_loss=1.0070828199386597, train_AUC=0.975510693459269, train_AP=0.9687352098612315, time=0.22417259216308594
INFO - 11/08/25 16:06:07 - 0:09:32 - Epoch 45: val_AUC=0.9430011998396957, val_AP=0.9339254743280702
INFO - 11/08/25 16:06:08 - 0:09:32 - Epoch 46: train_loss=1.00107741355896, train_AUC=0.9764906940887386, train_AP=0.9702671499894846, time=0.22885632514953613
INFO - 11/08/25 16:06:08 - 0:09:32 - Epoch 46: val_AUC=0.9437908092116409, val_AP=0.9348008700188585
INFO - 11/08/25 16:06:08 - 0:09:32 - Epoch 47: train_loss=0.9945245385169983, train_AUC=0.9766933598904392, train_AP=0.9700998761281563, time=0.22369003295898438
INFO - 11/08/25 16:06:08 - 0:09:32 - Epoch 47: val_AUC=0.9445911096195703, val_AP=0.9356609505201267
INFO - 11/08/25 16:06:08 - 0:09:32 - Epoch 48: train_loss=0.9874138832092285, train_AUC=0.9778447472831788, train_AP=0.9717287227137544, time=0.2221078872680664
INFO - 11/08/25 16:06:08 - 0:09:32 - Epoch 48: val_AUC=0.9453484422447838, val_AP=0.9364740214470902
INFO - 11/08/25 16:06:08 - 0:09:33 - Epoch 49: train_loss=0.9833735823631287, train_AUC=0.9777737690512027, train_AP=0.9714931516478752, time=0.22278165817260742
INFO - 11/08/25 16:06:08 - 0:09:33 - Epoch 49: val_AUC=0.9460340940192105, val_AP=0.9372350852545966
INFO - 11/08/25 16:06:09 - 0:09:33 - Epoch 50: train_loss=0.9740785360336304, train_AUC=0.9788553464206484, train_AP=0.9728510769532073, time=0.22368121147155762
INFO - 11/08/25 16:06:09 - 0:09:33 - Epoch 50: val_AUC=0.9467173021282698, val_AP=0.9379788315429392
INFO - 11/08/25 16:06:09 - 0:09:33 - Epoch 51: train_loss=0.9698525667190552, train_AUC=0.9789212939406101, train_AP=0.972480873315367, time=0.22420096397399902
INFO - 11/08/25 16:06:09 - 0:09:33 - Epoch 51: val_AUC=0.9473848300512192, val_AP=0.9387265069151399
INFO - 11/08/25 16:06:09 - 0:09:34 - Epoch 52: train_loss=0.9624879956245422, train_AUC=0.9800805426574453, train_AP=0.974144378241371, time=0.22361493110656738
INFO - 11/08/25 16:06:09 - 0:09:34 - Epoch 52: val_AUC=0.9480285322368335, val_AP=0.9394574584080785
INFO - 11/08/25 16:06:09 - 0:09:34 - Epoch 53: train_loss=0.9567005038261414, train_AUC=0.9807208087232584, train_AP=0.9752011975335046, time=0.22307157516479492
INFO - 11/08/25 16:06:10 - 0:09:34 - Epoch 53: val_AUC=0.9485897607162872, val_AP=0.940107981729454
INFO - 11/08/25 16:06:10 - 0:09:34 - Epoch 54: train_loss=0.9538950324058533, train_AUC=0.9802597021560928, train_AP=0.9742210781854524, time=0.22239327430725098
INFO - 11/08/25 16:06:10 - 0:09:34 - Epoch 54: val_AUC=0.9491214615725474, val_AP=0.9407168118461107
INFO - 11/08/25 16:06:10 - 0:09:34 - Epoch 55: train_loss=0.9473848342895508, train_AUC=0.9809995222155059, train_AP=0.9750115162087578, time=0.22563409805297852
INFO - 11/08/25 16:06:10 - 0:09:34 - Epoch 55: val_AUC=0.9496305585241565, val_AP=0.9413024103770342
INFO - 11/08/25 16:06:10 - 0:09:35 - Epoch 56: train_loss=0.9429193735122681, train_AUC=0.9815654044031372, train_AP=0.9760371219525398, time=0.22582173347473145
INFO - 11/08/25 16:06:10 - 0:09:35 - Epoch 56: val_AUC=0.9500541271878952, val_AP=0.9418350395384303
INFO - 11/08/25 16:06:11 - 0:09:35 - Epoch 57: train_loss=0.9374788403511047, train_AUC=0.9821318411948904, train_AP=0.9766713211512714, time=0.2200005054473877
INFO - 11/08/25 16:06:11 - 0:09:35 - Epoch 57: val_AUC=0.9505011143114076, val_AP=0.9423802933084174
INFO - 11/08/25 16:06:11 - 0:09:35 - Epoch 58: train_loss=0.9351714849472046, train_AUC=0.9818910255335468, train_AP=0.9764669660190468, time=0.21922039985656738
INFO - 11/08/25 16:06:11 - 0:09:35 - Epoch 58: val_AUC=0.9509224429485592, val_AP=0.9428709544010283
INFO - 11/08/25 16:06:11 - 0:09:35 - Epoch 59: train_loss=0.9293121099472046, train_AUC=0.9826745277564044, train_AP=0.9771989372397514, time=0.2229595184326172
INFO - 11/08/25 16:06:11 - 0:09:36 - Epoch 59: val_AUC=0.9513175021830077, val_AP=0.943356073871048
INFO - 11/08/25 16:06:11 - 0:09:36 - Epoch 60: train_loss=0.9257864952087402, train_AUC=0.9831114802485384, train_AP=0.978072116193772, time=0.22108745574951172
INFO - 11/08/25 16:06:12 - 0:09:36 - Epoch 60: val_AUC=0.9517105250296498, val_AP=0.94382874011232
INFO - 11/08/25 16:06:12 - 0:09:36 - Epoch 61: train_loss=0.9200732707977295, train_AUC=0.9835959953717619, train_AP=0.9784664448665779, time=0.22316551208496094
INFO - 11/08/25 16:06:12 - 0:09:36 - Epoch 61: val_AUC=0.9521528284612076, val_AP=0.944321444203728
INFO - 11/08/25 16:06:12 - 0:09:36 - Epoch 62: train_loss=0.9148714542388916, train_AUC=0.9840871447860813, train_AP=0.9791725527803469, time=0.22003602981567383
INFO - 11/08/25 16:06:12 - 0:09:36 - Epoch 62: val_AUC=0.9525816917332428, val_AP=0.9448259436501409
INFO - 11/08/25 16:06:12 - 0:09:37 - Epoch 63: train_loss=0.9108243584632874, train_AUC=0.9846396874148738, train_AP=0.9797286865230068, time=0.2224714756011963
INFO - 11/08/25 16:06:12 - 0:09:37 - Epoch 63: val_AUC=0.9530195151116265, val_AP=0.9453162740982575
INFO - 11/08/25 16:06:13 - 0:09:37 - Epoch 64: train_loss=0.9080038070678711, train_AUC=0.9845430529743148, train_AP=0.9796822730129144, time=0.22202682495117188
INFO - 11/08/25 16:06:13 - 0:09:37 - Epoch 64: val_AUC=0.953453469353178, val_AP=0.9457875808884438
INFO - 11/08/25 16:06:13 - 0:09:37 - Epoch 65: train_loss=0.9046790599822998, train_AUC=0.9848843838961038, train_AP=0.9800385174179065, time=0.22394728660583496
INFO - 11/08/25 16:06:13 - 0:09:37 - Epoch 65: val_AUC=0.9538114663295494, val_AP=0.9461723878578625
INFO - 11/08/25 16:06:13 - 0:09:37 - Epoch 66: train_loss=0.9015883207321167, train_AUC=0.985183147146313, train_AP=0.9804183584742633, time=0.22721433639526367
INFO - 11/08/25 16:06:13 - 0:09:38 - Epoch 66: val_AUC=0.9541023643276989, val_AP=0.9465113626023007
INFO - 11/08/25 16:06:13 - 0:09:38 - Epoch 67: train_loss=0.8965777158737183, train_AUC=0.9859155690791027, train_AP=0.981349274926822, time=0.23171591758728027
INFO - 11/08/25 16:06:14 - 0:09:38 - Epoch 67: val_AUC=0.9543755457519321, val_AP=0.9468234993839431
INFO - 11/08/25 16:06:14 - 0:09:38 - Epoch 68: train_loss=0.8932125568389893, train_AUC=0.9858531034656148, train_AP=0.9812123937438391, time=0.2572026252746582
INFO - 11/08/25 16:06:14 - 0:09:38 - Epoch 68: val_AUC=0.9545840718633112, val_AP=0.9470755630056218
INFO - 11/08/25 16:06:14 - 0:09:38 - Epoch 69: train_loss=0.8891414403915405, train_AUC=0.9863715443693273, train_AP=0.9823867866649684, time=0.25732994079589844
INFO - 11/08/25 16:06:14 - 0:09:38 - Epoch 69: val_AUC=0.9547836378683419, val_AP=0.9473397644132285
INFO - 11/08/25 16:06:14 - 0:09:39 - Epoch 70: train_loss=0.8865900039672852, train_AUC=0.9866968666228888, train_AP=0.982600518508795, time=0.2563183307647705
INFO - 11/08/25 16:06:15 - 0:09:39 - Epoch 70: val_AUC=0.9549426797560245, val_AP=0.947593891278471
INFO - 11/08/25 16:06:15 - 0:09:39 - Epoch 71: train_loss=0.8833041191101074, train_AUC=0.986702578922058, train_AP=0.9824221033991717, time=0.256805419921875
INFO - 11/08/25 16:06:15 - 0:09:39 - Epoch 71: val_AUC=0.955093779731262, val_AP=0.9478212501439145
INFO - 11/08/25 16:06:15 - 0:09:39 - Epoch 72: train_loss=0.8793895244598389, train_AUC=0.9867618160667762, train_AP=0.9826265383004907, time=0.25703859329223633
INFO - 11/08/25 16:06:15 - 0:09:39 - Epoch 72: val_AUC=0.9552314395469771, val_AP=0.9480575488694966
INFO - 11/08/25 16:06:15 - 0:09:40 - Epoch 73: train_loss=0.8751345872879028, train_AUC=0.987265777910644, train_AP=0.9831600343932734, time=0.2579030990600586
INFO - 11/08/25 16:06:15 - 0:09:40 - Epoch 73: val_AUC=0.955425100027369, val_AP=0.9483443145727669
INFO - 11/08/25 16:06:16 - 0:09:40 - Epoch 74: train_loss=0.8732528686523438, train_AUC=0.9871509350541658, train_AP=0.9829179348367975, time=0.2623136043548584
INFO - 11/08/25 16:06:16 - 0:09:40 - Epoch 74: val_AUC=0.9556882013319606, val_AP=0.9486806319681347
INFO - 11/08/25 16:06:16 - 0:09:40 - Epoch 75: train_loss=0.8694913983345032, train_AUC=0.9873380057190706, train_AP=0.9830765400355843, time=0.21840715408325195
INFO - 11/08/25 16:06:16 - 0:09:40 - Epoch 75: val_AUC=0.9559818484536485, val_AP=0.9490109905209635
INFO - 11/08/25 16:06:16 - 0:09:41 - Epoch 76: train_loss=0.8641337156295776, train_AUC=0.9881716244994607, train_AP=0.9844564725007738, time=0.21326398849487305
INFO - 11/08/25 16:06:16 - 0:09:41 - Epoch 76: val_AUC=0.956295859453401, val_AP=0.9493432652128585
INFO - 11/08/25 16:06:17 - 0:09:41 - Epoch 77: train_loss=0.8587942123413086, train_AUC=0.9887476355653533, train_AP=0.9851453243243931, time=0.31966280937194824
INFO - 11/08/25 16:06:17 - 0:09:41 - Epoch 77: val_AUC=0.9565719936399535, val_AP=0.9496732455908509
INFO - 11/08/25 16:06:17 - 0:09:41 - Epoch 78: train_loss=0.856207013130188, train_AUC=0.988806364954059, train_AP=0.9852446118502658, time=0.213639497756958
INFO - 11/08/25 16:06:17 - 0:09:41 - Epoch 78: val_AUC=0.956803734572326, val_AP=0.9499664760344119
INFO - 11/08/25 16:06:17 - 0:09:42 - Epoch 79: train_loss=0.8545148372650146, train_AUC=0.9886432940824421, train_AP=0.9847537782378987, time=0.21238064765930176
INFO - 11/08/25 16:06:17 - 0:09:42 - Epoch 79: val_AUC=0.9570104279346792, val_AP=0.950217853452362
INFO - 11/08/25 16:06:17 - 0:09:42 - Epoch 80: train_loss=0.8500074148178101, train_AUC=0.9894546818498539, train_AP=0.9863024682699011, time=0.210052490234375
INFO - 11/08/25 16:06:18 - 0:09:42 - Epoch 80: val_AUC=0.9571653970467489, val_AP=0.9504002241458527
INFO - 11/08/25 16:06:18 - 0:09:42 - Epoch 81: train_loss=0.849804162979126, train_AUC=0.9890622627125648, train_AP=0.9858022694345937, time=0.2291719913482666
INFO - 11/08/25 16:06:18 - 0:09:42 - Epoch 81: val_AUC=0.9573549847515282, val_AP=0.9505687219723522
INFO - 11/08/25 16:06:18 - 0:09:42 - Epoch 82: train_loss=0.8451634645462036, train_AUC=0.9897170955463371, train_AP=0.9864554013154991, time=0.21584010124206543
INFO - 11/08/25 16:06:18 - 0:09:42 - Epoch 82: val_AUC=0.9575140266392108, val_AP=0.9507535679898419
INFO - 11/08/25 16:06:18 - 0:09:43 - Epoch 83: train_loss=0.843126654624939, train_AUC=0.9898114576774716, train_AP=0.9867059972084198, time=0.21426129341125488
INFO - 11/08/25 16:06:18 - 0:09:43 - Epoch 83: val_AUC=0.957705854370577, val_AP=0.9510225349598118
INFO - 11/08/25 16:06:19 - 0:09:43 - Epoch 84: train_loss=0.8386803865432739, train_AUC=0.9899616824804844, train_AP=0.9866760771430482, time=0.21532034873962402
INFO - 11/08/25 16:06:19 - 0:09:43 - Epoch 84: val_AUC=0.9578836310260788, val_AP=0.9512774074246165
INFO - 11/08/25 16:06:19 - 0:09:43 - Epoch 85: train_loss=0.8388679623603821, train_AUC=0.9894847299806292, train_AP=0.9859806149600063, time=0.21501612663269043
INFO - 11/08/25 16:06:19 - 0:09:43 - Epoch 85: val_AUC=0.9580854370576967, val_AP=0.9515567604823919
INFO - 11/08/25 16:06:19 - 0:09:43 - Epoch 86: train_loss=0.8344271183013916, train_AUC=0.9900802723051076, train_AP=0.9866417680687353, time=0.23398041725158691
INFO - 11/08/25 16:06:19 - 0:09:43 - Epoch 86: val_AUC=0.9582636209907596, val_AP=0.951814613601421
INFO - 11/08/25 16:06:19 - 0:09:44 - Epoch 87: train_loss=0.8324548006057739, train_AUC=0.9903173401177022, train_AP=0.9871336939547489, time=0.21600556373596191
INFO - 11/08/25 16:06:19 - 0:09:44 - Epoch 87: val_AUC=0.9584267356540551, val_AP=0.952030241450792
INFO - 11/08/25 16:06:20 - 0:09:44 - Epoch 88: train_loss=0.8299293518066406, train_AUC=0.9906083734298669, train_AP=0.9875982889221139, time=0.21587419509887695
INFO - 11/08/25 16:06:20 - 0:09:44 - Epoch 88: val_AUC=0.9585568608348863, val_AP=0.9521935141724727
INFO - 11/08/25 16:06:20 - 0:09:44 - Epoch 89: train_loss=0.8269437551498413, train_AUC=0.9906276690389404, train_AP=0.987640704082049, time=0.21579551696777344
INFO - 11/08/25 16:06:20 - 0:09:44 - Epoch 89: val_AUC=0.9586743604113178, val_AP=0.9523591367256606
INFO - 11/08/25 16:06:20 - 0:09:45 - Epoch 90: train_loss=0.8264204263687134, train_AUC=0.9906039154624077, train_AP=0.9876128373106068, time=0.2748904228210449
INFO - 11/08/25 16:06:20 - 0:09:45 - Epoch 90: val_AUC=0.9587749579689556, val_AP=0.9524730769095635
INFO - 11/08/25 16:06:21 - 0:09:45 - Epoch 91: train_loss=0.822468638420105, train_AUC=0.9911822062347949, train_AP=0.9883267210541777, time=0.25849390029907227
INFO - 11/08/25 16:06:21 - 0:09:45 - Epoch 91: val_AUC=0.9589288070677319, val_AP=0.952648756197078
INFO - 11/08/25 16:06:21 - 0:09:45 - Epoch 92: train_loss=0.8185348510742188, train_AUC=0.9913764233498258, train_AP=0.9884464940898877, time=0.2584340572357178
INFO - 11/08/25 16:06:21 - 0:09:45 - Epoch 92: val_AUC=0.959150671519243, val_AP=0.9528801701920743
INFO - 11/08/25 16:06:21 - 0:09:46 - Epoch 93: train_loss=0.8183393478393555, train_AUC=0.990898479818725, train_AP=0.9877473850372583, time=0.25911402702331543
INFO - 11/08/25 16:06:21 - 0:09:46 - Epoch 93: val_AUC=0.9593577721591575, val_AP=0.953100264838852
INFO - 11/08/25 16:06:22 - 0:09:46 - Epoch 94: train_loss=0.8147191405296326, train_AUC=0.9914966861450915, train_AP=0.9886873177087829, time=0.25940966606140137
INFO - 11/08/25 16:06:22 - 0:09:46 - Epoch 94: val_AUC=0.9595149812978143, val_AP=0.9532657117414103
INFO - 11/08/25 16:06:22 - 0:09:46 - Epoch 95: train_loss=0.8136458396911621, train_AUC=0.991508478659597, train_AP=0.9885386489202439, time=0.2589409351348877
INFO - 11/08/25 16:06:22 - 0:09:46 - Epoch 95: val_AUC=0.9596286117374135, val_AP=0.953396864694297
INFO - 11/08/25 16:06:22 - 0:09:47 - Epoch 96: train_loss=0.8132847547531128, train_AUC=0.9913249295283264, train_AP=0.9882928497195105, time=0.25559568405151367
INFO - 11/08/25 16:06:22 - 0:09:47 - Epoch 96: val_AUC=0.9597420385382319, val_AP=0.9534967148836008
INFO - 11/08/25 16:06:23 - 0:09:47 - Epoch 97: train_loss=0.8099308013916016, train_AUC=0.9917528369890601, train_AP=0.9890035483361446, time=0.22548413276672363
INFO - 11/08/25 16:06:23 - 0:09:47 - Epoch 97: val_AUC=0.9598428397346505, val_AP=0.9536153860897983
INFO - 11/08/25 16:06:23 - 0:09:47 - Epoch 98: train_loss=0.8069468140602112, train_AUC=0.9918207528340979, train_AP=0.988988213373121, time=0.21696853637695312
INFO - 11/08/25 16:06:23 - 0:09:47 - Epoch 98: val_AUC=0.9599890523791527, val_AP=0.9537987578999504
INFO - 11/08/25 16:06:23 - 0:09:47 - Epoch 99: train_loss=0.8054127097129822, train_AUC=0.9922488387051127, train_AP=0.9898652851753861, time=0.21753764152526855
INFO - 11/08/25 16:06:23 - 0:09:47 - Epoch 99: val_AUC=0.9601863783575961, val_AP=0.9540532123470675
INFO - 11/08/25 16:06:23 - 0:09:48 - Epoch 100: train_loss=0.8023871183395386, train_AUC=0.9924900453544366, train_AP=0.9901792329328419, time=0.21161317825317383
INFO - 11/08/25 16:06:23 - 0:09:48 - Epoch 100: val_AUC=0.9603203726752598, val_AP=0.9542416976066913
INFO - 11/08/25 16:06:24 - 0:09:48 - Epoch 101: train_loss=0.8014167547225952, train_AUC=0.9921986265140338, train_AP=0.9896386778503711, time=0.2196815013885498
INFO - 11/08/25 16:06:24 - 0:09:48 - Epoch 101: val_AUC=0.9604146574306976, val_AP=0.9543730842164478
INFO - 11/08/25 16:06:24 - 0:09:48 - Epoch 102: train_loss=0.8006223440170288, train_AUC=0.9925827066878563, train_AP=0.9903095102695676, time=0.21270442008972168
INFO - 11/08/25 16:06:24 - 0:09:48 - Epoch 102: val_AUC=0.9605166804598002, val_AP=0.9545123697097495
INFO - 11/08/25 16:06:24 - 0:09:49 - Epoch 103: train_loss=0.7986055612564087, train_AUC=0.9926039501920032, train_AP=0.9902856655217174, time=0.2114706039428711
INFO - 11/08/25 16:06:24 - 0:09:49 - Epoch 103: val_AUC=0.9605704410978899, val_AP=0.9546271616545381
INFO - 11/08/25 16:06:24 - 0:09:49 - Epoch 104: train_loss=0.7950900793075562, train_AUC=0.9927732608443215, train_AP=0.9901860023052982, time=0.21289706230163574
INFO - 11/08/25 16:06:25 - 0:09:49 - Epoch 104: val_AUC=0.960638456450625, val_AP=0.9547613468820775
INFO - 11/08/25 16:06:25 - 0:09:49 - Epoch 105: train_loss=0.7939431667327881, train_AUC=0.9925971688401127, train_AP=0.9900251981183175, time=0.21123003959655762
INFO - 11/08/25 16:06:25 - 0:09:49 - Epoch 105: val_AUC=0.9606981226133535, val_AP=0.9548950218339228
INFO - 11/08/25 16:06:25 - 0:09:49 - Epoch 106: train_loss=0.7917511463165283, train_AUC=0.9928076971987541, train_AP=0.9901059509105208, time=0.21156692504882812
INFO - 11/08/25 16:06:25 - 0:09:49 - Epoch 106: val_AUC=0.9607765235439012, val_AP=0.9550335797936986
INFO - 11/08/25 16:06:25 - 0:09:50 - Epoch 107: train_loss=0.7884553670883179, train_AUC=0.9933737415935612, train_AP=0.9910980816921069, time=0.21322369575500488
INFO - 11/08/25 16:06:25 - 0:09:50 - Epoch 107: val_AUC=0.9608469825620041, val_AP=0.9551798647077919
INFO - 11/08/25 16:06:26 - 0:09:50 - Epoch 108: train_loss=0.7882884740829468, train_AUC=0.9932818356418748, train_AP=0.9910338557511155, time=0.24992680549621582
INFO - 11/08/25 16:06:26 - 0:09:50 - Epoch 108: val_AUC=0.9608727428677554, val_AP=0.9552888070319756
INFO - 11/08/25 16:06:26 - 0:09:50 - Epoch 109: train_loss=0.7858774662017822, train_AUC=0.9932682127048105, train_AP=0.9909505217230337, time=0.21992921829223633
INFO - 11/08/25 16:06:26 - 0:09:50 - Epoch 109: val_AUC=0.9608404661210233, val_AP=0.9553155787706651
INFO - 11/08/25 16:06:26 - 0:09:50 - Epoch 110: train_loss=0.784279465675354, train_AUC=0.9936969431776309, train_AP=0.991707340417583, time=0.21518993377685547
INFO - 11/08/25 16:06:26 - 0:09:50 - Epoch 110: val_AUC=0.9608522771703005, val_AP=0.9554060777594081
INFO - 11/08/25 16:06:26 - 0:09:51 - Epoch 111: train_loss=0.7826917171478271, train_AUC=0.9935289645262565, train_AP=0.9911112216698232, time=0.21713590621948242
INFO - 11/08/25 16:06:26 - 0:09:51 - Epoch 111: val_AUC=0.9608429097863912, val_AP=0.9554810056599613
INFO - 11/08/25 16:06:27 - 0:09:51 - Epoch 112: train_loss=0.7807252407073975, train_AUC=0.993982898929672, train_AP=0.9920748130351057, time=0.25614190101623535
INFO - 11/08/25 16:06:27 - 0:09:51 - Epoch 112: val_AUC=0.9608628663868942, val_AP=0.9555726689792983
INFO - 11/08/25 16:06:27 - 0:09:51 - Epoch 113: train_loss=0.7795507907867432, train_AUC=0.9939105163111394, train_AP=0.9917175375405907, time=0.25858426094055176
INFO - 11/08/25 16:06:27 - 0:09:51 - Epoch 113: val_AUC=0.9609174415801067, val_AP=0.9557332235378239
INFO - 11/08/25 16:06:27 - 0:09:52 - Epoch 114: train_loss=0.7769891619682312, train_AUC=0.9941102858077332, train_AP=0.9924053436542761, time=0.25696659088134766
INFO - 11/08/25 16:06:27 - 0:09:52 - Epoch 114: val_AUC=0.9609701840242932, val_AP=0.955900943128118
INFO - 11/08/25 16:06:28 - 0:09:52 - Epoch 115: train_loss=0.7768191695213318, train_AUC=0.9937523630820396, train_AP=0.9912925857772333, time=0.2674369812011719
INFO - 11/08/25 16:06:28 - 0:09:52 - Epoch 115: val_AUC=0.9611045856195182, val_AP=0.9561768126574475
INFO - 11/08/25 16:06:28 - 0:09:52 - Epoch 116: train_loss=0.773797333240509, train_AUC=0.9942590857941868, train_AP=0.992385780362205, time=0.26275157928466797
INFO - 11/08/25 16:06:28 - 0:09:52 - Epoch 116: val_AUC=0.9611127311707438, val_AP=0.9562482210938754
INFO - 11/08/25 16:06:28 - 0:09:53 - Epoch 117: train_loss=0.7725763320922852, train_AUC=0.9941386822784725, train_AP=0.9919136103977827, time=0.25644946098327637
INFO - 11/08/25 16:06:28 - 0:09:53 - Epoch 117: val_AUC=0.9611188403341632, val_AP=0.9562983310890067
INFO - 11/08/25 16:06:29 - 0:09:53 - Epoch 118: train_loss=0.7708489298820496, train_AUC=0.9941680359652809, train_AP=0.9918584234056299, time=0.2212231159210205
INFO - 11/08/25 16:06:29 - 0:09:53 - Epoch 118: val_AUC=0.9611127311707438, val_AP=0.9563271539645812
INFO - 11/08/25 16:06:29 - 0:09:53 - Epoch 119: train_loss=0.7696016430854797, train_AUC=0.9942673280673823, train_AP=0.9922064715976249, time=0.22272634506225586
INFO - 11/08/25 16:06:29 - 0:09:53 - Epoch 119: val_AUC=0.9611170075851373, val_AP=0.9563797588353958
INFO - 11/08/25 16:06:29 - 0:09:54 - Epoch 120: train_loss=0.7671736478805542, train_AUC=0.9946092283874328, train_AP=0.9928172850806971, time=0.22406339645385742
INFO - 11/08/25 16:06:29 - 0:09:54 - Epoch 120: val_AUC=0.9610983746367084, val_AP=0.9563798368370214
INFO - 11/08/25 16:06:30 - 0:09:54 - Epoch 121: train_loss=0.7659077048301697, train_AUC=0.9945619505435344, train_AP=0.9926908627095159, time=0.21833252906799316
INFO - 11/08/25 16:06:30 - 0:09:54 - Epoch 121: val_AUC=0.9611298368283179, val_AP=0.9564554206236318
INFO - 11/08/25 16:06:30 - 0:09:54 - Epoch 122: train_loss=0.7642004489898682, train_AUC=0.9947536154933294, train_AP=0.9927946706818178, time=0.2191925048828125
INFO - 11/08/25 16:06:30 - 0:09:54 - Epoch 122: val_AUC=0.9611298368283179, val_AP=0.9564936676466411
INFO - 11/08/25 16:06:30 - 0:09:54 - Epoch 123: train_loss=0.7648884057998657, train_AUC=0.9943602923284264, train_AP=0.9920731516296487, time=0.24927210807800293
INFO - 11/08/25 16:06:30 - 0:09:54 - Epoch 123: val_AUC=0.9611170075851372, val_AP=0.9565253075076409
INFO - 11/08/25 16:06:30 - 0:09:55 - Epoch 124: train_loss=0.7609626054763794, train_AUC=0.9949936678475076, train_AP=0.9932232915954394, time=0.219590425491333
INFO - 11/08/25 16:06:30 - 0:09:55 - Epoch 124: val_AUC=0.9611255604139244, val_AP=0.956562631140971
INFO - 11/08/25 16:06:31 - 0:09:55 - Epoch 125: train_loss=0.7598068118095398, train_AUC=0.9948592602695085, train_AP=0.9930506961161388, time=0.21759963035583496
INFO - 11/08/25 16:06:31 - 0:09:55 - Epoch 125: val_AUC=0.9611271895241695, val_AP=0.956585935377794
INFO - 11/08/25 16:06:31 - 0:09:55 - Epoch 126: train_loss=0.7580645084381104, train_AUC=0.9947947421452445, train_AP=0.9928057025861905, time=0.21984314918518066
INFO - 11/08/25 16:06:31 - 0:09:55 - Epoch 126: val_AUC=0.9611072329236663, val_AP=0.9565853410675467
INFO - 11/08/25 16:06:31 - 0:09:55 - Epoch 127: train_loss=0.7575312256813049, train_AUC=0.9946348305269573, train_AP=0.9925012352193323, time=0.2553598880767822
INFO - 11/08/25 16:06:31 - 0:09:56 - Epoch 127: val_AUC=0.9610699670268087, val_AP=0.9565627095051255
INFO - 11/08/25 16:06:31 - 0:09:56 - Epoch 128: train_loss=0.7558373212814331, train_AUC=0.9950553349296877, train_AP=0.9932737133493708, time=0.22458124160766602
INFO - 11/08/25 16:06:32 - 0:09:56 - Epoch 128: val_AUC=0.961049806787525, val_AP=0.956577789360567
INFO - 11/08/25 16:06:32 - 0:09:56 - Epoch 129: train_loss=0.7528131008148193, train_AUC=0.9952777466811221, train_AP=0.9935643829147904, time=0.22716999053955078
INFO - 11/08/25 16:06:32 - 0:09:56 - Epoch 129: val_AUC=0.9610375884606861, val_AP=0.9566369010506783
INFO - 11/08/25 16:06:32 - 0:09:56 - Epoch 130: train_loss=0.7526220679283142, train_AUC=0.9949470300262764, train_AP=0.992985909187981, time=0.22393012046813965
INFO - 11/08/25 16:06:32 - 0:09:56 - Epoch 130: val_AUC=0.9610522504528927, val_AP=0.9566754258451597
INFO - 11/08/25 16:06:32 - 0:09:57 - Epoch 131: train_loss=0.7505661249160767, train_AUC=0.9952840938954578, train_AP=0.9935239984496863, time=0.23514699935913086
INFO - 11/08/25 16:06:32 - 0:09:57 - Epoch 131: val_AUC=0.9610939964029246, val_AP=0.9567596089238656
INFO - 11/08/25 16:06:33 - 0:09:57 - Epoch 132: train_loss=0.7492533326148987, train_AUC=0.9954419336296902, train_AP=0.9936242411931657, time=0.22456622123718262
INFO - 11/08/25 16:06:33 - 0:09:57 - Epoch 132: val_AUC=0.9611351314366146, val_AP=0.9568490336741539
INFO - 11/08/25 16:06:33 - 0:09:57 - Epoch 133: train_loss=0.7489064931869507, train_AUC=0.9956016154104484, train_AP=0.994218344601564, time=0.22293591499328613
INFO - 11/08/25 16:06:33 - 0:09:57 - Epoch 133: val_AUC=0.9611204694444082, val_AP=0.9568586825485208
INFO - 11/08/25 16:06:33 - 0:09:57 - Epoch 134: train_loss=0.74698805809021, train_AUC=0.9952104030522774, train_AP=0.9932165047652197, time=0.22473621368408203
INFO - 11/08/25 16:06:33 - 0:09:58 - Epoch 134: val_AUC=0.9610744470799828, val_AP=0.9568805970732778
INFO - 11/08/25 16:06:33 - 0:09:58 - Epoch 135: train_loss=0.7452437877655029, train_AUC=0.9954554093298394, train_AP=0.9937359164504744, time=0.22492027282714844
INFO - 11/08/25 16:06:34 - 0:09:58 - Epoch 135: val_AUC=0.9610467522058153, val_AP=0.9569201521196797
INFO - 11/08/25 16:06:34 - 0:09:58 - Epoch 136: train_loss=0.7433438897132874, train_AUC=0.9957511968445006, train_AP=0.9942070660756838, time=0.27936387062072754
INFO - 11/08/25 16:06:34 - 0:09:58 - Epoch 136: val_AUC=0.9610232319266508, val_AP=0.9569486943219461
INFO - 11/08/25 16:06:34 - 0:09:58 - Epoch 137: train_loss=0.7443767786026001, train_AUC=0.9954759464138109, train_AP=0.993968769378415, time=0.2657485008239746
INFO - 11/08/25 16:06:34 - 0:09:58 - Epoch 137: val_AUC=0.9609693694691708, val_AP=0.9569596886090205
INFO - 11/08/25 16:06:34 - 0:09:59 - Epoch 138: train_loss=0.7410571575164795, train_AUC=0.9958924236403432, train_AP=0.9944500967627572, time=0.2640101909637451
INFO - 11/08/25 16:06:35 - 0:09:59 - Epoch 138: val_AUC=0.9609581693362352, val_AP=0.9569787880602846
INFO - 11/08/25 16:06:35 - 0:09:59 - Epoch 139: train_loss=0.7400957345962524, train_AUC=0.9959092817387641, train_AP=0.994447323344233, time=0.2630581855773926
INFO - 11/08/25 16:06:35 - 0:09:59 - Epoch 139: val_AUC=0.9609287435324323, val_AP=0.9569954397278084
INFO - 11/08/25 16:06:35 - 0:09:59 - Epoch 140: train_loss=0.738472580909729, train_AUC=0.9959682279320664, train_AP=0.9944050022135846, time=0.2422795295715332
INFO - 11/08/25 16:06:35 - 0:09:59 - Epoch 140: val_AUC=0.9608534990029847, val_AP=0.9569837414466952
INFO - 11/08/25 16:06:35 - 0:10:00 - Epoch 141: train_loss=0.7383677959442139, train_AUC=0.9957049561754747, train_AP=0.9939913378881484, time=0.2191777229309082
INFO - 11/08/25 16:06:35 - 0:10:00 - Epoch 141: val_AUC=0.9608078839161205, val_AP=0.9570396004209778
INFO - 11/08/25 16:06:36 - 0:10:00 - Epoch 142: train_loss=0.7361760139465332, train_AUC=0.9960086765192406, train_AP=0.9945562263642982, time=0.2193312644958496
INFO - 11/08/25 16:06:36 - 0:10:00 - Epoch 142: val_AUC=0.960666965879915, val_AP=0.957004207581666
INFO - 11/08/25 16:06:36 - 0:10:00 - Epoch 143: train_loss=0.7348291873931885, train_AUC=0.9960758838306545, train_AP=0.9946134364255574, time=0.22867631912231445
INFO - 11/08/25 16:06:36 - 0:10:00 - Epoch 143: val_AUC=0.9606547475530764, val_AP=0.9570524285649251
INFO - 11/08/25 16:06:36 - 0:10:01 - Epoch 144: train_loss=0.7334551811218262, train_AUC=0.996102937733207, train_AP=0.9947012506703096, time=0.2531147003173828
INFO - 11/08/25 16:06:36 - 0:10:01 - Epoch 144: val_AUC=0.9605372479766452, val_AP=0.9569971403566971
INFO - 11/08/25 16:06:37 - 0:10:01 - Epoch 145: train_loss=0.7316266298294067, train_AUC=0.996192623154958, train_AP=0.994660202907518, time=0.2182753086090088
INFO - 11/08/25 16:06:37 - 0:10:01 - Epoch 145: val_AUC=0.9604085482672782, val_AP=0.9569733513335308
INFO - 11/08/25 16:06:37 - 0:10:01 - Epoch 146: train_loss=0.7306773662567139, train_AUC=0.9962367190259548, train_AP=0.9947317979488854, time=0.21709299087524414
INFO - 11/08/25 16:06:37 - 0:10:01 - Epoch 146: val_AUC=0.9604588470460973, val_AP=0.9570363787961521
INFO - 11/08/25 16:06:37 - 0:10:01 - Epoch 147: train_loss=0.7286922931671143, train_AUC=0.9963149437446213, train_AP=0.9948688305480359, time=0.21671152114868164
INFO - 11/08/25 16:06:37 - 0:10:01 - Epoch 147: val_AUC=0.9602299570566539, val_AP=0.9569746633417098
INFO - 11/08/25 16:06:37 - 0:10:02 - Epoch 148: train_loss=0.7294006943702698, train_AUC=0.9959873000439563, train_AP=0.9941038093848562, time=0.24037718772888184
INFO - 11/08/25 16:06:37 - 0:10:02 - Epoch 148: val_AUC=0.9602466554366669, val_AP=0.95700234575234
INFO - 11/08/25 16:06:38 - 0:10:02 - Epoch 149: train_loss=0.7270808219909668, train_AUC=0.9965202975006268, train_AP=0.9952323349975287, time=0.22674965858459473
INFO - 11/08/25 16:06:38 - 0:10:02 - Epoch 149: val_AUC=0.9601560361792804, val_AP=0.9569935333713314
INFO - 11/08/25 16:06:38 - 0:10:02 - Epoch 150: train_loss=0.7255701422691345, train_AUC=0.9965351148883591, train_AP=0.9952543441227394, time=0.2228407859802246
INFO - 11/08/25 16:06:38 - 0:10:02 - Epoch 150: val_AUC=0.9599202224712952, val_AP=0.956866033855353
INFO - 11/08/25 16:06:38 - 0:10:02 - Epoch 151: train_loss=0.7248278856277466, train_AUC=0.9964027490777728, train_AP=0.994935854582294, time=0.22248101234436035
INFO - 11/08/25 16:06:38 - 0:10:02 - Epoch 151: val_AUC=0.9599462882352174, val_AP=0.9568586688085579
INFO - 11/08/25 16:06:38 - 0:10:03 - Epoch 152: train_loss=0.7237884998321533, train_AUC=0.9967498097346815, train_AP=0.9956868552224519, time=0.22760295867919922
INFO - 11/08/25 16:06:38 - 0:10:03 - Epoch 152: val_AUC=0.9595599854683367, val_AP=0.9566651508303524
INFO - 11/08/25 16:06:39 - 0:10:03 - Epoch 153: train_loss=0.7227299213409424, train_AUC=0.9965316069160196, train_AP=0.9952103775130977, time=0.23923540115356445
INFO - 11/08/25 16:06:39 - 0:10:03 - Epoch 153: val_AUC=0.9595996950305621, val_AP=0.9567713836390453
INFO - 11/08/25 16:06:39 - 0:10:03 - Epoch 154: train_loss=0.7212215662002563, train_AUC=0.9966566977083601, train_AP=0.9955213180028697, time=0.22219300270080566
INFO - 11/08/25 16:06:39 - 0:10:03 - Epoch 154: val_AUC=0.9595561163315044, val_AP=0.9567944950841003
INFO - 11/08/25 16:06:39 - 0:10:04 - Epoch 155: train_loss=0.7201005220413208, train_AUC=0.996594113741754, train_AP=0.9952745456542037, time=0.2214221954345703
INFO - 11/08/25 16:06:39 - 0:10:04 - Epoch 155: val_AUC=0.9592821203521484, val_AP=0.956651071424411
INFO - 11/08/25 16:06:40 - 0:10:04 - Epoch 156: train_loss=0.7185180187225342, train_AUC=0.9968983982001601, train_AP=0.9957543597891142, time=0.22798490524291992
INFO - 11/08/25 16:06:40 - 0:10:04 - Epoch 156: val_AUC=0.9594239547628667, val_AP=0.9567673764578202
INFO - 11/08/25 16:06:40 - 0:10:04 - Epoch 157: train_loss=0.7192913293838501, train_AUC=0.9968669229632564, train_AP=0.9957940536281156, time=0.2513389587402344
INFO - 11/08/25 16:06:40 - 0:10:04 - Epoch 157: val_AUC=0.959087034400292, val_AP=0.9565530869371646
INFO - 11/08/25 16:06:40 - 0:10:04 - Epoch 158: train_loss=0.7178651094436646, train_AUC=0.9968267899843978, train_AP=0.995634178551175, time=0.22742509841918945
INFO - 11/08/25 16:06:40 - 0:10:04 - Epoch 158: val_AUC=0.9591184965919014, val_AP=0.95662118360134
INFO - 11/08/25 16:06:40 - 0:10:05 - Epoch 159: train_loss=0.7172868847846985, train_AUC=0.9969667310990437, train_AP=0.9960268547741026, time=0.22824692726135254
INFO - 11/08/25 16:06:40 - 0:10:05 - Epoch 159: val_AUC=0.9592164468453909, val_AP=0.9567839096566009
INFO - 11/08/25 16:06:41 - 0:10:05 - Epoch 160: train_loss=0.7163712382316589, train_AUC=0.9966898381665948, train_AP=0.9953082967107689, time=0.2281661033630371
INFO - 11/08/25 16:06:41 - 0:10:05 - Epoch 160: val_AUC=0.9588226094436262, val_AP=0.956541490628286
INFO - 11/08/25 16:06:41 - 0:10:05 - Epoch 161: train_loss=0.7146804928779602, train_AUC=0.9968208349908875, train_AP=0.9954732270185886, time=0.23423981666564941
INFO - 11/08/25 16:06:41 - 0:10:05 - Epoch 161: val_AUC=0.959018102673044, val_AP=0.956680303850248
INFO - 11/08/25 16:06:41 - 0:10:05 - Epoch 162: train_loss=0.7132916450500488, train_AUC=0.9969278459354287, train_AP=0.9957633480660473, time=0.2181532382965088
INFO - 11/08/25 16:06:41 - 0:10:06 - Epoch 162: val_AUC=0.9586912624301112, val_AP=0.9564154877817139
INFO - 11/08/25 16:06:41 - 0:10:06 - Epoch 163: train_loss=0.7132865786552429, train_AUC=0.996908387943059, train_AP=0.9957178084560989, time=0.2253580093383789
INFO - 11/08/25 16:06:42 - 0:10:06 - Epoch 163: val_AUC=0.9586240616324987, val_AP=0.9564291709227624
INFO - 11/08/25 16:06:42 - 0:10:06 - Epoch 164: train_loss=0.7124627232551575, train_AUC=0.9967976999502951, train_AP=0.9955391475363315, time=0.21869683265686035
INFO - 11/08/25 16:06:42 - 0:10:06 - Epoch 164: val_AUC=0.9587851399079877, val_AP=0.9566572741082022
INFO - 11/08/25 16:06:42 - 0:10:06 - Epoch 165: train_loss=0.7110378742218018, train_AUC=0.997042384807558, train_AP=0.9958891475708413, time=0.22653841972351074
INFO - 11/08/25 16:06:42 - 0:10:06 - Epoch 165: val_AUC=0.9583766405140169, val_AP=0.9563913013014778
INFO - 11/08/25 16:06:42 - 0:10:07 - Epoch 166: train_loss=0.7108145952224731, train_AUC=0.9968772758670632, train_AP=0.9955719782845077, time=0.22803068161010742
INFO - 11/08/25 16:06:42 - 0:10:07 - Epoch 166: val_AUC=0.9585707082719702, val_AP=0.956551149775678
INFO - 11/08/25 16:06:43 - 0:10:07 - Epoch 167: train_loss=0.7089893817901611, train_AUC=0.9971061996818195, train_AP=0.9961642884165137, time=0.21159052848815918
INFO - 11/08/25 16:06:43 - 0:10:07 - Epoch 167: val_AUC=0.9584426194789454, val_AP=0.9564346789993665
INFO - 11/08/25 16:06:43 - 0:10:07 - Epoch 168: train_loss=0.7085983157157898, train_AUC=0.9969704903956388, train_AP=0.9956028033450095, time=0.21132302284240723
INFO - 11/08/25 16:06:43 - 0:10:07 - Epoch 168: val_AUC=0.9581444923040832, val_AP=0.9562197426500901
INFO - 11/08/25 16:06:43 - 0:10:07 - Epoch 169: train_loss=0.7065151929855347, train_AUC=0.9973339043890082, train_AP=0.9963328343102243, time=0.2109534740447998
INFO - 11/08/25 16:06:43 - 0:10:07 - Epoch 169: val_AUC=0.9583475201683849, val_AP=0.9564413660418967
INFO - 11/08/25 16:06:43 - 0:10:08 - Epoch 170: train_loss=0.7076699733734131, train_AUC=0.9971992255851128, train_AP=0.996098123967101, time=0.2309873104095459
INFO - 11/08/25 16:06:43 - 0:10:08 - Epoch 170: val_AUC=0.9582098603526698, val_AP=0.9564229268509623
INFO - 11/08/25 16:06:44 - 0:10:08 - Epoch 171: train_loss=0.7052143216133118, train_AUC=0.9971744841475072, train_AP=0.9960473471920183, time=0.21391057968139648
INFO - 11/08/25 16:06:44 - 0:10:08 - Epoch 171: val_AUC=0.9580498002710839, val_AP=0.9563026897730577
INFO - 11/08/25 16:06:44 - 0:10:08 - Epoch 172: train_loss=0.7048532962799072, train_AUC=0.9971778966624206, train_AP=0.9961132372735552, time=0.21132707595825195
INFO - 11/08/25 16:06:44 - 0:10:08 - Epoch 172: val_AUC=0.958259955492708, val_AP=0.9564503702965481
INFO - 11/08/25 16:06:44 - 0:10:08 - Epoch 173: train_loss=0.7034057378768921, train_AUC=0.9972027053781382, train_AP=0.9960665372710327, time=0.20975780487060547
INFO - 11/08/25 16:06:44 - 0:10:08 - Epoch 173: val_AUC=0.9579241551434269, val_AP=0.9562538426556236
INFO - 11/08/25 16:06:44 - 0:10:09 - Epoch 174: train_loss=0.7030981779098511, train_AUC=0.9972433122978325, train_AP=0.9960577434412046, time=0.2388319969177246
INFO - 11/08/25 16:06:44 - 0:10:09 - Epoch 174: val_AUC=0.9580390074157098, val_AP=0.9563788238673905
INFO - 11/08/25 16:06:45 - 0:10:09 - Epoch 175: train_loss=0.7008548974990845, train_AUC=0.9975557601273553, train_AP=0.9966922190967649, time=0.21822857856750488
INFO - 11/08/25 16:06:45 - 0:10:09 - Epoch 175: val_AUC=0.9580697568715869, val_AP=0.9564447964972552
INFO - 11/08/25 16:06:45 - 0:10:09 - Epoch 176: train_loss=0.7014695405960083, train_AUC=0.9972494909646468, train_AP=0.9961115370774293, time=0.21650218963623047
INFO - 11/08/25 16:06:45 - 0:10:09 - Epoch 176: val_AUC=0.9577541167615895, val_AP=0.9562152974019053
INFO - 11/08/25 16:06:45 - 0:10:09 - Epoch 177: train_loss=0.7006763815879822, train_AUC=0.9973230477799654, train_AP=0.9961403653883425, time=0.2170555591583252
INFO - 11/08/25 16:06:45 - 0:10:10 - Epoch 177: val_AUC=0.9580086652373939, val_AP=0.9564277316881268
INFO - 11/08/25 16:06:45 - 0:10:10 - Epoch 178: train_loss=0.7003157138824463, train_AUC=0.997262268522294, train_AP=0.9959738208588357, time=0.21828985214233398
INFO - 11/08/25 16:06:46 - 0:10:10 - Epoch 178: val_AUC=0.9576915996559319, val_AP=0.9562446621326649
INFO - 11/08/25 16:06:46 - 0:10:10 - Epoch 179: train_loss=0.6985756754875183, train_AUC=0.9973882293509512, train_AP=0.9963318658559972, time=0.23192811012268066
INFO - 11/08/25 16:06:46 - 0:10:10 - Epoch 179: val_AUC=0.9576488355119968, val_AP=0.9562419568222829
INFO - 11/08/25 16:06:46 - 0:10:10 - Epoch 180: train_loss=0.6989650726318359, train_AUC=0.9972901484309854, train_AP=0.9960930918359593, time=0.21719908714294434
INFO - 11/08/25 16:06:46 - 0:10:10 - Epoch 180: val_AUC=0.9577848662174666, val_AP=0.9563550293959024
INFO - 11/08/25 16:06:46 - 0:10:11 - Epoch 181: train_loss=0.6980719566345215, train_AUC=0.9972213292628165, train_AP=0.9959673924140027, time=0.2156991958618164
INFO - 11/08/25 16:06:46 - 0:10:11 - Epoch 181: val_AUC=0.9574319602106114, val_AP=0.9561165853564698
INFO - 11/08/25 16:06:47 - 0:10:11 - Epoch 182: train_loss=0.6977320313453674, train_AUC=0.9973747138475211, train_AP=0.9964810565926252, time=0.22128820419311523
INFO - 11/08/25 16:06:47 - 0:10:11 - Epoch 182: val_AUC=0.9575832638246295, val_AP=0.9562195174408121
INFO - 11/08/25 16:06:47 - 0:10:11 - Epoch 183: train_loss=0.6958189010620117, train_AUC=0.9975861958998173, train_AP=0.9966541096403654, time=0.23849129676818848
INFO - 11/08/25 16:06:47 - 0:10:11 - Epoch 183: val_AUC=0.9574193346062114, val_AP=0.9561232269084174
INFO - 11/08/25 16:06:47 - 0:10:11 - Epoch 184: train_loss=0.6953244209289551, train_AUC=0.9976118778220244, train_AP=0.9967921714144383, time=0.22334861755371094
INFO - 11/08/25 16:06:47 - 0:10:11 - Epoch 184: val_AUC=0.9572000156394582, val_AP=0.9559931768560432
INFO - 11/08/25 16:06:47 - 0:10:12 - Epoch 185: train_loss=0.6945363879203796, train_AUC=0.9975763539221959, train_AP=0.9967040317122462, time=0.23173809051513672
INFO - 11/08/25 16:06:47 - 0:10:12 - Epoch 185: val_AUC=0.9574069126405922, val_AP=0.9561510312416927
INFO - 11/08/25 16:06:48 - 0:10:12 - Epoch 186: train_loss=0.6952836513519287, train_AUC=0.9974236470499904, train_AP=0.9962729260838802, time=0.2267317771911621
INFO - 11/08/25 16:06:48 - 0:10:12 - Epoch 186: val_AUC=0.9570811924109528, val_AP=0.9559280599765138
INFO - 11/08/25 16:06:48 - 0:10:12 - Epoch 187: train_loss=0.6925920844078064, train_AUC=0.9975331002604434, train_AP=0.9966382371121743, time=0.23610305786132812
INFO - 11/08/25 16:06:48 - 0:10:12 - Epoch 187: val_AUC=0.9570908652530334, val_AP=0.955947423135294
INFO - 11/08/25 16:06:48 - 0:10:13 - Epoch 188: train_loss=0.6917265057563782, train_AUC=0.9976983286107809, train_AP=0.9968526722184712, time=0.22336244583129883
INFO - 11/08/25 16:06:48 - 0:10:13 - Epoch 188: val_AUC=0.9570905597948622, val_AP=0.9559488371688898
INFO - 11/08/25 16:06:48 - 0:10:13 - Epoch 189: train_loss=0.6921300888061523, train_AUC=0.9975242695679494, train_AP=0.9964268902039961, time=0.22260379791259766
INFO - 11/08/25 16:06:49 - 0:10:13 - Epoch 189: val_AUC=0.9568817282253124, val_AP=0.9557817168781044
INFO - 11/08/25 16:06:49 - 0:10:13 - Epoch 190: train_loss=0.690226137638092, train_AUC=0.9977680706514801, train_AP=0.9969267616217545, time=0.22215628623962402
INFO - 11/08/25 16:06:49 - 0:10:13 - Epoch 190: val_AUC=0.956965423764157, val_AP=0.9558727104000916
INFO - 11/08/25 16:06:49 - 0:10:13 - Epoch 191: train_loss=0.6903145909309387, train_AUC=0.9975927720710784, train_AP=0.9967021455178184, time=0.2527012825012207
INFO - 11/08/25 16:06:49 - 0:10:13 - Epoch 191: val_AUC=0.9568446659672354, val_AP=0.9558108053909062
INFO - 11/08/25 16:06:49 - 0:10:14 - Epoch 192: train_loss=0.6893244385719299, train_AUC=0.9977728135822512, train_AP=0.996805301094262, time=0.22446250915527344
INFO - 11/08/25 16:06:49 - 0:10:14 - Epoch 192: val_AUC=0.9567118934822557, val_AP=0.955735326571503
INFO - 11/08/25 16:06:50 - 0:10:14 - Epoch 193: train_loss=0.6882600784301758, train_AUC=0.9975899932384863, train_AP=0.9966982110969946, time=0.22047090530395508
INFO - 11/08/25 16:06:50 - 0:10:14 - Epoch 193: val_AUC=0.9567118934822557, val_AP=0.9557226134823467
INFO - 11/08/25 16:06:50 - 0:10:14 - Epoch 194: train_loss=0.6876004934310913, train_AUC=0.9976637101475321, train_AP=0.9965368728535065, time=0.22720575332641602
INFO - 11/08/25 16:06:50 - 0:10:14 - Epoch 194: val_AUC=0.9565787137197149, val_AP=0.9556237509173869
INFO - 11/08/25 16:06:50 - 0:10:15 - Epoch 195: train_loss=0.6867641806602478, train_AUC=0.9978931779991675, train_AP=0.9971806030305572, time=0.28479814529418945
INFO - 11/08/25 16:06:50 - 0:10:15 - Epoch 195: val_AUC=0.9565035710096574, val_AP=0.9555688171624377
INFO - 11/08/25 16:06:51 - 0:10:15 - Epoch 196: train_loss=0.6861279010772705, train_AUC=0.9975795491041508, train_AP=0.996565179020254, time=0.2586071491241455
INFO - 11/08/25 16:06:51 - 0:10:15 - Epoch 196: val_AUC=0.9563286452970845, val_AP=0.9554570245929588
INFO - 11/08/25 16:06:51 - 0:10:15 - Epoch 197: train_loss=0.6860027313232422, train_AUC=0.9978119951570242, train_AP=0.9970041291962277, time=0.25823402404785156
INFO - 11/08/25 16:06:51 - 0:10:15 - Epoch 197: val_AUC=0.9563178524417104, val_AP=0.9554931571518438
INFO - 11/08/25 16:06:51 - 0:10:15 - Epoch 198: train_loss=0.6847093105316162, train_AUC=0.9977472119710888, train_AP=0.9969024077956089, time=0.2844362258911133
INFO - 11/08/25 16:06:51 - 0:10:16 - Epoch 198: val_AUC=0.9562697936894786, val_AP=0.9554406672305488
INFO - 11/08/25 16:06:51 - 0:10:16 - Epoch 199: train_loss=0.6854342222213745, train_AUC=0.9976584596368694, train_AP=0.9968003718921823, time=0.26358675956726074
INFO - 11/08/25 16:06:52 - 0:10:16 - Epoch 199: val_AUC=0.9561028098893509, val_AP=0.95529360525832
INFO - 11/08/25 16:06:52 - 0:10:16 - Epoch 200: train_loss=0.6829767227172852, train_AUC=0.9980138939530246, train_AP=0.9970587848643915, time=0.2627866268157959
INFO - 11/08/25 16:06:52 - 0:10:16 - Epoch 200: val_AUC=0.9560119869931837, val_AP=0.9552585342558201
INFO - 11/08/25 16:06:52 - 0:10:16 - Epoch 201: train_loss=0.6827179789543152, train_AUC=0.9978012975849844, train_AP=0.9966461191793116, time=0.26259899139404297
INFO - 11/08/25 16:06:52 - 0:10:16 - Epoch 201: val_AUC=0.9560174852402613, val_AP=0.9552866950955563
INFO - 11/08/25 16:06:52 - 0:10:17 - Epoch 202: train_loss=0.6819032430648804, train_AUC=0.9978876532685564, train_AP=0.9970682491638081, time=0.26163554191589355
INFO - 11/08/25 16:06:53 - 0:10:17 - Epoch 202: val_AUC=0.9557759696464179, val_AP=0.9550685487649859
INFO - 11/08/25 16:06:53 - 0:10:17 - Epoch 203: train_loss=0.6809158325195312, train_AUC=0.998046872027963, train_AP=0.9971946621581084, time=0.26273465156555176
INFO - 11/08/25 16:06:53 - 0:10:17 - Epoch 203: val_AUC=0.9559124076294492, val_AP=0.9551407149401158
INFO - 11/08/25 16:06:53 - 0:10:17 - Epoch 204: train_loss=0.6808280944824219, train_AUC=0.9979272001176859, train_AP=0.9970921987514396, time=0.26172685623168945
INFO - 11/08/25 16:06:53 - 0:10:17 - Epoch 204: val_AUC=0.9553935360163694, val_AP=0.954782619889597
INFO - 11/08/25 16:06:53 - 0:10:18 - Epoch 205: train_loss=0.6810750961303711, train_AUC=0.9979789537172353, train_AP=0.997247140182013, time=0.2713131904602051
INFO - 11/08/25 16:06:53 - 0:10:18 - Epoch 205: val_AUC=0.9559244223175071, val_AP=0.9551677317230295
INFO - 11/08/25 16:06:54 - 0:10:18 - Epoch 206: train_loss=0.6792916655540466, train_AUC=0.9980377378794825, train_AP=0.9972623595283222, time=0.22156000137329102
INFO - 11/08/25 16:06:54 - 0:10:18 - Epoch 206: val_AUC=0.9552544507291899, val_AP=0.9546892009239052
INFO - 11/08/25 16:06:54 - 0:10:18 - Epoch 207: train_loss=0.6786658763885498, train_AUC=0.9980832701910054, train_AP=0.997448817735162, time=0.22265887260437012
INFO - 11/08/25 16:06:54 - 0:10:18 - Epoch 207: val_AUC=0.9555748763505324, val_AP=0.9549305585038742
INFO - 11/08/25 16:06:54 - 0:10:19 - Epoch 208: train_loss=0.6776314973831177, train_AUC=0.9979706732258453, train_AP=0.9971788232702005, time=0.2227766513824463
INFO - 11/08/25 16:06:54 - 0:10:19 - Epoch 208: val_AUC=0.9553758194424534, val_AP=0.9548036223944516
INFO - 11/08/25 16:06:55 - 0:10:19 - Epoch 209: train_loss=0.6767181158065796, train_AUC=0.9980846152248821, train_AP=0.9973182452420728, time=0.22328400611877441
INFO - 11/08/25 16:06:55 - 0:10:19 - Epoch 209: val_AUC=0.9550587538609915, val_AP=0.9545327920583602
INFO - 11/08/25 16:06:55 - 0:10:19 - Epoch 210: train_loss=0.6780643463134766, train_AUC=0.9980160801394213, train_AP=0.9972878502690025, time=0.2757871150970459
INFO - 11/08/25 16:06:55 - 0:10:19 - Epoch 210: val_AUC=0.9554568676771497, val_AP=0.9547947084333063
INFO - 11/08/25 16:06:55 - 0:10:19 - Epoch 211: train_loss=0.6781271696090698, train_AUC=0.9978837292990955, train_AP=0.9969297815369044, time=0.26092028617858887
INFO - 11/08/25 16:06:55 - 0:10:19 - Epoch 211: val_AUC=0.9547404664468455, val_AP=0.954281159613936
INFO - 11/08/25 16:06:55 - 0:10:20 - Epoch 212: train_loss=0.676969051361084, train_AUC=0.9978364428252824, train_AP=0.9968559043997184, time=0.268115758895874
INFO - 11/08/25 16:06:56 - 0:10:20 - Epoch 212: val_AUC=0.9550878742066233, val_AP=0.9545669453016477
INFO - 11/08/25 16:06:56 - 0:10:20 - Epoch 213: train_loss=0.6754876375198364, train_AUC=0.9981033062115515, train_AP=0.9973032103362671, time=0.2841053009033203
INFO - 11/08/25 16:06:56 - 0:10:20 - Epoch 213: val_AUC=0.954944716143831, val_AP=0.9544346689908365
INFO - 11/08/25 16:06:56 - 0:10:20 - Epoch 214: train_loss=0.6755459308624268, train_AUC=0.9978405575334741, train_AP=0.9969001981757548, time=0.26080870628356934
INFO - 11/08/25 16:06:56 - 0:10:20 - Epoch 214: val_AUC=0.9544779760585959, val_AP=0.9540414068323958
INFO - 11/08/25 16:06:56 - 0:10:21 - Epoch 215: train_loss=0.6743496656417847, train_AUC=0.9980928858535122, train_AP=0.9972956380489895, time=0.2679407596588135
INFO - 11/08/25 16:06:57 - 0:10:21 - Epoch 215: val_AUC=0.9548866790913474, val_AP=0.954331141083653
INFO - 11/08/25 16:06:57 - 0:10:21 - Epoch 216: train_loss=0.6748262643814087, train_AUC=0.997899693408783, train_AP=0.9969405785131338, time=0.26099610328674316
INFO - 11/08/25 16:06:57 - 0:10:21 - Epoch 216: val_AUC=0.9544451902149123, val_AP=0.9540340342912825
INFO - 11/08/25 16:06:57 - 0:10:21 - Epoch 217: train_loss=0.6724017858505249, train_AUC=0.9981581040576059, train_AP=0.9975443355444605, time=0.2673633098602295
INFO - 11/08/25 16:06:57 - 0:10:21 - Epoch 217: val_AUC=0.9545211474800923, val_AP=0.95411010930846
INFO - 11/08/25 16:06:57 - 0:10:22 - Epoch 218: train_loss=0.6734909415245056, train_AUC=0.9980461277418345, train_AP=0.996953837465055, time=0.26975440979003906
INFO - 11/08/25 16:06:57 - 0:10:22 - Epoch 218: val_AUC=0.9546300942277367, val_AP=0.9541775091325334
INFO - 11/08/25 16:06:58 - 0:10:22 - Epoch 219: train_loss=0.6712994575500488, train_AUC=0.9981774611328077, train_AP=0.9972106372478906, time=0.26171064376831055
INFO - 11/08/25 16:06:58 - 0:10:22 - Epoch 219: val_AUC=0.9541062334645309, val_AP=0.9537833112353048
INFO - 11/08/25 16:06:58 - 0:10:22 - Epoch 220: train_loss=0.6733064651489258, train_AUC=0.9979792312834772, train_AP=0.9970944877534196, time=0.2659423351287842
INFO - 11/08/25 16:06:58 - 0:10:22 - Epoch 220: val_AUC=0.9545077073205699, val_AP=0.9540453485848192
INFO - 11/08/25 16:06:58 - 0:10:23 - Epoch 221: train_loss=0.6713193655014038, train_AUC=0.9982390410352354, train_AP=0.9975137022635066, time=0.2819948196411133
INFO - 11/08/25 16:06:58 - 0:10:23 - Epoch 221: val_AUC=0.9539996285628639, val_AP=0.953707975607968
INFO - 11/08/25 16:06:59 - 0:10:23 - Epoch 222: train_loss=0.6700342893600464, train_AUC=0.9981357974888422, train_AP=0.9971470378176606, time=0.2611696720123291
INFO - 11/08/25 16:06:59 - 0:10:23 - Epoch 222: val_AUC=0.9540153087489738, val_AP=0.9537378781831101
INFO - 11/08/25 16:06:59 - 0:10:23 - Epoch 223: train_loss=0.6691356301307678, train_AUC=0.9981241053631423, train_AP=0.9971129674293454, time=0.2642641067504883
INFO - 11/08/25 16:06:59 - 0:10:23 - Epoch 223: val_AUC=0.9540739567177988, val_AP=0.9537159999274588
INFO - 11/08/25 16:06:59 - 0:10:24 - Epoch 224: train_loss=0.668739378452301, train_AUC=0.9982881441941918, train_AP=0.9976585170588796, time=0.2774538993835449
INFO - 11/08/25 16:06:59 - 0:10:24 - Epoch 224: val_AUC=0.953607216632564, val_AP=0.9533505888162567
INFO - 11/08/25 16:07:00 - 0:10:24 - Epoch 225: train_loss=0.6684353947639465, train_AUC=0.9983071456816762, train_AP=0.9977154493561011, time=0.25661683082580566
INFO - 11/08/25 16:07:00 - 0:10:24 - Epoch 225: val_AUC=0.9539856793063899, val_AP=0.9536580153560118
INFO - 11/08/25 16:07:00 - 0:10:24 - Epoch 226: train_loss=0.6685668230056763, train_AUC=0.9981691691935715, train_AP=0.9972924677808399, time=0.25825071334838867
INFO - 11/08/25 16:07:00 - 0:10:24 - Epoch 226: val_AUC=0.9536990577226342, val_AP=0.9534923785511531
INFO - 11/08/25 16:07:00 - 0:10:25 - Epoch 227: train_loss=0.6675659418106079, train_AUC=0.9981424606637348, train_AP=0.9972522996272092, time=0.26082444190979004
INFO - 11/08/25 16:07:00 - 0:10:25 - Epoch 227: val_AUC=0.9536178058491575, val_AP=0.9534082235466641
INFO - 11/08/25 16:07:01 - 0:10:25 - Epoch 228: train_loss=0.6666580438613892, train_AUC=0.9983213804620936, train_AP=0.9976300355031312, time=0.22147440910339355
INFO - 11/08/25 16:07:01 - 0:10:25 - Epoch 228: val_AUC=0.953764425771221, val_AP=0.9535000549412191
INFO - 11/08/25 16:07:01 - 0:10:25 - Epoch 229: train_loss=0.6665374040603638, train_AUC=0.9982118217553343, train_AP=0.9973518137030335, time=0.261904239654541
INFO - 11/08/25 16:07:01 - 0:10:25 - Epoch 229: val_AUC=0.9533147913435599, val_AP=0.9532138209344305
INFO - 11/08/25 16:07:01 - 0:10:26 - Epoch 230: train_loss=0.6662521958351135, train_AUC=0.9982734317744038, train_AP=0.997607931184311, time=0.26357245445251465
INFO - 11/08/25 16:07:01 - 0:10:26 - Epoch 230: val_AUC=0.95367238104237, val_AP=0.9534818832849284
INFO - 11/08/25 16:07:02 - 0:10:26 - Epoch 231: train_loss=0.6658496856689453, train_AUC=0.998278105489735, train_AP=0.9974718309780369, time=0.27341675758361816
INFO - 11/08/25 16:07:02 - 0:10:26 - Epoch 231: val_AUC=0.9532524778766829, val_AP=0.9531944813336213
INFO - 11/08/25 16:07:02 - 0:10:26 - Epoch 232: train_loss=0.6645429134368896, train_AUC=0.9981824818059415, train_AP=0.9973225712179581, time=0.2870454788208008
INFO - 11/08/25 16:07:02 - 0:10:26 - Epoch 232: val_AUC=0.9531710223644254, val_AP=0.9531165617682735
INFO - 11/08/25 16:07:02 - 0:10:27 - Epoch 233: train_loss=0.6638867855072021, train_AUC=0.9982390686861872, train_AP=0.9974405056899427, time=0.2576477527618408
INFO - 11/08/25 16:07:02 - 0:10:27 - Epoch 233: val_AUC=0.9533097003740438, val_AP=0.9532042666938363
INFO - 11/08/25 16:07:03 - 0:10:27 - Epoch 234: train_loss=0.663744330406189, train_AUC=0.9982764360415071, train_AP=0.997443055344311, time=0.2597358226776123
INFO - 11/08/25 16:07:03 - 0:10:27 - Epoch 234: val_AUC=0.9528187272739119, val_AP=0.9528928356258963
INFO - 11/08/25 16:07:03 - 0:10:27 - Epoch 235: train_loss=0.6625392436981201, train_AUC=0.9985227570601833, train_AP=0.9979241905907997, time=0.2999277114868164
INFO - 11/08/25 16:07:03 - 0:10:27 - Epoch 235: val_AUC=0.9531954590181028, val_AP=0.9531312445102843
INFO - 11/08/25 16:07:03 - 0:10:28 - Epoch 236: train_loss=0.6630623936653137, train_AUC=0.9983106464330663, train_AP=0.9973551330305646, time=0.25997400283813477
INFO - 11/08/25 16:07:03 - 0:10:28 - Epoch 236: val_AUC=0.9526808638194164, val_AP=0.9528094869497696
INFO - 11/08/25 16:07:04 - 0:10:28 - Epoch 237: train_loss=0.6619529128074646, train_AUC=0.9983922234333629, train_AP=0.9977284873467887, time=0.25873374938964844
INFO - 11/08/25 16:07:04 - 0:10:28 - Epoch 237: val_AUC=0.9528334910855086, val_AP=0.9528811039821474
INFO - 11/08/25 16:07:04 - 0:10:28 - Epoch 238: train_loss=0.6617306470870972, train_AUC=0.9983735440706604, train_AP=0.997684033134098, time=0.28880739212036133
INFO - 11/08/25 16:07:04 - 0:10:28 - Epoch 238: val_AUC=0.9526415615347521, val_AP=0.9527539499426375
INFO - 11/08/25 16:07:04 - 0:10:28 - Epoch 239: train_loss=0.6600988507270813, train_AUC=0.9984852049542366, train_AP=0.9978389521205583, time=0.25811338424682617
INFO - 11/08/25 16:07:04 - 0:10:29 - Epoch 239: val_AUC=0.9524812978143857, val_AP=0.9526672514639883
INFO - 11/08/25 16:07:05 - 0:10:29 - Epoch 240: train_loss=0.6609995365142822, train_AUC=0.9982663170260057, train_AP=0.997537602131199, time=0.2644846439361572
INFO - 11/08/25 16:07:05 - 0:10:29 - Epoch 240: val_AUC=0.9525892263681268, val_AP=0.9526989991010152
INFO - 11/08/25 16:07:05 - 0:10:29 - Epoch 241: train_loss=0.6607402563095093, train_AUC=0.9983292534101563, train_AP=0.9975578647636844, time=0.28492140769958496
INFO - 11/08/25 16:07:05 - 0:10:29 - Epoch 241: val_AUC=0.9520170013945185, val_AP=0.9522808134465507
INFO - 11/08/25 16:07:05 - 0:10:29 - Epoch 242: train_loss=0.6592059135437012, train_AUC=0.998419128513914, train_AP=0.9976232032333558, time=0.2672889232635498
INFO - 11/08/25 16:07:05 - 0:10:30 - Epoch 242: val_AUC=0.9524584902709536, val_AP=0.9525785475643058
INFO - 11/08/25 16:07:05 - 0:10:30 - Epoch 243: train_loss=0.6596204042434692, train_AUC=0.99843204679201, train_AP=0.9976935296682208, time=0.2652871608734131
INFO - 11/08/25 16:07:06 - 0:10:30 - Epoch 243: val_AUC=0.9517971733308137, val_AP=0.952150197872563
INFO - 11/08/25 16:07:06 - 0:10:30 - Epoch 244: train_loss=0.659113347530365, train_AUC=0.9984479091039259, train_AP=0.9978011530844403, time=0.2663090229034424
INFO - 11/08/25 16:07:06 - 0:10:30 - Epoch 244: val_AUC=0.9522943574137548, val_AP=0.9525476280568919
INFO - 11/08/25 16:07:06 - 0:10:30 - Epoch 245: train_loss=0.6585034132003784, train_AUC=0.9984376421470266, train_AP=0.9976647284725415, time=0.26394104957580566
INFO - 11/08/25 16:07:06 - 0:10:30 - Epoch 245: val_AUC=0.9524405700582571, val_AP=0.952624880329694
INFO - 11/08/25 16:07:06 - 0:10:31 - Epoch 246: train_loss=0.6592193245887756, train_AUC=0.9985256658698609, train_AP=0.9978506286154233, time=0.27199411392211914
INFO - 11/08/25 16:07:07 - 0:10:31 - Epoch 246: val_AUC=0.9519752554444865, val_AP=0.9523057606337778
INFO - 11/08/25 16:07:07 - 0:10:31 - Epoch 247: train_loss=0.6590622663497925, train_AUC=0.9983748265816843, train_AP=0.9976680345924294, time=0.2622652053833008
INFO - 11/08/25 16:07:07 - 0:10:31 - Epoch 247: val_AUC=0.9525004398597663, val_AP=0.9527054419866958
INFO - 11/08/25 16:07:07 - 0:10:31 - Epoch 248: train_loss=0.6584750413894653, train_AUC=0.9984418938771321, train_AP=0.9976976244558997, time=0.2643413543701172
INFO - 11/08/25 16:07:07 - 0:10:31 - Epoch 248: val_AUC=0.9520188341435442, val_AP=0.9523821961387482
INFO - 11/08/25 16:07:07 - 0:10:32 - Epoch 249: train_loss=0.6581283211708069, train_AUC=0.9983567509607821, train_AP=0.9976561073832229, time=0.2631843090057373
INFO - 11/08/25 16:07:07 - 0:10:32 - Epoch 249: val_AUC=0.9520913295494532, val_AP=0.9524081774509889
INFO - 11/08/25 16:07:08 - 0:10:32 - Epoch 250: train_loss=0.6582100987434387, train_AUC=0.9984356674816048, train_AP=0.9977972856232513, time=0.25905680656433105
INFO - 11/08/25 16:07:08 - 0:10:32 - Epoch 250: val_AUC=0.9520815548879825, val_AP=0.9523764798814823
INFO - 11/08/25 16:07:08 - 0:10:32 - Epoch 251: train_loss=0.6579198837280273, train_AUC=0.9984688259041521, train_AP=0.9978144088226455, time=0.273648738861084
INFO - 11/08/25 16:07:08 - 0:10:32 - Epoch 251: val_AUC=0.951711543223553, val_AP=0.952132784670337
INFO - 11/08/25 16:07:08 - 0:10:33 - Epoch 252: train_loss=0.6561856269836426, train_AUC=0.998568008987533, train_AP=0.9979042219451453, time=0.2621419429779053
INFO - 11/08/25 16:07:08 - 0:10:33 - Epoch 252: val_AUC=0.951945015085561, val_AP=0.9523436971563602
INFO - 11/08/25 16:07:09 - 0:10:33 - Epoch 253: train_loss=0.6555540561676025, train_AUC=0.9985445592192284, train_AP=0.9979946244415607, time=0.22158122062683105
INFO - 11/08/25 16:07:09 - 0:10:33 - Epoch 253: val_AUC=0.9514635111887293, val_AP=0.9519634085405317
INFO - 11/08/25 16:07:09 - 0:10:33 - Epoch 254: train_loss=0.6549057960510254, train_AUC=0.9985437025680857, train_AP=0.997880350031191, time=0.21808099746704102
INFO - 11/08/25 16:07:09 - 0:10:33 - Epoch 254: val_AUC=0.9516052437800571, val_AP=0.9520483549585252
INFO - 11/08/25 16:07:09 - 0:10:34 - Epoch 255: train_loss=0.6546803712844849, train_AUC=0.9984247353167768, train_AP=0.997667041605145, time=0.23142027854919434
INFO - 11/08/25 16:07:09 - 0:10:34 - Epoch 255: val_AUC=0.9515119772185223, val_AP=0.9519719961654294
INFO - 11/08/25 16:07:09 - 0:10:34 - Epoch 256: train_loss=0.6538190245628357, train_AUC=0.9984312908819145, train_AP=0.9975650638835108, time=0.221221923828125
INFO - 11/08/25 16:07:10 - 0:10:34 - Epoch 256: val_AUC=0.951164162181183, val_AP=0.9517307955205797
INFO - 11/08/25 16:07:10 - 0:10:34 - Epoch 257: train_loss=0.6553986072540283, train_AUC=0.9984340198723453, train_AP=0.9976001044611078, time=0.21976041793823242
INFO - 11/08/25 16:07:10 - 0:10:34 - Epoch 257: val_AUC=0.951380222927446, val_AP=0.9518682043879694
INFO - 11/08/25 16:07:10 - 0:10:34 - Epoch 258: train_loss=0.6534806489944458, train_AUC=0.9985308163439592, train_AP=0.9978361109769733, time=0.22110366821289062
INFO - 11/08/25 16:07:10 - 0:10:34 - Epoch 258: val_AUC=0.9508122743682311, val_AP=0.9514199632878315
INFO - 11/08/25 16:07:10 - 0:10:35 - Epoch 259: train_loss=0.6531839370727539, train_AUC=0.9984839664733908, train_AP=0.9976532300058801, time=0.24778318405151367
INFO - 11/08/25 16:07:10 - 0:10:35 - Epoch 259: val_AUC=0.9510605100418356, val_AP=0.9515543013555954
INFO - 11/08/25 16:07:11 - 0:10:35 - Epoch 260: train_loss=0.6534984111785889, train_AUC=0.9983019420191229, train_AP=0.9972961075564026, time=0.22844958305358887
INFO - 11/08/25 16:07:11 - 0:10:35 - Epoch 260: val_AUC=0.9505723878846328, val_AP=0.9512255729482735
INFO - 11/08/25 16:07:11 - 0:10:35 - Epoch 261: train_loss=0.6515985727310181, train_AUC=0.9985136510910169, train_AP=0.9978000762908728, time=0.2207486629486084
INFO - 11/08/25 16:07:11 - 0:10:35 - Epoch 261: val_AUC=0.9506685053890968, val_AP=0.9512947640043753
INFO - 11/08/25 16:07:11 - 0:10:35 - Epoch 262: train_loss=0.6514949798583984, train_AUC=0.9985802617054588, train_AP=0.9978404544376206, time=0.22151994705200195
INFO - 11/08/25 16:07:11 - 0:10:35 - Epoch 262: val_AUC=0.9504706703137014, val_AP=0.9511513458824599
INFO - 11/08/25 16:07:11 - 0:10:36 - Epoch 263: train_loss=0.6508510112762451, train_AUC=0.9986179369197831, train_AP=0.9979583272485623, time=0.22859907150268555
INFO - 11/08/25 16:07:11 - 0:10:36 - Epoch 263: val_AUC=0.9502797589568481, val_AP=0.9510160856940985
INFO - 11/08/25 16:07:12 - 0:10:36 - Epoch 264: train_loss=0.6505293250083923, train_AUC=0.9985785489315356, train_AP=0.997740596065743, time=0.22429490089416504
INFO - 11/08/25 16:07:12 - 0:10:36 - Epoch 264: val_AUC=0.9503682400070379, val_AP=0.9510458423037514
INFO - 11/08/25 16:07:12 - 0:10:36 - Epoch 265: train_loss=0.6497633457183838, train_AUC=0.9986463240561246, train_AP=0.998009951546045, time=0.22251152992248535
INFO - 11/08/25 16:07:12 - 0:10:36 - Epoch 265: val_AUC=0.950003828409076, val_AP=0.9508214667803021
INFO - 11/08/25 16:07:12 - 0:10:37 - Epoch 266: train_loss=0.6488863229751587, train_AUC=0.9986363399490885, train_AP=0.9978524315537558, time=0.2220916748046875
INFO - 11/08/25 16:07:12 - 0:10:37 - Epoch 266: val_AUC=0.9503302613744478, val_AP=0.9510320058988369
INFO - 11/08/25 16:07:12 - 0:10:37 - Epoch 267: train_loss=0.6503933668136597, train_AUC=0.9984289343867895, train_AP=0.9975617193477639, time=0.2216188907623291
INFO - 11/08/25 16:07:13 - 0:10:37 - Epoch 267: val_AUC=0.9497191413937363, val_AP=0.9506382851499798
INFO - 11/08/25 16:07:13 - 0:10:37 - Epoch 268: train_loss=0.64920973777771, train_AUC=0.9985115540217004, train_AP=0.9976180838779425, time=0.28556084632873535
INFO - 11/08/25 16:07:13 - 0:10:37 - Epoch 268: val_AUC=0.9502549150256095, val_AP=0.950958187786976
INFO - 11/08/25 16:07:13 - 0:10:37 - Epoch 269: train_loss=0.6487793922424316, train_AUC=0.9987133915276931, train_AP=0.9980773926161562, time=0.2600107192993164
INFO - 11/08/25 16:07:13 - 0:10:37 - Epoch 269: val_AUC=0.9494238651618033, val_AP=0.9503989871359044
INFO - 11/08/25 16:07:13 - 0:10:38 - Epoch 270: train_loss=0.6491414308547974, train_AUC=0.9983768713431493, train_AP=0.9975112194991492, time=0.25705742835998535
INFO - 11/08/25 16:07:14 - 0:10:38 - Epoch 270: val_AUC=0.9500663455147336, val_AP=0.9508252804486136
INFO - 11/08/25 16:07:14 - 0:10:38 - Epoch 271: train_loss=0.6478845477104187, train_AUC=0.9987110302773089, train_AP=0.9982418097400538, time=0.2619154453277588
INFO - 11/08/25 16:07:14 - 0:10:38 - Epoch 271: val_AUC=0.9493825264893326, val_AP=0.9503748787720354
INFO - 11/08/25 16:07:14 - 0:10:38 - Epoch 272: train_loss=0.6481198072433472, train_AUC=0.998541308559249, train_AP=0.9979014296018963, time=0.28033447265625
INFO - 11/08/25 16:07:14 - 0:10:38 - Epoch 272: val_AUC=0.9496792281927303, val_AP=0.9505213191643952
INFO - 11/08/25 16:07:14 - 0:10:39 - Epoch 273: train_loss=0.6472423076629639, train_AUC=0.9984973171278344, train_AP=0.9976949670316847, time=0.2608785629272461
INFO - 11/08/25 16:07:15 - 0:10:39 - Epoch 273: val_AUC=0.9494362871274223, val_AP=0.9503856150656013
INFO - 11/08/25 16:07:15 - 0:10:39 - Epoch 274: train_loss=0.646416962146759, train_AUC=0.9986083497888315, train_AP=0.9978224501644829, time=0.2584078311920166
INFO - 11/08/25 16:07:15 - 0:10:39 - Epoch 274: val_AUC=0.9491705385186827, val_AP=0.9501423678627555
INFO - 11/08/25 16:07:15 - 0:10:39 - Epoch 275: train_loss=0.6457016468048096, train_AUC=0.9987432018955075, train_AP=0.9982157740190293, time=0.24323320388793945
INFO - 11/08/25 16:07:15 - 0:10:39 - Epoch 275: val_AUC=0.9494643892791513, val_AP=0.950322565822491
INFO - 11/08/25 16:07:15 - 0:10:40 - Epoch 276: train_loss=0.6465948820114136, train_AUC=0.9985771913930884, train_AP=0.9978091023094174, time=0.28592753410339355
INFO - 11/08/25 16:07:15 - 0:10:40 - Epoch 276: val_AUC=0.9487567445164149, val_AP=0.9498604666142016
INFO - 11/08/25 16:07:16 - 0:10:40 - Epoch 277: train_loss=0.6452550888061523, train_AUC=0.9986554368939989, train_AP=0.9980222649066609, time=0.26113438606262207
INFO - 11/08/25 16:07:16 - 0:10:40 - Epoch 277: val_AUC=0.9492595286658239, val_AP=0.9502462663415847
INFO - 11/08/25 16:07:16 - 0:10:40 - Epoch 278: train_loss=0.6457619071006775, train_AUC=0.9986056246730566, train_AP=0.9978439024932092, time=0.2591094970703125
INFO - 11/08/25 16:07:16 - 0:10:40 - Epoch 278: val_AUC=0.9489925582244001, val_AP=0.9500114973900081
INFO - 11/08/25 16:07:16 - 0:10:41 - Epoch 279: train_loss=0.6450070142745972, train_AUC=0.9987118379668937, train_AP=0.9980905472975735, time=0.2575864791870117
INFO - 11/08/25 16:07:16 - 0:10:41 - Epoch 279: val_AUC=0.9488740404540656, val_AP=0.9499285631753243
INFO - 11/08/25 16:07:17 - 0:10:41 - Epoch 280: train_loss=0.6439517736434937, train_AUC=0.998708838807291, train_AP=0.9980676736566266, time=0.2761077880859375
INFO - 11/08/25 16:07:17 - 0:10:41 - Epoch 280: val_AUC=0.949237739316295, val_AP=0.9502140284725227
INFO - 11/08/25 16:07:17 - 0:10:41 - Epoch 281: train_loss=0.6451889276504517, train_AUC=0.9987481584607021, train_AP=0.9982363855133328, time=0.2636425495147705
INFO - 11/08/25 16:07:17 - 0:10:41 - Epoch 281: val_AUC=0.9486058481799581, val_AP=0.9497939491409966
INFO - 11/08/25 16:07:17 - 0:10:42 - Epoch 282: train_loss=0.6445851922035217, train_AUC=0.998516739191579, train_AP=0.997717124812298, time=0.26433801651000977
INFO - 11/08/25 16:07:17 - 0:10:42 - Epoch 282: val_AUC=0.9492310192365339, val_AP=0.9501978847210293
INFO - 11/08/25 16:07:18 - 0:10:42 - Epoch 283: train_loss=0.6437820196151733, train_AUC=0.9986121418438791, train_AP=0.9980163835011697, time=0.2636737823486328
INFO - 11/08/25 16:07:18 - 0:10:42 - Epoch 283: val_AUC=0.9482926517353284, val_AP=0.9495727908424934
INFO - 11/08/25 16:07:18 - 0:10:42 - Epoch 284: train_loss=0.6440633535385132, train_AUC=0.998644635410739, train_AP=0.9978826909350546, time=0.26763010025024414
INFO - 11/08/25 16:07:18 - 0:10:42 - Epoch 284: val_AUC=0.9487227368400474, val_AP=0.9498274459410275
INFO - 11/08/25 16:07:18 - 0:10:43 - Epoch 285: train_loss=0.6434217691421509, train_AUC=0.9985839033534184, train_AP=0.9978707506064729, time=0.27167558670043945
INFO - 11/08/25 16:07:18 - 0:10:43 - Epoch 285: val_AUC=0.948127093406665, val_AP=0.949399084988451
INFO - 11/08/25 16:07:19 - 0:10:43 - Epoch 286: train_loss=0.6421943306922913, train_AUC=0.9985767768049326, train_AP=0.9977062946332695, time=0.2636387348175049
INFO - 11/08/25 16:07:19 - 0:10:43 - Epoch 286: val_AUC=0.9482551821996897, val_AP=0.9495075722796742
INFO - 11/08/25 16:07:19 - 0:10:43 - Epoch 287: train_loss=0.6421650648117065, train_AUC=0.9986892807783568, train_AP=0.9980557982926411, time=0.2640354633331299
INFO - 11/08/25 16:07:19 - 0:10:43 - Epoch 287: val_AUC=0.9482726951348251, val_AP=0.9496617297546083
INFO - 11/08/25 16:07:19 - 0:10:44 - Epoch 288: train_loss=0.6423406004905701, train_AUC=0.9987372914605374, train_AP=0.998119805395541, time=0.27144885063171387
INFO - 11/08/25 16:07:19 - 0:10:44 - Epoch 288: val_AUC=0.9486726417000091, val_AP=0.9497351588431193
INFO - 11/08/25 16:07:20 - 0:10:44 - Epoch 289: train_loss=0.6421728730201721, train_AUC=0.9986331042593698, train_AP=0.9978775285419431, time=0.27168726921081543
INFO - 11/08/25 16:07:20 - 0:10:44 - Epoch 289: val_AUC=0.9476986374121908, val_AP=0.9489807763201076
INFO - 11/08/25 16:07:20 - 0:10:44 - Epoch 290: train_loss=0.6433990001678467, train_AUC=0.9984838500576003, train_AP=0.9977280086957947, time=0.270587682723999
INFO - 11/08/25 16:07:20 - 0:10:44 - Epoch 290: val_AUC=0.9484888577004784, val_AP=0.9495950447307238
INFO - 11/08/25 16:07:20 - 0:10:45 - Epoch 291: train_loss=0.6422277688980103, train_AUC=0.9987441635145944, train_AP=0.9982351875988564, time=0.2933518886566162
INFO - 11/08/25 16:07:20 - 0:10:45 - Epoch 291: val_AUC=0.9471771184949628, val_AP=0.9488266242172849
INFO - 11/08/25 16:07:21 - 0:10:45 - Epoch 292: train_loss=0.6419317722320557, train_AUC=0.9986248901654882, train_AP=0.9979674344967013, time=0.28687191009521484
INFO - 11/08/25 16:07:21 - 0:10:45 - Epoch 292: val_AUC=0.9477538235217453, val_AP=0.9491389878614542
INFO - 11/08/25 16:07:21 - 0:10:45 - Epoch 293: train_loss=0.6407440900802612, train_AUC=0.9986607914920024, train_AP=0.9979038853242035, time=0.2632722854614258
INFO - 11/08/25 16:07:21 - 0:10:45 - Epoch 293: val_AUC=0.947215809863285, val_AP=0.9486515019545133
INFO - 11/08/25 16:07:21 - 0:10:46 - Epoch 294: train_loss=0.6401488184928894, train_AUC=0.9986160291802318, train_AP=0.9978371296706611, time=0.32026100158691406
INFO - 11/08/25 16:07:21 - 0:10:46 - Epoch 294: val_AUC=0.9467897975341788, val_AP=0.9483719163357565
INFO - 11/08/25 16:07:22 - 0:10:46 - Epoch 295: train_loss=0.6404401063919067, train_AUC=0.998740546171293, train_AP=0.9980566057790835, time=0.2680377960205078
INFO - 11/08/25 16:07:22 - 0:10:46 - Epoch 295: val_AUC=0.9472852506874845, val_AP=0.9486690953951356
INFO - 11/08/25 16:07:22 - 0:10:46 - Epoch 296: train_loss=0.6406282186508179, train_AUC=0.9986678974343648, train_AP=0.997988769418485, time=0.2705965042114258
INFO - 11/08/25 16:07:22 - 0:10:46 - Epoch 296: val_AUC=0.946446258911233, val_AP=0.9480260756996446
INFO - 11/08/25 16:07:22 - 0:10:47 - Epoch 297: train_loss=0.6392170786857605, train_AUC=0.9986528466866892, train_AP=0.9978496562199933, time=0.2695624828338623
INFO - 11/08/25 16:07:22 - 0:10:47 - Epoch 297: val_AUC=0.9467128220750954, val_AP=0.9482218093602618
INFO - 11/08/25 16:07:23 - 0:10:47 - Epoch 298: train_loss=0.6390639543533325, train_AUC=0.998808977169413, train_AP=0.9981679486496385, time=0.30551815032958984
INFO - 11/08/25 16:07:23 - 0:10:47 - Epoch 298: val_AUC=0.94664460308358, val_AP=0.9482370322075826
INFO - 11/08/25 16:07:23 - 0:10:47 - Epoch 299: train_loss=0.6391726732254028, train_AUC=0.9986199524452098, train_AP=0.9978831785407745, time=0.270749568939209
INFO - 11/08/25 16:07:23 - 0:10:47 - Epoch 299: val_AUC=0.9464008474631493, val_AP=0.9480701538365073
INFO - 11/08/25 16:07:23 - 0:10:48 - Epoch 300: train_loss=0.6381765604019165, train_AUC=0.998720752140605, train_AP=0.9980201816339147, time=0.26745152473449707
INFO - 11/08/25 16:07:23 - 0:10:48 - Epoch 300: val_AUC=0.947026222158506, val_AP=0.9484710938663159
INFO - 11/08/25 16:07:23 - 0:10:48 - best_epoch=143
INFO - 11/08/25 16:07:23 - 0:10:48 - test_auc= 95.95%, test_ap= 95.85%
INFO - 11/08/25 16:07:23 - 0:10:48 - 
                                     train iters 3
INFO - 11/08/25 16:07:23 - 0:10:48 - --------------------------Training Start-------------------------
INFO - 11/08/25 16:07:26 - 0:10:50 - Epoch 0: train_loss=5.861295700073242, train_AUC=0.9955062629525513, train_AP=0.9951575170971019, time=2.3622443675994873
INFO - 11/08/25 16:07:26 - 0:10:50 - Epoch 0: val_AUC=0.6947447550795657, val_AP=0.7551251213514358
INFO - 11/08/25 16:07:26 - 0:10:50 - Epoch 1: train_loss=3.4272472858428955, train_AUC=0.7933927784460846, train_AP=0.8595030199223604, time=0.2736704349517822
INFO - 11/08/25 16:07:26 - 0:10:50 - Epoch 1: val_AUC=0.6745901158623206, val_AP=0.7285069096184904
INFO - 11/08/25 16:07:26 - 0:10:51 - Epoch 2: train_loss=3.7599806785583496, train_AUC=0.7359130676366317, train_AP=0.8013778517859195, time=0.2353055477142334
INFO - 11/08/25 16:07:26 - 0:10:51 - Epoch 2: val_AUC=0.6322056564336822, val_AP=0.6905207709107967
INFO - 11/08/25 16:07:27 - 0:10:51 - Epoch 3: train_loss=5.147831916809082, train_AUC=0.6309891862897358, train_AP=0.7119155526479152, time=0.22526049613952637
INFO - 11/08/25 16:07:27 - 0:10:51 - Epoch 3: val_AUC=0.6702019037782325, val_AP=0.7161696009729714
INFO - 11/08/25 16:07:27 - 0:10:51 - Epoch 4: train_loss=3.8684329986572266, train_AUC=0.6892401862312807, train_AP=0.7505690083586372, time=0.23511409759521484
INFO - 11/08/25 16:07:27 - 0:10:51 - Epoch 4: val_AUC=0.75240161395952, val_AP=0.7708899718339413
INFO - 11/08/25 16:07:27 - 0:10:52 - Epoch 5: train_loss=2.8020925521850586, train_AUC=0.7849689239160328, train_AP=0.8148598694856289, time=0.2662224769592285
INFO - 11/08/25 16:07:27 - 0:10:52 - Epoch 5: val_AUC=0.8022163433968905, val_AP=0.8076377982929173
INFO - 11/08/25 16:07:28 - 0:10:52 - Epoch 6: train_loss=2.4640865325927734, train_AUC=0.8393236377547622, train_AP=0.8551620603629383, time=0.2290346622467041
INFO - 11/08/25 16:07:28 - 0:10:52 - Epoch 6: val_AUC=0.8311378357596214, val_AP=0.8311437474761123
INFO - 11/08/25 16:07:28 - 0:10:52 - Epoch 7: train_loss=2.3064684867858887, train_AUC=0.8691304000258754, train_AP=0.877988745008082, time=0.2338416576385498
INFO - 11/08/25 16:07:28 - 0:10:52 - Epoch 7: val_AUC=0.8457913769565614, val_AP=0.8431467645172844
INFO - 11/08/25 16:07:28 - 0:10:53 - Epoch 8: train_loss=2.0702693462371826, train_AUC=0.8832270863065093, train_AP=0.8880818054307412, time=0.25711870193481445
INFO - 11/08/25 16:07:28 - 0:10:53 - Epoch 8: val_AUC=0.8553160718242125, val_AP=0.8508447704232563
INFO - 11/08/25 16:07:29 - 0:10:53 - Epoch 9: train_loss=1.924504041671753, train_AUC=0.8931224299127204, train_AP=0.8959452460050802, time=0.23067116737365723
INFO - 11/08/25 16:07:29 - 0:10:53 - Epoch 9: val_AUC=0.8640788521940856, val_AP=0.8575583305814398
INFO - 11/08/25 16:07:29 - 0:10:53 - Epoch 10: train_loss=1.8453693389892578, train_AUC=0.8993237923464781, train_AP=0.8994891397558374, time=0.2310636043548584
INFO - 11/08/25 16:07:29 - 0:10:53 - Epoch 10: val_AUC=0.8698432551577631, val_AP=0.8629560590222625
INFO - 11/08/25 16:07:29 - 0:10:53 - Epoch 11: train_loss=1.8206675052642822, train_AUC=0.9042124890724847, train_AP=0.9043431358198931, time=0.2383744716644287
INFO - 11/08/25 16:07:29 - 0:10:53 - Epoch 11: val_AUC=0.8734125338854932, val_AP=0.866307919321193
INFO - 11/08/25 16:07:29 - 0:10:54 - Epoch 12: train_loss=1.857278823852539, train_AUC=0.9061110789765174, train_AP=0.9066782150576426, time=0.24485301971435547
INFO - 11/08/25 16:07:29 - 0:10:54 - Epoch 12: val_AUC=0.8789562942303432, val_AP=0.8716507228132478
INFO - 11/08/25 16:07:30 - 0:10:54 - Epoch 13: train_loss=1.792911410331726, train_AUC=0.9127880922019487, train_AP=0.9125627375673939, time=0.22555160522460938
INFO - 11/08/25 16:07:30 - 0:10:54 - Epoch 13: val_AUC=0.8842938703097917, val_AP=0.8770106602744749
INFO - 11/08/25 16:07:30 - 0:10:54 - Epoch 14: train_loss=1.7439743280410767, train_AUC=0.9197847926987646, train_AP=0.9183092784048088, time=0.2647426128387451
INFO - 11/08/25 16:07:30 - 0:10:54 - Epoch 14: val_AUC=0.8889032341096587, val_AP=0.8807649042026447
INFO - 11/08/25 16:07:30 - 0:10:55 - Epoch 15: train_loss=1.6280250549316406, train_AUC=0.9240879821062146, train_AP=0.9204336812872076, time=0.26224780082702637
INFO - 11/08/25 16:07:30 - 0:10:55 - Epoch 15: val_AUC=0.8927499706760155, val_AP=0.8840309859030923
INFO - 11/08/25 16:07:31 - 0:10:55 - Epoch 16: train_loss=1.5744218826293945, train_AUC=0.9291127614943111, train_AP=0.9240063664447841, time=0.2729063034057617
INFO - 11/08/25 16:07:31 - 0:10:55 - Epoch 16: val_AUC=0.8955698586909774, val_AP=0.8868508256949792
INFO - 11/08/25 16:07:31 - 0:10:55 - Epoch 17: train_loss=1.5550094842910767, train_AUC=0.9316943519220506, train_AP=0.9248975341716525, time=0.27089762687683105
INFO - 11/08/25 16:07:31 - 0:10:55 - Epoch 17: val_AUC=0.8968689722920928, val_AP=0.8882129916065379
INFO - 11/08/25 16:07:31 - 0:10:56 - Epoch 18: train_loss=1.5347228050231934, train_AUC=0.932694193782559, train_AP=0.9268460047631046, time=0.2703883647918701
INFO - 11/08/25 16:07:31 - 0:10:56 - Epoch 18: val_AUC=0.898820035449439, val_AP=0.890434668206533
INFO - 11/08/25 16:07:32 - 0:10:56 - Epoch 19: train_loss=1.4792330265045166, train_AUC=0.9345630900868093, train_AP=0.9282208159450638, time=0.26793575286865234
INFO - 11/08/25 16:07:32 - 0:10:56 - Epoch 19: val_AUC=0.900944802486674, val_AP=0.8928018527457645
INFO - 11/08/25 16:07:32 - 0:10:56 - Epoch 20: train_loss=1.4395778179168701, train_AUC=0.9374338300395793, train_AP=0.931621553258059, time=0.22376132011413574
INFO - 11/08/25 16:07:32 - 0:10:56 - Epoch 20: val_AUC=0.9026144368491705, val_AP=0.8948272700822261
INFO - 11/08/25 16:07:32 - 0:10:57 - Epoch 21: train_loss=1.4065852165222168, train_AUC=0.9402690050563947, train_AP=0.9342296643283364, time=0.22678589820861816
INFO - 11/08/25 16:07:32 - 0:10:57 - Epoch 21: val_AUC=0.90434200644476, val_AP=0.8967877963752378
INFO - 11/08/25 16:07:33 - 0:10:57 - Epoch 22: train_loss=1.3802285194396973, train_AUC=0.9419043918909131, train_AP=0.9359852146171013, time=0.22064495086669922
INFO - 11/08/25 16:07:33 - 0:10:57 - Epoch 22: val_AUC=0.9057066917332429, val_AP=0.8983699292039037
INFO - 11/08/25 16:07:33 - 0:10:57 - Epoch 23: train_loss=1.3565523624420166, train_AUC=0.9440868381881012, train_AP=0.938009025496851, time=0.2246861457824707
INFO - 11/08/25 16:07:33 - 0:10:57 - Epoch 23: val_AUC=0.9068804656648726, val_AP=0.8994681346221389
INFO - 11/08/25 16:07:33 - 0:10:57 - Epoch 24: train_loss=1.3372803926467896, train_AUC=0.9446562299331582, train_AP=0.9376513841131145, time=0.22652077674865723
INFO - 11/08/25 16:07:33 - 0:10:58 - Epoch 24: val_AUC=0.9083794507291896, val_AP=0.9003978010162795
INFO - 11/08/25 16:07:33 - 0:10:58 - Epoch 25: train_loss=1.3105392456054688, train_AUC=0.9464834830234455, train_AP=0.939595124518499, time=0.23076939582824707
INFO - 11/08/25 16:07:34 - 0:10:58 - Epoch 25: val_AUC=0.9099002251430359, val_AP=0.9014223405270467
INFO - 11/08/25 16:07:34 - 0:10:58 - Epoch 26: train_loss=1.2939302921295166, train_AUC=0.9477644473552986, train_AP=0.9409339528591515, time=0.2214188575744629
INFO - 11/08/25 16:07:34 - 0:10:58 - Epoch 26: val_AUC=0.9114084757718723, val_AP=0.902642366461939
INFO - 11/08/25 16:07:34 - 0:10:58 - Epoch 27: train_loss=1.2776072025299072, train_AUC=0.9483376138955737, train_AP=0.9403447766313218, time=0.23077917098999023
INFO - 11/08/25 16:07:34 - 0:10:58 - Epoch 27: val_AUC=0.9129358684460894, val_AP=0.9040161552019663
INFO - 11/08/25 16:07:34 - 0:10:59 - Epoch 28: train_loss=1.2602192163467407, train_AUC=0.9495649232286718, train_AP=0.9414759485102182, time=0.23570895195007324
INFO - 11/08/25 16:07:34 - 0:10:59 - Epoch 28: val_AUC=0.9143869983969556, val_AP=0.9054021599738182
INFO - 11/08/25 16:07:35 - 0:10:59 - Epoch 29: train_loss=1.2377233505249023, train_AUC=0.951623323657703, train_AP=0.9435507640460172, time=0.22592377662658691
INFO - 11/08/25 16:07:35 - 0:10:59 - Epoch 29: val_AUC=0.9157773421717994, val_AP=0.9067596484892643
INFO - 11/08/25 16:07:35 - 0:10:59 - Epoch 30: train_loss=1.2195433378219604, train_AUC=0.9535714540284195, train_AP=0.9459124271896883, time=0.2233576774597168
INFO - 11/08/25 16:07:35 - 0:10:59 - Epoch 30: val_AUC=0.9170208623857994, val_AP=0.9079716343538112
INFO - 11/08/25 16:07:35 - 0:10:59 - Epoch 31: train_loss=1.205977439880371, train_AUC=0.953722707200269, train_AP=0.9451131627540318, time=0.22400999069213867
INFO - 11/08/25 16:07:35 - 0:11:00 - Epoch 31: val_AUC=0.9182995102894603, val_AP=0.9092052342076595
INFO - 11/08/25 16:07:36 - 0:11:00 - Epoch 32: train_loss=1.1934144496917725, train_AUC=0.9549576441452781, train_AP=0.9463150343043389, time=0.270550012588501
INFO - 11/08/25 16:07:36 - 0:11:00 - Epoch 32: val_AUC=0.9196325297475532, val_AP=0.9104409204301068
INFO - 11/08/25 16:07:36 - 0:11:00 - Epoch 33: train_loss=1.1795048713684082, train_AUC=0.9561948424802278, train_AP=0.9476556680106778, time=0.25795865058898926
INFO - 11/08/25 16:07:36 - 0:11:00 - Epoch 33: val_AUC=0.9209075121531625, val_AP=0.9116698276232803
INFO - 11/08/25 16:07:36 - 0:11:00 - Epoch 34: train_loss=1.1679881811141968, train_AUC=0.9576823247259919, train_AP=0.9492162389237044, time=0.2579953670501709
INFO - 11/08/25 16:07:36 - 0:11:01 - Epoch 34: val_AUC=0.9222928667778806, val_AP=0.9131314686236942
INFO - 11/08/25 16:07:37 - 0:11:01 - Epoch 35: train_loss=1.1596529483795166, train_AUC=0.9582581369516008, train_AP=0.9496878888706345, time=0.30049967765808105
INFO - 11/08/25 16:07:37 - 0:11:01 - Epoch 35: val_AUC=0.9236605048286827, val_AP=0.9145376125896582
INFO - 11/08/25 16:07:37 - 0:11:01 - Epoch 36: train_loss=1.148584246635437, train_AUC=0.959157949292587, train_AP=0.950353711504657, time=0.25458431243896484
INFO - 11/08/25 16:07:37 - 0:11:01 - Epoch 36: val_AUC=0.9251075620039358, val_AP=0.9161267191250324
INFO - 11/08/25 16:07:37 - 0:11:01 - Epoch 37: train_loss=1.1339585781097412, train_AUC=0.961164503130333, train_AP=0.9525178170763224, time=0.21818089485168457
INFO - 11/08/25 16:07:37 - 0:11:01 - Epoch 37: val_AUC=0.9266275218626595, val_AP=0.9178467312089511
INFO - 11/08/25 16:07:37 - 0:11:02 - Epoch 38: train_loss=1.122908592224121, train_AUC=0.9621715136321771, train_AP=0.9532444252638409, time=0.2226095199584961
INFO - 11/08/25 16:07:38 - 0:11:02 - Epoch 38: val_AUC=0.9281543036205346, val_AP=0.9196701862629788
INFO - 11/08/25 16:07:38 - 0:11:02 - Epoch 39: train_loss=1.1109178066253662, train_AUC=0.9638873457152975, train_AP=0.9556840778046214, time=0.26356053352355957
INFO - 11/08/25 16:07:38 - 0:11:02 - Epoch 39: val_AUC=0.9296387285120358, val_AP=0.9214062008673719
INFO - 11/08/25 16:07:38 - 0:11:02 - Epoch 40: train_loss=1.1020143032073975, train_AUC=0.9647757436729466, train_AP=0.9567537524106592, time=0.2652742862701416
INFO - 11/08/25 16:07:38 - 0:11:02 - Epoch 40: val_AUC=0.9310407815167667, val_AP=0.9230197842010612
INFO - 11/08/25 16:07:38 - 0:11:03 - Epoch 41: train_loss=1.0929241180419922, train_AUC=0.9654010956607565, train_AP=0.9570832737213362, time=0.26633381843566895
INFO - 11/08/25 16:07:39 - 0:11:03 - Epoch 41: val_AUC=0.9324355035253946, val_AP=0.9246370842245561
INFO - 11/08/25 16:07:39 - 0:11:03 - Epoch 42: train_loss=1.0794944763183594, train_AUC=0.9681383236093472, train_AP=0.9608275131178852, time=0.27266693115234375
INFO - 11/08/25 16:07:39 - 0:11:03 - Epoch 42: val_AUC=0.9338114907662032, val_AP=0.926187711240829
INFO - 11/08/25 16:07:39 - 0:11:03 - Epoch 43: train_loss=1.0740711688995361, train_AUC=0.9681824953883708, train_AP=0.9602255557849747, time=0.2601351737976074
INFO - 11/08/25 16:07:39 - 0:11:03 - Epoch 43: val_AUC=0.9350579637425224, val_AP=0.9275595800429457
INFO - 11/08/25 16:07:39 - 0:11:04 - Epoch 44: train_loss=1.0679172277450562, train_AUC=0.9688439862895352, train_AP=0.9614997725305959, time=0.21738910675048828
INFO - 11/08/25 16:07:39 - 0:11:04 - Epoch 44: val_AUC=0.9363484226954607, val_AP=0.9289125772265178
INFO - 11/08/25 16:07:40 - 0:11:04 - Epoch 45: train_loss=1.0578656196594238, train_AUC=0.9700049572908119, train_AP=0.9626552711547237, time=0.23098969459533691
INFO - 11/08/25 16:07:40 - 0:11:04 - Epoch 45: val_AUC=0.9375814555122575, val_AP=0.9302274656492507
INFO - 11/08/25 16:07:40 - 0:11:04 - Epoch 46: train_loss=1.047206997871399, train_AUC=0.971416676809341, train_AP=0.963909091444743, time=0.2185986042022705
INFO - 11/08/25 16:07:40 - 0:11:04 - Epoch 46: val_AUC=0.9387301818738679, val_AP=0.9314334615364726
INFO - 11/08/25 16:07:40 - 0:11:05 - Epoch 47: train_loss=1.0420053005218506, train_AUC=0.9719863787029718, train_AP=0.9649807990267214, time=0.21795082092285156
INFO - 11/08/25 16:07:40 - 0:11:05 - Epoch 47: val_AUC=0.9398279985403172, val_AP=0.9325639972261871
INFO - 11/08/25 16:07:41 - 0:11:05 - Epoch 48: train_loss=1.0322964191436768, train_AUC=0.9727940975237135, train_AP=0.9655841317551707, time=0.2571392059326172
INFO - 11/08/25 16:07:41 - 0:11:05 - Epoch 48: val_AUC=0.9408962875835732, val_AP=0.9336678476044656
INFO - 11/08/25 16:07:41 - 0:11:05 - Epoch 49: train_loss=1.0239843130111694, train_AUC=0.9737503775112235, train_AP=0.9666753251462795, time=0.2715163230895996
INFO - 11/08/25 16:07:41 - 0:11:05 - Epoch 49: val_AUC=0.9419100014336171, val_AP=0.9346705932663246
INFO - 11/08/25 16:07:41 - 0:11:06 - Epoch 50: train_loss=1.0148576498031616, train_AUC=0.975309946668845, train_AP=0.9690169821518626, time=0.25958895683288574
INFO - 11/08/25 16:07:41 - 0:11:06 - Epoch 50: val_AUC=0.9428426670489647, val_AP=0.9356296429049134
INFO - 11/08/25 16:07:42 - 0:11:06 - Epoch 51: train_loss=1.0083293914794922, train_AUC=0.9758341335107826, train_AP=0.9691506763806147, time=0.2556729316711426
INFO - 11/08/25 16:07:42 - 0:11:06 - Epoch 51: val_AUC=0.9436586476430032, val_AP=0.9364102110328109
INFO - 11/08/25 16:07:42 - 0:11:06 - Epoch 52: train_loss=1.003296136856079, train_AUC=0.9762170593894596, train_AP=0.9696338500755337, time=0.29106855392456055
INFO - 11/08/25 16:07:42 - 0:11:06 - Epoch 52: val_AUC=0.9444308458992037, val_AP=0.937163549978621
INFO - 11/08/25 16:07:42 - 0:11:07 - Epoch 53: train_loss=0.9988324642181396, train_AUC=0.9766215743211201, train_AP=0.9698601943516387, time=0.25978899002075195
INFO - 11/08/25 16:07:42 - 0:11:07 - Epoch 53: val_AUC=0.9450800463318955, val_AP=0.9377760262918129
INFO - 11/08/25 16:07:43 - 0:11:07 - Epoch 54: train_loss=0.9914398789405823, train_AUC=0.977695695620228, train_AP=0.9712674659085603, time=0.2601912021636963
INFO - 11/08/25 16:07:43 - 0:11:07 - Epoch 54: val_AUC=0.9457282285706838, val_AP=0.9384541669312144
INFO - 11/08/25 16:07:43 - 0:11:07 - Epoch 55: train_loss=0.988907516002655, train_AUC=0.9778051449560251, train_AP=0.9714884023493549, time=0.2619509696960449
INFO - 11/08/25 16:07:43 - 0:11:07 - Epoch 55: val_AUC=0.9463155228140598, val_AP=0.9390400182648326
INFO - 11/08/25 16:07:43 - 0:11:08 - Epoch 56: train_loss=0.9811645150184631, train_AUC=0.9786638317018206, train_AP=0.9727182919231429, time=0.2580556869506836
INFO - 11/08/25 16:07:43 - 0:11:08 - Epoch 56: val_AUC=0.9468545546664234, val_AP=0.9396326228624818
INFO - 11/08/25 16:07:44 - 0:11:08 - Epoch 57: train_loss=0.9785294532775879, train_AUC=0.978777666971706, train_AP=0.9725126565190351, time=0.2650120258331299
INFO - 11/08/25 16:07:44 - 0:11:08 - Epoch 57: val_AUC=0.9472899343794392, val_AP=0.9400693670846032
INFO - 11/08/25 16:07:44 - 0:11:08 - Epoch 58: train_loss=0.9740051031112671, train_AUC=0.979331407925822, train_AP=0.97345628399967, time=0.24714207649230957
INFO - 11/08/25 16:07:44 - 0:11:08 - Epoch 58: val_AUC=0.9477210376780617, val_AP=0.9405580749507502
INFO - 11/08/25 16:07:44 - 0:11:08 - Epoch 59: train_loss=0.9688009023666382, train_AUC=0.9800663119278042, train_AP=0.9742736494873514, time=0.24967169761657715
INFO - 11/08/25 16:07:44 - 0:11:09 - Epoch 59: val_AUC=0.948149900950097, val_AP=0.9410582685991017
INFO - 11/08/25 16:07:44 - 0:11:09 - Epoch 60: train_loss=0.9653539657592773, train_AUC=0.9805157066437501, train_AP=0.9749136536525916, time=0.22085189819335938
INFO - 11/08/25 16:07:45 - 0:11:09 - Epoch 60: val_AUC=0.9485563639562616, val_AP=0.9415826324317761
INFO - 11/08/25 16:07:45 - 0:11:09 - Epoch 61: train_loss=0.9645100831985474, train_AUC=0.9800500186485064, train_AP=0.9742336356303767, time=0.22565174102783203
INFO - 11/08/25 16:07:45 - 0:11:09 - Epoch 61: val_AUC=0.94892922656362, val_AP=0.9420654267915617
INFO - 11/08/25 16:07:45 - 0:11:09 - Epoch 62: train_loss=0.9587286710739136, train_AUC=0.9812104059857438, train_AP=0.9757699267402025, time=0.22266030311584473
INFO - 11/08/25 16:07:45 - 0:11:09 - Epoch 62: val_AUC=0.9492829471255979, val_AP=0.9424981717510712
INFO - 11/08/25 16:07:45 - 0:11:10 - Epoch 63: train_loss=0.955720841884613, train_AUC=0.9809598825507613, train_AP=0.9754699961924129, time=0.2614884376525879
INFO - 11/08/25 16:07:45 - 0:11:10 - Epoch 63: val_AUC=0.9496708790027238, val_AP=0.9429783380702002
INFO - 11/08/25 16:07:46 - 0:11:10 - Epoch 64: train_loss=0.9523205161094666, train_AUC=0.9816012759652512, train_AP=0.975823349567264, time=0.2610042095184326
INFO - 11/08/25 16:07:46 - 0:11:10 - Epoch 64: val_AUC=0.9500241922871404, val_AP=0.9434388006039809
INFO - 11/08/25 16:07:46 - 0:11:10 - Epoch 65: train_loss=0.9479703903198242, train_AUC=0.9818787326600987, train_AP=0.9761747526789928, time=0.2623629570007324
INFO - 11/08/25 16:07:46 - 0:11:10 - Epoch 65: val_AUC=0.9503850402064408, val_AP=0.9438992682967218
INFO - 11/08/25 16:07:46 - 0:11:11 - Epoch 66: train_loss=0.945692777633667, train_AUC=0.9821748660758381, train_AP=0.9767219961826237, time=0.26314377784729004
INFO - 11/08/25 16:07:46 - 0:11:11 - Epoch 66: val_AUC=0.9507432408215929, val_AP=0.9443689126978818
INFO - 11/08/25 16:07:47 - 0:11:11 - Epoch 67: train_loss=0.9416608214378357, train_AUC=0.9828177817016409, train_AP=0.9777199656239296, time=0.2632567882537842
INFO - 11/08/25 16:07:47 - 0:11:11 - Epoch 67: val_AUC=0.9510792448096547, val_AP=0.9448262859498611
INFO - 11/08/25 16:07:47 - 0:11:11 - Epoch 68: train_loss=0.9375481009483337, train_AUC=0.9830609355415553, train_AP=0.9779334111096536, time=0.25763702392578125
INFO - 11/08/25 16:07:47 - 0:11:11 - Epoch 68: val_AUC=0.9514140269650329, val_AP=0.9452762822419151
INFO - 11/08/25 16:07:47 - 0:11:12 - Epoch 69: train_loss=0.934765100479126, train_AUC=0.9831394453996543, train_AP=0.9776261534620941, time=0.2640995979309082
INFO - 11/08/25 16:07:47 - 0:11:12 - Epoch 69: val_AUC=0.951756140116514, val_AP=0.9457374417996874
INFO - 11/08/25 16:07:48 - 0:11:12 - Epoch 70: train_loss=0.9302933216094971, train_AUC=0.983628972213855, train_AP=0.9785629562115433, time=0.2516789436340332
INFO - 11/08/25 16:07:48 - 0:11:12 - Epoch 70: val_AUC=0.9520793148613952, val_AP=0.9461746552102986
INFO - 11/08/25 16:07:48 - 0:11:12 - Epoch 71: train_loss=0.9292513132095337, train_AUC=0.9838984610315763, train_AP=0.9789796027427328, time=0.21632838249206543
INFO - 11/08/25 16:07:48 - 0:11:12 - Epoch 71: val_AUC=0.9523900676406574, val_AP=0.9466002719607355
INFO - 11/08/25 16:07:48 - 0:11:13 - Epoch 72: train_loss=0.9237197637557983, train_AUC=0.9847514828546741, train_AP=0.9801178346087164, time=0.21588611602783203
INFO - 11/08/25 16:07:48 - 0:11:13 - Epoch 72: val_AUC=0.9526802529030743, val_AP=0.9469726558688977
INFO - 11/08/25 16:07:49 - 0:11:13 - Epoch 73: train_loss=0.9217391610145569, train_AUC=0.9846944451054059, train_AP=0.9800003542433058, time=0.21845555305480957
INFO - 11/08/25 16:07:49 - 0:11:13 - Epoch 73: val_AUC=0.9529457978730336, val_AP=0.9473367265982916
INFO - 11/08/25 16:07:49 - 0:11:13 - Epoch 74: train_loss=0.9188652038574219, train_AUC=0.9850266616042341, train_AP=0.980373397274962, time=0.26013636589050293
INFO - 11/08/25 16:07:49 - 0:11:13 - Epoch 74: val_AUC=0.9532084919000638, val_AP=0.9476179259430637
INFO - 11/08/25 16:07:49 - 0:11:13 - Epoch 75: train_loss=0.914655327796936, train_AUC=0.9853560543596888, train_AP=0.9806601616372922, time=0.2573070526123047
INFO - 11/08/25 16:07:49 - 0:11:14 - Epoch 75: val_AUC=0.9534614112656232, val_AP=0.9479489318803995
INFO - 11/08/25 16:07:50 - 0:11:14 - Epoch 76: train_loss=0.9133592844009399, train_AUC=0.9854072519461509, train_AP=0.9808631316666315, time=0.28171253204345703
INFO - 11/08/25 16:07:50 - 0:11:14 - Epoch 76: val_AUC=0.9537153488250857, val_AP=0.9483030793743064
INFO - 11/08/25 16:07:50 - 0:11:14 - Epoch 77: train_loss=0.9108552932739258, train_AUC=0.9856147483867371, train_AP=0.9810115777539081, time=0.26164674758911133
INFO - 11/08/25 16:07:50 - 0:11:14 - Epoch 77: val_AUC=0.9539434242594066, val_AP=0.9485955844170413
INFO - 11/08/25 16:07:50 - 0:11:14 - Epoch 78: train_loss=0.9089834094047546, train_AUC=0.9855354521496595, train_AP=0.980967777242735, time=0.26107239723205566
INFO - 11/08/25 16:07:50 - 0:11:15 - Epoch 78: val_AUC=0.9541637614200629, val_AP=0.9488769021971957
INFO - 11/08/25 16:07:51 - 0:11:15 - Epoch 79: train_loss=0.9045935869216919, train_AUC=0.9858298345732813, train_AP=0.9813526969408151, time=0.2824127674102783
INFO - 11/08/25 16:07:51 - 0:11:15 - Epoch 79: val_AUC=0.9543857276909643, val_AP=0.9491616512083638
INFO - 11/08/25 16:07:51 - 0:11:15 - Epoch 80: train_loss=0.9020179510116577, train_AUC=0.9861360894702121, train_AP=0.9815892872556933, time=0.2583892345428467
INFO - 11/08/25 16:07:51 - 0:11:15 - Epoch 80: val_AUC=0.9545936428860013, val_AP=0.9494225021937573
INFO - 11/08/25 16:07:51 - 0:11:15 - Epoch 81: train_loss=0.9003514647483826, train_AUC=0.9861103658073964, train_AP=0.981642207947637, time=0.24755048751831055
INFO - 11/08/25 16:07:51 - 0:11:16 - Epoch 81: val_AUC=0.9548225328754449, val_AP=0.9497121680095099
INFO - 11/08/25 16:07:51 - 0:11:16 - Epoch 82: train_loss=0.8963074684143066, train_AUC=0.9866812300977256, train_AP=0.9823690346605135, time=0.23202896118164062
INFO - 11/08/25 16:07:52 - 0:11:16 - Epoch 82: val_AUC=0.9550353354012172, val_AP=0.9499681466757437
INFO - 11/08/25 16:07:52 - 0:11:16 - Epoch 83: train_loss=0.8942831158638, train_AUC=0.9870460239968725, train_AP=0.9829772698031243, time=0.21539616584777832
INFO - 11/08/25 16:07:52 - 0:11:16 - Epoch 83: val_AUC=0.9552601526150477, val_AP=0.9502593629805504
INFO - 11/08/25 16:07:52 - 0:11:16 - Epoch 84: train_loss=0.8922898769378662, train_AUC=0.9870646462964644, train_AP=0.9830224586682581, time=0.21498823165893555
INFO - 11/08/25 16:07:52 - 0:11:16 - Epoch 84: val_AUC=0.9554894498820523, val_AP=0.950529878852345
INFO - 11/08/25 16:07:52 - 0:11:17 - Epoch 85: train_loss=0.8879964351654053, train_AUC=0.9875020315171875, train_AP=0.9834419419205048, time=0.2224595546722412
INFO - 11/08/25 16:07:52 - 0:11:17 - Epoch 85: val_AUC=0.9557470529395666, val_AP=0.9508591586959461
INFO - 11/08/25 16:07:53 - 0:11:17 - Epoch 86: train_loss=0.8852100372314453, train_AUC=0.987636654666938, train_AP=0.9836807979291361, time=0.27990174293518066
INFO - 11/08/25 16:07:53 - 0:11:17 - Epoch 86: val_AUC=0.9560040450807387, val_AP=0.9511892828308799
INFO - 11/08/25 16:07:53 - 0:11:17 - Epoch 87: train_loss=0.8853489756584167, train_AUC=0.9876257209170234, train_AP=0.983934539931873, time=0.25940442085266113
INFO - 11/08/25 16:07:53 - 0:11:17 - Epoch 87: val_AUC=0.9562659245526464, val_AP=0.9514842201749021
INFO - 11/08/25 16:07:53 - 0:11:18 - Epoch 88: train_loss=0.881640613079071, train_AUC=0.9878829589541467, train_AP=0.983996596027452, time=0.2593412399291992
INFO - 11/08/25 16:07:53 - 0:11:18 - Epoch 88: val_AUC=0.9565064219525864, val_AP=0.9517849531388347
INFO - 11/08/25 16:07:54 - 0:11:18 - Epoch 89: train_loss=0.8794152140617371, train_AUC=0.9878068105225526, train_AP=0.9837743908657126, time=0.23917102813720703
INFO - 11/08/25 16:07:54 - 0:11:18 - Epoch 89: val_AUC=0.9567401992727652, val_AP=0.9520722496638889
INFO - 11/08/25 16:07:54 - 0:11:18 - Epoch 90: train_loss=0.8787190914154053, train_AUC=0.9877455370701635, train_AP=0.983501380839386, time=0.21856141090393066
INFO - 11/08/25 16:07:54 - 0:11:18 - Epoch 90: val_AUC=0.9569747911480666, val_AP=0.9523607857859966
INFO - 11/08/25 16:07:54 - 0:11:18 - Epoch 91: train_loss=0.8751935362815857, train_AUC=0.9884348398974246, train_AP=0.9847209172399712, time=0.21350598335266113
INFO - 11/08/25 16:07:54 - 0:11:19 - Epoch 91: val_AUC=0.9571835208982264, val_AP=0.9526194027632218
INFO - 11/08/25 16:07:54 - 0:11:19 - Epoch 92: train_loss=0.8735371828079224, train_AUC=0.9886022923001119, train_AP=0.9850062645631317, time=0.21457362174987793
INFO - 11/08/25 16:07:55 - 0:11:19 - Epoch 92: val_AUC=0.9574067090018118, val_AP=0.9528996982424547
INFO - 11/08/25 16:07:55 - 0:11:19 - Epoch 93: train_loss=0.8723384141921997, train_AUC=0.9880831657584681, train_AP=0.9840056795211912, time=0.24710464477539062
INFO - 11/08/25 16:07:55 - 0:11:19 - Epoch 93: val_AUC=0.957605867729281, val_AP=0.9531552141263897
INFO - 11/08/25 16:07:55 - 0:11:19 - Epoch 94: train_loss=0.8686928153038025, train_AUC=0.9886787042082908, train_AP=0.9851087869787071, time=0.21963000297546387
INFO - 11/08/25 16:07:55 - 0:11:19 - Epoch 94: val_AUC=0.9577897535482022, val_AP=0.9533844463896528
INFO - 11/08/25 16:07:55 - 0:11:20 - Epoch 95: train_loss=0.8676652908325195, train_AUC=0.9887154960011243, train_AP=0.9848464017510632, time=0.21631574630737305
INFO - 11/08/25 16:07:55 - 0:11:20 - Epoch 95: val_AUC=0.9579630501505297, val_AP=0.9535989996053064
INFO - 11/08/25 16:07:56 - 0:11:20 - Epoch 96: train_loss=0.8639456033706665, train_AUC=0.9891618617930671, train_AP=0.9855925529446147, time=0.21734333038330078
INFO - 11/08/25 16:07:56 - 0:11:20 - Epoch 96: val_AUC=0.958155488798238, val_AP=0.9538297794594458
INFO - 11/08/25 16:07:56 - 0:11:20 - Epoch 97: train_loss=0.8620664477348328, train_AUC=0.989294027882766, train_AP=0.98570502050488, time=0.23329401016235352
INFO - 11/08/25 16:07:56 - 0:11:20 - Epoch 97: val_AUC=0.958341614643746, val_AP=0.9540428692491195
INFO - 11/08/25 16:07:56 - 0:11:20 - Epoch 98: train_loss=0.8594411611557007, train_AUC=0.9893117308322419, train_AP=0.9857682160723384, time=0.22370505332946777
INFO - 11/08/25 16:07:56 - 0:11:20 - Epoch 98: val_AUC=0.9585283514055963, val_AP=0.9542294505211107
INFO - 11/08/25 16:07:56 - 0:11:21 - Epoch 99: train_loss=0.857335090637207, train_AUC=0.9897858826605367, train_AP=0.9863850147291193, time=0.22536969184875488
INFO - 11/08/25 16:07:56 - 0:11:21 - Epoch 99: val_AUC=0.9587061280610982, val_AP=0.9544214540105508
INFO - 11/08/25 16:07:57 - 0:11:21 - Epoch 100: train_loss=0.8589932918548584, train_AUC=0.9892025196116472, train_AP=0.9857768258486052, time=0.22368383407592773
INFO - 11/08/25 16:07:57 - 0:11:21 - Epoch 100: val_AUC=0.9588688354468323, val_AP=0.9546081680293078
INFO - 11/08/25 16:07:57 - 0:11:21 - Epoch 101: train_loss=0.855330765247345, train_AUC=0.9890611853821702, train_AP=0.9850768785425026, time=0.24121880531311035
INFO - 11/08/25 16:07:57 - 0:11:21 - Epoch 101: val_AUC=0.9590421320491599, val_AP=0.9548073038892024
INFO - 11/08/25 16:07:57 - 0:11:22 - Epoch 102: train_loss=0.8536662459373474, train_AUC=0.9895285968947004, train_AP=0.9858403102629356, time=0.23105216026306152
INFO - 11/08/25 16:07:57 - 0:11:22 - Epoch 102: val_AUC=0.9591824391690233, val_AP=0.9549941461547334
INFO - 11/08/25 16:07:58 - 0:11:22 - Epoch 103: train_loss=0.8506629467010498, train_AUC=0.9901123919676962, train_AP=0.9866944082753895, time=0.2278001308441162
INFO - 11/08/25 16:07:58 - 0:11:22 - Epoch 103: val_AUC=0.959349626607932, val_AP=0.9551939935686492
INFO - 11/08/25 16:07:58 - 0:11:22 - Epoch 104: train_loss=0.8488713502883911, train_AUC=0.9901269087173733, train_AP=0.9867637794491851, time=0.24710369110107422
INFO - 11/08/25 16:07:58 - 0:11:22 - Epoch 104: val_AUC=0.9595139631039111, val_AP=0.9554088880377515
INFO - 11/08/25 16:07:58 - 0:11:22 - Epoch 105: train_loss=0.845809280872345, train_AUC=0.9903180888068485, train_AP=0.9869775722461123, time=0.2241835594177246
INFO - 11/08/25 16:07:58 - 0:11:23 - Epoch 105: val_AUC=0.9596662849118326, val_AP=0.9555973271851257
INFO - 11/08/25 16:07:58 - 0:11:23 - Epoch 106: train_loss=0.8440507650375366, train_AUC=0.9905637218980243, train_AP=0.9874559471808451, time=0.22475743293762207
INFO - 11/08/25 16:07:59 - 0:11:23 - Epoch 106: val_AUC=0.9598293995751279, val_AP=0.9557862342731807
INFO - 11/08/25 16:07:59 - 0:11:23 - Epoch 107: train_loss=0.8421235084533691, train_AUC=0.9906061738582962, train_AP=0.9876471778841532, time=0.22415375709533691
INFO - 11/08/25 16:07:59 - 0:11:23 - Epoch 107: val_AUC=0.9599745940257272, val_AP=0.9559719782690862
INFO - 11/08/25 16:07:59 - 0:11:23 - Epoch 108: train_loss=0.8399671316146851, train_AUC=0.9909171530172025, train_AP=0.9879435805195331, time=0.27623653411865234
INFO - 11/08/25 16:07:59 - 0:11:23 - Epoch 108: val_AUC=0.9601222321416936, val_AP=0.9561612388708964
INFO - 11/08/25 16:07:59 - 0:11:24 - Epoch 109: train_loss=0.8389692306518555, train_AUC=0.9906559156309538, train_AP=0.9875759104548127, time=0.27239108085632324
INFO - 11/08/25 16:07:59 - 0:11:24 - Epoch 109: val_AUC=0.9602780158088858, val_AP=0.9563307620474119
INFO - 11/08/25 16:08:00 - 0:11:24 - Epoch 110: train_loss=0.8356053233146667, train_AUC=0.9908587829147489, train_AP=0.987678350358975, time=0.21889328956604004
INFO - 11/08/25 16:08:00 - 0:11:24 - Epoch 110: val_AUC=0.9604366504190072, val_AP=0.95649312514189
INFO - 11/08/25 16:08:00 - 0:11:24 - Epoch 111: train_loss=0.8371267914772034, train_AUC=0.9905744032669587, train_AP=0.987340665076579, time=0.2281322479248047
INFO - 11/08/25 16:08:00 - 0:11:24 - Epoch 111: val_AUC=0.9605991541659608, val_AP=0.9566897298529988
INFO - 11/08/25 16:08:00 - 0:11:25 - Epoch 112: train_loss=0.8334881663322449, train_AUC=0.9909364484501552, train_AP=0.9878136312377684, time=0.21977472305297852
INFO - 11/08/25 16:08:00 - 0:11:25 - Epoch 112: val_AUC=0.9607172646587342, val_AP=0.9568289884176576
INFO - 11/08/25 16:08:01 - 0:11:25 - Epoch 113: train_loss=0.8317868113517761, train_AUC=0.9911443184427714, train_AP=0.9883952178969824, time=0.221299409866333
INFO - 11/08/25 16:08:01 - 0:11:25 - Epoch 113: val_AUC=0.9608233604634494, val_AP=0.9569773272951244
INFO - 11/08/25 16:08:01 - 0:11:25 - Epoch 114: train_loss=0.8290479183197021, train_AUC=0.991284134335591, train_AP=0.9884627998479227, time=0.21944141387939453
INFO - 11/08/25 16:08:01 - 0:11:25 - Epoch 114: val_AUC=0.9609219216332809, val_AP=0.9571026802060312
INFO - 11/08/25 16:08:01 - 0:11:25 - Epoch 115: train_loss=0.8273253440856934, train_AUC=0.9913971363783886, train_AP=0.9884262958535217, time=0.25402140617370605
INFO - 11/08/25 16:08:01 - 0:11:25 - Epoch 115: val_AUC=0.9610182427765251, val_AP=0.9572514064444093
INFO - 11/08/25 16:08:01 - 0:11:26 - Epoch 116: train_loss=0.8240175247192383, train_AUC=0.9918115116042245, train_AP=0.989165968504931, time=0.22258758544921875
INFO - 11/08/25 16:08:01 - 0:11:26 - Epoch 116: val_AUC=0.9611214876383115, val_AP=0.9574157146101514
INFO - 11/08/25 16:08:02 - 0:11:26 - Epoch 117: train_loss=0.8241387009620667, train_AUC=0.9917774421092347, train_AP=0.9889877339356109, time=0.2222902774810791
INFO - 11/08/25 16:08:02 - 0:11:26 - Epoch 117: val_AUC=0.9612241215837556, val_AP=0.9575687660537353
INFO - 11/08/25 16:08:02 - 0:11:26 - Epoch 118: train_loss=0.8208169937133789, train_AUC=0.9918211573833731, train_AP=0.9890788295243522, time=0.2252209186553955
INFO - 11/08/25 16:08:02 - 0:11:26 - Epoch 118: val_AUC=0.9612872496057554, val_AP=0.9576629841652672
INFO - 11/08/25 16:08:02 - 0:11:27 - Epoch 119: train_loss=0.8205375671386719, train_AUC=0.9921565363057039, train_AP=0.9895457640301024, time=0.23822283744812012
INFO - 11/08/25 16:08:02 - 0:11:27 - Epoch 119: val_AUC=0.9613680942016708, val_AP=0.9577823146694691
INFO - 11/08/25 16:08:03 - 0:11:27 - Epoch 120: train_loss=0.8198588490486145, train_AUC=0.9919930642311052, train_AP=0.9894079430831425, time=0.22369027137756348
INFO - 11/08/25 16:08:03 - 0:11:27 - Epoch 120: val_AUC=0.9614499569914894, val_AP=0.957892544669951
INFO - 11/08/25 16:08:03 - 0:11:27 - Epoch 121: train_loss=0.8177512288093567, train_AUC=0.9919384574760233, train_AP=0.9892800914824016, time=0.21954655647277832
INFO - 11/08/25 16:08:03 - 0:11:27 - Epoch 121: val_AUC=0.9615377253059469, val_AP=0.9580302714062963
INFO - 11/08/25 16:08:03 - 0:11:27 - Epoch 122: train_loss=0.8152453303337097, train_AUC=0.992068659643664, train_AP=0.9895391036975797, time=0.2190380096435547
INFO - 11/08/25 16:08:03 - 0:11:27 - Epoch 122: val_AUC=0.961614293487469, val_AP=0.9581372396829817
INFO - 11/08/25 16:08:03 - 0:11:28 - Epoch 123: train_loss=0.8131383657455444, train_AUC=0.9924774222546537, train_AP=0.9901741451529256, time=0.22371745109558105
INFO - 11/08/25 16:08:03 - 0:11:28 - Epoch 123: val_AUC=0.9616998217753392, val_AP=0.9582503327348043
INFO - 11/08/25 16:08:04 - 0:11:28 - Epoch 124: train_loss=0.8135331273078918, train_AUC=0.9922830300756351, train_AP=0.989634089393827, time=0.27519726753234863
INFO - 11/08/25 16:08:04 - 0:11:28 - Epoch 124: val_AUC=0.9617745572078353, val_AP=0.9583439556089313
INFO - 11/08/25 16:08:04 - 0:11:28 - Epoch 125: train_loss=0.8091726303100586, train_AUC=0.9927710498249045, train_AP=0.9903302889923932, time=0.26506638526916504
INFO - 11/08/25 16:08:04 - 0:11:28 - Epoch 125: val_AUC=0.9618716929062023, val_AP=0.9584753215254719
INFO - 11/08/25 16:08:04 - 0:11:29 - Epoch 126: train_loss=0.8100552558898926, train_AUC=0.9922190299223848, train_AP=0.9893266224243807, time=0.26725244522094727
INFO - 11/08/25 16:08:04 - 0:11:29 - Epoch 126: val_AUC=0.9619480574489436, val_AP=0.9585757966057803
INFO - 11/08/25 16:08:05 - 0:11:29 - Epoch 127: train_loss=0.8076929450035095, train_AUC=0.9925625144482387, train_AP=0.9899242743720702, time=0.2685244083404541
INFO - 11/08/25 16:08:05 - 0:11:29 - Epoch 127: val_AUC=0.9620288002254689, val_AP=0.9587106762486669
INFO - 11/08/25 16:08:05 - 0:11:29 - Epoch 128: train_loss=0.8057568073272705, train_AUC=0.9928221116222977, train_AP=0.9904067648606512, time=0.2658843994140625
INFO - 11/08/25 16:08:05 - 0:11:29 - Epoch 128: val_AUC=0.9621150412490712, val_AP=0.9588207235806241
INFO - 11/08/25 16:08:05 - 0:11:30 - Epoch 129: train_loss=0.8047821521759033, train_AUC=0.9924694077055387, train_AP=0.989719561355352, time=0.26522064208984375
INFO - 11/08/25 16:08:05 - 0:11:30 - Epoch 129: val_AUC=0.9621787801874128, val_AP=0.958899595988033
INFO - 11/08/25 16:08:06 - 0:11:30 - Epoch 130: train_loss=0.8017432689666748, train_AUC=0.9928924068581528, train_AP=0.9903954412022933, time=0.26523828506469727
INFO - 11/08/25 16:08:06 - 0:11:30 - Epoch 130: val_AUC=0.9622490355667349, val_AP=0.9589732708842297
INFO - 11/08/25 16:08:06 - 0:11:30 - Epoch 131: train_loss=0.8011133670806885, train_AUC=0.9930939042750511, train_AP=0.9907837321212943, time=0.26496434211730957
INFO - 11/08/25 16:08:06 - 0:11:30 - Epoch 131: val_AUC=0.9623223455277666, val_AP=0.9590854469032769
INFO - 11/08/25 16:08:06 - 0:11:31 - Epoch 132: train_loss=0.7990870475769043, train_AUC=0.9927804236736738, train_AP=0.9898127487249712, time=0.22769546508789062
INFO - 11/08/25 16:08:06 - 0:11:31 - Epoch 132: val_AUC=0.9623777352761016, val_AP=0.959146637489056
INFO - 11/08/25 16:08:07 - 0:11:31 - Epoch 133: train_loss=0.7978155612945557, train_AUC=0.9929643872169794, train_AP=0.9904488697492799, time=0.22468042373657227
INFO - 11/08/25 16:08:07 - 0:11:31 - Epoch 133: val_AUC=0.9624331250244366, val_AP=0.9592063674150089
INFO - 11/08/25 16:08:07 - 0:11:31 - Epoch 134: train_loss=0.7971196174621582, train_AUC=0.9932083519166516, train_AP=0.9909358243557063, time=0.22948241233825684
INFO - 11/08/25 16:08:07 - 0:11:31 - Epoch 134: val_AUC=0.9624790455694718, val_AP=0.9592704209007127
INFO - 11/08/25 16:08:07 - 0:11:32 - Epoch 135: train_loss=0.7943450212478638, train_AUC=0.993490467884932, train_AP=0.9912268844046132, time=0.22303557395935059
INFO - 11/08/25 16:08:07 - 0:11:32 - Epoch 135: val_AUC=0.9625103041223005, val_AP=0.9592982754116961
INFO - 11/08/25 16:08:08 - 0:11:32 - Epoch 136: train_loss=0.7937428951263428, train_AUC=0.9934408610207398, train_AP=0.9911271546555159, time=0.2228991985321045
INFO - 11/08/25 16:08:08 - 0:11:32 - Epoch 136: val_AUC=0.9625355553311004, val_AP=0.9593357751717114
INFO - 11/08/25 16:08:08 - 0:11:32 - Epoch 137: train_loss=0.7916035652160645, train_AUC=0.9936534369587775, train_AP=0.9916009690578377, time=0.22479557991027832
INFO - 11/08/25 16:08:08 - 0:11:32 - Epoch 137: val_AUC=0.9625583628745323, val_AP=0.959369058615029
INFO - 11/08/25 16:08:08 - 0:11:32 - Epoch 138: train_loss=0.7895412445068359, train_AUC=0.9935564807456778, train_AP=0.9913682172398552, time=0.247267484664917
INFO - 11/08/25 16:08:08 - 0:11:32 - Epoch 138: val_AUC=0.96260194157359, val_AP=0.9594215911657971
INFO - 11/08/25 16:08:08 - 0:11:33 - Epoch 139: train_loss=0.7883573174476624, train_AUC=0.9938964277109128, train_AP=0.9918545190270858, time=0.22565436363220215
INFO - 11/08/25 16:08:08 - 0:11:33 - Epoch 139: val_AUC=0.9626575349607058, val_AP=0.9594964743567811
INFO - 11/08/25 16:08:09 - 0:11:33 - Epoch 140: train_loss=0.7878425717353821, train_AUC=0.9936421840781331, train_AP=0.9911929797346001, time=0.22201919555664062
INFO - 11/08/25 16:08:09 - 0:11:33 - Epoch 140: val_AUC=0.9627153683744085, val_AP=0.9595700663116744
INFO - 11/08/25 16:08:09 - 0:11:33 - Epoch 141: train_loss=0.7859832048416138, train_AUC=0.9938121944580397, train_AP=0.991615649009332, time=0.22367262840270996
INFO - 11/08/25 16:08:09 - 0:11:33 - Epoch 141: val_AUC=0.9627526342712663, val_AP=0.9596288565310785
INFO - 11/08/25 16:08:09 - 0:11:34 - Epoch 142: train_loss=0.7845820188522339, train_AUC=0.9936398994402585, train_AP=0.9912856668155823, time=0.3003087043762207
INFO - 11/08/25 16:08:09 - 0:11:34 - Epoch 142: val_AUC=0.9628123004339949, val_AP=0.9597066119090626
INFO - 11/08/25 16:08:10 - 0:11:34 - Epoch 143: train_loss=0.7832892537117004, train_AUC=0.9938820270247848, train_AP=0.991560587549787, time=0.22481322288513184
INFO - 11/08/25 16:08:10 - 0:11:34 - Epoch 143: val_AUC=0.9628520099962203, val_AP=0.9597520277073338
INFO - 11/08/25 16:08:10 - 0:11:34 - Epoch 144: train_loss=0.7828934788703918, train_AUC=0.9936922476233314, train_AP=0.9913192243937594, time=0.22272253036499023
INFO - 11/08/25 16:08:10 - 0:11:34 - Epoch 144: val_AUC=0.9628530281901236, val_AP=0.9597359288441728
INFO - 11/08/25 16:08:10 - 0:11:34 - Epoch 145: train_loss=0.7812660932540894, train_AUC=0.9937600967186192, train_AP=0.9910449008879313, time=0.22471189498901367
INFO - 11/08/25 16:08:10 - 0:11:35 - Epoch 145: val_AUC=0.9628281842588853, val_AP=0.9596944430419188
INFO - 11/08/25 16:08:11 - 0:11:35 - Epoch 146: train_loss=0.7791526913642883, train_AUC=0.9941985444755971, train_AP=0.9921902183604729, time=0.27800822257995605
INFO - 11/08/25 16:08:11 - 0:11:35 - Epoch 146: val_AUC=0.9627843001016565, val_AP=0.9596403520120819
INFO - 11/08/25 16:08:11 - 0:11:35 - Epoch 147: train_loss=0.7783803939819336, train_AUC=0.9940672144309175, train_AP=0.9919365343983293, time=0.2587602138519287
INFO - 11/08/25 16:08:11 - 0:11:35 - Epoch 147: val_AUC=0.9627666853471308, val_AP=0.9596056536517122
INFO - 11/08/25 16:08:11 - 0:11:35 - Epoch 148: train_loss=0.7770282030105591, train_AUC=0.9939842703816553, train_AP=0.9917551019213924, time=0.2571530342102051
INFO - 11/08/25 16:08:11 - 0:11:35 - Epoch 148: val_AUC=0.9627348158779601, val_AP=0.9595586156815094
INFO - 11/08/25 16:08:11 - 0:11:36 - Epoch 149: train_loss=0.774372935295105, train_AUC=0.994530417010675, train_AP=0.9925730952471344, time=0.25979042053222656
INFO - 11/08/25 16:08:12 - 0:11:36 - Epoch 149: val_AUC=0.9627114992375765, val_AP=0.9595376386932474
INFO - 11/08/25 16:08:12 - 0:11:36 - Epoch 150: train_loss=0.7742290496826172, train_AUC=0.9944822548646822, train_AP=0.9926483536206324, time=0.2561006546020508
INFO - 11/08/25 16:08:12 - 0:11:36 - Epoch 150: val_AUC=0.9626850261960928, val_AP=0.9595191803156082
INFO - 11/08/25 16:08:12 - 0:11:36 - Epoch 151: train_loss=0.7731428146362305, train_AUC=0.9942676049291413, train_AP=0.9920829408623932, time=0.25885581970214844
INFO - 11/08/25 16:08:12 - 0:11:36 - Epoch 151: val_AUC=0.9627108883212344, val_AP=0.9595448668368631
INFO - 11/08/25 16:08:12 - 0:11:37 - Epoch 152: train_loss=0.769676923751831, train_AUC=0.9945463106720777, train_AP=0.992475126359991, time=0.25065040588378906
INFO - 11/08/25 16:08:12 - 0:11:37 - Epoch 152: val_AUC=0.9627373613627181, val_AP=0.9595869603130739
INFO - 11/08/25 16:08:13 - 0:11:37 - Epoch 153: train_loss=0.7691574096679688, train_AUC=0.9945055020941683, train_AP=0.9923692099097494, time=0.2696702480316162
INFO - 11/08/25 16:08:13 - 0:11:37 - Epoch 153: val_AUC=0.9627738127044534, val_AP=0.959621368095606
INFO - 11/08/25 16:08:13 - 0:11:37 - Epoch 154: train_loss=0.7680599689483643, train_AUC=0.9947389337185453, train_AP=0.9926645924727393, time=0.2532658576965332
INFO - 11/08/25 16:08:13 - 0:11:37 - Epoch 154: val_AUC=0.9628078203808208, val_AP=0.9596279362450548
INFO - 11/08/25 16:08:13 - 0:11:38 - Epoch 155: train_loss=0.7676361799240112, train_AUC=0.9944828873141587, train_AP=0.9923162390947454, time=0.24263811111450195
INFO - 11/08/25 16:08:13 - 0:11:38 - Epoch 155: val_AUC=0.9628261478710787, val_AP=0.9596629432693263
INFO - 11/08/25 16:08:14 - 0:11:38 - Epoch 156: train_loss=0.7674614191055298, train_AUC=0.9944269050563168, train_AP=0.9923511956501814, time=0.21123027801513672
INFO - 11/08/25 16:08:14 - 0:11:38 - Epoch 156: val_AUC=0.9628858140338072, val_AP=0.9597944049021746
INFO - 11/08/25 16:08:14 - 0:11:38 - Epoch 157: train_loss=0.7637046575546265, train_AUC=0.9949998836757923, train_AP=0.9931925479730551, time=0.22902560234069824
INFO - 11/08/25 16:08:14 - 0:11:38 - Epoch 157: val_AUC=0.962888868615517, val_AP=0.9598061260108193
INFO - 11/08/25 16:08:14 - 0:11:38 - Epoch 158: train_loss=0.7619533538818359, train_AUC=0.994862581730014, train_AP=0.992707371550647, time=0.2140209674835205
INFO - 11/08/25 16:08:14 - 0:11:38 - Epoch 158: val_AUC=0.9628925341135686, val_AP=0.959816088265089
INFO - 11/08/25 16:08:14 - 0:11:39 - Epoch 159: train_loss=0.7609235048294067, train_AUC=0.994939006495005, train_AP=0.9931568201465388, time=0.21219468116760254
INFO - 11/08/25 16:08:14 - 0:11:39 - Epoch 159: val_AUC=0.9628640246842783, val_AP=0.9598243840182102
INFO - 11/08/25 16:08:15 - 0:11:39 - Epoch 160: train_loss=0.7593101263046265, train_AUC=0.9950157200979635, train_AP=0.9930795338681698, time=0.21130800247192383
INFO - 11/08/25 16:08:15 - 0:11:39 - Epoch 160: val_AUC=0.9628192241525367, val_AP=0.9597951331785755
INFO - 11/08/25 16:08:15 - 0:11:39 - Epoch 161: train_loss=0.7591992020606995, train_AUC=0.9949871571931515, train_AP=0.9931210030464108, time=0.22766923904418945
INFO - 11/08/25 16:08:15 - 0:11:39 - Epoch 161: val_AUC=0.9628092458522853, val_AP=0.9597872656323204
INFO - 11/08/25 16:08:15 - 0:11:40 - Epoch 162: train_loss=0.7586787939071655, train_AUC=0.9950593085651893, train_AP=0.9929257794793528, time=0.21724820137023926
INFO - 11/08/25 16:08:15 - 0:11:40 - Epoch 162: val_AUC=0.9628096531298466, val_AP=0.9597601928652134
INFO - 11/08/25 16:08:15 - 0:11:40 - Epoch 163: train_loss=0.7564940452575684, train_AUC=0.9951384841595792, train_AP=0.9932717020475647, time=0.21536612510681152
INFO - 11/08/25 16:08:16 - 0:11:40 - Epoch 163: val_AUC=0.9628406062245045, val_AP=0.9598500344046708
INFO - 11/08/25 16:08:16 - 0:11:40 - Epoch 164: train_loss=0.755888044834137, train_AUC=0.9950992951877363, train_AP=0.993059799236141, time=0.2198646068572998
INFO - 11/08/25 16:08:16 - 0:11:40 - Epoch 164: val_AUC=0.9628987450963782, val_AP=0.9599281723575738
INFO - 11/08/25 16:08:16 - 0:11:40 - Epoch 165: train_loss=0.7539726495742798, train_AUC=0.995218347505349, train_AP=0.9933648201011863, time=0.2389824390411377
INFO - 11/08/25 16:08:16 - 0:11:40 - Epoch 165: val_AUC=0.9628968105279619, val_AP=0.9599707147125075
INFO - 11/08/25 16:08:16 - 0:11:41 - Epoch 166: train_loss=0.7523820400238037, train_AUC=0.9952121061395612, train_AP=0.9933922583678476, time=0.22007274627685547
INFO - 11/08/25 16:08:16 - 0:11:41 - Epoch 166: val_AUC=0.9629487384170261, val_AP=0.9600767607574656
INFO - 11/08/25 16:08:17 - 0:11:41 - Epoch 167: train_loss=0.7516436576843262, train_AUC=0.9951264325715062, train_AP=0.9931520291296934, time=0.21930932998657227
INFO - 11/08/25 16:08:17 - 0:11:41 - Epoch 167: val_AUC=0.9629163598509038, val_AP=0.9600234708463222
INFO - 11/08/25 16:08:17 - 0:11:41 - Epoch 168: train_loss=0.7512030601501465, train_AUC=0.9952443145669886, train_AP=0.993259545600063, time=0.23828673362731934
INFO - 11/08/25 16:08:17 - 0:11:41 - Epoch 168: val_AUC=0.9628727811518462, val_AP=0.9599950024404337
INFO - 11/08/25 16:08:17 - 0:11:41 - Epoch 169: train_loss=0.7470555305480957, train_AUC=0.9956912199927926, train_AP=0.9940163932141967, time=0.2241058349609375
INFO - 11/08/25 16:08:17 - 0:11:42 - Epoch 169: val_AUC=0.9628593409923236, val_AP=0.9599802634896092
INFO - 11/08/25 16:08:17 - 0:11:42 - Epoch 170: train_loss=0.7481358051300049, train_AUC=0.9954188348699645, train_AP=0.9935116492011241, time=0.22261524200439453
INFO - 11/08/25 16:08:17 - 0:11:42 - Epoch 170: val_AUC=0.9628273697037627, val_AP=0.9599364747818379
INFO - 11/08/25 16:08:18 - 0:11:42 - Epoch 171: train_loss=0.7465018033981323, train_AUC=0.9956218233248094, train_AP=0.9938818449839112, time=0.22458171844482422
INFO - 11/08/25 16:08:18 - 0:11:42 - Epoch 171: val_AUC=0.9627683144573759, val_AP=0.9599026565598963
INFO - 11/08/25 16:08:18 - 0:11:42 - Epoch 172: train_loss=0.7457646727561951, train_AUC=0.9954254561281278, train_AP=0.993280904794967, time=0.28832268714904785
INFO - 11/08/25 16:08:18 - 0:11:42 - Epoch 172: val_AUC=0.9627471360241889, val_AP=0.9598879107251838
INFO - 11/08/25 16:08:18 - 0:11:43 - Epoch 173: train_loss=0.744854748249054, train_AUC=0.9957090997674631, train_AP=0.9940323007278086, time=0.23087763786315918
INFO - 11/08/25 16:08:18 - 0:11:43 - Epoch 173: val_AUC=0.9627267721461247, val_AP=0.9598763167887715
INFO - 11/08/25 16:08:19 - 0:11:43 - Epoch 174: train_loss=0.742912769317627, train_AUC=0.9958440814989831, train_AP=0.9942677465335626, time=0.22289705276489258
INFO - 11/08/25 16:08:19 - 0:11:43 - Epoch 174: val_AUC=0.9627312521992988, val_AP=0.9598812384451394
INFO - 11/08/25 16:08:19 - 0:11:43 - Epoch 175: train_loss=0.7424088716506958, train_AUC=0.9958714599920077, train_AP=0.994421796393827, time=0.22366642951965332
INFO - 11/08/25 16:08:19 - 0:11:43 - Epoch 175: val_AUC=0.9627420450546729, val_AP=0.9599187999899919
INFO - 11/08/25 16:08:19 - 0:11:43 - Epoch 176: train_loss=0.7415775060653687, train_AUC=0.9958042289042978, train_AP=0.9942162152167094, time=0.22366976737976074
INFO - 11/08/25 16:08:19 - 0:11:43 - Epoch 176: val_AUC=0.9627593543510277, val_AP=0.959976362524223
INFO - 11/08/25 16:08:19 - 0:11:44 - Epoch 177: train_loss=0.739976167678833, train_AUC=0.9959736834472377, train_AP=0.9941101531538565, time=0.22275042533874512
INFO - 11/08/25 16:08:19 - 0:11:44 - Epoch 177: val_AUC=0.9627530415488276, val_AP=0.9600452753570835
INFO - 11/08/25 16:08:20 - 0:11:44 - Epoch 178: train_loss=0.7391830682754517, train_AUC=0.9960725704717017, train_AP=0.994535010744832, time=0.23140740394592285
INFO - 11/08/25 16:08:20 - 0:11:44 - Epoch 178: val_AUC=0.962741434138331, val_AP=0.9600567803708184
INFO - 11/08/25 16:08:20 - 0:11:44 - Epoch 179: train_loss=0.7385549545288086, train_AUC=0.9957359143219683, train_AP=0.994051831095992, time=0.23765802383422852
INFO - 11/08/25 16:08:20 - 0:11:44 - Epoch 179: val_AUC=0.9627206629827053, val_AP=0.9600370296010077
INFO - 11/08/25 16:08:20 - 0:11:45 - Epoch 180: train_loss=0.7376276254653931, train_AUC=0.9958229165446737, train_AP=0.9942689667686726, time=0.22452759742736816
INFO - 11/08/25 16:08:20 - 0:11:45 - Epoch 180: val_AUC=0.9626911353595121, val_AP=0.9600117424044938
INFO - 11/08/25 16:08:21 - 0:11:45 - Epoch 181: train_loss=0.7354803085327148, train_AUC=0.9960460232684373, train_AP=0.9945531733108589, time=0.22556734085083008
INFO - 11/08/25 16:08:21 - 0:11:45 - Epoch 181: val_AUC=0.9626542767402158, val_AP=0.959944482368455
INFO - 11/08/25 16:08:21 - 0:11:45 - Epoch 182: train_loss=0.7343016862869263, train_AUC=0.9963325737801223, train_AP=0.9946965768801685, time=0.23296070098876953
INFO - 11/08/25 16:08:21 - 0:11:45 - Epoch 182: val_AUC=0.9626308582804416, val_AP=0.9599057104755591
INFO - 11/08/25 16:08:21 - 0:11:45 - Epoch 183: train_loss=0.7327233552932739, train_AUC=0.9962507657094518, train_AP=0.9947657825322416, time=0.22403502464294434
INFO - 11/08/25 16:08:21 - 0:11:45 - Epoch 183: val_AUC=0.9625927778284612, val_AP=0.9598842071448774
INFO - 11/08/25 16:08:21 - 0:11:46 - Epoch 184: train_loss=0.731465220451355, train_AUC=0.9961863555471843, train_AP=0.9948093279828046, time=0.22405695915222168
INFO - 11/08/25 16:08:21 - 0:11:46 - Epoch 184: val_AUC=0.9625683411747838, val_AP=0.9598529821012279
INFO - 11/08/25 16:08:22 - 0:11:46 - Epoch 185: train_loss=0.7292131185531616, train_AUC=0.9965051040951746, train_AP=0.9949629958133867, time=0.22427964210510254
INFO - 11/08/25 16:08:22 - 0:11:46 - Epoch 185: val_AUC=0.9625634538440485, val_AP=0.9598705277769463
INFO - 11/08/25 16:08:22 - 0:11:46 - Epoch 186: train_loss=0.7292168140411377, train_AUC=0.9965790557731293, train_AP=0.9953437413263413, time=0.2545754909515381
INFO - 11/08/25 16:08:22 - 0:11:46 - Epoch 186: val_AUC=0.962556021028555, val_AP=0.9598963194910664
INFO - 11/08/25 16:08:22 - 0:11:47 - Epoch 187: train_loss=0.7288751602172852, train_AUC=0.9960771809596974, train_AP=0.9942627730273854, time=0.22819089889526367
INFO - 11/08/25 16:08:22 - 0:11:47 - Epoch 187: val_AUC=0.962559788345997, val_AP=0.9598525615883471
INFO - 11/08/25 16:08:23 - 0:11:47 - Epoch 188: train_loss=0.7273166179656982, train_AUC=0.9966011645583336, train_AP=0.9951748756633266, time=0.22309350967407227
INFO - 11/08/25 16:08:23 - 0:11:47 - Epoch 188: val_AUC=0.9625866686650418, val_AP=0.9598568754544525
INFO - 11/08/25 16:08:23 - 0:11:47 - Epoch 189: train_loss=0.7257899045944214, train_AUC=0.9964569438865097, train_AP=0.9949455591398548, time=0.22777438163757324
INFO - 11/08/25 16:08:23 - 0:11:47 - Epoch 189: val_AUC=0.9625644720379518, val_AP=0.9598336482424928
INFO - 11/08/25 16:08:23 - 0:11:47 - Epoch 190: train_loss=0.7245813012123108, train_AUC=0.996624137039509, train_AP=0.9952812723458226, time=0.23093700408935547
INFO - 11/08/25 16:08:23 - 0:11:47 - Epoch 190: val_AUC=0.9625219115327973, val_AP=0.9597743046205289
INFO - 11/08/25 16:08:23 - 0:11:48 - Epoch 191: train_loss=0.7242522239685059, train_AUC=0.996770519769192, train_AP=0.9954976578180088, time=0.2247319221496582
INFO - 11/08/25 16:08:23 - 0:11:48 - Epoch 191: val_AUC=0.9624412705756624, val_AP=0.9596833763888278
INFO - 11/08/25 16:08:24 - 0:11:48 - Epoch 192: train_loss=0.7232999801635742, train_AUC=0.9963733242381968, train_AP=0.9945564927968522, time=0.22321414947509766
INFO - 11/08/25 16:08:24 - 0:11:48 - Epoch 192: val_AUC=0.9624060410666111, val_AP=0.9596635978520474
INFO - 11/08/25 16:08:24 - 0:11:48 - Epoch 193: train_loss=0.7216122150421143, train_AUC=0.9968566482570458, train_AP=0.9957271270486013, time=0.21909713745117188
INFO - 11/08/25 16:08:24 - 0:11:48 - Epoch 193: val_AUC=0.962410113842224, val_AP=0.9596802979480481
INFO - 11/08/25 16:08:24 - 0:11:48 - Epoch 194: train_loss=0.7213538885116577, train_AUC=0.9966469800719613, train_AP=0.9951135002761847, time=0.21991229057312012
INFO - 11/08/25 16:08:24 - 0:11:48 - Epoch 194: val_AUC=0.9623543168163277, val_AP=0.959660831828411
INFO - 11/08/25 16:08:24 - 0:11:49 - Epoch 195: train_loss=0.7192987203598022, train_AUC=0.9967479557119475, train_AP=0.9954605425757481, time=0.22160100936889648
INFO - 11/08/25 16:08:24 - 0:11:49 - Epoch 195: val_AUC=0.9622928179045731, val_AP=0.9596058662830486
INFO - 11/08/25 16:08:25 - 0:11:49 - Epoch 196: train_loss=0.7183781862258911, train_AUC=0.9966155611936851, train_AP=0.9950064160489731, time=0.21908783912658691
INFO - 11/08/25 16:08:25 - 0:11:49 - Epoch 196: val_AUC=0.9622624757262573, val_AP=0.959567711141015
INFO - 11/08/25 16:08:25 - 0:11:49 - Epoch 197: train_loss=0.7183092832565308, train_AUC=0.9967245793859797, train_AP=0.9954176885591578, time=0.21982336044311523
INFO - 11/08/25 16:08:25 - 0:11:49 - Epoch 197: val_AUC=0.9622492392055155, val_AP=0.9595573794058795
INFO - 11/08/25 16:08:25 - 0:11:49 - Epoch 198: train_loss=0.7161464095115662, train_AUC=0.9968268775163915, train_AP=0.9953974018619011, time=0.21871399879455566
INFO - 11/08/25 16:08:25 - 0:11:50 - Epoch 198: val_AUC=0.9622097332820706, val_AP=0.9595042561124303
INFO - 11/08/25 16:08:25 - 0:11:50 - Epoch 199: train_loss=0.716459333896637, train_AUC=0.9967785799335714, train_AP=0.9953298825097591, time=0.24164605140686035
INFO - 11/08/25 16:08:26 - 0:11:50 - Epoch 199: val_AUC=0.9621466052600711, val_AP=0.9594529527701063
INFO - 11/08/25 16:08:26 - 0:11:50 - Epoch 200: train_loss=0.7146342992782593, train_AUC=0.9969494723260032, train_AP=0.995686812720766, time=0.22339320182800293
INFO - 11/08/25 16:08:26 - 0:11:50 - Epoch 200: val_AUC=0.9620965101200329, val_AP=0.959417044320418
INFO - 11/08/25 16:08:26 - 0:11:50 - Epoch 201: train_loss=0.7136610746383667, train_AUC=0.9969776623832681, train_AP=0.9957646666141129, time=0.22306275367736816
INFO - 11/08/25 16:08:26 - 0:11:50 - Epoch 201: val_AUC=0.9620323639041302, val_AP=0.9593818681881611
INFO - 11/08/25 16:08:26 - 0:11:51 - Epoch 202: train_loss=0.712749719619751, train_AUC=0.9970585139423523, train_AP=0.9959115460578604, time=0.22222542762756348
INFO - 11/08/25 16:08:26 - 0:11:51 - Epoch 202: val_AUC=0.9619946907297111, val_AP=0.9593376780226812
INFO - 11/08/25 16:08:27 - 0:11:51 - Epoch 203: train_loss=0.7116920948028564, train_AUC=0.9970366904727013, train_AP=0.9955076826253162, time=0.23678898811340332
INFO - 11/08/25 16:08:27 - 0:11:51 - Epoch 203: val_AUC=0.9619553884450468, val_AP=0.9592914075118447
INFO - 11/08/25 16:08:27 - 0:11:51 - Epoch 204: train_loss=0.710787832736969, train_AUC=0.9967630282985913, train_AP=0.9952865146233205, time=0.22391891479492188
INFO - 11/08/25 16:08:27 - 0:11:51 - Epoch 204: val_AUC=0.9618916495067052, val_AP=0.9592445429883782
INFO - 11/08/25 16:08:27 - 0:11:51 - Epoch 205: train_loss=0.7091242074966431, train_AUC=0.9971514826064143, train_AP=0.9959700662719735, time=0.22192120552062988
INFO - 11/08/25 16:08:27 - 0:11:51 - Epoch 205: val_AUC=0.9618099903556674, val_AP=0.9592030158694005
INFO - 11/08/25 16:08:27 - 0:11:52 - Epoch 206: train_loss=0.7089575529098511, train_AUC=0.9969793846677097, train_AP=0.9957510356278163, time=0.22251343727111816
INFO - 11/08/25 16:08:27 - 0:11:52 - Epoch 206: val_AUC=0.9617354585619518, val_AP=0.9591296531802856
INFO - 11/08/25 16:08:28 - 0:11:52 - Epoch 207: train_loss=0.7090500593185425, train_AUC=0.9969990004642373, train_AP=0.9955181215650999, time=0.22226428985595703
INFO - 11/08/25 16:08:28 - 0:11:52 - Epoch 207: val_AUC=0.9616933053343586, val_AP=0.95907805302857
INFO - 11/08/25 16:08:28 - 0:11:52 - Epoch 208: train_loss=0.7084423899650574, train_AUC=0.997012285073414, train_AP=0.9956803182519647, time=0.2365715503692627
INFO - 11/08/25 16:08:28 - 0:11:52 - Epoch 208: val_AUC=0.9616332318940688, val_AP=0.959043417458468
INFO - 11/08/25 16:08:28 - 0:11:53 - Epoch 209: train_loss=0.7058694362640381, train_AUC=0.9970638320833685, train_AP=0.9957654220813908, time=0.2224435806274414
INFO - 11/08/25 16:08:28 - 0:11:53 - Epoch 209: val_AUC=0.9615692893169465, val_AP=0.9590044390364528
INFO - 11/08/25 16:08:29 - 0:11:53 - Epoch 210: train_loss=0.7059913873672485, train_AUC=0.9970936547796326, train_AP=0.9956405260833319, time=0.22129535675048828
INFO - 11/08/25 16:08:29 - 0:11:53 - Epoch 210: val_AUC=0.9615682711230435, val_AP=0.9590156860023475
INFO - 11/08/25 16:08:29 - 0:11:53 - Epoch 211: train_loss=0.7055960893630981, train_AUC=0.9970320822742749, train_AP=0.9955781386565201, time=0.22305035591125488
INFO - 11/08/25 16:08:29 - 0:11:53 - Epoch 211: val_AUC=0.9615282561026471, val_AP=0.9589985281965887
INFO - 11/08/25 16:08:29 - 0:11:53 - Epoch 212: train_loss=0.7044930458068848, train_AUC=0.9971170936284531, train_AP=0.9959981618595011, time=0.22300481796264648
INFO - 11/08/25 16:08:29 - 0:11:53 - Epoch 212: val_AUC=0.9614544370446637, val_AP=0.9589321662441425
INFO - 11/08/25 16:08:29 - 0:11:54 - Epoch 213: train_loss=0.7038087844848633, train_AUC=0.9970766767430069, train_AP=0.9956485832472506, time=0.22323155403137207
INFO - 11/08/25 16:08:29 - 0:11:54 - Epoch 213: val_AUC=0.961406785569993, val_AP=0.9589056247002743
INFO - 11/08/25 16:08:30 - 0:11:54 - Epoch 214: train_loss=0.7015242576599121, train_AUC=0.9973342585677598, train_AP=0.9961621657721009, time=0.21831297874450684
INFO - 11/08/25 16:08:30 - 0:11:54 - Epoch 214: val_AUC=0.961343453909213, val_AP=0.9589114292386046
INFO - 11/08/25 16:08:30 - 0:11:54 - Epoch 215: train_loss=0.7007565498352051, train_AUC=0.997415088111755, train_AP=0.9961571819560461, time=0.221757173538208
INFO - 11/08/25 16:08:30 - 0:11:54 - Epoch 215: val_AUC=0.9612553801365846, val_AP=0.9588621660990626
INFO - 11/08/25 16:08:30 - 0:11:54 - Epoch 216: train_loss=0.6994008421897888, train_AUC=0.9972921514518417, train_AP=0.9960268131314912, time=0.22433924674987793
INFO - 11/08/25 16:08:30 - 0:11:54 - Epoch 216: val_AUC=0.9611424624327177, val_AP=0.9587408490082209
INFO - 11/08/25 16:08:30 - 0:11:55 - Epoch 217: train_loss=0.6996303796768188, train_AUC=0.9972157740633222, train_AP=0.9959192890152664, time=0.28650808334350586
INFO - 11/08/25 16:08:31 - 0:11:55 - Epoch 217: val_AUC=0.9611337059651499, val_AP=0.9587491805083567
INFO - 11/08/25 16:08:31 - 0:11:55 - Epoch 218: train_loss=0.6991076469421387, train_AUC=0.9972858627095823, train_AP=0.9961917156270524, time=0.2596135139465332
INFO - 11/08/25 16:08:31 - 0:11:55 - Epoch 218: val_AUC=0.9611385932958855, val_AP=0.9587705568327366
INFO - 11/08/25 16:08:31 - 0:11:55 - Epoch 219: train_loss=0.6973799467086792, train_AUC=0.99744495800837, train_AP=0.9962667546826468, time=0.25915026664733887
INFO - 11/08/25 16:08:31 - 0:11:55 - Epoch 219: val_AUC=0.9610367739055639, val_AP=0.9586632219364949
INFO - 11/08/25 16:08:31 - 0:11:56 - Epoch 220: train_loss=0.6980834007263184, train_AUC=0.9971439500996877, train_AP=0.9958155286309575, time=0.2701833248138428
INFO - 11/08/25 16:08:31 - 0:11:56 - Epoch 220: val_AUC=0.9609783295755191, val_AP=0.9585962840723112
INFO - 11/08/25 16:08:32 - 0:11:56 - Epoch 221: train_loss=0.6950603127479553, train_AUC=0.9974398092954787, train_AP=0.9962782206732137, time=0.26228785514831543
INFO - 11/08/25 16:08:32 - 0:11:56 - Epoch 221: val_AUC=0.9609899369860158, val_AP=0.9586528860417738
INFO - 11/08/25 16:08:32 - 0:11:56 - Epoch 222: train_loss=0.6949704885482788, train_AUC=0.9975178901235235, train_AP=0.9963851473425896, time=0.263394832611084
INFO - 11/08/25 16:08:32 - 0:11:56 - Epoch 222: val_AUC=0.9609076669186357, val_AP=0.958634211387924
INFO - 11/08/25 16:08:32 - 0:11:57 - Epoch 223: train_loss=0.6940549612045288, train_AUC=0.9974918777988611, train_AP=0.9963846948093494, time=0.2655947208404541
INFO - 11/08/25 16:08:32 - 0:11:57 - Epoch 223: val_AUC=0.9607989238097719, val_AP=0.9585413386641546
INFO - 11/08/25 16:08:33 - 0:11:57 - Epoch 224: train_loss=0.6927260160446167, train_AUC=0.9976758471541501, train_AP=0.9966218827806969, time=0.2894601821899414
INFO - 11/08/25 16:08:33 - 0:11:57 - Epoch 224: val_AUC=0.9607734689621915, val_AP=0.9584951541220509
INFO - 11/08/25 16:08:33 - 0:11:57 - Epoch 225: train_loss=0.6928459405899048, train_AUC=0.9975883945907846, train_AP=0.9966016371897399, time=0.2701575756072998
INFO - 11/08/25 16:08:33 - 0:11:57 - Epoch 225: val_AUC=0.9607239847384952, val_AP=0.9584488419551511
INFO - 11/08/25 16:08:33 - 0:11:58 - Epoch 226: train_loss=0.6925207376480103, train_AUC=0.9975439415469841, train_AP=0.9964814309221036, time=0.2697749137878418
INFO - 11/08/25 16:08:33 - 0:11:58 - Epoch 226: val_AUC=0.9606333654811088, val_AP=0.9584045956713156
INFO - 11/08/25 16:08:34 - 0:11:58 - Epoch 227: train_loss=0.6913067102432251, train_AUC=0.9975922266252337, train_AP=0.9966752835012962, time=0.26874566078186035
INFO - 11/08/25 16:08:34 - 0:11:58 - Epoch 227: val_AUC=0.960629292705496, val_AP=0.9584154034304044
INFO - 11/08/25 16:08:34 - 0:11:58 - Epoch 228: train_loss=0.6893664002418518, train_AUC=0.9976583055312465, train_AP=0.9965866206626984, time=0.260143518447876
INFO - 11/08/25 16:08:34 - 0:11:58 - Epoch 228: val_AUC=0.9606207398767089, val_AP=0.9584550055745057
INFO - 11/08/25 16:08:34 - 0:11:59 - Epoch 229: train_loss=0.6896300315856934, train_AUC=0.997683113014119, train_AP=0.9965451800872214, time=0.2630016803741455
INFO - 11/08/25 16:08:34 - 0:11:59 - Epoch 229: val_AUC=0.9604930583612457, val_AP=0.9582776733289413
INFO - 11/08/25 16:08:35 - 0:11:59 - Epoch 230: train_loss=0.6891434192657471, train_AUC=0.9975548423623255, train_AP=0.9965006947050259, time=0.2628953456878662
INFO - 11/08/25 16:08:35 - 0:11:59 - Epoch 230: val_AUC=0.9604095664611817, val_AP=0.9581879923462671
INFO - 11/08/25 16:08:35 - 0:11:59 - Epoch 231: train_loss=0.6889197826385498, train_AUC=0.9974886915990623, train_AP=0.9962753865907172, time=0.2653234004974365
INFO - 11/08/25 16:08:35 - 0:11:59 - Epoch 231: val_AUC=0.9603358492225886, val_AP=0.9581252407661066
INFO - 11/08/25 16:08:35 - 0:12:00 - Epoch 232: train_loss=0.6884666681289673, train_AUC=0.9976830615868713, train_AP=0.9965661587379333, time=0.26960110664367676
INFO - 11/08/25 16:08:35 - 0:12:00 - Epoch 232: val_AUC=0.9602262915586024, val_AP=0.958054628842565
INFO - 11/08/25 16:08:36 - 0:12:00 - Epoch 233: train_loss=0.6878343820571899, train_AUC=0.9977271889834753, train_AP=0.9967460278793665, time=0.26648688316345215
INFO - 11/08/25 16:08:36 - 0:12:00 - Epoch 233: val_AUC=0.9601183630048611, val_AP=0.9580386949654567
INFO - 11/08/25 16:08:36 - 0:12:00 - Epoch 234: train_loss=0.6868770122528076, train_AUC=0.997659564442095, train_AP=0.996478553242807, time=0.26331257820129395
INFO - 11/08/25 16:08:36 - 0:12:00 - Epoch 234: val_AUC=0.9601010537085065, val_AP=0.95805943615036
INFO - 11/08/25 16:08:36 - 0:12:01 - Epoch 235: train_loss=0.6858518123626709, train_AUC=0.9978530157842708, train_AP=0.9970230739648613, time=0.28386807441711426
INFO - 11/08/25 16:08:36 - 0:12:01 - Epoch 235: val_AUC=0.9600698969750681, val_AP=0.9580271618650336
INFO - 11/08/25 16:08:37 - 0:12:01 - Epoch 236: train_loss=0.6857709884643555, train_AUC=0.9975436534134995, train_AP=0.996456222525924, time=0.26177978515625
INFO - 11/08/25 16:08:37 - 0:12:01 - Epoch 236: val_AUC=0.9600069725918492, val_AP=0.9580348125783295
INFO - 11/08/25 16:08:37 - 0:12:01 - Epoch 237: train_loss=0.6833829879760742, train_AUC=0.9976354632032771, train_AP=0.9962362674980938, time=0.2690589427947998
INFO - 11/08/25 16:08:37 - 0:12:01 - Epoch 237: val_AUC=0.9599723539991398, val_AP=0.9580682770756628
INFO - 11/08/25 16:08:37 - 0:12:02 - Epoch 238: train_loss=0.6842823624610901, train_AUC=0.9977557286403533, train_AP=0.996808683930051, time=0.2705092430114746
INFO - 11/08/25 16:08:37 - 0:12:02 - Epoch 238: val_AUC=0.9599697066949914, val_AP=0.9580645451276357
INFO - 11/08/25 16:08:38 - 0:12:02 - Epoch 239: train_loss=0.6831537485122681, train_AUC=0.9977888842449693, train_AP=0.9968109652090967, time=0.2658233642578125
INFO - 11/08/25 16:08:38 - 0:12:02 - Epoch 239: val_AUC=0.9598526143961216, val_AP=0.9579332999615031
INFO - 11/08/25 16:08:38 - 0:12:02 - Epoch 240: train_loss=0.6821445226669312, train_AUC=0.9979058104333481, train_AP=0.9968796033318479, time=0.26996779441833496
INFO - 11/08/25 16:08:38 - 0:12:02 - Epoch 240: val_AUC=0.9597347075421289, val_AP=0.9578336736979846
INFO - 11/08/25 16:08:38 - 0:12:03 - Epoch 241: train_loss=0.6809507608413696, train_AUC=0.9978467448302034, train_AP=0.9969051600247285, time=0.27467823028564453
INFO - 11/08/25 16:08:38 - 0:12:03 - Epoch 241: val_AUC=0.95967809596111, val_AP=0.9578314274773202
INFO - 11/08/25 16:08:39 - 0:12:03 - Epoch 242: train_loss=0.6809056997299194, train_AUC=0.9977709882671932, train_AP=0.9965592160043674, time=0.27887511253356934
INFO - 11/08/25 16:08:39 - 0:12:03 - Epoch 242: val_AUC=0.959600305946904, val_AP=0.9577514686245095
INFO - 11/08/25 16:08:39 - 0:12:03 - Epoch 243: train_loss=0.6799204349517822, train_AUC=0.9979106685470648, train_AP=0.9968604128801342, time=0.2723116874694824
INFO - 11/08/25 16:08:39 - 0:12:03 - Epoch 243: val_AUC=0.959536363369782, val_AP=0.9577185609023204
INFO - 11/08/25 16:08:39 - 0:12:04 - Epoch 244: train_loss=0.680000901222229, train_AUC=0.9978099930167715, train_AP=0.9968206829937033, time=0.26743483543395996
INFO - 11/08/25 16:08:39 - 0:12:04 - Epoch 244: val_AUC=0.959479140872421, val_AP=0.9577064046690547
INFO - 11/08/25 16:08:40 - 0:12:04 - Epoch 245: train_loss=0.6788890361785889, train_AUC=0.9979042119617672, train_AP=0.9970366716523965, time=0.2165663242340088
INFO - 11/08/25 16:08:40 - 0:12:04 - Epoch 245: val_AUC=0.959426602067015, val_AP=0.9576787406091702
INFO - 11/08/25 16:08:40 - 0:12:04 - Epoch 246: train_loss=0.6775522232055664, train_AUC=0.9978089269581024, train_AP=0.9964687325574629, time=0.3000006675720215
INFO - 11/08/25 16:08:40 - 0:12:04 - Epoch 246: val_AUC=0.9593028915077741, val_AP=0.9575309525827705
INFO - 11/08/25 16:08:40 - 0:12:05 - Epoch 247: train_loss=0.6784911751747131, train_AUC=0.997726085234974, train_AP=0.9965382788632423, time=0.27503323554992676
INFO - 11/08/25 16:08:40 - 0:12:05 - Epoch 247: val_AUC=0.9592700038447001, val_AP=0.9574852025868277
INFO - 11/08/25 16:08:41 - 0:12:05 - Epoch 248: train_loss=0.6758806705474854, train_AUC=0.9981999115921931, train_AP=0.9973871415405633, time=0.26971864700317383
INFO - 11/08/25 16:08:41 - 0:12:05 - Epoch 248: val_AUC=0.9592087085717265, val_AP=0.9574268200471096
INFO - 11/08/25 16:08:41 - 0:12:05 - Epoch 249: train_loss=0.6768777370452881, train_AUC=0.9979165340712534, train_AP=0.9968020737622438, time=0.28444600105285645
INFO - 11/08/25 16:08:41 - 0:12:05 - Epoch 249: val_AUC=0.95925727642091, val_AP=0.9574805346313277
INFO - 11/08/25 16:08:41 - 0:12:06 - Epoch 250: train_loss=0.6768133640289307, train_AUC=0.9981142235822398, train_AP=0.9973321671453678, time=0.2907884120941162
INFO - 11/08/25 16:08:41 - 0:12:06 - Epoch 250: val_AUC=0.9592685783732356, val_AP=0.9575087378237531
INFO - 11/08/25 16:08:42 - 0:12:06 - Epoch 251: train_loss=0.6745041608810425, train_AUC=0.9980002704875982, train_AP=0.9971084279364493, time=0.28472352027893066
INFO - 11/08/25 16:08:42 - 0:12:06 - Epoch 251: val_AUC=0.9592149195545361, val_AP=0.9574995138552291
INFO - 11/08/25 16:08:42 - 0:12:06 - Epoch 252: train_loss=0.6748763918876648, train_AUC=0.9981501839091925, train_AP=0.9973291351795046, time=0.28292298316955566
INFO - 11/08/25 16:08:42 - 0:12:06 - Epoch 252: val_AUC=0.95912114389605, val_AP=0.9574439151484938
INFO - 11/08/25 16:08:42 - 0:12:07 - Epoch 253: train_loss=0.6743130087852478, train_AUC=0.9980642181568765, train_AP=0.9969989572738708, time=0.2511563301086426
INFO - 11/08/25 16:08:42 - 0:12:07 - Epoch 253: val_AUC=0.9590918199116371, val_AP=0.9573824230619015
INFO - 11/08/25 16:08:43 - 0:12:07 - Epoch 254: train_loss=0.6731513738632202, train_AUC=0.9981007998377006, train_AP=0.9971790723181014, time=0.2295849323272705
INFO - 11/08/25 16:08:43 - 0:12:07 - Epoch 254: val_AUC=0.959002931583886, val_AP=0.9572727715766414
INFO - 11/08/25 16:08:43 - 0:12:07 - Epoch 255: train_loss=0.6740866899490356, train_AUC=0.9979745359052984, train_AP=0.9970739445582218, time=0.22118067741394043
INFO - 11/08/25 16:08:43 - 0:12:07 - Epoch 255: val_AUC=0.9589232070012642, val_AP=0.9572628042598159
INFO - 11/08/25 16:08:43 - 0:12:07 - Epoch 256: train_loss=0.6737344861030579, train_AUC=0.9979503497762975, train_AP=0.9969272091943423, time=0.22217893600463867
INFO - 11/08/25 16:08:43 - 0:12:07 - Epoch 256: val_AUC=0.958815278447523, val_AP=0.9572102369257361
INFO - 11/08/25 16:08:44 - 0:12:08 - Epoch 257: train_loss=0.670981764793396, train_AUC=0.9980191916640382, train_AP=0.996991604000905, time=0.31511831283569336
INFO - 11/08/25 16:08:44 - 0:12:08 - Epoch 257: val_AUC=0.958821591249723, val_AP=0.957262252229183
INFO - 11/08/25 16:08:44 - 0:12:08 - Epoch 258: train_loss=0.6709040403366089, train_AUC=0.9980052983816812, train_AP=0.997015236006376, time=0.2790501117706299
INFO - 11/08/25 16:08:44 - 0:12:08 - Epoch 258: val_AUC=0.9587851399079879, val_AP=0.9572710273111132
INFO - 11/08/25 16:08:44 - 0:12:08 - Epoch 259: train_loss=0.6706796884536743, train_AUC=0.9980526338170522, train_AP=0.9972307795957118, time=0.2609570026397705
INFO - 11/08/25 16:08:44 - 0:12:09 - Epoch 259: val_AUC=0.9587006298140207, val_AP=0.9571901841433854
INFO - 11/08/25 16:08:45 - 0:12:09 - Epoch 260: train_loss=0.6706308126449585, train_AUC=0.9980698085805132, train_AP=0.997242579330871, time=0.29601383209228516
INFO - 11/08/25 16:08:45 - 0:12:09 - Epoch 260: val_AUC=0.9586476837310534, val_AP=0.957146706117344
INFO - 11/08/25 16:08:45 - 0:12:09 - Epoch 261: train_loss=0.669520914554596, train_AUC=0.9979642060733049, train_AP=0.9969386622806573, time=0.29616236686706543
INFO - 11/08/25 16:08:45 - 0:12:09 - Epoch 261: val_AUC=0.9586240616324987, val_AP=0.9571689542093006
INFO - 11/08/25 16:08:45 - 0:12:10 - Epoch 262: train_loss=0.6681506633758545, train_AUC=0.9981285800620691, train_AP=0.9971092642574014, time=0.25837278366088867
INFO - 11/08/25 16:08:45 - 0:12:10 - Epoch 262: val_AUC=0.9585206131319318, val_AP=0.9570912142476657
INFO - 11/08/25 16:08:46 - 0:12:10 - Epoch 263: train_loss=0.6683468818664551, train_AUC=0.9980764245550551, train_AP=0.9971088694401915, time=0.28908419609069824
INFO - 11/08/25 16:08:46 - 0:12:10 - Epoch 263: val_AUC=0.9584525977791968, val_AP=0.9570664631723633
INFO - 11/08/25 16:08:46 - 0:12:10 - Epoch 264: train_loss=0.6686490178108215, train_AUC=0.998021078797466, train_AP=0.9971246595534997, time=0.2565016746520996
INFO - 11/08/25 16:08:46 - 0:12:10 - Epoch 264: val_AUC=0.95841248093941, val_AP=0.9570879595801474
INFO - 11/08/25 16:08:46 - 0:12:10 - Epoch 265: train_loss=0.6668897867202759, train_AUC=0.9980359169674423, train_AP=0.9969557809964525, time=0.25493288040161133
INFO - 11/08/25 16:08:46 - 0:12:11 - Epoch 265: val_AUC=0.9582876503668756, val_AP=0.9570005937537125
INFO - 11/08/25 16:08:46 - 0:12:11 - Epoch 266: train_loss=0.6649531126022339, train_AUC=0.9983200019652817, train_AP=0.997471321336601, time=0.2567903995513916
INFO - 11/08/25 16:08:47 - 0:12:11 - Epoch 266: val_AUC=0.9581703544292249, val_AP=0.9569405663892775
INFO - 11/08/25 16:08:47 - 0:12:11 - Epoch 267: train_loss=0.6651396751403809, train_AUC=0.9982496760844226, train_AP=0.9973278827424927, time=0.2788262367248535
INFO - 11/08/25 16:08:47 - 0:12:11 - Epoch 267: val_AUC=0.9580669059286581, val_AP=0.9568519005903711
INFO - 11/08/25 16:08:47 - 0:12:11 - Epoch 268: train_loss=0.6650322675704956, train_AUC=0.9983775657871162, train_AP=0.9977969896112614, time=0.26192641258239746
INFO - 11/08/25 16:08:47 - 0:12:12 - Epoch 268: val_AUC=0.9579500172685687, val_AP=0.9567425726379997
INFO - 11/08/25 16:08:47 - 0:12:12 - Epoch 269: train_loss=0.6620900630950928, train_AUC=0.9983118776929631, train_AP=0.9974041519707043, time=0.22700095176696777
INFO - 11/08/25 16:08:47 - 0:12:12 - Epoch 269: val_AUC=0.9577859862307602, val_AP=0.956607612667063
INFO - 11/08/25 16:08:48 - 0:12:12 - Epoch 270: train_loss=0.6643283367156982, train_AUC=0.9980321294915332, train_AP=0.9968977060048756, time=0.22086119651794434
INFO - 11/08/25 16:08:48 - 0:12:12 - Epoch 270: val_AUC=0.9577844589399054, val_AP=0.9565932985809728
INFO - 11/08/25 16:08:48 - 0:12:12 - Epoch 271: train_loss=0.6635606288909912, train_AUC=0.9981513614522721, train_AP=0.9971341953272695, time=0.2216639518737793
INFO - 11/08/25 16:08:48 - 0:12:12 - Epoch 271: val_AUC=0.9576903778232482, val_AP=0.9565266596621684
INFO - 11/08/25 16:08:48 - 0:12:13 - Epoch 272: train_loss=0.6630394458770752, train_AUC=0.9982330564534456, train_AP=0.9972282676741184, time=0.2202749252319336
INFO - 11/08/25 16:08:48 - 0:12:13 - Epoch 272: val_AUC=0.9575510888972878, val_AP=0.9564141518993732
INFO - 11/08/25 16:08:49 - 0:12:13 - Epoch 273: train_loss=0.6626068949699402, train_AUC=0.9980787329692258, train_AP=0.9972060365014199, time=0.22633838653564453
INFO - 11/08/25 16:08:49 - 0:12:13 - Epoch 273: val_AUC=0.9575392778480105, val_AP=0.956399142963523
INFO - 11/08/25 16:08:49 - 0:12:13 - Epoch 274: train_loss=0.660758376121521, train_AUC=0.9983140179118539, train_AP=0.9975284204053868, time=0.23299312591552734
INFO - 11/08/25 16:08:49 - 0:12:13 - Epoch 274: val_AUC=0.9573262716834573, val_AP=0.9562238695839747
INFO - 11/08/25 16:08:49 - 0:12:13 - Epoch 275: train_loss=0.6606026887893677, train_AUC=0.9983354826236149, train_AP=0.9974241135532967, time=0.2549738883972168
INFO - 11/08/25 16:08:49 - 0:12:13 - Epoch 275: val_AUC=0.9573197552424767, val_AP=0.9562489336844171
INFO - 11/08/25 16:08:49 - 0:12:14 - Epoch 276: train_loss=0.6609095335006714, train_AUC=0.9981827653602876, train_AP=0.9970765998941495, time=0.22299456596374512
INFO - 11/08/25 16:08:49 - 0:12:14 - Epoch 276: val_AUC=0.9573002059195349, val_AP=0.9562710285991739
INFO - 11/08/25 16:08:50 - 0:12:14 - Epoch 277: train_loss=0.6596964597702026, train_AUC=0.9982810898551979, train_AP=0.9975645351633284, time=0.22178196907043457
INFO - 11/08/25 16:08:50 - 0:12:14 - Epoch 277: val_AUC=0.9570199989573692, val_AP=0.9559996131044486
INFO - 11/08/25 16:08:50 - 0:12:14 - Epoch 278: train_loss=0.6588970422744751, train_AUC=0.9982618499002694, train_AP=0.9973482935291419, time=0.22152924537658691
INFO - 11/08/25 16:08:50 - 0:12:14 - Epoch 278: val_AUC=0.9571330184806265, val_AP=0.9561306275206303
INFO - 11/08/25 16:08:50 - 0:12:14 - Epoch 279: train_loss=0.6573926210403442, train_AUC=0.9984239646125416, train_AP=0.9975735285363055, time=0.22159123420715332
INFO - 11/08/25 16:08:50 - 0:12:15 - Epoch 279: val_AUC=0.9570322172842082, val_AP=0.9560595369523583
INFO - 11/08/25 16:08:50 - 0:12:15 - Epoch 280: train_loss=0.6583374738693237, train_AUC=0.998342019696078, train_AP=0.9975108790489429, time=0.21572232246398926
INFO - 11/08/25 16:08:51 - 0:12:15 - Epoch 280: val_AUC=0.9569554454639053, val_AP=0.9559312994037624
INFO - 11/08/25 16:08:51 - 0:12:15 - Epoch 281: train_loss=0.6576939225196838, train_AUC=0.9982736637253813, train_AP=0.9971736567855745, time=0.21632099151611328
INFO - 11/08/25 16:08:51 - 0:12:15 - Epoch 281: val_AUC=0.9569147177077767, val_AP=0.9559449540968461
INFO - 11/08/25 16:08:51 - 0:12:15 - Epoch 282: train_loss=0.656922459602356, train_AUC=0.9981088469691475, train_AP=0.9970002329533811, time=0.21460556983947754
INFO - 11/08/25 16:08:51 - 0:12:15 - Epoch 282: val_AUC=0.9568151383440419, val_AP=0.9559514951019037
INFO - 11/08/25 16:08:51 - 0:12:16 - Epoch 283: train_loss=0.6557462215423584, train_AUC=0.9983365798556499, train_AP=0.9973368760428547, time=0.2193922996520996
INFO - 11/08/25 16:08:51 - 0:12:16 - Epoch 283: val_AUC=0.9567023224595654, val_AP=0.9558158109655281
INFO - 11/08/25 16:08:52 - 0:12:16 - Epoch 284: train_loss=0.6565532684326172, train_AUC=0.9983164004728444, train_AP=0.9974882617852338, time=0.25227832794189453
INFO - 11/08/25 16:08:52 - 0:12:16 - Epoch 284: val_AUC=0.9565929684343599, val_AP=0.9557923370235217
INFO - 11/08/25 16:08:52 - 0:12:16 - Epoch 285: train_loss=0.6553646326065063, train_AUC=0.9981398417487491, train_AP=0.9970506972172497, time=0.2156360149383545
INFO - 11/08/25 16:08:52 - 0:12:16 - Epoch 285: val_AUC=0.9564377956835095, val_AP=0.9556941957537366
INFO - 11/08/25 16:08:52 - 0:12:16 - Epoch 286: train_loss=0.6555591821670532, train_AUC=0.9982506047689363, train_AP=0.9972569075814403, time=0.21595335006713867
INFO - 11/08/25 16:08:52 - 0:12:16 - Epoch 286: val_AUC=0.9563819986576131, val_AP=0.9556149702585707
INFO - 11/08/25 16:08:52 - 0:12:17 - Epoch 287: train_loss=0.6541461944580078, train_AUC=0.9984570023924012, train_AP=0.9977471070758065, time=0.2280406951904297
INFO - 11/08/25 16:08:52 - 0:12:17 - Epoch 287: val_AUC=0.9564013443417743, val_AP=0.9556653462569716
INFO - 11/08/25 16:08:53 - 0:12:17 - Epoch 288: train_loss=0.6542646884918213, train_AUC=0.9982174739973408, train_AP=0.9972633235579585, time=0.21711063385009766
INFO - 11/08/25 16:08:53 - 0:12:17 - Epoch 288: val_AUC=0.9562558444330047, val_AP=0.9555858356282658
INFO - 11/08/25 16:08:53 - 0:12:17 - Epoch 289: train_loss=0.6531639695167542, train_AUC=0.9982762424848447, train_AP=0.9974873988261502, time=0.21581459045410156
INFO - 11/08/25 16:08:53 - 0:12:17 - Epoch 289: val_AUC=0.9561928182303954, val_AP=0.9554855344911796
INFO - 11/08/25 16:08:53 - 0:12:17 - Epoch 290: train_loss=0.6522213220596313, train_AUC=0.998493075084368, train_AP=0.9977787099227193, time=0.22013497352600098
INFO - 11/08/25 16:08:53 - 0:12:17 - Epoch 290: val_AUC=0.9561133991059442, val_AP=0.9554656833494428
INFO - 11/08/25 16:08:53 - 0:12:18 - Epoch 291: train_loss=0.6528006792068481, train_AUC=0.9983585960013599, train_AP=0.9973975228368187, time=0.22932100296020508
INFO - 11/08/25 16:08:53 - 0:12:18 - Epoch 291: val_AUC=0.9559425461689842, val_AP=0.9553587298756553
INFO - 11/08/25 16:08:54 - 0:12:18 - Epoch 292: train_loss=0.6513558030128479, train_AUC=0.9984729457198446, train_AP=0.9977412327627438, time=0.21625518798828125
INFO - 11/08/25 16:08:54 - 0:12:18 - Epoch 292: val_AUC=0.9559172949601846, val_AP=0.9552740235799131
INFO - 11/08/25 16:08:54 - 0:12:18 - Epoch 293: train_loss=0.6510298848152161, train_AUC=0.9982805717080636, train_AP=0.9972841760898805, time=0.21397018432617188
INFO - 11/08/25 16:08:54 - 0:12:18 - Epoch 293: val_AUC=0.9556271096977674, val_AP=0.9550186309313418
INFO - 11/08/25 16:08:54 - 0:12:19 - Epoch 294: train_loss=0.6509381532669067, train_AUC=0.9984425543298017, train_AP=0.9975817254615702, time=0.21405577659606934
INFO - 11/08/25 16:08:54 - 0:12:19 - Epoch 294: val_AUC=0.9558614979342883, val_AP=0.9552807178176824
INFO - 11/08/25 16:08:54 - 0:12:19 - Epoch 295: train_loss=0.6505281925201416, train_AUC=0.9985135234035006, train_AP=0.9978785549977931, time=0.23825621604919434
INFO - 11/08/25 16:08:55 - 0:12:19 - Epoch 295: val_AUC=0.9556600991802318, val_AP=0.9550924179896352
INFO - 11/08/25 16:08:55 - 0:12:19 - Epoch 296: train_loss=0.6508575081825256, train_AUC=0.998184315927035, train_AP=0.9969582982097397, time=0.21478629112243652
INFO - 11/08/25 16:08:55 - 0:12:19 - Epoch 296: val_AUC=0.9556167241199546, val_AP=0.9550502500079552
INFO - 11/08/25 16:08:55 - 0:12:19 - Epoch 297: train_loss=0.648841142654419, train_AUC=0.9985279200388523, train_AP=0.9978635219966547, time=0.21432042121887207
INFO - 11/08/25 16:08:55 - 0:12:19 - Epoch 297: val_AUC=0.9555918801887162, val_AP=0.9550654261325693
INFO - 11/08/25 16:08:55 - 0:12:20 - Epoch 298: train_loss=0.6493187546730042, train_AUC=0.9983305625154077, train_AP=0.9972470779043613, time=0.2155468463897705
INFO - 11/08/25 16:08:55 - 0:12:20 - Epoch 298: val_AUC=0.9554228600007819, val_AP=0.9548796673949556
INFO - 11/08/25 16:08:56 - 0:12:20 - Epoch 299: train_loss=0.6467645168304443, train_AUC=0.9986152826045342, train_AP=0.9977815320454931, time=0.22464203834533691
INFO - 11/08/25 16:08:56 - 0:12:20 - Epoch 299: val_AUC=0.9554597186200784, val_AP=0.9549069791773699
INFO - 11/08/25 16:08:56 - 0:12:20 - Epoch 300: train_loss=0.648185133934021, train_AUC=0.9983505775775892, train_AP=0.9972998971997429, time=0.21419000625610352
INFO - 11/08/25 16:08:56 - 0:12:20 - Epoch 300: val_AUC=0.955273796413351, val_AP=0.954826827411931
INFO - 11/08/25 16:08:56 - 0:12:20 - best_epoch=166
INFO - 11/08/25 16:08:56 - 0:12:20 - test_auc= 96.06%, test_ap= 95.95%
INFO - 11/08/25 16:08:56 - 0:12:20 - 
                                     train iters 4
INFO - 11/08/25 16:08:56 - 0:12:20 - --------------------------Training Start-------------------------
INFO - 11/08/25 16:08:58 - 0:12:22 - Epoch 0: train_loss=6.391350746154785, train_AUC=0.9958281406372296, train_AP=0.9954691294914684, time=2.0512173175811768
INFO - 11/08/25 16:08:58 - 0:12:22 - Epoch 0: val_AUC=0.7375187754955754, val_AP=0.7942926371357246
INFO - 11/08/25 16:08:58 - 0:12:22 - Epoch 1: train_loss=2.643390655517578, train_AUC=0.876506045192676, train_AP=0.9148152268987763, time=0.21802163124084473
INFO - 11/08/25 16:08:58 - 0:12:23 - Epoch 1: val_AUC=0.6156212123186801, val_AP=0.6902596425909069
INFO - 11/08/25 16:08:58 - 0:12:23 - Epoch 2: train_loss=4.208183288574219, train_AUC=0.6759394600720594, train_AP=0.7605982008257419, time=0.2114551067352295
INFO - 11/08/25 16:08:58 - 0:12:23 - Epoch 2: val_AUC=0.6019796540421484, val_AP=0.6698120783247566
INFO - 11/08/25 16:08:59 - 0:12:23 - Epoch 3: train_loss=4.271055698394775, train_AUC=0.6245945347209781, train_AP=0.7072745684983885, time=0.2188558578491211
INFO - 11/08/25 16:08:59 - 0:12:23 - Epoch 3: val_AUC=0.6104504164005787, val_AP=0.674845086841593
INFO - 11/08/25 16:08:59 - 0:12:23 - Epoch 4: train_loss=4.202752590179443, train_AUC=0.6232303614543123, train_AP=0.7013462620041307, time=0.2729792594909668
INFO - 11/08/25 16:08:59 - 0:12:23 - Epoch 4: val_AUC=0.6703511710044443, val_AP=0.7128013453130075
INFO - 11/08/25 16:08:59 - 0:12:24 - Epoch 5: train_loss=3.2744030952453613, train_AUC=0.6945456340515268, train_AP=0.7498133729611229, time=0.2601907253265381
INFO - 11/08/25 16:08:59 - 0:12:24 - Epoch 5: val_AUC=0.7216335251339128, val_AP=0.7474576648903116
INFO - 11/08/25 16:09:00 - 0:12:24 - Epoch 6: train_loss=2.910409927368164, train_AUC=0.7538843715366568, train_AP=0.7906596114928007, time=0.26066160202026367
INFO - 11/08/25 16:09:00 - 0:12:24 - Epoch 6: val_AUC=0.7698153770086931, val_AP=0.781858696879702
INFO - 11/08/25 16:09:00 - 0:12:24 - Epoch 7: train_loss=2.6515121459960938, train_AUC=0.8082885196412805, train_AP=0.8295466384771504, time=0.23958134651184082
INFO - 11/08/25 16:09:00 - 0:12:24 - Epoch 7: val_AUC=0.8124346319514134, val_AP=0.8133517037442416
INFO - 11/08/25 16:09:00 - 0:12:25 - Epoch 8: train_loss=2.2746334075927734, train_AUC=0.8569605734892216, train_AP=0.8646381217337947, time=0.22150921821594238
INFO - 11/08/25 16:09:00 - 0:12:25 - Epoch 8: val_AUC=0.831271524619114, val_AP=0.8282261202498292
INFO - 11/08/25 16:09:01 - 0:12:25 - Epoch 9: train_loss=2.1973860263824463, train_AUC=0.8787484214934629, train_AP=0.8824688344857056, time=0.21871089935302734
INFO - 11/08/25 16:09:01 - 0:12:25 - Epoch 9: val_AUC=0.8377969257060565, val_AP=0.8344854833610064
INFO - 11/08/25 16:09:01 - 0:12:25 - Epoch 10: train_loss=2.135699510574341, train_AUC=0.8841268079453288, train_AP=0.8879679849120306, time=0.21978378295898438
INFO - 11/08/25 16:09:01 - 0:12:25 - Epoch 10: val_AUC=0.8389025824655606, val_AP=0.8346812530514254
INFO - 11/08/25 16:09:01 - 0:12:25 - Epoch 11: train_loss=1.9774649143218994, train_AUC=0.8846704844813644, train_AP=0.8910782721355242, time=0.24430489540100098
INFO - 11/08/25 16:09:01 - 0:12:25 - Epoch 11: val_AUC=0.8517705170144273, val_AP=0.8451363644462826
INFO - 11/08/25 16:09:01 - 0:12:26 - Epoch 12: train_loss=1.84157133102417, train_AUC=0.8979930911733472, train_AP=0.9011747305075822, time=0.21973204612731934
INFO - 11/08/25 16:09:01 - 0:12:26 - Epoch 12: val_AUC=0.8655348694756871, val_AP=0.8578315775152459
INFO - 11/08/25 16:09:02 - 0:12:26 - Epoch 13: train_loss=1.726914644241333, train_AUC=0.9123538491508463, train_AP=0.9129471234131107, time=0.22194194793701172
INFO - 11/08/25 16:09:02 - 0:12:26 - Epoch 13: val_AUC=0.8762435202139999, val_AP=0.8673625870312823
INFO - 11/08/25 16:09:02 - 0:12:26 - Epoch 14: train_loss=1.6256662607192993, train_AUC=0.9219172113793797, train_AP=0.9200249786467618, time=0.21512603759765625
INFO - 11/08/25 16:09:02 - 0:12:26 - Epoch 14: val_AUC=0.882883060837493, val_AP=0.8728202666558781
INFO - 11/08/25 16:09:02 - 0:12:27 - Epoch 15: train_loss=1.560518503189087, train_AUC=0.9263042397054287, train_AP=0.9215629254142683, time=0.28637242317199707
INFO - 11/08/25 16:09:02 - 0:12:27 - Epoch 15: val_AUC=0.8873362336926064, val_AP=0.8763269443424261
INFO - 11/08/25 16:09:03 - 0:12:27 - Epoch 16: train_loss=1.5228047370910645, train_AUC=0.9277414209952751, train_AP=0.9213686384157352, time=0.26191210746765137
INFO - 11/08/25 16:09:03 - 0:12:27 - Epoch 16: val_AUC=0.890696477212006, val_AP=0.8785622336450932
INFO - 11/08/25 16:09:03 - 0:12:27 - Epoch 17: train_loss=1.4765347242355347, train_AUC=0.9306844678346715, train_AP=0.9240135805424954, time=0.2623765468597412
INFO - 11/08/25 16:09:03 - 0:12:27 - Epoch 17: val_AUC=0.8938217215785428, val_AP=0.881455240339535
INFO - 11/08/25 16:09:03 - 0:12:28 - Epoch 18: train_loss=1.4606895446777344, train_AUC=0.9342874944595242, train_AP=0.9276290305745687, time=0.2820699214935303
INFO - 11/08/25 16:09:03 - 0:12:28 - Epoch 18: val_AUC=0.8969866755073049, val_AP=0.8852952344285604
INFO - 11/08/25 16:09:04 - 0:12:28 - Epoch 19: train_loss=1.4505374431610107, train_AUC=0.9368184485975106, train_AP=0.9299370377755566, time=0.2661135196685791
INFO - 11/08/25 16:09:04 - 0:12:28 - Epoch 19: val_AUC=0.90076641491483, val_AP=0.890054420898011
INFO - 11/08/25 16:09:04 - 0:12:28 - Epoch 20: train_loss=1.4150943756103516, train_AUC=0.939859442857373, train_AP=0.9326124869454908, time=0.26424741744995117
INFO - 11/08/25 16:09:04 - 0:12:28 - Epoch 20: val_AUC=0.9037124571544004, val_AP=0.8937595597738761
INFO - 11/08/25 16:09:04 - 0:12:29 - Epoch 21: train_loss=1.3742343187332153, train_AUC=0.9431872312038649, train_AP=0.9363013475591285, time=0.26628875732421875
INFO - 11/08/25 16:09:04 - 0:12:29 - Epoch 21: val_AUC=0.9055427625148249, val_AP=0.8964483290383454
INFO - 11/08/25 16:09:05 - 0:12:29 - Epoch 22: train_loss=1.348860263824463, train_AUC=0.94495245546003, train_AP=0.9373550021525198, time=0.26505589485168457
INFO - 11/08/25 16:09:05 - 0:12:29 - Epoch 22: val_AUC=0.9073847771051362, val_AP=0.8984986123525673
INFO - 11/08/25 16:09:05 - 0:12:29 - Epoch 23: train_loss=1.316044807434082, train_AUC=0.9472652696544486, train_AP=0.9400530463302228, time=0.2697775363922119
INFO - 11/08/25 16:09:05 - 0:12:29 - Epoch 23: val_AUC=0.9093373675533372, val_AP=0.9000375917222092
INFO - 11/08/25 16:09:05 - 0:12:30 - Epoch 24: train_loss=1.2836164236068726, train_AUC=0.9489893024462767, train_AP=0.9416326371047803, time=0.2662653923034668
INFO - 11/08/25 16:09:05 - 0:12:30 - Epoch 24: val_AUC=0.9105367999713277, val_AP=0.9011859233362716
INFO - 11/08/25 16:09:06 - 0:12:30 - Epoch 25: train_loss=1.267725944519043, train_AUC=0.9501534654593355, train_AP=0.9425666257661516, time=0.227583646774292
INFO - 11/08/25 16:09:06 - 0:12:30 - Epoch 25: val_AUC=0.9114732329041172, val_AP=0.9023784784250968
INFO - 11/08/25 16:09:06 - 0:12:30 - Epoch 26: train_loss=1.2571704387664795, train_AUC=0.9514885085363765, train_AP=0.9440433536438099, time=0.22186946868896484
INFO - 11/08/25 16:09:06 - 0:12:30 - Epoch 26: val_AUC=0.9126877345918754, val_AP=0.9038181443687128
INFO - 11/08/25 16:09:06 - 0:12:30 - Epoch 27: train_loss=1.2463784217834473, train_AUC=0.9528580999806228, train_AP=0.9455700717554516, time=0.2265942096710205
INFO - 11/08/25 16:09:06 - 0:12:31 - Epoch 27: val_AUC=0.9140912130680708, val_AP=0.9054566921059203
INFO - 11/08/25 16:09:06 - 0:12:31 - Epoch 28: train_loss=1.2363775968551636, train_AUC=0.9539943792103348, train_AP=0.9457548228328594, time=0.23181915283203125
INFO - 11/08/25 16:09:07 - 0:12:31 - Epoch 28: val_AUC=0.9158548267278342, val_AP=0.9072639994944138
INFO - 11/08/25 16:09:07 - 0:12:31 - Epoch 29: train_loss=1.2250676155090332, train_AUC=0.955504197789263, train_AP=0.9472837197550744, time=0.23137998580932617
INFO - 11/08/25 16:09:07 - 0:12:31 - Epoch 29: val_AUC=0.9172482250843879, val_AP=0.9087154218747036
INFO - 11/08/25 16:09:07 - 0:12:31 - Epoch 30: train_loss=1.2132368087768555, train_AUC=0.9570445107888504, train_AP=0.949690772844793, time=0.22800850868225098
INFO - 11/08/25 16:09:07 - 0:12:31 - Epoch 30: val_AUC=0.9188118654615596, val_AP=0.9101182694051717
INFO - 11/08/25 16:09:07 - 0:12:32 - Epoch 31: train_loss=1.198743462562561, train_AUC=0.9579391525779772, train_AP=0.9500306612138263, time=0.24898266792297363
INFO - 11/08/25 16:09:07 - 0:12:32 - Epoch 31: val_AUC=0.9204611359459917, val_AP=0.9115317661164701
INFO - 11/08/25 16:09:08 - 0:12:32 - Epoch 32: train_loss=1.1771562099456787, train_AUC=0.9595152619361347, train_AP=0.951353436956291, time=0.22428536415100098
INFO - 11/08/25 16:09:08 - 0:12:32 - Epoch 32: val_AUC=0.9220201944505989, val_AP=0.9129122669251126
INFO - 11/08/25 16:09:08 - 0:12:32 - Epoch 33: train_loss=1.1583468914031982, train_AUC=0.9610834067634592, train_AP=0.9529338360263641, time=0.22620773315429688
INFO - 11/08/25 16:09:08 - 0:12:32 - Epoch 33: val_AUC=0.9236804614291858, val_AP=0.9144099208357516
INFO - 11/08/25 16:09:08 - 0:12:32 - Epoch 34: train_loss=1.148202896118164, train_AUC=0.961642525915754, train_AP=0.95356655040103, time=0.22990894317626953
INFO - 11/08/25 16:09:08 - 0:12:33 - Epoch 34: val_AUC=0.9255555673213517, val_AP=0.9161415635587071
INFO - 11/08/25 16:09:09 - 0:12:33 - Epoch 35: train_loss=1.1349883079528809, train_AUC=0.9640236265131883, train_AP=0.9567140882692962, time=0.24390006065368652
INFO - 11/08/25 16:09:09 - 0:12:33 - Epoch 35: val_AUC=0.9274327096013242, val_AP=0.9179046937314187
INFO - 11/08/25 16:09:09 - 0:12:33 - Epoch 36: train_loss=1.1230945587158203, train_AUC=0.9647797696162995, train_AP=0.9567380276403638, time=0.22123026847839355
INFO - 11/08/25 16:09:09 - 0:12:33 - Epoch 36: val_AUC=0.9291552900467881, val_AP=0.9196357938097708
INFO - 11/08/25 16:09:09 - 0:12:33 - Epoch 37: train_loss=1.111663579940796, train_AUC=0.9667464447934947, train_AP=0.9591296128967017, time=0.22311019897460938
INFO - 11/08/25 16:09:09 - 0:12:33 - Epoch 37: val_AUC=0.9306508132518344, val_AP=0.9212086895013091
INFO - 11/08/25 16:09:09 - 0:12:34 - Epoch 38: train_loss=1.1016262769699097, train_AUC=0.9680271090156548, train_AP=0.9601913545010533, time=0.22245502471923828
INFO - 11/08/25 16:09:09 - 0:12:34 - Epoch 38: val_AUC=0.9320573463097397, val_AP=0.9226548354499573
INFO - 11/08/25 16:09:10 - 0:12:34 - Epoch 39: train_loss=1.0959116220474243, train_AUC=0.9682367895291891, train_AP=0.9608204185470597, time=0.2424025535583496
INFO - 11/08/25 16:09:10 - 0:12:34 - Epoch 39: val_AUC=0.9333571726465875, val_AP=0.9240060146718538
INFO - 11/08/25 16:09:10 - 0:12:34 - Epoch 40: train_loss=1.084266185760498, train_AUC=0.9695796942825672, train_AP=0.9621687268606893, time=0.22339272499084473
INFO - 11/08/25 16:09:10 - 0:12:34 - Epoch 40: val_AUC=0.9345647506158038, val_AP=0.9252450042427585
INFO - 11/08/25 16:09:10 - 0:12:35 - Epoch 41: train_loss=1.075005054473877, train_AUC=0.9704347326878159, train_AP=0.9635094165532758, time=0.22138428688049316
INFO - 11/08/25 16:09:10 - 0:12:35 - Epoch 41: val_AUC=0.9355567769357088, val_AP=0.9263054801977841
INFO - 11/08/25 16:09:10 - 0:12:35 - Epoch 42: train_loss=1.064326524734497, train_AUC=0.9714632913826385, train_AP=0.9649412144454768, time=0.2225663661956787
INFO - 11/08/25 16:09:11 - 0:12:35 - Epoch 42: val_AUC=0.93643680192626, val_AP=0.9272464609294492
INFO - 11/08/25 16:09:11 - 0:12:35 - Epoch 43: train_loss=1.0585060119628906, train_AUC=0.9719374307063626, train_AP=0.9653519961979694, time=0.22755002975463867
INFO - 11/08/25 16:09:11 - 0:12:35 - Epoch 43: val_AUC=0.9371566650158349, val_AP=0.928017613487513
INFO - 11/08/25 16:09:11 - 0:12:35 - Epoch 44: train_loss=1.050809383392334, train_AUC=0.9729140531644576, train_AP=0.9666228194231046, time=0.21728777885437012
INFO - 11/08/25 16:09:11 - 0:12:35 - Epoch 44: val_AUC=0.9377743014375268, val_AP=0.9287313542543938
INFO - 11/08/25 16:09:11 - 0:12:36 - Epoch 45: train_loss=1.0468189716339111, train_AUC=0.9726561772181158, train_AP=0.9655044673011994, time=0.2207355499267578
INFO - 11/08/25 16:09:11 - 0:12:36 - Epoch 45: val_AUC=0.9383281989208774, val_AP=0.9293591633869421
INFO - 11/08/25 16:09:12 - 0:12:36 - Epoch 46: train_loss=1.041985273361206, train_AUC=0.9733097222572428, train_AP=0.966593428172912, time=0.21969246864318848
INFO - 11/08/25 16:09:12 - 0:12:36 - Epoch 46: val_AUC=0.9388480887278603, val_AP=0.9298953288412484
INFO - 11/08/25 16:09:12 - 0:12:36 - Epoch 47: train_loss=1.0368883609771729, train_AUC=0.9735861970791216, train_AP=0.9666152493445364, time=0.2196187973022461
INFO - 11/08/25 16:09:12 - 0:12:36 - Epoch 47: val_AUC=0.9392818393306311, val_AP=0.9302903642656877
INFO - 11/08/25 16:09:12 - 0:12:36 - Epoch 48: train_loss=1.0306692123413086, train_AUC=0.9742871502914738, train_AP=0.9678327878373109, time=0.23369693756103516
INFO - 11/08/25 16:09:12 - 0:12:37 - Epoch 48: val_AUC=0.9397972490844401, val_AP=0.9307861302547971
INFO - 11/08/25 16:09:12 - 0:12:37 - Epoch 49: train_loss=1.028186321258545, train_AUC=0.9742793108063464, train_AP=0.9675942953630798, time=0.22965621948242188
INFO - 11/08/25 16:09:13 - 0:12:37 - Epoch 49: val_AUC=0.9403548120658421, val_AP=0.9312385104667056
INFO - 11/08/25 16:09:13 - 0:12:37 - Epoch 50: train_loss=1.01914381980896, train_AUC=0.9757852834372893, train_AP=0.9700135734336135, time=0.2259204387664795
INFO - 11/08/25 16:09:13 - 0:12:37 - Epoch 50: val_AUC=0.9409384408111665, val_AP=0.9316841063308192
INFO - 11/08/25 16:09:13 - 0:12:37 - Epoch 51: train_loss=1.0139268636703491, train_AUC=0.9756796245714531, train_AP=0.9695027490693859, time=0.23075127601623535
INFO - 11/08/25 16:09:13 - 0:12:37 - Epoch 51: val_AUC=0.9415165713094135, val_AP=0.93220151993218
INFO - 11/08/25 16:09:13 - 0:12:38 - Epoch 52: train_loss=1.0097339153289795, train_AUC=0.9758887307553461, train_AP=0.9692389781966546, time=0.23302412033081055
INFO - 11/08/25 16:09:13 - 0:12:38 - Epoch 52: val_AUC=0.9421053928436445, val_AP=0.9327349628921708
INFO - 11/08/25 16:09:14 - 0:12:38 - Epoch 53: train_loss=1.0051361322402954, train_AUC=0.9762404649514654, train_AP=0.9699787689055982, time=0.22139453887939453
INFO - 11/08/25 16:09:14 - 0:12:38 - Epoch 53: val_AUC=0.9426831160643302, val_AP=0.9332612599477382
INFO - 11/08/25 16:09:14 - 0:12:38 - Epoch 54: train_loss=1.00187349319458, train_AUC=0.9767290766424473, train_AP=0.9707867707311542, time=0.22450661659240723
INFO - 11/08/25 16:09:14 - 0:12:38 - Epoch 54: val_AUC=0.9432246934014519, val_AP=0.9337861346577975
INFO - 11/08/25 16:09:14 - 0:12:38 - Epoch 55: train_loss=0.9957073926925659, train_AUC=0.977171920372394, train_AP=0.9710589449053022, time=0.22756505012512207
INFO - 11/08/25 16:09:14 - 0:12:39 - Epoch 55: val_AUC=0.9437404086134318, val_AP=0.9343114487442747
INFO - 11/08/25 16:09:14 - 0:12:39 - Epoch 56: train_loss=0.9920775890350342, train_AUC=0.9774980205511399, train_AP=0.9712647037642519, time=0.23677325248718262
INFO - 11/08/25 16:09:15 - 0:12:39 - Epoch 56: val_AUC=0.9442341308371021, val_AP=0.9348451219745513
INFO - 11/08/25 16:09:15 - 0:12:39 - Epoch 57: train_loss=0.986268162727356, train_AUC=0.9781062793193784, train_AP=0.9720185237357154, time=0.21990036964416504
INFO - 11/08/25 16:09:15 - 0:12:39 - Epoch 57: val_AUC=0.9446965945079435, val_AP=0.9353543169553854
INFO - 11/08/25 16:09:15 - 0:12:39 - Epoch 58: train_loss=0.9836355447769165, train_AUC=0.9781444383372982, train_AP=0.9720880422530418, time=0.21976280212402344
INFO - 11/08/25 16:09:15 - 0:12:39 - Epoch 58: val_AUC=0.9451018356814243, val_AP=0.9357835807416487
INFO - 11/08/25 16:09:15 - 0:12:40 - Epoch 59: train_loss=0.9759891033172607, train_AUC=0.9790114337537976, train_AP=0.9729424811743856, time=0.22333049774169922
INFO - 11/08/25 16:09:15 - 0:12:40 - Epoch 59: val_AUC=0.9454757164826858, val_AP=0.9361525475364562
INFO - 11/08/25 16:09:16 - 0:12:40 - Epoch 60: train_loss=0.9741061329841614, train_AUC=0.9786404618923192, train_AP=0.972456727796892, time=0.22724151611328125
INFO - 11/08/25 16:09:16 - 0:12:40 - Epoch 60: val_AUC=0.9458365644019862, val_AP=0.9365162773152679
INFO - 11/08/25 16:09:16 - 0:12:40 - Epoch 61: train_loss=0.9711151123046875, train_AUC=0.9792208532564369, train_AP=0.9732109952573966, time=0.22998738288879395
INFO - 11/08/25 16:09:16 - 0:12:40 - Epoch 61: val_AUC=0.9462224598913058, val_AP=0.9369431693094821
INFO - 11/08/25 16:09:16 - 0:12:40 - Epoch 62: train_loss=0.9655677080154419, train_AUC=0.9795411615294518, train_AP=0.9733332228063872, time=0.22402429580688477
INFO - 11/08/25 16:09:16 - 0:12:41 - Epoch 62: val_AUC=0.9466037735080607, val_AP=0.9373612467218037
INFO - 11/08/25 16:09:16 - 0:12:41 - Epoch 63: train_loss=0.9631378650665283, train_AUC=0.9801858540371167, train_AP=0.974704913319749, time=0.23372650146484375
INFO - 11/08/25 16:09:17 - 0:12:41 - Epoch 63: val_AUC=0.9469830507370094, val_AP=0.937732833706575
INFO - 11/08/25 16:09:17 - 0:12:41 - Epoch 64: train_loss=0.9592453837394714, train_AUC=0.9801913453047926, train_AP=0.9741523479370308, time=0.22448945045471191
INFO - 11/08/25 16:09:17 - 0:12:41 - Epoch 64: val_AUC=0.9473525533044872, val_AP=0.9381092945778914
INFO - 11/08/25 16:09:17 - 0:12:41 - Epoch 65: train_loss=0.9558647871017456, train_AUC=0.9806172523864808, train_AP=0.9748544755514678, time=0.2251286506652832
INFO - 11/08/25 16:09:17 - 0:12:41 - Epoch 65: val_AUC=0.9477403833622229, val_AP=0.938518621899776
INFO - 11/08/25 16:09:17 - 0:12:42 - Epoch 66: train_loss=0.9525952339172363, train_AUC=0.9809162488205125, train_AP=0.9756572716057901, time=0.2522749900817871
INFO - 11/08/25 16:09:17 - 0:12:42 - Epoch 66: val_AUC=0.9481150787186071, val_AP=0.9389089451024021
INFO - 11/08/25 16:09:18 - 0:12:42 - Epoch 67: train_loss=0.9478485584259033, train_AUC=0.9813643273863785, train_AP=0.9755856092405762, time=0.22597980499267578
INFO - 11/08/25 16:09:18 - 0:12:42 - Epoch 67: val_AUC=0.9484718538622947, val_AP=0.9392705631986077
INFO - 11/08/25 16:09:18 - 0:12:42 - Epoch 68: train_loss=0.9469902515411377, train_AUC=0.9813056511861276, train_AP=0.9757218396057807, time=0.2255864143371582
INFO - 11/08/25 16:09:18 - 0:12:42 - Epoch 68: val_AUC=0.9488337199754981, val_AP=0.9396625569821685
INFO - 11/08/25 16:09:18 - 0:12:43 - Epoch 69: train_loss=0.9439818859100342, train_AUC=0.9813600696681687, train_AP=0.9757076901137778, time=0.23807692527770996
INFO - 11/08/25 16:09:18 - 0:12:43 - Epoch 69: val_AUC=0.9491978261152889, val_AP=0.9400679579661328
INFO - 11/08/25 16:09:19 - 0:12:43 - Epoch 70: train_loss=0.9389269351959229, train_AUC=0.9819676746763247, train_AP=0.9762862763427472, time=0.22530388832092285
INFO - 11/08/25 16:09:19 - 0:12:43 - Epoch 70: val_AUC=0.9495340337421313, val_AP=0.9404267400894492
INFO - 11/08/25 16:09:19 - 0:12:43 - Epoch 71: train_loss=0.9386758804321289, train_AUC=0.9816454341829799, train_AP=0.9758630025483691, time=0.22384905815124512
INFO - 11/08/25 16:09:19 - 0:12:43 - Epoch 71: val_AUC=0.9498415283009032, val_AP=0.940777643702263
INFO - 11/08/25 16:09:19 - 0:12:43 - Epoch 72: train_loss=0.9339032173156738, train_AUC=0.9825534968987144, train_AP=0.9772846513887838, time=0.22247910499572754
INFO - 11/08/25 16:09:19 - 0:12:43 - Epoch 72: val_AUC=0.9501822159809198, val_AP=0.9411665352896921
INFO - 11/08/25 16:09:19 - 0:12:44 - Epoch 73: train_loss=0.9322577714920044, train_AUC=0.9821978935066756, train_AP=0.976572150584853, time=0.2895081043243408
INFO - 11/08/25 16:09:20 - 0:12:44 - Epoch 73: val_AUC=0.9504976524521368, val_AP=0.9415582975909851
INFO - 11/08/25 16:09:20 - 0:12:44 - Epoch 74: train_loss=0.9263472557067871, train_AUC=0.9830061514329164, train_AP=0.9774846459406548, time=0.26749229431152344
INFO - 11/08/25 16:09:20 - 0:12:44 - Epoch 74: val_AUC=0.9507909941156539, val_AP=0.9419525240866131
INFO - 11/08/25 16:09:20 - 0:12:44 - Epoch 75: train_loss=0.9262374639511108, train_AUC=0.9826779730297703, train_AP=0.9770906898556224, time=0.2595233917236328
INFO - 11/08/25 16:09:20 - 0:12:44 - Epoch 75: val_AUC=0.9510788375320934, val_AP=0.9423361294468273
INFO - 11/08/25 16:09:20 - 0:12:45 - Epoch 76: train_loss=0.9228302240371704, train_AUC=0.9833764212772373, train_AP=0.9784742937677582, time=0.28476858139038086
INFO - 11/08/25 16:09:21 - 0:12:45 - Epoch 76: val_AUC=0.9513566008288913, val_AP=0.9427008539703192
INFO - 11/08/25 16:09:21 - 0:12:45 - Epoch 77: train_loss=0.9198590517044067, train_AUC=0.9835428986756636, train_AP=0.9784559229681495, time=0.22089838981628418
INFO - 11/08/25 16:09:21 - 0:12:45 - Epoch 77: val_AUC=0.9516066692515217, val_AP=0.9430115195483665
INFO - 11/08/25 16:09:21 - 0:12:45 - Epoch 78: train_loss=0.9153587222099304, train_AUC=0.984123263973916, train_AP=0.9790048049451133, time=0.2207496166229248
INFO - 11/08/25 16:09:21 - 0:12:45 - Epoch 78: val_AUC=0.9518292464387651, val_AP=0.9432920545037592
INFO - 11/08/25 16:09:21 - 0:12:46 - Epoch 79: train_loss=0.9119455814361572, train_AUC=0.9845583846345257, train_AP=0.9796697847580108, time=0.22032546997070312
INFO - 11/08/25 16:09:21 - 0:12:46 - Epoch 79: val_AUC=0.9520721875040726, val_AP=0.9435875284100155
INFO - 11/08/25 16:09:22 - 0:12:46 - Epoch 80: train_loss=0.9102680683135986, train_AUC=0.9842503255570225, train_AP=0.9792005123848146, time=0.27875280380249023
INFO - 11/08/25 16:09:22 - 0:12:46 - Epoch 80: val_AUC=0.9523004665771743, val_AP=0.9438921287493833
INFO - 11/08/25 16:09:22 - 0:12:46 - Epoch 81: train_loss=0.908101499080658, train_AUC=0.9848359778229251, train_AP=0.9801007150476483, time=0.2750434875488281
INFO - 11/08/25 16:09:22 - 0:12:46 - Epoch 81: val_AUC=0.9525197855439274, val_AP=0.9441785495880461
INFO - 11/08/25 16:09:22 - 0:12:47 - Epoch 82: train_loss=0.9058918952941895, train_AUC=0.9847461972959897, train_AP=0.9800471102788457, time=0.2680928707122803
INFO - 11/08/25 16:09:22 - 0:12:47 - Epoch 82: val_AUC=0.9527460282292223, val_AP=0.9444724492038451
INFO - 11/08/25 16:09:23 - 0:12:47 - Epoch 83: train_loss=0.9033161401748657, train_AUC=0.9848727426692895, train_AP=0.9796851124416849, time=0.2999906539916992
INFO - 11/08/25 16:09:23 - 0:12:47 - Epoch 83: val_AUC=0.9529710490818335, val_AP=0.9447372632789455
INFO - 11/08/25 16:09:23 - 0:12:47 - Epoch 84: train_loss=0.8989599347114563, train_AUC=0.9854216934922839, train_AP=0.9805146833291334, time=0.26235342025756836
INFO - 11/08/25 16:09:23 - 0:12:47 - Epoch 84: val_AUC=0.9531928117139543, val_AP=0.9450267108647641
INFO - 11/08/25 16:09:23 - 0:12:48 - Epoch 85: train_loss=0.8978598117828369, train_AUC=0.9855522232444488, train_AP=0.9811321096845218, time=0.26187825202941895
INFO - 11/08/25 16:09:23 - 0:12:48 - Epoch 85: val_AUC=0.9534275054086461, val_AP=0.9453369790041948
INFO - 11/08/25 16:09:24 - 0:12:48 - Epoch 86: train_loss=0.8954762816429138, train_AUC=0.9855332104852386, train_AP=0.9808321118460956, time=0.2886488437652588
INFO - 11/08/25 16:09:24 - 0:12:48 - Epoch 86: val_AUC=0.953675231985299, val_AP=0.9456625442415243
INFO - 11/08/25 16:09:24 - 0:12:48 - Epoch 87: train_loss=0.8931561708450317, train_AUC=0.985776859576595, train_AP=0.9808234329748811, time=0.22715067863464355
INFO - 11/08/25 16:09:24 - 0:12:48 - Epoch 87: val_AUC=0.9538949582296132, val_AP=0.9459519061064064
INFO - 11/08/25 16:09:24 - 0:12:49 - Epoch 88: train_loss=0.890375554561615, train_AUC=0.9860149575192334, train_AP=0.9813898287566474, time=0.2269573211669922
INFO - 11/08/25 16:09:24 - 0:12:49 - Epoch 88: val_AUC=0.954129957382476, val_AP=0.9462402641611447
INFO - 11/08/25 16:09:25 - 0:12:49 - Epoch 89: train_loss=0.8891918659210205, train_AUC=0.986234746833268, train_AP=0.9820301640974766, time=0.24123930931091309
INFO - 11/08/25 16:09:25 - 0:12:49 - Epoch 89: val_AUC=0.9543769712233966, val_AP=0.9465498919954176
INFO - 11/08/25 16:09:25 - 0:12:49 - Epoch 90: train_loss=0.8851717114448547, train_AUC=0.986829296013052, train_AP=0.9827055246715469, time=0.22620582580566406
INFO - 11/08/25 16:09:25 - 0:12:49 - Epoch 90: val_AUC=0.9546205232050463, val_AP=0.9468687306670572
INFO - 11/08/25 16:09:25 - 0:12:49 - Epoch 91: train_loss=0.8827246427536011, train_AUC=0.9865846787861424, train_AP=0.9820017211531429, time=0.22611165046691895
INFO - 11/08/25 16:09:25 - 0:12:49 - Epoch 91: val_AUC=0.9548693697949928, val_AP=0.9471640009245891
INFO - 11/08/25 16:09:25 - 0:12:50 - Epoch 92: train_loss=0.8809515833854675, train_AUC=0.9870044980793036, train_AP=0.9827601226250748, time=0.2247638702392578
INFO - 11/08/25 16:09:25 - 0:12:50 - Epoch 92: val_AUC=0.9551131254154229, val_AP=0.9474676721545277
INFO - 11/08/25 16:09:26 - 0:12:50 - Epoch 93: train_loss=0.8781059980392456, train_AUC=0.9873896219444649, train_AP=0.9831327685135646, time=0.2942531108856201
INFO - 11/08/25 16:09:26 - 0:12:50 - Epoch 93: val_AUC=0.9553275570514408, val_AP=0.947747241110721
INFO - 11/08/25 16:09:26 - 0:12:50 - Epoch 94: train_loss=0.8776313066482544, train_AUC=0.9866850836189016, train_AP=0.9817387388780322, time=0.22537684440612793
INFO - 11/08/25 16:09:26 - 0:12:50 - Epoch 94: val_AUC=0.9555804764170002, val_AP=0.9480623135810066
INFO - 11/08/25 16:09:26 - 0:12:51 - Epoch 95: train_loss=0.8728104829788208, train_AUC=0.9874456718326601, train_AP=0.9827767864916864, time=0.22485733032226562
INFO - 11/08/25 16:09:26 - 0:12:51 - Epoch 95: val_AUC=0.9557924643876501, val_AP=0.9483524523196399
INFO - 11/08/25 16:09:27 - 0:12:51 - Epoch 96: train_loss=0.8725805282592773, train_AUC=0.9872165486492579, train_AP=0.9826609808782477, time=0.23333334922790527
INFO - 11/08/25 16:09:27 - 0:12:51 - Epoch 96: val_AUC=0.9559993613887838, val_AP=0.9486373397592786
INFO - 11/08/25 16:09:27 - 0:12:51 - Epoch 97: train_loss=0.8713774681091309, train_AUC=0.9873645656030265, train_AP=0.9830112422963846, time=0.2267897129058838
INFO - 11/08/25 16:09:27 - 0:12:51 - Epoch 97: val_AUC=0.9562109420818726, val_AP=0.9489116096613476
INFO - 11/08/25 16:09:27 - 0:12:51 - Epoch 98: train_loss=0.8665833473205566, train_AUC=0.9881807709763911, train_AP=0.9841682650214922, time=0.2282862663269043
INFO - 11/08/25 16:09:27 - 0:12:52 - Epoch 98: val_AUC=0.9564007334254323, val_AP=0.9491738459855078
INFO - 11/08/25 16:09:27 - 0:12:52 - Epoch 99: train_loss=0.8642959594726562, train_AUC=0.9885748496991481, train_AP=0.9849162694999396, time=0.22797822952270508
INFO - 11/08/25 16:09:28 - 0:12:52 - Epoch 99: val_AUC=0.9565736227501989, val_AP=0.9494228875854394
INFO - 11/08/25 16:09:28 - 0:12:52 - Epoch 100: train_loss=0.8636471629142761, train_AUC=0.9884057359497858, train_AP=0.9845135708818125, time=0.2382221221923828
INFO - 11/08/25 16:09:28 - 0:12:52 - Epoch 100: val_AUC=0.9567607667896101, val_AP=0.9496916494961986
INFO - 11/08/25 16:09:28 - 0:12:52 - Epoch 101: train_loss=0.8607013821601868, train_AUC=0.9885202619651029, train_AP=0.9844742624525236, time=0.22700238227844238
INFO - 11/08/25 16:09:28 - 0:12:52 - Epoch 101: val_AUC=0.9569346743082798, val_AP=0.9499524210986852
INFO - 11/08/25 16:09:28 - 0:12:53 - Epoch 102: train_loss=0.85711270570755, train_AUC=0.9888052245724496, train_AP=0.9850688240568195, time=0.22615385055541992
INFO - 11/08/25 16:09:28 - 0:12:53 - Epoch 102: val_AUC=0.9571079709106076, val_AP=0.9501951143551292
INFO - 11/08/25 16:09:29 - 0:12:53 - Epoch 103: train_loss=0.8580909967422485, train_AUC=0.9888017423137343, train_AP=0.9848311029857552, time=0.24192285537719727
INFO - 11/08/25 16:09:29 - 0:12:53 - Epoch 103: val_AUC=0.9572755656270772, val_AP=0.9504500085205644
INFO - 11/08/25 16:09:29 - 0:12:53 - Epoch 104: train_loss=0.854057252407074, train_AUC=0.9888838770883253, train_AP=0.984917639864514, time=0.22684144973754883
INFO - 11/08/25 16:09:29 - 0:12:53 - Epoch 104: val_AUC=0.9574464185640371, val_AP=0.9506914392853211
INFO - 11/08/25 16:09:29 - 0:12:54 - Epoch 105: train_loss=0.8532609939575195, train_AUC=0.9889850147593665, train_AP=0.9851824967367727, time=0.2257091999053955
INFO - 11/08/25 16:09:29 - 0:12:54 - Epoch 105: val_AUC=0.957591002098294, val_AP=0.9509282805630922
INFO - 11/08/25 16:09:30 - 0:12:54 - Epoch 106: train_loss=0.8508197069168091, train_AUC=0.989121277945186, train_AP=0.9854380667142674, time=0.22400403022766113
INFO - 11/08/25 16:09:30 - 0:12:54 - Epoch 106: val_AUC=0.9577284582752283, val_AP=0.9511227078741161
INFO - 11/08/25 16:09:30 - 0:12:54 - Epoch 107: train_loss=0.8468281030654907, train_AUC=0.9895002684065559, train_AP=0.9856743634948109, time=0.2574152946472168
INFO - 11/08/25 16:09:30 - 0:12:54 - Epoch 107: val_AUC=0.9578591943724016, val_AP=0.9513341457620239
INFO - 11/08/25 16:09:30 - 0:12:54 - Epoch 108: train_loss=0.8456241488456726, train_AUC=0.9898445007409525, train_AP=0.986711877084931, time=0.22490549087524414
INFO - 11/08/25 16:09:30 - 0:12:54 - Epoch 108: val_AUC=0.958005203378123, val_AP=0.9515273725699588
INFO - 11/08/25 16:09:30 - 0:12:55 - Epoch 109: train_loss=0.843477725982666, train_AUC=0.9898906015701333, train_AP=0.9862353703351302, time=0.2243795394897461
INFO - 11/08/25 16:09:30 - 0:12:55 - Epoch 109: val_AUC=0.958139401334567, val_AP=0.9517292307295423
INFO - 11/08/25 16:09:31 - 0:12:55 - Epoch 110: train_loss=0.8430759906768799, train_AUC=0.9897510967064909, train_AP=0.9860349124987139, time=0.22406983375549316
INFO - 11/08/25 16:09:31 - 0:12:55 - Epoch 110: val_AUC=0.9582788938993079, val_AP=0.9519374843684455
INFO - 11/08/25 16:09:31 - 0:12:55 - Epoch 111: train_loss=0.8400088548660278, train_AUC=0.9901550204009215, train_AP=0.9866172327215654, time=0.22330784797668457
INFO - 11/08/25 16:09:31 - 0:12:55 - Epoch 111: val_AUC=0.9583963934757391, val_AP=0.9521360835530661
INFO - 11/08/25 16:09:31 - 0:12:56 - Epoch 112: train_loss=0.8394244909286499, train_AUC=0.9898510563060903, train_AP=0.9863223461205177, time=0.22768187522888184
INFO - 11/08/25 16:09:31 - 0:12:56 - Epoch 112: val_AUC=0.9585077838887514, val_AP=0.9523466749930559
INFO - 11/08/25 16:09:32 - 0:12:56 - Epoch 113: train_loss=0.8383350372314453, train_AUC=0.9900699097146618, train_AP=0.9864582875023408, time=0.22640657424926758
INFO - 11/08/25 16:09:32 - 0:12:56 - Epoch 113: val_AUC=0.9586300689765278, val_AP=0.9525670858391789
INFO - 11/08/25 16:09:32 - 0:12:56 - Epoch 114: train_loss=0.8340749740600586, train_AUC=0.9907231409066802, train_AP=0.9875950126002045, time=0.22548937797546387
INFO - 11/08/25 16:09:32 - 0:12:56 - Epoch 114: val_AUC=0.9587356556842914, val_AP=0.9527453720627508
INFO - 11/08/25 16:09:32 - 0:12:56 - Epoch 115: train_loss=0.834267795085907, train_AUC=0.9902138917429211, train_AP=0.98676974822414, time=0.24810338020324707
INFO - 11/08/25 16:09:32 - 0:12:56 - Epoch 115: val_AUC=0.9588531552607229, val_AP=0.9529305028430329
INFO - 11/08/25 16:09:32 - 0:12:57 - Epoch 116: train_loss=0.8311794400215149, train_AUC=0.9906876281024565, train_AP=0.9875300992610349, time=0.2301163673400879
INFO - 11/08/25 16:09:32 - 0:12:57 - Epoch 116: val_AUC=0.9589386835485931, val_AP=0.9530693662955813
INFO - 11/08/25 16:09:33 - 0:12:57 - Epoch 117: train_loss=0.8287780284881592, train_AUC=0.9910374374753156, train_AP=0.9880840560801155, time=0.22797703742980957
INFO - 11/08/25 16:09:33 - 0:12:57 - Epoch 117: val_AUC=0.9590217681710956, val_AP=0.9532288946615762
INFO - 11/08/25 16:09:33 - 0:12:57 - Epoch 118: train_loss=0.8283911943435669, train_AUC=0.9906811178003416, train_AP=0.987210060242233, time=0.22712922096252441
INFO - 11/08/25 16:09:33 - 0:12:57 - Epoch 118: val_AUC=0.9590877471360242, val_AP=0.9533600625934858
INFO - 11/08/25 16:09:33 - 0:12:58 - Epoch 119: train_loss=0.8253744840621948, train_AUC=0.9915195515448739, train_AP=0.98864399082771, time=0.2676727771759033
INFO - 11/08/25 16:09:33 - 0:12:58 - Epoch 119: val_AUC=0.9591722572299912, val_AP=0.9535241221643326
INFO - 11/08/25 16:09:34 - 0:12:58 - Epoch 120: train_loss=0.8228747844696045, train_AUC=0.9915394641048012, train_AP=0.9886417995507922, time=0.22686362266540527
INFO - 11/08/25 16:09:34 - 0:12:58 - Epoch 120: val_AUC=0.959248418133952, val_AP=0.9536744187550455
INFO - 11/08/25 16:09:34 - 0:12:58 - Epoch 121: train_loss=0.8232777118682861, train_AUC=0.9911215539601568, train_AP=0.9879893955131708, time=0.22781705856323242
INFO - 11/08/25 16:09:34 - 0:12:58 - Epoch 121: val_AUC=0.9592905713615453, val_AP=0.9538004259543619
INFO - 11/08/25 16:09:34 - 0:12:58 - Epoch 122: train_loss=0.819072961807251, train_AUC=0.9918142402424138, train_AP=0.9893647950781631, time=0.22617173194885254
INFO - 11/08/25 16:09:34 - 0:12:58 - Epoch 122: val_AUC=0.959361437657209, val_AP=0.9539441618687428
INFO - 11/08/25 16:09:34 - 0:12:59 - Epoch 123: train_loss=0.8182357549667358, train_AUC=0.9916964072084894, train_AP=0.9888646516180217, time=0.242811918258667
INFO - 11/08/25 16:09:35 - 0:12:59 - Epoch 123: val_AUC=0.9594306748426279, val_AP=0.9540776332361607
INFO - 11/08/25 16:09:35 - 0:12:59 - Epoch 124: train_loss=0.8176303505897522, train_AUC=0.9916808469435944, train_AP=0.9886509743403236, time=0.22478270530700684
INFO - 11/08/25 16:09:35 - 0:12:59 - Epoch 124: val_AUC=0.9595003193056081, val_AP=0.9542328911176925
INFO - 11/08/25 16:09:35 - 0:12:59 - Epoch 125: train_loss=0.8162796497344971, train_AUC=0.9917886396879757, train_AP=0.9889069807735321, time=0.22631263732910156
INFO - 11/08/25 16:09:35 - 0:12:59 - Epoch 125: val_AUC=0.9595732219890784, val_AP=0.9543734880229333
INFO - 11/08/25 16:09:35 - 0:13:00 - Epoch 126: train_loss=0.8120818138122559, train_AUC=0.9920505509120681, train_AP=0.9892900418628492, time=0.22506356239318848
INFO - 11/08/25 16:09:35 - 0:13:00 - Epoch 126: val_AUC=0.9596383863988843, val_AP=0.9545217052319293
INFO - 11/08/25 16:09:36 - 0:13:00 - Epoch 127: train_loss=0.8141415119171143, train_AUC=0.991825432185292, train_AP=0.9890720296485519, time=0.2371070384979248
INFO - 11/08/25 16:09:36 - 0:13:00 - Epoch 127: val_AUC=0.9596913324818518, val_AP=0.954633799820335
INFO - 11/08/25 16:09:36 - 0:13:00 - Epoch 128: train_loss=0.809902012348175, train_AUC=0.9922440873205476, train_AP=0.9893758914502535, time=0.22272419929504395
INFO - 11/08/25 16:09:36 - 0:13:00 - Epoch 128: val_AUC=0.9597573114467802, val_AP=0.9547800326623027
INFO - 11/08/25 16:09:36 - 0:13:00 - Epoch 129: train_loss=0.8086398839950562, train_AUC=0.9923045534355932, train_AP=0.989382444478321, time=0.21483111381530762
INFO - 11/08/25 16:09:36 - 0:13:00 - Epoch 129: val_AUC=0.9598049629214509, val_AP=0.9548987236065415
INFO - 11/08/25 16:09:36 - 0:13:01 - Epoch 130: train_loss=0.8068470358848572, train_AUC=0.9925718196099304, train_AP=0.99003151463818, time=0.21966266632080078
INFO - 11/08/25 16:09:36 - 0:13:01 - Epoch 130: val_AUC=0.9598424324570893, val_AP=0.9550058041011298
INFO - 11/08/25 16:09:37 - 0:13:01 - Epoch 131: train_loss=0.8063042163848877, train_AUC=0.9923204960585538, train_AP=0.989532162738954, time=0.215162992477417
INFO - 11/08/25 16:09:37 - 0:13:01 - Epoch 131: val_AUC=0.9598992476768888, val_AP=0.9551476569255208
INFO - 11/08/25 16:09:37 - 0:13:01 - Epoch 132: train_loss=0.8040628433227539, train_AUC=0.9926778891892666, train_AP=0.9901254196942169, time=0.2775883674621582
INFO - 11/08/25 16:09:37 - 0:13:01 - Epoch 132: val_AUC=0.9599281643837403, val_AP=0.9552506778044348
INFO - 11/08/25 16:09:37 - 0:13:02 - Epoch 133: train_loss=0.8018618226051331, train_AUC=0.9926817337282863, train_AP=0.989923222838017, time=0.26759886741638184
INFO - 11/08/25 16:09:37 - 0:13:02 - Epoch 133: val_AUC=0.9599650230030365, val_AP=0.9553590097967746
INFO - 11/08/25 16:09:38 - 0:13:02 - Epoch 134: train_loss=0.8018238544464111, train_AUC=0.9926891713059492, train_AP=0.9901451153741448, time=0.260387659072876
INFO - 11/08/25 16:09:38 - 0:13:02 - Epoch 134: val_AUC=0.9599862014362236, val_AP=0.955458007276265
INFO - 11/08/25 16:09:38 - 0:13:02 - Epoch 135: train_loss=0.7997151613235474, train_AUC=0.9927509565651269, train_AP=0.9901906926648537, time=0.2686488628387451
INFO - 11/08/25 16:09:38 - 0:13:02 - Epoch 135: val_AUC=0.9599986234018428, val_AP=0.9555586820921099
INFO - 11/08/25 16:09:38 - 0:13:03 - Epoch 136: train_loss=0.7984147071838379, train_AUC=0.9931502787537182, train_AP=0.9907388351085212, time=0.2677450180053711
INFO - 11/08/25 16:09:38 - 0:13:03 - Epoch 136: val_AUC=0.9600244855269847, val_AP=0.9556580437956373
INFO - 11/08/25 16:09:39 - 0:13:03 - Epoch 137: train_loss=0.7950617671012878, train_AUC=0.9933182769544916, train_AP=0.9910442687482686, time=0.26926255226135254
INFO - 11/08/25 16:09:39 - 0:13:03 - Epoch 137: val_AUC=0.960039147519191, val_AP=0.9557518681296674
INFO - 11/08/25 16:09:39 - 0:13:03 - Epoch 138: train_loss=0.794815182685852, train_AUC=0.9932831628875595, train_AP=0.9908919375521043, time=0.26535677909851074
INFO - 11/08/25 16:09:39 - 0:13:03 - Epoch 138: val_AUC=0.9600446457662684, val_AP=0.955859019483837
INFO - 11/08/25 16:09:39 - 0:13:04 - Epoch 139: train_loss=0.7932306528091431, train_AUC=0.9935597259459151, train_AP=0.9915011476055238, time=0.26885485649108887
INFO - 11/08/25 16:09:40 - 0:13:04 - Epoch 139: val_AUC=0.960045867598952, val_AP=0.9559444951589371
INFO - 11/08/25 16:09:40 - 0:13:04 - Epoch 140: train_loss=0.7929719090461731, train_AUC=0.9933165814403982, train_AP=0.9909211500156353, time=0.26467227935791016
INFO - 11/08/25 16:09:40 - 0:13:04 - Epoch 140: val_AUC=0.9600561513573747, val_AP=0.9560322467171465
INFO - 11/08/25 16:09:40 - 0:13:04 - Epoch 141: train_loss=0.7912819981575012, train_AUC=0.9933604745964556, train_AP=0.9909900698348044, time=0.2652587890625
INFO - 11/08/25 16:09:40 - 0:13:04 - Epoch 141: val_AUC=0.9600456639601715, val_AP=0.9561035507693975
INFO - 11/08/25 16:09:40 - 0:13:05 - Epoch 142: train_loss=0.7900724411010742, train_AUC=0.9935088654544956, train_AP=0.9913860234557211, time=0.2875339984893799
INFO - 11/08/25 16:09:41 - 0:13:05 - Epoch 142: val_AUC=0.9600426093784619, val_AP=0.9561491363811748
INFO - 11/08/25 16:09:41 - 0:13:05 - Epoch 143: train_loss=0.7876080274581909, train_AUC=0.9936298661955439, train_AP=0.9913408065335596, time=0.26721739768981934
INFO - 11/08/25 16:09:41 - 0:13:05 - Epoch 143: val_AUC=0.9600379256865071, val_AP=0.9562184094841228
INFO - 11/08/25 16:09:41 - 0:13:05 - Epoch 144: train_loss=0.7865114212036133, train_AUC=0.9936197038543475, train_AP=0.991260166999022, time=0.2723121643066406
INFO - 11/08/25 16:09:41 - 0:13:05 - Epoch 144: val_AUC=0.9600035107325783, val_AP=0.9562605201869092
INFO - 11/08/25 16:09:42 - 0:13:06 - Epoch 145: train_loss=0.7841833233833313, train_AUC=0.9939949001472211, train_AP=0.991969522093819, time=0.3012392520904541
INFO - 11/08/25 16:09:42 - 0:13:06 - Epoch 145: val_AUC=0.959976223135972, val_AP=0.9563093902587151
INFO - 11/08/25 16:09:42 - 0:13:06 - Epoch 146: train_loss=0.7840782999992371, train_AUC=0.9940404321065026, train_AP=0.991889152057138, time=0.26556944847106934
INFO - 11/08/25 16:09:42 - 0:13:06 - Epoch 146: val_AUC=0.9599556556191269, val_AP=0.9563503705141362
INFO - 11/08/25 16:09:42 - 0:13:06 - Epoch 147: train_loss=0.7832813262939453, train_AUC=0.9940562389403942, train_AP=0.9921324057074646, time=0.26360559463500977
INFO - 11/08/25 16:09:42 - 0:13:07 - Epoch 147: val_AUC=0.9599356990186241, val_AP=0.9564224300657124
INFO - 11/08/25 16:09:43 - 0:13:07 - Epoch 148: train_loss=0.7843454480171204, train_AUC=0.9937286005233507, train_AP=0.9916055287485879, time=0.26326847076416016
INFO - 11/08/25 16:09:43 - 0:13:07 - Epoch 148: val_AUC=0.9599192042773919, val_AP=0.9564862129005667
INFO - 11/08/25 16:09:43 - 0:13:07 - Epoch 149: train_loss=0.7795231938362122, train_AUC=0.994335303793462, train_AP=0.992386270213106, time=0.2717783451080322
INFO - 11/08/25 16:09:43 - 0:13:07 - Epoch 149: val_AUC=0.9599141133078758, val_AP=0.9565362090463808
INFO - 11/08/25 16:09:43 - 0:13:07 - Epoch 150: train_loss=0.7785335779190063, train_AUC=0.9940528713362622, train_AP=0.9918770878793643, time=0.26276612281799316
INFO - 11/08/25 16:09:43 - 0:13:08 - Epoch 150: val_AUC=0.9598809201866308, val_AP=0.9565751560897394
INFO - 11/08/25 16:09:44 - 0:13:08 - Epoch 151: train_loss=0.7794546484947205, train_AUC=0.9940033858192404, train_AP=0.9920175559359969, time=0.26052069664001465
INFO - 11/08/25 16:09:44 - 0:13:08 - Epoch 151: val_AUC=0.9598456906775795, val_AP=0.9566097172673111
INFO - 11/08/25 16:09:44 - 0:13:08 - Epoch 152: train_loss=0.7764438390731812, train_AUC=0.9945420885302516, train_AP=0.992779550188279, time=0.27817797660827637
INFO - 11/08/25 16:09:44 - 0:13:08 - Epoch 152: val_AUC=0.9597966137314444, val_AP=0.956629911348129
INFO - 11/08/25 16:09:44 - 0:13:08 - Epoch 153: train_loss=0.7753926515579224, train_AUC=0.9943818755694265, train_AP=0.9923132182617395, time=0.22502756118774414
INFO - 11/08/25 16:09:44 - 0:13:08 - Epoch 153: val_AUC=0.9597509986445804, val_AP=0.9566394939818426
INFO - 11/08/25 16:09:44 - 0:13:09 - Epoch 154: train_loss=0.7735272645950317, train_AUC=0.9943921684160705, train_AP=0.9921789831891389, time=0.2238609790802002
INFO - 11/08/25 16:09:44 - 0:13:09 - Epoch 154: val_AUC=0.959691128843071, val_AP=0.956656268681525
INFO - 11/08/25 16:09:45 - 0:13:09 - Epoch 155: train_loss=0.7739498615264893, train_AUC=0.9943575807739462, train_AP=0.9921993397444986, time=0.22620654106140137
INFO - 11/08/25 16:09:45 - 0:13:09 - Epoch 155: val_AUC=0.9596567138891423, val_AP=0.956688277424773
INFO - 11/08/25 16:09:45 - 0:13:09 - Epoch 156: train_loss=0.7719802856445312, train_AUC=0.9943605651394092, train_AP=0.9920127864515235, time=0.25473833084106445
INFO - 11/08/25 16:09:45 - 0:13:09 - Epoch 156: val_AUC=0.9596174116044781, val_AP=0.9567273267294384
INFO - 11/08/25 16:09:45 - 0:13:10 - Epoch 157: train_loss=0.7703777551651001, train_AUC=0.9947106193200579, train_AP=0.9927189431624711, time=0.22985100746154785
INFO - 11/08/25 16:09:45 - 0:13:10 - Epoch 157: val_AUC=0.9595844221220139, val_AP=0.9567425090808002
INFO - 11/08/25 16:09:46 - 0:13:10 - Epoch 158: train_loss=0.7694436311721802, train_AUC=0.9948725897894668, train_AP=0.9929967389555568, time=0.23131346702575684
INFO - 11/08/25 16:09:46 - 0:13:10 - Epoch 158: val_AUC=0.9595396215902723, val_AP=0.9567603487149406
INFO - 11/08/25 16:09:46 - 0:13:10 - Epoch 159: train_loss=0.7699844837188721, train_AUC=0.9945535501139398, train_AP=0.9925623030980961, time=0.2538580894470215
INFO - 11/08/25 16:09:46 - 0:13:10 - Epoch 159: val_AUC=0.959534734259537, val_AP=0.9568148149828529
INFO - 11/08/25 16:09:46 - 0:13:10 - Epoch 160: train_loss=0.767448902130127, train_AUC=0.9949409563274063, train_AP=0.9932306407393671, time=0.2286357879638672
INFO - 11/08/25 16:09:46 - 0:13:11 - Epoch 160: val_AUC=0.9595186467958658, val_AP=0.9568666151189593
INFO - 11/08/25 16:09:46 - 0:13:11 - Epoch 161: train_loss=0.7669693231582642, train_AUC=0.9948183778970208, train_AP=0.9927270777027242, time=0.2275397777557373
INFO - 11/08/25 16:09:47 - 0:13:11 - Epoch 161: val_AUC=0.9594933955870661, val_AP=0.9568910734785543
INFO - 11/08/25 16:09:47 - 0:13:11 - Epoch 162: train_loss=0.7667546272277832, train_AUC=0.9948127592940702, train_AP=0.9928506185016156, time=0.26360154151916504
INFO - 11/08/25 16:09:47 - 0:13:11 - Epoch 162: val_AUC=0.9594540933024018, val_AP=0.956909061091351
INFO - 11/08/25 16:09:47 - 0:13:11 - Epoch 163: train_loss=0.764573335647583, train_AUC=0.9948691330682548, train_AP=0.9928764387892992, time=0.27373385429382324
INFO - 11/08/25 16:09:47 - 0:13:12 - Epoch 163: val_AUC=0.9594022672327279, val_AP=0.9569210239637435
INFO - 11/08/25 16:09:47 - 0:13:12 - Epoch 164: train_loss=0.7614825367927551, train_AUC=0.9950171415682292, train_AP=0.992973497262182, time=0.2595641613006592
INFO - 11/08/25 16:09:48 - 0:13:12 - Epoch 164: val_AUC=0.9593608267408672, val_AP=0.9569253630526299
INFO - 11/08/25 16:09:48 - 0:13:12 - Epoch 165: train_loss=0.7612432837486267, train_AUC=0.9951538887337649, train_AP=0.9933923765417243, time=0.2604644298553467
INFO - 11/08/25 16:09:48 - 0:13:12 - Epoch 165: val_AUC=0.9593036042435064, val_AP=0.9569169968669611
INFO - 11/08/25 16:09:48 - 0:13:12 - Epoch 166: train_loss=0.761772871017456, train_AUC=0.9950328726702147, train_AP=0.993146942530731, time=0.26422619819641113
INFO - 11/08/25 16:09:48 - 0:13:13 - Epoch 166: val_AUC=0.9592661347078679, val_AP=0.9569233613703044
INFO - 11/08/25 16:09:48 - 0:13:13 - Epoch 167: train_loss=0.7609606385231018, train_AUC=0.9951613608310873, train_AP=0.9934216330329192, time=0.26236867904663086
INFO - 11/08/25 16:09:49 - 0:13:13 - Epoch 167: val_AUC=0.9592264251456424, val_AP=0.9569339663860766
INFO - 11/08/25 16:09:49 - 0:13:13 - Epoch 168: train_loss=0.7591837048530579, train_AUC=0.9951655576115308, train_AP=0.9932074837291466, time=0.2241649627685547
INFO - 11/08/25 16:09:49 - 0:13:13 - Epoch 168: val_AUC=0.9591765336443846, val_AP=0.9569394259827585
INFO - 11/08/25 16:09:49 - 0:13:13 - Epoch 169: train_loss=0.7590737342834473, train_AUC=0.9952494159034084, train_AP=0.993736971265794, time=0.22121930122375488
INFO - 11/08/25 16:09:49 - 0:13:13 - Epoch 169: val_AUC=0.9591248093941014, val_AP=0.9569378348400561
INFO - 11/08/25 16:09:49 - 0:13:14 - Epoch 170: train_loss=0.7586613893508911, train_AUC=0.9948884783433689, train_AP=0.9928842017389382, time=0.22234106063842773
INFO - 11/08/25 16:09:49 - 0:13:14 - Epoch 170: val_AUC=0.9590584231516117, val_AP=0.9569330519887076
INFO - 11/08/25 16:09:50 - 0:13:14 - Epoch 171: train_loss=0.7578698396682739, train_AUC=0.9950929256060703, train_AP=0.9932619081023597, time=0.23052763938903809
INFO - 11/08/25 16:09:50 - 0:13:14 - Epoch 171: val_AUC=0.9589806331374056, val_AP=0.9569275789924653
INFO - 11/08/25 16:09:50 - 0:13:14 - Epoch 172: train_loss=0.7555849552154541, train_AUC=0.995535546719437, train_AP=0.9939090698609313, time=0.2601299285888672
INFO - 11/08/25 16:09:50 - 0:13:14 - Epoch 172: val_AUC=0.9589270761380965, val_AP=0.9569385275084923
INFO - 11/08/25 16:09:50 - 0:13:15 - Epoch 173: train_loss=0.7541594505310059, train_AUC=0.9953836500025064, train_AP=0.9935765259779374, time=0.2589418888092041
INFO - 11/08/25 16:09:50 - 0:13:15 - Epoch 173: val_AUC=0.9588704645570776, val_AP=0.956941342746629
INFO - 11/08/25 16:09:51 - 0:13:15 - Epoch 174: train_loss=0.753609299659729, train_AUC=0.9952925594897158, train_AP=0.9936280578423091, time=0.2941005229949951
INFO - 11/08/25 16:09:51 - 0:13:15 - Epoch 174: val_AUC=0.9588317731887552, val_AP=0.9569649568465832
INFO - 11/08/25 16:09:51 - 0:13:15 - Epoch 175: train_loss=0.7532029151916504, train_AUC=0.9953720758776834, train_AP=0.9937562101368711, time=0.2648196220397949
INFO - 11/08/25 16:09:51 - 0:13:15 - Epoch 175: val_AUC=0.9588053001472716, val_AP=0.9570154904880473
INFO - 11/08/25 16:09:51 - 0:13:16 - Epoch 176: train_loss=0.7509099245071411, train_AUC=0.9954791400106795, train_AP=0.9937202918048104, time=0.26549649238586426
INFO - 11/08/25 16:09:51 - 0:13:16 - Epoch 176: val_AUC=0.9587470594560076, val_AP=0.957021319868483
INFO - 11/08/25 16:09:52 - 0:13:16 - Epoch 177: train_loss=0.7502108812332153, train_AUC=0.9958200813534539, train_AP=0.9943417753238394, time=0.3242473602294922
INFO - 11/08/25 16:09:52 - 0:13:16 - Epoch 177: val_AUC=0.9586487019249567, val_AP=0.9569859805786196
INFO - 11/08/25 16:09:52 - 0:13:16 - Epoch 178: train_loss=0.7493439316749573, train_AUC=0.9955675983994308, train_AP=0.9939253766112086, time=0.2656996250152588
INFO - 11/08/25 16:09:52 - 0:13:16 - Epoch 178: val_AUC=0.9585346642077963, val_AP=0.9569450207901086
INFO - 11/08/25 16:09:52 - 0:13:17 - Epoch 179: train_loss=0.7491200566291809, train_AUC=0.9953237557514121, train_AP=0.9934152255656666, time=0.22781157493591309
INFO - 11/08/25 16:09:52 - 0:13:17 - Epoch 179: val_AUC=0.9584379357869905, val_AP=0.9569022567012837
INFO - 11/08/25 16:09:53 - 0:13:17 - Epoch 180: train_loss=0.747113049030304, train_AUC=0.9956182501878067, train_AP=0.993895027797484, time=0.23065710067749023
INFO - 11/08/25 16:09:53 - 0:13:17 - Epoch 180: val_AUC=0.9583371345905721, val_AP=0.9568455332756334
INFO - 11/08/25 16:09:53 - 0:13:17 - Epoch 181: train_loss=0.746497631072998, train_AUC=0.9956876725694138, train_AP=0.9941038703593303, time=0.2284250259399414
INFO - 11/08/25 16:09:53 - 0:13:17 - Epoch 181: val_AUC=0.9582381661431792, val_AP=0.9568049298955594
INFO - 11/08/25 16:09:53 - 0:13:17 - Epoch 182: train_loss=0.7443463802337646, train_AUC=0.9959802046688367, train_AP=0.9944548192779344, time=0.22900152206420898
INFO - 11/08/25 16:09:53 - 0:13:17 - Epoch 182: val_AUC=0.9581711689843476, val_AP=0.9567906452501294
INFO - 11/08/25 16:09:53 - 0:13:18 - Epoch 183: train_loss=0.745731770992279, train_AUC=0.9958011238961473, train_AP=0.9942227477599129, time=0.22569680213928223
INFO - 11/08/25 16:09:53 - 0:13:18 - Epoch 183: val_AUC=0.9581149646808899, val_AP=0.9567941411198226
INFO - 11/08/25 16:09:54 - 0:13:18 - Epoch 184: train_loss=0.7434393763542175, train_AUC=0.9961366468852204, train_AP=0.9947968262236968, time=0.23006844520568848
INFO - 11/08/25 16:09:54 - 0:13:18 - Epoch 184: val_AUC=0.9580410438035163, val_AP=0.956795668275085
INFO - 11/08/25 16:09:54 - 0:13:18 - Epoch 185: train_loss=0.741546630859375, train_AUC=0.9962718172420226, train_AP=0.9949338129815032, time=0.268390417098999
INFO - 11/08/25 16:09:54 - 0:13:18 - Epoch 185: val_AUC=0.9579402426070978, val_AP=0.9567613595736695
INFO - 11/08/25 16:09:54 - 0:13:19 - Epoch 186: train_loss=0.7419322729110718, train_AUC=0.9961182885905757, train_AP=0.9948452680104282, time=0.23036694526672363
INFO - 11/08/25 16:09:54 - 0:13:19 - Epoch 186: val_AUC=0.9578598052887435, val_AP=0.9567382102980121
INFO - 11/08/25 16:09:55 - 0:13:19 - Epoch 187: train_loss=0.7399338483810425, train_AUC=0.9960336303584248, train_AP=0.9945252051268512, time=0.23294329643249512
INFO - 11/08/25 16:09:55 - 0:13:19 - Epoch 187: val_AUC=0.9577765170274604, val_AP=0.9567189725290123
INFO - 11/08/25 16:09:55 - 0:13:19 - Epoch 188: train_loss=0.7392377853393555, train_AUC=0.9960975699261502, train_AP=0.9946557745147699, time=0.2371072769165039
INFO - 11/08/25 16:09:55 - 0:13:19 - Epoch 188: val_AUC=0.957678974051532, val_AP=0.9566901559833065
INFO - 11/08/25 16:09:55 - 0:13:19 - Epoch 189: train_loss=0.7398598194122314, train_AUC=0.9958330986113899, train_AP=0.9942335994553384, time=0.22410058975219727
INFO - 11/08/25 16:09:55 - 0:13:19 - Epoch 189: val_AUC=0.9575885584329262, val_AP=0.9566645238196316
INFO - 11/08/25 16:09:55 - 0:13:20 - Epoch 190: train_loss=0.7391732931137085, train_AUC=0.9961126155663252, train_AP=0.9946423878030275, time=0.22352290153503418
INFO - 11/08/25 16:09:55 - 0:13:20 - Epoch 190: val_AUC=0.9575085283921333, val_AP=0.9566298426053453
INFO - 11/08/25 16:09:56 - 0:13:20 - Epoch 191: train_loss=0.7363895177841187, train_AUC=0.996105012435193, train_AP=0.9944811140181594, time=0.24147319793701172
INFO - 11/08/25 16:09:56 - 0:13:20 - Epoch 191: val_AUC=0.9574008034771729, val_AP=0.9565661654016828
INFO - 11/08/25 16:09:56 - 0:13:20 - Epoch 192: train_loss=0.735875129699707, train_AUC=0.9963844522492565, train_AP=0.9950338162893984, time=0.23289775848388672
INFO - 11/08/25 16:09:56 - 0:13:20 - Epoch 192: val_AUC=0.9572757692658578, val_AP=0.9564950618851086
INFO - 11/08/25 16:09:56 - 0:13:21 - Epoch 193: train_loss=0.7354782819747925, train_AUC=0.9962766181165079, train_AP=0.9948603492703431, time=0.29029250144958496
INFO - 11/08/25 16:09:56 - 0:13:21 - Epoch 193: val_AUC=0.9571493095830782, val_AP=0.9564356641486257
INFO - 11/08/25 16:09:57 - 0:13:21 - Epoch 194: train_loss=0.7337785363197327, train_AUC=0.996575789262286, train_AP=0.9955178485212874, time=0.2654860019683838
INFO - 11/08/25 16:09:57 - 0:13:21 - Epoch 194: val_AUC=0.9570332354781113, val_AP=0.9564157884143712
INFO - 11/08/25 16:09:57 - 0:13:21 - Epoch 195: train_loss=0.7326038479804993, train_AUC=0.9964926972716258, train_AP=0.9952562413509516, time=0.2631559371948242
INFO - 11/08/25 16:09:57 - 0:13:21 - Epoch 195: val_AUC=0.9569167540955831, val_AP=0.9563429878301509
INFO - 11/08/25 16:09:57 - 0:13:22 - Epoch 196: train_loss=0.7322804927825928, train_AUC=0.9962800397896985, train_AP=0.9948768763913922, time=0.2699465751647949
INFO - 11/08/25 16:09:57 - 0:13:22 - Epoch 196: val_AUC=0.9568448696060159, val_AP=0.9563307317242834
INFO - 11/08/25 16:09:58 - 0:13:22 - Epoch 197: train_loss=0.7316462993621826, train_AUC=0.99648049650931, train_AP=0.9951382149936332, time=0.285783052444458
INFO - 11/08/25 16:09:58 - 0:13:22 - Epoch 197: val_AUC=0.9567558794588749, val_AP=0.9563000605294195
INFO - 11/08/25 16:09:58 - 0:13:22 - Epoch 198: train_loss=0.7310552597045898, train_AUC=0.9962842108565181, train_AP=0.9948841521049628, time=0.26775193214416504
INFO - 11/08/25 16:09:58 - 0:13:22 - Epoch 198: val_AUC=0.9566406199090306, val_AP=0.9562301485019924
INFO - 11/08/25 16:09:58 - 0:13:23 - Epoch 199: train_loss=0.7295730113983154, train_AUC=0.9961533012119776, train_AP=0.9944097445371968, time=0.2651669979095459
INFO - 11/08/25 16:09:58 - 0:13:23 - Epoch 199: val_AUC=0.9565267858306508, val_AP=0.9561723276842065
INFO - 11/08/25 16:09:59 - 0:13:23 - Epoch 200: train_loss=0.728590190410614, train_AUC=0.9966112666662466, train_AP=0.9953186925954912, time=0.26654481887817383
INFO - 11/08/25 16:09:59 - 0:13:23 - Epoch 200: val_AUC=0.9563970679273808, val_AP=0.9561070362363364
INFO - 11/08/25 16:09:59 - 0:13:23 - Epoch 201: train_loss=0.7272560596466064, train_AUC=0.9966167676205616, train_AP=0.9952682134998885, time=0.22559022903442383
INFO - 11/08/25 16:09:59 - 0:13:23 - Epoch 201: val_AUC=0.956291175761446, val_AP=0.9560580778268701
INFO - 11/08/25 16:09:59 - 0:13:23 - Epoch 202: train_loss=0.725305438041687, train_AUC=0.9967278872851904, train_AP=0.9954532611316815, time=0.22266244888305664
INFO - 11/08/25 16:09:59 - 0:13:24 - Epoch 202: val_AUC=0.956165530633789, val_AP=0.955977428087959
INFO - 11/08/25 16:09:59 - 0:13:24 - Epoch 203: train_loss=0.7262312173843384, train_AUC=0.9964932645564389, train_AP=0.9952386116471994, time=0.22262978553771973
INFO - 11/08/25 16:10:00 - 0:13:24 - Epoch 203: val_AUC=0.9560331654263708, val_AP=0.9558919322677513
INFO - 11/08/25 16:10:00 - 0:13:24 - Epoch 204: train_loss=0.7234908938407898, train_AUC=0.9969142429000049, train_AP=0.9956963521065432, time=0.2328934669494629
INFO - 11/08/25 16:10:00 - 0:13:24 - Epoch 204: val_AUC=0.9558924510289459, val_AP=0.9557891837799845
INFO - 11/08/25 16:10:00 - 0:13:24 - Epoch 205: train_loss=0.7244027853012085, train_AUC=0.9965322458819624, train_AP=0.9950806700853863, time=0.26404690742492676
INFO - 11/08/25 16:10:00 - 0:13:24 - Epoch 205: val_AUC=0.9557820788098373, val_AP=0.9557212007568947
INFO - 11/08/25 16:10:00 - 0:13:25 - Epoch 206: train_loss=0.7222466468811035, train_AUC=0.9969917865598784, train_AP=0.9958053319891897, time=0.27221012115478516
INFO - 11/08/25 16:10:00 - 0:13:25 - Epoch 206: val_AUC=0.9556798521419543, val_AP=0.9556557201818672
INFO - 11/08/25 16:10:01 - 0:13:25 - Epoch 207: train_loss=0.7213884592056274, train_AUC=0.9968899842092706, train_AP=0.9956989168840475, time=0.263092041015625
INFO - 11/08/25 16:10:01 - 0:13:25 - Epoch 207: val_AUC=0.9555493196835616, val_AP=0.9555800321809074
INFO - 11/08/25 16:10:01 - 0:13:25 - Epoch 208: train_loss=0.7210429906845093, train_AUC=0.9968503876941004, train_AP=0.9956692206151533, time=0.26316022872924805
INFO - 11/08/25 16:10:01 - 0:13:25 - Epoch 208: val_AUC=0.955410234396382, val_AP=0.9554919622440821
INFO - 11/08/25 16:10:01 - 0:13:26 - Epoch 209: train_loss=0.7210030555725098, train_AUC=0.996959538505291, train_AP=0.9958707755552012, time=0.2617306709289551
INFO - 11/08/25 16:10:01 - 0:13:26 - Epoch 209: val_AUC=0.9553010840099573, val_AP=0.9554175772075986
INFO - 11/08/25 16:10:02 - 0:13:26 - Epoch 210: train_loss=0.719757080078125, train_AUC=0.9967803832335403, train_AP=0.9955056196081478, time=0.26908183097839355
INFO - 11/08/25 16:10:02 - 0:13:26 - Epoch 210: val_AUC=0.9551776789088872, val_AP=0.9553439420103546
INFO - 11/08/25 16:10:02 - 0:13:26 - Epoch 211: train_loss=0.7192999124526978, train_AUC=0.9968587500816214, train_AP=0.9955593827093773, time=0.2707655429840088
INFO - 11/08/25 16:10:02 - 0:13:26 - Epoch 211: val_AUC=0.9550840050697911, val_AP=0.9552922793271561
INFO - 11/08/25 16:10:02 - 0:13:27 - Epoch 212: train_loss=0.7191240191459656, train_AUC=0.9967831391704399, train_AP=0.9953555024742293, time=0.26358532905578613
INFO - 11/08/25 16:10:02 - 0:13:27 - Epoch 212: val_AUC=0.9549876839265466, val_AP=0.9552254337696724
INFO - 11/08/25 16:10:03 - 0:13:27 - Epoch 213: train_loss=0.7165864706039429, train_AUC=0.9970397748747286, train_AP=0.9957384085232943, time=0.26067090034484863
INFO - 11/08/25 16:10:03 - 0:13:27 - Epoch 213: val_AUC=0.95485267141498, val_AP=0.9551249502087362
INFO - 11/08/25 16:10:03 - 0:13:27 - Epoch 214: train_loss=0.7159591913223267, train_AUC=0.9973395823446387, train_AP=0.9964635736685558, time=0.2638115882873535
INFO - 11/08/25 16:10:03 - 0:13:27 - Epoch 214: val_AUC=0.9546989241355942, val_AP=0.9550327495974767
INFO - 11/08/25 16:10:03 - 0:13:28 - Epoch 215: train_loss=0.7175567150115967, train_AUC=0.9968270626192598, train_AP=0.9956726967221831, time=0.263380765914917
INFO - 11/08/25 16:10:03 - 0:13:28 - Epoch 215: val_AUC=0.9545588206545115, val_AP=0.9549527783532612
INFO - 11/08/25 16:10:04 - 0:13:28 - Epoch 216: train_loss=0.714168906211853, train_AUC=0.9971838285841176, train_AP=0.9960496713041452, time=0.2625439167022705
INFO - 11/08/25 16:10:04 - 0:13:28 - Epoch 216: val_AUC=0.9544170880631835, val_AP=0.9548680436447184
INFO - 11/08/25 16:10:04 - 0:13:28 - Epoch 217: train_loss=0.7137578725814819, train_AUC=0.997044180182095, train_AP=0.99584837027009, time=0.29111170768737793
INFO - 11/08/25 16:10:04 - 0:13:28 - Epoch 217: val_AUC=0.9542555006907426, val_AP=0.9547541590904761
INFO - 11/08/25 16:10:04 - 0:13:29 - Epoch 218: train_loss=0.7120676040649414, train_AUC=0.9972107731157082, train_AP=0.9959695654688098, time=0.26206350326538086
INFO - 11/08/25 16:10:04 - 0:13:29 - Epoch 218: val_AUC=0.9541083716717276, val_AP=0.9546541187635565
INFO - 11/08/25 16:10:05 - 0:13:29 - Epoch 219: train_loss=0.7117753624916077, train_AUC=0.9972887861372789, train_AP=0.9962429844191845, time=0.2614016532897949
INFO - 11/08/25 16:10:05 - 0:13:29 - Epoch 219: val_AUC=0.95397621010309, val_AP=0.9545525404032944
INFO - 11/08/25 16:10:05 - 0:13:29 - Epoch 220: train_loss=0.7112325429916382, train_AUC=0.9971927887253348, train_AP=0.9960882514488802, time=0.2614109516143799
INFO - 11/08/25 16:10:05 - 0:13:29 - Epoch 220: val_AUC=0.9538375320934718, val_AP=0.9544818503070145
INFO - 11/08/25 16:10:05 - 0:13:30 - Epoch 221: train_loss=0.7094111442565918, train_AUC=0.9974785819179588, train_AP=0.9966422891899039, time=0.28931546211242676
INFO - 11/08/25 16:10:05 - 0:13:30 - Epoch 221: val_AUC=0.9536546644684539, val_AP=0.954339603592574
INFO - 11/08/25 16:10:06 - 0:13:30 - Epoch 222: train_loss=0.7099061608314514, train_AUC=0.9973930906348406, train_AP=0.9965294317782893, time=0.22147059440612793
INFO - 11/08/25 16:10:06 - 0:13:30 - Epoch 222: val_AUC=0.953485440641739, val_AP=0.9542053639032709
INFO - 11/08/25 16:10:06 - 0:13:30 - Epoch 223: train_loss=0.7087235450744629, train_AUC=0.9973698439337169, train_AP=0.9963435613359968, time=0.22280001640319824
INFO - 11/08/25 16:10:06 - 0:13:30 - Epoch 223: val_AUC=0.9533428934952886, val_AP=0.9540925461235845
INFO - 11/08/25 16:10:06 - 0:13:30 - Epoch 224: train_loss=0.709037184715271, train_AUC=0.9973447361650305, train_AP=0.9962549893990053, time=0.2213456630706787
INFO - 11/08/25 16:10:06 - 0:13:30 - Epoch 224: val_AUC=0.9532139901471413, val_AP=0.9539940703046955
INFO - 11/08/25 16:10:06 - 0:13:31 - Epoch 225: train_loss=0.7060137987136841, train_AUC=0.9974500042190069, train_AP=0.9963959300345719, time=0.22231411933898926
INFO - 11/08/25 16:10:06 - 0:13:31 - Epoch 225: val_AUC=0.9530561700921424, val_AP=0.953895612662542
INFO - 11/08/25 16:10:07 - 0:13:31 - Epoch 226: train_loss=0.7055984735488892, train_AUC=0.9973871946417688, train_AP=0.9962876505888069, time=0.2420797348022461
INFO - 11/08/25 16:10:07 - 0:13:31 - Epoch 226: val_AUC=0.9528928517900664, val_AP=0.9537831429492786
INFO - 11/08/25 16:10:07 - 0:13:31 - Epoch 227: train_loss=0.7063165903091431, train_AUC=0.9973044069876988, train_AP=0.9961656742802284, time=0.22021985054016113
INFO - 11/08/25 16:10:07 - 0:13:31 - Epoch 227: val_AUC=0.9527590611111835, val_AP=0.9536840431092986
INFO - 11/08/25 16:10:07 - 0:13:31 - Epoch 228: train_loss=0.705498456954956, train_AUC=0.9973811475371263, train_AP=0.9963492633053305, time=0.21787166595458984
INFO - 11/08/25 16:10:07 - 0:13:32 - Epoch 228: val_AUC=0.9526196703658331, val_AP=0.9535948577430496
INFO - 11/08/25 16:10:07 - 0:13:32 - Epoch 229: train_loss=0.704505443572998, train_AUC=0.9973701632405675, train_AP=0.9961475408309494, time=0.21870064735412598
INFO - 11/08/25 16:10:07 - 0:13:32 - Epoch 229: val_AUC=0.9524551302310731, val_AP=0.9534791154467821
INFO - 11/08/25 16:10:08 - 0:13:32 - Epoch 230: train_loss=0.7033035755157471, train_AUC=0.9975760074927557, train_AP=0.9966172121036025, time=0.23339557647705078
INFO - 11/08/25 16:10:08 - 0:13:32 - Epoch 230: val_AUC=0.9522976156342452, val_AP=0.9533679569578392
INFO - 11/08/25 16:10:08 - 0:13:32 - Epoch 231: train_loss=0.7020989060401917, train_AUC=0.9977262217285257, train_AP=0.9969956508578672, time=0.2228853702545166
INFO - 11/08/25 16:10:08 - 0:13:32 - Epoch 231: val_AUC=0.9521591412634076, val_AP=0.9532513621874446
INFO - 11/08/25 16:10:08 - 0:13:33 - Epoch 232: train_loss=0.7013144493103027, train_AUC=0.9975864755795079, train_AP=0.9965307240413311, time=0.21982264518737793
INFO - 11/08/25 16:10:08 - 0:13:33 - Epoch 232: val_AUC=0.9520253505845248, val_AP=0.9531578813468113
INFO - 11/08/25 16:10:09 - 0:13:33 - Epoch 233: train_loss=0.7022950649261475, train_AUC=0.9974029047853897, train_AP=0.9963352121321171, time=0.21671199798583984
INFO - 11/08/25 16:10:09 - 0:13:33 - Epoch 233: val_AUC=0.9519121274224869, val_AP=0.9530752733179169
INFO - 11/08/25 16:10:09 - 0:13:33 - Epoch 234: train_loss=0.7002578973770142, train_AUC=0.9976042945925327, train_AP=0.9965237409390311, time=0.21965742111206055
INFO - 11/08/25 16:10:09 - 0:13:33 - Epoch 234: val_AUC=0.9517528818960237, val_AP=0.9529549707653505
INFO - 11/08/25 16:10:09 - 0:13:33 - Epoch 235: train_loss=0.7002227306365967, train_AUC=0.9977083194104039, train_AP=0.9968786204411516, time=0.2991981506347656
INFO - 11/08/25 16:10:09 - 0:13:33 - Epoch 235: val_AUC=0.9516345677644698, val_AP=0.9528495253140126
INFO - 11/08/25 16:10:09 - 0:13:34 - Epoch 236: train_loss=0.6992830634117126, train_AUC=0.997637723888735, train_AP=0.9967830636019451, time=0.25769639015197754
INFO - 11/08/25 16:10:09 - 0:13:34 - Epoch 236: val_AUC=0.9515262319331674, val_AP=0.952785521856914
INFO - 11/08/25 16:10:10 - 0:13:34 - Epoch 237: train_loss=0.6980167627334595, train_AUC=0.9976519178091472, train_AP=0.9967586305063709, time=0.2648475170135498
INFO - 11/08/25 16:10:10 - 0:13:34 - Epoch 237: val_AUC=0.951406492330149, val_AP=0.9526868824118533
INFO - 11/08/25 16:10:10 - 0:13:34 - Epoch 238: train_loss=0.6961890459060669, train_AUC=0.9976980878537678, train_AP=0.9967272252666675, time=0.25911402702331543
INFO - 11/08/25 16:10:10 - 0:13:34 - Epoch 238: val_AUC=0.9512376757809955, val_AP=0.9525557107577096
INFO - 11/08/25 16:10:10 - 0:13:35 - Epoch 239: train_loss=0.6966776847839355, train_AUC=0.9976367920340483, train_AP=0.9966967783166533, time=0.29331231117248535
INFO - 11/08/25 16:10:10 - 0:13:35 - Epoch 239: val_AUC=0.9511142706799255, val_AP=0.9524526518125311
INFO - 11/08/25 16:10:11 - 0:13:35 - Epoch 240: train_loss=0.6963317394256592, train_AUC=0.9977520542339414, train_AP=0.9968080575845764, time=0.2626521587371826
INFO - 11/08/25 16:10:11 - 0:13:35 - Epoch 240: val_AUC=0.9510142840386294, val_AP=0.9523628395493096
INFO - 11/08/25 16:10:11 - 0:13:35 - Epoch 241: train_loss=0.6959233283996582, train_AUC=0.9976336472226169, train_AP=0.996591972161455, time=0.2603263854980469
INFO - 11/08/25 16:10:11 - 0:13:35 - Epoch 241: val_AUC=0.9508870098007273, val_AP=0.952265269054717
INFO - 11/08/25 16:10:11 - 0:13:36 - Epoch 242: train_loss=0.6948162317276001, train_AUC=0.9977070446486913, train_AP=0.9967074511569266, time=0.25752806663513184
INFO - 11/08/25 16:10:11 - 0:13:36 - Epoch 242: val_AUC=0.9507324479662189, val_AP=0.9521510524587617
INFO - 11/08/25 16:10:12 - 0:13:36 - Epoch 243: train_loss=0.6948263645172119, train_AUC=0.9976502450146256, train_AP=0.9966638626141969, time=0.2834165096282959
INFO - 11/08/25 16:10:12 - 0:13:36 - Epoch 243: val_AUC=0.9506068028385617, val_AP=0.9520545400594097
INFO - 11/08/25 16:10:12 - 0:13:36 - Epoch 244: train_loss=0.6935976147651672, train_AUC=0.9977252463720232, train_AP=0.9967304418814026, time=0.2602567672729492
INFO - 11/08/25 16:10:12 - 0:13:36 - Epoch 244: val_AUC=0.9505345110714332, val_AP=0.9519860834337656
INFO - 11/08/25 16:10:12 - 0:13:37 - Epoch 245: train_loss=0.6923103332519531, train_AUC=0.9979265342052742, train_AP=0.9972518818314313, time=0.2565441131591797
INFO - 11/08/25 16:10:12 - 0:13:37 - Epoch 245: val_AUC=0.9504514264489308, val_AP=0.9519355081789997
INFO - 11/08/25 16:10:13 - 0:13:37 - Epoch 246: train_loss=0.6917094588279724, train_AUC=0.9977060983521064, train_AP=0.9967265431398692, time=0.27794981002807617
INFO - 11/08/25 16:10:13 - 0:13:37 - Epoch 246: val_AUC=0.9502480931264581, val_AP=0.951776454921424
INFO - 11/08/25 16:10:13 - 0:13:37 - Epoch 247: train_loss=0.6905913949012756, train_AUC=0.9980681169410756, train_AP=0.997373726943354, time=0.25860047340393066
INFO - 11/08/25 16:10:13 - 0:13:37 - Epoch 247: val_AUC=0.9501565574945586, val_AP=0.9516988482286548
INFO - 11/08/25 16:10:13 - 0:13:38 - Epoch 248: train_loss=0.6906814575195312, train_AUC=0.9979004565398276, train_AP=0.9970229222021407, time=0.2605891227722168
INFO - 11/08/25 16:10:13 - 0:13:38 - Epoch 248: val_AUC=0.9501123678791591, val_AP=0.9516666636582815
INFO - 11/08/25 16:10:14 - 0:13:38 - Epoch 249: train_loss=0.6903682947158813, train_AUC=0.9978075863272436, train_AP=0.9968059119739345, time=0.2618675231933594
INFO - 11/08/25 16:10:14 - 0:13:38 - Epoch 249: val_AUC=0.9499873336678439, val_AP=0.9515762663983696
INFO - 11/08/25 16:10:14 - 0:13:38 - Epoch 250: train_loss=0.688891589641571, train_AUC=0.9981519977764042, train_AP=0.9974687448152328, time=0.2927870750427246
INFO - 11/08/25 16:10:14 - 0:13:38 - Epoch 250: val_AUC=0.9498327718333356, val_AP=0.9514414870181573
INFO - 11/08/25 16:10:14 - 0:13:39 - Epoch 251: train_loss=0.6898674964904785, train_AUC=0.9978800730331169, train_AP=0.9971265223001777, time=0.26320934295654297
INFO - 11/08/25 16:10:14 - 0:13:39 - Epoch 251: val_AUC=0.9497755493359747, val_AP=0.9513998004539514
INFO - 11/08/25 16:10:15 - 0:13:39 - Epoch 252: train_loss=0.6884222030639648, train_AUC=0.9980212783422326, train_AP=0.9970465094397453, time=0.2621028423309326
INFO - 11/08/25 16:10:15 - 0:13:39 - Epoch 252: val_AUC=0.9496863555500529, val_AP=0.9513489936430525
INFO - 11/08/25 16:10:15 - 0:13:39 - Epoch 253: train_loss=0.6872545480728149, train_AUC=0.99793972705556, train_AP=0.9971231421627792, time=0.2581048011779785
INFO - 11/08/25 16:10:15 - 0:13:39 - Epoch 253: val_AUC=0.9494926950696609, val_AP=0.9512060335447823
INFO - 11/08/25 16:10:15 - 0:13:40 - Epoch 254: train_loss=0.6862991452217102, train_AUC=0.9980392849238157, train_AP=0.9971105167734262, time=0.2890610694885254
INFO - 11/08/25 16:10:15 - 0:13:40 - Epoch 254: val_AUC=0.9493920975120227, val_AP=0.9511337968715801
INFO - 11/08/25 16:10:16 - 0:13:40 - Epoch 255: train_loss=0.6870901584625244, train_AUC=0.9978099463447828, train_AP=0.996872192312324, time=0.26529645919799805
INFO - 11/08/25 16:10:16 - 0:13:40 - Epoch 255: val_AUC=0.949322249410262, val_AP=0.9510693343372402
INFO - 11/08/25 16:10:16 - 0:13:40 - Epoch 256: train_loss=0.6860328912734985, train_AUC=0.9979934715236366, train_AP=0.9972448431727822, time=0.2650763988494873
INFO - 11/08/25 16:10:16 - 0:13:40 - Epoch 256: val_AUC=0.9491092432457089, val_AP=0.950915183876807
INFO - 11/08/25 16:10:16 - 0:13:40 - Epoch 257: train_loss=0.685667097568512, train_AUC=0.9979648621229568, train_AP=0.9971854762555893, time=0.27093005180358887
INFO - 11/08/25 16:10:16 - 0:13:41 - Epoch 257: val_AUC=0.948919044624588, val_AP=0.9507736797719962
INFO - 11/08/25 16:10:17 - 0:13:41 - Epoch 258: train_loss=0.6847754716873169, train_AUC=0.9979871651693062, train_AP=0.996911853672129, time=0.2872433662414551
INFO - 11/08/25 16:10:17 - 0:13:41 - Epoch 258: val_AUC=0.9488891097238333, val_AP=0.9507491677440881
INFO - 11/08/25 16:10:17 - 0:13:41 - Epoch 259: train_loss=0.6831119060516357, train_AUC=0.9982745017077285, train_AP=0.9976629631324958, time=0.26268553733825684
INFO - 11/08/25 16:10:17 - 0:13:41 - Epoch 259: val_AUC=0.9487679446493504, val_AP=0.9506526535300209
INFO - 11/08/25 16:10:17 - 0:13:41 - Epoch 260: train_loss=0.6831515431404114, train_AUC=0.9979676643796035, train_AP=0.9970690535000294, time=0.26293063163757324
INFO - 11/08/25 16:10:17 - 0:13:42 - Epoch 260: val_AUC=0.9486101245943515, val_AP=0.9505736314760034
INFO - 11/08/25 16:10:17 - 0:13:42 - Epoch 261: train_loss=0.6835025548934937, train_AUC=0.9978988390472096, train_AP=0.9969523961002624, time=0.2639937400817871
INFO - 11/08/25 16:10:18 - 0:13:42 - Epoch 261: val_AUC=0.9485036215120748, val_AP=0.9504974571325748
INFO - 11/08/25 16:10:18 - 0:13:42 - Epoch 262: train_loss=0.6816049218177795, train_AUC=0.9980931385867337, train_AP=0.9972264773252766, time=0.29707980155944824
INFO - 11/08/25 16:10:18 - 0:13:42 - Epoch 262: val_AUC=0.948441308045198, val_AP=0.950472804428131
INFO - 11/08/25 16:10:18 - 0:13:42 - Epoch 263: train_loss=0.6817173957824707, train_AUC=0.9980151593803396, train_AP=0.9972542776466183, time=0.26127195358276367
INFO - 11/08/25 16:10:18 - 0:13:43 - Epoch 263: val_AUC=0.948288782598496, val_AP=0.9503549437072293
INFO - 11/08/25 16:10:18 - 0:13:43 - Epoch 264: train_loss=0.6811140775680542, train_AUC=0.9981285133123192, train_AP=0.9973708672423901, time=0.25992560386657715
INFO - 11/08/25 16:10:19 - 0:13:43 - Epoch 264: val_AUC=0.9481841122652455, val_AP=0.9502628420053889
INFO - 11/08/25 16:10:19 - 0:13:43 - Epoch 265: train_loss=0.6801803112030029, train_AUC=0.9981348020545786, train_AP=0.9972476400479464, time=0.28006744384765625
INFO - 11/08/25 16:10:19 - 0:13:43 - Epoch 265: val_AUC=0.9480906420649299, val_AP=0.9501550941033343
INFO - 11/08/25 16:10:19 - 0:13:43 - Epoch 266: train_loss=0.6800632476806641, train_AUC=0.998065878094586, train_AP=0.9972350072425128, time=0.266909122467041
INFO - 11/08/25 16:10:19 - 0:13:43 - Epoch 266: val_AUC=0.9480152957160918, val_AP=0.9501032453937317
INFO - 11/08/25 16:10:19 - 0:13:44 - Epoch 267: train_loss=0.6786255836486816, train_AUC=0.9980867075389392, train_AP=0.9971382802699649, time=0.2609372138977051
INFO - 11/08/25 16:10:20 - 0:13:44 - Epoch 267: val_AUC=0.947955629553363, val_AP=0.9500715560431375
INFO - 11/08/25 16:10:20 - 0:13:44 - Epoch 268: train_loss=0.6785171627998352, train_AUC=0.9981637605265096, train_AP=0.9972494053461729, time=0.22409677505493164
INFO - 11/08/25 16:10:20 - 0:13:44 - Epoch 268: val_AUC=0.9479195854891892, val_AP=0.9500464652740619
INFO - 11/08/25 16:10:20 - 0:13:44 - Epoch 269: train_loss=0.6781396269798279, train_AUC=0.9980715849340133, train_AP=0.9971180427852189, time=0.24660849571228027
INFO - 11/08/25 16:10:20 - 0:13:44 - Epoch 269: val_AUC=0.9478301880644867, val_AP=0.9499837604348462
INFO - 11/08/25 16:10:20 - 0:13:45 - Epoch 270: train_loss=0.6775813102722168, train_AUC=0.9982560831798003, train_AP=0.9973299698215998, time=0.22235536575317383
INFO - 11/08/25 16:10:20 - 0:13:45 - Epoch 270: val_AUC=0.9476762371463202, val_AP=0.9498751878048602
INFO - 11/08/25 16:10:21 - 0:13:45 - Epoch 271: train_loss=0.6768361330032349, train_AUC=0.9983451521790595, train_AP=0.9976442333208907, time=0.22091293334960938
INFO - 11/08/25 16:10:21 - 0:13:45 - Epoch 271: val_AUC=0.9475845996950306, val_AP=0.9497840849936976
INFO - 11/08/25 16:10:21 - 0:13:45 - Epoch 272: train_loss=0.6770528554916382, train_AUC=0.9982655457934084, train_AP=0.9975411413334472, time=0.2208247184753418
INFO - 11/08/25 16:10:21 - 0:13:45 - Epoch 272: val_AUC=0.9475373554979214, val_AP=0.9497465370777114
INFO - 11/08/25 16:10:21 - 0:13:45 - Epoch 273: train_loss=0.67655348777771, train_AUC=0.9982412649114644, train_AP=0.9975782936014337, time=0.23616385459899902
INFO - 11/08/25 16:10:21 - 0:13:45 - Epoch 273: val_AUC=0.9473889028268322, val_AP=0.9496281048288314
INFO - 11/08/25 16:10:21 - 0:13:46 - Epoch 274: train_loss=0.6758461594581604, train_AUC=0.9980167176963983, train_AP=0.9970434958061475, time=0.2222912311553955
INFO - 11/08/25 16:10:21 - 0:13:46 - Epoch 274: val_AUC=0.9472703850564976, val_AP=0.949548768537312
INFO - 11/08/25 16:10:22 - 0:13:46 - Epoch 275: train_loss=0.6750384569168091, train_AUC=0.9981945510060855, train_AP=0.9973682116371165, time=0.22083091735839844
INFO - 11/08/25 16:10:22 - 0:13:46 - Epoch 275: val_AUC=0.9472457447640397, val_AP=0.9495221501244901
INFO - 11/08/25 16:10:22 - 0:13:46 - Epoch 276: train_loss=0.6739270687103271, train_AUC=0.9983220729687328, train_AP=0.9975419924836255, time=0.22554612159729004
INFO - 11/08/25 16:10:22 - 0:13:46 - Epoch 276: val_AUC=0.9470095237784931, val_AP=0.9493483789574678
INFO - 11/08/25 16:10:22 - 0:13:46 - Epoch 277: train_loss=0.6730763912200928, train_AUC=0.9982570539571641, train_AP=0.997152332935991, time=0.22231650352478027
INFO - 11/08/25 16:10:22 - 0:13:47 - Epoch 277: val_AUC=0.9469244027681843, val_AP=0.9492770237310824
INFO - 11/08/25 16:10:23 - 0:13:47 - Epoch 278: train_loss=0.674328625202179, train_AUC=0.9982242697911297, train_AP=0.9973361929920509, time=0.2710914611816406
INFO - 11/08/25 16:10:23 - 0:13:47 - Epoch 278: val_AUC=0.9469673705508997, val_AP=0.9492834171414962
INFO - 11/08/25 16:10:23 - 0:13:47 - Epoch 279: train_loss=0.6724705100059509, train_AUC=0.9983251036539429, train_AP=0.9975229021306029, time=0.2619163990020752
INFO - 11/08/25 16:10:23 - 0:13:47 - Epoch 279: val_AUC=0.9467549753026886, val_AP=0.9491436502634638
INFO - 11/08/25 16:10:23 - 0:13:47 - Epoch 280: train_loss=0.6710817813873291, train_AUC=0.9984160279087811, train_AP=0.9976831526281471, time=0.27028846740722656
INFO - 11/08/25 16:10:23 - 0:13:48 - Epoch 280: val_AUC=0.9466372720874765, val_AP=0.9490684854786997
INFO - 11/08/25 16:10:24 - 0:13:48 - Epoch 281: train_loss=0.6711108684539795, train_AUC=0.9983767434795124, train_AP=0.9976913173952803, time=0.27547478675842285
INFO - 11/08/25 16:10:24 - 0:13:48 - Epoch 281: val_AUC=0.9466743343455538, val_AP=0.9490738688470091
INFO - 11/08/25 16:10:24 - 0:13:48 - Epoch 282: train_loss=0.6717433929443359, train_AUC=0.9982198551493655, train_AP=0.9974413238801317, time=0.2589399814605713
INFO - 11/08/25 16:10:24 - 0:13:48 - Epoch 282: val_AUC=0.9464183603982849, val_AP=0.9488839169455097
INFO - 11/08/25 16:10:24 - 0:13:48 - Epoch 283: train_loss=0.67048579454422, train_AUC=0.9982626061626063, train_AP=0.9974577694148284, time=0.2656881809234619
INFO - 11/08/25 16:10:24 - 0:13:48 - Epoch 283: val_AUC=0.9463024899320986, val_AP=0.948799453446849
INFO - 11/08/25 16:10:24 - 0:13:49 - Epoch 284: train_loss=0.6703786253929138, train_AUC=0.9982994583648439, train_AP=0.9974347827772092, time=0.26911187171936035
INFO - 11/08/25 16:10:25 - 0:13:49 - Epoch 284: val_AUC=0.946345254076034, val_AP=0.9488237145907836
INFO - 11/08/25 16:10:25 - 0:13:49 - Epoch 285: train_loss=0.6690676212310791, train_AUC=0.9984728444504352, train_AP=0.9979026775376343, time=0.2593679428100586
INFO - 11/08/25 16:10:25 - 0:13:49 - Epoch 285: val_AUC=0.9460326685477459, val_AP=0.9486219853147295
INFO - 11/08/25 16:10:25 - 0:13:49 - Epoch 286: train_loss=0.6687891483306885, train_AUC=0.9984197051331247, train_AP=0.9978017316662493, time=0.2581038475036621
INFO - 11/08/25 16:10:25 - 0:13:49 - Epoch 286: val_AUC=0.9460406104601911, val_AP=0.9486561630838127
INFO - 11/08/25 16:10:25 - 0:13:50 - Epoch 287: train_loss=0.6677634716033936, train_AUC=0.9984746037202262, train_AP=0.9976522356434784, time=0.27406740188598633
INFO - 11/08/25 16:10:25 - 0:13:50 - Epoch 287: val_AUC=0.94604977420532, val_AP=0.9486605200064785
INFO - 11/08/25 16:10:26 - 0:13:50 - Epoch 288: train_loss=0.6679818630218506, train_AUC=0.9985105725009731, train_AP=0.9977177633542571, time=0.2623922824859619
INFO - 11/08/25 16:10:26 - 0:13:50 - Epoch 288: val_AUC=0.9460206538596879, val_AP=0.9486273364583906
INFO - 11/08/25 16:10:26 - 0:13:50 - Epoch 289: train_loss=0.6665383577346802, train_AUC=0.9985072480464156, train_AP=0.9977967153343676, time=0.2630329132080078
INFO - 11/08/25 16:10:26 - 0:13:50 - Epoch 289: val_AUC=0.9455113532692986, val_AP=0.9482522140094612
INFO - 11/08/25 16:10:26 - 0:13:51 - Epoch 290: train_loss=0.6670567989349365, train_AUC=0.9985140979092628, train_AP=0.997775664097273, time=0.2637946605682373
INFO - 11/08/25 16:10:26 - 0:13:51 - Epoch 290: val_AUC=0.9455740740137368, val_AP=0.9482972819208723
INFO - 11/08/25 16:10:27 - 0:13:51 - Epoch 291: train_loss=0.66668701171875, train_AUC=0.9984761652064578, train_AP=0.9977678373682565, time=0.30283093452453613
INFO - 11/08/25 16:10:27 - 0:13:51 - Epoch 291: val_AUC=0.9453020126027968, val_AP=0.9480972858653216
INFO - 11/08/25 16:10:27 - 0:13:51 - Epoch 292: train_loss=0.666537880897522, train_AUC=0.9984530826498375, train_AP=0.9978397034473436, time=0.2645723819732666
INFO - 11/08/25 16:10:27 - 0:13:51 - Epoch 292: val_AUC=0.9450044963442766, val_AP=0.9479111437449318
INFO - 11/08/25 16:10:27 - 0:13:52 - Epoch 293: train_loss=0.6659620404243469, train_AUC=0.9984207238153222, train_AP=0.9976302088528358, time=0.2651655673980713
INFO - 11/08/25 16:10:27 - 0:13:52 - Epoch 293: val_AUC=0.9452207607293199, val_AP=0.948097927365488
INFO - 11/08/25 16:10:28 - 0:13:52 - Epoch 294: train_loss=0.665968656539917, train_AUC=0.9983864558322901, train_AP=0.9977251053831682, time=0.26601576805114746
INFO - 11/08/25 16:10:28 - 0:13:52 - Epoch 294: val_AUC=0.9451791165986785, val_AP=0.9482870749659675
INFO - 11/08/25 16:10:28 - 0:13:52 - Epoch 295: train_loss=0.6638985872268677, train_AUC=0.998491435048299, train_AP=0.99772477320956, time=0.2721233367919922
INFO - 11/08/25 16:10:28 - 0:13:52 - Epoch 295: val_AUC=0.9448855712963808, val_AP=0.9480614854766131
INFO - 11/08/25 16:10:28 - 0:13:53 - Epoch 296: train_loss=0.664604663848877, train_AUC=0.9985931502191545, train_AP=0.9981510073962971, time=0.265305757522583
INFO - 11/08/25 16:10:28 - 0:13:53 - Epoch 296: val_AUC=0.9451549854031722, val_AP=0.9482599408255846
INFO - 11/08/25 16:10:29 - 0:13:53 - Epoch 297: train_loss=0.6631426811218262, train_AUC=0.9984694453206959, train_AP=0.997600215665106, time=0.26469850540161133
INFO - 11/08/25 16:10:29 - 0:13:53 - Epoch 297: val_AUC=0.9453610678491834, val_AP=0.9483722926292615
INFO - 11/08/25 16:10:29 - 0:13:53 - Epoch 298: train_loss=0.6638835072517395, train_AUC=0.9985625346274454, train_AP=0.9979419372043276, time=0.2676260471343994
INFO - 11/08/25 16:10:29 - 0:13:53 - Epoch 298: val_AUC=0.9449061388132259, val_AP=0.9480475403212407
INFO - 11/08/25 16:10:29 - 0:13:54 - Epoch 299: train_loss=0.6624335050582886, train_AUC=0.9984474533035236, train_AP=0.9976787366269758, time=0.2639443874359131
INFO - 11/08/25 16:10:29 - 0:13:54 - Epoch 299: val_AUC=0.9450358567164958, val_AP=0.9481337780388924
INFO - 11/08/25 16:10:30 - 0:13:54 - Epoch 300: train_loss=0.6631927490234375, train_AUC=0.9984727740021505, train_AP=0.9978632932520967, time=0.2645082473754883
INFO - 11/08/25 16:10:30 - 0:13:54 - Epoch 300: val_AUC=0.9450741408072567, val_AP=0.9481583129870588
INFO - 11/08/25 16:10:30 - 0:13:54 - best_epoch=176
INFO - 11/08/25 16:10:30 - 0:13:54 - test_auc= 95.71%, test_ap= 95.66%
INFO - 11/08/25 16:10:30 - 0:13:54 - 
                                     train iters 5
INFO - 11/08/25 16:10:30 - 0:13:54 - --------------------------Training Start-------------------------
INFO - 11/08/25 16:10:32 - 0:13:56 - Epoch 0: train_loss=6.0102410316467285, train_AUC=0.9954454354378048, train_AP=0.995377507821949, time=2.378591299057007
INFO - 11/08/25 16:10:32 - 0:13:56 - Epoch 0: val_AUC=0.7355888907714163, val_AP=0.7883670944971912
INFO - 11/08/25 16:10:32 - 0:13:57 - Epoch 1: train_loss=2.761359691619873, train_AUC=0.8551641311323921, train_AP=0.9017346644473463, time=0.29070448875427246
INFO - 11/08/25 16:10:33 - 0:13:57 - Epoch 1: val_AUC=0.6818667404110571, val_AP=0.7335197886797795
INFO - 11/08/25 16:10:33 - 0:13:57 - Epoch 2: train_loss=3.6585092544555664, train_AUC=0.7465463866139197, train_AP=0.8084960567060795, time=0.2613499164581299
INFO - 11/08/25 16:10:33 - 0:13:57 - Epoch 2: val_AUC=0.6360048433447588, val_AP=0.6895411212742187
INFO - 11/08/25 16:10:33 - 0:13:57 - Epoch 3: train_loss=4.466151237487793, train_AUC=0.6567080487593657, train_AP=0.7283784039909862, time=0.22081971168518066
INFO - 11/08/25 16:10:33 - 0:13:57 - Epoch 3: val_AUC=0.6608023449412869, val_AP=0.7018502915510143
INFO - 11/08/25 16:10:33 - 0:13:58 - Epoch 4: train_loss=3.855441093444824, train_AUC=0.6803117719275443, train_AP=0.7384841145690154, time=0.2436354160308838
INFO - 11/08/25 16:10:33 - 0:13:58 - Epoch 4: val_AUC=0.7187307561352292, val_AP=0.7408744792244762
INFO - 11/08/25 16:10:34 - 0:13:58 - Epoch 5: train_loss=2.990964412689209, train_AUC=0.7486236523891251, train_AP=0.7841859419116143, time=0.2232205867767334
INFO - 11/08/25 16:10:34 - 0:13:58 - Epoch 5: val_AUC=0.7550538054386216, val_AP=0.7648982264154547
INFO - 11/08/25 16:10:34 - 0:13:58 - Epoch 6: train_loss=2.7243735790252686, train_AUC=0.7850235275009421, train_AP=0.8096216637300454, time=0.22021198272705078
INFO - 11/08/25 16:10:34 - 0:13:58 - Epoch 6: val_AUC=0.8021645173272166, val_AP=0.799306545164054
INFO - 11/08/25 16:10:34 - 0:13:58 - Epoch 7: train_loss=2.447157621383667, train_AUC=0.8410850357884613, train_AP=0.8509590961993062, time=0.22156333923339844
INFO - 11/08/25 16:10:34 - 0:13:59 - Epoch 7: val_AUC=0.829343574463371, val_AP=0.8210784063068497
INFO - 11/08/25 16:10:34 - 0:13:59 - Epoch 8: train_loss=2.2648658752441406, train_AUC=0.8707703846676984, train_AP=0.874075718844098, time=0.24657154083251953
INFO - 11/08/25 16:10:35 - 0:13:59 - Epoch 8: val_AUC=0.8386537358756141, val_AP=0.8286968858571454
INFO - 11/08/25 16:10:35 - 0:13:59 - Epoch 9: train_loss=1.9995036125183105, train_AUC=0.877135320445464, train_AP=0.8802945359109688, time=0.2250533103942871
INFO - 11/08/25 16:10:35 - 0:13:59 - Epoch 9: val_AUC=0.8453965213608935, val_AP=0.8344085451778295
INFO - 11/08/25 16:10:35 - 0:13:59 - Epoch 10: train_loss=2.0073680877685547, train_AUC=0.8822957550506827, train_AP=0.8842265978814222, time=0.22539401054382324
INFO - 11/08/25 16:10:35 - 0:13:59 - Epoch 10: val_AUC=0.8560475423242843, val_AP=0.8434225850242548
INFO - 11/08/25 16:10:35 - 0:14:00 - Epoch 11: train_loss=1.9238232374191284, train_AUC=0.894620778806408, train_AP=0.8965421169274944, time=0.2263469696044922
INFO - 11/08/25 16:10:35 - 0:14:00 - Epoch 11: val_AUC=0.8623122857720027, val_AP=0.8500116317234988
INFO - 11/08/25 16:10:36 - 0:14:00 - Epoch 12: train_loss=1.9096169471740723, train_AUC=0.9000519498684707, train_AP=0.9014421172623781, time=0.23800015449523926
INFO - 11/08/25 16:10:36 - 0:14:00 - Epoch 12: val_AUC=0.8675502824877165, val_AP=0.856114962878741
INFO - 11/08/25 16:10:36 - 0:14:00 - Epoch 13: train_loss=1.849685788154602, train_AUC=0.9050540352222374, train_AP=0.9058217248196166, time=0.2604043483734131
INFO - 11/08/25 16:10:36 - 0:14:00 - Epoch 13: val_AUC=0.8740920764965006, val_AP=0.8618200721945632
INFO - 11/08/25 16:10:36 - 0:14:01 - Epoch 14: train_loss=1.7896158695220947, train_AUC=0.9099192902814923, train_AP=0.9088781882865895, time=0.2658529281616211
INFO - 11/08/25 16:10:36 - 0:14:01 - Epoch 14: val_AUC=0.8811251490635874, val_AP=0.8676709236314493
INFO - 11/08/25 16:10:37 - 0:14:01 - Epoch 15: train_loss=1.6864941120147705, train_AUC=0.91735783132468, train_AP=0.9140052170512615, time=0.2748379707336426
INFO - 11/08/25 16:10:37 - 0:14:01 - Epoch 15: val_AUC=0.8893667159744034, val_AP=0.8746853270019266
INFO - 11/08/25 16:10:37 - 0:14:01 - Epoch 16: train_loss=1.5931167602539062, train_AUC=0.925406187514837, train_AP=0.920641070463021, time=0.26273036003112793
INFO - 11/08/25 16:10:37 - 0:14:01 - Epoch 16: val_AUC=0.8942195299365298, val_AP=0.8810757395136638
INFO - 11/08/25 16:10:37 - 0:14:02 - Epoch 17: train_loss=1.5259308815002441, train_AUC=0.9309845570977204, train_AP=0.9251636729046973, time=0.2577338218688965
INFO - 11/08/25 16:10:37 - 0:14:02 - Epoch 17: val_AUC=0.9001945972187829, val_AP=0.8876816426449066
INFO - 11/08/25 16:10:38 - 0:14:02 - Epoch 18: train_loss=1.4369971752166748, train_AUC=0.93659929860166, train_AP=0.9303758284330254, time=0.2700474262237549
INFO - 11/08/25 16:10:38 - 0:14:02 - Epoch 18: val_AUC=0.9058816174458157, val_AP=0.893831992110081
INFO - 11/08/25 16:10:38 - 0:14:02 - Epoch 19: train_loss=1.3882155418395996, train_AUC=0.9411984465369827, train_AP=0.9345085109464862, time=0.254518985748291
INFO - 11/08/25 16:10:38 - 0:14:02 - Epoch 19: val_AUC=0.9089129843344761, val_AP=0.8984821259518603
INFO - 11/08/25 16:10:38 - 0:14:03 - Epoch 20: train_loss=1.38731050491333, train_AUC=0.9447505904792063, train_AP=0.9394214369414422, time=0.25324296951293945
INFO - 11/08/25 16:10:38 - 0:14:03 - Epoch 20: val_AUC=0.9114570436210561, val_AP=0.9016946134656467
INFO - 11/08/25 16:10:39 - 0:14:03 - Epoch 21: train_loss=1.3821258544921875, train_AUC=0.9474594339332661, train_AP=0.9430133856250827, time=0.27671313285827637
INFO - 11/08/25 16:10:39 - 0:14:03 - Epoch 21: val_AUC=0.9147027403263435, val_AP=0.9043612710109972
INFO - 11/08/25 16:10:39 - 0:14:03 - Epoch 22: train_loss=1.3257982730865479, train_AUC=0.9506287763380352, train_AP=0.9453267389048469, time=0.2701132297515869
INFO - 11/08/25 16:10:39 - 0:14:03 - Epoch 22: val_AUC=0.9166113447979252, val_AP=0.9059487706967285
INFO - 11/08/25 16:10:39 - 0:14:04 - Epoch 23: train_loss=1.290351152420044, train_AUC=0.9530598774294528, train_AP=0.9471722701873533, time=0.25855350494384766
INFO - 11/08/25 16:10:39 - 0:14:04 - Epoch 23: val_AUC=0.9167022695134825, val_AP=0.9066833029138174
INFO - 11/08/25 16:10:40 - 0:14:04 - Epoch 24: train_loss=1.2878949642181396, train_AUC=0.9539571784652081, train_AP=0.9479734003602891, time=0.24893665313720703
INFO - 11/08/25 16:10:40 - 0:14:04 - Epoch 24: val_AUC=0.9175018571856796, val_AP=0.908190470842938
INFO - 11/08/25 16:10:40 - 0:14:04 - Epoch 25: train_loss=1.2804516553878784, train_AUC=0.9553918842023283, train_AP=0.9501760159843948, time=0.22385120391845703
INFO - 11/08/25 16:10:40 - 0:14:04 - Epoch 25: val_AUC=0.9199326933102218, val_AP=0.9103287791232006
INFO - 11/08/25 16:10:40 - 0:14:04 - Epoch 26: train_loss=1.2582638263702393, train_AUC=0.9572550925120676, train_AP=0.9516406625117961, time=0.22939634323120117
INFO - 11/08/25 16:10:40 - 0:14:05 - Epoch 26: val_AUC=0.9230354355914974, val_AP=0.9126993155787015
INFO - 11/08/25 16:10:40 - 0:14:05 - Epoch 27: train_loss=1.2226626873016357, train_AUC=0.9594117159904789, train_AP=0.9525952136188922, time=0.23020172119140625
INFO - 11/08/25 16:10:41 - 0:14:05 - Epoch 27: val_AUC=0.9252617165608831, val_AP=0.9147685667130895
INFO - 11/08/25 16:10:41 - 0:14:05 - Epoch 28: train_loss=1.1964833736419678, train_AUC=0.9616566515013302, train_AP=0.9548103528429287, time=0.22969436645507812
INFO - 11/08/25 16:10:41 - 0:14:05 - Epoch 28: val_AUC=0.9267630434711778, val_AP=0.9162107445533898
INFO - 11/08/25 16:10:41 - 0:14:05 - Epoch 29: train_loss=1.1772654056549072, train_AUC=0.9630051745054171, train_AP=0.9562982184982513, time=0.2252810001373291
INFO - 11/08/25 16:10:41 - 0:14:05 - Epoch 29: val_AUC=0.9277678990342635, val_AP=0.9171431448856064
INFO - 11/08/25 16:10:41 - 0:14:06 - Epoch 30: train_loss=1.168147325515747, train_AUC=0.9628878053734481, train_AP=0.9553881309623569, time=0.2633044719696045
INFO - 11/08/25 16:10:41 - 0:14:06 - Epoch 30: val_AUC=0.9287557507591655, val_AP=0.9179721563290645
INFO - 11/08/25 16:10:42 - 0:14:06 - Epoch 31: train_loss=1.153283715248108, train_AUC=0.9644413571908271, train_AP=0.9575617274713499, time=0.25894904136657715
INFO - 11/08/25 16:10:42 - 0:14:06 - Epoch 31: val_AUC=0.9294108567164957, val_AP=0.9182842228046677
INFO - 11/08/25 16:10:42 - 0:14:06 - Epoch 32: train_loss=1.1432795524597168, train_AUC=0.9644668450280098, train_AP=0.9569090201208797, time=0.29241299629211426
INFO - 11/08/25 16:10:42 - 0:14:06 - Epoch 32: val_AUC=0.9302822270588696, val_AP=0.9189739720523398
INFO - 11/08/25 16:10:42 - 0:14:07 - Epoch 33: train_loss=1.1313668489456177, train_AUC=0.9651702602317934, train_AP=0.9578286353509978, time=0.26593470573425293
INFO - 11/08/25 16:10:42 - 0:14:07 - Epoch 33: val_AUC=0.9310817129116762, val_AP=0.9196450656206012
INFO - 11/08/25 16:10:43 - 0:14:07 - Epoch 34: train_loss=1.1256437301635742, train_AUC=0.9647687212118016, train_AP=0.9568452417572557, time=0.2679710388183594
INFO - 11/08/25 16:10:43 - 0:14:07 - Epoch 34: val_AUC=0.9317264332911936, val_AP=0.920281126248098
INFO - 11/08/25 16:10:43 - 0:14:07 - Epoch 35: train_loss=1.1111869812011719, train_AUC=0.9669918552680905, train_AP=0.9597646722246513, time=0.27144837379455566
INFO - 11/08/25 16:10:43 - 0:14:07 - Epoch 35: val_AUC=0.9323023237628538, val_AP=0.9209099375869341
INFO - 11/08/25 16:10:43 - 0:14:08 - Epoch 36: train_loss=1.1028498411178589, train_AUC=0.9673821280222638, train_AP=0.9603341422514777, time=0.2346794605255127
INFO - 11/08/25 16:10:43 - 0:14:08 - Epoch 36: val_AUC=0.9329055018311199, val_AP=0.9216833369447621
INFO - 11/08/25 16:10:44 - 0:14:08 - Epoch 37: train_loss=1.0940968990325928, train_AUC=0.9678337946953929, train_AP=0.9606115458334334, time=0.232865571975708
INFO - 11/08/25 16:10:44 - 0:14:08 - Epoch 37: val_AUC=0.9334066568702838, val_AP=0.92239567430616
INFO - 11/08/25 16:10:44 - 0:14:08 - Epoch 38: train_loss=1.086361050605774, train_AUC=0.9688135586186256, train_AP=0.9618499385561238, time=0.22462749481201172
INFO - 11/08/25 16:10:44 - 0:14:08 - Epoch 38: val_AUC=0.933753250074939, val_AP=0.9228962772180918
INFO - 11/08/25 16:10:44 - 0:14:09 - Epoch 39: train_loss=1.0829490423202515, train_AUC=0.9684954499171815, train_AP=0.9612986903876812, time=0.22427606582641602
INFO - 11/08/25 16:10:44 - 0:14:09 - Epoch 39: val_AUC=0.9340774430137236, val_AP=0.9233634043045948
INFO - 11/08/25 16:10:45 - 0:14:09 - Epoch 40: train_loss=1.0723655223846436, train_AUC=0.9698831907769083, train_AP=0.9628000280556759, time=0.2609264850616455
INFO - 11/08/25 16:10:45 - 0:14:09 - Epoch 40: val_AUC=0.9345160809472298, val_AP=0.923922868984298
INFO - 11/08/25 16:10:45 - 0:14:09 - Epoch 41: train_loss=1.0710663795471191, train_AUC=0.9699827819319785, train_AP=0.9628971222012043, time=0.2230968475341797
INFO - 11/08/25 16:10:45 - 0:14:09 - Epoch 41: val_AUC=0.9350255851764, val_AP=0.9245400258972116
INFO - 11/08/25 16:10:45 - 0:14:09 - Epoch 42: train_loss=1.0669931173324585, train_AUC=0.9704035799279357, train_AP=0.9631161057251216, time=0.21989035606384277
INFO - 11/08/25 16:10:45 - 0:14:10 - Epoch 42: val_AUC=0.935620821332221, val_AP=0.9252687076705122
INFO - 11/08/25 16:10:45 - 0:14:10 - Epoch 43: train_loss=1.0612602233886719, train_AUC=0.97080161890102, train_AP=0.9636445225845355, time=0.22304821014404297
INFO - 11/08/25 16:10:45 - 0:14:10 - Epoch 43: val_AUC=0.9362563779666098, val_AP=0.926023270590116
INFO - 11/08/25 16:10:46 - 0:14:10 - Epoch 44: train_loss=1.0540637969970703, train_AUC=0.972162220439649, train_AP=0.9655052632035362, time=0.27550721168518066
INFO - 11/08/25 16:10:46 - 0:14:10 - Epoch 44: val_AUC=0.9369008947073466, val_AP=0.9268031021671773
INFO - 11/08/25 16:10:46 - 0:14:10 - Epoch 45: train_loss=1.0478650331497192, train_AUC=0.9726008742578597, train_AP=0.9656252142692006, time=0.2691161632537842
INFO - 11/08/25 16:10:46 - 0:14:10 - Epoch 45: val_AUC=0.9376239141980216, val_AP=0.9276443125907884
INFO - 11/08/25 16:10:46 - 0:14:11 - Epoch 46: train_loss=1.0454909801483154, train_AUC=0.9726474627652918, train_AP=0.9660530851743958, time=0.2651803493499756
INFO - 11/08/25 16:10:47 - 0:14:11 - Epoch 46: val_AUC=0.9383571156277288, val_AP=0.9284976316564659
INFO - 11/08/25 16:10:47 - 0:14:11 - Epoch 47: train_loss=1.039228916168213, train_AUC=0.9727725739876347, train_AP=0.9658678227017387, time=0.2735767364501953
INFO - 11/08/25 16:10:47 - 0:14:11 - Epoch 47: val_AUC=0.9391097645609873, val_AP=0.929414617956505
INFO - 11/08/25 16:10:47 - 0:14:11 - Epoch 48: train_loss=1.0323156118392944, train_AUC=0.9736565263062743, train_AP=0.9666619624617176, time=0.263049840927124
INFO - 11/08/25 16:10:47 - 0:14:11 - Epoch 48: val_AUC=0.9399031412503747, val_AP=0.9303875260788381
INFO - 11/08/25 16:10:47 - 0:14:12 - Epoch 49: train_loss=1.0272128582000732, train_AUC=0.9743003589926238, train_AP=0.9672852855852052, time=0.26824235916137695
INFO - 11/08/25 16:10:48 - 0:14:12 - Epoch 49: val_AUC=0.9407405039163811, val_AP=0.931427673387913
INFO - 11/08/25 16:10:48 - 0:14:12 - Epoch 50: train_loss=1.0222101211547852, train_AUC=0.9752087651437464, train_AP=0.9688031481740943, time=0.2715108394622803
INFO - 11/08/25 16:10:48 - 0:14:12 - Epoch 50: val_AUC=0.941586623049955, val_AP=0.932446287365005
INFO - 11/08/25 16:10:48 - 0:14:12 - Epoch 51: train_loss=1.0180261135101318, train_AUC=0.975309430106797, train_AP=0.9688175713174991, time=0.2862582206726074
INFO - 11/08/25 16:10:48 - 0:14:13 - Epoch 51: val_AUC=0.9425111431140768, val_AP=0.9335811956454972
INFO - 11/08/25 16:10:49 - 0:14:13 - Epoch 52: train_loss=1.011451244354248, train_AUC=0.9760676431566352, train_AP=0.9696519894681825, time=0.26207780838012695
INFO - 11/08/25 16:10:49 - 0:14:13 - Epoch 52: val_AUC=0.9434195757145277, val_AP=0.9347236326672574
INFO - 11/08/25 16:10:49 - 0:14:13 - Epoch 53: train_loss=1.0069948434829712, train_AUC=0.9765814952351993, train_AP=0.9700484399380656, time=0.2592799663543701
INFO - 11/08/25 16:10:49 - 0:14:13 - Epoch 53: val_AUC=0.9442889096690951, val_AP=0.9358099147802599
INFO - 11/08/25 16:10:49 - 0:14:13 - Epoch 54: train_loss=0.9989099502563477, train_AUC=0.9778042092266829, train_AP=0.9719609508438762, time=0.2661914825439453
INFO - 11/08/25 16:10:49 - 0:14:14 - Epoch 54: val_AUC=0.9451136467307016, val_AP=0.9368454793079755
INFO - 11/08/25 16:10:50 - 0:14:14 - Epoch 55: train_loss=0.9913498759269714, train_AUC=0.9788819890813386, train_AP=0.973067334930536, time=0.2828664779663086
INFO - 11/08/25 16:10:50 - 0:14:14 - Epoch 55: val_AUC=0.945956100366224, val_AP=0.9378623869329061
INFO - 11/08/25 16:10:50 - 0:14:14 - Epoch 56: train_loss=0.9888280630111694, train_AUC=0.9789579009828167, train_AP=0.9730077030220347, time=0.2700936794281006
INFO - 11/08/25 16:10:50 - 0:14:14 - Epoch 56: val_AUC=0.9467800228727078, val_AP=0.9388343528932707
INFO - 11/08/25 16:10:50 - 0:14:15 - Epoch 57: train_loss=0.984046220779419, train_AUC=0.9793642089994448, train_AP=0.9736740273867683, time=0.26353883743286133
INFO - 11/08/25 16:10:50 - 0:14:15 - Epoch 57: val_AUC=0.9475870433603983, val_AP=0.939815248209995
INFO - 11/08/25 16:10:51 - 0:14:15 - Epoch 58: train_loss=0.97995525598526, train_AUC=0.9799534382770059, train_AP=0.9743676849405795, time=0.2682762145996094
INFO - 11/08/25 16:10:51 - 0:14:15 - Epoch 58: val_AUC=0.9483751254414889, val_AP=0.9407243561620439
INFO - 11/08/25 16:10:51 - 0:14:15 - Epoch 59: train_loss=0.9728986024856567, train_AUC=0.9809643398137377, train_AP=0.9759628456211654, time=0.2658205032348633
INFO - 11/08/25 16:10:51 - 0:14:15 - Epoch 59: val_AUC=0.9491175924357151, val_AP=0.9415817416134683
INFO - 11/08/25 16:10:51 - 0:14:16 - Epoch 60: train_loss=0.9666159152984619, train_AUC=0.98153606586271, train_AP=0.9764965321451301, time=0.2653350830078125
INFO - 11/08/25 16:10:51 - 0:14:16 - Epoch 60: val_AUC=0.9498494702133482, val_AP=0.9424127331271539
INFO - 11/08/25 16:10:52 - 0:14:16 - Epoch 61: train_loss=0.9631623029708862, train_AUC=0.981659359167065, train_AP=0.9765695713745606, time=0.232954740524292
INFO - 11/08/25 16:10:52 - 0:14:16 - Epoch 61: val_AUC=0.9505795152419554, val_AP=0.9432288646513631
INFO - 11/08/25 16:10:52 - 0:14:16 - Epoch 62: train_loss=0.9560645818710327, train_AUC=0.9824863505250669, train_AP=0.9777046188004078, time=0.22848820686340332
INFO - 11/08/25 16:10:52 - 0:14:16 - Epoch 62: val_AUC=0.9512643524612597, val_AP=0.943963449843643
INFO - 11/08/25 16:10:52 - 0:14:16 - Epoch 63: train_loss=0.9501820206642151, train_AUC=0.9831228701510967, train_AP=0.9783690863990848, time=0.22283434867858887
INFO - 11/08/25 16:10:52 - 0:14:16 - Epoch 63: val_AUC=0.951934324049577, val_AP=0.9447267099648444
INFO - 11/08/25 16:10:52 - 0:14:17 - Epoch 64: train_loss=0.9479892253875732, train_AUC=0.9828340219686044, train_AP=0.9776863917547157, time=0.229386568069458
INFO - 11/08/25 16:10:52 - 0:14:17 - Epoch 64: val_AUC=0.952562753326643, val_AP=0.9454395601730613
INFO - 11/08/25 16:10:53 - 0:14:17 - Epoch 65: train_loss=0.9445161819458008, train_AUC=0.9833839284225814, train_AP=0.9783651752005931, time=0.2400524616241455
INFO - 11/08/25 16:10:53 - 0:14:17 - Epoch 65: val_AUC=0.9531553421783161, val_AP=0.9461030193126487
INFO - 11/08/25 16:10:53 - 0:14:17 - Epoch 66: train_loss=0.9385753273963928, train_AUC=0.9838272436276737, train_AP=0.979123291900113, time=0.22228240966796875
INFO - 11/08/25 16:10:53 - 0:14:17 - Epoch 66: val_AUC=0.9537316399275371, val_AP=0.946782295379163
INFO - 11/08/25 16:10:53 - 0:14:18 - Epoch 67: train_loss=0.9333630800247192, train_AUC=0.9844007155612631, train_AP=0.9798839248605475, time=0.22407746315002441
INFO - 11/08/25 16:10:53 - 0:14:18 - Epoch 67: val_AUC=0.9543014212357779, val_AP=0.9474134102391464
INFO - 11/08/25 16:10:54 - 0:14:18 - Epoch 68: train_loss=0.9294427633285522, train_AUC=0.9847469128744422, train_AP=0.9804555022495423, time=0.2227487564086914
INFO - 11/08/25 16:10:54 - 0:14:18 - Epoch 68: val_AUC=0.9548779226237798, val_AP=0.9480594747690848
INFO - 11/08/25 16:10:54 - 0:14:18 - Epoch 69: train_loss=0.9237960577011108, train_AUC=0.9854810614946911, train_AP=0.9813345918657047, time=0.2226572036743164
INFO - 11/08/25 16:10:54 - 0:14:18 - Epoch 69: val_AUC=0.9554283582478594, val_AP=0.9487017435090371
INFO - 11/08/25 16:10:54 - 0:14:18 - Epoch 70: train_loss=0.9201642870903015, train_AUC=0.9852958591182979, train_AP=0.9808222207337014, time=0.26323437690734863
INFO - 11/08/25 16:10:54 - 0:14:19 - Epoch 70: val_AUC=0.9559808302597455, val_AP=0.9493248266544718
INFO - 11/08/25 16:10:55 - 0:14:19 - Epoch 71: train_loss=0.917197048664093, train_AUC=0.9856343222665352, train_AP=0.9814844136473169, time=0.27820825576782227
INFO - 11/08/25 16:10:55 - 0:14:19 - Epoch 71: val_AUC=0.9565282113021152, val_AP=0.9499509954352439
INFO - 11/08/25 16:10:55 - 0:14:19 - Epoch 72: train_loss=0.9127835631370544, train_AUC=0.9857928469342163, train_AP=0.9814086176900753, time=0.2727391719818115
INFO - 11/08/25 16:10:55 - 0:14:19 - Epoch 72: val_AUC=0.9570458610825113, val_AP=0.9505234712941372
INFO - 11/08/25 16:10:55 - 0:14:20 - Epoch 73: train_loss=0.9072173833847046, train_AUC=0.986654367462266, train_AP=0.9824413086487723, time=0.30017995834350586
INFO - 11/08/25 16:10:55 - 0:14:20 - Epoch 73: val_AUC=0.9575576053382685, val_AP=0.9510932333777555
INFO - 11/08/25 16:10:56 - 0:14:20 - Epoch 74: train_loss=0.903882622718811, train_AUC=0.9866660407430498, train_AP=0.9825564654996503, time=0.2732203006744385
INFO - 11/08/25 16:10:56 - 0:14:20 - Epoch 74: val_AUC=0.9580593712937742, val_AP=0.9516276051121741
INFO - 11/08/25 16:10:56 - 0:14:20 - Epoch 75: train_loss=0.9028669595718384, train_AUC=0.9867041625994993, train_AP=0.9825905622447906, time=0.2707850933074951
INFO - 11/08/25 16:10:56 - 0:14:20 - Epoch 75: val_AUC=0.9585301841546221, val_AP=0.9521352749879979
INFO - 11/08/25 16:10:56 - 0:14:21 - Epoch 76: train_loss=0.9007090330123901, train_AUC=0.986270989305601, train_AP=0.9817671203590247, time=0.2718346118927002
INFO - 11/08/25 16:10:56 - 0:14:21 - Epoch 76: val_AUC=0.9589267706799254, val_AP=0.9525429926920561
INFO - 11/08/25 16:10:57 - 0:14:21 - Epoch 77: train_loss=0.8958368301391602, train_AUC=0.9871200845174272, train_AP=0.9831268076550906, time=0.2655637264251709
INFO - 11/08/25 16:10:57 - 0:14:21 - Epoch 77: val_AUC=0.9593133789049773, val_AP=0.9529901104986167
INFO - 11/08/25 16:10:57 - 0:14:21 - Epoch 78: train_loss=0.8887652158737183, train_AUC=0.987915902157184, train_AP=0.9839715585958619, time=0.26297712326049805
INFO - 11/08/25 16:10:57 - 0:14:21 - Epoch 78: val_AUC=0.9595736292666397, val_AP=0.9532912282435555
INFO - 11/08/25 16:10:57 - 0:14:22 - Epoch 79: train_loss=0.8889144659042358, train_AUC=0.9877145292576291, train_AP=0.9836825959657882, time=0.2634756565093994
INFO - 11/08/25 16:10:57 - 0:14:22 - Epoch 79: val_AUC=0.9598279741036636, val_AP=0.953591444114216
INFO - 11/08/25 16:10:58 - 0:14:22 - Epoch 80: train_loss=0.8819481134414673, train_AUC=0.9887927210586301, train_AP=0.9851883612137329, time=0.2341163158416748
INFO - 11/08/25 16:10:58 - 0:14:22 - Epoch 80: val_AUC=0.9600536058726166, val_AP=0.9538769229005793
INFO - 11/08/25 16:10:58 - 0:14:22 - Epoch 81: train_loss=0.8835711479187012, train_AUC=0.9879627111677473, train_AP=0.9839106639528022, time=0.2229607105255127
INFO - 11/08/25 16:10:58 - 0:14:22 - Epoch 81: val_AUC=0.9602539864327698, val_AP=0.954121970240396
INFO - 11/08/25 16:10:58 - 0:14:22 - Epoch 82: train_loss=0.8784641027450562, train_AUC=0.9885292381333048, train_AP=0.984658224410651, time=0.21965694427490234
INFO - 11/08/25 16:10:58 - 0:14:22 - Epoch 82: val_AUC=0.9604171010960653, val_AP=0.9543115281758828
INFO - 11/08/25 16:10:58 - 0:14:23 - Epoch 83: train_loss=0.8759514093399048, train_AUC=0.988736962650213, train_AP=0.9851481857571549, time=0.25007009506225586
INFO - 11/08/25 16:10:58 - 0:14:23 - Epoch 83: val_AUC=0.9605580191322708, val_AP=0.954446141632798
INFO - 11/08/25 16:10:59 - 0:14:23 - Epoch 84: train_loss=0.8731004595756531, train_AUC=0.9885859967312447, train_AP=0.9846847792713588, time=0.23194313049316406
INFO - 11/08/25 16:10:59 - 0:14:23 - Epoch 84: val_AUC=0.960668798628941, val_AP=0.9545426800950143
INFO - 11/08/25 16:10:59 - 0:14:23 - Epoch 85: train_loss=0.8691216707229614, train_AUC=0.989337911528305, train_AP=0.98586152597078, time=0.22376108169555664
INFO - 11/08/25 16:10:59 - 0:14:23 - Epoch 85: val_AUC=0.9607954619505011, val_AP=0.9546454927283401
INFO - 11/08/25 16:10:59 - 0:14:24 - Epoch 86: train_loss=0.8680394291877747, train_AUC=0.9891298599552347, train_AP=0.9856757011664797, time=0.23586225509643555
INFO - 11/08/25 16:10:59 - 0:14:24 - Epoch 86: val_AUC=0.9609019650327777, val_AP=0.9547354755754475
INFO - 11/08/25 16:11:00 - 0:14:24 - Epoch 87: train_loss=0.8642805218696594, train_AUC=0.9896032488286056, train_AP=0.9863613730108566, time=0.26183629035949707
INFO - 11/08/25 16:11:00 - 0:14:24 - Epoch 87: val_AUC=0.9609597984464805, val_AP=0.954766802082869
INFO - 11/08/25 16:11:00 - 0:14:24 - Epoch 88: train_loss=0.8621580600738525, train_AUC=0.9894638337865262, train_AP=0.9857988742708559, time=0.2661612033843994
INFO - 11/08/25 16:11:00 - 0:14:24 - Epoch 88: val_AUC=0.9610502140650863, val_AP=0.9548538045891422
INFO - 11/08/25 16:11:00 - 0:14:25 - Epoch 89: train_loss=0.8603468537330627, train_AUC=0.9893307980127519, train_AP=0.9855313387436393, time=0.2611503601074219
INFO - 11/08/25 16:11:00 - 0:14:25 - Epoch 89: val_AUC=0.9611681209190789, val_AP=0.9549549559335133
INFO - 11/08/25 16:11:01 - 0:14:25 - Epoch 90: train_loss=0.8582828044891357, train_AUC=0.9897364506842112, train_AP=0.9861965772435823, time=0.2680325508117676
INFO - 11/08/25 16:11:01 - 0:14:25 - Epoch 90: val_AUC=0.9612548710396329, val_AP=0.9550299354141982
INFO - 11/08/25 16:11:01 - 0:14:25 - Epoch 91: train_loss=0.8546968698501587, train_AUC=0.9899084174129855, train_AP=0.9864810313405752, time=0.265411376953125
INFO - 11/08/25 16:11:01 - 0:14:25 - Epoch 91: val_AUC=0.9613744070038708, val_AP=0.9551380616197443
INFO - 11/08/25 16:11:01 - 0:14:26 - Epoch 92: train_loss=0.8517110347747803, train_AUC=0.9903014545578525, train_AP=0.9871410423478176, time=0.26911258697509766
INFO - 11/08/25 16:11:01 - 0:14:26 - Epoch 92: val_AUC=0.9615267288117921, val_AP=0.9552739161921997
INFO - 11/08/25 16:11:02 - 0:14:26 - Epoch 93: train_loss=0.8502797484397888, train_AUC=0.990214558712057, train_AP=0.9867910358157267, time=0.2629525661468506
INFO - 11/08/25 16:11:02 - 0:14:26 - Epoch 93: val_AUC=0.9616525775782299, val_AP=0.9553879733580561
INFO - 11/08/25 16:11:02 - 0:14:26 - Epoch 94: train_loss=0.8478649854660034, train_AUC=0.9902028058247117, train_AP=0.9867351670689865, time=0.22259974479675293
INFO - 11/08/25 16:11:02 - 0:14:26 - Epoch 94: val_AUC=0.9617682444056355, val_AP=0.9554967962397474
INFO - 11/08/25 16:11:02 - 0:14:27 - Epoch 95: train_loss=0.8451763391494751, train_AUC=0.990506246488787, train_AP=0.9872700675688673, time=0.2345569133758545
INFO - 11/08/25 16:11:02 - 0:14:27 - Epoch 95: val_AUC=0.9618513290281381, val_AP=0.9555604425957044
INFO - 11/08/25 16:11:03 - 0:14:27 - Epoch 96: train_loss=0.8436828851699829, train_AUC=0.9905820745568061, train_AP=0.9872057415422139, time=0.2831382751464844
INFO - 11/08/25 16:11:03 - 0:14:27 - Epoch 96: val_AUC=0.9619478538101629, val_AP=0.9556822307129358
INFO - 11/08/25 16:11:03 - 0:14:27 - Epoch 97: train_loss=0.8390117883682251, train_AUC=0.991088750420844, train_AP=0.9881367367639268, time=0.26435065269470215
INFO - 11/08/25 16:11:03 - 0:14:27 - Epoch 97: val_AUC=0.9620081308892335, val_AP=0.9557336735909262
INFO - 11/08/25 16:11:03 - 0:14:28 - Epoch 98: train_loss=0.8395253419876099, train_AUC=0.9906229810578314, train_AP=0.9871636714963459, time=0.26875948905944824
INFO - 11/08/25 16:11:03 - 0:14:28 - Epoch 98: val_AUC=0.9620757389644072, val_AP=0.955787749797888
INFO - 11/08/25 16:11:04 - 0:14:28 - Epoch 99: train_loss=0.8372600078582764, train_AUC=0.9909071935670661, train_AP=0.9876818324907214, time=0.2696237564086914
INFO - 11/08/25 16:11:04 - 0:14:28 - Epoch 99: val_AUC=0.962130721435181, val_AP=0.9558300937941477
INFO - 11/08/25 16:11:04 - 0:14:28 - Epoch 100: train_loss=0.8343036770820618, train_AUC=0.9911035211365876, train_AP=0.9880156973247751, time=0.2648611068725586
INFO - 11/08/25 16:11:04 - 0:14:28 - Epoch 100: val_AUC=0.9621734855791162, val_AP=0.9558718144600101
INFO - 11/08/25 16:11:04 - 0:14:29 - Epoch 101: train_loss=0.8325628042221069, train_AUC=0.9912523998489995, train_AP=0.9881788753527471, time=0.2771737575531006
INFO - 11/08/25 16:11:04 - 0:14:29 - Epoch 101: val_AUC=0.9622087150881675, val_AP=0.9558982580037997
INFO - 11/08/25 16:11:05 - 0:14:29 - Epoch 102: train_loss=0.8290748000144958, train_AUC=0.9915428181476383, train_AP=0.9886221468750801, time=0.271864652633667
INFO - 11/08/25 16:11:05 - 0:14:29 - Epoch 102: val_AUC=0.9622588102282057, val_AP=0.9559612677567477
INFO - 11/08/25 16:11:05 - 0:14:29 - Epoch 103: train_loss=0.8274896144866943, train_AUC=0.9915627507853264, train_AP=0.988534658872129, time=0.25626373291015625
INFO - 11/08/25 16:11:05 - 0:14:29 - Epoch 103: val_AUC=0.9623213273338633, val_AP=0.9560195433228342
INFO - 11/08/25 16:11:05 - 0:14:30 - Epoch 104: train_loss=0.8249292373657227, train_AUC=0.9919169321787374, train_AP=0.9890198748590759, time=0.22347116470336914
INFO - 11/08/25 16:11:05 - 0:14:30 - Epoch 104: val_AUC=0.9624245721956496, val_AP=0.9561170926102153
INFO - 11/08/25 16:11:06 - 0:14:30 - Epoch 105: train_loss=0.824273407459259, train_AUC=0.991726332407008, train_AP=0.9888651744078, time=0.26575803756713867
INFO - 11/08/25 16:11:06 - 0:14:30 - Epoch 105: val_AUC=0.9625267988635328, val_AP=0.9562230880909443
INFO - 11/08/25 16:11:06 - 0:14:30 - Epoch 106: train_loss=0.8212835788726807, train_AUC=0.99198684329532, train_AP=0.9891201907773238, time=0.2613189220428467
INFO - 11/08/25 16:11:06 - 0:14:30 - Epoch 106: val_AUC=0.9626214908965319, val_AP=0.9563323234097695
INFO - 11/08/25 16:11:06 - 0:14:31 - Epoch 107: train_loss=0.8193161487579346, train_AUC=0.9920321429513824, train_AP=0.989438628349375, time=0.2674720287322998
INFO - 11/08/25 16:11:06 - 0:14:31 - Epoch 107: val_AUC=0.962738583195402, val_AP=0.9564895813257622
INFO - 11/08/25 16:11:07 - 0:14:31 - Epoch 108: train_loss=0.8170228004455566, train_AUC=0.9923963452610582, train_AP=0.9900136285053618, time=0.2622818946838379
INFO - 11/08/25 16:11:07 - 0:14:31 - Epoch 108: val_AUC=0.9628416244184076, val_AP=0.9566357096151422
INFO - 11/08/25 16:11:07 - 0:14:31 - Epoch 109: train_loss=0.815292477607727, train_AUC=0.9923915125087243, train_AP=0.9897383315630472, time=0.25952601432800293
INFO - 11/08/25 16:11:07 - 0:14:31 - Epoch 109: val_AUC=0.9629397783106778, val_AP=0.9567551011283921
INFO - 11/08/25 16:11:07 - 0:14:32 - Epoch 110: train_loss=0.8116108179092407, train_AUC=0.992482875304135, train_AP=0.9898470752343445, time=0.26035594940185547
INFO - 11/08/25 16:11:07 - 0:14:32 - Epoch 110: val_AUC=0.9630371176478254, val_AP=0.9569102705810529
INFO - 11/08/25 16:11:08 - 0:14:32 - Epoch 111: train_loss=0.8115501403808594, train_AUC=0.9924004226316592, train_AP=0.9894722941921009, time=0.2891678810119629
INFO - 11/08/25 16:11:08 - 0:14:32 - Epoch 111: val_AUC=0.9631330315135087, val_AP=0.9570447210961402
INFO - 11/08/25 16:11:08 - 0:14:32 - Epoch 112: train_loss=0.811875581741333, train_AUC=0.9920324006159841, train_AP=0.989101473061696, time=0.26410460472106934
INFO - 11/08/25 16:11:08 - 0:14:32 - Epoch 112: val_AUC=0.9632107197083242, val_AP=0.9571492294479432
INFO - 11/08/25 16:11:08 - 0:14:33 - Epoch 113: train_loss=0.8092976808547974, train_AUC=0.9924403358118693, train_AP=0.9897478356495047, time=0.26028013229370117
INFO - 11/08/25 16:11:08 - 0:14:33 - Epoch 113: val_AUC=0.96328850972253, val_AP=0.9572624908060804
INFO - 11/08/25 16:11:09 - 0:14:33 - Epoch 114: train_loss=0.8055605888366699, train_AUC=0.9930427702681659, train_AP=0.9906328859950676, time=0.265883207321167
INFO - 11/08/25 16:11:09 - 0:14:33 - Epoch 114: val_AUC=0.9633629396968552, val_AP=0.9573696868159667
INFO - 11/08/25 16:11:09 - 0:14:33 - Epoch 115: train_loss=0.804770290851593, train_AUC=0.9929655022372065, train_AP=0.9906031022857988, time=0.2570805549621582
INFO - 11/08/25 16:11:09 - 0:14:33 - Epoch 115: val_AUC=0.9634079438673773, val_AP=0.9574310396382895
INFO - 11/08/25 16:11:09 - 0:14:33 - Epoch 116: train_loss=0.8017231225967407, train_AUC=0.9928529366215332, train_AP=0.9901400617695361, time=0.22708725929260254
INFO - 11/08/25 16:11:09 - 0:14:34 - Epoch 116: val_AUC=0.9634582426461963, val_AP=0.957509759346437
INFO - 11/08/25 16:11:09 - 0:14:34 - Epoch 117: train_loss=0.7995350360870361, train_AUC=0.9931139749913774, train_AP=0.9904843766180647, time=0.2258892059326172
INFO - 11/08/25 16:11:10 - 0:14:34 - Epoch 117: val_AUC=0.9635009049707413, val_AP=0.957591552944806
INFO - 11/08/25 16:11:10 - 0:14:34 - Epoch 118: train_loss=0.800107479095459, train_AUC=0.9928429368397538, train_AP=0.9900811102950694, time=0.22493410110473633
INFO - 11/08/25 16:11:10 - 0:14:34 - Epoch 118: val_AUC=0.9635602656752987, val_AP=0.9576907000027208
INFO - 11/08/25 16:11:10 - 0:14:34 - Epoch 119: train_loss=0.7963637709617615, train_AUC=0.9932866536000692, train_AP=0.9908785067711309, time=0.28199219703674316
INFO - 11/08/25 16:11:10 - 0:14:34 - Epoch 119: val_AUC=0.963643553936582, val_AP=0.9578320268908292
INFO - 11/08/25 16:11:10 - 0:14:35 - Epoch 120: train_loss=0.7947776317596436, train_AUC=0.9934570882547707, train_AP=0.9910938487235963, time=0.2718491554260254
INFO - 11/08/25 16:11:11 - 0:14:35 - Epoch 120: val_AUC=0.9636991473236978, val_AP=0.9579478571188758
INFO - 11/08/25 16:11:11 - 0:14:35 - Epoch 121: train_loss=0.793919563293457, train_AUC=0.9931513550273886, train_AP=0.9905343524742886, time=0.2622497081756592
INFO - 11/08/25 16:11:11 - 0:14:35 - Epoch 121: val_AUC=0.963740078718607, val_AP=0.9580356867358975
INFO - 11/08/25 16:11:11 - 0:14:35 - Epoch 122: train_loss=0.7905294895172119, train_AUC=0.9934989824407482, train_AP=0.9908991536648306, time=0.2670128345489502
INFO - 11/08/25 16:11:11 - 0:14:35 - Epoch 122: val_AUC=0.963799541242555, val_AP=0.9581438488386895
INFO - 11/08/25 16:11:11 - 0:14:36 - Epoch 123: train_loss=0.7888179421424866, train_AUC=0.993688012800814, train_AP=0.9913085385004574, time=0.26525425910949707
INFO - 11/08/25 16:11:12 - 0:14:36 - Epoch 123: val_AUC=0.9638392508047804, val_AP=0.9582128016929895
INFO - 11/08/25 16:11:12 - 0:14:36 - Epoch 124: train_loss=0.7894703149795532, train_AUC=0.9937136827468127, train_AP=0.9915077645801037, time=0.2631669044494629
INFO - 11/08/25 16:11:12 - 0:14:36 - Epoch 124: val_AUC=0.9638958623857993, val_AP=0.9583444165106245
INFO - 11/08/25 16:11:12 - 0:14:36 - Epoch 125: train_loss=0.7880820631980896, train_AUC=0.9936761028137935, train_AP=0.9914429974808027, time=0.27225232124328613
INFO - 11/08/25 16:11:12 - 0:14:36 - Epoch 125: val_AUC=0.963966321403902, val_AP=0.9584817869679042
INFO - 11/08/25 16:11:12 - 0:14:37 - Epoch 126: train_loss=0.784909725189209, train_AUC=0.9939817023655554, train_AP=0.9919526588980954, time=0.26248955726623535
INFO - 11/08/25 16:11:13 - 0:14:37 - Epoch 126: val_AUC=0.9640107146580823, val_AP=0.9585770244994428
INFO - 11/08/25 16:11:13 - 0:14:37 - Epoch 127: train_loss=0.7827669382095337, train_AUC=0.9940383963271939, train_AP=0.9917455291962741, time=0.26055312156677246
INFO - 11/08/25 16:11:13 - 0:14:37 - Epoch 127: val_AUC=0.9640406495588367, val_AP=0.9586547765797225
INFO - 11/08/25 16:11:13 - 0:14:37 - Epoch 128: train_loss=0.7811275720596313, train_AUC=0.9939744218875675, train_AP=0.9918081150054957, time=0.2722899913787842
INFO - 11/08/25 16:11:13 - 0:14:37 - Epoch 128: val_AUC=0.9640375949771274, val_AP=0.9586930088541677
INFO - 11/08/25 16:11:13 - 0:14:38 - Epoch 129: train_loss=0.780133843421936, train_AUC=0.9939215294914949, train_AP=0.9916166824508943, time=0.2618279457092285
INFO - 11/08/25 16:11:14 - 0:14:38 - Epoch 129: val_AUC=0.9640119364907663, val_AP=0.958725307236145
INFO - 11/08/25 16:11:14 - 0:14:38 - Epoch 130: train_loss=0.7790356874465942, train_AUC=0.9941415102487431, train_AP=0.9919107109993064, time=0.2605445384979248
INFO - 11/08/25 16:11:14 - 0:14:38 - Epoch 130: val_AUC=0.9639793542858631, val_AP=0.9587514541199873
INFO - 11/08/25 16:11:14 - 0:14:38 - Epoch 131: train_loss=0.7761635184288025, train_AUC=0.9944831779133333, train_AP=0.9924988662595017, time=0.25971317291259766
INFO - 11/08/25 16:11:14 - 0:14:38 - Epoch 131: val_AUC=0.9639665250426828, val_AP=0.9587955343389566
INFO - 11/08/25 16:11:14 - 0:14:39 - Epoch 132: train_loss=0.7739287614822388, train_AUC=0.99448566350494, train_AP=0.9922377749108303, time=0.25658726692199707
INFO - 11/08/25 16:11:14 - 0:14:39 - Epoch 132: val_AUC=0.963970394179515, val_AP=0.9588536820879956
INFO - 11/08/25 16:11:15 - 0:14:39 - Epoch 133: train_loss=0.7741497755050659, train_AUC=0.9941602380446415, train_AP=0.9918491652142873, time=0.22567296028137207
INFO - 11/08/25 16:11:15 - 0:14:39 - Epoch 133: val_AUC=0.9639681541529279, val_AP=0.9589034851132876
INFO - 11/08/25 16:11:15 - 0:14:39 - Epoch 134: train_loss=0.7719904184341431, train_AUC=0.9946226980994778, train_AP=0.9926852479038997, time=0.2238292694091797
INFO - 11/08/25 16:11:15 - 0:14:39 - Epoch 134: val_AUC=0.9639929980841663, val_AP=0.9589753122592884
INFO - 11/08/25 16:11:15 - 0:14:40 - Epoch 135: train_loss=0.7697064876556396, train_AUC=0.9947454295787618, train_AP=0.9927051161636853, time=0.22514843940734863
INFO - 11/08/25 16:11:15 - 0:14:40 - Epoch 135: val_AUC=0.9640243584563855, val_AP=0.9590754026464159
INFO - 11/08/25 16:11:16 - 0:14:40 - Epoch 136: train_loss=0.7693800926208496, train_AUC=0.9946434699523581, train_AP=0.9926137140410372, time=0.23119211196899414
INFO - 11/08/25 16:11:16 - 0:14:40 - Epoch 136: val_AUC=0.9640247657339469, val_AP=0.959138171709829
INFO - 11/08/25 16:11:16 - 0:14:40 - Epoch 137: train_loss=0.7670584917068481, train_AUC=0.9949196522377345, train_AP=0.9930372319908596, time=0.2273874282836914
INFO - 11/08/25 16:11:16 - 0:14:40 - Epoch 137: val_AUC=0.96403209673005, val_AP=0.959200567534362
INFO - 11/08/25 16:11:16 - 0:14:40 - Epoch 138: train_loss=0.7666406631469727, train_AUC=0.9947904756209991, train_AP=0.9927128182123593, time=0.2248401641845703
INFO - 11/08/25 16:11:16 - 0:14:40 - Epoch 138: val_AUC=0.9640072527988114, val_AP=0.9592378307651974
INFO - 11/08/25 16:11:16 - 0:14:41 - Epoch 139: train_loss=0.7653112411499023, train_AUC=0.9944817851507437, train_AP=0.9920435639695975, time=0.2271132469177246
INFO - 11/08/25 16:11:16 - 0:14:41 - Epoch 139: val_AUC=0.9640046054946629, val_AP=0.9593016602153823
INFO - 11/08/25 16:11:17 - 0:14:41 - Epoch 140: train_loss=0.7618354558944702, train_AUC=0.995094938137445, train_AP=0.993235246976331, time=0.2647690773010254
INFO - 11/08/25 16:11:17 - 0:14:41 - Epoch 140: val_AUC=0.9639742633163471, val_AP=0.9593222840852568
INFO - 11/08/25 16:11:17 - 0:14:41 - Epoch 141: train_loss=0.7597365379333496, train_AUC=0.9953030420183666, train_AP=0.993575616155599, time=0.22418880462646484
INFO - 11/08/25 16:11:17 - 0:14:41 - Epoch 141: val_AUC=0.9639520666892569, val_AP=0.9593588188044166
INFO - 11/08/25 16:11:17 - 0:14:42 - Epoch 142: train_loss=0.7607097625732422, train_AUC=0.9951631974178708, train_AP=0.9933256408666431, time=0.22444748878479004
INFO - 11/08/25 16:11:17 - 0:14:42 - Epoch 142: val_AUC=0.9639127644045926, val_AP=0.9593821439043023
INFO - 11/08/25 16:11:18 - 0:14:42 - Epoch 143: train_loss=0.7591274976730347, train_AUC=0.995173833699903, train_AP=0.9932880224429633, time=0.24884819984436035
INFO - 11/08/25 16:11:18 - 0:14:42 - Epoch 143: val_AUC=0.963886291363109, val_AP=0.9594126738495294
INFO - 11/08/25 16:11:18 - 0:14:42 - Epoch 144: train_loss=0.7568967342376709, train_AUC=0.995195146771731, train_AP=0.9932125474365352, time=0.2258472442626953
INFO - 11/08/25 16:11:18 - 0:14:42 - Epoch 144: val_AUC=0.9638732584811478, val_AP=0.9594824535658052
INFO - 11/08/25 16:11:18 - 0:14:42 - Epoch 145: train_loss=0.7566120624542236, train_AUC=0.9952643782384866, train_AP=0.9932502636923226, time=0.22511625289916992
INFO - 11/08/25 16:11:18 - 0:14:43 - Epoch 145: val_AUC=0.963830901614774, val_AP=0.9595250213981307
INFO - 11/08/25 16:11:18 - 0:14:43 - Epoch 146: train_loss=0.7522889375686646, train_AUC=0.9956930571079382, train_AP=0.9939499872129577, time=0.22271037101745605
INFO - 11/08/25 16:11:19 - 0:14:43 - Epoch 146: val_AUC=0.9638117595693935, val_AP=0.9595758475020352
INFO - 11/08/25 16:11:19 - 0:14:43 - Epoch 147: train_loss=0.7539039850234985, train_AUC=0.9953513917329174, train_AP=0.9932329692886277, time=0.22766351699829102
INFO - 11/08/25 16:11:19 - 0:14:43 - Epoch 147: val_AUC=0.9637956721057226, val_AP=0.9596254993110116
INFO - 11/08/25 16:11:19 - 0:14:43 - Epoch 148: train_loss=0.7518972158432007, train_AUC=0.9954388650785272, train_AP=0.9936195354834993, time=0.2236330509185791
INFO - 11/08/25 16:11:19 - 0:14:43 - Epoch 148: val_AUC=0.963776122782781, val_AP=0.9596546441098678
INFO - 11/08/25 16:11:19 - 0:14:44 - Epoch 149: train_loss=0.7508658766746521, train_AUC=0.9957180132366917, train_AP=0.9942179542309064, time=0.22631454467773438
INFO - 11/08/25 16:11:19 - 0:14:44 - Epoch 149: val_AUC=0.963760646235452, val_AP=0.9596928500203873
INFO - 11/08/25 16:11:20 - 0:14:44 - Epoch 150: train_loss=0.7490379214286804, train_AUC=0.9957185641422784, train_AP=0.9940580260614863, time=0.22464442253112793
INFO - 11/08/25 16:11:20 - 0:14:44 - Epoch 150: val_AUC=0.9637044419319944, val_AP=0.9596968814975462
INFO - 11/08/25 16:11:20 - 0:14:44 - Epoch 151: train_loss=0.7484835386276245, train_AUC=0.9957064072340198, train_AP=0.9940153418798853, time=0.24565815925598145
INFO - 11/08/25 16:11:20 - 0:14:44 - Epoch 151: val_AUC=0.963629299221937, val_AP=0.9596614396470153
INFO - 11/08/25 16:11:20 - 0:14:45 - Epoch 152: train_loss=0.7465382814407349, train_AUC=0.9959823799357491, train_AP=0.9944160773187802, time=0.23071694374084473
INFO - 11/08/25 16:11:20 - 0:14:45 - Epoch 152: val_AUC=0.9635753349450664, val_AP=0.9596677156484724
INFO - 11/08/25 16:11:20 - 0:14:45 - Epoch 153: train_loss=0.7453368902206421, train_AUC=0.9959864648795406, train_AP=0.9945084317632416, time=0.22452926635742188
INFO - 11/08/25 16:11:21 - 0:14:45 - Epoch 153: val_AUC=0.963544178211628, val_AP=0.9596915744686848
INFO - 11/08/25 16:11:21 - 0:14:45 - Epoch 154: train_loss=0.743011474609375, train_AUC=0.9960485708545347, train_AP=0.9943971484012328, time=0.23137712478637695
INFO - 11/08/25 16:11:21 - 0:14:45 - Epoch 154: val_AUC=0.9634757555813318, val_AP=0.9596875840623631
INFO - 11/08/25 16:11:21 - 0:14:45 - Epoch 155: train_loss=0.7430257201194763, train_AUC=0.9960223938570065, train_AP=0.9944950279094232, time=0.2592322826385498
INFO - 11/08/25 16:11:21 - 0:14:45 - Epoch 155: val_AUC=0.963408147506158, val_AP=0.9596866295282075
INFO - 11/08/25 16:11:21 - 0:14:46 - Epoch 156: train_loss=0.7418659925460815, train_AUC=0.996089036525418, train_AP=0.9944945043127184, time=0.22933173179626465
INFO - 11/08/25 16:11:21 - 0:14:46 - Epoch 156: val_AUC=0.9633784162441842, val_AP=0.959715945658165
INFO - 11/08/25 16:11:22 - 0:14:46 - Epoch 157: train_loss=0.741005539894104, train_AUC=0.9960026722119311, train_AP=0.9943901303139351, time=0.22382426261901855
INFO - 11/08/25 16:11:22 - 0:14:46 - Epoch 157: val_AUC=0.9633804526319905, val_AP=0.9597645702508726
INFO - 11/08/25 16:11:22 - 0:14:46 - Epoch 158: train_loss=0.7403267025947571, train_AUC=0.9961642420067206, train_AP=0.9947682599464294, time=0.22354650497436523
INFO - 11/08/25 16:11:22 - 0:14:46 - Epoch 158: val_AUC=0.9633786198829646, val_AP=0.9597867022200263
INFO - 11/08/25 16:11:22 - 0:14:47 - Epoch 159: train_loss=0.7383229732513428, train_AUC=0.9961259623461132, train_AP=0.9942801210549759, time=0.251448392868042
INFO - 11/08/25 16:11:22 - 0:14:47 - Epoch 159: val_AUC=0.9632977752870492, val_AP=0.9597441243523794
INFO - 11/08/25 16:11:22 - 0:14:47 - Epoch 160: train_loss=0.7380496263504028, train_AUC=0.9961234621364873, train_AP=0.9946974527284511, time=0.22517156600952148
INFO - 11/08/25 16:11:23 - 0:14:47 - Epoch 160: val_AUC=0.9632460510367656, val_AP=0.9597359514503215
INFO - 11/08/25 16:11:23 - 0:14:47 - Epoch 161: train_loss=0.7365177869796753, train_AUC=0.9960342584048834, train_AP=0.994329237390714, time=0.22384905815124512
INFO - 11/08/25 16:11:23 - 0:14:47 - Epoch 161: val_AUC=0.9631596063743825, val_AP=0.959715215499236
INFO - 11/08/25 16:11:23 - 0:14:47 - Epoch 162: train_loss=0.7346425652503967, train_AUC=0.9961675925271435, train_AP=0.9947274225190121, time=0.2622659206390381
INFO - 11/08/25 16:11:23 - 0:14:47 - Epoch 162: val_AUC=0.9630886382593282, val_AP=0.9596785988038479
INFO - 11/08/25 16:11:23 - 0:14:48 - Epoch 163: train_loss=0.734779417514801, train_AUC=0.9961652429007262, train_AP=0.9944677753684498, time=0.2801094055175781
INFO - 11/08/25 16:11:23 - 0:14:48 - Epoch 163: val_AUC=0.963003109971458, val_AP=0.9596422303668589
INFO - 11/08/25 16:11:24 - 0:14:48 - Epoch 164: train_loss=0.7335176467895508, train_AUC=0.996491514973287, train_AP=0.995200943684128, time=0.2690246105194092
INFO - 11/08/25 16:11:24 - 0:14:48 - Epoch 164: val_AUC=0.9629228762918844, val_AP=0.9595972320983988
INFO - 11/08/25 16:11:24 - 0:14:48 - Epoch 165: train_loss=0.7318223714828491, train_AUC=0.9963351391544116, train_AP=0.9946066711995766, time=0.22854399681091309
INFO - 11/08/25 16:11:24 - 0:14:48 - Epoch 165: val_AUC=0.9628516027186592, val_AP=0.9595560571146025
INFO - 11/08/25 16:11:24 - 0:14:49 - Epoch 166: train_loss=0.731426477432251, train_AUC=0.9964107645074913, train_AP=0.9949838257676585, time=0.23017239570617676
INFO - 11/08/25 16:11:24 - 0:14:49 - Epoch 166: val_AUC=0.9627750345371373, val_AP=0.95953035712603
INFO - 11/08/25 16:11:25 - 0:14:49 - Epoch 167: train_loss=0.7295827865600586, train_AUC=0.9964586401050858, train_AP=0.994910796905446, time=0.22557687759399414
INFO - 11/08/25 16:11:25 - 0:14:49 - Epoch 167: val_AUC=0.9627026409506184, val_AP=0.9595163826379867
INFO - 11/08/25 16:11:25 - 0:14:49 - Epoch 168: train_loss=0.7285102605819702, train_AUC=0.9965086206974288, train_AP=0.9951200983507373, time=0.23019170761108398
INFO - 11/08/25 16:11:25 - 0:14:49 - Epoch 168: val_AUC=0.9626404293031315, val_AP=0.9595146988629919
INFO - 11/08/25 16:11:25 - 0:14:49 - Epoch 169: train_loss=0.7276756763458252, train_AUC=0.9964856721686701, train_AP=0.9949781999248268, time=0.2328956127166748
INFO - 11/08/25 16:11:25 - 0:14:49 - Epoch 169: val_AUC=0.9625284279737779, val_AP=0.959469218085333
INFO - 11/08/25 16:11:25 - 0:14:50 - Epoch 170: train_loss=0.7263824939727783, train_AUC=0.9967676275148614, train_AP=0.9953794246255295, time=0.22980642318725586
INFO - 11/08/25 16:11:25 - 0:14:50 - Epoch 170: val_AUC=0.9624218230721109, val_AP=0.9594115241574847
INFO - 11/08/25 16:11:26 - 0:14:50 - Epoch 171: train_loss=0.7247898578643799, train_AUC=0.9968881116938618, train_AP=0.9953759889369567, time=0.23482418060302734
INFO - 11/08/25 16:11:26 - 0:14:50 - Epoch 171: val_AUC=0.9622983161516507, val_AP=0.9593275308335119
INFO - 11/08/25 16:11:26 - 0:14:50 - Epoch 172: train_loss=0.7246118783950806, train_AUC=0.99685439549702, train_AP=0.9957192037503162, time=0.22141003608703613
INFO - 11/08/25 16:11:26 - 0:14:50 - Epoch 172: val_AUC=0.9622268389396447, val_AP=0.9592820472281295
INFO - 11/08/25 16:11:26 - 0:14:51 - Epoch 173: train_loss=0.72333824634552, train_AUC=0.9968332032440004, train_AP=0.9955505900149882, time=0.23038816452026367
INFO - 11/08/25 16:11:26 - 0:14:51 - Epoch 173: val_AUC=0.9621349978495746, val_AP=0.9592503648737982
INFO - 11/08/25 16:11:27 - 0:14:51 - Epoch 174: train_loss=0.7231282591819763, train_AUC=0.9966172239493261, train_AP=0.9950287330340186, time=0.2254161834716797
INFO - 11/08/25 16:11:27 - 0:14:51 - Epoch 174: val_AUC=0.9620545605312204, val_AP=0.9592362329972498
INFO - 11/08/25 16:11:27 - 0:14:51 - Epoch 175: train_loss=0.7225018739700317, train_AUC=0.9968201704874416, train_AP=0.995607165597642, time=0.24494647979736328
INFO - 11/08/25 16:11:27 - 0:14:51 - Epoch 175: val_AUC=0.9619851197070207, val_AP=0.9592301192252918
INFO - 11/08/25 16:11:27 - 0:14:51 - Epoch 176: train_loss=0.7196357250213623, train_AUC=0.9969276638266127, train_AP=0.995614768870022, time=0.22502803802490234
INFO - 11/08/25 16:11:27 - 0:14:51 - Epoch 176: val_AUC=0.961901016890615, val_AP=0.9591911926979677
INFO - 11/08/25 16:11:27 - 0:14:52 - Epoch 177: train_loss=0.7199221849441528, train_AUC=0.9968613689966072, train_AP=0.9956998314678039, time=0.22284412384033203
INFO - 11/08/25 16:11:27 - 0:14:52 - Epoch 177: val_AUC=0.9618250596254347, val_AP=0.9591783105381868
INFO - 11/08/25 16:11:28 - 0:14:52 - Epoch 178: train_loss=0.7161812782287598, train_AUC=0.9971942572198305, train_AP=0.9960892062279896, time=0.22596216201782227
INFO - 11/08/25 16:11:28 - 0:14:52 - Epoch 178: val_AUC=0.9617395313375647, val_AP=0.9591530199002701
INFO - 11/08/25 16:11:28 - 0:14:52 - Epoch 179: train_loss=0.7175416946411133, train_AUC=0.9970845496910696, train_AP=0.9959370458614969, time=0.2279207706451416
INFO - 11/08/25 16:11:28 - 0:14:52 - Epoch 179: val_AUC=0.9616425992779783, val_AP=0.959100335964402
INFO - 11/08/25 16:11:28 - 0:14:52 - Epoch 180: train_loss=0.715904951095581, train_AUC=0.9971276376232323, train_AP=0.9958977447451061, time=0.22427654266357422
INFO - 11/08/25 16:11:28 - 0:14:53 - Epoch 180: val_AUC=0.961565012902553, val_AP=0.9590487378236797
INFO - 11/08/25 16:11:28 - 0:14:53 - Epoch 181: train_loss=0.7150652408599854, train_AUC=0.9971323942914188, train_AP=0.9959008111412597, time=0.22426176071166992
INFO - 11/08/25 16:11:29 - 0:14:53 - Epoch 181: val_AUC=0.9614743936451668, val_AP=0.9589965016949956
INFO - 11/08/25 16:11:29 - 0:14:53 - Epoch 182: train_loss=0.7159887552261353, train_AUC=0.9968825092940168, train_AP=0.9955430556030223, time=0.22226500511169434
INFO - 11/08/25 16:11:29 - 0:14:53 - Epoch 182: val_AUC=0.9613968072697415, val_AP=0.9589752376057319
INFO - 11/08/25 16:11:29 - 0:14:53 - Epoch 183: train_loss=0.7137183547019958, train_AUC=0.9971399091860743, train_AP=0.9959143429341085, time=0.2273247241973877
INFO - 11/08/25 16:11:29 - 0:14:53 - Epoch 183: val_AUC=0.9612850095791682, val_AP=0.958929406184602
INFO - 11/08/25 16:11:29 - 0:14:54 - Epoch 184: train_loss=0.7124025225639343, train_AUC=0.9970110999571438, train_AP=0.9955011238898879, time=0.22202134132385254
INFO - 11/08/25 16:11:29 - 0:14:54 - Epoch 184: val_AUC=0.9611644554210274, val_AP=0.958860999059921
INFO - 11/08/25 16:11:30 - 0:14:54 - Epoch 185: train_loss=0.7119553685188293, train_AUC=0.9970162391595166, train_AP=0.9956543678133248, time=0.22347688674926758
INFO - 11/08/25 16:11:30 - 0:14:54 - Epoch 185: val_AUC=0.9610422721526412, val_AP=0.9587964074724793
INFO - 11/08/25 16:11:30 - 0:14:54 - Epoch 186: train_loss=0.7118737101554871, train_AUC=0.9972866737454605, train_AP=0.9962108195392834, time=0.223463773727417
INFO - 11/08/25 16:11:30 - 0:14:54 - Epoch 186: val_AUC=0.9609701840242934, val_AP=0.9587551890679796
INFO - 11/08/25 16:11:30 - 0:14:54 - Epoch 187: train_loss=0.7095860838890076, train_AUC=0.9973622899402634, train_AP=0.9963315440962899, time=0.23280930519104004
INFO - 11/08/25 16:11:30 - 0:14:54 - Epoch 187: val_AUC=0.9608534990029846, val_AP=0.9586721678878651
INFO - 11/08/25 16:11:30 - 0:14:55 - Epoch 188: train_loss=0.7088726758956909, train_AUC=0.9971838497186031, train_AP=0.9959729597600473, time=0.27530455589294434
INFO - 11/08/25 16:11:31 - 0:14:55 - Epoch 188: val_AUC=0.9607074899972631, val_AP=0.9586089613463786
INFO - 11/08/25 16:11:31 - 0:14:55 - Epoch 189: train_loss=0.708253026008606, train_AUC=0.9972739386329049, train_AP=0.9961117244993208, time=0.2635183334350586
INFO - 11/08/25 16:11:31 - 0:14:55 - Epoch 189: val_AUC=0.9605848994513158, val_AP=0.9585489189642782
INFO - 11/08/25 16:11:31 - 0:14:55 - Epoch 190: train_loss=0.7081148624420166, train_AUC=0.9972186932641216, train_AP=0.9959720241588559, time=0.26327085494995117
INFO - 11/08/25 16:11:31 - 0:14:55 - Epoch 190: val_AUC=0.960493262000026, val_AP=0.9584982041889853
INFO - 11/08/25 16:11:31 - 0:14:56 - Epoch 191: train_loss=0.7078537344932556, train_AUC=0.9971596607716706, train_AP=0.9959462733150678, time=0.27361559867858887
INFO - 11/08/25 16:11:32 - 0:14:56 - Epoch 191: val_AUC=0.9603995881609301, val_AP=0.9584363461160813
INFO - 11/08/25 16:11:32 - 0:14:56 - Epoch 192: train_loss=0.705138623714447, train_AUC=0.9975769164517496, train_AP=0.9966499928854519, time=0.2633848190307617
INFO - 11/08/25 16:11:32 - 0:14:56 - Epoch 192: val_AUC=0.9602666120371698, val_AP=0.9583338817347515
INFO - 11/08/25 16:11:32 - 0:14:56 - Epoch 193: train_loss=0.7056633830070496, train_AUC=0.997330561970138, train_AP=0.9962018047550889, time=0.26429247856140137
INFO - 11/08/25 16:11:32 - 0:14:56 - Epoch 193: val_AUC=0.9601592943997705, val_AP=0.9582799101706706
INFO - 11/08/25 16:11:32 - 0:14:57 - Epoch 194: train_loss=0.7041714191436768, train_AUC=0.9973285925883377, train_AP=0.9960442467619373, time=0.2631692886352539
INFO - 11/08/25 16:11:32 - 0:14:57 - Epoch 194: val_AUC=0.9600631768953067, val_AP=0.9582253818471351
INFO - 11/08/25 16:11:33 - 0:14:57 - Epoch 195: train_loss=0.7024916410446167, train_AUC=0.9976671140325307, train_AP=0.9967682388160967, time=0.2339770793914795
INFO - 11/08/25 16:11:33 - 0:14:57 - Epoch 195: val_AUC=0.959937328128869, val_AP=0.9581459471622074
INFO - 11/08/25 16:11:33 - 0:14:57 - Epoch 196: train_loss=0.7025201320648193, train_AUC=0.9973022408790634, train_AP=0.9959770207851145, time=0.22401785850524902
INFO - 11/08/25 16:11:33 - 0:14:57 - Epoch 196: val_AUC=0.9597992610355928, val_AP=0.9580722653071007
INFO - 11/08/25 16:11:33 - 0:14:58 - Epoch 197: train_loss=0.7008333206176758, train_AUC=0.9976184170079361, train_AP=0.9965506043492136, time=0.22401976585388184
INFO - 11/08/25 16:11:33 - 0:14:58 - Epoch 197: val_AUC=0.9596758559345229, val_AP=0.9579815191235266
INFO - 11/08/25 16:11:34 - 0:14:58 - Epoch 198: train_loss=0.7009879350662231, train_AUC=0.9976336528584797, train_AP=0.9967640018712376, time=0.22226858139038086
INFO - 11/08/25 16:11:34 - 0:14:58 - Epoch 198: val_AUC=0.959566094631756, val_AP=0.9579125021148661
INFO - 11/08/25 16:11:34 - 0:14:58 - Epoch 199: train_loss=0.699201226234436, train_AUC=0.9975217323729741, train_AP=0.9963551118150674, time=0.2644166946411133
INFO - 11/08/25 16:11:34 - 0:14:58 - Epoch 199: val_AUC=0.9594585733555762, val_AP=0.9578519012054565
INFO - 11/08/25 16:11:34 - 0:14:58 - Epoch 200: train_loss=0.6978753805160522, train_AUC=0.9977569843810291, train_AP=0.996717311332975, time=0.26534581184387207
INFO - 11/08/25 16:11:34 - 0:14:59 - Epoch 200: val_AUC=0.9593422956118286, val_AP=0.9577945511866979
INFO - 11/08/25 16:11:35 - 0:14:59 - Epoch 201: train_loss=0.6986489295959473, train_AUC=0.9975534244144741, train_AP=0.9963752034124691, time=0.26361727714538574
INFO - 11/08/25 16:11:35 - 0:14:59 - Epoch 201: val_AUC=0.9592093194880684, val_AP=0.9577036198701625
INFO - 11/08/25 16:11:35 - 0:14:59 - Epoch 202: train_loss=0.697318434715271, train_AUC=0.9974423139081224, train_AP=0.9962713573148521, time=0.26737165451049805
INFO - 11/08/25 16:11:35 - 0:14:59 - Epoch 202: val_AUC=0.9591104528600661, val_AP=0.9576545878552785
INFO - 11/08/25 16:11:35 - 0:14:59 - Epoch 203: train_loss=0.6974477171897888, train_AUC=0.9975685380372438, train_AP=0.9964782439019995, time=0.2681398391723633
INFO - 11/08/25 16:11:35 - 0:15:00 - Epoch 203: val_AUC=0.9590085316503538, val_AP=0.9576098248792354
INFO - 11/08/25 16:11:36 - 0:15:00 - Epoch 204: train_loss=0.696308434009552, train_AUC=0.9976778684915606, train_AP=0.9967611609381002, time=0.2670283317565918
INFO - 11/08/25 16:11:36 - 0:15:00 - Epoch 204: val_AUC=0.9589038613171031, val_AP=0.957560308163034
INFO - 11/08/25 16:11:36 - 0:15:00 - Epoch 205: train_loss=0.6952438354492188, train_AUC=0.9976612449859279, train_AP=0.9967081224997941, time=0.26304125785827637
INFO - 11/08/25 16:11:36 - 0:15:00 - Epoch 205: val_AUC=0.95876681241773, val_AP=0.9574860378265109
INFO - 11/08/25 16:11:36 - 0:15:00 - Epoch 206: train_loss=0.6953728199005127, train_AUC=0.9975683837555002, train_AP=0.9965438476955552, time=0.28966188430786133
INFO - 11/08/25 16:11:36 - 0:15:01 - Epoch 206: val_AUC=0.958715902722569, val_AP=0.9574620266986277
INFO - 11/08/25 16:11:36 - 0:15:01 - Epoch 207: train_loss=0.6926959753036499, train_AUC=0.9977815933758594, train_AP=0.9968445972707496, time=0.219191312789917
INFO - 11/08/25 16:11:36 - 0:15:01 - Epoch 207: val_AUC=0.958598810423699, val_AP=0.9573702769271623
INFO - 11/08/25 16:11:37 - 0:15:01 - Epoch 208: train_loss=0.6929396986961365, train_AUC=0.997926642519512, train_AP=0.9970674173800749, time=0.22341585159301758
INFO - 11/08/25 16:11:37 - 0:15:01 - Epoch 208: val_AUC=0.9584069826923328, val_AP=0.9571835399171632
INFO - 11/08/25 16:11:37 - 0:15:01 - Epoch 209: train_loss=0.6917828321456909, train_AUC=0.9978673891716884, train_AP=0.9970409880834505, time=0.2223517894744873
INFO - 11/08/25 16:11:37 - 0:15:01 - Epoch 209: val_AUC=0.9582444789453792, val_AP=0.9570668662635735
INFO - 11/08/25 16:11:37 - 0:15:02 - Epoch 210: train_loss=0.6909049153327942, train_AUC=0.9977486630296339, train_AP=0.9966421119637511, time=0.24965262413024902
INFO - 11/08/25 16:11:37 - 0:15:02 - Epoch 210: val_AUC=0.9580838079474514, val_AP=0.9569383664309831
INFO - 11/08/25 16:11:38 - 0:15:02 - Epoch 211: train_loss=0.6905624866485596, train_AUC=0.9977913724783868, train_AP=0.9967401423791965, time=0.2279970645904541
INFO - 11/08/25 16:11:38 - 0:15:02 - Epoch 211: val_AUC=0.9579329116109945, val_AP=0.9568468430260229
INFO - 11/08/25 16:11:38 - 0:15:02 - Epoch 212: train_loss=0.6901366710662842, train_AUC=0.9976684846039106, train_AP=0.996603585403158, time=0.22238659858703613
INFO - 11/08/25 16:11:38 - 0:15:02 - Epoch 212: val_AUC=0.9578072664833372, val_AP=0.9567698294456798
INFO - 11/08/25 16:11:38 - 0:15:02 - Epoch 213: train_loss=0.6893236637115479, train_AUC=0.997767070638078, train_AP=0.996871245959161, time=0.2218005657196045
INFO - 11/08/25 16:11:38 - 0:15:02 - Epoch 213: val_AUC=0.9577005597622803, val_AP=0.9566938703135539
INFO - 11/08/25 16:11:38 - 0:15:03 - Epoch 214: train_loss=0.6889650225639343, train_AUC=0.9976581431479502, train_AP=0.9963914482883598, time=0.24601292610168457
INFO - 11/08/25 16:11:38 - 0:15:03 - Epoch 214: val_AUC=0.9575747109958423, val_AP=0.9565669839644723
INFO - 11/08/25 16:11:39 - 0:15:03 - Epoch 215: train_loss=0.6881328225135803, train_AUC=0.9977862986167981, train_AP=0.9968752110887723, time=0.22451138496398926
INFO - 11/08/25 16:11:39 - 0:15:03 - Epoch 215: val_AUC=0.9574500840620888, val_AP=0.9564802409137603
INFO - 11/08/25 16:11:39 - 0:15:03 - Epoch 216: train_loss=0.6875609755516052, train_AUC=0.9979210823886377, train_AP=0.9971280182655624, time=0.22310638427734375
INFO - 11/08/25 16:11:39 - 0:15:03 - Epoch 216: val_AUC=0.9573403227593218, val_AP=0.9564122673164084
INFO - 11/08/25 16:11:39 - 0:15:04 - Epoch 217: train_loss=0.6870913505554199, train_AUC=0.9978623753672624, train_AP=0.9969705256462471, time=0.22373700141906738
INFO - 11/08/25 16:11:39 - 0:15:04 - Epoch 217: val_AUC=0.9572385033689998, val_AP=0.9563329199056679
INFO - 11/08/25 16:11:39 - 0:15:04 - Epoch 218: train_loss=0.685119092464447, train_AUC=0.9981447734809233, train_AP=0.9974823971398663, time=0.22319674491882324
INFO - 11/08/25 16:11:40 - 0:15:04 - Epoch 218: val_AUC=0.957123040180375, val_AP=0.9562538626989481
INFO - 11/08/25 16:11:40 - 0:15:04 - Epoch 219: train_loss=0.6850305795669556, train_AUC=0.9979869800664379, train_AP=0.9971595918652383, time=0.2223830223083496
INFO - 11/08/25 16:11:40 - 0:15:04 - Epoch 219: val_AUC=0.9570083915468728, val_AP=0.9561675280891391
INFO - 11/08/25 16:11:40 - 0:15:04 - Epoch 220: train_loss=0.6846826076507568, train_AUC=0.9978543194297801, train_AP=0.9967770976622122, time=0.22414135932922363
INFO - 11/08/25 16:11:40 - 0:15:04 - Epoch 220: val_AUC=0.9568843755294608, val_AP=0.9560694799305618
INFO - 11/08/25 16:11:40 - 0:15:05 - Epoch 221: train_loss=0.6846168041229248, train_AUC=0.9979681235262994, train_AP=0.9971922646976014, time=0.219923734664917
INFO - 11/08/25 16:11:40 - 0:15:05 - Epoch 221: val_AUC=0.956712911676159, val_AP=0.9559468200033182
INFO - 11/08/25 16:11:41 - 0:15:05 - Epoch 222: train_loss=0.6848009824752808, train_AUC=0.9978626228168627, train_AP=0.9968407393096844, time=0.2271900177001953
INFO - 11/08/25 16:11:41 - 0:15:05 - Epoch 222: val_AUC=0.9565709754460505, val_AP=0.9558392808192123
INFO - 11/08/25 16:11:41 - 0:15:05 - Epoch 223: train_loss=0.6822226047515869, train_AUC=0.9980524784785845, train_AP=0.9972145240765402, time=0.21965837478637695
INFO - 11/08/25 16:11:41 - 0:15:05 - Epoch 223: val_AUC=0.9564064353112902, val_AP=0.9557077139618506
INFO - 11/08/25 16:11:41 - 0:15:05 - Epoch 224: train_loss=0.6823176741600037, train_AUC=0.9982210275849446, train_AP=0.9975834858892075, time=0.22021007537841797
INFO - 11/08/25 16:11:41 - 0:15:05 - Epoch 224: val_AUC=0.9563172415253683, val_AP=0.9556406174611987
INFO - 11/08/25 16:11:41 - 0:15:06 - Epoch 225: train_loss=0.6817895174026489, train_AUC=0.9979785220453705, train_AP=0.9971292084804048, time=0.21967411041259766
INFO - 11/08/25 16:11:41 - 0:15:06 - Epoch 225: val_AUC=0.9562204112851723, val_AP=0.9555818480265049
INFO - 11/08/25 16:11:42 - 0:15:06 - Epoch 226: train_loss=0.6817165017127991, train_AUC=0.9979438412353897, train_AP=0.9971166676810914, time=0.25174546241760254
INFO - 11/08/25 16:11:42 - 0:15:06 - Epoch 226: val_AUC=0.9561311156798603, val_AP=0.9555155530786921
INFO - 11/08/25 16:11:42 - 0:15:06 - Epoch 227: train_loss=0.6799737215042114, train_AUC=0.9980440509264, train_AP=0.9973445774085501, time=0.22580552101135254
INFO - 11/08/25 16:11:42 - 0:15:06 - Epoch 227: val_AUC=0.9560242053200225, val_AP=0.9554351973287554
INFO - 11/08/25 16:11:42 - 0:15:07 - Epoch 228: train_loss=0.6776852607727051, train_AUC=0.9982303188331, train_AP=0.9973399386608928, time=0.22445225715637207
INFO - 11/08/25 16:11:42 - 0:15:07 - Epoch 228: val_AUC=0.9558879709757719, val_AP=0.9553254644825435
INFO - 11/08/25 16:11:43 - 0:15:07 - Epoch 229: train_loss=0.678790807723999, train_AUC=0.9980915859065377, train_AP=0.997329982005619, time=0.24509763717651367
INFO - 11/08/25 16:11:43 - 0:15:07 - Epoch 229: val_AUC=0.9557955189693597, val_AP=0.9552464803923252
INFO - 11/08/25 16:11:43 - 0:15:07 - Epoch 230: train_loss=0.6789635419845581, train_AUC=0.9979962804728706, train_AP=0.9969789378951699, time=0.22786211967468262
INFO - 11/08/25 16:11:43 - 0:15:07 - Epoch 230: val_AUC=0.9556923759269638, val_AP=0.9551713834115092
INFO - 11/08/25 16:11:43 - 0:15:07 - Epoch 231: train_loss=0.6771413087844849, train_AUC=0.9980830072427824, train_AP=0.9972329574259485, time=0.22351479530334473
INFO - 11/08/25 16:11:43 - 0:15:07 - Epoch 231: val_AUC=0.9557255690482085, val_AP=0.9552302063891522
INFO - 11/08/25 16:11:43 - 0:15:08 - Epoch 232: train_loss=0.6773535013198853, train_AUC=0.998086551143747, train_AP=0.9972264550680948, time=0.22433066368103027
INFO - 11/08/25 16:11:43 - 0:15:08 - Epoch 232: val_AUC=0.9557556057683536, val_AP=0.9553130333974705
INFO - 11/08/25 16:11:44 - 0:15:08 - Epoch 233: train_loss=0.6770614385604858, train_AUC=0.9981725200662358, train_AP=0.9974572120805271, time=0.25295066833496094
INFO - 11/08/25 16:11:44 - 0:15:08 - Epoch 233: val_AUC=0.9556063385421417, val_AP=0.9552158043740302
INFO - 11/08/25 16:11:44 - 0:15:08 - Epoch 234: train_loss=0.676936149597168, train_AUC=0.9980702273955661, train_AP=0.9971615538312604, time=0.2244858741760254
INFO - 11/08/25 16:11:44 - 0:15:08 - Epoch 234: val_AUC=0.9553536228153631, val_AP=0.9549958152431391
INFO - 11/08/25 16:11:44 - 0:15:08 - Epoch 235: train_loss=0.6759072542190552, train_AUC=0.9979369020793414, train_AP=0.9968900128742307, time=0.2205810546875
INFO - 11/08/25 16:11:44 - 0:15:09 - Epoch 235: val_AUC=0.95526402175188, val_AP=0.9549250823004887
INFO - 11/08/25 16:11:44 - 0:15:09 - Epoch 236: train_loss=0.6750577092170715, train_AUC=0.9980508285797555, train_AP=0.9972095459317833, time=0.22428059577941895
INFO - 11/08/25 16:11:45 - 0:15:09 - Epoch 236: val_AUC=0.955378263107821, val_AP=0.955079432126412
INFO - 11/08/25 16:11:45 - 0:15:09 - Epoch 237: train_loss=0.675950288772583, train_AUC=0.9980868320562825, train_AP=0.997369878495879, time=0.2908000946044922
INFO - 11/08/25 16:11:45 - 0:15:09 - Epoch 237: val_AUC=0.9554218418068787, val_AP=0.9552057375871479
INFO - 11/08/25 16:11:45 - 0:15:09 - Epoch 238: train_loss=0.6754858493804932, train_AUC=0.9982189241752826, train_AP=0.9975289645214216, time=0.26464247703552246
INFO - 11/08/25 16:11:45 - 0:15:09 - Epoch 238: val_AUC=0.9552239049120933, val_AP=0.955096843544381
INFO - 11/08/25 16:11:45 - 0:15:10 - Epoch 239: train_loss=0.6736019849777222, train_AUC=0.998045963068969, train_AP=0.9972122861065702, time=0.2644937038421631
INFO - 11/08/25 16:11:46 - 0:15:10 - Epoch 239: val_AUC=0.9549384033416308, val_AP=0.9548788913228553
INFO - 11/08/25 16:11:46 - 0:15:10 - Epoch 240: train_loss=0.6732892990112305, train_AUC=0.9981131776013319, train_AP=0.9973225753341844, time=0.28125691413879395
INFO - 11/08/25 16:11:46 - 0:15:10 - Epoch 240: val_AUC=0.9547976889442062, val_AP=0.9547292366960285
INFO - 11/08/25 16:11:46 - 0:15:10 - Epoch 241: train_loss=0.6718142032623291, train_AUC=0.9981308791418421, train_AP=0.9971533023426662, time=0.25809812545776367
INFO - 11/08/25 16:11:46 - 0:15:10 - Epoch 241: val_AUC=0.9545022090734925, val_AP=0.9544422994324877
INFO - 11/08/25 16:11:46 - 0:15:11 - Epoch 242: train_loss=0.6703237295150757, train_AUC=0.9983735188853985, train_AP=0.9976216658869476, time=0.26525163650512695
INFO - 11/08/25 16:11:46 - 0:15:11 - Epoch 242: val_AUC=0.9544217717551382, val_AP=0.9544194496349991
INFO - 11/08/25 16:11:47 - 0:15:11 - Epoch 243: train_loss=0.6708020567893982, train_AUC=0.9982066279555408, train_AP=0.9974744883098684, time=0.26464009284973145
INFO - 11/08/25 16:11:47 - 0:15:11 - Epoch 243: val_AUC=0.954444782937351, val_AP=0.9544759418751118
INFO - 11/08/25 16:11:47 - 0:15:11 - Epoch 244: train_loss=0.6709754467010498, train_AUC=0.9982439891466358, train_AP=0.9975699703311907, time=0.2262861728668213
INFO - 11/08/25 16:11:47 - 0:15:11 - Epoch 244: val_AUC=0.9543228033077455, val_AP=0.9543935762896485
INFO - 11/08/25 16:11:47 - 0:15:12 - Epoch 245: train_loss=0.6708093881607056, train_AUC=0.9981868550593382, train_AP=0.9973621241823966, time=0.23235774040222168
INFO - 11/08/25 16:11:47 - 0:15:12 - Epoch 245: val_AUC=0.95412486641296, val_AP=0.9542028869430799
INFO - 11/08/25 16:11:48 - 0:15:12 - Epoch 246: train_loss=0.6685259342193604, train_AUC=0.9985272766698917, train_AP=0.9979689190475307, time=0.23172736167907715
INFO - 11/08/25 16:11:48 - 0:15:12 - Epoch 246: val_AUC=0.9541317901315017, val_AP=0.9541773527024034
INFO - 11/08/25 16:11:48 - 0:15:12 - Epoch 247: train_loss=0.6686336994171143, train_AUC=0.9983793815916557, train_AP=0.9977805748434435, time=0.23378515243530273
INFO - 11/08/25 16:11:48 - 0:15:12 - Epoch 247: val_AUC=0.9541932890432561, val_AP=0.9542296783535095
INFO - 11/08/25 16:11:48 - 0:15:12 - Epoch 248: train_loss=0.6679792404174805, train_AUC=0.9984010528930117, train_AP=0.9978215657675493, time=0.256441593170166
INFO - 11/08/25 16:11:48 - 0:15:13 - Epoch 248: val_AUC=0.9540841386568312, val_AP=0.9541238044410636
INFO - 11/08/25 16:11:48 - 0:15:13 - Epoch 249: train_loss=0.6681861877441406, train_AUC=0.9982995344489914, train_AP=0.9973959515262478, time=0.2297224998474121
INFO - 11/08/25 16:11:49 - 0:15:13 - Epoch 249: val_AUC=0.954059702003154, val_AP=0.9540841534629664
INFO - 11/08/25 16:11:49 - 0:15:13 - Epoch 250: train_loss=0.6666631698608398, train_AUC=0.9983840979281994, train_AP=0.9975352276035827, time=0.22253203392028809
INFO - 11/08/25 16:11:49 - 0:15:13 - Epoch 250: val_AUC=0.9541055207287987, val_AP=0.9541054307833743
INFO - 11/08/25 16:11:49 - 0:15:13 - Epoch 251: train_loss=0.6655867099761963, train_AUC=0.998428702435812, train_AP=0.9976622889343866, time=0.22023630142211914
INFO - 11/08/25 16:11:49 - 0:15:13 - Epoch 251: val_AUC=0.9539338532367162, val_AP=0.9539664311911284
INFO - 11/08/25 16:11:49 - 0:15:14 - Epoch 252: train_loss=0.6658557057380676, train_AUC=0.9984409435297709, train_AP=0.9978511380297523, time=0.2596571445465088
INFO - 11/08/25 16:11:49 - 0:15:14 - Epoch 252: val_AUC=0.9539806901562642, val_AP=0.9540558830832495
INFO - 11/08/25 16:11:50 - 0:15:14 - Epoch 253: train_loss=0.6661477088928223, train_AUC=0.998280260326645, train_AP=0.9975308736977819, time=0.22427940368652344
INFO - 11/08/25 16:11:50 - 0:15:14 - Epoch 253: val_AUC=0.9539680645518644, val_AP=0.954077329392536
INFO - 11/08/25 16:11:50 - 0:15:14 - Epoch 254: train_loss=0.6652418971061707, train_AUC=0.9983733929590897, train_AP=0.9975947298315019, time=0.2236011028289795
INFO - 11/08/25 16:11:50 - 0:15:14 - Epoch 254: val_AUC=0.9538004698353948, val_AP=0.9539397057484078
INFO - 11/08/25 16:11:50 - 0:15:14 - Epoch 255: train_loss=0.6641605496406555, train_AUC=0.9983634151923991, train_AP=0.9976158533612015, time=0.21865582466125488
INFO - 11/08/25 16:11:50 - 0:15:14 - Epoch 255: val_AUC=0.9535489759412998, val_AP=0.9537354581798491
INFO - 11/08/25 16:11:50 - 0:15:15 - Epoch 256: train_loss=0.6646569967269897, train_AUC=0.998330620987484, train_AP=0.9975071298811943, time=0.2393808364868164
INFO - 11/08/25 16:11:50 - 0:15:15 - Epoch 256: val_AUC=0.9534365673343846, val_AP=0.9536845988717207
INFO - 11/08/25 16:11:51 - 0:15:15 - Epoch 257: train_loss=0.6633119583129883, train_AUC=0.9984206146204808, train_AP=0.9978344040219168, time=0.22869563102722168
INFO - 11/08/25 16:11:51 - 0:15:15 - Epoch 257: val_AUC=0.953215211979825, val_AP=0.9535154529930663
INFO - 11/08/25 16:11:51 - 0:15:15 - Epoch 258: train_loss=0.662520170211792, train_AUC=0.9983840364620709, train_AP=0.9976956799231106, time=0.22186660766601562
INFO - 11/08/25 16:11:51 - 0:15:15 - Epoch 258: val_AUC=0.9530559664533618, val_AP=0.9533900291806645
INFO - 11/08/25 16:11:51 - 0:15:16 - Epoch 259: train_loss=0.661670982837677, train_AUC=0.9985373648642686, train_AP=0.9978744717394262, time=0.22642993927001953
INFO - 11/08/25 16:11:51 - 0:15:16 - Epoch 259: val_AUC=0.9530241988035815, val_AP=0.9533436465514095
INFO - 11/08/25 16:11:51 - 0:15:16 - Epoch 260: train_loss=0.662460446357727, train_AUC=0.9984809889766357, train_AP=0.9977697781915558, time=0.23081684112548828
INFO - 11/08/25 16:11:52 - 0:15:16 - Epoch 260: val_AUC=0.9528561968095505, val_AP=0.9532035947081956
INFO - 11/08/25 16:11:52 - 0:15:16 - Epoch 261: train_loss=0.6615669131278992, train_AUC=0.9983934668455887, train_AP=0.9976699958686943, time=0.2836320400238037
INFO - 11/08/25 16:11:52 - 0:15:16 - Epoch 261: val_AUC=0.952790828760964, val_AP=0.95313345643081
INFO - 11/08/25 16:11:52 - 0:15:16 - Epoch 262: train_loss=0.6604013442993164, train_AUC=0.9985031150216698, train_AP=0.9977126172772364, time=0.2633020877838135
INFO - 11/08/25 16:11:52 - 0:15:17 - Epoch 262: val_AUC=0.9527784067953446, val_AP=0.9531264185173363
INFO - 11/08/25 16:11:52 - 0:15:17 - Epoch 263: train_loss=0.6602300405502319, train_AUC=0.9984096579748737, train_AP=0.9976834319869594, time=0.26287841796875
INFO - 11/08/25 16:11:53 - 0:15:17 - Epoch 263: val_AUC=0.9526417651735329, val_AP=0.9530302183279685
INFO - 11/08/25 16:11:53 - 0:15:17 - Epoch 264: train_loss=0.6587638854980469, train_AUC=0.9985039080932353, train_AP=0.9977843058750334, time=0.27651214599609375
INFO - 11/08/25 16:11:53 - 0:15:17 - Epoch 264: val_AUC=0.9525468695017529, val_AP=0.9529275653675836
INFO - 11/08/25 16:11:53 - 0:15:17 - Epoch 265: train_loss=0.6586118936538696, train_AUC=0.998627361139076, train_AP=0.9979766546042802, time=0.26663970947265625
INFO - 11/08/25 16:11:53 - 0:15:17 - Epoch 265: val_AUC=0.9525190728081951, val_AP=0.9529058565814521
INFO - 11/08/25 16:11:53 - 0:15:18 - Epoch 266: train_loss=0.6591094136238098, train_AUC=0.9983534715931268, train_AP=0.997517734363146, time=0.2641432285308838
INFO - 11/08/25 16:11:53 - 0:15:18 - Epoch 266: val_AUC=0.9523304014779288, val_AP=0.9527670030576164
INFO - 11/08/25 16:11:54 - 0:15:18 - Epoch 267: train_loss=0.6578654050827026, train_AUC=0.998530449132275, train_AP=0.9978178664299329, time=0.25853610038757324
INFO - 11/08/25 16:11:54 - 0:15:18 - Epoch 267: val_AUC=0.9523277541737805, val_AP=0.95276710891459
INFO - 11/08/25 16:11:54 - 0:15:18 - Epoch 268: train_loss=0.6572262644767761, train_AUC=0.9986137028017485, train_AP=0.9978916445498944, time=0.25327420234680176
INFO - 11/08/25 16:11:54 - 0:15:18 - Epoch 268: val_AUC=0.9521790978639106, val_AP=0.9526489047437405
INFO - 11/08/25 16:11:54 - 0:15:19 - Epoch 269: train_loss=0.6566883325576782, train_AUC=0.9986583111840168, train_AP=0.9981613839971356, time=0.2247180938720703
INFO - 11/08/25 16:11:54 - 0:15:19 - Epoch 269: val_AUC=0.9520499908769826, val_AP=0.9525364594595972
INFO - 11/08/25 16:11:55 - 0:15:19 - Epoch 270: train_loss=0.6557427644729614, train_AUC=0.9986270442979153, train_AP=0.9980701095927247, time=0.22500085830688477
INFO - 11/08/25 16:11:55 - 0:15:19 - Epoch 270: val_AUC=0.951952040623493, val_AP=0.9524712225130733
INFO - 11/08/25 16:11:55 - 0:15:19 - Epoch 271: train_loss=0.6553802490234375, train_AUC=0.9985592642419464, train_AP=0.9978245097334185, time=0.2191925048828125
INFO - 11/08/25 16:11:55 - 0:15:19 - Epoch 271: val_AUC=0.9517847513651945, val_AP=0.9523172128170753
INFO - 11/08/25 16:11:55 - 0:15:20 - Epoch 272: train_loss=0.6558115482330322, train_AUC=0.9984269947693896, train_AP=0.9975949904877145, time=0.35813069343566895
INFO - 11/08/25 16:11:55 - 0:15:20 - Epoch 272: val_AUC=0.9517781331048235, val_AP=0.9523193963589877
INFO - 11/08/25 16:11:56 - 0:15:20 - Epoch 273: train_loss=0.6543518900871277, train_AUC=0.9985443489310982, train_AP=0.997868029744575, time=0.26698803901672363
INFO - 11/08/25 16:11:56 - 0:15:20 - Epoch 273: val_AUC=0.9516775355471856, val_AP=0.9522423700457073
INFO - 11/08/25 16:11:56 - 0:15:20 - Epoch 274: train_loss=0.653814435005188, train_AUC=0.998558813372924, train_AP=0.9978769209342333, time=0.2611849308013916
INFO - 11/08/25 16:11:56 - 0:15:20 - Epoch 274: val_AUC=0.9517936096521523, val_AP=0.9523341390922051
INFO - 11/08/25 16:11:56 - 0:15:21 - Epoch 275: train_loss=0.6534755229949951, train_AUC=0.9986555515485824, train_AP=0.997970673855177, time=0.27164602279663086
INFO - 11/08/25 16:11:56 - 0:15:21 - Epoch 275: val_AUC=0.9515351920395156, val_AP=0.9521286085477938
INFO - 11/08/25 16:11:57 - 0:15:21 - Epoch 276: train_loss=0.6532650589942932, train_AUC=0.9985709169166068, train_AP=0.9978751349129326, time=0.25797033309936523
INFO - 11/08/25 16:11:57 - 0:15:21 - Epoch 276: val_AUC=0.9516740736879146, val_AP=0.9522654600090155
INFO - 11/08/25 16:11:57 - 0:15:21 - Epoch 277: train_loss=0.6531317234039307, train_AUC=0.998600552572675, train_AP=0.997997406059665, time=0.25670337677001953
INFO - 11/08/25 16:11:57 - 0:15:21 - Epoch 277: val_AUC=0.951288789114937, val_AP=0.951960961378894
INFO - 11/08/25 16:11:57 - 0:15:22 - Epoch 278: train_loss=0.6528056859970093, train_AUC=0.99852744944431, train_AP=0.9978250209627381, time=0.26798176765441895
INFO - 11/08/25 16:11:57 - 0:15:22 - Epoch 278: val_AUC=0.9514806168463033, val_AP=0.9521214592481954
INFO - 11/08/25 16:11:58 - 0:15:22 - Epoch 279: train_loss=0.6516056656837463, train_AUC=0.9985850007615741, train_AP=0.9979417277216522, time=0.2821841239929199
INFO - 11/08/25 16:11:58 - 0:15:22 - Epoch 279: val_AUC=0.9511359582100639, val_AP=0.9518393484137118
INFO - 11/08/25 16:11:58 - 0:15:22 - Epoch 280: train_loss=0.6514274477958679, train_AUC=0.9987342165690285, train_AP=0.9983045836421548, time=0.2572159767150879
INFO - 11/08/25 16:11:58 - 0:15:22 - Epoch 280: val_AUC=0.9513164839891046, val_AP=0.9520076312789577
INFO - 11/08/25 16:11:58 - 0:15:22 - Epoch 281: train_loss=0.6516143083572388, train_AUC=0.9986090884390972, train_AP=0.9980268526076742, time=0.2576467990875244
INFO - 11/08/25 16:11:58 - 0:15:23 - Epoch 281: val_AUC=0.9509643925373719, val_AP=0.9517350308198493
INFO - 11/08/25 16:11:58 - 0:15:23 - Epoch 282: train_loss=0.6507722735404968, train_AUC=0.9986838699978463, train_AP=0.9980105139773007, time=0.26407384872436523
INFO - 11/08/25 16:11:59 - 0:15:23 - Epoch 282: val_AUC=0.9510690628706227, val_AP=0.9518094139543077
INFO - 11/08/25 16:11:59 - 0:15:23 - Epoch 283: train_loss=0.6498198509216309, train_AUC=0.9986421767656011, train_AP=0.998092160908382, time=0.22654056549072266
INFO - 11/08/25 16:11:59 - 0:15:23 - Epoch 283: val_AUC=0.9508013796934667, val_AP=0.9515865404913461
INFO - 11/08/25 16:11:59 - 0:15:23 - Epoch 284: train_loss=0.6495782732963562, train_AUC=0.9987771466970333, train_AP=0.9981951592414524, time=0.22624850273132324
INFO - 11/08/25 16:11:59 - 0:15:23 - Epoch 284: val_AUC=0.9509696871456685, val_AP=0.951748294062397
INFO - 11/08/25 16:11:59 - 0:15:24 - Epoch 285: train_loss=0.6491144895553589, train_AUC=0.9986083311200361, train_AP=0.9979936424896861, time=0.22428679466247559
INFO - 11/08/25 16:11:59 - 0:15:24 - Epoch 285: val_AUC=0.9506715599708062, val_AP=0.9515430676614582
INFO - 11/08/25 16:12:00 - 0:15:24 - Epoch 286: train_loss=0.6494706869125366, train_AUC=0.9985407106294322, train_AP=0.9977533097589433, time=0.28400135040283203
INFO - 11/08/25 16:12:00 - 0:15:24 - Epoch 286: val_AUC=0.9509513596554107, val_AP=0.9517631260992634
INFO - 11/08/25 16:12:00 - 0:15:24 - Epoch 287: train_loss=0.6486965417861938, train_AUC=0.9987458694198097, train_AP=0.9982897466789751, time=0.2633392810821533
INFO - 11/08/25 16:12:00 - 0:15:24 - Epoch 287: val_AUC=0.9503687491039893, val_AP=0.9512965842113504
INFO - 11/08/25 16:12:00 - 0:15:25 - Epoch 288: train_loss=0.6472395062446594, train_AUC=0.9987415049724484, train_AP=0.9982031118887954, time=0.26439738273620605
INFO - 11/08/25 16:12:00 - 0:15:25 - Epoch 288: val_AUC=0.9507986305699279, val_AP=0.9516436666952164
INFO - 11/08/25 16:12:01 - 0:15:25 - Epoch 289: train_loss=0.6479898691177368, train_AUC=0.9987284646426992, train_AP=0.9981580923618636, time=0.27286529541015625
INFO - 11/08/25 16:12:01 - 0:15:25 - Epoch 289: val_AUC=0.9503638617732539, val_AP=0.9513310654666521
INFO - 11/08/25 16:12:01 - 0:15:25 - Epoch 290: train_loss=0.6466339230537415, train_AUC=0.9986397647924519, train_AP=0.9979271107974312, time=0.2648937702178955
INFO - 11/08/25 16:12:01 - 0:15:25 - Epoch 290: val_AUC=0.9504915432887174, val_AP=0.9514576825442094
INFO - 11/08/25 16:12:01 - 0:15:26 - Epoch 291: train_loss=0.6476076245307922, train_AUC=0.9987301642075688, train_AP=0.9980485908250918, time=0.26407861709594727
INFO - 11/08/25 16:12:01 - 0:15:26 - Epoch 291: val_AUC=0.9503736364347248, val_AP=0.9513451669560337
INFO - 11/08/25 16:12:02 - 0:15:26 - Epoch 292: train_loss=0.6463066935539246, train_AUC=0.9987079781053719, train_AP=0.9980126155694263, time=0.2690861225128174
INFO - 11/08/25 16:12:02 - 0:15:26 - Epoch 292: val_AUC=0.9501125715179398, val_AP=0.9511570844769056
INFO - 11/08/25 16:12:02 - 0:15:26 - Epoch 293: train_loss=0.6449087858200073, train_AUC=0.9988186451397711, train_AP=0.9981829387834302, time=0.27287912368774414
INFO - 11/08/25 16:12:02 - 0:15:26 - Epoch 293: val_AUC=0.9504658848023564, val_AP=0.9514311669066229
INFO - 11/08/25 16:12:02 - 0:15:27 - Epoch 294: train_loss=0.6456947922706604, train_AUC=0.9987514816824147, train_AP=0.9980531211016489, time=0.2639031410217285
INFO - 11/08/25 16:12:02 - 0:15:27 - Epoch 294: val_AUC=0.9496989811544527, val_AP=0.9508527371368161
INFO - 11/08/25 16:12:03 - 0:15:27 - Epoch 295: train_loss=0.6463871002197266, train_AUC=0.9986125925367808, train_AP=0.9978484988794696, time=0.26273465156555176
INFO - 11/08/25 16:12:03 - 0:15:27 - Epoch 295: val_AUC=0.9503622326630088, val_AP=0.9514111104887918
INFO - 11/08/25 16:12:03 - 0:15:27 - Epoch 296: train_loss=0.6448413729667664, train_AUC=0.9986607715903618, train_AP=0.9980334585265198, time=0.2722129821777344
INFO - 11/08/25 16:12:03 - 0:15:27 - Epoch 296: val_AUC=0.9497682183398715, val_AP=0.9509687767754291
INFO - 11/08/25 16:12:03 - 0:15:27 - Epoch 297: train_loss=0.6444395780563354, train_AUC=0.9986874434870905, train_AP=0.9980170018917573, time=0.23325514793395996
INFO - 11/08/25 16:12:03 - 0:15:28 - Epoch 297: val_AUC=0.9498246262821097, val_AP=0.9510220746160376
INFO - 11/08/25 16:12:03 - 0:15:28 - Epoch 298: train_loss=0.6434122323989868, train_AUC=0.9986972939185063, train_AP=0.9980298161546033, time=0.2267446517944336
INFO - 11/08/25 16:12:04 - 0:15:28 - Epoch 298: val_AUC=0.950070520109737, val_AP=0.9511801648730304
INFO - 11/08/25 16:12:04 - 0:15:28 - Epoch 299: train_loss=0.6438217163085938, train_AUC=0.9986559719487217, train_AP=0.9978897856750631, time=0.22200751304626465
INFO - 11/08/25 16:12:04 - 0:15:28 - Epoch 299: val_AUC=0.9494051303939841, val_AP=0.9506677978625295
INFO - 11/08/25 16:12:04 - 0:15:28 - Epoch 300: train_loss=0.6438162326812744, train_AUC=0.9987696180649624, train_AP=0.9980563763768758, time=0.28735780715942383
INFO - 11/08/25 16:12:04 - 0:15:28 - Epoch 300: val_AUC=0.9500871166703593, val_AP=0.9511919086401828
INFO - 11/08/25 16:12:04 - 0:15:28 - best_epoch=158
INFO - 11/08/25 16:12:04 - 0:15:28 - test_auc= 96.10%, test_ap= 95.99%
INFO - 11/08/25 16:12:04 - 0:15:28 - 
                                     train iters 6
INFO - 11/08/25 16:12:04 - 0:15:28 - --------------------------Training Start-------------------------
INFO - 11/08/25 16:12:07 - 0:15:31 - Epoch 0: train_loss=5.71303653717041, train_AUC=0.9939506801111226, train_AP=0.9937474753593576, time=2.3723208904266357
INFO - 11/08/25 16:12:07 - 0:15:31 - Epoch 0: val_AUC=0.7508690284963964, val_AP=0.7960372694038138
INFO - 11/08/25 16:12:07 - 0:15:31 - Epoch 1: train_loss=2.7408838272094727, train_AUC=0.8596923684660921, train_AP=0.9032963497737945, time=0.2596440315246582
INFO - 11/08/25 16:12:07 - 0:15:31 - Epoch 1: val_AUC=0.7058052936308307, val_AP=0.7488237147480885
INFO - 11/08/25 16:12:07 - 0:15:31 - Epoch 2: train_loss=3.5744235515594482, train_AUC=0.762936197145625, train_AP=0.8188801321944608, time=0.2603003978729248
INFO - 11/08/25 16:12:07 - 0:15:31 - Epoch 2: val_AUC=0.6565161558863011, val_AP=0.7057364319874191
INFO - 11/08/25 16:12:07 - 0:15:32 - Epoch 3: train_loss=4.605905055999756, train_AUC=0.6661871366989, train_AP=0.7363134894794521, time=0.2960226535797119
INFO - 11/08/25 16:12:08 - 0:15:32 - Epoch 3: val_AUC=0.6853203523113816, val_AP=0.7236777420171605
INFO - 11/08/25 16:12:08 - 0:15:32 - Epoch 4: train_loss=3.8972384929656982, train_AUC=0.6993075502830832, train_AP=0.7548137795055476, time=0.2677421569824219
INFO - 11/08/25 16:12:08 - 0:15:32 - Epoch 4: val_AUC=0.7535290600685529, val_AP=0.767863733938947
INFO - 11/08/25 16:12:08 - 0:15:32 - Epoch 5: train_loss=2.948214530944824, train_AUC=0.7779094820006942, train_AP=0.809292907338683, time=0.26041173934936523
INFO - 11/08/25 16:12:08 - 0:15:32 - Epoch 5: val_AUC=0.8065326709914113, val_AP=0.806335666722204
INFO - 11/08/25 16:12:08 - 0:15:33 - Epoch 6: train_loss=2.485668182373047, train_AUC=0.8383419710233581, train_AP=0.8530188088078077, time=0.26135945320129395
INFO - 11/08/25 16:12:09 - 0:15:33 - Epoch 6: val_AUC=0.8429407394857225, val_AP=0.8340437037067301
INFO - 11/08/25 16:12:09 - 0:15:33 - Epoch 7: train_loss=2.0781707763671875, train_AUC=0.8792069757192716, train_AP=0.8828334739489894, time=0.26314783096313477
INFO - 11/08/25 16:12:09 - 0:15:33 - Epoch 7: val_AUC=0.863286900976163, val_AP=0.850837482574174
INFO - 11/08/25 16:12:09 - 0:15:33 - Epoch 8: train_loss=2.078840732574463, train_AUC=0.9039559298045851, train_AP=0.9026882016951716, time=0.22628068923950195
INFO - 11/08/25 16:12:09 - 0:15:33 - Epoch 8: val_AUC=0.8689478554392733, val_AP=0.8563325312657822
INFO - 11/08/25 16:12:09 - 0:15:34 - Epoch 9: train_loss=1.862914800643921, train_AUC=0.9072694240179799, train_AP=0.9056424253752037, time=0.22413039207458496
INFO - 11/08/25 16:12:09 - 0:15:34 - Epoch 9: val_AUC=0.8679996114572066, val_AP=0.8559077314174677
INFO - 11/08/25 16:12:10 - 0:15:34 - Epoch 10: train_loss=1.8001278638839722, train_AUC=0.9045527012755119, train_AP=0.904045252186275, time=0.2384347915649414
INFO - 11/08/25 16:12:10 - 0:15:34 - Epoch 10: val_AUC=0.8747063528783119, val_AP=0.8618109726930141
INFO - 11/08/25 16:12:10 - 0:15:34 - Epoch 11: train_loss=1.7113566398620605, train_AUC=0.9098046490832294, train_AP=0.9076784489988776, time=0.22524595260620117
INFO - 11/08/25 16:12:10 - 0:15:34 - Epoch 11: val_AUC=0.881937565978965, val_AP=0.868351822422045
INFO - 11/08/25 16:12:10 - 0:15:34 - Epoch 12: train_loss=1.6637158393859863, train_AUC=0.9172866364642283, train_AP=0.9128341073919986, time=0.2218613624572754
INFO - 11/08/25 16:12:10 - 0:15:35 - Epoch 12: val_AUC=0.886703935278708, val_AP=0.8730174924927764
INFO - 11/08/25 16:12:10 - 0:15:35 - Epoch 13: train_loss=1.6143195629119873, train_AUC=0.9215859589653282, train_AP=0.9158068140202049, time=0.2256298065185547
INFO - 11/08/25 16:12:11 - 0:15:35 - Epoch 13: val_AUC=0.8918905132023094, val_AP=0.8760996671833355
INFO - 11/08/25 16:12:11 - 0:15:35 - Epoch 14: train_loss=1.5245811939239502, train_AUC=0.925895468640645, train_AP=0.9183628843215684, time=0.2695612907409668
INFO - 11/08/25 16:12:11 - 0:15:35 - Epoch 14: val_AUC=0.8946568442179619, val_AP=0.8781613897188795
INFO - 11/08/25 16:12:11 - 0:15:35 - Epoch 15: train_loss=1.5149402618408203, train_AUC=0.927876866100388, train_AP=0.9196457117452808, time=0.2699284553527832
INFO - 11/08/25 16:12:11 - 0:15:36 - Epoch 15: val_AUC=0.8971597684708519, val_AP=0.8806327038487267
INFO - 11/08/25 16:12:12 - 0:15:36 - Epoch 16: train_loss=1.4865663051605225, train_AUC=0.9294647994986585, train_AP=0.9209709287487693, time=0.2636837959289551
INFO - 11/08/25 16:12:12 - 0:15:36 - Epoch 16: val_AUC=0.9013771276179803, val_AP=0.8849794078904669
INFO - 11/08/25 16:12:12 - 0:15:36 - Epoch 17: train_loss=1.4145104885101318, train_AUC=0.9347109585708178, train_AP=0.925282744227109, time=0.2704803943634033
INFO - 11/08/25 16:12:12 - 0:15:36 - Epoch 17: val_AUC=0.9046595811231737, val_AP=0.8891717165640193
INFO - 11/08/25 16:12:12 - 0:15:36 - Epoch 18: train_loss=1.3722281455993652, train_AUC=0.9392505701323326, train_AP=0.9300297255657434, time=0.2636854648590088
INFO - 11/08/25 16:12:12 - 0:15:37 - Epoch 18: val_AUC=0.906311091634193, val_AP=0.8920048660539643
INFO - 11/08/25 16:12:13 - 0:15:37 - Epoch 19: train_loss=1.359634518623352, train_AUC=0.9417321350913266, train_AP=0.9336877926312034, time=0.27025294303894043
INFO - 11/08/25 16:12:13 - 0:15:37 - Epoch 19: val_AUC=0.9079926388653573, val_AP=0.8943144447058511
INFO - 11/08/25 16:12:13 - 0:15:37 - Epoch 20: train_loss=1.3419559001922607, train_AUC=0.9427585239789786, train_AP=0.9334441132716951, time=0.2659482955932617
INFO - 11/08/25 16:12:13 - 0:15:37 - Epoch 20: val_AUC=0.9102826587730845, val_AP=0.8965248243519001
INFO - 11/08/25 16:12:13 - 0:15:37 - Epoch 21: train_loss=1.3040114641189575, train_AUC=0.9458385809321337, train_AP=0.9367337127808479, time=0.2248368263244629
INFO - 11/08/25 16:12:13 - 0:15:37 - Epoch 21: val_AUC=0.9119645114624197, val_AP=0.8982863281935763
INFO - 11/08/25 16:12:13 - 0:15:38 - Epoch 22: train_loss=1.2776589393615723, train_AUC=0.947995387223844, train_AP=0.938891229094457, time=0.22033238410949707
INFO - 11/08/25 16:12:13 - 0:15:38 - Epoch 22: val_AUC=0.9131189397098879, val_AP=0.8997298348659521
INFO - 11/08/25 16:12:14 - 0:15:38 - Epoch 23: train_loss=1.2713100910186768, train_AUC=0.9480938526153238, train_AP=0.938940665364344, time=0.2229926586151123
INFO - 11/08/25 16:12:14 - 0:15:38 - Epoch 23: val_AUC=0.9144735448787291, val_AP=0.9013532077894455
INFO - 11/08/25 16:12:14 - 0:15:38 - Epoch 24: train_loss=1.2591419219970703, train_AUC=0.9495734127753466, train_AP=0.940701494014231, time=0.23233580589294434
INFO - 11/08/25 16:12:14 - 0:15:38 - Epoch 24: val_AUC=0.9160947132114324, val_AP=0.9031701861127979
INFO - 11/08/25 16:12:14 - 0:15:39 - Epoch 25: train_loss=1.241833209991455, train_AUC=0.9518144362929455, train_AP=0.9432987324420082, time=0.2698228359222412
INFO - 11/08/25 16:12:14 - 0:15:39 - Epoch 25: val_AUC=0.9177484637490388, val_AP=0.905022463051734
INFO - 11/08/25 16:12:15 - 0:15:39 - Epoch 26: train_loss=1.2250312566757202, train_AUC=0.9531535650182607, train_AP=0.9439700094033227, time=0.2685363292694092
INFO - 11/08/25 16:12:15 - 0:15:39 - Epoch 26: val_AUC=0.9192005100744177, val_AP=0.9067316661114132
INFO - 11/08/25 16:12:15 - 0:15:39 - Epoch 27: train_loss=1.213707447052002, train_AUC=0.9539029600562959, train_AP=0.9444637838884404, time=0.26921629905700684
INFO - 11/08/25 16:12:15 - 0:15:39 - Epoch 27: val_AUC=0.9204740670085626, val_AP=0.9083249924090274
INFO - 11/08/25 16:12:15 - 0:15:40 - Epoch 28: train_loss=1.1985833644866943, train_AUC=0.955728965683581, train_AP=0.9462524653072021, time=0.26624107360839844
INFO - 11/08/25 16:12:15 - 0:15:40 - Epoch 28: val_AUC=0.9218448614604647, val_AP=0.9100266565255191
INFO - 11/08/25 16:12:16 - 0:15:40 - Epoch 29: train_loss=1.1860556602478027, train_AUC=0.9570058764211292, train_AP=0.9476234604988518, time=0.23085784912109375
INFO - 11/08/25 16:12:16 - 0:15:40 - Epoch 29: val_AUC=0.9233127916107339, val_AP=0.911718842059014
INFO - 11/08/25 16:12:16 - 0:15:40 - Epoch 30: train_loss=1.1697840690612793, train_AUC=0.9591274270448553, train_AP=0.9500648626502666, time=0.23008418083190918
INFO - 11/08/25 16:12:16 - 0:15:40 - Epoch 30: val_AUC=0.9248420170339767, val_AP=0.9134676370103134
INFO - 11/08/25 16:12:16 - 0:15:41 - Epoch 31: train_loss=1.158860683441162, train_AUC=0.9595687594829733, train_AP=0.9500868622422945, time=0.23075222969055176
INFO - 11/08/25 16:12:16 - 0:15:41 - Epoch 31: val_AUC=0.9263553586323294, val_AP=0.915158338052666
INFO - 11/08/25 16:12:17 - 0:15:41 - Epoch 32: train_loss=1.1453258991241455, train_AUC=0.9616052948778653, train_AP=0.9525458315311146, time=0.2362375259399414
INFO - 11/08/25 16:12:17 - 0:15:41 - Epoch 32: val_AUC=0.9278397835238306, val_AP=0.9168683068107132
INFO - 11/08/25 16:12:17 - 0:15:41 - Epoch 33: train_loss=1.1344653367996216, train_AUC=0.9629210932447185, train_AP=0.9540125958351122, time=0.22153544425964355
INFO - 11/08/25 16:12:17 - 0:15:41 - Epoch 33: val_AUC=0.9291828831015654, val_AP=0.9184471549505347
INFO - 11/08/25 16:12:17 - 0:15:41 - Epoch 34: train_loss=1.1274123191833496, train_AUC=0.9635224769648482, train_AP=0.9545508835732979, time=0.2246534824371338
INFO - 11/08/25 16:12:17 - 0:15:41 - Epoch 34: val_AUC=0.930413370433604, val_AP=0.9198821804735935
INFO - 11/08/25 16:12:17 - 0:15:42 - Epoch 35: train_loss=1.1170828342437744, train_AUC=0.9649682307542247, train_AP=0.9558694487080817, time=0.22261476516723633
INFO - 11/08/25 16:12:17 - 0:15:42 - Epoch 35: val_AUC=0.9316434504880815, val_AP=0.9212644700577487
INFO - 11/08/25 16:12:18 - 0:15:42 - Epoch 36: train_loss=1.1083670854568481, train_AUC=0.965912123467585, train_AP=0.957208009113947, time=0.23744511604309082
INFO - 11/08/25 16:12:18 - 0:15:42 - Epoch 36: val_AUC=0.9328273045393527, val_AP=0.922605266250482
INFO - 11/08/25 16:12:18 - 0:15:42 - Epoch 37: train_loss=1.0966274738311768, train_AUC=0.9675523692964239, train_AP=0.959306907876824, time=0.2240912914276123
INFO - 11/08/25 16:12:18 - 0:15:42 - Epoch 37: val_AUC=0.9339660526007115, val_AP=0.9239359248367949
INFO - 11/08/25 16:12:18 - 0:15:43 - Epoch 38: train_loss=1.0887596607208252, train_AUC=0.9682844988688316, train_AP=0.9603314784035468, time=0.22285938262939453
INFO - 11/08/25 16:12:18 - 0:15:43 - Epoch 38: val_AUC=0.935054705522032, val_AP=0.9252328448058219
INFO - 11/08/25 16:12:19 - 0:15:43 - Epoch 39: train_loss=1.0781023502349854, train_AUC=0.9693845704981113, train_AP=0.961047317041555, time=0.22338509559631348
INFO - 11/08/25 16:12:19 - 0:15:43 - Epoch 39: val_AUC=0.9360995761055142, val_AP=0.926408533453352
INFO - 11/08/25 16:12:19 - 0:15:43 - Epoch 40: train_loss=1.0706231594085693, train_AUC=0.970088449075488, train_AP=0.9620377679257254, time=0.3097259998321533
INFO - 11/08/25 16:12:19 - 0:15:43 - Epoch 40: val_AUC=0.937067471229913, val_AP=0.9274961049219623
INFO - 11/08/25 16:12:19 - 0:15:44 - Epoch 41: train_loss=1.062978744506836, train_AUC=0.9704335695866347, train_AP=0.9622910596223802, time=0.2669944763183594
INFO - 11/08/25 16:12:19 - 0:15:44 - Epoch 41: val_AUC=0.9380080787577058, val_AP=0.928537655034634
INFO - 11/08/25 16:12:20 - 0:15:44 - Epoch 42: train_loss=1.0553452968597412, train_AUC=0.9714036070674327, train_AP=0.9637956670734273, time=0.2665693759918213
INFO - 11/08/25 16:12:20 - 0:15:44 - Epoch 42: val_AUC=0.9389328024606081, val_AP=0.9295675506051875
INFO - 11/08/25 16:12:20 - 0:15:44 - Epoch 43: train_loss=1.0474505424499512, train_AUC=0.9722055769558973, train_AP=0.964318425623552, time=0.23178505897521973
INFO - 11/08/25 16:12:20 - 0:15:44 - Epoch 43: val_AUC=0.9398243330422655, val_AP=0.9305444319937639
INFO - 11/08/25 16:12:20 - 0:15:44 - Epoch 44: train_loss=1.0410785675048828, train_AUC=0.9730648341566783, train_AP=0.9657207150149608, time=0.2208099365234375
INFO - 11/08/25 16:12:20 - 0:15:44 - Epoch 44: val_AUC=0.9407215655097811, val_AP=0.9314868973143717
INFO - 11/08/25 16:12:20 - 0:15:45 - Epoch 45: train_loss=1.0340055227279663, train_AUC=0.973255005426716, train_AP=0.9656886331625845, time=0.22087526321411133
INFO - 11/08/25 16:12:20 - 0:15:45 - Epoch 45: val_AUC=0.9415624918544486, val_AP=0.9323504924036292
INFO - 11/08/25 16:12:21 - 0:15:45 - Epoch 46: train_loss=1.0272475481033325, train_AUC=0.9738372199924432, train_AP=0.9663213457610506, time=0.23601937294006348
INFO - 11/08/25 16:12:21 - 0:15:45 - Epoch 46: val_AUC=0.9424026036439939, val_AP=0.933233383030376
INFO - 11/08/25 16:12:21 - 0:15:45 - Epoch 47: train_loss=1.0209171772003174, train_AUC=0.9744511743283835, train_AP=0.9669105048232316, time=0.22502803802490234
INFO - 11/08/25 16:12:21 - 0:15:45 - Epoch 47: val_AUC=0.9431825401738586, val_AP=0.9340187710184525
INFO - 11/08/25 16:12:21 - 0:15:46 - Epoch 48: train_loss=1.014669418334961, train_AUC=0.9750781425759665, train_AP=0.9679440741247632, time=0.2263803482055664
INFO - 11/08/25 16:12:21 - 0:15:46 - Epoch 48: val_AUC=0.9439429273807817, val_AP=0.9348667105133311
INFO - 11/08/25 16:12:22 - 0:15:46 - Epoch 49: train_loss=1.0091779232025146, train_AUC=0.97547393988463, train_AP=0.9680621787775084, time=0.22413396835327148
INFO - 11/08/25 16:12:22 - 0:15:46 - Epoch 49: val_AUC=0.9446982236181887, val_AP=0.9356395671514199
INFO - 11/08/25 16:12:22 - 0:15:46 - Epoch 50: train_loss=1.0027344226837158, train_AUC=0.9760335553450913, train_AP=0.9684806089190068, time=0.24823784828186035
INFO - 11/08/25 16:12:22 - 0:15:46 - Epoch 50: val_AUC=0.9454307123121636, val_AP=0.93643514905745
INFO - 11/08/25 16:12:22 - 0:15:46 - Epoch 51: train_loss=0.996688187122345, train_AUC=0.9768007556587359, train_AP=0.969770008991277, time=0.2222297191619873
INFO - 11/08/25 16:12:22 - 0:15:46 - Epoch 51: val_AUC=0.9461079130771937, val_AP=0.9371800928461317
INFO - 11/08/25 16:12:22 - 0:15:47 - Epoch 52: train_loss=0.9910918474197388, train_AUC=0.9772621392637811, train_AP=0.9702900783692303, time=0.2195584774017334
INFO - 11/08/25 16:12:22 - 0:15:47 - Epoch 52: val_AUC=0.946798146724185, val_AP=0.9379174926131296
INFO - 11/08/25 16:12:23 - 0:15:47 - Epoch 53: train_loss=0.9856964945793152, train_AUC=0.9778702419890691, train_AP=0.9715314258822387, time=0.24542760848999023
INFO - 11/08/25 16:12:23 - 0:15:47 - Epoch 53: val_AUC=0.9474671001185992, val_AP=0.9386708006842318
INFO - 11/08/25 16:12:23 - 0:15:47 - Epoch 54: train_loss=0.9800401926040649, train_AUC=0.9785545329492321, train_AP=0.9722046505081628, time=0.22283053398132324
INFO - 11/08/25 16:12:23 - 0:15:47 - Epoch 54: val_AUC=0.9480634562877139, val_AP=0.9393403703043828
INFO - 11/08/25 16:12:23 - 0:15:48 - Epoch 55: train_loss=0.9739714860916138, train_AUC=0.9792364144019355, train_AP=0.972908718711514, time=0.2248547077178955
INFO - 11/08/25 16:12:23 - 0:15:48 - Epoch 55: val_AUC=0.948602386320687, val_AP=0.9399237315002915
INFO - 11/08/25 16:12:24 - 0:15:48 - Epoch 56: train_loss=0.9702824354171753, train_AUC=0.9791914463811736, train_AP=0.9725145710562569, time=0.22922921180725098
INFO - 11/08/25 16:12:24 - 0:15:48 - Epoch 56: val_AUC=0.9491169815193734, val_AP=0.9404600329256741
INFO - 11/08/25 16:12:24 - 0:15:48 - Epoch 57: train_loss=0.9661862850189209, train_AUC=0.9796932739942547, train_AP=0.9735503872632263, time=0.2357940673828125
INFO - 11/08/25 16:12:24 - 0:15:48 - Epoch 57: val_AUC=0.9496220056953694, val_AP=0.9409956947396412
INFO - 11/08/25 16:12:24 - 0:15:48 - Epoch 58: train_loss=0.961391270160675, train_AUC=0.9805183151676138, train_AP=0.974998374307708, time=0.22324323654174805
INFO - 11/08/25 16:12:24 - 0:15:48 - Epoch 58: val_AUC=0.9501127751567203, val_AP=0.941533573157999
INFO - 11/08/25 16:12:24 - 0:15:49 - Epoch 59: train_loss=0.9570868611335754, train_AUC=0.9806471599729281, train_AP=0.974701848945472, time=0.22857046127319336
INFO - 11/08/25 16:12:24 - 0:15:49 - Epoch 59: val_AUC=0.9505950936086747, val_AP=0.9420698016236708
INFO - 11/08/25 16:12:25 - 0:15:49 - Epoch 60: train_loss=0.9530246257781982, train_AUC=0.9809049756859861, train_AP=0.9750045938862515, time=0.2246251106262207
INFO - 11/08/25 16:12:25 - 0:15:49 - Epoch 60: val_AUC=0.9510926849691772, val_AP=0.9426321751597837
INFO - 11/08/25 16:12:25 - 0:15:49 - Epoch 61: train_loss=0.9469683170318604, train_AUC=0.9817876208367021, train_AP=0.9760320923116542, time=0.2787914276123047
INFO - 11/08/25 16:12:25 - 0:15:49 - Epoch 61: val_AUC=0.9515474103663543, val_AP=0.9432250303200762
INFO - 11/08/25 16:12:25 - 0:15:50 - Epoch 62: train_loss=0.9460489749908447, train_AUC=0.9813167219579559, train_AP=0.9755006791693791, time=0.2617228031158447
INFO - 11/08/25 16:12:25 - 0:15:50 - Epoch 62: val_AUC=0.9519748481669252, val_AP=0.9437237456444014
INFO - 11/08/25 16:12:26 - 0:15:50 - Epoch 63: train_loss=0.942800760269165, train_AUC=0.98167267547797, train_AP=0.9757601119493748, time=0.26363587379455566
INFO - 11/08/25 16:12:26 - 0:15:50 - Epoch 63: val_AUC=0.9523322342269546, val_AP=0.9440942962344535
INFO - 11/08/25 16:12:26 - 0:15:50 - Epoch 64: train_loss=0.9380097389221191, train_AUC=0.9820552297419448, train_AP=0.9764061507338939, time=0.26261186599731445
INFO - 11/08/25 16:12:26 - 0:15:50 - Epoch 64: val_AUC=0.9526765874050229, val_AP=0.9444566850082305
INFO - 11/08/25 16:12:26 - 0:15:51 - Epoch 65: train_loss=0.9326069355010986, train_AUC=0.982866920436981, train_AP=0.9773615664766182, time=0.26359128952026367
INFO - 11/08/25 16:12:26 - 0:15:51 - Epoch 65: val_AUC=0.9529238048847242, val_AP=0.9447072366051402
INFO - 11/08/25 16:12:27 - 0:15:51 - Epoch 66: train_loss=0.929667592048645, train_AUC=0.9827181715255338, train_AP=0.9770017076167997, time=0.22202801704406738
INFO - 11/08/25 16:12:27 - 0:15:51 - Epoch 66: val_AUC=0.9531720405583287, val_AP=0.9449771260099412
INFO - 11/08/25 16:12:27 - 0:15:51 - Epoch 67: train_loss=0.9258699417114258, train_AUC=0.9832552111286627, train_AP=0.9775820348459004, time=0.22537755966186523
INFO - 11/08/25 16:12:27 - 0:15:51 - Epoch 67: val_AUC=0.953390137692398, val_AP=0.9452670316001567
INFO - 11/08/25 16:12:27 - 0:15:52 - Epoch 68: train_loss=0.9219298362731934, train_AUC=0.9840748651216866, train_AP=0.9791661989752505, time=0.22467780113220215
INFO - 11/08/25 16:12:27 - 0:15:52 - Epoch 68: val_AUC=0.9535835945340092, val_AP=0.9454864320508064
INFO - 11/08/25 16:12:28 - 0:15:52 - Epoch 69: train_loss=0.920303225517273, train_AUC=0.9836673101704182, train_AP=0.9784921148932373, time=0.2263021469116211
INFO - 11/08/25 16:12:28 - 0:15:52 - Epoch 69: val_AUC=0.9537780695695239, val_AP=0.9457060640135992
INFO - 11/08/25 16:12:28 - 0:15:52 - Epoch 70: train_loss=0.9172399044036865, train_AUC=0.9838811240609399, train_AP=0.978373665516072, time=0.22240757942199707
INFO - 11/08/25 16:12:28 - 0:15:52 - Epoch 70: val_AUC=0.9539152202882873, val_AP=0.9458612520152228
INFO - 11/08/25 16:12:28 - 0:15:52 - Epoch 71: train_loss=0.9145832061767578, train_AUC=0.9841091156687682, train_AP=0.9790899714709576, time=0.23819875717163086
INFO - 11/08/25 16:12:28 - 0:15:52 - Epoch 71: val_AUC=0.9540649966114507, val_AP=0.9460232927315475
INFO - 11/08/25 16:12:28 - 0:15:53 - Epoch 72: train_loss=0.9099446535110474, train_AUC=0.9847247037004321, train_AP=0.9796957222182003, time=0.22341632843017578
INFO - 11/08/25 16:12:28 - 0:15:53 - Epoch 72: val_AUC=0.9542016382332625, val_AP=0.9461937052732671
INFO - 11/08/25 16:12:29 - 0:15:53 - Epoch 73: train_loss=0.9108452796936035, train_AUC=0.9845343402826978, train_AP=0.9795310970974532, time=0.22294330596923828
INFO - 11/08/25 16:12:29 - 0:15:53 - Epoch 73: val_AUC=0.9543950950748739, val_AP=0.9464237439123945
INFO - 11/08/25 16:12:29 - 0:15:53 - Epoch 74: train_loss=0.9091862440109253, train_AUC=0.9844039965140047, train_AP=0.9793994155416937, time=0.2669517993927002
INFO - 11/08/25 16:12:29 - 0:15:53 - Epoch 74: val_AUC=0.9546028066311303, val_AP=0.946642875246602
INFO - 11/08/25 16:12:29 - 0:15:54 - Epoch 75: train_loss=0.9078415632247925, train_AUC=0.9843051996633451, train_AP=0.9788505541120602, time=0.26500940322875977
INFO - 11/08/25 16:12:29 - 0:15:54 - Epoch 75: val_AUC=0.9548167291701963, val_AP=0.9468974804071841
INFO - 11/08/25 16:12:30 - 0:15:54 - Epoch 76: train_loss=0.9020758867263794, train_AUC=0.9853288974265197, train_AP=0.9804594390583906, time=0.26263928413391113
INFO - 11/08/25 16:12:30 - 0:15:54 - Epoch 76: val_AUC=0.955073212214417, val_AP=0.9471862495840998
INFO - 11/08/25 16:12:30 - 0:15:54 - Epoch 77: train_loss=0.8979455232620239, train_AUC=0.9856236465334636, train_AP=0.9809626517296915, time=0.2830958366394043
INFO - 11/08/25 16:12:30 - 0:15:54 - Epoch 77: val_AUC=0.9553150332664313, val_AP=0.9474633700222272
INFO - 11/08/25 16:12:30 - 0:15:55 - Epoch 78: train_loss=0.8977769613265991, train_AUC=0.985388029955535, train_AP=0.9805181674029019, time=0.2657904624938965
INFO - 11/08/25 16:12:30 - 0:15:55 - Epoch 78: val_AUC=0.9555814946109034, val_AP=0.9477606188237108
INFO - 11/08/25 16:12:31 - 0:15:55 - Epoch 79: train_loss=0.8935302495956421, train_AUC=0.9860572921831112, train_AP=0.981496189430662, time=0.26401615142822266
INFO - 11/08/25 16:12:31 - 0:15:55 - Epoch 79: val_AUC=0.9558702544018559, val_AP=0.9480718490825296
INFO - 11/08/25 16:12:31 - 0:15:55 - Epoch 80: train_loss=0.8923349380493164, train_AUC=0.9859571573434034, train_AP=0.9814667799156147, time=0.2830812931060791
INFO - 11/08/25 16:12:31 - 0:15:55 - Epoch 80: val_AUC=0.9561315229574215, val_AP=0.9483703232522369
INFO - 11/08/25 16:12:31 - 0:15:56 - Epoch 81: train_loss=0.8904023170471191, train_AUC=0.9859201786864947, train_AP=0.9808592601051668, time=0.265521764755249
INFO - 11/08/25 16:12:31 - 0:15:56 - Epoch 81: val_AUC=0.9564023625356775, val_AP=0.9486811128743871
INFO - 11/08/25 16:12:32 - 0:15:56 - Epoch 82: train_loss=0.8884925842285156, train_AUC=0.9864556953738279, train_AP=0.9820062382994122, time=0.2615659236907959
INFO - 11/08/25 16:12:32 - 0:15:56 - Epoch 82: val_AUC=0.9567035442922492, val_AP=0.9490524952439829
INFO - 11/08/25 16:12:32 - 0:15:56 - Epoch 83: train_loss=0.8872240781784058, train_AUC=0.9861807774590421, train_AP=0.9814501455758512, time=0.3039383888244629
INFO - 11/08/25 16:12:32 - 0:15:56 - Epoch 83: val_AUC=0.9569407834716992, val_AP=0.9493339673434131
INFO - 11/08/25 16:12:32 - 0:15:57 - Epoch 84: train_loss=0.8831068873405457, train_AUC=0.9865394472887954, train_AP=0.9817669504950395, time=0.26516294479370117
INFO - 11/08/25 16:12:32 - 0:15:57 - Epoch 84: val_AUC=0.9572122339662971, val_AP=0.9496758736880346
INFO - 11/08/25 16:12:33 - 0:15:57 - Epoch 85: train_loss=0.8809759020805359, train_AUC=0.9869756930085127, train_AP=0.9825685566128572, time=0.26290273666381836
INFO - 11/08/25 16:12:33 - 0:15:57 - Epoch 85: val_AUC=0.957459044168437, val_AP=0.9500049273341593
INFO - 11/08/25 16:12:33 - 0:15:57 - Epoch 86: train_loss=0.8810036778450012, train_AUC=0.9863671239155797, train_AP=0.9816729872384129, time=0.2432253360748291
INFO - 11/08/25 16:12:33 - 0:15:57 - Epoch 86: val_AUC=0.9577154253932673, val_AP=0.950340116158064
INFO - 11/08/25 16:12:33 - 0:15:58 - Epoch 87: train_loss=0.8781561255455017, train_AUC=0.9867159714932312, train_AP=0.9821107431165322, time=0.2278423309326172
INFO - 11/08/25 16:12:33 - 0:15:58 - Epoch 87: val_AUC=0.957948286338933, val_AP=0.9506715079455906
INFO - 11/08/25 16:12:34 - 0:15:58 - Epoch 88: train_loss=0.8764605522155762, train_AUC=0.9869178026588783, train_AP=0.9825879927980252, time=0.2204296588897705
INFO - 11/08/25 16:12:34 - 0:15:58 - Epoch 88: val_AUC=0.9581964201931473, val_AP=0.950988495455521
INFO - 11/08/25 16:12:34 - 0:15:58 - Epoch 89: train_loss=0.872755765914917, train_AUC=0.987521411311961, train_AP=0.983505140122243, time=0.22240138053894043
INFO - 11/08/25 16:12:34 - 0:15:58 - Epoch 89: val_AUC=0.958414924604778, val_AP=0.9512990228920678
INFO - 11/08/25 16:12:34 - 0:15:58 - Epoch 90: train_loss=0.8705642223358154, train_AUC=0.9880743672960645, train_AP=0.9839788592468885, time=0.24288558959960938
INFO - 11/08/25 16:12:34 - 0:15:58 - Epoch 90: val_AUC=0.958625079826402, val_AP=0.9515950189060052
INFO - 11/08/25 16:12:34 - 0:15:59 - Epoch 91: train_loss=0.8692619800567627, train_AUC=0.987913964300991, train_AP=0.983634427210432, time=0.22514653205871582
INFO - 11/08/25 16:12:34 - 0:15:59 - Epoch 91: val_AUC=0.9588406314757132, val_AP=0.9519154880825144
INFO - 11/08/25 16:12:35 - 0:15:59 - Epoch 92: train_loss=0.867673397064209, train_AUC=0.9877262696404041, train_AP=0.9834776299276583, time=0.22351646423339844
INFO - 11/08/25 16:12:35 - 0:15:59 - Epoch 92: val_AUC=0.9590738996989404, val_AP=0.9522501518056758
INFO - 11/08/25 16:12:35 - 0:15:59 - Epoch 93: train_loss=0.8651043176651001, train_AUC=0.9876287649874077, train_AP=0.9831549740565844, time=0.2241227626800537
INFO - 11/08/25 16:12:35 - 0:15:59 - Epoch 93: val_AUC=0.9592598219056679, val_AP=0.9525337496351303
INFO - 11/08/25 16:12:35 - 0:16:00 - Epoch 94: train_loss=0.8644254803657532, train_AUC=0.9878884139409558, train_AP=0.9835423525675627, time=0.25007152557373047
INFO - 11/08/25 16:12:35 - 0:16:00 - Epoch 94: val_AUC=0.9594522605533762, val_AP=0.9528189633538845
INFO - 11/08/25 16:12:36 - 0:16:00 - Epoch 95: train_loss=0.8615744113922119, train_AUC=0.9881403241504239, train_AP=0.9838036158166277, time=0.2207491397857666
INFO - 11/08/25 16:12:36 - 0:16:00 - Epoch 95: val_AUC=0.9596573248054843, val_AP=0.953129355906426
INFO - 11/08/25 16:12:36 - 0:16:00 - Epoch 96: train_loss=0.8573417067527771, train_AUC=0.9888485002492912, train_AP=0.9852190915926903, time=0.2203536033630371
INFO - 11/08/25 16:12:36 - 0:16:00 - Epoch 96: val_AUC=0.9598898802929792, val_AP=0.9534822248959138
INFO - 11/08/25 16:12:36 - 0:16:00 - Epoch 97: train_loss=0.8574467301368713, train_AUC=0.9886319751565308, train_AP=0.9848012576448051, time=0.2228529453277588
INFO - 11/08/25 16:12:36 - 0:16:00 - Epoch 97: val_AUC=0.9601130683965645, val_AP=0.9537938078115982
INFO - 11/08/25 16:12:36 - 0:16:01 - Epoch 98: train_loss=0.8543016314506531, train_AUC=0.9890382046233214, train_AP=0.9853482796352482, time=0.2436361312866211
INFO - 11/08/25 16:12:36 - 0:16:01 - Epoch 98: val_AUC=0.9603089689035437, val_AP=0.9540868300383467
INFO - 11/08/25 16:12:37 - 0:16:01 - Epoch 99: train_loss=0.8538929224014282, train_AUC=0.9886636435978555, train_AP=0.9846536576700076, time=0.2276005744934082
INFO - 11/08/25 16:12:37 - 0:16:01 - Epoch 99: val_AUC=0.9605747175122834, val_AP=0.9545003894473637
INFO - 11/08/25 16:12:37 - 0:16:01 - Epoch 100: train_loss=0.8502002954483032, train_AUC=0.9890056480052467, train_AP=0.9853348583450127, time=0.22601628303527832
INFO - 11/08/25 16:12:37 - 0:16:01 - Epoch 100: val_AUC=0.9607820217909786, val_AP=0.9547721241742576
INFO - 11/08/25 16:12:37 - 0:16:02 - Epoch 101: train_loss=0.8491067886352539, train_AUC=0.9891921515614591, train_AP=0.9855686010254882, time=0.24567222595214844
INFO - 11/08/25 16:12:37 - 0:16:02 - Epoch 101: val_AUC=0.9609844387389384, val_AP=0.9550325409739986
INFO - 11/08/25 16:12:38 - 0:16:02 - Epoch 102: train_loss=0.8460467457771301, train_AUC=0.9891011152938481, train_AP=0.9851448691798668, time=0.2228407859802246
INFO - 11/08/25 16:12:38 - 0:16:02 - Epoch 102: val_AUC=0.9611563098698015, val_AP=0.9552732521311758
INFO - 11/08/25 16:12:38 - 0:16:02 - Epoch 103: train_loss=0.8453302383422852, train_AUC=0.9890762845630416, train_AP=0.9850702973904455, time=0.22478365898132324
INFO - 11/08/25 16:12:38 - 0:16:02 - Epoch 103: val_AUC=0.9613169808677291, val_AP=0.9555284492237243
INFO - 11/08/25 16:12:38 - 0:16:02 - Epoch 104: train_loss=0.8429182767868042, train_AUC=0.9896331268267733, train_AP=0.9862356722250079, time=0.22502732276916504
INFO - 11/08/25 16:12:38 - 0:16:03 - Epoch 104: val_AUC=0.9614914993027408, val_AP=0.9557871308376242
INFO - 11/08/25 16:12:39 - 0:16:03 - Epoch 105: train_loss=0.8416818380355835, train_AUC=0.9895865827017607, train_AP=0.9858367308225551, time=0.2668933868408203
INFO - 11/08/25 16:12:39 - 0:16:03 - Epoch 105: val_AUC=0.9616529848557912, val_AP=0.9560450257846336
INFO - 11/08/25 16:12:39 - 0:16:03 - Epoch 106: train_loss=0.8398207426071167, train_AUC=0.9895781260896589, train_AP=0.9858471267009367, time=0.239898681640625
INFO - 11/08/25 16:12:39 - 0:16:03 - Epoch 106: val_AUC=0.9618036775534674, val_AP=0.9562654745783091
INFO - 11/08/25 16:12:39 - 0:16:03 - Epoch 107: train_loss=0.8392772674560547, train_AUC=0.9896624248594368, train_AP=0.9862530012903543, time=0.23674488067626953
INFO - 11/08/25 16:12:39 - 0:16:03 - Epoch 107: val_AUC=0.9619417446467438, val_AP=0.956480819836752
INFO - 11/08/25 16:12:39 - 0:16:04 - Epoch 108: train_loss=0.835630476474762, train_AUC=0.9901406510642802, train_AP=0.9866850649337532, time=0.2393205165863037
INFO - 11/08/25 16:12:39 - 0:16:04 - Epoch 108: val_AUC=0.9620376585124268, val_AP=0.9566418717705057
INFO - 11/08/25 16:12:40 - 0:16:04 - Epoch 109: train_loss=0.8331592679023743, train_AUC=0.9903342080788831, train_AP=0.9869125672864234, time=0.27127599716186523
INFO - 11/08/25 16:12:40 - 0:16:04 - Epoch 109: val_AUC=0.9621421252068969, val_AP=0.9568081083150294
INFO - 11/08/25 16:12:40 - 0:16:04 - Epoch 110: train_loss=0.8318833708763123, train_AUC=0.9903760798975301, train_AP=0.987219838630135, time=0.24623823165893555
INFO - 11/08/25 16:12:40 - 0:16:04 - Epoch 110: val_AUC=0.9622388536277028, val_AP=0.956983332423342
INFO - 11/08/25 16:12:40 - 0:16:05 - Epoch 111: train_loss=0.8296233415603638, train_AUC=0.990664332263654, train_AP=0.987443804324931, time=0.22909235954284668
INFO - 11/08/25 16:12:40 - 0:16:05 - Epoch 111: val_AUC=0.962360425979747, val_AP=0.9572120327069588
INFO - 11/08/25 16:12:41 - 0:16:05 - Epoch 112: train_loss=0.8266117572784424, train_AUC=0.9909346004155254, train_AP=0.9879985788996368, time=0.22934627532958984
INFO - 11/08/25 16:12:41 - 0:16:05 - Epoch 112: val_AUC=0.9624707981988558, val_AP=0.9573888769061627
INFO - 11/08/25 16:12:41 - 0:16:05 - Epoch 113: train_loss=0.8237903118133545, train_AUC=0.9913209786123967, train_AP=0.9885155141103796, time=0.24746370315551758
INFO - 11/08/25 16:12:41 - 0:16:05 - Epoch 113: val_AUC=0.9625846322772355, val_AP=0.9576241990017245
INFO - 11/08/25 16:12:41 - 0:16:05 - Epoch 114: train_loss=0.8247658014297485, train_AUC=0.9907611194008704, train_AP=0.9876619240381854, time=0.22793054580688477
INFO - 11/08/25 16:12:41 - 0:16:06 - Epoch 114: val_AUC=0.9626751497152316, val_AP=0.9577788778180736
INFO - 11/08/25 16:12:41 - 0:16:06 - Epoch 115: train_loss=0.8203151226043701, train_AUC=0.9910944294331987, train_AP=0.9881396068522144, time=0.2315831184387207
INFO - 11/08/25 16:12:42 - 0:16:06 - Epoch 115: val_AUC=0.9627497833283374, val_AP=0.9579085078857001
INFO - 11/08/25 16:12:42 - 0:16:06 - Epoch 116: train_loss=0.8193386793136597, train_AUC=0.9913794512171046, train_AP=0.9881992905263397, time=0.22818231582641602
INFO - 11/08/25 16:12:42 - 0:16:06 - Epoch 116: val_AUC=0.9628320533957174, val_AP=0.9580271951467195
INFO - 11/08/25 16:12:42 - 0:16:06 - Epoch 117: train_loss=0.8167372941970825, train_AUC=0.9915503126122911, train_AP=0.9887276887692192, time=0.25539612770080566
INFO - 11/08/25 16:12:42 - 0:16:06 - Epoch 117: val_AUC=0.9629183962387102, val_AP=0.9582004442945022
INFO - 11/08/25 16:12:42 - 0:16:07 - Epoch 118: train_loss=0.8151891231536865, train_AUC=0.9915839359935177, train_AP=0.9886056858677743, time=0.23055458068847656
INFO - 11/08/25 16:12:42 - 0:16:07 - Epoch 118: val_AUC=0.9629402874076295, val_AP=0.9582592524618592
INFO - 11/08/25 16:12:43 - 0:16:07 - Epoch 119: train_loss=0.8126517534255981, train_AUC=0.9919360699836529, train_AP=0.9892764498792722, time=0.22809052467346191
INFO - 11/08/25 16:12:43 - 0:16:07 - Epoch 119: val_AUC=0.9629703241277745, val_AP=0.9584024642709398
INFO - 11/08/25 16:12:43 - 0:16:07 - Epoch 120: train_loss=0.8125793933868408, train_AUC=0.9918666821217053, train_AP=0.9891408290401896, time=0.22099781036376953
INFO - 11/08/25 16:12:43 - 0:16:07 - Epoch 120: val_AUC=0.9629884479792516, val_AP=0.9584977921042382
INFO - 11/08/25 16:12:43 - 0:16:07 - Epoch 121: train_loss=0.8091857433319092, train_AUC=0.992237962546671, train_AP=0.9897114492931954, time=0.21746134757995605
INFO - 11/08/25 16:12:43 - 0:16:08 - Epoch 121: val_AUC=0.9630530014727156, val_AP=0.9586466212960973
INFO - 11/08/25 16:12:43 - 0:16:08 - Epoch 122: train_loss=0.8086905479431152, train_AUC=0.9921065335221513, train_AP=0.9895323438245421, time=0.22053766250610352
INFO - 11/08/25 16:12:44 - 0:16:08 - Epoch 122: val_AUC=0.9630601288300382, val_AP=0.9587372392475895
INFO - 11/08/25 16:12:44 - 0:16:08 - Epoch 123: train_loss=0.8070016503334045, train_AUC=0.9919088882174635, train_AP=0.9888494198371921, time=0.2172713279724121
INFO - 11/08/25 16:12:44 - 0:16:08 - Epoch 123: val_AUC=0.9630766235712703, val_AP=0.9588094827566522
INFO - 11/08/25 16:12:44 - 0:16:08 - Epoch 124: train_loss=0.8065160512924194, train_AUC=0.9920195908282464, train_AP=0.9891867945229198, time=0.2164449691772461
INFO - 11/08/25 16:12:44 - 0:16:08 - Epoch 124: val_AUC=0.9630987183789701, val_AP=0.9588987730663237
INFO - 11/08/25 16:12:44 - 0:16:09 - Epoch 125: train_loss=0.8034172654151917, train_AUC=0.992534511255049, train_AP=0.990092739673956, time=0.24383997917175293
INFO - 11/08/25 16:12:44 - 0:16:09 - Epoch 125: val_AUC=0.9631106312476377, val_AP=0.9589550649162043
INFO - 11/08/25 16:12:45 - 0:16:09 - Epoch 126: train_loss=0.8010760545730591, train_AUC=0.9927561596993182, train_AP=0.9903499425676042, time=0.22683286666870117
INFO - 11/08/25 16:12:45 - 0:16:09 - Epoch 126: val_AUC=0.9631104276088572, val_AP=0.959028639539192
INFO - 11/08/25 16:12:45 - 0:16:09 - Epoch 127: train_loss=0.7991560697555542, train_AUC=0.9931337952640514, train_AP=0.9909732462702875, time=0.21987390518188477
INFO - 11/08/25 16:12:45 - 0:16:09 - Epoch 127: val_AUC=0.9630861945939606, val_AP=0.9590656932457067
INFO - 11/08/25 16:12:45 - 0:16:09 - Epoch 128: train_loss=0.7980358004570007, train_AUC=0.9930254938830543, train_AP=0.9905683110564119, time=0.22024059295654297
INFO - 11/08/25 16:12:45 - 0:16:10 - Epoch 128: val_AUC=0.9630796781529801, val_AP=0.9591288279034914
INFO - 11/08/25 16:12:45 - 0:16:10 - Epoch 129: train_loss=0.7970078587532043, train_AUC=0.9930769221876489, train_AP=0.9906472271560328, time=0.24732422828674316
INFO - 11/08/25 16:12:46 - 0:16:10 - Epoch 129: val_AUC=0.9631277369052119, val_AP=0.959221569061054
INFO - 11/08/25 16:12:46 - 0:16:10 - Epoch 130: train_loss=0.7951925992965698, train_AUC=0.9928701548868099, train_AP=0.9902639351192675, time=0.22102737426757812
INFO - 11/08/25 16:12:46 - 0:16:10 - Epoch 130: val_AUC=0.9631676501062181, val_AP=0.9592878208644435
INFO - 11/08/25 16:12:46 - 0:16:10 - Epoch 131: train_loss=0.7931840419769287, train_AUC=0.9931070238591208, train_AP=0.9904138323755244, time=0.22097516059875488
INFO - 11/08/25 16:12:46 - 0:16:10 - Epoch 131: val_AUC=0.9631843484862307, val_AP=0.9593294707279989
INFO - 11/08/25 16:12:46 - 0:16:11 - Epoch 132: train_loss=0.7930710315704346, train_AUC=0.993162854300909, train_AP=0.9907382983671464, time=0.21924972534179688
INFO - 11/08/25 16:12:46 - 0:16:11 - Epoch 132: val_AUC=0.9632061378357597, val_AP=0.9593533564016524
INFO - 11/08/25 16:12:47 - 0:16:11 - Epoch 133: train_loss=0.7905394434928894, train_AUC=0.9931996675804693, train_AP=0.9908199812498206, time=0.24817252159118652
INFO - 11/08/25 16:12:47 - 0:16:11 - Epoch 133: val_AUC=0.9632214107443079, val_AP=0.9593847434129866
INFO - 11/08/25 16:12:47 - 0:16:11 - Epoch 134: train_loss=0.7892602682113647, train_AUC=0.9934156796335959, train_AP=0.9910869054502939, time=0.2199077606201172
INFO - 11/08/25 16:12:47 - 0:16:11 - Epoch 134: val_AUC=0.9632191707177208, val_AP=0.9594392288066701
INFO - 11/08/25 16:12:47 - 0:16:11 - Epoch 135: train_loss=0.7872265577316284, train_AUC=0.9935673546145504, train_AP=0.9913145694808347, time=0.22154927253723145
INFO - 11/08/25 16:12:47 - 0:16:12 - Epoch 135: val_AUC=0.9631829230147663, val_AP=0.9594264588098469
INFO - 11/08/25 16:12:47 - 0:16:12 - Epoch 136: train_loss=0.7857042551040649, train_AUC=0.9936546064003045, train_AP=0.9916444331838533, time=0.22154879570007324
INFO - 11/08/25 16:12:47 - 0:16:12 - Epoch 136: val_AUC=0.9631911703853824, val_AP=0.9595085237783592
INFO - 11/08/25 16:12:48 - 0:16:12 - Epoch 137: train_loss=0.7836692929267883, train_AUC=0.9939262327951057, train_AP=0.9918069910699795, time=0.23523402214050293
INFO - 11/08/25 16:12:48 - 0:16:12 - Epoch 137: val_AUC=0.9632199852728435, val_AP=0.9596122858288764
INFO - 11/08/25 16:12:48 - 0:16:12 - Epoch 138: train_loss=0.7819095253944397, train_AUC=0.9942071131004718, train_AP=0.992214351748664, time=0.22388744354248047
INFO - 11/08/25 16:12:48 - 0:16:12 - Epoch 138: val_AUC=0.9632346472650497, val_AP=0.9596686829793379
INFO - 11/08/25 16:12:48 - 0:16:13 - Epoch 139: train_loss=0.781157374382019, train_AUC=0.994001434225632, train_AP=0.9919435744400227, time=0.22327256202697754
INFO - 11/08/25 16:12:48 - 0:16:13 - Epoch 139: val_AUC=0.9632651930821462, val_AP=0.9597211096245222
INFO - 11/08/25 16:12:49 - 0:16:13 - Epoch 140: train_loss=0.7809938192367554, train_AUC=0.9939097493054391, train_AP=0.9917123376938446, time=0.2246403694152832
INFO - 11/08/25 16:12:49 - 0:16:13 - Epoch 140: val_AUC=0.9633165100548684, val_AP=0.9597763145185485
INFO - 11/08/25 16:12:49 - 0:16:13 - Epoch 141: train_loss=0.7787923216819763, train_AUC=0.9942938939394422, train_AP=0.9923527810999256, time=0.2228221893310547
INFO - 11/08/25 16:12:49 - 0:16:13 - Epoch 141: val_AUC=0.963411609365429, val_AP=0.9598963813489494
INFO - 11/08/25 16:12:49 - 0:16:13 - Epoch 142: train_loss=0.7778120040893555, train_AUC=0.9941822497873336, train_AP=0.9923433304554541, time=0.22178339958190918
INFO - 11/08/25 16:12:49 - 0:16:14 - Epoch 142: val_AUC=0.9634777919691381, val_AP=0.9599805452724788
INFO - 11/08/25 16:12:49 - 0:16:14 - Epoch 143: train_loss=0.776329517364502, train_AUC=0.9943077148361867, train_AP=0.9922778612687694, time=0.222825288772583
INFO - 11/08/25 16:12:49 - 0:16:14 - Epoch 143: val_AUC=0.9635476400708989, val_AP=0.9601112340402465
INFO - 11/08/25 16:12:50 - 0:16:14 - Epoch 144: train_loss=0.774811327457428, train_AUC=0.9944279554402427, train_AP=0.9924928548101336, time=0.2151634693145752
INFO - 11/08/25 16:12:50 - 0:16:14 - Epoch 144: val_AUC=0.9635830732187308, val_AP=0.9601895284631781
INFO - 11/08/25 16:12:50 - 0:16:14 - Epoch 145: train_loss=0.7717951536178589, train_AUC=0.9946296633213914, train_AP=0.9928176347810802, time=0.22435927391052246
INFO - 11/08/25 16:12:50 - 0:16:14 - Epoch 145: val_AUC=0.9635980406691081, val_AP=0.9602300516067062
INFO - 11/08/25 16:12:50 - 0:16:15 - Epoch 146: train_loss=0.7704131603240967, train_AUC=0.9947473716618517, train_AP=0.9930740221695624, time=0.21879887580871582
INFO - 11/08/25 16:12:50 - 0:16:15 - Epoch 146: val_AUC=0.9636073062336274, val_AP=0.9602723207911148
INFO - 11/08/25 16:12:51 - 0:16:15 - Epoch 147: train_loss=0.7698262333869934, train_AUC=0.9945805959149396, train_AP=0.9927225540451369, time=0.21722793579101562
INFO - 11/08/25 16:12:51 - 0:16:15 - Epoch 147: val_AUC=0.9635819532054373, val_AP=0.9602294162997405
INFO - 11/08/25 16:12:51 - 0:16:15 - Epoch 148: train_loss=0.7693263292312622, train_AUC=0.9947115871033696, train_AP=0.9928851066744243, time=0.2226264476776123
INFO - 11/08/25 16:12:51 - 0:16:15 - Epoch 148: val_AUC=0.9636007897926467, val_AP=0.9602730657478076
INFO - 11/08/25 16:12:51 - 0:16:15 - Epoch 149: train_loss=0.7664401531219482, train_AUC=0.9952552211943134, train_AP=0.9937903371800247, time=0.27745795249938965
INFO - 11/08/25 16:12:51 - 0:16:16 - Epoch 149: val_AUC=0.963622375503395, val_AP=0.9603026563287453
INFO - 11/08/25 16:12:52 - 0:16:16 - Epoch 150: train_loss=0.7653930187225342, train_AUC=0.9951014614724925, train_AP=0.9934847916421131, time=0.2597780227661133
INFO - 11/08/25 16:12:52 - 0:16:16 - Epoch 150: val_AUC=0.9636567904573238, val_AP=0.9603975769678363
INFO - 11/08/25 16:12:52 - 0:16:16 - Epoch 151: train_loss=0.7641661167144775, train_AUC=0.9948300383209926, train_AP=0.99283219002603, time=0.2553071975708008
INFO - 11/08/25 16:12:52 - 0:16:16 - Epoch 151: val_AUC=0.9636763397802656, val_AP=0.9604591125037902
INFO - 11/08/25 16:12:52 - 0:16:16 - Epoch 152: train_loss=0.7628685832023621, train_AUC=0.9950596579886816, train_AP=0.9932989406440181, time=0.264676570892334
INFO - 11/08/25 16:12:52 - 0:16:17 - Epoch 152: val_AUC=0.9637250094488394, val_AP=0.9605303061541091
INFO - 11/08/25 16:12:53 - 0:16:17 - Epoch 153: train_loss=0.7630243897438049, train_AUC=0.994952380221262, train_AP=0.9933167732113287, time=0.25287771224975586
INFO - 11/08/25 16:12:53 - 0:16:17 - Epoch 153: val_AUC=0.9637492424637362, val_AP=0.9605980970540017
INFO - 11/08/25 16:12:53 - 0:16:17 - Epoch 154: train_loss=0.7610751390457153, train_AUC=0.9951275292751792, train_AP=0.9933422345515062, time=0.21868610382080078
INFO - 11/08/25 16:12:53 - 0:16:17 - Epoch 154: val_AUC=0.9637858974442518, val_AP=0.9606785149759705
INFO - 11/08/25 16:12:53 - 0:16:17 - Epoch 155: train_loss=0.7599572539329529, train_AUC=0.9952225722889858, train_AP=0.9934038156909587, time=0.2189350128173828
INFO - 11/08/25 16:12:53 - 0:16:17 - Epoch 155: val_AUC=0.9637907847749874, val_AP=0.9607157848665497
INFO - 11/08/25 16:12:53 - 0:16:18 - Epoch 156: train_loss=0.7577899694442749, train_AUC=0.9953596399942172, train_AP=0.9936441685803159, time=0.24611544609069824
INFO - 11/08/25 16:12:53 - 0:16:18 - Epoch 156: val_AUC=0.963805243128413, val_AP=0.9607434965137375
INFO - 11/08/25 16:12:54 - 0:16:18 - Epoch 157: train_loss=0.7565239667892456, train_AUC=0.9954860770532793, train_AP=0.9938990942879171, time=0.21213984489440918
INFO - 11/08/25 16:12:54 - 0:16:18 - Epoch 157: val_AUC=0.9637922102464517, val_AP=0.9607584654479633
INFO - 11/08/25 16:12:54 - 0:16:18 - Epoch 158: train_loss=0.7568648457527161, train_AUC=0.9952035186697704, train_AP=0.9935218506996222, time=0.2103900909423828
INFO - 11/08/25 16:12:54 - 0:16:18 - Epoch 158: val_AUC=0.9637887483871809, val_AP=0.9607711561812634
INFO - 11/08/25 16:12:54 - 0:16:18 - Epoch 159: train_loss=0.7551007270812988, train_AUC=0.9954202658507485, train_AP=0.993859363810392, time=0.21067047119140625
INFO - 11/08/25 16:12:54 - 0:16:18 - Epoch 159: val_AUC=0.9637826392237616, val_AP=0.9607591655575669
INFO - 11/08/25 16:12:54 - 0:16:19 - Epoch 160: train_loss=0.7545498609542847, train_AUC=0.9953261812858561, train_AP=0.9936682708800217, time=0.24285602569580078
INFO - 11/08/25 16:12:54 - 0:16:19 - Epoch 160: val_AUC=0.9637620717069167, val_AP=0.9607557930214242
INFO - 11/08/25 16:12:55 - 0:16:19 - Epoch 161: train_loss=0.7526145577430725, train_AUC=0.9957270248051567, train_AP=0.994314945133397, time=0.21558022499084473
INFO - 11/08/25 16:12:55 - 0:16:19 - Epoch 161: val_AUC=0.963761257151794, val_AP=0.9608241541468463
INFO - 11/08/25 16:12:55 - 0:16:19 - Epoch 162: train_loss=0.7509656548500061, train_AUC=0.9956303163938985, train_AP=0.9940395407489855, time=0.21420693397521973
INFO - 11/08/25 16:12:55 - 0:16:19 - Epoch 162: val_AUC=0.9637716427296067, val_AP=0.960857724243854
INFO - 11/08/25 16:12:55 - 0:16:20 - Epoch 163: train_loss=0.7502292394638062, train_AUC=0.9955513421054824, train_AP=0.9940448424525161, time=0.21534132957458496
INFO - 11/08/25 16:12:55 - 0:16:20 - Epoch 163: val_AUC=0.96377266092351, val_AP=0.9608586258105155
INFO - 11/08/25 16:12:56 - 0:16:20 - Epoch 164: train_loss=0.7489567399024963, train_AUC=0.9957418571631494, train_AP=0.9941278317816781, time=0.22693705558776855
INFO - 11/08/25 16:12:56 - 0:16:20 - Epoch 164: val_AUC=0.9637708281744841, val_AP=0.9608756759469343
INFO - 11/08/25 16:12:56 - 0:16:20 - Epoch 165: train_loss=0.7459075450897217, train_AUC=0.996124805937519, train_AP=0.9947620963327646, time=0.24649572372436523
INFO - 11/08/25 16:12:56 - 0:16:20 - Epoch 165: val_AUC=0.9637869156381551, val_AP=0.9609089157407479
INFO - 11/08/25 16:12:56 - 0:16:20 - Epoch 166: train_loss=0.7466394901275635, train_AUC=0.9958724631755825, train_AP=0.9944593414839483, time=0.21378421783447266
INFO - 11/08/25 16:12:56 - 0:16:20 - Epoch 166: val_AUC=0.9637781591705874, val_AP=0.960910802583286
INFO - 11/08/25 16:12:56 - 0:16:21 - Epoch 167: train_loss=0.7466456890106201, train_AUC=0.9956620545790252, train_AP=0.9939288767830474, time=0.21422600746154785
INFO - 11/08/25 16:12:56 - 0:16:21 - Epoch 167: val_AUC=0.9637830465013228, val_AP=0.9609752221830417
INFO - 11/08/25 16:12:57 - 0:16:21 - Epoch 168: train_loss=0.7460536360740662, train_AUC=0.9958982653882358, train_AP=0.9943312638478239, time=0.21422028541564941
INFO - 11/08/25 16:12:57 - 0:16:21 - Epoch 168: val_AUC=0.9637950611893806, val_AP=0.9610003595061377
INFO - 11/08/25 16:12:57 - 0:16:21 - Epoch 169: train_loss=0.7436347007751465, train_AUC=0.9961559150194628, train_AP=0.9947808637429172, time=0.2396526336669922
INFO - 11/08/25 16:12:57 - 0:16:21 - Epoch 169: val_AUC=0.9637887483871808, val_AP=0.9610381196103429
INFO - 11/08/25 16:12:57 - 0:16:22 - Epoch 170: train_loss=0.7422456741333008, train_AUC=0.9960747920583615, train_AP=0.9947311358408629, time=0.22166824340820312
INFO - 11/08/25 16:12:57 - 0:16:22 - Epoch 170: val_AUC=0.9637775482542454, val_AP=0.9610545486713447
INFO - 11/08/25 16:12:58 - 0:16:22 - Epoch 171: train_loss=0.7418068647384644, train_AUC=0.9959978005369196, train_AP=0.9945743842837121, time=0.21854710578918457
INFO - 11/08/25 16:12:58 - 0:16:22 - Epoch 171: val_AUC=0.963792617524013, val_AP=0.961090481477334
INFO - 11/08/25 16:12:58 - 0:16:22 - Epoch 172: train_loss=0.7399015426635742, train_AUC=0.9961309733326077, train_AP=0.9946863703321074, time=0.2210092544555664
INFO - 11/08/25 16:12:58 - 0:16:22 - Epoch 172: val_AUC=0.9637808064747359, val_AP=0.9610982358124674
INFO - 11/08/25 16:12:58 - 0:16:22 - Epoch 173: train_loss=0.7401107549667358, train_AUC=0.9958876409062914, train_AP=0.9943213386731724, time=0.22879338264465332
INFO - 11/08/25 16:12:58 - 0:16:22 - Epoch 173: val_AUC=0.9637867119993744, val_AP=0.9611559611721526
INFO - 11/08/25 16:12:58 - 0:16:23 - Epoch 174: train_loss=0.737067699432373, train_AUC=0.9962122049601883, train_AP=0.9946855358088962, time=0.22260808944702148
INFO - 11/08/25 16:12:58 - 0:16:23 - Epoch 174: val_AUC=0.9637765300603423, val_AP=0.9611724891564694
INFO - 11/08/25 16:12:59 - 0:16:23 - Epoch 175: train_loss=0.7362943887710571, train_AUC=0.9960075484660811, train_AP=0.9942587777775093, time=0.21897387504577637
INFO - 11/08/25 16:12:59 - 0:16:23 - Epoch 175: val_AUC=0.963798319409871, val_AP=0.9612142502666008
INFO - 11/08/25 16:12:59 - 0:16:23 - Epoch 176: train_loss=0.7359784245491028, train_AUC=0.9962043397614369, train_AP=0.9949137674418209, time=0.2498927116394043
INFO - 11/08/25 16:12:59 - 0:16:23 - Epoch 176: val_AUC=0.9638025958242646, val_AP=0.9612537220365562
INFO - 11/08/25 16:12:59 - 0:16:24 - Epoch 177: train_loss=0.7344526052474976, train_AUC=0.9964555178371055, train_AP=0.9951671871869741, time=0.21216559410095215
INFO - 11/08/25 16:12:59 - 0:16:24 - Epoch 177: val_AUC=0.9638038176569484, val_AP=0.9613062311049624
INFO - 11/08/25 16:13:00 - 0:16:24 - Epoch 178: train_loss=0.7333957552909851, train_AUC=0.9962399245990318, train_AP=0.9946545058886253, time=0.21487832069396973
INFO - 11/08/25 16:13:00 - 0:16:24 - Epoch 178: val_AUC=0.963818886926716, val_AP=0.9613326597167805
INFO - 11/08/25 16:13:00 - 0:16:24 - Epoch 179: train_loss=0.7331752777099609, train_AUC=0.9964429364779314, train_AP=0.9952439817987543, time=0.21325159072875977
INFO - 11/08/25 16:13:00 - 0:16:24 - Epoch 179: val_AUC=0.9638742766750512, val_AP=0.9614184124409524
INFO - 11/08/25 16:13:00 - 0:16:24 - Epoch 180: train_loss=0.7317829132080078, train_AUC=0.9963031140686454, train_AP=0.994767285721467, time=0.2199840545654297
INFO - 11/08/25 16:13:00 - 0:16:24 - Epoch 180: val_AUC=0.9639327210050959, val_AP=0.9615057053527654
INFO - 11/08/25 16:13:00 - 0:16:25 - Epoch 181: train_loss=0.7316516041755676, train_AUC=0.9961774998455493, train_AP=0.9946587753652332, time=0.26479554176330566
INFO - 11/08/25 16:13:00 - 0:16:25 - Epoch 181: val_AUC=0.9639738560387858, val_AP=0.9615739379393072
INFO - 11/08/25 16:13:01 - 0:16:25 - Epoch 182: train_loss=0.7298243045806885, train_AUC=0.9965186648616277, train_AP=0.9951933169752819, time=0.25986695289611816
INFO - 11/08/25 16:13:01 - 0:16:25 - Epoch 182: val_AUC=0.9640190638480888, val_AP=0.9616420119382572
INFO - 11/08/25 16:13:01 - 0:16:25 - Epoch 183: train_loss=0.7283418774604797, train_AUC=0.9966470387201583, train_AP=0.9954368661700983, time=0.26247262954711914
INFO - 11/08/25 16:13:01 - 0:16:25 - Epoch 183: val_AUC=0.9640443150568886, val_AP=0.9616839672534033
INFO - 11/08/25 16:13:01 - 0:16:26 - Epoch 184: train_loss=0.7273681163787842, train_AUC=0.9967770367638938, train_AP=0.9955280658976774, time=0.27135515213012695
INFO - 11/08/25 16:13:01 - 0:16:26 - Epoch 184: val_AUC=0.9640699735432494, val_AP=0.9617316596596366
INFO - 11/08/25 16:13:02 - 0:16:26 - Epoch 185: train_loss=0.7273571491241455, train_AUC=0.9967166921721394, train_AP=0.9955407644168013, time=0.2588064670562744
INFO - 11/08/25 16:13:02 - 0:16:26 - Epoch 185: val_AUC=0.9640481841937208, val_AP=0.961742778826302
INFO - 11/08/25 16:13:02 - 0:16:26 - Epoch 186: train_loss=0.7263121604919434, train_AUC=0.9967452297155689, train_AP=0.9955975214555206, time=0.25985264778137207
INFO - 11/08/25 16:13:02 - 0:16:26 - Epoch 186: val_AUC=0.9640314858137078, val_AP=0.9617750667855759
INFO - 11/08/25 16:13:02 - 0:16:27 - Epoch 187: train_loss=0.7260138988494873, train_AUC=0.9966388871491293, train_AP=0.9952196261058404, time=0.261354923248291
INFO - 11/08/25 16:13:02 - 0:16:27 - Epoch 187: val_AUC=0.964034336756637, val_AP=0.9618839511398829
INFO - 11/08/25 16:13:03 - 0:16:27 - Epoch 188: train_loss=0.7242732048034668, train_AUC=0.9968164649076635, train_AP=0.9956391342940996, time=0.26637864112854004
INFO - 11/08/25 16:13:03 - 0:16:27 - Epoch 188: val_AUC=0.9639708014570763, val_AP=0.9618839052533624
INFO - 11/08/25 16:13:03 - 0:16:27 - Epoch 189: train_loss=0.7247247695922852, train_AUC=0.996784026114345, train_AP=0.9956085966912452, time=0.264251708984375
INFO - 11/08/25 16:13:03 - 0:16:27 - Epoch 189: val_AUC=0.9639392374460763, val_AP=0.9618708139237838
INFO - 11/08/25 16:13:03 - 0:16:28 - Epoch 190: train_loss=0.7217469811439514, train_AUC=0.996910649685241, train_AP=0.9957948550711586, time=0.2680325508117676
INFO - 11/08/25 16:13:03 - 0:16:28 - Epoch 190: val_AUC=0.9638722402872446, val_AP=0.9618516884637269
INFO - 11/08/25 16:13:04 - 0:16:28 - Epoch 191: train_loss=0.7226153016090393, train_AUC=0.9966071516058135, train_AP=0.9952158780459233, time=0.27759718894958496
INFO - 11/08/25 16:13:04 - 0:16:28 - Epoch 191: val_AUC=0.9638111486530516, val_AP=0.9618231672958998
INFO - 11/08/25 16:13:04 - 0:16:28 - Epoch 192: train_loss=0.7211393713951111, train_AUC=0.9968881893630958, train_AP=0.9956519596619776, time=0.2638359069824219
INFO - 11/08/25 16:13:04 - 0:16:28 - Epoch 192: val_AUC=0.9637897665810842, val_AP=0.9618129761581019
INFO - 11/08/25 16:13:04 - 0:16:29 - Epoch 193: train_loss=0.7201749086380005, train_AUC=0.9966994721456556, train_AP=0.9953778764764845, time=0.26036810874938965
INFO - 11/08/25 16:13:04 - 0:16:29 - Epoch 193: val_AUC=0.9636681942290399, val_AP=0.9617565376525937
INFO - 11/08/25 16:13:05 - 0:16:29 - Epoch 194: train_loss=0.7192189693450928, train_AUC=0.9967298682909577, train_AP=0.9954032793104044, time=0.24309968948364258
INFO - 11/08/25 16:13:05 - 0:16:29 - Epoch 194: val_AUC=0.9635936624353243, val_AP=0.9617031225899376
INFO - 11/08/25 16:13:05 - 0:16:29 - Epoch 195: train_loss=0.7184076905250549, train_AUC=0.9970639183825173, train_AP=0.9960029999270982, time=0.22275876998901367
INFO - 11/08/25 16:13:05 - 0:16:29 - Epoch 195: val_AUC=0.963547029154557, val_AP=0.9616811249169149
INFO - 11/08/25 16:13:05 - 0:16:29 - Epoch 196: train_loss=0.7168574333190918, train_AUC=0.997070960569182, train_AP=0.9959505632927323, time=0.22222352027893066
INFO - 11/08/25 16:13:05 - 0:16:30 - Epoch 196: val_AUC=0.9634712755281575, val_AP=0.9616301148453312
INFO - 11/08/25 16:13:05 - 0:16:30 - Epoch 197: train_loss=0.7173950672149658, train_AUC=0.9969208074472989, train_AP=0.995707998478592, time=0.2222740650177002
INFO - 11/08/25 16:13:06 - 0:16:30 - Epoch 197: val_AUC=0.96343726785179, val_AP=0.9616485634963098
INFO - 11/08/25 16:13:06 - 0:16:30 - Epoch 198: train_loss=0.7165358662605286, train_AUC=0.9969287467928699, train_AP=0.9957661262061354, time=0.31394219398498535
INFO - 11/08/25 16:13:06 - 0:16:30 - Epoch 198: val_AUC=0.9633971510120033, val_AP=0.9616251795524938
INFO - 11/08/25 16:13:06 - 0:16:30 - Epoch 199: train_loss=0.7143568396568298, train_AUC=0.9971884938456548, train_AP=0.9960788824209142, time=0.26851320266723633
INFO - 11/08/25 16:13:06 - 0:16:30 - Epoch 199: val_AUC=0.9633171209712104, val_AP=0.9615898802638791
INFO - 11/08/25 16:13:06 - 0:16:31 - Epoch 200: train_loss=0.7153605222702026, train_AUC=0.9971636536043298, train_AP=0.996106586457093, time=0.26984405517578125
INFO - 11/08/25 16:13:07 - 0:16:31 - Epoch 200: val_AUC=0.9632087851399079, val_AP=0.9615150143665844
INFO - 11/08/25 16:13:07 - 0:16:31 - Epoch 201: train_loss=0.7138420939445496, train_AUC=0.9971854443155285, train_AP=0.9961229188808202, time=0.2696371078491211
INFO - 11/08/25 16:13:07 - 0:16:31 - Epoch 201: val_AUC=0.9632136724706435, val_AP=0.9615027666304403
INFO - 11/08/25 16:13:07 - 0:16:31 - Epoch 202: train_loss=0.7132329940795898, train_AUC=0.9970103031870432, train_AP=0.9957290876501248, time=0.25122618675231934
INFO - 11/08/25 16:13:07 - 0:16:31 - Epoch 202: val_AUC=0.9632157088584498, val_AP=0.9614845383312988
INFO - 11/08/25 16:13:07 - 0:16:32 - Epoch 203: train_loss=0.7138460874557495, train_AUC=0.9969612761122344, train_AP=0.9956543562289536, time=0.25423574447631836
INFO - 11/08/25 16:13:07 - 0:16:32 - Epoch 203: val_AUC=0.9631576718059665, val_AP=0.9613690939574636
INFO - 11/08/25 16:13:08 - 0:16:32 - Epoch 204: train_loss=0.71232670545578, train_AUC=0.997113232181845, train_AP=0.9959643616286051, time=0.255906343460083
INFO - 11/08/25 16:13:08 - 0:16:32 - Epoch 204: val_AUC=0.9632038978091726, val_AP=0.9613279867209967
INFO - 11/08/25 16:13:08 - 0:16:32 - Epoch 205: train_loss=0.7126479148864746, train_AUC=0.9971732731414923, train_AP=0.996052504542088, time=0.2693169116973877
INFO - 11/08/25 16:13:08 - 0:16:32 - Epoch 205: val_AUC=0.9632026759764887, val_AP=0.9614039374482406
INFO - 11/08/25 16:13:08 - 0:16:33 - Epoch 206: train_loss=0.7125199437141418, train_AUC=0.9969988629139613, train_AP=0.995879907435979, time=0.25777411460876465
INFO - 11/08/25 16:13:08 - 0:16:33 - Epoch 206: val_AUC=0.9632095996950307, val_AP=0.9614552675390433
INFO - 11/08/25 16:13:09 - 0:16:33 - Epoch 207: train_loss=0.7117891311645508, train_AUC=0.9970814605337832, train_AP=0.9959752154601011, time=0.26093196868896484
INFO - 11/08/25 16:13:09 - 0:16:33 - Epoch 207: val_AUC=0.9632121451797886, val_AP=0.9615715134948448
INFO - 11/08/25 16:13:09 - 0:16:33 - Epoch 208: train_loss=0.7095229625701904, train_AUC=0.9972582531461838, train_AP=0.9960669749448143, time=0.27640843391418457
INFO - 11/08/25 16:13:09 - 0:16:33 - Epoch 208: val_AUC=0.9631033002515347, val_AP=0.9614890863264607
INFO - 11/08/25 16:13:09 - 0:16:34 - Epoch 209: train_loss=0.7100004553794861, train_AUC=0.997088464150012, train_AP=0.9959424154771535, time=0.26380085945129395
INFO - 11/08/25 16:13:09 - 0:16:34 - Epoch 209: val_AUC=0.9630570742483285, val_AP=0.96149632289326
INFO - 11/08/25 16:13:10 - 0:16:34 - Epoch 210: train_loss=0.7090498208999634, train_AUC=0.997298149771047, train_AP=0.9962193286079307, time=0.2618880271911621
INFO - 11/08/25 16:13:10 - 0:16:34 - Epoch 210: val_AUC=0.96301960471269, val_AP=0.961440043841431
INFO - 11/08/25 16:13:10 - 0:16:34 - Epoch 211: train_loss=0.7079411745071411, train_AUC=0.9971749142342855, train_AP=0.9959899343533872, time=0.26418328285217285
INFO - 11/08/25 16:13:10 - 0:16:34 - Epoch 211: val_AUC=0.9629342800636005, val_AP=0.9613639736114173
INFO - 11/08/25 16:13:10 - 0:16:35 - Epoch 212: train_loss=0.7069293260574341, train_AUC=0.997441638132951, train_AP=0.9963932229698377, time=0.2627525329589844
INFO - 11/08/25 16:13:10 - 0:16:35 - Epoch 212: val_AUC=0.9629120834365104, val_AP=0.9613387387349407
INFO - 11/08/25 16:13:11 - 0:16:35 - Epoch 213: train_loss=0.706018328666687, train_AUC=0.9973331106129597, train_AP=0.996298355597992, time=0.26186490058898926
INFO - 11/08/25 16:13:11 - 0:16:35 - Epoch 213: val_AUC=0.962871762957943, val_AP=0.961292789846122
INFO - 11/08/25 16:13:11 - 0:16:35 - Epoch 214: train_loss=0.7053759098052979, train_AUC=0.9971608506432001, train_AP=0.9958468996067132, time=0.2705259323120117
INFO - 11/08/25 16:13:11 - 0:16:35 - Epoch 214: val_AUC=0.9627984529969114, val_AP=0.9612523420394451
INFO - 11/08/25 16:13:11 - 0:16:36 - Epoch 215: train_loss=0.7044029235839844, train_AUC=0.9974551064360302, train_AP=0.9964009002796984, time=0.2604653835296631
INFO - 11/08/25 16:13:11 - 0:16:36 - Epoch 215: val_AUC=0.9627571143244407, val_AP=0.961180624776748
INFO - 11/08/25 16:13:12 - 0:16:36 - Epoch 216: train_loss=0.7043124437332153, train_AUC=0.9973960836302184, train_AP=0.9964173148620739, time=0.22330689430236816
INFO - 11/08/25 16:13:12 - 0:16:36 - Epoch 216: val_AUC=0.9627387868341827, val_AP=0.9611635239678269
INFO - 11/08/25 16:13:12 - 0:16:36 - Epoch 217: train_loss=0.7027006149291992, train_AUC=0.9974307880403747, train_AP=0.9962697909470106, time=0.22623801231384277
INFO - 11/08/25 16:13:12 - 0:16:36 - Epoch 217: val_AUC=0.9625994979082226, val_AP=0.9610594776378806
INFO - 11/08/25 16:13:12 - 0:16:36 - Epoch 218: train_loss=0.7008483409881592, train_AUC=0.997647346067708, train_AP=0.996781240071579, time=0.2754678726196289
INFO - 11/08/25 16:13:12 - 0:16:37 - Epoch 218: val_AUC=0.9625730248667388, val_AP=0.9609792996141564
INFO - 11/08/25 16:13:12 - 0:16:37 - Epoch 219: train_loss=0.7022443413734436, train_AUC=0.9973151101956015, train_AP=0.9962665450428214, time=0.26308178901672363
INFO - 11/08/25 16:13:13 - 0:16:37 - Epoch 219: val_AUC=0.962532908026952, val_AP=0.9610301115610106
INFO - 11/08/25 16:13:13 - 0:16:37 - Epoch 220: train_loss=0.7001063227653503, train_AUC=0.9974176309425933, train_AP=0.9962291921591736, time=0.2629725933074951
INFO - 11/08/25 16:13:13 - 0:16:37 - Epoch 220: val_AUC=0.9624596998853108, val_AP=0.9610093544657798
INFO - 11/08/25 16:13:13 - 0:16:37 - Epoch 221: train_loss=0.6999005079269409, train_AUC=0.9976750549631882, train_AP=0.9968691125622804, time=0.23338603973388672
INFO - 11/08/25 16:13:13 - 0:16:37 - Epoch 221: val_AUC=0.9625221151715779, val_AP=0.9611458331566614
INFO - 11/08/25 16:13:13 - 0:16:38 - Epoch 222: train_loss=0.6991986036300659, train_AUC=0.9975169922601345, train_AP=0.9964554589155423, time=0.21909427642822266
INFO - 11/08/25 16:13:13 - 0:16:38 - Epoch 222: val_AUC=0.9624646890354365, val_AP=0.9611292512246947
INFO - 11/08/25 16:13:14 - 0:16:38 - Epoch 223: train_loss=0.6981929540634155, train_AUC=0.9975541068822327, train_AP=0.9965297415119113, time=0.21846914291381836
INFO - 11/08/25 16:13:14 - 0:16:38 - Epoch 223: val_AUC=0.9623341565770439, val_AP=0.9610290251892022
INFO - 11/08/25 16:13:14 - 0:16:38 - Epoch 224: train_loss=0.6979490518569946, train_AUC=0.9975887484172947, train_AP=0.9966124127211087, time=0.22632098197937012
INFO - 11/08/25 16:13:14 - 0:16:38 - Epoch 224: val_AUC=0.9623054435089731, val_AP=0.9609864529546788
INFO - 11/08/25 16:13:14 - 0:16:38 - Epoch 225: train_loss=0.6968533992767334, train_AUC=0.9975180961847565, train_AP=0.9965751915708633, time=0.2213914394378662
INFO - 11/08/25 16:13:14 - 0:16:39 - Epoch 225: val_AUC=0.9621331651005487, val_AP=0.9608688987710144
INFO - 11/08/25 16:13:14 - 0:16:39 - Epoch 226: train_loss=0.6965353488922119, train_AUC=0.9976486893403776, train_AP=0.9967629821257058, time=0.22263383865356445
INFO - 11/08/25 16:13:15 - 0:16:39 - Epoch 226: val_AUC=0.9620932518995425, val_AP=0.9609161255536555
INFO - 11/08/25 16:13:15 - 0:16:39 - Epoch 227: train_loss=0.6955751180648804, train_AUC=0.9976094190007658, train_AP=0.9966238263207147, time=0.22068524360656738
INFO - 11/08/25 16:13:15 - 0:16:39 - Epoch 227: val_AUC=0.9620584296680524, val_AP=0.9609058842172103
INFO - 11/08/25 16:13:15 - 0:16:39 - Epoch 228: train_loss=0.6957404613494873, train_AUC=0.9976311771296328, train_AP=0.9966103127469634, time=0.22057127952575684
INFO - 11/08/25 16:13:15 - 0:16:39 - Epoch 228: val_AUC=0.9619305445138084, val_AP=0.9608256249895779
INFO - 11/08/25 16:13:15 - 0:16:40 - Epoch 229: train_loss=0.6947805881500244, train_AUC=0.9977502336741426, train_AP=0.9968295703708537, time=0.28109240531921387
INFO - 11/08/25 16:13:15 - 0:16:40 - Epoch 229: val_AUC=0.9618154886027447, val_AP=0.9606818548861639
INFO - 11/08/25 16:13:16 - 0:16:40 - Epoch 230: train_loss=0.692467987537384, train_AUC=0.9978780309134626, train_AP=0.9969888641385668, time=0.26456260681152344
INFO - 11/08/25 16:13:16 - 0:16:40 - Epoch 230: val_AUC=0.9617049127448553, val_AP=0.9605461989981279
INFO - 11/08/25 16:13:16 - 0:16:40 - Epoch 231: train_loss=0.6928025484085083, train_AUC=0.9977715094083797, train_AP=0.996997240410936, time=0.2618393898010254
INFO - 11/08/25 16:13:16 - 0:16:40 - Epoch 231: val_AUC=0.9615929114155013, val_AP=0.9604971890098117
INFO - 11/08/25 16:13:16 - 0:16:41 - Epoch 232: train_loss=0.6925820112228394, train_AUC=0.9975575105911105, train_AP=0.996484548773562, time=0.27182579040527344
INFO - 11/08/25 16:13:16 - 0:16:41 - Epoch 232: val_AUC=0.961693101695578, val_AP=0.9606113549850628
INFO - 11/08/25 16:13:17 - 0:16:41 - Epoch 233: train_loss=0.6918555498123169, train_AUC=0.9976757023829251, train_AP=0.9967770537533316, time=0.2644994258880615
INFO - 11/08/25 16:13:17 - 0:16:41 - Epoch 233: val_AUC=0.9616849561443522, val_AP=0.9606458465601545
INFO - 11/08/25 16:13:17 - 0:16:41 - Epoch 234: train_loss=0.691165030002594, train_AUC=0.9977996390562406, train_AP=0.9969986100057551, time=0.2588160037994385
INFO - 11/08/25 16:13:17 - 0:16:41 - Epoch 234: val_AUC=0.9615865986133015, val_AP=0.9605845138180995
INFO - 11/08/25 16:13:17 - 0:16:42 - Epoch 235: train_loss=0.6899603009223938, train_AUC=0.9976176618023235, train_AP=0.9965918017443949, time=0.22239923477172852
INFO - 11/08/25 16:13:17 - 0:16:42 - Epoch 235: val_AUC=0.9616259008979657, val_AP=0.9606041983365364
INFO - 11/08/25 16:13:18 - 0:16:42 - Epoch 236: train_loss=0.6894203424453735, train_AUC=0.9977503125762215, train_AP=0.9967460520261657, time=0.2229301929473877
INFO - 11/08/25 16:13:18 - 0:16:42 - Epoch 236: val_AUC=0.9615116595420247, val_AP=0.9605432949189456
INFO - 11/08/25 16:13:18 - 0:16:42 - Epoch 237: train_loss=0.690078854560852, train_AUC=0.99781802077494, train_AP=0.9970217675317858, time=0.22292447090148926
INFO - 11/08/25 16:13:18 - 0:16:42 - Epoch 237: val_AUC=0.9615320234200889, val_AP=0.9605604808894106
INFO - 11/08/25 16:13:18 - 0:16:42 - Epoch 238: train_loss=0.6882994174957275, train_AUC=0.9977911354199086, train_AP=0.9968618525103519, time=0.2214815616607666
INFO - 11/08/25 16:13:18 - 0:16:42 - Epoch 238: val_AUC=0.961455760696738, val_AP=0.9605164255877873
INFO - 11/08/25 16:13:18 - 0:16:43 - Epoch 239: train_loss=0.6868053674697876, train_AUC=0.9979658494556676, train_AP=0.9971775488862897, time=0.2222580909729004
INFO - 11/08/25 16:13:18 - 0:16:43 - Epoch 239: val_AUC=0.9614060728342607, val_AP=0.9604842360824312
INFO - 11/08/25 16:13:19 - 0:16:43 - Epoch 240: train_loss=0.6878648996353149, train_AUC=0.9978520506427696, train_AP=0.9969124862230908, time=0.2365117073059082
INFO - 11/08/25 16:13:19 - 0:16:43 - Epoch 240: val_AUC=0.9613617813994708, val_AP=0.9604237883476975
INFO - 11/08/25 16:13:19 - 0:16:43 - Epoch 241: train_loss=0.6866183280944824, train_AUC=0.9977428742940758, train_AP=0.9967647060967905, time=0.22762203216552734
INFO - 11/08/25 16:13:19 - 0:16:43 - Epoch 241: val_AUC=0.9612153651161881, val_AP=0.9603000283487938
INFO - 11/08/25 16:13:19 - 0:16:43 - Epoch 242: train_loss=0.686046838760376, train_AUC=0.9976192639724395, train_AP=0.9965819206156742, time=0.22315669059753418
INFO - 11/08/25 16:13:19 - 0:16:44 - Epoch 242: val_AUC=0.9610950145968278, val_AP=0.9601579037269287
INFO - 11/08/25 16:13:19 - 0:16:44 - Epoch 243: train_loss=0.6854664087295532, train_AUC=0.9979209488891382, train_AP=0.9971103269385069, time=0.224198579788208
INFO - 11/08/25 16:13:19 - 0:16:44 - Epoch 243: val_AUC=0.9608547208356685, val_AP=0.9599695611340789
INFO - 11/08/25 16:13:20 - 0:16:44 - Epoch 244: train_loss=0.6843076944351196, train_AUC=0.9979563995227506, train_AP=0.9971936192642067, time=0.24517345428466797
INFO - 11/08/25 16:13:20 - 0:16:44 - Epoch 244: val_AUC=0.9607070827197017, val_AP=0.9598108495341986
INFO - 11/08/25 16:13:20 - 0:16:44 - Epoch 245: train_loss=0.6836456656455994, train_AUC=0.9978770215656627, train_AP=0.9970128599764713, time=0.22382426261901855
INFO - 11/08/25 16:13:20 - 0:16:44 - Epoch 245: val_AUC=0.9606596348838119, val_AP=0.9597657107663029
INFO - 11/08/25 16:13:20 - 0:16:45 - Epoch 246: train_loss=0.6841565370559692, train_AUC=0.997962855051324, train_AP=0.9970951019799861, time=0.22225451469421387
INFO - 11/08/25 16:13:20 - 0:16:45 - Epoch 246: val_AUC=0.9605246223722452, val_AP=0.9597427527095374
INFO - 11/08/25 16:13:21 - 0:16:45 - Epoch 247: train_loss=0.6834548711776733, train_AUC=0.9979687082470627, train_AP=0.997043851680605, time=0.2217552661895752
INFO - 11/08/25 16:13:21 - 0:16:45 - Epoch 247: val_AUC=0.9605083312697936, val_AP=0.9596940367506062
INFO - 11/08/25 16:13:21 - 0:16:45 - Epoch 248: train_loss=0.6825859546661377, train_AUC=0.9979025532569026, train_AP=0.9969793787691705, time=0.2367546558380127
INFO - 11/08/25 16:13:21 - 0:16:45 - Epoch 248: val_AUC=0.9602527646000862, val_AP=0.9595149792731132
INFO - 11/08/25 16:13:21 - 0:16:45 - Epoch 249: train_loss=0.6827222108840942, train_AUC=0.9979279938937343, train_AP=0.9970924564995183, time=0.22851014137268066
INFO - 11/08/25 16:13:21 - 0:16:45 - Epoch 249: val_AUC=0.9602069458744413, val_AP=0.9595154101677855
INFO - 11/08/25 16:13:21 - 0:16:46 - Epoch 250: train_loss=0.681999683380127, train_AUC=0.9978923954948445, train_AP=0.9970872842881903, time=0.2221691608428955
INFO - 11/08/25 16:13:21 - 0:16:46 - Epoch 250: val_AUC=0.9600415911845587, val_AP=0.9594359497980138
INFO - 11/08/25 16:13:22 - 0:16:46 - Epoch 251: train_loss=0.6813281774520874, train_AUC=0.9980004702084855, train_AP=0.9972069292651221, time=0.22295212745666504
INFO - 11/08/25 16:13:22 - 0:16:46 - Epoch 251: val_AUC=0.9601037010126549, val_AP=0.9594988539369358
INFO - 11/08/25 16:13:22 - 0:16:46 - Epoch 252: train_loss=0.6809463500976562, train_AUC=0.9980126667439043, train_AP=0.997186733294106, time=0.2223954200744629
INFO - 11/08/25 16:13:22 - 0:16:46 - Epoch 252: val_AUC=0.9600124708389266, val_AP=0.9594443581878755
INFO - 11/08/25 16:13:22 - 0:16:47 - Epoch 253: train_loss=0.6801123023033142, train_AUC=0.9979225144261461, train_AP=0.9970003132807006, time=0.2864246368408203
INFO - 11/08/25 16:13:22 - 0:16:47 - Epoch 253: val_AUC=0.9599334589920367, val_AP=0.9593710184412807
INFO - 11/08/25 16:13:23 - 0:16:47 - Epoch 254: train_loss=0.6794694662094116, train_AUC=0.9979086225527547, train_AP=0.9969120816579935, time=0.26321959495544434
INFO - 11/08/25 16:13:23 - 0:16:47 - Epoch 254: val_AUC=0.959783784488264, val_AP=0.959229463623673
INFO - 11/08/25 16:13:23 - 0:16:47 - Epoch 255: train_loss=0.678611159324646, train_AUC=0.9978221377727009, train_AP=0.9967167141123092, time=0.2585582733154297
INFO - 11/08/25 16:13:23 - 0:16:47 - Epoch 255: val_AUC=0.9597465185914061, val_AP=0.9591984507117074
INFO - 11/08/25 16:13:23 - 0:16:47 - Epoch 256: train_loss=0.6782714128494263, train_AUC=0.9979925949708536, train_AP=0.9973304813515437, time=0.2637486457824707
INFO - 11/08/25 16:13:23 - 0:16:48 - Epoch 256: val_AUC=0.9596819650979421, val_AP=0.9591606749054883
INFO - 11/08/25 16:13:24 - 0:16:48 - Epoch 257: train_loss=0.6773046255111694, train_AUC=0.9979010787743026, train_AP=0.9970611893812519, time=0.2690396308898926
INFO - 11/08/25 16:13:24 - 0:16:48 - Epoch 257: val_AUC=0.9596198552698458, val_AP=0.9591356890199418
INFO - 11/08/25 16:13:24 - 0:16:48 - Epoch 258: train_loss=0.6762588024139404, train_AUC=0.9981202310597223, train_AP=0.997503033103022, time=0.26448822021484375
INFO - 11/08/25 16:13:24 - 0:16:48 - Epoch 258: val_AUC=0.9595840148444525, val_AP=0.9590762784016483
INFO - 11/08/25 16:13:24 - 0:16:48 - Epoch 259: train_loss=0.6754088401794434, train_AUC=0.9980458082588632, train_AP=0.9973060837157443, time=0.261812686920166
INFO - 11/08/25 16:13:24 - 0:16:49 - Epoch 259: val_AUC=0.9593618449347705, val_AP=0.9589246242589976
INFO - 11/08/25 16:13:25 - 0:16:49 - Epoch 260: train_loss=0.6771423816680908, train_AUC=0.9981094595169834, train_AP=0.9973280339102978, time=0.26769495010375977
INFO - 11/08/25 16:13:25 - 0:16:49 - Epoch 260: val_AUC=0.9594349512570215, val_AP=0.9589573283139109
INFO - 11/08/25 16:13:25 - 0:16:49 - Epoch 261: train_loss=0.6752712726593018, train_AUC=0.99808303876839, train_AP=0.9972451787648138, time=0.26355957984924316
INFO - 11/08/25 16:13:25 - 0:16:49 - Epoch 261: val_AUC=0.9590085316503538, val_AP=0.958654504175215
INFO - 11/08/25 16:13:25 - 0:16:49 - Epoch 262: train_loss=0.6759836673736572, train_AUC=0.9982095714609985, train_AP=0.9975129126902192, time=0.2632417678833008
INFO - 11/08/25 16:13:25 - 0:16:49 - Epoch 262: val_AUC=0.9593608267408672, val_AP=0.9588965959789025
INFO - 11/08/25 16:13:25 - 0:16:50 - Epoch 263: train_loss=0.6747668981552124, train_AUC=0.9980652537466623, train_AP=0.9971358394705896, time=0.26386547088623047
INFO - 11/08/25 16:13:26 - 0:16:50 - Epoch 263: val_AUC=0.9590193245057279, val_AP=0.9586282768737936
INFO - 11/08/25 16:13:26 - 0:16:50 - Epoch 264: train_loss=0.67352294921875, train_AUC=0.99819830766087, train_AP=0.9975530531261277, time=0.259289026260376
INFO - 11/08/25 16:13:26 - 0:16:50 - Epoch 264: val_AUC=0.9590423356879406, val_AP=0.9586636937911227
INFO - 11/08/25 16:13:26 - 0:16:50 - Epoch 265: train_loss=0.6727838516235352, train_AUC=0.9980774652523416, train_AP=0.9973082094865249, time=0.22289085388183594
INFO - 11/08/25 16:13:26 - 0:16:50 - Epoch 265: val_AUC=0.9591751081729203, val_AP=0.9587576826664415
INFO - 11/08/25 16:13:26 - 0:16:51 - Epoch 266: train_loss=0.6726963520050049, train_AUC=0.9981278186922317, train_AP=0.9973372562747814, time=0.2244863510131836
INFO - 11/08/25 16:13:26 - 0:16:51 - Epoch 266: val_AUC=0.9588824792451355, val_AP=0.9586090032448217
INFO - 11/08/25 16:13:27 - 0:16:51 - Epoch 267: train_loss=0.6736517548561096, train_AUC=0.9980313682978165, train_AP=0.9972686422085517, time=0.22100472450256348
INFO - 11/08/25 16:13:27 - 0:16:51 - Epoch 267: val_AUC=0.9591201257021464, val_AP=0.958718251573033
INFO - 11/08/25 16:13:27 - 0:16:51 - Epoch 268: train_loss=0.6713225245475769, train_AUC=0.9981637196665043, train_AP=0.997216459075924, time=0.23061132431030273
INFO - 11/08/25 16:13:27 - 0:16:51 - Epoch 268: val_AUC=0.9589325743851738, val_AP=0.9585756387200774
INFO - 11/08/25 16:13:27 - 0:16:51 - Epoch 269: train_loss=0.6700918674468994, train_AUC=0.9981259058451798, train_AP=0.9972941004621918, time=0.22493672370910645
INFO - 11/08/25 16:13:27 - 0:16:51 - Epoch 269: val_AUC=0.9586599020578921, val_AP=0.9583758473772321
INFO - 11/08/25 16:13:27 - 0:16:52 - Epoch 270: train_loss=0.6707157492637634, train_AUC=0.9980942761504117, train_AP=0.9972333909195996, time=0.22814583778381348
INFO - 11/08/25 16:13:27 - 0:16:52 - Epoch 270: val_AUC=0.9588971412373417, val_AP=0.9584995238452354
INFO - 11/08/25 16:13:28 - 0:16:52 - Epoch 271: train_loss=0.6697882413864136, train_AUC=0.9982040576498716, train_AP=0.9973501527919421, time=0.22381162643432617
INFO - 11/08/25 16:13:28 - 0:16:52 - Epoch 271: val_AUC=0.958622839799815, val_AP=0.9583837164235425
INFO - 11/08/25 16:13:28 - 0:16:52 - Epoch 272: train_loss=0.6698780655860901, train_AUC=0.9982426088886167, train_AP=0.9975348782196545, time=0.2468433380126953
INFO - 11/08/25 16:13:28 - 0:16:52 - Epoch 272: val_AUC=0.9586924842627951, val_AP=0.9584063656756729
INFO - 11/08/25 16:13:28 - 0:16:53 - Epoch 273: train_loss=0.6686863303184509, train_AUC=0.9981485711718338, train_AP=0.9974163875618338, time=0.22606539726257324
INFO - 11/08/25 16:13:28 - 0:16:53 - Epoch 273: val_AUC=0.9587189573042787, val_AP=0.9583765130714851
INFO - 11/08/25 16:13:29 - 0:16:53 - Epoch 274: train_loss=0.6673066020011902, train_AUC=0.9983128102521326, train_AP=0.9976378688328998, time=0.22306585311889648
INFO - 11/08/25 16:13:29 - 0:16:53 - Epoch 274: val_AUC=0.9583387637008172, val_AP=0.9580723287990649
INFO - 11/08/25 16:13:29 - 0:16:53 - Epoch 275: train_loss=0.6681736707687378, train_AUC=0.998217852832992, train_AP=0.9974763016225151, time=0.22255253791809082
INFO - 11/08/25 16:13:29 - 0:16:53 - Epoch 275: val_AUC=0.9585031001967964, val_AP=0.9582292429689387
INFO - 11/08/25 16:13:29 - 0:16:53 - Epoch 276: train_loss=0.6668506860733032, train_AUC=0.9983552652064567, train_AP=0.9976164895594295, time=0.27033448219299316
INFO - 11/08/25 16:13:29 - 0:16:54 - Epoch 276: val_AUC=0.9584344739277197, val_AP=0.9582108323334247
INFO - 11/08/25 16:13:29 - 0:16:54 - Epoch 277: train_loss=0.6662542819976807, train_AUC=0.9981785652335505, train_AP=0.9973844933264295, time=0.2740049362182617
INFO - 11/08/25 16:13:30 - 0:16:54 - Epoch 277: val_AUC=0.9581477505245733, val_AP=0.9580045383098006
INFO - 11/08/25 16:13:30 - 0:16:54 - Epoch 278: train_loss=0.6659963726997375, train_AUC=0.9982200834018082, train_AP=0.997511680801548, time=0.266432523727417
INFO - 11/08/25 16:13:30 - 0:16:54 - Epoch 278: val_AUC=0.958299461416153, val_AP=0.9581210826310599
INFO - 11/08/25 16:13:30 - 0:16:54 - Epoch 279: train_loss=0.6655898094177246, train_AUC=0.9982843766199231, train_AP=0.9975097513985434, time=0.22489166259765625
INFO - 11/08/25 16:13:30 - 0:16:54 - Epoch 279: val_AUC=0.9580842152250127, val_AP=0.9579846515302104
INFO - 11/08/25 16:13:30 - 0:16:55 - Epoch 280: train_loss=0.6651151776313782, train_AUC=0.9983732300474312, train_AP=0.997734665714293, time=0.22911667823791504
INFO - 11/08/25 16:13:30 - 0:16:55 - Epoch 280: val_AUC=0.9580438947464452, val_AP=0.957944344372286
INFO - 11/08/25 16:13:31 - 0:16:55 - Epoch 281: train_loss=0.6627988815307617, train_AUC=0.998408694418459, train_AP=0.9976125745109168, time=0.22307658195495605
INFO - 11/08/25 16:13:31 - 0:16:55 - Epoch 281: val_AUC=0.9581106882664963, val_AP=0.9579858072134415
INFO - 11/08/25 16:13:31 - 0:16:55 - Epoch 282: train_loss=0.6628282070159912, train_AUC=0.9983455558477312, train_AP=0.9977050487347423, time=0.22654414176940918
INFO - 11/08/25 16:13:31 - 0:16:55 - Epoch 282: val_AUC=0.9579957341748232, val_AP=0.9579024519789064
INFO - 11/08/25 16:13:31 - 0:16:56 - Epoch 283: train_loss=0.6622831225395203, train_AUC=0.9982498078227151, train_AP=0.9974449409246117, time=0.27570509910583496
INFO - 11/08/25 16:13:31 - 0:16:56 - Epoch 283: val_AUC=0.9580322873359486, val_AP=0.9579327251542499
INFO - 11/08/25 16:13:32 - 0:16:56 - Epoch 284: train_loss=0.6622775793075562, train_AUC=0.998292023252871, train_AP=0.9975704550309517, time=0.26029133796691895
INFO - 11/08/25 16:13:32 - 0:16:56 - Epoch 284: val_AUC=0.9579500172685685, val_AP=0.957837888922805
INFO - 11/08/25 16:13:32 - 0:16:56 - Epoch 285: train_loss=0.6631346940994263, train_AUC=0.9981407906871448, train_AP=0.9973025281546152, time=0.2647562026977539
INFO - 11/08/25 16:13:32 - 0:16:56 - Epoch 285: val_AUC=0.9577394547693832, val_AP=0.9576522468149637
INFO - 11/08/25 16:13:32 - 0:16:56 - Epoch 286: train_loss=0.6618778705596924, train_AUC=0.9982297874769123, train_AP=0.9973322699837968, time=0.26012134552001953
INFO - 11/08/25 16:13:32 - 0:16:57 - Epoch 286: val_AUC=0.9577221454730285, val_AP=0.9576113123390684
INFO - 11/08/25 16:13:33 - 0:16:57 - Epoch 287: train_loss=0.6613805890083313, train_AUC=0.9983064253479647, train_AP=0.9976363514775359, time=0.28170180320739746
INFO - 11/08/25 16:13:33 - 0:16:57 - Epoch 287: val_AUC=0.9574867390426045, val_AP=0.957432377656004
INFO - 11/08/25 16:13:33 - 0:16:57 - Epoch 288: train_loss=0.6606564521789551, train_AUC=0.9982202487791566, train_AP=0.9973431425154742, time=0.26354193687438965
INFO - 11/08/25 16:13:33 - 0:16:57 - Epoch 288: val_AUC=0.9575621872108329, val_AP=0.9575265304675727
INFO - 11/08/25 16:13:33 - 0:16:57 - Epoch 289: train_loss=0.6602119207382202, train_AUC=0.9982119230247436, train_AP=0.9973128695298712, time=0.26368165016174316
INFO - 11/08/25 16:13:33 - 0:16:58 - Epoch 289: val_AUC=0.957478389852598, val_AP=0.9574702441988765
INFO - 11/08/25 16:13:33 - 0:16:58 - Epoch 290: train_loss=0.6588518023490906, train_AUC=0.9984361097207125, train_AP=0.9976846427071562, time=0.26444292068481445
INFO - 11/08/25 16:13:34 - 0:16:58 - Epoch 290: val_AUC=0.9574331820432953, val_AP=0.9574340325084336
INFO - 11/08/25 16:13:34 - 0:16:58 - Epoch 291: train_loss=0.6583837270736694, train_AUC=0.9985030296031244, train_AP=0.9979113337753373, time=0.2636711597442627
INFO - 11/08/25 16:13:34 - 0:16:58 - Epoch 291: val_AUC=0.9574744188963755, val_AP=0.9574788885778429
INFO - 11/08/25 16:13:34 - 0:16:58 - Epoch 292: train_loss=0.6587929725646973, train_AUC=0.9982847563361779, train_AP=0.9976060987685048, time=0.26302456855773926
INFO - 11/08/25 16:13:34 - 0:16:58 - Epoch 292: val_AUC=0.9574543604764821, val_AP=0.9574269942217869
INFO - 11/08/25 16:13:34 - 0:16:59 - Epoch 293: train_loss=0.6588518619537354, train_AUC=0.9983589496517493, train_AP=0.9974915635076755, time=0.26207780838012695
INFO - 11/08/25 16:13:35 - 0:16:59 - Epoch 293: val_AUC=0.9576182896949003, val_AP=0.9575591268925693
INFO - 11/08/25 16:13:35 - 0:16:59 - Epoch 294: train_loss=0.658685564994812, train_AUC=0.9983435795972232, train_AP=0.9976671382849969, time=0.2847573757171631
INFO - 11/08/25 16:13:35 - 0:16:59 - Epoch 294: val_AUC=0.9572224159053291, val_AP=0.957199545059331
INFO - 11/08/25 16:13:35 - 0:16:59 - Epoch 295: train_loss=0.6587759256362915, train_AUC=0.9983607599965467, train_AP=0.9977102407750756, time=0.2626533508300781
INFO - 11/08/25 16:13:35 - 0:16:59 - Epoch 295: val_AUC=0.9574645424155142, val_AP=0.9574254462031855
INFO - 11/08/25 16:13:35 - 0:17:00 - Epoch 296: train_loss=0.6574733257293701, train_AUC=0.9984624718211087, train_AP=0.9978818968290251, time=0.263944149017334
INFO - 11/08/25 16:13:35 - 0:17:00 - Epoch 296: val_AUC=0.9571651934079684, val_AP=0.9572649224415432
INFO - 11/08/25 16:13:36 - 0:17:00 - Epoch 297: train_loss=0.657482385635376, train_AUC=0.9984276670221469, train_AP=0.9977896076621342, time=0.2712523937225342
INFO - 11/08/25 16:13:36 - 0:17:00 - Epoch 297: val_AUC=0.9572987804480705, val_AP=0.9573704896699475
INFO - 11/08/25 16:13:36 - 0:17:00 - Epoch 298: train_loss=0.6563320159912109, train_AUC=0.9984458298228014, train_AP=0.9977978502854044, time=0.21999263763427734
INFO - 11/08/25 16:13:36 - 0:17:00 - Epoch 298: val_AUC=0.9571108218535365, val_AP=0.9571769014607596
INFO - 11/08/25 16:13:36 - 0:17:01 - Epoch 299: train_loss=0.6563313007354736, train_AUC=0.9985754539622657, train_AP=0.9980393701308383, time=0.2191159725189209
INFO - 11/08/25 16:13:36 - 0:17:01 - Epoch 299: val_AUC=0.9570774250935109, val_AP=0.9571612823332178
INFO - 11/08/25 16:13:37 - 0:17:01 - Epoch 300: train_loss=0.6572345495223999, train_AUC=0.9981519227489809, train_AP=0.9970767582568627, time=0.2158656120300293
INFO - 11/08/25 16:13:37 - 0:17:01 - Epoch 300: val_AUC=0.9571199855986653, val_AP=0.9572058779592898
INFO - 11/08/25 16:13:37 - 0:17:01 - best_epoch=187
INFO - 11/08/25 16:13:37 - 0:17:01 - test_auc= 96.19%, test_ap= 96.04%
INFO - 11/08/25 16:13:37 - 0:17:01 - 
                                     train iters 7
INFO - 11/08/25 16:13:37 - 0:17:01 - --------------------------Training Start-------------------------
INFO - 11/08/25 16:13:39 - 0:17:03 - Epoch 0: train_loss=6.584750652313232, train_AUC=0.9941770684921106, train_AP=0.9942135223681161, time=2.0832691192626953
INFO - 11/08/25 16:13:39 - 0:17:03 - Epoch 0: val_AUC=0.8331440850265219, val_AP=0.8589054253364927
INFO - 11/08/25 16:13:39 - 0:17:03 - Epoch 1: train_loss=1.8624517917633057, train_AUC=0.9596351092626407, train_AP=0.9695436553031845, time=0.2196943759918213
INFO - 11/08/25 16:13:39 - 0:17:03 - Epoch 1: val_AUC=0.6447930785622125, val_AP=0.7103734516743411
INFO - 11/08/25 16:13:39 - 0:17:04 - Epoch 2: train_loss=5.794031620025635, train_AUC=0.6478341762221687, train_AP=0.739924264027445, time=0.22056937217712402
INFO - 11/08/25 16:13:39 - 0:17:04 - Epoch 2: val_AUC=0.6406198072110936, val_AP=0.7014557639080439
INFO - 11/08/25 16:13:40 - 0:17:04 - Epoch 3: train_loss=6.862971305847168, train_AUC=0.6144331648302415, train_AP=0.7027980856998641, time=0.2656681537628174
INFO - 11/08/25 16:13:40 - 0:17:04 - Epoch 3: val_AUC=0.6303808493203351, val_AP=0.6958517225864106
INFO - 11/08/25 16:13:40 - 0:17:04 - Epoch 4: train_loss=6.525460720062256, train_AUC=0.6111749431082196, train_AP=0.6979926262994639, time=0.27040696144104004
INFO - 11/08/25 16:13:40 - 0:17:04 - Epoch 4: val_AUC=0.6376968779731262, val_AP=0.7022190508678916
INFO - 11/08/25 16:13:40 - 0:17:05 - Epoch 5: train_loss=5.608516693115234, train_AUC=0.6363449438719354, train_AP=0.7156568935145423, time=0.2632622718811035
INFO - 11/08/25 16:13:40 - 0:17:05 - Epoch 5: val_AUC=0.6941225367853094, val_AP=0.7419869637881273
INFO - 11/08/25 16:13:41 - 0:17:05 - Epoch 6: train_loss=4.333697319030762, train_AUC=0.7081090782438214, train_AP=0.767719899054692, time=0.28911399841308594
INFO - 11/08/25 16:13:41 - 0:17:05 - Epoch 6: val_AUC=0.7553746383375256, val_AP=0.7816684323015237
INFO - 11/08/25 16:13:41 - 0:17:05 - Epoch 7: train_loss=3.278046131134033, train_AUC=0.7815250839966171, train_AP=0.8211608597147969, time=0.28970956802368164
INFO - 11/08/25 16:13:41 - 0:17:05 - Epoch 7: val_AUC=0.8044187986289408, val_AP=0.8157804829966127
INFO - 11/08/25 16:13:41 - 0:17:06 - Epoch 8: train_loss=2.5724804401397705, train_AUC=0.8383251532565802, train_AP=0.8628270580859881, time=0.2634251117706299
INFO - 11/08/25 16:13:41 - 0:17:06 - Epoch 8: val_AUC=0.8366236608713785, val_AP=0.8398379583109093
INFO - 11/08/25 16:13:42 - 0:17:06 - Epoch 9: train_loss=2.437488317489624, train_AUC=0.875103403287879, train_AP=0.8892973341199789, time=0.2659637928009033
INFO - 11/08/25 16:13:42 - 0:17:06 - Epoch 9: val_AUC=0.8537202565196991, val_AP=0.8537026934402747
INFO - 11/08/25 16:13:42 - 0:17:06 - Epoch 10: train_loss=2.2792906761169434, train_AUC=0.8953681292590991, train_AP=0.9054009560082703, time=0.2666783332824707
INFO - 11/08/25 16:13:42 - 0:17:06 - Epoch 10: val_AUC=0.8654000606029011, val_AP=0.8628122755015929
INFO - 11/08/25 16:13:42 - 0:17:07 - Epoch 11: train_loss=2.135389804840088, train_AUC=0.9069996770072951, train_AP=0.9143307655908263, time=0.2610812187194824
INFO - 11/08/25 16:13:42 - 0:17:07 - Epoch 11: val_AUC=0.8674010152615047, val_AP=0.8646929062172777
INFO - 11/08/25 16:13:43 - 0:17:07 - Epoch 12: train_loss=2.1135482788085938, train_AUC=0.907660942650069, train_AP=0.9143552767755807, time=0.2594773769378662
INFO - 11/08/25 16:13:43 - 0:17:07 - Epoch 12: val_AUC=0.8666591591836204, val_AP=0.8624888355851965
INFO - 11/08/25 16:13:43 - 0:17:07 - Epoch 13: train_loss=2.0306859016418457, train_AUC=0.9026632416453041, train_AP=0.9084069637639238, time=0.275923490524292
INFO - 11/08/25 16:13:43 - 0:17:07 - Epoch 13: val_AUC=0.8671351648333746, val_AP=0.8618908042366655
INFO - 11/08/25 16:13:43 - 0:17:08 - Epoch 14: train_loss=2.0485284328460693, train_AUC=0.9018000354659209, train_AP=0.9066016835263397, time=0.2612345218658447
INFO - 11/08/25 16:13:43 - 0:17:08 - Epoch 14: val_AUC=0.8640774267226211, val_AP=0.8588774270378234
INFO - 11/08/25 16:13:44 - 0:17:08 - Epoch 15: train_loss=1.9750168323516846, train_AUC=0.8982770195998737, train_AP=0.90238975760633, time=0.26549768447875977
INFO - 11/08/25 16:13:44 - 0:17:08 - Epoch 15: val_AUC=0.8691435523074718, val_AP=0.8630072133848272
INFO - 11/08/25 16:13:44 - 0:17:08 - Epoch 16: train_loss=1.9172283411026, train_AUC=0.9031741796305695, train_AP=0.9052599332225085, time=0.23244404792785645
INFO - 11/08/25 16:13:44 - 0:17:08 - Epoch 16: val_AUC=0.8791827405544188, val_AP=0.8711829154729868
INFO - 11/08/25 16:13:44 - 0:17:08 - Epoch 17: train_loss=1.7740705013275146, train_AUC=0.9146418340234241, train_AP=0.9153065312826001, time=0.24793648719787598
INFO - 11/08/25 16:13:44 - 0:17:08 - Epoch 17: val_AUC=0.8887741271227309, val_AP=0.8796729888373958
INFO - 11/08/25 16:13:44 - 0:17:09 - Epoch 18: train_loss=1.709230661392212, train_AUC=0.9237736496089539, train_AP=0.9219878726977024, time=0.22037768363952637
INFO - 11/08/25 16:13:44 - 0:17:09 - Epoch 18: val_AUC=0.8949897936243143, val_AP=0.8858884033512111
INFO - 11/08/25 16:13:45 - 0:17:09 - Epoch 19: train_loss=1.647515058517456, train_AUC=0.9302836884233101, train_AP=0.9286899914588774, time=0.22183561325073242
INFO - 11/08/25 16:13:45 - 0:17:09 - Epoch 19: val_AUC=0.9013264215616, val_AP=0.891685849226654
INFO - 11/08/25 16:13:45 - 0:17:09 - Epoch 20: train_loss=1.5418171882629395, train_AUC=0.9383744065760555, train_AP=0.9355222355624815, time=0.21991395950317383
INFO - 11/08/25 16:13:45 - 0:17:09 - Epoch 20: val_AUC=0.9039612019249567, val_AP=0.8951930790963503
INFO - 11/08/25 16:13:45 - 0:17:10 - Epoch 21: train_loss=1.5127607583999634, train_AUC=0.9407322530752957, train_AP=0.9367612539756698, time=0.24666953086853027
INFO - 11/08/25 16:13:45 - 0:17:10 - Epoch 21: val_AUC=0.9063030479023577, val_AP=0.8981062809383151
INFO - 11/08/25 16:13:46 - 0:17:10 - Epoch 22: train_loss=1.4695799350738525, train_AUC=0.9431057058069371, train_AP=0.9392694815414796, time=0.22463154792785645
INFO - 11/08/25 16:13:46 - 0:17:10 - Epoch 22: val_AUC=0.9090830227163132, val_AP=0.9009746918930858
INFO - 11/08/25 16:13:46 - 0:17:10 - Epoch 23: train_loss=1.4331008195877075, train_AUC=0.9450132530342557, train_AP=0.941065924632744, time=0.22314858436584473
INFO - 11/08/25 16:13:46 - 0:17:10 - Epoch 23: val_AUC=0.9129564359629344, val_AP=0.9045018807813524
INFO - 11/08/25 16:13:46 - 0:17:10 - Epoch 24: train_loss=1.3826491832733154, train_AUC=0.9486641108742833, train_AP=0.9443593374339326, time=0.22507071495056152
INFO - 11/08/25 16:13:46 - 0:17:10 - Epoch 24: val_AUC=0.9160816803294711, val_AP=0.9072878761860006
INFO - 11/08/25 16:13:46 - 0:17:11 - Epoch 25: train_loss=1.3403685092926025, train_AUC=0.9514224361468302, train_AP=0.9471818000371235, time=0.22452139854431152
INFO - 11/08/25 16:13:46 - 0:17:11 - Epoch 25: val_AUC=0.9182844410196926, val_AP=0.9093109975227465
INFO - 11/08/25 16:13:47 - 0:17:11 - Epoch 26: train_loss=1.3097760677337646, train_AUC=0.9532927151747894, train_AP=0.9487166204946635, time=0.22347235679626465
INFO - 11/08/25 16:13:47 - 0:17:11 - Epoch 26: val_AUC=0.9202388642169194, val_AP=0.9110416397396046
INFO - 11/08/25 16:13:47 - 0:17:11 - Epoch 27: train_loss=1.275585651397705, train_AUC=0.9551521546774151, train_AP=0.9500817694971692, time=0.2176225185394287
INFO - 11/08/25 16:13:47 - 0:17:11 - Epoch 27: val_AUC=0.9217306201045236, val_AP=0.9124348945536002
INFO - 11/08/25 16:13:47 - 0:17:12 - Epoch 28: train_loss=1.2487704753875732, train_AUC=0.9567953468296428, train_AP=0.9510669893353622, time=0.28660106658935547
INFO - 11/08/25 16:13:47 - 0:17:12 - Epoch 28: val_AUC=0.9227086971679548, val_AP=0.9134620148761132
INFO - 11/08/25 16:13:48 - 0:17:12 - Epoch 29: train_loss=1.2321751117706299, train_AUC=0.9582872576307074, train_AP=0.9528561377083343, time=0.2715888023376465
INFO - 11/08/25 16:13:48 - 0:17:12 - Epoch 29: val_AUC=0.9234846627415971, val_AP=0.9142675288198392
INFO - 11/08/25 16:13:48 - 0:17:12 - Epoch 30: train_loss=1.219388484954834, train_AUC=0.9593424183023359, train_AP=0.9540668205135957, time=0.26159238815307617
INFO - 11/08/25 16:13:48 - 0:17:12 - Epoch 30: val_AUC=0.924902803209999, val_AP=0.9158916977301595
INFO - 11/08/25 16:13:48 - 0:17:13 - Epoch 31: train_loss=1.2050093412399292, train_AUC=0.9606251589876891, train_AP=0.954843209148182, time=0.27254652976989746
INFO - 11/08/25 16:13:48 - 0:17:13 - Epoch 31: val_AUC=0.9266613259002463, val_AP=0.9178129981588883
INFO - 11/08/25 16:13:49 - 0:17:13 - Epoch 32: train_loss=1.188563346862793, train_AUC=0.962414486948362, train_AP=0.9571279096647779, time=0.26436591148376465
INFO - 11/08/25 16:13:49 - 0:17:13 - Epoch 32: val_AUC=0.9283562114715427, val_AP=0.9196058792217109
INFO - 11/08/25 16:13:49 - 0:17:13 - Epoch 33: train_loss=1.1723723411560059, train_AUC=0.9642987106859261, train_AP=0.9585574975767646, time=0.22601032257080078
INFO - 11/08/25 16:13:49 - 0:17:13 - Epoch 33: val_AUC=0.9298820768549049, val_AP=0.9212376237887796
INFO - 11/08/25 16:13:49 - 0:17:14 - Epoch 34: train_loss=1.162064790725708, train_AUC=0.9651435971411004, train_AP=0.9594067500128498, time=0.22282004356384277
INFO - 11/08/25 16:13:49 - 0:17:14 - Epoch 34: val_AUC=0.9311898451041979, val_AP=0.9225743680925041
INFO - 11/08/25 16:13:50 - 0:17:14 - Epoch 35: train_loss=1.1457445621490479, train_AUC=0.9673009640250366, train_AP=0.9617332292180557, time=0.23221039772033691
INFO - 11/08/25 16:13:50 - 0:17:14 - Epoch 35: val_AUC=0.9324737876161557, val_AP=0.9237752704004687
INFO - 11/08/25 16:13:50 - 0:17:14 - Epoch 36: train_loss=1.1328926086425781, train_AUC=0.9682615221607591, train_AP=0.9624270211197784, time=0.2735781669616699
INFO - 11/08/25 16:13:50 - 0:17:14 - Epoch 36: val_AUC=0.9337799267552034, val_AP=0.9249784361197927
INFO - 11/08/25 16:13:50 - 0:17:15 - Epoch 37: train_loss=1.120633840560913, train_AUC=0.9688474504078173, train_AP=0.962732116989779, time=0.27036213874816895
INFO - 11/08/25 16:13:50 - 0:17:15 - Epoch 37: val_AUC=0.9350172359863936, val_AP=0.9261088318718181
INFO - 11/08/25 16:13:51 - 0:17:15 - Epoch 38: train_loss=1.1068658828735352, train_AUC=0.9704240865430238, train_AP=0.9646649102629097, time=0.2783827781677246
INFO - 11/08/25 16:13:51 - 0:17:15 - Epoch 38: val_AUC=0.9362903856429772, val_AP=0.9273038861083769
INFO - 11/08/25 16:13:51 - 0:17:15 - Epoch 39: train_loss=1.0973262786865234, train_AUC=0.9710564618725823, train_AP=0.9652007302547063, time=0.27042365074157715
INFO - 11/08/25 16:13:51 - 0:17:15 - Epoch 39: val_AUC=0.9374975563346323, val_AP=0.9284111952214185
INFO - 11/08/25 16:13:51 - 0:17:16 - Epoch 40: train_loss=1.0891438722610474, train_AUC=0.9721511248348003, train_AP=0.9666176565825535, time=0.2640838623046875
INFO - 11/08/25 16:13:51 - 0:17:16 - Epoch 40: val_AUC=0.9386587046618619, val_AP=0.9294996064190386
INFO - 11/08/25 16:13:52 - 0:17:16 - Epoch 41: train_loss=1.0807768106460571, train_AUC=0.9724343928086571, train_AP=0.9663663623247098, time=0.275005578994751
INFO - 11/08/25 16:13:52 - 0:17:16 - Epoch 41: val_AUC=0.939765277795879, val_AP=0.9305642436609003
INFO - 11/08/25 16:13:52 - 0:17:16 - Epoch 42: train_loss=1.0701165199279785, train_AUC=0.9740358639015675, train_AP=0.9684888381313457, time=0.26450467109680176
INFO - 11/08/25 16:13:52 - 0:17:16 - Epoch 42: val_AUC=0.9407545549922454, val_AP=0.9314976502959773
INFO - 11/08/25 16:13:52 - 0:17:17 - Epoch 43: train_loss=1.0619709491729736, train_AUC=0.9746567621488151, train_AP=0.9688737154350068, time=0.22888684272766113
INFO - 11/08/25 16:13:52 - 0:17:17 - Epoch 43: val_AUC=0.9416599330109867, val_AP=0.9323658990928851
INFO - 11/08/25 16:13:53 - 0:17:17 - Epoch 44: train_loss=1.056178331375122, train_AUC=0.9746360979056897, train_AP=0.9686463156520722, time=0.2326335906982422
INFO - 11/08/25 16:13:53 - 0:17:17 - Epoch 44: val_AUC=0.9424744881335609, val_AP=0.9331686055290871
INFO - 11/08/25 16:13:53 - 0:17:17 - Epoch 45: train_loss=1.0489752292633057, train_AUC=0.9753638397828025, train_AP=0.9697260327094632, time=0.22603058815002441
INFO - 11/08/25 16:13:53 - 0:17:17 - Epoch 45: val_AUC=0.9432287661770649, val_AP=0.933936038157421
INFO - 11/08/25 16:13:53 - 0:17:17 - Epoch 46: train_loss=1.0424879789352417, train_AUC=0.9756742870571589, train_AP=0.9697208300062139, time=0.22446060180664062
INFO - 11/08/25 16:13:53 - 0:17:17 - Epoch 46: val_AUC=0.9438811230108564, val_AP=0.934590175005884
INFO - 11/08/25 16:13:53 - 0:17:18 - Epoch 47: train_loss=1.0341668128967285, train_AUC=0.9763425332443484, train_AP=0.9703466091949159, time=0.22491717338562012
INFO - 11/08/25 16:13:53 - 0:17:18 - Epoch 47: val_AUC=0.944470148183868, val_AP=0.9351566795466946
INFO - 11/08/25 16:13:54 - 0:17:18 - Epoch 48: train_loss=1.0280482769012451, train_AUC=0.9768049755109927, train_AP=0.9711944630710421, time=0.2756340503692627
INFO - 11/08/25 16:13:54 - 0:17:18 - Epoch 48: val_AUC=0.9450271002489279, val_AP=0.9356404091707589
INFO - 11/08/25 16:13:54 - 0:17:18 - Epoch 49: train_loss=1.023827314376831, train_AUC=0.9767785570519686, train_AP=0.9706584038657764, time=0.23304963111877441
INFO - 11/08/25 16:13:54 - 0:17:18 - Epoch 49: val_AUC=0.9455508591927433, val_AP=0.9361860995218865
INFO - 11/08/25 16:13:54 - 0:17:19 - Epoch 50: train_loss=1.0186638832092285, train_AUC=0.9773899791243135, train_AP=0.9718459564027696, time=0.2198498249053955
INFO - 11/08/25 16:13:54 - 0:17:19 - Epoch 50: val_AUC=0.9460815418551004, val_AP=0.9367187079379236
INFO - 11/08/25 16:13:55 - 0:17:19 - Epoch 51: train_loss=1.010467767715454, train_AUC=0.9788666695734568, train_AP=0.9738416874640368, time=0.22019648551940918
INFO - 11/08/25 16:13:55 - 0:17:19 - Epoch 51: val_AUC=0.946593082472077, val_AP=0.9373607460423733
INFO - 11/08/25 16:13:55 - 0:17:19 - Epoch 52: train_loss=1.00819993019104, train_AUC=0.9784927808007481, train_AP=0.9732289113189739, time=0.28787970542907715
INFO - 11/08/25 16:13:55 - 0:17:19 - Epoch 52: val_AUC=0.9471036048951506, val_AP=0.9379658731857318
INFO - 11/08/25 16:13:55 - 0:17:20 - Epoch 53: train_loss=1.0030853748321533, train_AUC=0.9793576208519754, train_AP=0.9740754528842748, time=0.2625155448913574
INFO - 11/08/25 16:13:55 - 0:17:20 - Epoch 53: val_AUC=0.9475852106113726, val_AP=0.93853381931431
INFO - 11/08/25 16:13:56 - 0:17:20 - Epoch 54: train_loss=0.9990755319595337, train_AUC=0.9793888412422092, train_AP=0.9744311819474618, time=0.2586669921875
INFO - 11/08/25 16:13:56 - 0:17:20 - Epoch 54: val_AUC=0.9480315868185432, val_AP=0.9390743025497353
INFO - 11/08/25 16:13:56 - 0:17:20 - Epoch 55: train_loss=0.9929022789001465, train_AUC=0.9801168221151279, train_AP=0.9749301089009815, time=0.26619648933410645
INFO - 11/08/25 16:13:56 - 0:17:20 - Epoch 55: val_AUC=0.9484875340484042, val_AP=0.9396387310039475
INFO - 11/08/25 16:13:56 - 0:17:21 - Epoch 56: train_loss=0.9896296858787537, train_AUC=0.9801119750970161, train_AP=0.9749910394403838, time=0.282742977142334
INFO - 11/08/25 16:13:56 - 0:17:21 - Epoch 56: val_AUC=0.9489100845182394, val_AP=0.9401614459975517
INFO - 11/08/25 16:13:57 - 0:17:21 - Epoch 57: train_loss=0.9848517179489136, train_AUC=0.9806634138011864, train_AP=0.9755287421383617, time=0.2604987621307373
INFO - 11/08/25 16:13:57 - 0:17:21 - Epoch 57: val_AUC=0.9492513831145982, val_AP=0.940604174523028
INFO - 11/08/25 16:13:57 - 0:17:21 - Epoch 58: train_loss=0.9811525344848633, train_AUC=0.9810039650365839, train_AP=0.9759679383674023, time=0.21837949752807617
INFO - 11/08/25 16:13:57 - 0:17:21 - Epoch 58: val_AUC=0.9496106019236534, val_AP=0.9410548637667826
INFO - 11/08/25 16:13:57 - 0:17:21 - Epoch 59: train_loss=0.9782641530036926, train_AUC=0.9808774145557834, train_AP=0.9753748468144301, time=0.25691843032836914
INFO - 11/08/25 16:13:57 - 0:17:22 - Epoch 59: val_AUC=0.9499523077975732, val_AP=0.9414966202838905
INFO - 11/08/25 16:13:57 - 0:17:22 - Epoch 60: train_loss=0.9739902019500732, train_AUC=0.9820772155948921, train_AP=0.9776427615463337, time=0.22253775596618652
INFO - 11/08/25 16:13:58 - 0:17:22 - Epoch 60: val_AUC=0.9502734461546483, val_AP=0.9419141634820312
INFO - 11/08/25 16:13:58 - 0:17:22 - Epoch 61: train_loss=0.9694035053253174, train_AUC=0.9824135272525133, train_AP=0.977603428387873, time=0.22470974922180176
INFO - 11/08/25 16:13:58 - 0:17:22 - Epoch 61: val_AUC=0.9505487657860784, val_AP=0.9423109544164725
INFO - 11/08/25 16:13:58 - 0:17:22 - Epoch 62: train_loss=0.9703257083892822, train_AUC=0.9817836567117192, train_AP=0.9767243854053375, time=0.22291350364685059
INFO - 11/08/25 16:13:58 - 0:17:22 - Epoch 62: val_AUC=0.9508542239570437, val_AP=0.9427863165829677
INFO - 11/08/25 16:13:58 - 0:17:23 - Epoch 63: train_loss=0.9635359644889832, train_AUC=0.9829448749864754, train_AP=0.9785149279578669, time=0.25032758712768555
INFO - 11/08/25 16:13:58 - 0:17:23 - Epoch 63: val_AUC=0.9511136597635835, val_AP=0.9431642142186559
INFO - 11/08/25 16:13:59 - 0:17:23 - Epoch 64: train_loss=0.9605067372322083, train_AUC=0.9829467869529236, train_AP=0.978478501876302, time=0.22626638412475586
INFO - 11/08/25 16:13:59 - 0:17:23 - Epoch 64: val_AUC=0.9513602663269429, val_AP=0.9435335443737767
INFO - 11/08/25 16:13:59 - 0:17:23 - Epoch 65: train_loss=0.957811176776886, train_AUC=0.9831982070184503, train_AP=0.9785137769153145, time=0.22225046157836914
INFO - 11/08/25 16:13:59 - 0:17:23 - Epoch 65: val_AUC=0.9515803998488186, val_AP=0.9438913940620256
INFO - 11/08/25 16:13:59 - 0:17:23 - Epoch 66: train_loss=0.9547873735427856, train_AUC=0.9831016891698026, train_AP=0.9781393098099089, time=0.21921801567077637
INFO - 11/08/25 16:13:59 - 0:17:24 - Epoch 66: val_AUC=0.9517954424011783, val_AP=0.9442313874620752
INFO - 11/08/25 16:13:59 - 0:17:24 - Epoch 67: train_loss=0.9508904218673706, train_AUC=0.983828645724661, train_AP=0.9794209831629695, time=0.23653841018676758
INFO - 11/08/25 16:14:00 - 0:17:24 - Epoch 67: val_AUC=0.9520110958698798, val_AP=0.9445876624066633
INFO - 11/08/25 16:14:00 - 0:17:24 - Epoch 68: train_loss=0.9489636421203613, train_AUC=0.9839298839606286, train_AP=0.9796832344924693, time=0.21993136405944824
INFO - 11/08/25 16:14:00 - 0:17:24 - Epoch 68: val_AUC=0.9522491496044521, val_AP=0.9449799774264767
INFO - 11/08/25 16:14:00 - 0:17:24 - Epoch 69: train_loss=0.947446882724762, train_AUC=0.9839200828430122, train_AP=0.9795551793252235, time=0.22465825080871582
INFO - 11/08/25 16:14:00 - 0:17:24 - Epoch 69: val_AUC=0.9524853705899986, val_AP=0.9453484490982736
INFO - 11/08/25 16:14:00 - 0:17:25 - Epoch 70: train_loss=0.9443511366844177, train_AUC=0.9841795979448195, train_AP=0.9796515909409176, time=0.21946048736572266
INFO - 11/08/25 16:14:00 - 0:17:25 - Epoch 70: val_AUC=0.9527224061306676, val_AP=0.9456893898887953
INFO - 11/08/25 16:14:01 - 0:17:25 - Epoch 71: train_loss=0.9400069713592529, train_AUC=0.9846048842009983, train_AP=0.9802068365950161, time=0.2411186695098877
INFO - 11/08/25 16:14:01 - 0:17:25 - Epoch 71: val_AUC=0.9529629035306078, val_AP=0.9460502663269469
INFO - 11/08/25 16:14:01 - 0:17:25 - Epoch 72: train_loss=0.9399828910827637, train_AUC=0.9847593480534255, train_AP=0.980468219948088, time=0.22020339965820312
INFO - 11/08/25 16:14:01 - 0:17:25 - Epoch 72: val_AUC=0.9532302812495926, val_AP=0.9464304081452796
INFO - 11/08/25 16:14:01 - 0:17:25 - Epoch 73: train_loss=0.9356867074966431, train_AUC=0.9849878542859739, train_AP=0.9806095323434867, time=0.21967697143554688
INFO - 11/08/25 16:14:01 - 0:17:25 - Epoch 73: val_AUC=0.9534915498051584, val_AP=0.9468105978466771
INFO - 11/08/25 16:14:01 - 0:17:26 - Epoch 74: train_loss=0.9328722357749939, train_AUC=0.9853123253481348, train_AP=0.9808957857662041, time=0.22170329093933105
INFO - 11/08/25 16:14:01 - 0:17:26 - Epoch 74: val_AUC=0.9537432473380337, val_AP=0.9471741764086624
INFO - 11/08/25 16:14:02 - 0:17:26 - Epoch 75: train_loss=0.9316906332969666, train_AUC=0.9852376482289679, train_AP=0.980691101243441, time=0.23267865180969238
INFO - 11/08/25 16:14:02 - 0:17:26 - Epoch 75: val_AUC=0.954003090422135, val_AP=0.9475488769413952
INFO - 11/08/25 16:14:02 - 0:17:26 - Epoch 76: train_loss=0.9272183179855347, train_AUC=0.9860430392622607, train_AP=0.9821817833593155, time=0.22082281112670898
INFO - 11/08/25 16:14:02 - 0:17:26 - Epoch 76: val_AUC=0.954254991593791, val_AP=0.9479156331524253
INFO - 11/08/25 16:14:02 - 0:17:27 - Epoch 77: train_loss=0.9248754382133484, train_AUC=0.9859913934485868, train_AP=0.981827188547446, time=0.22314023971557617
INFO - 11/08/25 16:14:02 - 0:17:27 - Epoch 77: val_AUC=0.9544840852220152, val_AP=0.9482603368984703
INFO - 11/08/25 16:14:03 - 0:17:27 - Epoch 78: train_loss=0.9233803153038025, train_AUC=0.9860737895863142, train_AP=0.9820065092087452, time=0.22005200386047363
INFO - 11/08/25 16:14:03 - 0:17:27 - Epoch 78: val_AUC=0.9546860948924137, val_AP=0.9485643874071014
INFO - 11/08/25 16:14:03 - 0:17:27 - Epoch 79: train_loss=0.921610951423645, train_AUC=0.9863918678188752, train_AP=0.9824506755928771, time=0.23616266250610352
INFO - 11/08/25 16:14:03 - 0:17:27 - Epoch 79: val_AUC=0.9548927882547668, val_AP=0.9488753519339778
INFO - 11/08/25 16:14:03 - 0:17:27 - Epoch 80: train_loss=0.9173620343208313, train_AUC=0.9867982297284412, train_AP=0.982833980040347, time=0.22528386116027832
INFO - 11/08/25 16:14:03 - 0:17:28 - Epoch 80: val_AUC=0.955114041789936, val_AP=0.9492158015404288
INFO - 11/08/25 16:14:03 - 0:17:28 - Epoch 81: train_loss=0.9161534309387207, train_AUC=0.9869337135801107, train_AP=0.9834523244616371, time=0.22544574737548828
INFO - 11/08/25 16:14:03 - 0:17:28 - Epoch 81: val_AUC=0.9553222624431439, val_AP=0.9495387496613256
INFO - 11/08/25 16:14:04 - 0:17:28 - Epoch 82: train_loss=0.9126495122909546, train_AUC=0.9870358165687737, train_AP=0.9829415521653715, time=0.23076486587524414
INFO - 11/08/25 16:14:04 - 0:17:28 - Epoch 82: val_AUC=0.955538730466968, val_AP=0.9498734264601849
INFO - 11/08/25 16:14:04 - 0:17:28 - Epoch 83: train_loss=0.9127892851829529, train_AUC=0.9870108535713128, train_AP=0.9831039844052423, time=0.22442126274108887
INFO - 11/08/25 16:14:04 - 0:17:28 - Epoch 83: val_AUC=0.955754180296889, val_AP=0.9501886074888802
INFO - 11/08/25 16:14:04 - 0:17:29 - Epoch 84: train_loss=0.9085397720336914, train_AUC=0.9873109717181584, train_AP=0.9829127998412341, time=0.22409844398498535
INFO - 11/08/25 16:14:04 - 0:17:29 - Epoch 84: val_AUC=0.9559398988648361, val_AP=0.9504639728405856
INFO - 11/08/25 16:14:05 - 0:17:29 - Epoch 85: train_loss=0.9055802822113037, train_AUC=0.9877317283257483, train_AP=0.9840421772506021, time=0.2230818271636963
INFO - 11/08/25 16:14:05 - 0:17:29 - Epoch 85: val_AUC=0.9561577923601245, val_AP=0.9507713153786411
INFO - 11/08/25 16:14:05 - 0:17:29 - Epoch 86: train_loss=0.9041893482208252, train_AUC=0.9877059558774953, train_AP=0.9841827204938899, time=0.2470085620880127
INFO - 11/08/25 16:14:05 - 0:17:29 - Epoch 86: val_AUC=0.9563659111939423, val_AP=0.9510591852886382
INFO - 11/08/25 16:14:05 - 0:17:29 - Epoch 87: train_loss=0.9035549163818359, train_AUC=0.9877144728990013, train_AP=0.9838637655294235, time=0.22350788116455078
INFO - 11/08/25 16:14:05 - 0:17:30 - Epoch 87: val_AUC=0.9565850265219149, val_AP=0.951370655007994
INFO - 11/08/25 16:14:05 - 0:17:30 - Epoch 88: train_loss=0.8999539017677307, train_AUC=0.9878452257961081, train_AP=0.9841377043059126, time=0.22319865226745605
INFO - 11/08/25 16:14:06 - 0:17:30 - Epoch 88: val_AUC=0.9567711523674229, val_AP=0.9516338711255413
INFO - 11/08/25 16:14:06 - 0:17:30 - Epoch 89: train_loss=0.897944450378418, train_AUC=0.9882063836831584, train_AP=0.984876846619088, time=0.24511480331420898
INFO - 11/08/25 16:14:06 - 0:17:30 - Epoch 89: val_AUC=0.956954630908783, val_AP=0.95187816921572
INFO - 11/08/25 16:14:06 - 0:17:30 - Epoch 90: train_loss=0.89692223072052, train_AUC=0.9881625585096957, train_AP=0.9846572985606068, time=0.22359228134155273
INFO - 11/08/25 16:14:06 - 0:17:30 - Epoch 90: val_AUC=0.9571568442179619, val_AP=0.9521562279176483
INFO - 11/08/25 16:14:06 - 0:17:31 - Epoch 91: train_loss=0.8913877010345459, train_AUC=0.9889002721653947, train_AP=0.9856024563308886, time=0.23022675514221191
INFO - 11/08/25 16:14:06 - 0:17:31 - Epoch 91: val_AUC=0.9573066205411254, val_AP=0.9523548424540693
INFO - 11/08/25 16:14:07 - 0:17:31 - Epoch 92: train_loss=0.891700804233551, train_AUC=0.9884050228370233, train_AP=0.9847446654171076, time=0.2231919765472412
INFO - 11/08/25 16:14:07 - 0:17:31 - Epoch 92: val_AUC=0.9574822589894303, val_AP=0.9525932433498946
INFO - 11/08/25 16:14:07 - 0:17:31 - Epoch 93: train_loss=0.8884657621383667, train_AUC=0.9890762572643313, train_AP=0.9855292888453889, time=0.2340075969696045
INFO - 11/08/25 16:14:07 - 0:17:31 - Epoch 93: val_AUC=0.9576309152993002, val_AP=0.9528166712093239
INFO - 11/08/25 16:14:07 - 0:17:31 - Epoch 94: train_loss=0.8860551714897156, train_AUC=0.988878038334485, train_AP=0.9854464941710566, time=0.22263169288635254
INFO - 11/08/25 16:14:07 - 0:17:32 - Epoch 94: val_AUC=0.9577730551681893, val_AP=0.9530380674559809
INFO - 11/08/25 16:14:07 - 0:17:32 - Epoch 95: train_loss=0.882830023765564, train_AUC=0.9891866856551659, train_AP=0.9856609478565308, time=0.22182154655456543
INFO - 11/08/25 16:14:08 - 0:17:32 - Epoch 95: val_AUC=0.9578942202426721, val_AP=0.9532254536488287
INFO - 11/08/25 16:14:08 - 0:17:32 - Epoch 96: train_loss=0.8807113170623779, train_AUC=0.9895401916256467, train_AP=0.986588987869784, time=0.22349762916564941
INFO - 11/08/25 16:14:08 - 0:17:32 - Epoch 96: val_AUC=0.9580231235908198, val_AP=0.953417264779833
INFO - 11/08/25 16:14:08 - 0:17:32 - Epoch 97: train_loss=0.8767978549003601, train_AUC=0.9901839385412095, train_AP=0.9874223622658846, time=0.22383594512939453
INFO - 11/08/25 16:14:08 - 0:17:32 - Epoch 97: val_AUC=0.958142863193838, val_AP=0.9536134347388616
INFO - 11/08/25 16:14:08 - 0:17:33 - Epoch 98: train_loss=0.8768506050109863, train_AUC=0.9895381165714192, train_AP=0.9865734231800118, time=0.22157740592956543
INFO - 11/08/25 16:14:08 - 0:17:33 - Epoch 98: val_AUC=0.9582587336600242, val_AP=0.9538096062178324
INFO - 11/08/25 16:14:09 - 0:17:33 - Epoch 99: train_loss=0.8739736080169678, train_AUC=0.989859669489505, train_AP=0.9866922924200747, time=0.22336125373840332
INFO - 11/08/25 16:14:09 - 0:17:33 - Epoch 99: val_AUC=0.9583790841793847, val_AP=0.954005111171804
INFO - 11/08/25 16:14:09 - 0:17:33 - Epoch 100: train_loss=0.8727864027023315, train_AUC=0.9899883978790287, train_AP=0.9871775201812041, time=0.2944164276123047
INFO - 11/08/25 16:14:09 - 0:17:33 - Epoch 100: val_AUC=0.9585169476338803, val_AP=0.9542201741412981
INFO - 11/08/25 16:14:09 - 0:17:34 - Epoch 101: train_loss=0.8703346252441406, train_AUC=0.9898265816913633, train_AP=0.9863996845377984, time=0.2224438190460205
INFO - 11/08/25 16:14:09 - 0:17:34 - Epoch 101: val_AUC=0.9586442218717824, val_AP=0.9544334233612883
INFO - 11/08/25 16:14:10 - 0:17:34 - Epoch 102: train_loss=0.8690575957298279, train_AUC=0.9899353388727627, train_AP=0.9867963725045827, time=0.22411680221557617
INFO - 11/08/25 16:14:10 - 0:17:34 - Epoch 102: val_AUC=0.9587688488055364, val_AP=0.9546154143321084
INFO - 11/08/25 16:14:10 - 0:17:34 - Epoch 103: train_loss=0.8652353286743164, train_AUC=0.9903452478534661, train_AP=0.9871671915249693, time=0.2207322120666504
INFO - 11/08/25 16:14:10 - 0:17:34 - Epoch 103: val_AUC=0.9588439915155937, val_AP=0.9547643121117066
INFO - 11/08/25 16:14:10 - 0:17:34 - Epoch 104: train_loss=0.8643144369125366, train_AUC=0.9902855917175744, train_AP=0.9872413564768614, time=0.28809261322021484
INFO - 11/08/25 16:14:10 - 0:17:34 - Epoch 104: val_AUC=0.9589071195375932, val_AP=0.9548865978654897
INFO - 11/08/25 16:14:10 - 0:17:35 - Epoch 105: train_loss=0.8624039888381958, train_AUC=0.9904029958975653, train_AP=0.98754544621965, time=0.26328611373901367
INFO - 11/08/25 16:14:11 - 0:17:35 - Epoch 105: val_AUC=0.9589673966166639, val_AP=0.9550236936419693
INFO - 11/08/25 16:14:11 - 0:17:35 - Epoch 106: train_loss=0.8583241701126099, train_AUC=0.9909318809356132, train_AP=0.9881665546992583, time=0.26571011543273926
INFO - 11/08/25 16:14:11 - 0:17:35 - Epoch 106: val_AUC=0.9589961096847345, val_AP=0.9551342225594203
INFO - 11/08/25 16:14:11 - 0:17:35 - Epoch 107: train_loss=0.8577005863189697, train_AUC=0.9909117843295422, train_AP=0.9881860818780666, time=0.26692771911621094
INFO - 11/08/25 16:14:11 - 0:17:35 - Epoch 107: val_AUC=0.9590653468701534, val_AP=0.9552885096965904
INFO - 11/08/25 16:14:11 - 0:17:36 - Epoch 108: train_loss=0.8553692698478699, train_AUC=0.9910593873996377, train_AP=0.9884414272104691, time=0.26808953285217285
INFO - 11/08/25 16:14:12 - 0:17:36 - Epoch 108: val_AUC=0.9590989472689595, val_AP=0.9554020842466269
INFO - 11/08/25 16:14:12 - 0:17:36 - Epoch 109: train_loss=0.8534386157989502, train_AUC=0.9910417806120707, train_AP=0.988309144589338, time=0.22382140159606934
INFO - 11/08/25 16:14:12 - 0:17:36 - Epoch 109: val_AUC=0.9591237912001981, val_AP=0.9554968555114481
INFO - 11/08/25 16:14:12 - 0:17:36 - Epoch 110: train_loss=0.8509624600410461, train_AUC=0.9910929061651617, train_AP=0.9883871959712771, time=0.22203755378723145
INFO - 11/08/25 16:14:12 - 0:17:36 - Epoch 110: val_AUC=0.9591360095270367, val_AP=0.955580143416906
INFO - 11/08/25 16:14:12 - 0:17:37 - Epoch 111: train_loss=0.8491591215133667, train_AUC=0.9913296555515091, train_AP=0.988672570552498, time=0.2609739303588867
INFO - 11/08/25 16:14:12 - 0:17:37 - Epoch 111: val_AUC=0.9591480242150947, val_AP=0.9556595777591054
INFO - 11/08/25 16:14:13 - 0:17:37 - Epoch 112: train_loss=0.8462353944778442, train_AUC=0.9916863274679069, train_AP=0.9890350938109156, time=0.2273390293121338
INFO - 11/08/25 16:14:13 - 0:17:37 - Epoch 112: val_AUC=0.9591545406560753, val_AP=0.9557282717200459
INFO - 11/08/25 16:14:13 - 0:17:37 - Epoch 113: train_loss=0.8444139361381531, train_AUC=0.9917549735094161, train_AP=0.9893334639514197, time=0.22304511070251465
INFO - 11/08/25 16:14:13 - 0:17:37 - Epoch 113: val_AUC=0.9591639080399847, val_AP=0.9557860993234355
INFO - 11/08/25 16:14:13 - 0:17:38 - Epoch 114: train_loss=0.8432103395462036, train_AUC=0.9915307931537929, train_AP=0.9887768398333849, time=0.22266602516174316
INFO - 11/08/25 16:14:13 - 0:17:38 - Epoch 114: val_AUC=0.9591893628875653, val_AP=0.9558701000702378
INFO - 11/08/25 16:14:14 - 0:17:38 - Epoch 115: train_loss=0.8425674438476562, train_AUC=0.9914601359898746, train_AP=0.988536905929961, time=0.23529982566833496
INFO - 11/08/25 16:14:14 - 0:17:38 - Epoch 115: val_AUC=0.9592321270315005, val_AP=0.9559621948368873
INFO - 11/08/25 16:14:14 - 0:17:38 - Epoch 116: train_loss=0.8386099338531494, train_AUC=0.9920124718529515, train_AP=0.9896323360051922, time=0.2225656509399414
INFO - 11/08/25 16:14:14 - 0:17:38 - Epoch 116: val_AUC=0.959256970962739, val_AP=0.9560327950203218
INFO - 11/08/25 16:14:14 - 0:17:38 - Epoch 117: train_loss=0.8401398658752441, train_AUC=0.9914245611911603, train_AP=0.98859191656156, time=0.2223207950592041
INFO - 11/08/25 16:14:14 - 0:17:38 - Epoch 117: val_AUC=0.9592932186656936, val_AP=0.956132492767454
INFO - 11/08/25 16:14:14 - 0:17:39 - Epoch 118: train_loss=0.8340250253677368, train_AUC=0.9923052260405919, train_AP=0.989976346622602, time=0.22534513473510742
INFO - 11/08/25 16:14:14 - 0:17:39 - Epoch 118: val_AUC=0.9593054369925321, val_AP=0.9561875765283386
INFO - 11/08/25 16:14:15 - 0:17:39 - Epoch 119: train_loss=0.8334165811538696, train_AUC=0.9921693284813703, train_AP=0.9897884666357513, time=0.22311854362487793
INFO - 11/08/25 16:14:15 - 0:17:39 - Epoch 119: val_AUC=0.9592964768861838, val_AP=0.9562178383367365
INFO - 11/08/25 16:14:15 - 0:17:39 - Epoch 120: train_loss=0.8339637517929077, train_AUC=0.9919566651874594, train_AP=0.9894389458867298, time=0.3013041019439697
INFO - 11/08/25 16:14:15 - 0:17:39 - Epoch 120: val_AUC=0.9592954586922806, val_AP=0.9562697099917145
INFO - 11/08/25 16:14:15 - 0:17:40 - Epoch 121: train_loss=0.8296313285827637, train_AUC=0.9920921227971427, train_AP=0.9894286970017635, time=0.2659761905670166
INFO - 11/08/25 16:14:15 - 0:17:40 - Epoch 121: val_AUC=0.9592877204186162, val_AP=0.9563175982885624
INFO - 11/08/25 16:14:16 - 0:17:40 - Epoch 122: train_loss=0.8292040824890137, train_AUC=0.9922576183226001, train_AP=0.989781159135509, time=0.2641925811767578
INFO - 11/08/25 16:14:16 - 0:17:40 - Epoch 122: val_AUC=0.959262672848597, val_AP=0.956343130995258
INFO - 11/08/25 16:14:16 - 0:17:40 - Epoch 123: train_loss=0.8273088932037354, train_AUC=0.992045227839672, train_AP=0.9892783290800198, time=0.268420934677124
INFO - 11/08/25 16:14:16 - 0:17:40 - Epoch 123: val_AUC=0.9592557491300551, val_AP=0.9563906697533913
INFO - 11/08/25 16:14:16 - 0:17:41 - Epoch 124: train_loss=0.8237743377685547, train_AUC=0.9927038317701272, train_AP=0.990274360727021, time=0.26509690284729004
INFO - 11/08/25 16:14:16 - 0:17:41 - Epoch 124: val_AUC=0.959241087137849, val_AP=0.9564042614866765
INFO - 11/08/25 16:14:17 - 0:17:41 - Epoch 125: train_loss=0.8216216564178467, train_AUC=0.9927028095655154, train_AP=0.9902527707239515, time=0.265103816986084
INFO - 11/08/25 16:14:17 - 0:17:41 - Epoch 125: val_AUC=0.9592260178680813, val_AP=0.9564195991620783
INFO - 11/08/25 16:14:17 - 0:17:41 - Epoch 126: train_loss=0.8205629587173462, train_AUC=0.9926755328702623, train_AP=0.9904231271944527, time=0.25641679763793945
INFO - 11/08/25 16:14:17 - 0:17:41 - Epoch 126: val_AUC=0.9592156322902683, val_AP=0.9564276622826169
INFO - 11/08/25 16:14:17 - 0:17:42 - Epoch 127: train_loss=0.8196056485176086, train_AUC=0.9925875221803606, train_AP=0.9899927658668298, time=0.23197484016418457
INFO - 11/08/25 16:14:17 - 0:17:42 - Epoch 127: val_AUC=0.9591866137640268, val_AP=0.956426838555352
INFO - 11/08/25 16:14:18 - 0:17:42 - Epoch 128: train_loss=0.8167861700057983, train_AUC=0.9927913831372123, train_AP=0.990314420059291, time=0.22537946701049805
INFO - 11/08/25 16:14:18 - 0:17:42 - Epoch 128: val_AUC=0.9591618716521785, val_AP=0.9564194907457735
INFO - 11/08/25 16:14:18 - 0:17:42 - Epoch 129: train_loss=0.8154563307762146, train_AUC=0.9929991761650774, train_AP=0.9905545001484335, time=0.22429704666137695
INFO - 11/08/25 16:14:18 - 0:17:42 - Epoch 129: val_AUC=0.959160446180714, val_AP=0.956428365905382
INFO - 11/08/25 16:14:18 - 0:17:42 - Epoch 130: train_loss=0.8133822679519653, train_AUC=0.9930230954711998, train_AP=0.9908609312021603, time=0.22977304458618164
INFO - 11/08/25 16:14:18 - 0:17:43 - Epoch 130: val_AUC=0.959139878663869, val_AP=0.9564104736365686
INFO - 11/08/25 16:14:18 - 0:17:43 - Epoch 131: train_loss=0.811371922492981, train_AUC=0.9933573290805414, train_AP=0.9912065594311104, time=0.2248680591583252
INFO - 11/08/25 16:14:18 - 0:17:43 - Epoch 131: val_AUC=0.9591213475348304, val_AP=0.9564021581858019
INFO - 11/08/25 16:14:19 - 0:17:43 - Epoch 132: train_loss=0.8102807402610779, train_AUC=0.9928993593993752, train_AP=0.9902329178231986, time=0.22504472732543945
INFO - 11/08/25 16:14:19 - 0:17:43 - Epoch 132: val_AUC=0.9591260312267852, val_AP=0.9564269994874447
INFO - 11/08/25 16:14:19 - 0:17:43 - Epoch 133: train_loss=0.8073559403419495, train_AUC=0.9934822953555384, train_AP=0.9913296020473098, time=0.22816753387451172
INFO - 11/08/25 16:14:19 - 0:17:43 - Epoch 133: val_AUC=0.9591272530594689, val_AP=0.956459046990839
INFO - 11/08/25 16:14:19 - 0:17:44 - Epoch 134: train_loss=0.8079169988632202, train_AUC=0.993140557594905, train_AP=0.9907746475264125, time=0.2432239055633545
INFO - 11/08/25 16:14:19 - 0:17:44 - Epoch 134: val_AUC=0.959131325835082, val_AP=0.9564788984278244
INFO - 11/08/25 16:14:20 - 0:17:44 - Epoch 135: train_loss=0.8052737712860107, train_AUC=0.9934039570390129, train_AP=0.991228803961813, time=0.22074103355407715
INFO - 11/08/25 16:14:20 - 0:17:44 - Epoch 135: val_AUC=0.9591276603370303, val_AP=0.9564859482659696
INFO - 11/08/25 16:14:20 - 0:17:44 - Epoch 136: train_loss=0.8043764233589172, train_AUC=0.9933768141955007, train_AP=0.9913330692685404, time=0.22098946571350098
INFO - 11/08/25 16:14:20 - 0:17:44 - Epoch 136: val_AUC=0.959131325835082, val_AP=0.9564999484679823
INFO - 11/08/25 16:14:20 - 0:17:44 - Epoch 137: train_loss=0.8024482727050781, train_AUC=0.9933205520818477, train_AP=0.9910063212469169, time=0.22441434860229492
INFO - 11/08/25 16:14:20 - 0:17:45 - Epoch 137: val_AUC=0.9591488387702174, val_AP=0.9565096984190118
INFO - 11/08/25 16:14:20 - 0:17:45 - Epoch 138: train_loss=0.8026882410049438, train_AUC=0.9932081782616297, train_AP=0.9907804714071188, time=0.24566292762756348
INFO - 11/08/25 16:14:21 - 0:17:45 - Epoch 138: val_AUC=0.9591606498194946, val_AP=0.9565133525231734
INFO - 11/08/25 16:14:21 - 0:17:45 - Epoch 139: train_loss=0.8006383180618286, train_AUC=0.9933616118078923, train_AP=0.9908883702632056, time=0.22851133346557617
INFO - 11/08/25 16:14:21 - 0:17:45 - Epoch 139: val_AUC=0.9591747008953591, val_AP=0.956508324251098
INFO - 11/08/25 16:14:21 - 0:17:45 - Epoch 140: train_loss=0.7970359325408936, train_AUC=0.9938559798282213, train_AP=0.9918120197893343, time=0.2233600616455078
INFO - 11/08/25 16:14:21 - 0:17:45 - Epoch 140: val_AUC=0.9591930283856169, val_AP=0.9564968489108842
INFO - 11/08/25 16:14:21 - 0:17:46 - Epoch 141: train_loss=0.7972228527069092, train_AUC=0.9937503510790271, train_AP=0.9916879788606775, time=0.2259514331817627
INFO - 11/08/25 16:14:21 - 0:17:46 - Epoch 141: val_AUC=0.9592121704309974, val_AP=0.9564845630682219
INFO - 11/08/25 16:14:22 - 0:17:46 - Epoch 142: train_loss=0.7962153553962708, train_AUC=0.993728003121896, train_AP=0.9916188666534186, time=0.24390888214111328
INFO - 11/08/25 16:14:22 - 0:17:46 - Epoch 142: val_AUC=0.9592135959024619, val_AP=0.9564717684347233
INFO - 11/08/25 16:14:22 - 0:17:46 - Epoch 143: train_loss=0.7921890020370483, train_AUC=0.9940508579242839, train_AP=0.9919625982230181, time=0.22478055953979492
INFO - 11/08/25 16:14:22 - 0:17:46 - Epoch 143: val_AUC=0.9592190941495394, val_AP=0.9564684796454406
INFO - 11/08/25 16:14:22 - 0:17:46 - Epoch 144: train_loss=0.7916606664657593, train_AUC=0.9939105670339043, train_AP=0.9917639534776054, time=0.224945068359375
INFO - 11/08/25 16:14:22 - 0:17:47 - Epoch 144: val_AUC=0.9592311088375973, val_AP=0.9564714895697238
INFO - 11/08/25 16:14:22 - 0:17:47 - Epoch 145: train_loss=0.79053795337677, train_AUC=0.9939126739659806, train_AP=0.9918145329274942, time=0.22875213623046875
INFO - 11/08/25 16:14:22 - 0:17:47 - Epoch 145: val_AUC=0.959252898187126, val_AP=0.9564794616775242
INFO - 11/08/25 16:14:23 - 0:17:47 - Epoch 146: train_loss=0.789379358291626, train_AUC=0.994014633768505, train_AP=0.9917934073049144, time=0.22809243202209473
INFO - 11/08/25 16:14:23 - 0:17:47 - Epoch 146: val_AUC=0.9592796766867808, val_AP=0.9564976817286384
INFO - 11/08/25 16:14:23 - 0:17:47 - Epoch 147: train_loss=0.7868294715881348, train_AUC=0.9943296413364543, train_AP=0.9924008039228798, time=0.225142240524292
INFO - 11/08/25 16:14:23 - 0:17:47 - Epoch 147: val_AUC=0.9592858876695904, val_AP=0.9564937454701723
INFO - 11/08/25 16:14:23 - 0:17:48 - Epoch 148: train_loss=0.7875843048095703, train_AUC=0.993876059526704, train_AP=0.9914497484239568, time=0.22471928596496582
INFO - 11/08/25 16:14:23 - 0:17:48 - Epoch 148: val_AUC=0.9593289572716965, val_AP=0.9565254554612278
INFO - 11/08/25 16:14:24 - 0:17:48 - Epoch 149: train_loss=0.7837837338447571, train_AUC=0.9945627728511383, train_AP=0.9927797886471541, time=0.22394657135009766
INFO - 11/08/25 16:14:24 - 0:17:48 - Epoch 149: val_AUC=0.9593724341513639, val_AP=0.9565564675945988
INFO - 11/08/25 16:14:24 - 0:17:48 - Epoch 150: train_loss=0.7849329710006714, train_AUC=0.9942775657882434, train_AP=0.9924547531217744, time=0.29465794563293457
INFO - 11/08/25 16:14:24 - 0:17:48 - Epoch 150: val_AUC=0.9594288420936021, val_AP=0.9566051014715646
INFO - 11/08/25 16:14:24 - 0:17:49 - Epoch 151: train_loss=0.7822697758674622, train_AUC=0.9944265401342018, train_AP=0.9925014763690815, time=0.2698967456817627
INFO - 11/08/25 16:14:24 - 0:17:49 - Epoch 151: val_AUC=0.9594773081233955, val_AP=0.9566455002832907
INFO - 11/08/25 16:14:25 - 0:17:49 - Epoch 152: train_loss=0.7813069820404053, train_AUC=0.9943053622157174, train_AP=0.9923971805334876, time=0.26303958892822266
INFO - 11/08/25 16:14:25 - 0:17:49 - Epoch 152: val_AUC=0.9595117230773241, val_AP=0.9566671191342948
INFO - 11/08/25 16:14:25 - 0:17:49 - Epoch 153: train_loss=0.7799876928329468, train_AUC=0.9942321125549202, train_AP=0.9920938441537142, time=0.28377866744995117
INFO - 11/08/25 16:14:25 - 0:17:49 - Epoch 153: val_AUC=0.9595369742861238, val_AP=0.9566885113853103
INFO - 11/08/25 16:14:25 - 0:17:50 - Epoch 154: train_loss=0.7779905200004578, train_AUC=0.9945352281001616, train_AP=0.9925612839982879, time=0.2741706371307373
INFO - 11/08/25 16:14:25 - 0:17:50 - Epoch 154: val_AUC=0.9595550981376013, val_AP=0.9566999240696299
INFO - 11/08/25 16:14:26 - 0:17:50 - Epoch 155: train_loss=0.777434229850769, train_AUC=0.9946817332337394, train_AP=0.992648468575025, time=0.26264405250549316
INFO - 11/08/25 16:14:26 - 0:17:50 - Epoch 155: val_AUC=0.9595807566239621, val_AP=0.9567066642544304
INFO - 11/08/25 16:14:26 - 0:17:50 - Epoch 156: train_loss=0.775911808013916, train_AUC=0.9947673500909251, train_AP=0.992937849198843, time=0.2748730182647705
INFO - 11/08/25 16:14:26 - 0:17:50 - Epoch 156: val_AUC=0.9596182261596008, val_AP=0.9567220100510456
INFO - 11/08/25 16:14:26 - 0:17:51 - Epoch 157: train_loss=0.7750158309936523, train_AUC=0.9944337848596853, train_AP=0.9924347964313496, time=0.24951720237731934
INFO - 11/08/25 16:14:26 - 0:17:51 - Epoch 157: val_AUC=0.959632888151807, val_AP=0.9567204798295599
INFO - 11/08/25 16:14:27 - 0:17:51 - Epoch 158: train_loss=0.7724905014038086, train_AUC=0.9949078741651272, train_AP=0.9929824033396993, time=0.2411789894104004
INFO - 11/08/25 16:14:27 - 0:17:51 - Epoch 158: val_AUC=0.9596536593074327, val_AP=0.9567150539761035
INFO - 11/08/25 16:14:27 - 0:17:51 - Epoch 159: train_loss=0.7718527913093567, train_AUC=0.9947441859904151, train_AP=0.9926091439065998, time=0.24244213104248047
INFO - 11/08/25 16:14:27 - 0:17:51 - Epoch 159: val_AUC=0.9596756522957423, val_AP=0.956742578067892
INFO - 11/08/25 16:14:27 - 0:17:51 - Epoch 160: train_loss=0.7706522941589355, train_AUC=0.9949821206691536, train_AP=0.9932265832842065, time=0.26233816146850586
INFO - 11/08/25 16:14:27 - 0:17:52 - Epoch 160: val_AUC=0.9596721904364711, val_AP=0.956729053826178
INFO - 11/08/25 16:14:28 - 0:17:52 - Epoch 161: train_loss=0.7701756954193115, train_AUC=0.9947525506675053, train_AP=0.9926786879862548, time=0.27985358238220215
INFO - 11/08/25 16:14:28 - 0:17:52 - Epoch 161: val_AUC=0.9596685249384197, val_AP=0.9567163950380517
INFO - 11/08/25 16:14:28 - 0:17:52 - Epoch 162: train_loss=0.7681120038032532, train_AUC=0.9951539598865324, train_AP=0.9933645075430956, time=0.27512288093566895
INFO - 11/08/25 16:14:28 - 0:17:52 - Epoch 162: val_AUC=0.9596548811401164, val_AP=0.9567104842442586
INFO - 11/08/25 16:14:28 - 0:17:52 - Epoch 163: train_loss=0.7685012817382812, train_AUC=0.9947531228836982, train_AP=0.9928253946381278, time=0.27885890007019043
INFO - 11/08/25 16:14:28 - 0:17:53 - Epoch 163: val_AUC=0.9596384882182747, val_AP=0.9566936840879281
INFO - 11/08/25 16:14:29 - 0:17:53 - Epoch 164: train_loss=0.7649564743041992, train_AUC=0.9952713519141944, train_AP=0.9935658467311402, time=0.28957271575927734
INFO - 11/08/25 16:14:29 - 0:17:53 - Epoch 164: val_AUC=0.9596245389618008, val_AP=0.9566992711154539
INFO - 11/08/25 16:14:29 - 0:17:53 - Epoch 165: train_loss=0.7641412615776062, train_AUC=0.9953355044118605, train_AP=0.9938379849674925, time=0.22146320343017578
INFO - 11/08/25 16:14:29 - 0:17:53 - Epoch 165: val_AUC=0.9596129315513039, val_AP=0.9566819612616766
INFO - 11/08/25 16:14:29 - 0:17:53 - Epoch 166: train_loss=0.763719379901886, train_AUC=0.9952828702087515, train_AP=0.9935889819769856, time=0.2208714485168457
INFO - 11/08/25 16:14:29 - 0:17:53 - Epoch 166: val_AUC=0.9595866621486009, val_AP=0.9566621362681005
INFO - 11/08/25 16:14:29 - 0:17:54 - Epoch 167: train_loss=0.763041615486145, train_AUC=0.9950975043923378, train_AP=0.9931933458069648, time=0.2200298309326172
INFO - 11/08/25 16:14:29 - 0:17:54 - Epoch 167: val_AUC=0.9595844221220139, val_AP=0.9566585755345954
INFO - 11/08/25 16:14:30 - 0:17:54 - Epoch 168: train_loss=0.7607792615890503, train_AUC=0.9953308456667896, train_AP=0.9935760765830894, time=0.23744797706604004
INFO - 11/08/25 16:14:30 - 0:17:54 - Epoch 168: val_AUC=0.9595654837154141, val_AP=0.9566388055333025
INFO - 11/08/25 16:14:30 - 0:17:54 - Epoch 169: train_loss=0.7595744132995605, train_AUC=0.995518216793629, train_AP=0.9939549957671863, time=0.22381210327148438
INFO - 11/08/25 16:14:30 - 0:17:54 - Epoch 169: val_AUC=0.9595239414041628, val_AP=0.9566011493677541
INFO - 11/08/25 16:14:30 - 0:17:54 - Epoch 170: train_loss=0.7608287334442139, train_AUC=0.9951363513377582, train_AP=0.9932880255696862, time=0.22347545623779297
INFO - 11/08/25 16:14:30 - 0:17:55 - Epoch 170: val_AUC=0.959491766476821, val_AP=0.9565741057467678
INFO - 11/08/25 16:14:30 - 0:17:55 - Epoch 171: train_loss=0.7578656673431396, train_AUC=0.9951606049209919, train_AP=0.9931875031202001, time=0.2182152271270752
INFO - 11/08/25 16:14:30 - 0:17:55 - Epoch 171: val_AUC=0.9594650897965566, val_AP=0.9565659666197378
INFO - 11/08/25 16:14:31 - 0:17:55 - Epoch 172: train_loss=0.7563048601150513, train_AUC=0.9955167134272322, train_AP=0.9937579054012459, time=0.23537397384643555
INFO - 11/08/25 16:14:31 - 0:17:55 - Epoch 172: val_AUC=0.9594479841389826, val_AP=0.9565720834945769
INFO - 11/08/25 16:14:31 - 0:17:55 - Epoch 173: train_loss=0.7563749551773071, train_AUC=0.995425219421891, train_AP=0.9938241871101938, time=0.2617378234863281
INFO - 11/08/25 16:14:31 - 0:17:55 - Epoch 173: val_AUC=0.9594371912836085, val_AP=0.95656861956499
INFO - 11/08/25 16:14:31 - 0:17:56 - Epoch 174: train_loss=0.7552000284194946, train_AUC=0.9954144388969958, train_AP=0.9937900090591394, time=0.2613639831542969
INFO - 11/08/25 16:14:31 - 0:17:56 - Epoch 174: val_AUC=0.9594111255196861, val_AP=0.9565496934530784
INFO - 11/08/25 16:14:32 - 0:17:56 - Epoch 175: train_loss=0.7549372315406799, train_AUC=0.9953199751442108, train_AP=0.9935174715846132, time=0.2643857002258301
INFO - 11/08/25 16:14:32 - 0:17:56 - Epoch 175: val_AUC=0.9594078672991959, val_AP=0.9565488372917182
INFO - 11/08/25 16:14:32 - 0:17:56 - Epoch 176: train_loss=0.7535029649734497, train_AUC=0.9956158371579331, train_AP=0.9939513868112775, time=0.2656071186065674
INFO - 11/08/25 16:14:32 - 0:17:56 - Epoch 176: val_AUC=0.9593987035540669, val_AP=0.9565512805018546
INFO - 11/08/25 16:14:32 - 0:17:57 - Epoch 177: train_loss=0.7535382509231567, train_AUC=0.9954773213882087, train_AP=0.9937188196977208, time=0.26308250427246094
INFO - 11/08/25 16:14:32 - 0:17:57 - Epoch 177: val_AUC=0.9593970744438217, val_AP=0.9565578001760673
INFO - 11/08/25 16:14:33 - 0:17:57 - Epoch 178: train_loss=0.7520570158958435, train_AUC=0.9954069949789872, train_AP=0.9935780217746323, time=0.2613382339477539
INFO - 11/08/25 16:14:33 - 0:17:57 - Epoch 178: val_AUC=0.9593803760638089, val_AP=0.9565439697745891
INFO - 11/08/25 16:14:33 - 0:17:57 - Epoch 179: train_loss=0.7494001388549805, train_AUC=0.9958116333712668, train_AP=0.9943847254392613, time=0.26601147651672363
INFO - 11/08/25 16:14:33 - 0:17:57 - Epoch 179: val_AUC=0.9593600121857447, val_AP=0.9565272112667038
INFO - 11/08/25 16:14:33 - 0:17:58 - Epoch 180: train_loss=0.7509608864784241, train_AUC=0.9953301808111022, train_AP=0.9932815430659077, time=0.26535511016845703
INFO - 11/08/25 16:14:33 - 0:17:58 - Epoch 180: val_AUC=0.9593298736462094, val_AP=0.9565145982890515
INFO - 11/08/25 16:14:34 - 0:17:58 - Epoch 181: train_loss=0.7480807304382324, train_AUC=0.9959801803641783, train_AP=0.9945771656368171, time=0.25760316848754883
INFO - 11/08/25 16:14:34 - 0:17:58 - Epoch 181: val_AUC=0.9593074733803386, val_AP=0.956522672631431
INFO - 11/08/25 16:14:34 - 0:17:58 - Epoch 182: train_loss=0.7484779357910156, train_AUC=0.9957441129172273, train_AP=0.99405752171413, time=0.2586379051208496
INFO - 11/08/25 16:14:34 - 0:17:58 - Epoch 182: val_AUC=0.9592776402989742, val_AP=0.9565158206362274
INFO - 11/08/25 16:14:34 - 0:17:59 - Epoch 183: train_loss=0.747288703918457, train_AUC=0.9957751168551061, train_AP=0.9940798524580259, time=0.23386907577514648
INFO - 11/08/25 16:14:34 - 0:17:59 - Epoch 183: val_AUC=0.9592453635522424, val_AP=0.9565052978833393
INFO - 11/08/25 16:14:34 - 0:17:59 - Epoch 184: train_loss=0.746665358543396, train_AUC=0.9956514096670782, train_AP=0.9938171737929055, time=0.2164618968963623
INFO - 11/08/25 16:14:35 - 0:17:59 - Epoch 184: val_AUC=0.9592148177351458, val_AP=0.9564915251016758
INFO - 11/08/25 16:14:35 - 0:17:59 - Epoch 185: train_loss=0.7448915243148804, train_AUC=0.9959480684509012, train_AP=0.9943185366067764, time=0.21936535835266113
INFO - 11/08/25 16:14:35 - 0:17:59 - Epoch 185: val_AUC=0.9591777554770686, val_AP=0.9564688517171709
INFO - 11/08/25 16:14:35 - 0:17:59 - Epoch 186: train_loss=0.7441341876983643, train_AUC=0.9960187349492171, train_AP=0.9946593490593042, time=0.2188100814819336
INFO - 11/08/25 16:14:35 - 0:17:59 - Epoch 186: val_AUC=0.9591482278538755, val_AP=0.9564586812663052
INFO - 11/08/25 16:14:35 - 0:18:00 - Epoch 187: train_loss=0.7442302703857422, train_AUC=0.9956965788176931, train_AP=0.9940275519759428, time=0.21651434898376465
INFO - 11/08/25 16:14:35 - 0:18:00 - Epoch 187: val_AUC=0.9591113692345788, val_AP=0.9564376486032806
INFO - 11/08/25 16:14:36 - 0:18:00 - Epoch 188: train_loss=0.7431125044822693, train_AUC=0.9959365138754772, train_AP=0.9943494767416121, time=0.21879792213439941
INFO - 11/08/25 16:14:36 - 0:18:00 - Epoch 188: val_AUC=0.9590891726074886, val_AP=0.9564402240177424
INFO - 11/08/25 16:14:36 - 0:18:00 - Epoch 189: train_loss=0.7411237955093384, train_AUC=0.9961049918290699, train_AP=0.9945191405904336, time=0.21593666076660156
INFO - 11/08/25 16:14:36 - 0:18:00 - Epoch 189: val_AUC=0.9590920235504177, val_AP=0.9564757961888319
INFO - 11/08/25 16:14:36 - 0:18:00 - Epoch 190: train_loss=0.7399935722351074, train_AUC=0.9961281379652671, train_AP=0.9946106241629087, time=0.21758532524108887
INFO - 11/08/25 16:14:36 - 0:18:00 - Epoch 190: val_AUC=0.9590616813721018, val_AP=0.9564881943982807
INFO - 11/08/25 16:14:36 - 0:18:01 - Epoch 191: train_loss=0.7392363548278809, train_AUC=0.9962179369848773, train_AP=0.9947853276403895, time=0.21721744537353516
INFO - 11/08/25 16:14:36 - 0:18:01 - Epoch 191: val_AUC=0.9590223790874376, val_AP=0.9564809985069671
INFO - 11/08/25 16:14:37 - 0:18:01 - Epoch 192: train_loss=0.7383244037628174, train_AUC=0.9962563158014455, train_AP=0.9947951820543802, time=0.2888033390045166
INFO - 11/08/25 16:14:37 - 0:18:01 - Epoch 192: val_AUC=0.958964952951296, val_AP=0.9564521351606607
INFO - 11/08/25 16:14:37 - 0:18:01 - Epoch 193: train_loss=0.7354414463043213, train_AUC=0.9962019774543284, train_AP=0.9945537166408904, time=0.26006245613098145
INFO - 11/08/25 16:14:37 - 0:18:01 - Epoch 193: val_AUC=0.9589146541724771, val_AP=0.9564396042686165
INFO - 11/08/25 16:14:37 - 0:18:02 - Epoch 194: train_loss=0.7370365262031555, train_AUC=0.9962051164537763, train_AP=0.9947719912206776, time=0.2588169574737549
INFO - 11/08/25 16:14:37 - 0:18:02 - Epoch 194: val_AUC=0.9588879774922128, val_AP=0.956433646213895
INFO - 11/08/25 16:14:38 - 0:18:02 - Epoch 195: train_loss=0.7353425025939941, train_AUC=0.9964584484857513, train_AP=0.9950725964584247, time=0.2696995735168457
INFO - 11/08/25 16:14:38 - 0:18:02 - Epoch 195: val_AUC=0.9588545807321872, val_AP=0.9564093999097115
INFO - 11/08/25 16:14:38 - 0:18:02 - Epoch 196: train_loss=0.7356054186820984, train_AUC=0.996403327810432, train_AP=0.9949289812493546, time=0.2647690773010254
INFO - 11/08/25 16:14:38 - 0:18:02 - Epoch 196: val_AUC=0.9588399187399811, val_AP=0.9564127945315659
INFO - 11/08/25 16:14:38 - 0:18:03 - Epoch 197: train_loss=0.7341172695159912, train_AUC=0.9964299546202583, train_AP=0.9952141310530075, time=0.26232218742370605
INFO - 11/08/25 16:14:38 - 0:18:03 - Epoch 197: val_AUC=0.9588364568807102, val_AP=0.9564190075082616
INFO - 11/08/25 16:14:39 - 0:18:03 - Epoch 198: train_loss=0.7341790795326233, train_AUC=0.9961281191203509, train_AP=0.9944402491212501, time=0.26197266578674316
INFO - 11/08/25 16:14:39 - 0:18:03 - Epoch 198: val_AUC=0.9588138529760587, val_AP=0.9564294581872034
INFO - 11/08/25 16:14:39 - 0:18:03 - Epoch 199: train_loss=0.7326273918151855, train_AUC=0.9963151138772288, train_AP=0.9947516412270233, time=0.26326727867126465
INFO - 11/08/25 16:14:39 - 0:18:03 - Epoch 199: val_AUC=0.9587812707711556, val_AP=0.9564646992811955
INFO - 11/08/25 16:14:39 - 0:18:04 - Epoch 200: train_loss=0.7310971021652222, train_AUC=0.996390193079981, train_AP=0.9950005579758852, time=0.2678694725036621
INFO - 11/08/25 16:14:39 - 0:18:04 - Epoch 200: val_AUC=0.9587065353386595, val_AP=0.9564422067690881
INFO - 11/08/25 16:14:40 - 0:18:04 - Epoch 201: train_loss=0.730562686920166, train_AUC=0.9964403554288986, train_AP=0.9949347332335552, time=0.23558974266052246
INFO - 11/08/25 16:14:40 - 0:18:04 - Epoch 201: val_AUC=0.95864340731666, val_AP=0.9564218608271764
INFO - 11/08/25 16:14:40 - 0:18:04 - Epoch 202: train_loss=0.7304189205169678, train_AUC=0.996378780457851, train_AP=0.9946969450798209, time=0.22126507759094238
INFO - 11/08/25 16:14:40 - 0:18:04 - Epoch 202: val_AUC=0.9585845557090538, val_AP=0.9563919922396532
INFO - 11/08/25 16:14:40 - 0:18:04 - Epoch 203: train_loss=0.7288243770599365, train_AUC=0.996532107979445, train_AP=0.9950058133163182, time=0.22250843048095703
INFO - 11/08/25 16:14:40 - 0:18:04 - Epoch 203: val_AUC=0.9585301841546221, val_AP=0.9563732011500143
INFO - 11/08/25 16:14:40 - 0:18:05 - Epoch 204: train_loss=0.7295595407485962, train_AUC=0.9962714908903436, train_AP=0.9947287557300025, time=0.2598435878753662
INFO - 11/08/25 16:14:40 - 0:18:05 - Epoch 204: val_AUC=0.9584760162389709, val_AP=0.9563399700172603
INFO - 11/08/25 16:14:41 - 0:18:05 - Epoch 205: train_loss=0.7263321876525879, train_AUC=0.9967290107592115, train_AP=0.9953786006299936, time=0.2592031955718994
INFO - 11/08/25 16:14:41 - 0:18:05 - Epoch 205: val_AUC=0.9584196082967327, val_AP=0.9563084300782682
INFO - 11/08/25 16:14:41 - 0:18:05 - Epoch 206: train_loss=0.7271050214767456, train_AUC=0.9965087626507225, train_AP=0.9947052122233984, time=0.2632601261138916
INFO - 11/08/25 16:14:41 - 0:18:05 - Epoch 206: val_AUC=0.9583680876852299, val_AP=0.9562947669876711
INFO - 11/08/25 16:14:41 - 0:18:06 - Epoch 207: train_loss=0.7261731624603271, train_AUC=0.9963821234050833, train_AP=0.9949279452817757, time=0.28593945503234863
INFO - 11/08/25 16:14:41 - 0:18:06 - Epoch 207: val_AUC=0.9583218616820238, val_AP=0.9562889913217297
INFO - 11/08/25 16:14:42 - 0:18:06 - Epoch 208: train_loss=0.7239284515380859, train_AUC=0.996623654116517, train_AP=0.9953107358475355, time=0.25872182846069336
INFO - 11/08/25 16:14:42 - 0:18:06 - Epoch 208: val_AUC=0.958281133925895, val_AP=0.956269582863223
INFO - 11/08/25 16:14:42 - 0:18:06 - Epoch 209: train_loss=0.7238003015518188, train_AUC=0.9965821960054222, train_AP=0.9950914392650743, time=0.2575562000274658
INFO - 11/08/25 16:14:42 - 0:18:06 - Epoch 209: val_AUC=0.9582642319071015, val_AP=0.9562840565114387
INFO - 11/08/25 16:14:42 - 0:18:07 - Epoch 210: train_loss=0.7231737971305847, train_AUC=0.996705251018454, train_AP=0.9952563152358185, time=0.2921149730682373
INFO - 11/08/25 16:14:42 - 0:18:07 - Epoch 210: val_AUC=0.9582098603526696, val_AP=0.9562609118563837
INFO - 11/08/25 16:14:43 - 0:18:07 - Epoch 211: train_loss=0.7229410409927368, train_AUC=0.9966662469733586, train_AP=0.9953201560000126, time=0.263869047164917
INFO - 11/08/25 16:14:43 - 0:18:07 - Epoch 211: val_AUC=0.9581540633267736, val_AP=0.9562240895782205
INFO - 11/08/25 16:14:43 - 0:18:07 - Epoch 212: train_loss=0.7214352488517761, train_AUC=0.996637813341149, train_AP=0.9953628760532366, time=0.2693023681640625
INFO - 11/08/25 16:14:43 - 0:18:07 - Epoch 212: val_AUC=0.9580836043086708, val_AP=0.9561733647698274
INFO - 11/08/25 16:14:43 - 0:18:08 - Epoch 213: train_loss=0.7208695411682129, train_AUC=0.9968557440533109, train_AP=0.995510154497474, time=0.2775743007659912
INFO - 11/08/25 16:14:43 - 0:18:08 - Epoch 213: val_AUC=0.9579964469105553, val_AP=0.9560828150377944
INFO - 11/08/25 16:14:44 - 0:18:08 - Epoch 214: train_loss=0.7201656699180603, train_AUC=0.996944563841763, train_AP=0.9956874781494117, time=0.26653623580932617
INFO - 11/08/25 16:14:44 - 0:18:08 - Epoch 214: val_AUC=0.9579145841207365, val_AP=0.9560185330562898
INFO - 11/08/25 16:14:44 - 0:18:08 - Epoch 215: train_loss=0.7198733687400818, train_AUC=0.9967799533228827, train_AP=0.9953702962433831, time=0.23029088973999023
INFO - 11/08/25 16:14:44 - 0:18:08 - Epoch 215: val_AUC=0.9578630635092339, val_AP=0.9559827630417788
INFO - 11/08/25 16:14:44 - 0:18:09 - Epoch 216: train_loss=0.7181278467178345, train_AUC=0.9969025100904205, train_AP=0.9957898807925568, time=0.2284696102142334
INFO - 11/08/25 16:14:44 - 0:18:09 - Epoch 216: val_AUC=0.9578029900689439, val_AP=0.9559349758097945
INFO - 11/08/25 16:14:45 - 0:18:09 - Epoch 217: train_loss=0.7198997735977173, train_AUC=0.9965775872786335, train_AP=0.9949242626830981, time=0.2452073097229004
INFO - 11/08/25 16:14:45 - 0:18:09 - Epoch 217: val_AUC=0.9577148144769253, val_AP=0.9558632485750622
INFO - 11/08/25 16:14:45 - 0:18:09 - Epoch 218: train_loss=0.7172085046768188, train_AUC=0.9970525131574571, train_AP=0.9957025056560226, time=0.22440695762634277
INFO - 11/08/25 16:14:45 - 0:18:09 - Epoch 218: val_AUC=0.9576378390178419, val_AP=0.9558087696105145
INFO - 11/08/25 16:14:45 - 0:18:09 - Epoch 219: train_loss=0.7162415981292725, train_AUC=0.9971153634185795, train_AP=0.996019164130648, time=0.2308957576751709
INFO - 11/08/25 16:14:45 - 0:18:09 - Epoch 219: val_AUC=0.9575671763609587, val_AP=0.9557566792063893
INFO - 11/08/25 16:14:45 - 0:18:10 - Epoch 220: train_loss=0.7154675722122192, train_AUC=0.9969681044883549, train_AP=0.9956498394018888, time=0.22588205337524414
INFO - 11/08/25 16:14:45 - 0:18:10 - Epoch 220: val_AUC=0.957474927993327, val_AP=0.955692661380246
INFO - 11/08/25 16:14:46 - 0:18:10 - Epoch 221: train_loss=0.713578462600708, train_AUC=0.9970308163185978, train_AP=0.995741482336901, time=0.22890329360961914
INFO - 11/08/25 16:14:46 - 0:18:10 - Epoch 221: val_AUC=0.9573503010595733, val_AP=0.9555944278634624
INFO - 11/08/25 16:14:46 - 0:18:10 - Epoch 222: train_loss=0.7139777541160583, train_AUC=0.9972620082158818, train_AP=0.9961846595603743, time=0.23662590980529785
INFO - 11/08/25 16:14:46 - 0:18:10 - Epoch 222: val_AUC=0.9572401324792451, val_AP=0.9555002862942032
INFO - 11/08/25 16:14:46 - 0:18:10 - Epoch 223: train_loss=0.7141141891479492, train_AUC=0.9966278679806696, train_AP=0.9950153982604264, time=0.22131943702697754
INFO - 11/08/25 16:14:46 - 0:18:11 - Epoch 223: val_AUC=0.9571537896362523, val_AP=0.9554153917377878
INFO - 11/08/25 16:14:46 - 0:18:11 - Epoch 224: train_loss=0.7134917378425598, train_AUC=0.9968157170991209, train_AP=0.9953170314671352, time=0.22534918785095215
INFO - 11/08/25 16:14:47 - 0:18:11 - Epoch 224: val_AUC=0.957061948546182, val_AP=0.9553293411520638
INFO - 11/08/25 16:14:47 - 0:18:11 - Epoch 225: train_loss=0.7123396992683411, train_AUC=0.9969389905018354, train_AP=0.9955727689926811, time=0.226576566696167
INFO - 11/08/25 16:14:47 - 0:18:11 - Epoch 225: val_AUC=0.9569644055702539, val_AP=0.9552497522971096
INFO - 11/08/25 16:14:47 - 0:18:11 - Epoch 226: train_loss=0.7120004892349243, train_AUC=0.9970465768327423, train_AP=0.9958799788413217, time=0.22460031509399414
INFO - 11/08/25 16:14:47 - 0:18:11 - Epoch 226: val_AUC=0.9568798954762867, val_AP=0.955197595720226
INFO - 11/08/25 16:14:47 - 0:18:12 - Epoch 227: train_loss=0.7099990844726562, train_AUC=0.9971053805443885, train_AP=0.9956768918482928, time=0.22274208068847656
INFO - 11/08/25 16:14:47 - 0:18:12 - Epoch 227: val_AUC=0.9567930435363421, val_AP=0.9551442341034202
INFO - 11/08/25 16:14:48 - 0:18:12 - Epoch 228: train_loss=0.7095925807952881, train_AUC=0.9971214226755513, train_AP=0.9958628567905532, time=0.22197437286376953
INFO - 11/08/25 16:14:48 - 0:18:12 - Epoch 228: val_AUC=0.9566904095908978, val_AP=0.9550748832197251
INFO - 11/08/25 16:14:48 - 0:18:12 - Epoch 229: train_loss=0.7095898985862732, train_AUC=0.9971098945182341, train_AP=0.9958869383841737, time=0.2255079746246338
INFO - 11/08/25 16:14:48 - 0:18:12 - Epoch 229: val_AUC=0.956568939058244, val_AP=0.9549752426667367
INFO - 11/08/25 16:14:48 - 0:18:12 - Epoch 230: train_loss=0.708095371723175, train_AUC=0.997357203045742, train_AP=0.9963667918325579, time=0.22233247756958008
INFO - 11/08/25 16:14:48 - 0:18:12 - Epoch 230: val_AUC=0.9564516431205932, val_AP=0.954869056019113
INFO - 11/08/25 16:14:48 - 0:18:13 - Epoch 231: train_loss=0.7078670859336853, train_AUC=0.9972011054975914, train_AP=0.9960773801880825, time=0.23337030410766602
INFO - 11/08/25 16:14:48 - 0:18:13 - Epoch 231: val_AUC=0.9563459545934393, val_AP=0.9547858664715779
INFO - 11/08/25 16:14:49 - 0:18:13 - Epoch 232: train_loss=0.7061903476715088, train_AUC=0.997350604859392, train_AP=0.9962904543966842, time=0.22224640846252441
INFO - 11/08/25 16:14:49 - 0:18:13 - Epoch 232: val_AUC=0.9562561498911754, val_AP=0.954706006256273
INFO - 11/08/25 16:14:49 - 0:18:13 - Epoch 233: train_loss=0.706639289855957, train_AUC=0.997236469832055, train_AP=0.9957956515470132, time=0.22643160820007324
INFO - 11/08/25 16:14:49 - 0:18:13 - Epoch 233: val_AUC=0.9561524977518279, val_AP=0.9546098120523925
INFO - 11/08/25 16:14:49 - 0:18:13 - Epoch 234: train_loss=0.7052992582321167, train_AUC=0.9972492741600505, train_AP=0.9960673253518849, time=0.219010591506958
INFO - 11/08/25 16:14:49 - 0:18:14 - Epoch 234: val_AUC=0.9560765404866477, val_AP=0.9545581038680111
INFO - 11/08/25 16:14:50 - 0:18:14 - Epoch 235: train_loss=0.7041658163070679, train_AUC=0.9973616078247463, train_AP=0.9963688881203236, time=0.26839637756347656
INFO - 11/08/25 16:14:50 - 0:18:14 - Epoch 235: val_AUC=0.9560036378031773, val_AP=0.9545130673512073
INFO - 11/08/25 16:14:50 - 0:18:14 - Epoch 236: train_loss=0.7053731083869934, train_AUC=0.9971774382202075, train_AP=0.9960407948701084, time=0.22092461585998535
INFO - 11/08/25 16:14:50 - 0:18:14 - Epoch 236: val_AUC=0.9558967274433395, val_AP=0.954436077737679
INFO - 11/08/25 16:14:50 - 0:18:14 - Epoch 237: train_loss=0.7037522792816162, train_AUC=0.9972743105998485, train_AP=0.9961312319423481, time=0.22353291511535645
INFO - 11/08/25 16:14:50 - 0:18:14 - Epoch 237: val_AUC=0.9557717950514146, val_AP=0.9543324795547068
INFO - 11/08/25 16:14:50 - 0:18:15 - Epoch 238: train_loss=0.7031433582305908, train_AUC=0.9970963837700633, train_AP=0.9957688346608902, time=0.22446227073669434
INFO - 11/08/25 16:14:50 - 0:18:15 - Epoch 238: val_AUC=0.9556395316633868, val_AP=0.9542143257253729
INFO - 11/08/25 16:14:51 - 0:18:15 - Epoch 239: train_loss=0.7020288705825806, train_AUC=0.9971940286151465, train_AP=0.9959766405214264, time=0.21894001960754395
INFO - 11/08/25 16:14:51 - 0:18:15 - Epoch 239: val_AUC=0.9555115446897522, val_AP=0.954124713867119
INFO - 11/08/25 16:14:51 - 0:18:15 - Epoch 240: train_loss=0.7017817497253418, train_AUC=0.9974216707994824, train_AP=0.9964053401758158, time=0.2173781394958496
INFO - 11/08/25 16:14:51 - 0:18:15 - Epoch 240: val_AUC=0.9553778558302597, val_AP=0.9540233182895396
INFO - 11/08/25 16:14:51 - 0:18:15 - Epoch 241: train_loss=0.6991763114929199, train_AUC=0.9976439814576282, train_AP=0.9967254831952167, time=0.21877002716064453
INFO - 11/08/25 16:14:51 - 0:18:15 - Epoch 241: val_AUC=0.9552399923757641, val_AP=0.9539160933895623
INFO - 11/08/25 16:14:51 - 0:18:16 - Epoch 242: train_loss=0.7001222372055054, train_AUC=0.9972865492281172, train_AP=0.9959456417367494, time=0.2554624080657959
INFO - 11/08/25 16:14:51 - 0:18:16 - Epoch 242: val_AUC=0.9551273801300681, val_AP=0.9538378495100861
INFO - 11/08/25 16:14:52 - 0:18:16 - Epoch 243: train_loss=0.6984258890151978, train_AUC=0.9974284583155977, train_AP=0.9962973385225474, time=0.22186279296875
INFO - 11/08/25 16:14:52 - 0:18:16 - Epoch 243: val_AUC=0.954993793089966, val_AP=0.9537469043757915
INFO - 11/08/25 16:14:52 - 0:18:16 - Epoch 244: train_loss=0.6980423331260681, train_AUC=0.9974911541188559, train_AP=0.9963645164398933, time=0.22244882583618164
INFO - 11/08/25 16:14:52 - 0:18:16 - Epoch 244: val_AUC=0.9548891227567151, val_AP=0.9536824801717957
INFO - 11/08/25 16:14:52 - 0:18:16 - Epoch 245: train_loss=0.6979302167892456, train_AUC=0.9975246332572195, train_AP=0.9965053053238897, time=0.22408199310302734
INFO - 11/08/25 16:14:52 - 0:18:17 - Epoch 245: val_AUC=0.9547907652256642, val_AP=0.9536149854743965
INFO - 11/08/25 16:14:52 - 0:18:17 - Epoch 246: train_loss=0.6974422335624695, train_AUC=0.9977080684383896, train_AP=0.9966953729958188, time=0.23351550102233887
INFO - 11/08/25 16:14:53 - 0:18:17 - Epoch 246: val_AUC=0.9546852803372908, val_AP=0.9535272059721437
INFO - 11/08/25 16:14:53 - 0:18:17 - Epoch 247: train_loss=0.6966946125030518, train_AUC=0.9976021425735543, train_AP=0.99666791991985, time=0.2218015193939209
INFO - 11/08/25 16:14:53 - 0:18:17 - Epoch 247: val_AUC=0.9545441586623049, val_AP=0.9533949110902735
INFO - 11/08/25 16:14:53 - 0:18:17 - Epoch 248: train_loss=0.6972540616989136, train_AUC=0.9974502999256821, train_AP=0.996442530130038, time=0.2213118076324463
INFO - 11/08/25 16:14:53 - 0:18:17 - Epoch 248: val_AUC=0.9544453938536929, val_AP=0.9533164799517395
INFO - 11/08/25 16:14:53 - 0:18:18 - Epoch 249: train_loss=0.6961292028427124, train_AUC=0.9974371968969594, train_AP=0.996245860170039, time=0.2216958999633789
INFO - 11/08/25 16:14:53 - 0:18:18 - Epoch 249: val_AUC=0.9543411307980032, val_AP=0.9532436817857357
INFO - 11/08/25 16:14:54 - 0:18:18 - Epoch 250: train_loss=0.6948959827423096, train_AUC=0.9975952164504387, train_AP=0.9966469260994189, time=0.22075796127319336
INFO - 11/08/25 16:14:54 - 0:18:18 - Epoch 250: val_AUC=0.9542674135594105, val_AP=0.9532136508025374
INFO - 11/08/25 16:14:54 - 0:18:18 - Epoch 251: train_loss=0.6936525106430054, train_AUC=0.9977133020414639, train_AP=0.9968414947957493, time=0.23610162734985352
INFO - 11/08/25 16:14:54 - 0:18:18 - Epoch 251: val_AUC=0.9541894199064239, val_AP=0.9531811908623824
INFO - 11/08/25 16:14:54 - 0:18:18 - Epoch 252: train_loss=0.6952069997787476, train_AUC=0.9974318160569698, train_AP=0.9963106166884547, time=0.22907066345214844
INFO - 11/08/25 16:14:54 - 0:18:18 - Epoch 252: val_AUC=0.9541022625083084, val_AP=0.9531429879367223
INFO - 11/08/25 16:14:54 - 0:18:19 - Epoch 253: train_loss=0.6928545832633972, train_AUC=0.9976113968363604, train_AP=0.9966803259883656, time=0.2208724021911621
INFO - 11/08/25 16:14:54 - 0:18:19 - Epoch 253: val_AUC=0.9539729518825998, val_AP=0.9530206972353543
INFO - 11/08/25 16:14:55 - 0:18:19 - Epoch 254: train_loss=0.6931126117706299, train_AUC=0.9975328651392931, train_AP=0.9963791629868897, time=0.22217774391174316
INFO - 11/08/25 16:14:55 - 0:18:19 - Epoch 254: val_AUC=0.9538668560778845, val_AP=0.9529283070265637
INFO - 11/08/25 16:14:55 - 0:18:19 - Epoch 255: train_loss=0.6910675764083862, train_AUC=0.9977019399659781, train_AP=0.996432834404943, time=0.25757360458374023
INFO - 11/08/25 16:14:55 - 0:18:19 - Epoch 255: val_AUC=0.9537448764482792, val_AP=0.9528176730048508
INFO - 11/08/25 16:14:55 - 0:18:20 - Epoch 256: train_loss=0.6913173198699951, train_AUC=0.9976261969642628, train_AP=0.9964066570667637, time=0.2235426902770996
INFO - 11/08/25 16:14:55 - 0:18:20 - Epoch 256: val_AUC=0.9536387806435637, val_AP=0.9527387146585637
INFO - 11/08/25 16:14:56 - 0:18:20 - Epoch 257: train_loss=0.6902757883071899, train_AUC=0.9975944536716356, train_AP=0.9966004246066242, time=0.23621153831481934
INFO - 11/08/25 16:14:56 - 0:18:20 - Epoch 257: val_AUC=0.9535473468310547, val_AP=0.9526697851039747
INFO - 11/08/25 16:14:56 - 0:18:20 - Epoch 258: train_loss=0.6902452707290649, train_AUC=0.9977646436946683, train_AP=0.9967949885201395, time=0.2251126766204834
INFO - 11/08/25 16:14:56 - 0:18:20 - Epoch 258: val_AUC=0.9534487856612232, val_AP=0.9525858364034905
INFO - 11/08/25 16:14:56 - 0:18:20 - Epoch 259: train_loss=0.6886565685272217, train_AUC=0.9978052851340221, train_AP=0.9969613699373693, time=0.24790143966674805
INFO - 11/08/25 16:14:56 - 0:18:20 - Epoch 259: val_AUC=0.9533661083162821, val_AP=0.9525123465710175
INFO - 11/08/25 16:14:56 - 0:18:21 - Epoch 260: train_loss=0.6880308389663696, train_AUC=0.997850866935465, train_AP=0.9969471338956956, time=0.226546049118042
INFO - 11/08/25 16:14:56 - 0:18:21 - Epoch 260: val_AUC=0.9532640852871795, val_AP=0.9524397894788896
INFO - 11/08/25 16:14:57 - 0:18:21 - Epoch 261: train_loss=0.6870369911193848, train_AUC=0.9977619575015706, train_AP=0.9966806768058972, time=0.2232069969177246
INFO - 11/08/25 16:14:57 - 0:18:21 - Epoch 261: val_AUC=0.9531514730414837, val_AP=0.9523456990723373
INFO - 11/08/25 16:14:57 - 0:18:21 - Epoch 262: train_loss=0.6865478157997131, train_AUC=0.9979287975325426, train_AP=0.9970921573212727, time=0.2243056297302246
INFO - 11/08/25 16:14:57 - 0:18:21 - Epoch 262: val_AUC=0.9530217551382136, val_AP=0.9522446478279141
INFO - 11/08/25 16:14:57 - 0:18:22 - Epoch 263: train_loss=0.6860842704772949, train_AUC=0.9979346797881989, train_AP=0.9969292721959235, time=0.24819231033325195
INFO - 11/08/25 16:14:57 - 0:18:22 - Epoch 263: val_AUC=0.9528914263186017, val_AP=0.9521385397449762
INFO - 11/08/25 16:14:57 - 0:18:22 - Epoch 264: train_loss=0.6865242719650269, train_AUC=0.9977462628565724, train_AP=0.9965980030070222, time=0.22118425369262695
INFO - 11/08/25 16:14:58 - 0:18:22 - Epoch 264: val_AUC=0.9528061016695122, val_AP=0.952089847038938
INFO - 11/08/25 16:14:58 - 0:18:22 - Epoch 265: train_loss=0.6854191422462463, train_AUC=0.9978678268316574, train_AP=0.997123009904985, time=0.22182965278625488
INFO - 11/08/25 16:14:58 - 0:18:22 - Epoch 265: val_AUC=0.952743991841416, val_AP=0.9520710247018506
INFO - 11/08/25 16:14:58 - 0:18:22 - Epoch 266: train_loss=0.6850243806838989, train_AUC=0.9977981161404448, train_AP=0.9967020443426996, time=0.2213432788848877
INFO - 11/08/25 16:14:58 - 0:18:22 - Epoch 266: val_AUC=0.9526615181352553, val_AP=0.9520660358519
INFO - 11/08/25 16:14:58 - 0:18:23 - Epoch 267: train_loss=0.6860946416854858, train_AUC=0.9976218816545802, train_AP=0.9964994619584049, time=0.25141358375549316
INFO - 11/08/25 16:14:58 - 0:18:23 - Epoch 267: val_AUC=0.9525861717864171, val_AP=0.9520227102642886
INFO - 11/08/25 16:14:59 - 0:18:23 - Epoch 268: train_loss=0.6842377185821533, train_AUC=0.9980239539680876, train_AP=0.9973473166143275, time=0.22892427444458008
INFO - 11/08/25 16:14:59 - 0:18:23 - Epoch 268: val_AUC=0.952501050776108, val_AP=0.9519719436944777
INFO - 11/08/25 16:14:59 - 0:18:23 - Epoch 269: train_loss=0.6830601096153259, train_AUC=0.997833430632747, train_AP=0.9970222649113092, time=0.2280566692352295
INFO - 11/08/25 16:14:59 - 0:18:23 - Epoch 269: val_AUC=0.9523792747852833, val_AP=0.95189142438931
INFO - 11/08/25 16:14:59 - 0:18:23 - Epoch 270: train_loss=0.6828914284706116, train_AUC=0.9977547231672091, train_AP=0.9968607188226725, time=0.2332439422607422
INFO - 11/08/25 16:14:59 - 0:18:24 - Epoch 270: val_AUC=0.9521137298153242, val_AP=0.9515841020939986
INFO - 11/08/25 16:14:59 - 0:18:24 - Epoch 271: train_loss=0.6832934617996216, train_AUC=0.9978774252343343, train_AP=0.9970106722331011, time=0.24322891235351562
INFO - 11/08/25 16:15:00 - 0:18:24 - Epoch 271: val_AUC=0.9519514297071511, val_AP=0.9514330995830533
INFO - 11/08/25 16:15:00 - 0:18:24 - Epoch 272: train_loss=0.6803383827209473, train_AUC=0.9979916409249574, train_AP=0.997002992209788, time=0.22324919700622559
INFO - 11/08/25 16:15:00 - 0:18:24 - Epoch 272: val_AUC=0.9518632541151324, val_AP=0.9513754724615971
INFO - 11/08/25 16:15:00 - 0:18:24 - Epoch 273: train_loss=0.6813337802886963, train_AUC=0.9978415290153209, train_AP=0.9968285156048261, time=0.22167205810546875
INFO - 11/08/25 16:15:00 - 0:18:24 - Epoch 273: val_AUC=0.9517868895723911, val_AP=0.9513407188344238
INFO - 11/08/25 16:15:00 - 0:18:25 - Epoch 274: train_loss=0.6799481511116028, train_AUC=0.9980572640305677, train_AP=0.9972756247972024, time=0.2291262149810791
INFO - 11/08/25 16:15:00 - 0:18:25 - Epoch 274: val_AUC=0.9517105250296498, val_AP=0.9513075255671757
INFO - 11/08/25 16:15:01 - 0:18:25 - Epoch 275: train_loss=0.6801427602767944, train_AUC=0.9979408246398365, train_AP=0.9970653379951463, time=0.2226552963256836
INFO - 11/08/25 16:15:01 - 0:18:25 - Epoch 275: val_AUC=0.9517168378318499, val_AP=0.9514621779505368
INFO - 11/08/25 16:15:01 - 0:18:25 - Epoch 276: train_loss=0.6801692843437195, train_AUC=0.9977366773107075, train_AP=0.9966370041035559, time=0.22114968299865723
INFO - 11/08/25 16:15:01 - 0:18:25 - Epoch 276: val_AUC=0.9516763137145019, val_AP=0.951459884489099
INFO - 11/08/25 16:15:01 - 0:18:25 - Epoch 277: train_loss=0.6798049211502075, train_AUC=0.9977865155975151, train_AP=0.9968140471145173, time=0.22881364822387695
INFO - 11/08/25 16:15:01 - 0:18:25 - Epoch 277: val_AUC=0.9515934327307796, val_AP=0.9514056388263553
INFO - 11/08/25 16:15:01 - 0:18:26 - Epoch 278: train_loss=0.6780767440795898, train_AUC=0.997851317452246, train_AP=0.9967932879544372, time=0.2965569496154785
INFO - 11/08/25 16:15:01 - 0:18:26 - Epoch 278: val_AUC=0.9514658530347067, val_AP=0.9513090428653462
INFO - 11/08/25 16:15:02 - 0:18:26 - Epoch 279: train_loss=0.6777452230453491, train_AUC=0.9978008255814765, train_AP=0.9966806114101512, time=0.26450443267822266
INFO - 11/08/25 16:15:02 - 0:18:26 - Epoch 279: val_AUC=0.9513620990759687, val_AP=0.9512397713781793
INFO - 11/08/25 16:15:02 - 0:18:26 - Epoch 280: train_loss=0.6767698526382446, train_AUC=0.997967946524984, train_AP=0.99689381546549, time=0.2662692070007324
INFO - 11/08/25 16:15:02 - 0:18:26 - Epoch 280: val_AUC=0.9512931673487208, val_AP=0.951198088966446
INFO - 11/08/25 16:15:02 - 0:18:27 - Epoch 281: train_loss=0.6773862838745117, train_AUC=0.9979748597912875, train_AP=0.9968280716711385, time=0.2895996570587158
INFO - 11/08/25 16:15:02 - 0:18:27 - Epoch 281: val_AUC=0.9512521341344211, val_AP=0.9511879880371245
INFO - 11/08/25 16:15:03 - 0:18:27 - Epoch 282: train_loss=0.6763573884963989, train_AUC=0.9979939630765435, train_AP=0.9970722734349698, time=0.2595977783203125
INFO - 11/08/25 16:15:03 - 0:18:27 - Epoch 282: val_AUC=0.9511778059794864, val_AP=0.9511393449847017
INFO - 11/08/25 16:15:03 - 0:18:27 - Epoch 283: train_loss=0.6759257316589355, train_AUC=0.9979141634864714, train_AP=0.9970348430377362, time=0.264371395111084
INFO - 11/08/25 16:15:03 - 0:18:27 - Epoch 283: val_AUC=0.9511189543718803, val_AP=0.9511073659103336
INFO - 11/08/25 16:15:03 - 0:18:28 - Epoch 284: train_loss=0.6759065389633179, train_AUC=0.9979667018799131, train_AP=0.9970821028961738, time=0.29108524322509766
INFO - 11/08/25 16:15:03 - 0:18:28 - Epoch 284: val_AUC=0.9510855576118545, val_AP=0.9510953182630244
INFO - 11/08/25 16:15:04 - 0:18:28 - Epoch 285: train_loss=0.6755316853523254, train_AUC=0.9979223284426744, train_AP=0.9971848138831324, time=0.25763750076293945
INFO - 11/08/25 16:15:04 - 0:18:28 - Epoch 285: val_AUC=0.9510273169205907, val_AP=0.9510612002614939
INFO - 11/08/25 16:15:04 - 0:18:28 - Epoch 286: train_loss=0.6746933460235596, train_AUC=0.9977717535116863, train_AP=0.9965553437565613, time=0.26699209213256836
INFO - 11/08/25 16:15:04 - 0:18:28 - Epoch 286: val_AUC=0.9508833443026758, val_AP=0.9509621876656307
INFO - 11/08/25 16:15:04 - 0:18:29 - Epoch 287: train_loss=0.6742635369300842, train_AUC=0.9980694739511605, train_AP=0.9971289359004387, time=0.26407957077026367
INFO - 11/08/25 16:15:04 - 0:18:29 - Epoch 287: val_AUC=0.9507760266652766, val_AP=0.9508784924790239
INFO - 11/08/25 16:15:05 - 0:18:29 - Epoch 288: train_loss=0.672981858253479, train_AUC=0.998024625516362, train_AP=0.9971545438551352, time=0.28878164291381836
INFO - 11/08/25 16:15:05 - 0:18:29 - Epoch 288: val_AUC=0.9506955893469222, val_AP=0.9508251996271054
INFO - 11/08/25 16:15:05 - 0:18:29 - Epoch 289: train_loss=0.6726865768432617, train_AUC=0.9979661969418321, train_AP=0.9971291616626086, time=0.22446012496948242
INFO - 11/08/25 16:15:05 - 0:18:29 - Epoch 289: val_AUC=0.9506414214312712, val_AP=0.9508277228274497
INFO - 11/08/25 16:15:05 - 0:18:30 - Epoch 290: train_loss=0.6717491745948792, train_AUC=0.9980608362869668, train_AP=0.9970780605628012, time=0.2512226104736328
INFO - 11/08/25 16:15:05 - 0:18:30 - Epoch 290: val_AUC=0.9505475439533945, val_AP=0.9507701007004462
INFO - 11/08/25 16:15:06 - 0:18:30 - Epoch 291: train_loss=0.6703715920448303, train_AUC=0.9981141841312003, train_AP=0.9973148891193193, time=0.2548677921295166
INFO - 11/08/25 16:15:06 - 0:18:30 - Epoch 291: val_AUC=0.9504554992245434, val_AP=0.9507074608342987
INFO - 11/08/25 16:15:06 - 0:18:30 - Epoch 292: train_loss=0.670976996421814, train_AUC=0.9982161226231185, train_AP=0.9975331943171877, time=0.28359293937683105
INFO - 11/08/25 16:15:06 - 0:18:30 - Epoch 292: val_AUC=0.9504225097420792, val_AP=0.9506906937583914
INFO - 11/08/25 16:15:06 - 0:18:31 - Epoch 293: train_loss=0.6706990003585815, train_AUC=0.9981298505968846, train_AP=0.9971745851740643, time=0.2579071521759033
INFO - 11/08/25 16:15:06 - 0:18:31 - Epoch 293: val_AUC=0.9503844292900987, val_AP=0.9506480667202264
INFO - 11/08/25 16:15:07 - 0:18:31 - Epoch 294: train_loss=0.6717488765716553, train_AUC=0.9978637531595915, train_AP=0.9967720831215309, time=0.25074124336242676
INFO - 11/08/25 16:15:07 - 0:18:31 - Epoch 294: val_AUC=0.9502972718919834, val_AP=0.9505789018002704
INFO - 11/08/25 16:15:07 - 0:18:31 - Epoch 295: train_loss=0.6685534119606018, train_AUC=0.9981373693661958, train_AP=0.9973072795891438, time=0.25968360900878906
INFO - 11/08/25 16:15:07 - 0:18:31 - Epoch 295: val_AUC=0.9502180564063132, val_AP=0.9505316804592974
INFO - 11/08/25 16:15:07 - 0:18:31 - Epoch 296: train_loss=0.6697443723678589, train_AUC=0.9980933039640821, train_AP=0.997335129309946, time=0.25844430923461914
INFO - 11/08/25 16:15:07 - 0:18:31 - Epoch 296: val_AUC=0.9501460700973556, val_AP=0.9504786880939089
INFO - 11/08/25 16:15:07 - 0:18:32 - Epoch 297: train_loss=0.6690074801445007, train_AUC=0.9981668834989726, train_AP=0.9971732033878573, time=0.2527189254760742
INFO - 11/08/25 16:15:08 - 0:18:32 - Epoch 297: val_AUC=0.9500689928188821, val_AP=0.9504320680105173
INFO - 11/08/25 16:15:08 - 0:18:32 - Epoch 298: train_loss=0.6675670146942139, train_AUC=0.9981534683843484, train_AP=0.9973182413262311, time=0.25980401039123535
INFO - 11/08/25 16:15:08 - 0:18:32 - Epoch 298: val_AUC=0.9499909991658956, val_AP=0.9503906905174091
INFO - 11/08/25 16:15:08 - 0:18:32 - Epoch 299: train_loss=0.6682515144348145, train_AUC=0.9981013831494984, train_AP=0.9972021204023712, time=0.2514915466308594
INFO - 11/08/25 16:15:08 - 0:18:32 - Epoch 299: val_AUC=0.9499533259914765, val_AP=0.95036191899059
INFO - 11/08/25 16:15:08 - 0:18:33 - Epoch 300: train_loss=0.6676087379455566, train_AUC=0.9980191370666175, train_AP=0.9968679317016746, time=0.25158166885375977
INFO - 11/08/25 16:15:08 - 0:18:33 - Epoch 300: val_AUC=0.9498965107716768, val_AP=0.9503339221606637
INFO - 11/08/25 16:15:08 - 0:18:33 - best_epoch=159
INFO - 11/08/25 16:15:08 - 0:18:33 - test_auc= 95.63%, test_ap= 95.38%
INFO - 11/08/25 16:15:08 - 0:18:33 - 
                                     train iters 8
INFO - 11/08/25 16:15:08 - 0:18:33 - --------------------------Training Start-------------------------
INFO - 11/08/25 16:15:11 - 0:18:35 - Epoch 0: train_loss=5.71076774597168, train_AUC=0.9949407448064314, train_AP=0.994396402757881, time=2.183178663253784
INFO - 11/08/25 16:15:11 - 0:18:35 - Epoch 0: val_AUC=0.7284733444981688, val_AP=0.7802808626999445
INFO - 11/08/25 16:15:11 - 0:18:35 - Epoch 1: train_loss=2.72873854637146, train_AUC=0.8472187800211842, train_AP=0.8928570041636125, time=0.21750426292419434
INFO - 11/08/25 16:15:11 - 0:18:35 - Epoch 1: val_AUC=0.6693845995321195, val_AP=0.7209316577994839
INFO - 11/08/25 16:15:11 - 0:18:35 - Epoch 2: train_loss=3.5636074542999268, train_AUC=0.7312468393729287, train_AP=0.7912193475980733, time=0.21699023246765137
INFO - 11/08/25 16:15:11 - 0:18:36 - Epoch 2: val_AUC=0.6621391317168215, val_AP=0.7059979032847565
INFO - 11/08/25 16:15:11 - 0:18:36 - Epoch 3: train_loss=3.795781373977661, train_AUC=0.686882061637436, train_AP=0.7462491247993873, time=0.21556329727172852
INFO - 11/08/25 16:15:12 - 0:18:36 - Epoch 3: val_AUC=0.6855424204016733, val_AP=0.7183331556369592
INFO - 11/08/25 16:15:12 - 0:18:36 - Epoch 4: train_loss=3.4593844413757324, train_AUC=0.7042777600775679, train_AP=0.7506067510610739, time=0.23776865005493164
INFO - 11/08/25 16:15:12 - 0:18:36 - Epoch 4: val_AUC=0.7405896483076804, val_AP=0.752744441526721
INFO - 11/08/25 16:15:12 - 0:18:36 - Epoch 5: train_loss=2.778202533721924, train_AUC=0.7627578502679419, train_AP=0.7856469714452334, time=0.22104454040527344
INFO - 11/08/25 16:15:12 - 0:18:36 - Epoch 5: val_AUC=0.7854410897444252, val_AP=0.7837609596029611
INFO - 11/08/25 16:15:12 - 0:18:37 - Epoch 6: train_loss=2.432705879211426, train_AUC=0.8097608900254821, train_AP=0.8175253781040119, time=0.2205958366394043
INFO - 11/08/25 16:15:12 - 0:18:37 - Epoch 6: val_AUC=0.8165469134877296, val_AP=0.806784746439363
INFO - 11/08/25 16:15:13 - 0:18:37 - Epoch 7: train_loss=2.1306519508361816, train_AUC=0.8445165919927059, train_AP=0.8434208791914937, time=0.2154405117034912
INFO - 11/08/25 16:15:13 - 0:18:37 - Epoch 7: val_AUC=0.8337006298140206, val_AP=0.8213004507602412
INFO - 11/08/25 16:15:13 - 0:18:37 - Epoch 8: train_loss=2.015199899673462, train_AUC=0.860440979590839, train_AP=0.8571829200539568, time=0.25843262672424316
INFO - 11/08/25 16:15:13 - 0:18:37 - Epoch 8: val_AUC=0.8436662026417652, val_AP=0.8300852318630311
INFO - 11/08/25 16:15:13 - 0:18:38 - Epoch 9: train_loss=1.9340176582336426, train_AUC=0.8663355890582926, train_AP=0.8633070147105132, time=0.2619335651397705
INFO - 11/08/25 16:15:13 - 0:18:38 - Epoch 9: val_AUC=0.8558917586570919, val_AP=0.8417573899765054
INFO - 11/08/25 16:15:14 - 0:18:38 - Epoch 10: train_loss=1.8080008029937744, train_AUC=0.8811063571097837, train_AP=0.8746993914931745, time=0.25654172897338867
INFO - 11/08/25 16:15:14 - 0:18:38 - Epoch 10: val_AUC=0.863397069556491, val_AP=0.8488255664947721
INFO - 11/08/25 16:15:14 - 0:18:38 - Epoch 11: train_loss=1.7791311740875244, train_AUC=0.893105847267093, train_AP=0.8862586771826084, time=0.2583756446838379
INFO - 11/08/25 16:15:14 - 0:18:38 - Epoch 11: val_AUC=0.8705024338907064, val_AP=0.8560995937924134
INFO - 11/08/25 16:15:14 - 0:18:39 - Epoch 12: train_loss=1.7333705425262451, train_AUC=0.9022376369628782, train_AP=0.8951620557910058, time=0.26732468605041504
INFO - 11/08/25 16:15:14 - 0:18:39 - Epoch 12: val_AUC=0.8755351627155313, val_AP=0.8608749427205411
INFO - 11/08/25 16:15:15 - 0:18:39 - Epoch 13: train_loss=1.6751377582550049, train_AUC=0.9080093337228353, train_AP=0.9011404546593673, time=0.23731756210327148
INFO - 11/08/25 16:15:15 - 0:18:39 - Epoch 13: val_AUC=0.8795456248615257, val_AP=0.865031878782422
INFO - 11/08/25 16:15:15 - 0:18:39 - Epoch 14: train_loss=1.637174129486084, train_AUC=0.9141035647454848, train_AP=0.907444611483062, time=0.21744847297668457
INFO - 11/08/25 16:15:15 - 0:18:39 - Epoch 14: val_AUC=0.8840413582217935, val_AP=0.869803230931173
INFO - 11/08/25 16:15:15 - 0:18:39 - Epoch 15: train_loss=1.5975620746612549, train_AUC=0.9190654521318502, train_AP=0.912399199382454, time=0.24232697486877441
INFO - 11/08/25 16:15:15 - 0:18:39 - Epoch 15: val_AUC=0.8880904099167198, val_AP=0.8741389420108269
INFO - 11/08/25 16:15:15 - 0:18:40 - Epoch 16: train_loss=1.5579156875610352, train_AUC=0.9243416676124583, train_AP=0.917826996955876, time=0.21879196166992188
INFO - 11/08/25 16:15:15 - 0:18:40 - Epoch 16: val_AUC=0.8918643456189967, val_AP=0.878045395731792
INFO - 11/08/25 16:15:16 - 0:18:40 - Epoch 17: train_loss=1.5056331157684326, train_AUC=0.9288347450878411, train_AP=0.9219514377046228, time=0.21631765365600586
INFO - 11/08/25 16:15:16 - 0:18:40 - Epoch 17: val_AUC=0.894387633749951, val_AP=0.8807247882128456
INFO - 11/08/25 16:15:16 - 0:18:40 - Epoch 18: train_loss=1.4696842432022095, train_AUC=0.9326371614930329, train_AP=0.9262244262928471, time=0.2179546356201172
INFO - 11/08/25 16:15:16 - 0:18:40 - Epoch 18: val_AUC=0.8968031969659451, val_AP=0.8835631595938848
INFO - 11/08/25 16:15:16 - 0:18:41 - Epoch 19: train_loss=1.4458825588226318, train_AUC=0.9347153110419706, train_AP=0.9273207836193267, time=0.2800736427307129
INFO - 11/08/25 16:15:16 - 0:18:41 - Epoch 19: val_AUC=0.8998547240938889, val_AP=0.8864542389971772
INFO - 11/08/25 16:15:17 - 0:18:41 - Epoch 20: train_loss=1.4001402854919434, train_AUC=0.9378464722376102, train_AP=0.9309177867803834, time=0.256641149520874
INFO - 11/08/25 16:15:17 - 0:18:41 - Epoch 20: val_AUC=0.9016025557481526, val_AP=0.8886250721003774
INFO - 11/08/25 16:15:17 - 0:18:41 - Epoch 21: train_loss=1.3823010921478271, train_AUC=0.9394664763369115, train_AP=0.9320587046415848, time=0.2606220245361328
INFO - 11/08/25 16:15:17 - 0:18:41 - Epoch 21: val_AUC=0.9043364063782924, val_AP=0.8912739653751435
INFO - 11/08/25 16:15:17 - 0:18:42 - Epoch 22: train_loss=1.347505807876587, train_AUC=0.9423486340193121, train_AP=0.9348123148655808, time=0.2864501476287842
INFO - 11/08/25 16:15:17 - 0:18:42 - Epoch 22: val_AUC=0.9069162042708755, val_AP=0.8937854989164357
INFO - 11/08/25 16:15:18 - 0:18:42 - Epoch 23: train_loss=1.3184335231781006, train_AUC=0.9442716971291061, train_AP=0.9362272208343146, time=0.2601165771484375
INFO - 11/08/25 16:15:18 - 0:18:42 - Epoch 23: val_AUC=0.9084211966792217, val_AP=0.8955378715208463
INFO - 11/08/25 16:15:18 - 0:18:42 - Epoch 24: train_loss=1.2988369464874268, train_AUC=0.9467772823113904, train_AP=0.938914253204376, time=0.2143697738647461
INFO - 11/08/25 16:15:18 - 0:18:42 - Epoch 24: val_AUC=0.910122395052718, val_AP=0.8973585839655228
INFO - 11/08/25 16:15:18 - 0:18:43 - Epoch 25: train_loss=1.2849977016448975, train_AUC=0.9473743403307154, train_AP=0.9388926769725143, time=0.2171022891998291
INFO - 11/08/25 16:15:18 - 0:18:43 - Epoch 25: val_AUC=0.9120246867220999, val_AP=0.8992525402013982
INFO - 11/08/25 16:15:19 - 0:18:43 - Epoch 26: train_loss=1.2600502967834473, train_AUC=0.950259019004986, train_AP=0.9419035328175519, time=0.21785569190979004
INFO - 11/08/25 16:15:19 - 0:18:43 - Epoch 26: val_AUC=0.9136881101017869, val_AP=0.9007840184104153
INFO - 11/08/25 16:15:19 - 0:18:43 - Epoch 27: train_loss=1.242879867553711, train_AUC=0.9511287194594991, train_AP=0.9426753198458088, time=0.21741390228271484
INFO - 11/08/25 16:15:19 - 0:18:43 - Epoch 27: val_AUC=0.9150911813004209, val_AP=0.9021545967123534
INFO - 11/08/25 16:15:19 - 0:18:43 - Epoch 28: train_loss=1.2338809967041016, train_AUC=0.9517356863823161, train_AP=0.9433489925908886, time=0.21732330322265625
INFO - 11/08/25 16:15:19 - 0:18:43 - Epoch 28: val_AUC=0.9161777978339349, val_AP=0.9032267749040772
INFO - 11/08/25 16:15:19 - 0:18:44 - Epoch 29: train_loss=1.2234537601470947, train_AUC=0.9521854867042614, train_AP=0.9434357041929495, time=0.24283051490783691
INFO - 11/08/25 16:15:19 - 0:18:44 - Epoch 29: val_AUC=0.9175926800818465, val_AP=0.9045748175985305
INFO - 11/08/25 16:15:20 - 0:18:44 - Epoch 30: train_loss=1.2090239524841309, train_AUC=0.9529539286689249, train_AP=0.9435537732510907, time=0.2169647216796875
INFO - 11/08/25 16:15:20 - 0:18:44 - Epoch 30: val_AUC=0.9190550101656481, val_AP=0.9060205032591906
INFO - 11/08/25 16:15:20 - 0:18:44 - Epoch 31: train_loss=1.1963510513305664, train_AUC=0.954499039372825, train_AP=0.945404604428929, time=0.21634840965270996
INFO - 11/08/25 16:15:20 - 0:18:44 - Epoch 31: val_AUC=0.9204462703150048, val_AP=0.9075397000720107
INFO - 11/08/25 16:15:20 - 0:18:45 - Epoch 32: train_loss=1.1858468055725098, train_AUC=0.9551694058772648, train_AP=0.9458467846357856, time=0.22966885566711426
INFO - 11/08/25 16:15:20 - 0:18:45 - Epoch 32: val_AUC=0.9217383583781882, val_AP=0.908936553232441
INFO - 11/08/25 16:15:21 - 0:18:45 - Epoch 33: train_loss=1.1718173027038574, train_AUC=0.9574817797699038, train_AP=0.9483168259810155, time=0.21984028816223145
INFO - 11/08/25 16:15:21 - 0:18:45 - Epoch 33: val_AUC=0.9229064304239596, val_AP=0.9103460946338799
INFO - 11/08/25 16:15:21 - 0:18:45 - Epoch 34: train_loss=1.1649377346038818, train_AUC=0.957871028029896, train_AP=0.9486283789671391, time=0.21902894973754883
INFO - 11/08/25 16:15:21 - 0:18:45 - Epoch 34: val_AUC=0.9242431153801041, val_AP=0.9117337682940816
INFO - 11/08/25 16:15:21 - 0:18:45 - Epoch 35: train_loss=1.1551761627197266, train_AUC=0.9588401509158373, train_AP=0.949659759492844, time=0.21555852890014648
INFO - 11/08/25 16:15:21 - 0:18:45 - Epoch 35: val_AUC=0.9255920186630869, val_AP=0.9131871441740228
INFO - 11/08/25 16:15:21 - 0:18:46 - Epoch 36: train_loss=1.1445380449295044, train_AUC=0.9601219000415826, train_AP=0.9509439754880132, time=0.2313680648803711
INFO - 11/08/25 16:15:21 - 0:18:46 - Epoch 36: val_AUC=0.9268533572703933, val_AP=0.9145452826042009
INFO - 11/08/25 16:15:22 - 0:18:46 - Epoch 37: train_loss=1.134272813796997, train_AUC=0.9610993715776293, train_AP=0.9523163316597143, time=0.2228832244873047
INFO - 11/08/25 16:15:22 - 0:18:46 - Epoch 37: val_AUC=0.9280454586922807, val_AP=0.9157984840227575
INFO - 11/08/25 16:15:22 - 0:18:46 - Epoch 38: train_loss=1.124906301498413, train_AUC=0.9617372179209819, train_AP=0.9527154582616162, time=0.2154099941253662
INFO - 11/08/25 16:15:22 - 0:18:46 - Epoch 38: val_AUC=0.9291161914009045, val_AP=0.9169486522056024
INFO - 11/08/25 16:15:22 - 0:18:46 - Epoch 39: train_loss=1.1168140172958374, train_AUC=0.9624592823708262, train_AP=0.9535678421998803, time=0.2190098762512207
INFO - 11/08/25 16:15:22 - 0:18:47 - Epoch 39: val_AUC=0.9301783712807414, val_AP=0.9181391468739333
INFO - 11/08/25 16:15:23 - 0:18:47 - Epoch 40: train_loss=1.109682559967041, train_AUC=0.962874465286247, train_AP=0.9535966284316171, time=0.28670835494995117
INFO - 11/08/25 16:15:23 - 0:18:47 - Epoch 40: val_AUC=0.931293089965984, val_AP=0.9193930937147295
INFO - 11/08/25 16:15:23 - 0:18:47 - Epoch 41: train_loss=1.1038908958435059, train_AUC=0.9634896665568274, train_AP=0.9544254900129703, time=0.26559877395629883
INFO - 11/08/25 16:15:23 - 0:18:47 - Epoch 41: val_AUC=0.9324043467919562, val_AP=0.9207042810148037
INFO - 11/08/25 16:15:23 - 0:18:47 - Epoch 42: train_loss=1.0937368869781494, train_AUC=0.964908523191085, train_AP=0.9562297399178443, time=0.2569742202758789
INFO - 11/08/25 16:15:23 - 0:18:48 - Epoch 42: val_AUC=0.9334048241212578, val_AP=0.9218499496373321
INFO - 11/08/25 16:15:24 - 0:18:48 - Epoch 43: train_loss=1.0844404697418213, train_AUC=0.9660869738207749, train_AP=0.9570536050293623, time=0.2632300853729248
INFO - 11/08/25 16:15:24 - 0:18:48 - Epoch 43: val_AUC=0.9343957304278695, val_AP=0.9229323490368905
INFO - 11/08/25 16:15:24 - 0:18:48 - Epoch 44: train_loss=1.0767112970352173, train_AUC=0.9671389551613123, train_AP=0.9587545102648989, time=0.22535395622253418
INFO - 11/08/25 16:15:24 - 0:18:48 - Epoch 44: val_AUC=0.935350185392746, val_AP=0.9239579522669967
INFO - 11/08/25 16:15:24 - 0:18:48 - Epoch 45: train_loss=1.0689830780029297, train_AUC=0.9674598062383614, train_AP=0.9584847207198557, time=0.2212057113647461
INFO - 11/08/25 16:15:24 - 0:18:48 - Epoch 45: val_AUC=0.9362164647656036, val_AP=0.9248644138332763
INFO - 11/08/25 16:15:24 - 0:18:49 - Epoch 46: train_loss=1.0646398067474365, train_AUC=0.9680927648797176, train_AP=0.9596893801439096, time=0.2248680591583252
INFO - 11/08/25 16:15:24 - 0:18:49 - Epoch 46: val_AUC=0.9369703355315461, val_AP=0.9257131380460575
INFO - 11/08/25 16:15:25 - 0:18:49 - Epoch 47: train_loss=1.0562630891799927, train_AUC=0.9692489149287479, train_AP=0.9608301265802797, time=0.2791292667388916
INFO - 11/08/25 16:15:25 - 0:18:49 - Epoch 47: val_AUC=0.9378103455017007, val_AP=0.9266216060713719
INFO - 11/08/25 16:15:25 - 0:18:49 - Epoch 48: train_loss=1.0511752367019653, train_AUC=0.9696468239247469, train_AP=0.9614224375311397, time=0.2569751739501953
INFO - 11/08/25 16:15:25 - 0:18:49 - Epoch 48: val_AUC=0.9386468936125846, val_AP=0.9275116481044856
INFO - 11/08/25 16:15:25 - 0:18:50 - Epoch 49: train_loss=1.044215440750122, train_AUC=0.9705040101220771, train_AP=0.9625792762145099, time=0.26130008697509766
INFO - 11/08/25 16:15:25 - 0:18:50 - Epoch 49: val_AUC=0.93943334658343, val_AP=0.9283550401713843
INFO - 11/08/25 16:15:26 - 0:18:50 - Epoch 50: train_loss=1.0382351875305176, train_AUC=0.9704759602568989, train_AP=0.9621048528492513, time=0.26502418518066406
INFO - 11/08/25 16:15:26 - 0:18:50 - Epoch 50: val_AUC=0.9402155231398819, val_AP=0.9292088758862457
INFO - 11/08/25 16:15:26 - 0:18:50 - Epoch 51: train_loss=1.0330719947814941, train_AUC=0.9709896434357004, train_AP=0.9627401202923274, time=0.27562570571899414
INFO - 11/08/25 16:15:26 - 0:18:50 - Epoch 51: val_AUC=0.9410046234148758, val_AP=0.9300697069408506
INFO - 11/08/25 16:15:26 - 0:18:51 - Epoch 52: train_loss=1.0245604515075684, train_AUC=0.9719108567327498, train_AP=0.963583402144561, time=0.2657463550567627
INFO - 11/08/25 16:15:26 - 0:18:51 - Epoch 52: val_AUC=0.9417267265310378, val_AP=0.9308531493125681
INFO - 11/08/25 16:15:27 - 0:18:51 - Epoch 53: train_loss=1.0204025506973267, train_AUC=0.9726860155891234, train_AP=0.9651621943168591, time=0.2648451328277588
INFO - 11/08/25 16:15:27 - 0:18:51 - Epoch 53: val_AUC=0.9423873307354454, val_AP=0.9315743151345438
INFO - 11/08/25 16:15:27 - 0:18:51 - Epoch 54: train_loss=1.0142441987991333, train_AUC=0.9729369317732935, train_AP=0.9648121121077726, time=0.2943265438079834
INFO - 11/08/25 16:15:27 - 0:18:51 - Epoch 54: val_AUC=0.9429923415527375, val_AP=0.9322190245561128
INFO - 11/08/25 16:15:27 - 0:18:52 - Epoch 55: train_loss=1.0114634037017822, train_AUC=0.973099006506164, train_AP=0.9652106997204558, time=0.2315540313720703
INFO - 11/08/25 16:15:27 - 0:18:52 - Epoch 55: val_AUC=0.9437425468206284, val_AP=0.9330391143222654
INFO - 11/08/25 16:15:28 - 0:18:52 - Epoch 56: train_loss=1.0026390552520752, train_AUC=0.9741042341380417, train_AP=0.9661830679822768, time=0.22452425956726074
INFO - 11/08/25 16:15:28 - 0:18:52 - Epoch 56: val_AUC=0.9443514267747526, val_AP=0.9336982666072514
INFO - 11/08/25 16:15:28 - 0:18:52 - Epoch 57: train_loss=0.9983562231063843, train_AUC=0.974584722261188, train_AP=0.9671416255760391, time=0.22297143936157227
INFO - 11/08/25 16:15:28 - 0:18:52 - Epoch 57: val_AUC=0.9449558266757029, val_AP=0.9343494356461808
INFO - 11/08/25 16:15:28 - 0:18:53 - Epoch 58: train_loss=0.994348406791687, train_AUC=0.9750873204023836, train_AP=0.9677855166624146, time=0.23839402198791504
INFO - 11/08/25 16:15:28 - 0:18:53 - Epoch 58: val_AUC=0.9455952524469236, val_AP=0.9350471311141209
INFO - 11/08/25 16:15:29 - 0:18:53 - Epoch 59: train_loss=0.9870885610580444, train_AUC=0.9761583833653295, train_AP=0.9688562278772535, time=0.22754740715026855
INFO - 11/08/25 16:15:29 - 0:18:53 - Epoch 59: val_AUC=0.9462141107012992, val_AP=0.9356999156726602
INFO - 11/08/25 16:15:29 - 0:18:53 - Epoch 60: train_loss=0.9833787679672241, train_AUC=0.9766150175231373, train_AP=0.9694793887921789, time=0.2236800193786621
INFO - 11/08/25 16:15:29 - 0:18:53 - Epoch 60: val_AUC=0.9468364308149461, val_AP=0.9363856900248475
INFO - 11/08/25 16:15:29 - 0:18:53 - Epoch 61: train_loss=0.9811629056930542, train_AUC=0.976468603091726, train_AP=0.9693859251933461, time=0.2413034439086914
INFO - 11/08/25 16:15:29 - 0:18:53 - Epoch 61: val_AUC=0.9474461253241929, val_AP=0.9370716993036572
INFO - 11/08/25 16:15:29 - 0:18:54 - Epoch 62: train_loss=0.9753960967063904, train_AUC=0.9773571718864656, train_AP=0.9702943011337832, time=0.22357535362243652
INFO - 11/08/25 16:15:29 - 0:18:54 - Epoch 62: val_AUC=0.9480277176817109, val_AP=0.9376850792707625
INFO - 11/08/25 16:15:30 - 0:18:54 - Epoch 63: train_loss=0.9709660410881042, train_AUC=0.9778334639336511, train_AP=0.9708487041701868, time=0.22408676147460938
INFO - 11/08/25 16:15:30 - 0:18:54 - Epoch 63: val_AUC=0.9485728586974937, val_AP=0.9383006070143916
INFO - 11/08/25 16:15:30 - 0:18:54 - Epoch 64: train_loss=0.9674019813537598, train_AUC=0.9782162786801589, train_AP=0.9714326691658487, time=0.2258319854736328
INFO - 11/08/25 16:15:30 - 0:18:54 - Epoch 64: val_AUC=0.9491082250518057, val_AP=0.9388809982345014
INFO - 11/08/25 16:15:30 - 0:18:55 - Epoch 65: train_loss=0.9617620706558228, train_AUC=0.9789521712476968, train_AP=0.9723583866543872, time=0.2365734577178955
INFO - 11/08/25 16:15:30 - 0:18:55 - Epoch 65: val_AUC=0.9495947180987631, val_AP=0.939453893282405
INFO - 11/08/25 16:15:31 - 0:18:55 - Epoch 66: train_loss=0.9581993818283081, train_AUC=0.9794893674221387, train_AP=0.9733049314403682, time=0.2230079174041748
INFO - 11/08/25 16:15:31 - 0:18:55 - Epoch 66: val_AUC=0.9500865057540174, val_AP=0.9400002306484068
INFO - 11/08/25 16:15:31 - 0:18:55 - Epoch 67: train_loss=0.954348623752594, train_AUC=0.9796345352711511, train_AP=0.9733634066405314, time=0.2221968173980713
INFO - 11/08/25 16:15:31 - 0:18:55 - Epoch 67: val_AUC=0.9505117035280011, val_AP=0.9404789512965535
INFO - 11/08/25 16:15:31 - 0:18:55 - Epoch 68: train_loss=0.9528742432594299, train_AUC=0.9792083941250368, train_AP=0.9723695641389738, time=0.22297430038452148
INFO - 11/08/25 16:15:31 - 0:18:56 - Epoch 68: val_AUC=0.9509322176100302, val_AP=0.9409281535642036
INFO - 11/08/25 16:15:31 - 0:18:56 - Epoch 69: train_loss=0.9493487477302551, train_AUC=0.9800060481754566, train_AP=0.9736849634015503, time=0.23816871643066406
INFO - 11/08/25 16:15:32 - 0:18:56 - Epoch 69: val_AUC=0.951308134799098, val_AP=0.9413667429887003
INFO - 11/08/25 16:15:32 - 0:18:56 - Epoch 70: train_loss=0.9439303278923035, train_AUC=0.980835635904993, train_AP=0.9744693265256346, time=0.2216322422027588
INFO - 11/08/25 16:15:32 - 0:18:56 - Epoch 70: val_AUC=0.951668779079618, val_AP=0.9417645333143081
INFO - 11/08/25 16:15:32 - 0:18:56 - Epoch 71: train_loss=0.9419467449188232, train_AUC=0.9807998381374574, train_AP=0.9745441368787824, time=0.21976876258850098
INFO - 11/08/25 16:15:32 - 0:18:56 - Epoch 71: val_AUC=0.9519728117791187, val_AP=0.9420917787924232
INFO - 11/08/25 16:15:32 - 0:18:57 - Epoch 72: train_loss=0.9368160367012024, train_AUC=0.9814058453785152, train_AP=0.9754620001373449, time=0.21854519844055176
INFO - 11/08/25 16:15:32 - 0:18:57 - Epoch 72: val_AUC=0.9522236947568716, val_AP=0.9423136421219427
INFO - 11/08/25 16:15:33 - 0:18:57 - Epoch 73: train_loss=0.93448406457901, train_AUC=0.9817915853139267, train_AP=0.9760630408640998, time=0.22479796409606934
INFO - 11/08/25 16:15:33 - 0:18:57 - Epoch 73: val_AUC=0.9525222292092952, val_AP=0.9426556683027422
INFO - 11/08/25 16:15:33 - 0:18:57 - Epoch 74: train_loss=0.9302921295166016, train_AUC=0.9827552912551327, train_AP=0.9772280199916283, time=0.2225203514099121
INFO - 11/08/25 16:15:33 - 0:18:57 - Epoch 74: val_AUC=0.9528179127187895, val_AP=0.9430093797244314
INFO - 11/08/25 16:15:33 - 0:18:57 - Epoch 75: train_loss=0.929265022277832, train_AUC=0.9821971462264951, train_AP=0.9765162513836452, time=0.2242734432220459
INFO - 11/08/25 16:15:33 - 0:18:57 - Epoch 75: val_AUC=0.9530966942094906, val_AP=0.9433417236692839
INFO - 11/08/25 16:15:33 - 0:18:58 - Epoch 76: train_loss=0.926239013671875, train_AUC=0.9825005199647001, train_AP=0.9770345825466482, time=0.22493982315063477
INFO - 11/08/25 16:15:33 - 0:18:58 - Epoch 76: val_AUC=0.9533384134421146, val_AP=0.9436352181190265
INFO - 11/08/25 16:15:34 - 0:18:58 - Epoch 77: train_loss=0.9226173162460327, train_AUC=0.9829160339870592, train_AP=0.9772563321907247, time=0.22557401657104492
INFO - 11/08/25 16:15:34 - 0:18:58 - Epoch 77: val_AUC=0.9535715798459512, val_AP=0.9439070379378447
INFO - 11/08/25 16:15:34 - 0:18:58 - Epoch 78: train_loss=0.9188246726989746, train_AUC=0.9833740122981401, train_AP=0.9779018885812406, time=0.22532296180725098
INFO - 11/08/25 16:15:34 - 0:18:58 - Epoch 78: val_AUC=0.9537794950409884, val_AP=0.9441616380257837
INFO - 11/08/25 16:15:34 - 0:18:59 - Epoch 79: train_loss=0.9155395030975342, train_AUC=0.983424554715554, train_AP=0.977808931588172, time=0.22938060760498047
INFO - 11/08/25 16:15:34 - 0:18:59 - Epoch 79: val_AUC=0.9539860865839513, val_AP=0.9444139348657863
INFO - 11/08/25 16:15:35 - 0:18:59 - Epoch 80: train_loss=0.9143511056900024, train_AUC=0.983426177667914, train_AP=0.9775557116656906, time=0.2354748249053955
INFO - 11/08/25 16:15:35 - 0:18:59 - Epoch 80: val_AUC=0.9541568377015209, val_AP=0.944652745328955
INFO - 11/08/25 16:15:35 - 0:18:59 - Epoch 81: train_loss=0.9125211238861084, train_AUC=0.983611345348527, train_AP=0.9780313859969366, time=0.21914076805114746
INFO - 11/08/25 16:15:35 - 0:18:59 - Epoch 81: val_AUC=0.9543398071459291, val_AP=0.9449029568431851
INFO - 11/08/25 16:15:35 - 0:18:59 - Epoch 82: train_loss=0.9089345932006836, train_AUC=0.9843166702291894, train_AP=0.9794116003113783, time=0.21966791152954102
INFO - 11/08/25 16:15:35 - 0:18:59 - Epoch 82: val_AUC=0.9544863252486022, val_AP=0.9451249974880098
INFO - 11/08/25 16:15:35 - 0:19:00 - Epoch 83: train_loss=0.9045051336288452, train_AUC=0.9844074484799576, train_AP=0.9790344825942643, time=0.22111058235168457
INFO - 11/08/25 16:15:35 - 0:19:00 - Epoch 83: val_AUC=0.9546323342543237, val_AP=0.9453258753695107
INFO - 11/08/25 16:15:36 - 0:19:00 - Epoch 84: train_loss=0.9047873616218567, train_AUC=0.9843867387976886, train_AP=0.9789659578871142, time=0.2224721908569336
INFO - 11/08/25 16:15:36 - 0:19:00 - Epoch 84: val_AUC=0.9547756959558968, val_AP=0.9454761937408146
INFO - 11/08/25 16:15:36 - 0:19:00 - Epoch 85: train_loss=0.9010517001152039, train_AUC=0.984718113439514, train_AP=0.9798550567496566, time=0.2188549041748047
INFO - 11/08/25 16:15:36 - 0:19:00 - Epoch 85: val_AUC=0.9548764971523154, val_AP=0.945605403722497
INFO - 11/08/25 16:15:36 - 0:19:01 - Epoch 86: train_loss=0.8985426425933838, train_AUC=0.9850311752258384, train_AP=0.9803509879016628, time=0.22324681282043457
INFO - 11/08/25 16:15:36 - 0:19:01 - Epoch 86: val_AUC=0.954977705626295, val_AP=0.9457485984715803
INFO - 11/08/25 16:15:37 - 0:19:01 - Epoch 87: train_loss=0.8966779708862305, train_AUC=0.9852124458834594, train_AP=0.9802733611617019, time=0.2344651222229004
INFO - 11/08/25 16:15:37 - 0:19:01 - Epoch 87: val_AUC=0.9550908269689427, val_AP=0.9459150224618782
INFO - 11/08/25 16:15:37 - 0:19:01 - Epoch 88: train_loss=0.8919867873191833, train_AUC=0.9857042911507113, train_AP=0.981002926564267, time=0.2216329574584961
INFO - 11/08/25 16:15:37 - 0:19:01 - Epoch 88: val_AUC=0.9552041519503707, val_AP=0.9461083165994075
INFO - 11/08/25 16:15:37 - 0:19:01 - Epoch 89: train_loss=0.8919152617454529, train_AUC=0.9850341527225935, train_AP=0.9797109573907016, time=0.22351694107055664
INFO - 11/08/25 16:15:37 - 0:19:01 - Epoch 89: val_AUC=0.9552897820576314, val_AP=0.946259831560264
INFO - 11/08/25 16:15:37 - 0:19:02 - Epoch 90: train_loss=0.8892812728881836, train_AUC=0.9861379385615663, train_AP=0.9818263033469797, time=0.22213959693908691
INFO - 11/08/25 16:15:37 - 0:19:02 - Epoch 90: val_AUC=0.9553800958568469, val_AP=0.9464192454173129
INFO - 11/08/25 16:15:38 - 0:19:02 - Epoch 91: train_loss=0.8867252469062805, train_AUC=0.9859576867622634, train_AP=0.9810893222973232, time=0.23886919021606445
INFO - 11/08/25 16:15:38 - 0:19:02 - Epoch 91: val_AUC=0.9554485184871431, val_AP=0.9465251163178008
INFO - 11/08/25 16:15:38 - 0:19:02 - Epoch 92: train_loss=0.8832288384437561, train_AUC=0.9862338593610007, train_AP=0.9817661719450869, time=0.22234725952148438
INFO - 11/08/25 16:15:38 - 0:19:02 - Epoch 92: val_AUC=0.9555214211706134, val_AP=0.9466765956286499
INFO - 11/08/25 16:15:38 - 0:19:03 - Epoch 93: train_loss=0.881065309047699, train_AUC=0.9863555700446386, train_AP=0.981370342676368, time=0.22089576721191406
INFO - 11/08/25 16:15:38 - 0:19:03 - Epoch 93: val_AUC=0.9555979893521355, val_AP=0.9468542668855291
INFO - 11/08/25 16:15:39 - 0:19:03 - Epoch 94: train_loss=0.8795520067214966, train_AUC=0.9865677872247863, train_AP=0.9820115685687889, time=0.22179317474365234
INFO - 11/08/25 16:15:39 - 0:19:03 - Epoch 94: val_AUC=0.9556592846251092, val_AP=0.9469678383884709
INFO - 11/08/25 16:15:39 - 0:19:03 - Epoch 95: train_loss=0.8755000233650208, train_AUC=0.9870158448322874, train_AP=0.9828131857216988, time=0.24108386039733887
INFO - 11/08/25 16:15:39 - 0:19:03 - Epoch 95: val_AUC=0.9556999105618474, val_AP=0.9470739018168034
INFO - 11/08/25 16:15:39 - 0:19:03 - Epoch 96: train_loss=0.8746920228004456, train_AUC=0.9866090257133534, train_AP=0.9818068892184361, time=0.22345519065856934
INFO - 11/08/25 16:15:39 - 0:19:03 - Epoch 96: val_AUC=0.9557378891944376, val_AP=0.9471620330697856
INFO - 11/08/25 16:15:39 - 0:19:04 - Epoch 97: train_loss=0.872131884098053, train_AUC=0.9870218139154547, train_AP=0.9822852086163325, time=0.2240605354309082
INFO - 11/08/25 16:15:39 - 0:19:04 - Epoch 97: val_AUC=0.955816188305595, val_AP=0.9472788765877995
INFO - 11/08/25 16:15:40 - 0:19:04 - Epoch 98: train_loss=0.8681190013885498, train_AUC=0.9879764575654306, train_AP=0.9840096295443042, time=0.22223901748657227
INFO - 11/08/25 16:15:40 - 0:19:04 - Epoch 98: val_AUC=0.9558912291962622, val_AP=0.9474180142722406
INFO - 11/08/25 16:15:40 - 0:19:04 - Epoch 99: train_loss=0.868066668510437, train_AUC=0.9875724658884051, train_AP=0.9833850837163832, time=0.2856621742248535
INFO - 11/08/25 16:15:40 - 0:19:04 - Epoch 99: val_AUC=0.9559606700204618, val_AP=0.9475567224921676
INFO - 11/08/25 16:15:40 - 0:19:05 - Epoch 100: train_loss=0.8643946647644043, train_AUC=0.9879418977503789, train_AP=0.9839062383666907, time=0.26479077339172363
INFO - 11/08/25 16:15:40 - 0:19:05 - Epoch 100: val_AUC=0.9560374418407642, val_AP=0.9477257255278596
INFO - 11/08/25 16:15:41 - 0:19:05 - Epoch 101: train_loss=0.8636728525161743, train_AUC=0.9875416558594301, train_AP=0.9833075954337677, time=0.2618064880371094
INFO - 11/08/25 16:15:41 - 0:19:05 - Epoch 101: val_AUC=0.9560928315890992, val_AP=0.9478391685684625
INFO - 11/08/25 16:15:41 - 0:19:05 - Epoch 102: train_loss=0.8608798980712891, train_AUC=0.987831410887468, train_AP=0.9835118249626921, time=0.28520727157592773
INFO - 11/08/25 16:15:41 - 0:19:05 - Epoch 102: val_AUC=0.9561376321208409, val_AP=0.9479756399227894
INFO - 11/08/25 16:15:41 - 0:19:06 - Epoch 103: train_loss=0.8607249855995178, train_AUC=0.9878373988155513, train_AP=0.983683213595349, time=0.25954341888427734
INFO - 11/08/25 16:15:41 - 0:19:06 - Epoch 103: val_AUC=0.9561787671545309, val_AP=0.9480847161747089
INFO - 11/08/25 16:15:42 - 0:19:06 - Epoch 104: train_loss=0.8560057878494263, train_AUC=0.9884038415954086, train_AP=0.9843875499099426, time=0.23096776008605957
INFO - 11/08/25 16:15:42 - 0:19:06 - Epoch 104: val_AUC=0.9562062583899178, val_AP=0.9481804117281493
INFO - 11/08/25 16:15:42 - 0:19:06 - Epoch 105: train_loss=0.8542126417160034, train_AUC=0.9887473460229029, train_AP=0.9848864750514189, time=0.22859930992126465
INFO - 11/08/25 16:15:42 - 0:19:06 - Epoch 105: val_AUC=0.9562298804884724, val_AP=0.9482274174645122
INFO - 11/08/25 16:15:42 - 0:19:07 - Epoch 106: train_loss=0.8532627820968628, train_AUC=0.9883899574713286, train_AP=0.9842166504343879, time=0.23346400260925293
INFO - 11/08/25 16:15:42 - 0:19:07 - Epoch 106: val_AUC=0.9563015613392589, val_AP=0.9483891943268478
INFO - 11/08/25 16:15:43 - 0:19:07 - Epoch 107: train_loss=0.8517420887947083, train_AUC=0.988820093211309, train_AP=0.9849493927885508, time=0.2242259979248047
INFO - 11/08/25 16:15:43 - 0:19:07 - Epoch 107: val_AUC=0.9563657075551617, val_AP=0.9485644849685341
INFO - 11/08/25 16:15:43 - 0:19:07 - Epoch 108: train_loss=0.8494094610214233, train_AUC=0.9889100359454202, train_AP=0.9851237486546954, time=0.22245311737060547
INFO - 11/08/25 16:15:43 - 0:19:07 - Epoch 108: val_AUC=0.9564722106374383, val_AP=0.9487903184643334
INFO - 11/08/25 16:15:43 - 0:19:07 - Epoch 109: train_loss=0.8482874631881714, train_AUC=0.9889496301710211, train_AP=0.9853202326331536, time=0.22245240211486816
INFO - 11/08/25 16:15:43 - 0:19:07 - Epoch 109: val_AUC=0.9565548879823794, val_AP=0.9489548695585648
INFO - 11/08/25 16:15:43 - 0:19:08 - Epoch 110: train_loss=0.8446539640426636, train_AUC=0.9892099601833622, train_AP=0.9854000501880341, time=0.28267979621887207
INFO - 11/08/25 16:15:43 - 0:19:08 - Epoch 110: val_AUC=0.9566371580497595, val_AP=0.9491290373337167
INFO - 11/08/25 16:15:44 - 0:19:08 - Epoch 111: train_loss=0.8420387506484985, train_AUC=0.9898969602323152, train_AP=0.9865659576507027, time=0.26546502113342285
INFO - 11/08/25 16:15:44 - 0:19:08 - Epoch 111: val_AUC=0.9567401992727652, val_AP=0.9493351545385346
INFO - 11/08/25 16:15:44 - 0:19:08 - Epoch 112: train_loss=0.8418771028518677, train_AUC=0.9896039142126551, train_AP=0.9859460477797076, time=0.26218605041503906
INFO - 11/08/25 16:15:44 - 0:19:08 - Epoch 112: val_AUC=0.9568597352370027, val_AP=0.9495656664142249
INFO - 11/08/25 16:15:45 - 0:19:09 - Epoch 113: train_loss=0.8398113250732422, train_AUC=0.989576445545826, train_AP=0.9857187129690904, time=0.3260481357574463
INFO - 11/08/25 16:15:45 - 0:19:09 - Epoch 113: val_AUC=0.9569741802317246, val_AP=0.949805367732065
INFO - 11/08/25 16:15:45 - 0:19:09 - Epoch 114: train_loss=0.8391042351722717, train_AUC=0.9895189280437386, train_AP=0.9858514433559077, time=0.2618730068206787
INFO - 11/08/25 16:15:45 - 0:19:09 - Epoch 114: val_AUC=0.9570764068996076, val_AP=0.9499832220042381
INFO - 11/08/25 16:15:45 - 0:19:09 - Epoch 115: train_loss=0.8378208875656128, train_AUC=0.9892855256553997, train_AP=0.9855292086571347, time=0.2627854347229004
INFO - 11/08/25 16:15:45 - 0:19:10 - Epoch 115: val_AUC=0.9572040884150712, val_AP=0.9502267880914315
INFO - 11/08/25 16:15:46 - 0:19:10 - Epoch 116: train_loss=0.8354249000549316, train_AUC=0.9896476469227439, train_AP=0.9857996230546774, time=0.27482080459594727
INFO - 11/08/25 16:15:46 - 0:19:10 - Epoch 116: val_AUC=0.9573154788280833, val_AP=0.9504620982112537
INFO - 11/08/25 16:15:46 - 0:19:10 - Epoch 117: train_loss=0.8325814008712769, train_AUC=0.9903297465890096, train_AP=0.9869938672092737, time=0.2620737552642822
INFO - 11/08/25 16:15:46 - 0:19:10 - Epoch 117: val_AUC=0.9574230001042631, val_AP=0.9506522764937386
INFO - 11/08/25 16:15:46 - 0:19:10 - Epoch 118: train_loss=0.8339407444000244, train_AUC=0.989852195278734, train_AP=0.9862504659279632, time=0.2620735168457031
INFO - 11/08/25 16:15:46 - 0:19:11 - Epoch 118: val_AUC=0.9575339832397137, val_AP=0.9508403948667818
INFO - 11/08/25 16:15:47 - 0:19:11 - Epoch 119: train_loss=0.8287155628204346, train_AUC=0.9905792247475672, train_AP=0.9873729122378696, time=0.2643866539001465
INFO - 11/08/25 16:15:47 - 0:19:11 - Epoch 119: val_AUC=0.9576865086864158, val_AP=0.9510885572797962
INFO - 11/08/25 16:15:47 - 0:19:11 - Epoch 120: train_loss=0.8281164765357971, train_AUC=0.9903120702337612, train_AP=0.9869097430428337, time=0.28058886528015137
INFO - 11/08/25 16:15:47 - 0:19:11 - Epoch 120: val_AUC=0.9578268158062794, val_AP=0.9513699961832991
INFO - 11/08/25 16:15:47 - 0:19:12 - Epoch 121: train_loss=0.8254544734954834, train_AUC=0.9906277225796367, train_AP=0.9873803962577185, time=0.26572299003601074
INFO - 11/08/25 16:15:47 - 0:19:12 - Epoch 121: val_AUC=0.9579518500175944, val_AP=0.9515830671352455
INFO - 11/08/25 16:15:48 - 0:19:12 - Epoch 122: train_loss=0.8229942917823792, train_AUC=0.9909687338423336, train_AP=0.9880729467070191, time=0.2603795528411865
INFO - 11/08/25 16:15:48 - 0:19:12 - Epoch 122: val_AUC=0.9580591676549934, val_AP=0.9518199566449573
INFO - 11/08/25 16:15:48 - 0:19:12 - Epoch 123: train_loss=0.8209489583969116, train_AUC=0.9909799504421114, train_AP=0.9878358882676262, time=0.2765624523162842
INFO - 11/08/25 16:15:48 - 0:19:12 - Epoch 123: val_AUC=0.9581493796348187, val_AP=0.9520515064659797
INFO - 11/08/25 16:15:48 - 0:19:13 - Epoch 124: train_loss=0.81827712059021, train_AUC=0.9915729428909232, train_AP=0.9889473860197939, time=0.26458024978637695
INFO - 11/08/25 16:15:48 - 0:19:13 - Epoch 124: val_AUC=0.9582613809641726, val_AP=0.9522752716163236
INFO - 11/08/25 16:15:49 - 0:19:13 - Epoch 125: train_loss=0.816891074180603, train_AUC=0.9915743821493809, train_AP=0.9886876192988554, time=0.2684626579284668
INFO - 11/08/25 16:15:49 - 0:19:13 - Epoch 125: val_AUC=0.9583727713771847, val_AP=0.952507608643678
INFO - 11/08/25 16:15:49 - 0:19:13 - Epoch 126: train_loss=0.8151419758796692, train_AUC=0.9912548491597396, train_AP=0.9880640006269127, time=0.23441767692565918
INFO - 11/08/25 16:15:49 - 0:19:13 - Epoch 126: val_AUC=0.9584450631443131, val_AP=0.9526440903938771
INFO - 11/08/25 16:15:49 - 0:19:13 - Epoch 127: train_loss=0.8135757446289062, train_AUC=0.9915944213400998, train_AP=0.9887940931897348, time=0.22509026527404785
INFO - 11/08/25 16:15:49 - 0:19:13 - Epoch 127: val_AUC=0.9585312023485253, val_AP=0.9528213085271842
INFO - 11/08/25 16:15:49 - 0:19:14 - Epoch 128: train_loss=0.8132158517837524, train_AUC=0.9915294571020724, train_AP=0.9885836469885236, time=0.22481775283813477
INFO - 11/08/25 16:15:49 - 0:19:14 - Epoch 128: val_AUC=0.9586511455903244, val_AP=0.9530195516660226
INFO - 11/08/25 16:15:50 - 0:19:14 - Epoch 129: train_loss=0.8082355260848999, train_AUC=0.9921594424735707, train_AP=0.9894838581958629, time=0.22001981735229492
INFO - 11/08/25 16:15:50 - 0:19:14 - Epoch 129: val_AUC=0.9587507249540591, val_AP=0.9532074454043137
INFO - 11/08/25 16:15:50 - 0:19:14 - Epoch 130: train_loss=0.8061678409576416, train_AUC=0.9921759414618601, train_AP=0.9893965463667223, time=0.2926011085510254
INFO - 11/08/25 16:15:50 - 0:19:14 - Epoch 130: val_AUC=0.9588543770934066, val_AP=0.9533438928925462
INFO - 11/08/25 16:15:50 - 0:19:15 - Epoch 131: train_loss=0.8053523898124695, train_AUC=0.9919771089274535, train_AP=0.9890969165053524, time=0.2652449607849121
INFO - 11/08/25 16:15:50 - 0:19:15 - Epoch 131: val_AUC=0.9589673966166637, val_AP=0.9535382866499919
INFO - 11/08/25 16:15:51 - 0:19:15 - Epoch 132: train_loss=0.803803026676178, train_AUC=0.9922021316684416, train_AP=0.9895378413845783, time=0.2682623863220215
INFO - 11/08/25 16:15:51 - 0:19:15 - Epoch 132: val_AUC=0.9590559794862439, val_AP=0.953713366082171
INFO - 11/08/25 16:15:51 - 0:19:15 - Epoch 133: train_loss=0.8014100790023804, train_AUC=0.9924032037538206, train_AP=0.989405405196745, time=0.27460622787475586
INFO - 11/08/25 16:15:51 - 0:19:15 - Epoch 133: val_AUC=0.9591586134316882, val_AP=0.9539024549082936
INFO - 11/08/25 16:15:51 - 0:19:16 - Epoch 134: train_loss=0.8004626035690308, train_AUC=0.9922943428373217, train_AP=0.9893596777855111, time=0.27543115615844727
INFO - 11/08/25 16:15:51 - 0:19:16 - Epoch 134: val_AUC=0.9592465853849261, val_AP=0.9540651006201812
INFO - 11/08/25 16:15:52 - 0:19:16 - Epoch 135: train_loss=0.7989628314971924, train_AUC=0.992309408379137, train_AP=0.9894631735646969, time=0.26465892791748047
INFO - 11/08/25 16:15:52 - 0:19:16 - Epoch 135: val_AUC=0.9593453501935384, val_AP=0.9542246027135153
INFO - 11/08/25 16:15:52 - 0:19:16 - Epoch 136: train_loss=0.796090304851532, train_AUC=0.99280873278854, train_AP=0.9902064705269948, time=0.26955556869506836
INFO - 11/08/25 16:15:52 - 0:19:16 - Epoch 136: val_AUC=0.9594286384548214, val_AP=0.9543756096382283
INFO - 11/08/25 16:15:52 - 0:19:17 - Epoch 137: train_loss=0.7950266599655151, train_AUC=0.9927551565157432, train_AP=0.9901723570034543, time=0.2909200191497803
INFO - 11/08/25 16:15:53 - 0:19:17 - Epoch 137: val_AUC=0.9594917664768209, val_AP=0.9544936834292491
INFO - 11/08/25 16:15:53 - 0:19:17 - Epoch 138: train_loss=0.7919718027114868, train_AUC=0.9929985833427611, train_AP=0.9904339956530077, time=0.26294445991516113
INFO - 11/08/25 16:15:53 - 0:19:17 - Epoch 138: val_AUC=0.9595291341930693, val_AP=0.9545971954406135
INFO - 11/08/25 16:15:53 - 0:19:17 - Epoch 139: train_loss=0.7912313342094421, train_AUC=0.9932352650987554, train_AP=0.9908741943180727, time=0.22764873504638672
INFO - 11/08/25 16:15:53 - 0:19:17 - Epoch 139: val_AUC=0.9595601891071173, val_AP=0.9546819667529186
INFO - 11/08/25 16:15:53 - 0:19:18 - Epoch 140: train_loss=0.7899597883224487, train_AUC=0.9931544862775252, train_AP=0.990729145868863, time=0.2244410514831543
INFO - 11/08/25 16:15:53 - 0:19:18 - Epoch 140: val_AUC=0.9595707783237107, val_AP=0.9547437995017591
INFO - 11/08/25 16:15:54 - 0:19:18 - Epoch 141: train_loss=0.7890691757202148, train_AUC=0.9929591433989038, train_AP=0.9905409002899795, time=0.24535131454467773
INFO - 11/08/25 16:15:54 - 0:19:18 - Epoch 141: val_AUC=0.9595893094527493, val_AP=0.9548285680860025
INFO - 11/08/25 16:15:54 - 0:19:18 - Epoch 142: train_loss=0.7862298488616943, train_AUC=0.993079695560499, train_AP=0.9905607700951572, time=0.22021198272705078
INFO - 11/08/25 16:15:54 - 0:19:18 - Epoch 142: val_AUC=0.9596098769695943, val_AP=0.9549527295005379
INFO - 11/08/25 16:15:54 - 0:19:19 - Epoch 143: train_loss=0.7838488817214966, train_AUC=0.9933114723546671, train_AP=0.9910257073484223, time=0.2238938808441162
INFO - 11/08/25 16:15:54 - 0:19:19 - Epoch 143: val_AUC=0.9596685249384196, val_AP=0.9551035227889486
INFO - 11/08/25 16:15:54 - 0:19:19 - Epoch 144: train_loss=0.7841402292251587, train_AUC=0.9934467133358749, train_AP=0.991380043756553, time=0.2248685359954834
INFO - 11/08/25 16:15:55 - 0:19:19 - Epoch 144: val_AUC=0.9597180091621161, val_AP=0.9552030854711432
INFO - 11/08/25 16:15:55 - 0:19:19 - Epoch 145: train_loss=0.7826274633407593, train_AUC=0.9933024257381805, train_AP=0.9909266148378465, time=0.3123443126678467
INFO - 11/08/25 16:15:55 - 0:19:19 - Epoch 145: val_AUC=0.9597542568650705, val_AP=0.9552953649521307
INFO - 11/08/25 16:15:55 - 0:19:19 - Epoch 146: train_loss=0.7777381539344788, train_AUC=0.9939133877832259, train_AP=0.9917762656995103, time=0.2663862705230713
INFO - 11/08/25 16:15:55 - 0:19:20 - Epoch 146: val_AUC=0.9597754352982576, val_AP=0.9553617121688267
INFO - 11/08/25 16:15:56 - 0:19:20 - Epoch 147: train_loss=0.776974081993103, train_AUC=0.9940329143939158, train_AP=0.9919533110401135, time=0.2712972164154053
INFO - 11/08/25 16:15:56 - 0:19:20 - Epoch 147: val_AUC=0.9597860245148511, val_AP=0.955409245749283
INFO - 11/08/25 16:15:56 - 0:19:20 - Epoch 148: train_loss=0.7764168977737427, train_AUC=0.9939490083733252, train_AP=0.9917251698027957, time=0.2822873592376709
INFO - 11/08/25 16:15:56 - 0:19:20 - Epoch 148: val_AUC=0.9598371378487924, val_AP=0.9554885915675545
INFO - 11/08/25 16:15:56 - 0:19:21 - Epoch 149: train_loss=0.7754389047622681, train_AUC=0.9937301287227678, train_AP=0.9912852529028213, time=0.25772714614868164
INFO - 11/08/25 16:15:56 - 0:19:21 - Epoch 149: val_AUC=0.9599155387793402, val_AP=0.9555725730546166
INFO - 11/08/25 16:15:57 - 0:19:21 - Epoch 150: train_loss=0.7721775770187378, train_AUC=0.9941925359413905, train_AP=0.991893774951202, time=0.276641845703125
INFO - 11/08/25 16:15:57 - 0:19:21 - Epoch 150: val_AUC=0.9599833504932946, val_AP=0.9556942618434927
INFO - 11/08/25 16:15:57 - 0:19:21 - Epoch 151: train_loss=0.7710254192352295, train_AUC=0.9940566494777736, train_AP=0.9918661629570282, time=0.2754533290863037
INFO - 11/08/25 16:15:57 - 0:19:21 - Epoch 151: val_AUC=0.9600641950892103, val_AP=0.9558197308899016
INFO - 11/08/25 16:15:57 - 0:19:22 - Epoch 152: train_loss=0.7721134424209595, train_AUC=0.994133011719912, train_AP=0.9918697508460937, time=0.2663848400115967
INFO - 11/08/25 16:15:57 - 0:19:22 - Epoch 152: val_AUC=0.9601651999244094, val_AP=0.9559847878833562
INFO - 11/08/25 16:15:58 - 0:19:22 - Epoch 153: train_loss=0.7679927945137024, train_AUC=0.9942127614678227, train_AP=0.9920071550642426, time=0.2578444480895996
INFO - 11/08/25 16:15:58 - 0:19:22 - Epoch 153: val_AUC=0.9602195714788411, val_AP=0.9561172247812117
INFO - 11/08/25 16:15:58 - 0:19:22 - Epoch 154: train_loss=0.766871452331543, train_AUC=0.9942741575002271, train_AP=0.9921465202532518, time=0.2780618667602539
INFO - 11/08/25 16:15:58 - 0:19:22 - Epoch 154: val_AUC=0.960246451797886, val_AP=0.9561623954254086
INFO - 11/08/25 16:15:58 - 0:19:23 - Epoch 155: train_loss=0.7658385038375854, train_AUC=0.9944749199653944, train_AP=0.9922755706584947, time=0.2658400535583496
INFO - 11/08/25 16:15:58 - 0:19:23 - Epoch 155: val_AUC=0.9602633538166795, val_AP=0.9562062075709746
INFO - 11/08/25 16:15:59 - 0:19:23 - Epoch 156: train_loss=0.7650477886199951, train_AUC=0.9945155659838867, train_AP=0.9925974905043944, time=0.26512813568115234
INFO - 11/08/25 16:15:59 - 0:19:23 - Epoch 156: val_AUC=0.9603295364203887, val_AP=0.9563015732671336
INFO - 11/08/25 16:15:59 - 0:19:23 - Epoch 157: train_loss=0.7645121812820435, train_AUC=0.9943255174699854, train_AP=0.99221772167857, time=0.273113489151001
INFO - 11/08/25 16:15:59 - 0:19:23 - Epoch 157: val_AUC=0.9604319667270524, val_AP=0.9564303476095224
INFO - 11/08/25 16:15:59 - 0:19:24 - Epoch 158: train_loss=0.761978268623352, train_AUC=0.9947994292457499, train_AP=0.9929088045693917, time=0.2653815746307373
INFO - 11/08/25 16:15:59 - 0:19:24 - Epoch 158: val_AUC=0.9604936692775873, val_AP=0.9565156604983518
INFO - 11/08/25 16:16:00 - 0:19:24 - Epoch 159: train_loss=0.7611253261566162, train_AUC=0.9945283393146369, train_AP=0.9924202462589473, time=0.25426769256591797
INFO - 11/08/25 16:16:00 - 0:19:24 - Epoch 159: val_AUC=0.9604883746692908, val_AP=0.9565395219229094
INFO - 11/08/25 16:16:00 - 0:19:24 - Epoch 160: train_loss=0.7600432634353638, train_AUC=0.9947413055361722, train_AP=0.9926721081927846, time=0.22298264503479004
INFO - 11/08/25 16:16:00 - 0:19:24 - Epoch 160: val_AUC=0.9603904244158012, val_AP=0.956449992419201
INFO - 11/08/25 16:16:00 - 0:19:24 - Epoch 161: train_loss=0.7586073875427246, train_AUC=0.994966173290934, train_AP=0.9931375097686425, time=0.2246408462524414
INFO - 11/08/25 16:16:00 - 0:19:24 - Epoch 161: val_AUC=0.9603637477355368, val_AP=0.9564955498742357
INFO - 11/08/25 16:16:00 - 0:19:25 - Epoch 162: train_loss=0.7574864625930786, train_AUC=0.9948530344023434, train_AP=0.9927751860511225, time=0.22409629821777344
INFO - 11/08/25 16:16:00 - 0:19:25 - Epoch 162: val_AUC=0.9604344103924202, val_AP=0.9566262506839548
INFO - 11/08/25 16:16:01 - 0:19:25 - Epoch 163: train_loss=0.7563750147819519, train_AUC=0.9949363754276901, train_AP=0.9930124322791658, time=0.22187042236328125
INFO - 11/08/25 16:16:01 - 0:19:25 - Epoch 163: val_AUC=0.9605236041783419, val_AP=0.9567546036390127
INFO - 11/08/25 16:16:01 - 0:19:25 - Epoch 164: train_loss=0.7539792060852051, train_AUC=0.9952150096656174, train_AP=0.9935266529448417, time=0.22590398788452148
INFO - 11/08/25 16:16:01 - 0:19:25 - Epoch 164: val_AUC=0.9605549645505611, val_AP=0.9568111828892124
INFO - 11/08/25 16:16:01 - 0:19:26 - Epoch 165: train_loss=0.752983570098877, train_AUC=0.995080678700128, train_AP=0.993254999710537, time=0.2934577465057373
INFO - 11/08/25 16:16:01 - 0:19:26 - Epoch 165: val_AUC=0.9605572045771482, val_AP=0.9568479869029672
INFO - 11/08/25 16:16:02 - 0:19:26 - Epoch 166: train_loss=0.751936674118042, train_AUC=0.9951654848736768, train_AP=0.9933128942609302, time=0.2601292133331299
INFO - 11/08/25 16:16:02 - 0:19:26 - Epoch 166: val_AUC=0.9605301206193226, val_AP=0.956851350972844
INFO - 11/08/25 16:16:02 - 0:19:26 - Epoch 167: train_loss=0.7509814500808716, train_AUC=0.9950171466757297, train_AP=0.9932196617674163, time=0.25722289085388184
INFO - 11/08/25 16:16:02 - 0:19:26 - Epoch 167: val_AUC=0.960555575466903, val_AP=0.956925865341346
INFO - 11/08/25 16:16:02 - 0:19:27 - Epoch 168: train_loss=0.7508060932159424, train_AUC=0.9950497279507042, train_AP=0.992957794554274, time=0.2850642204284668
INFO - 11/08/25 16:16:02 - 0:19:27 - Epoch 168: val_AUC=0.960610354298896, val_AP=0.9570190758664476
INFO - 11/08/25 16:16:03 - 0:19:27 - Epoch 169: train_loss=0.7486405372619629, train_AUC=0.9952888456322645, train_AP=0.9932445932482131, time=0.264667272567749
INFO - 11/08/25 16:16:03 - 0:19:27 - Epoch 169: val_AUC=0.9606437510589216, val_AP=0.9570610759066924
INFO - 11/08/25 16:16:03 - 0:19:27 - Epoch 170: train_loss=0.7480897307395935, train_AUC=0.9951738308819715, train_AP=0.9931455079495208, time=0.256821870803833
INFO - 11/08/25 16:16:03 - 0:19:27 - Epoch 170: val_AUC=0.960634383675012, val_AP=0.9570705139436143
INFO - 11/08/25 16:16:03 - 0:19:28 - Epoch 171: train_loss=0.7459524273872375, train_AUC=0.9955307107969301, train_AP=0.9937468636460854, time=0.28528523445129395
INFO - 11/08/25 16:16:03 - 0:19:28 - Epoch 171: val_AUC=0.9605952850291286, val_AP=0.9570637204680476
INFO - 11/08/25 16:16:04 - 0:19:28 - Epoch 172: train_loss=0.7469308376312256, train_AUC=0.9951509903152094, train_AP=0.9932611990630055, time=0.22572922706604004
INFO - 11/08/25 16:16:04 - 0:19:28 - Epoch 172: val_AUC=0.9605677937937416, val_AP=0.9570674925834
INFO - 11/08/25 16:16:04 - 0:19:28 - Epoch 173: train_loss=0.7435165047645569, train_AUC=0.9955313242253695, train_AP=0.9939330866888386, time=0.21789932250976562
INFO - 11/08/25 16:16:04 - 0:19:28 - Epoch 173: val_AUC=0.9605730884020384, val_AP=0.9571052117377903
INFO - 11/08/25 16:16:04 - 0:19:29 - Epoch 174: train_loss=0.7427840232849121, train_AUC=0.995850506734794, train_AP=0.9943514594224775, time=0.21985745429992676
INFO - 11/08/25 16:16:04 - 0:19:29 - Epoch 174: val_AUC=0.960626441762567, val_AP=0.9571741328061711
INFO - 11/08/25 16:16:05 - 0:19:29 - Epoch 175: train_loss=0.7407784461975098, train_AUC=0.9958229581091618, train_AP=0.9943009707804497, time=0.23500347137451172
INFO - 11/08/25 16:16:05 - 0:19:29 - Epoch 175: val_AUC=0.9606180925725607, val_AP=0.9571532949069668
INFO - 11/08/25 16:16:05 - 0:19:29 - Epoch 176: train_loss=0.7424951791763306, train_AUC=0.9956143381945544, train_AP=0.9938902094621176, time=0.2236790657043457
INFO - 11/08/25 16:16:05 - 0:19:29 - Epoch 176: val_AUC=0.9606144270745092, val_AP=0.9571678638443327
INFO - 11/08/25 16:16:05 - 0:19:29 - Epoch 177: train_loss=0.7400777339935303, train_AUC=0.9956374577365242, train_AP=0.9941204847726263, time=0.22415924072265625
INFO - 11/08/25 16:16:05 - 0:19:29 - Epoch 177: val_AUC=0.9605891758657091, val_AP=0.9571721472159134
INFO - 11/08/25 16:16:05 - 0:19:30 - Epoch 178: train_loss=0.7393547296524048, train_AUC=0.995780039605124, train_AP=0.9942844113042608, time=0.23184728622436523
INFO - 11/08/25 16:16:05 - 0:19:30 - Epoch 178: val_AUC=0.9605967105005929, val_AP=0.9572033107914449
INFO - 11/08/25 16:16:06 - 0:19:30 - Epoch 179: train_loss=0.7383149862289429, train_AUC=0.9957521221827209, train_AP=0.9942372490944122, time=0.22649526596069336
INFO - 11/08/25 16:16:06 - 0:19:30 - Epoch 179: val_AUC=0.9606203325991478, val_AP=0.9572160139739581
INFO - 11/08/25 16:16:06 - 0:19:30 - Epoch 180: train_loss=0.7378262281417847, train_AUC=0.9957164623177027, train_AP=0.9940371404341486, time=0.2218332290649414
INFO - 11/08/25 16:16:06 - 0:19:30 - Epoch 180: val_AUC=0.9606480274733152, val_AP=0.9572288160997294
INFO - 11/08/25 16:16:06 - 0:19:30 - Epoch 181: train_loss=0.7355035543441772, train_AUC=0.9958619938559853, train_AP=0.9942991824735827, time=0.223236083984375
INFO - 11/08/25 16:16:06 - 0:19:31 - Epoch 181: val_AUC=0.9606553584694184, val_AP=0.9572356516036457
INFO - 11/08/25 16:16:06 - 0:19:31 - Epoch 182: train_loss=0.7343612909317017, train_AUC=0.995853069819514, train_AP=0.9942527249204365, time=0.2286679744720459
INFO - 11/08/25 16:16:07 - 0:19:31 - Epoch 182: val_AUC=0.9606531184428313, val_AP=0.957262599201776
INFO - 11/08/25 16:16:07 - 0:19:31 - Epoch 183: train_loss=0.7331538796424866, train_AUC=0.9960613693705467, train_AP=0.9945725934697143, time=0.22234511375427246
INFO - 11/08/25 16:16:07 - 0:19:31 - Epoch 183: val_AUC=0.9606516929713669, val_AP=0.9572792114954729
INFO - 11/08/25 16:16:07 - 0:19:31 - Epoch 184: train_loss=0.7336759567260742, train_AUC=0.9960238412170167, train_AP=0.9945545221067735, time=0.2194805145263672
INFO - 11/08/25 16:16:07 - 0:19:31 - Epoch 184: val_AUC=0.9606806096782182, val_AP=0.9573308763443519
INFO - 11/08/25 16:16:07 - 0:19:32 - Epoch 185: train_loss=0.7330244779586792, train_AUC=0.9957892348674915, train_AP=0.9940327022991218, time=0.2183246612548828
INFO - 11/08/25 16:16:07 - 0:19:32 - Epoch 185: val_AUC=0.9607453668104627, val_AP=0.9574285581136266
INFO - 11/08/25 16:16:08 - 0:19:32 - Epoch 186: train_loss=0.7303842306137085, train_AUC=0.9961784200762688, train_AP=0.994731657674953, time=0.2189788818359375
INFO - 11/08/25 16:16:08 - 0:19:32 - Epoch 186: val_AUC=0.9606999553623793, val_AP=0.957431012414508
INFO - 11/08/25 16:16:08 - 0:19:32 - Epoch 187: train_loss=0.7301980257034302, train_AUC=0.9962618292603309, train_AP=0.9947060745318266, time=0.26549839973449707
INFO - 11/08/25 16:16:08 - 0:19:32 - Epoch 187: val_AUC=0.96060526332938, val_AP=0.957363575267477
INFO - 11/08/25 16:16:08 - 0:19:33 - Epoch 188: train_loss=0.7303109169006348, train_AUC=0.9962185921539254, train_AP=0.9948783194768566, time=0.2644202709197998
INFO - 11/08/25 16:16:08 - 0:19:33 - Epoch 188: val_AUC=0.9605918231698576, val_AP=0.9573931831433996
INFO - 11/08/25 16:16:09 - 0:19:33 - Epoch 189: train_loss=0.729255199432373, train_AUC=0.9962293369263161, train_AP=0.9947058078798401, time=0.25948262214660645
INFO - 11/08/25 16:16:09 - 0:19:33 - Epoch 189: val_AUC=0.9605963032230317, val_AP=0.957434461300498
INFO - 11/08/25 16:16:09 - 0:19:33 - Epoch 190: train_loss=0.7287043333053589, train_AUC=0.9960924361835195, train_AP=0.9944738087226962, time=0.28934192657470703
INFO - 11/08/25 16:16:09 - 0:19:33 - Epoch 190: val_AUC=0.960597932333277, val_AP=0.9574929228947754
INFO - 11/08/25 16:16:09 - 0:19:34 - Epoch 191: train_loss=0.7274086475372314, train_AUC=0.996215715750459, train_AP=0.9947434772229948, time=0.26640868186950684
INFO - 11/08/25 16:16:09 - 0:19:34 - Epoch 191: val_AUC=0.9605470226381159, val_AP=0.9574788957883852
INFO - 11/08/25 16:16:10 - 0:19:34 - Epoch 192: train_loss=0.7263734340667725, train_AUC=0.9964170012941407, train_AP=0.9952086844202704, time=0.26516008377075195
INFO - 11/08/25 16:16:10 - 0:19:34 - Epoch 192: val_AUC=0.9604700471790326, val_AP=0.9573996710006969
INFO - 11/08/25 16:16:10 - 0:19:34 - Epoch 193: train_loss=0.7243539094924927, train_AUC=0.996413604806212, train_AP=0.9951584377315582, time=0.2617619037628174
INFO - 11/08/25 16:16:10 - 0:19:34 - Epoch 193: val_AUC=0.9604219884268008, val_AP=0.9573800090145124
INFO - 11/08/25 16:16:10 - 0:19:35 - Epoch 194: train_loss=0.7245826721191406, train_AUC=0.9960773667670485, train_AP=0.9944342237224576, time=0.269866943359375
INFO - 11/08/25 16:16:10 - 0:19:35 - Epoch 194: val_AUC=0.9604014209099558, val_AP=0.9574014131106809
INFO - 11/08/25 16:16:11 - 0:19:35 - Epoch 195: train_loss=0.7240742444992065, train_AUC=0.9962778759706322, train_AP=0.9947981262827632, time=0.2617948055267334
INFO - 11/08/25 16:16:11 - 0:19:35 - Epoch 195: val_AUC=0.9603877771116528, val_AP=0.9574178298547773
INFO - 11/08/25 16:16:11 - 0:19:35 - Epoch 196: train_loss=0.7239490747451782, train_AUC=0.9963800004460222, train_AP=0.9949012725637986, time=0.262157678604126
INFO - 11/08/25 16:16:11 - 0:19:35 - Epoch 196: val_AUC=0.9603604895150463, val_AP=0.9574367404956265
INFO - 11/08/25 16:16:11 - 0:19:36 - Epoch 197: train_loss=0.7231581211090088, train_AUC=0.9962293548906287, train_AP=0.9947538322758499, time=0.27950572967529297
INFO - 11/08/25 16:16:11 - 0:19:36 - Epoch 197: val_AUC=0.9603358492225886, val_AP=0.9574475430788763
INFO - 11/08/25 16:16:12 - 0:19:36 - Epoch 198: train_loss=0.7219518423080444, train_AUC=0.9964258682675011, train_AP=0.9950323913782768, time=0.264237642288208
INFO - 11/08/25 16:16:12 - 0:19:36 - Epoch 198: val_AUC=0.9603160962608661, val_AP=0.9574646237947303
INFO - 11/08/25 16:16:12 - 0:19:36 - Epoch 199: train_loss=0.7191003561019897, train_AUC=0.9967101855685595, train_AP=0.9954411192305193, time=0.262286901473999
INFO - 11/08/25 16:16:12 - 0:19:36 - Epoch 199: val_AUC=0.9602629465391184, val_AP=0.9574361983212625
INFO - 11/08/25 16:16:12 - 0:19:36 - Epoch 200: train_loss=0.7208461761474609, train_AUC=0.9962162388289733, train_AP=0.994673999644728, time=0.2628593444824219
INFO - 11/08/25 16:16:12 - 0:19:37 - Epoch 200: val_AUC=0.9602366771364153, val_AP=0.9574119328724146
INFO - 11/08/25 16:16:13 - 0:19:37 - Epoch 201: train_loss=0.7189794778823853, train_AUC=0.996542107408983, train_AP=0.9950967363477472, time=0.2639424800872803
INFO - 11/08/25 16:16:13 - 0:19:37 - Epoch 201: val_AUC=0.9602035858345604, val_AP=0.9573880167906021
INFO - 11/08/25 16:16:13 - 0:19:37 - Epoch 202: train_loss=0.7171468138694763, train_AUC=0.9965052576724354, train_AP=0.9949018878211744, time=0.2624988555908203
INFO - 11/08/25 16:16:13 - 0:19:37 - Epoch 202: val_AUC=0.9601800655553965, val_AP=0.9573817661754129
INFO - 11/08/25 16:16:13 - 0:19:37 - Epoch 203: train_loss=0.7163245677947998, train_AUC=0.996566010512, train_AP=0.9952480725163833, time=0.26744723320007324
INFO - 11/08/25 16:16:13 - 0:19:38 - Epoch 203: val_AUC=0.9601553234435481, val_AP=0.9574228719456256
INFO - 11/08/25 16:16:13 - 0:19:38 - Epoch 204: train_loss=0.7175461053848267, train_AUC=0.9967624231478253, train_AP=0.9955772491366702, time=0.25765037536621094
INFO - 11/08/25 16:16:14 - 0:19:38 - Epoch 204: val_AUC=0.960119177559984, val_AP=0.957439406543771
INFO - 11/08/25 16:16:14 - 0:19:38 - Epoch 205: train_loss=0.7157505750656128, train_AUC=0.9967015170832413, train_AP=0.9953501949412383, time=0.26467037200927734
INFO - 11/08/25 16:16:14 - 0:19:38 - Epoch 205: val_AUC=0.9600497367357843, val_AP=0.9574067235142928
INFO - 11/08/25 16:16:14 - 0:19:38 - Epoch 206: train_loss=0.7147608995437622, train_AUC=0.9967844345382759, train_AP=0.9956204014710792, time=0.25923728942871094
INFO - 11/08/25 16:16:14 - 0:19:38 - Epoch 206: val_AUC=0.9599656339193786, val_AP=0.9573460462854821
INFO - 11/08/25 16:16:14 - 0:19:39 - Epoch 207: train_loss=0.7143042683601379, train_AUC=0.9966843660960766, train_AP=0.9953322879128146, time=0.262362003326416
INFO - 11/08/25 16:16:14 - 0:19:39 - Epoch 207: val_AUC=0.9599383463227724, val_AP=0.9573266262118059
INFO - 11/08/25 16:16:15 - 0:19:39 - Epoch 208: train_loss=0.7136797904968262, train_AUC=0.9966635836759534, train_AP=0.9953012027643949, time=0.26709723472595215
INFO - 11/08/25 16:16:15 - 0:19:39 - Epoch 208: val_AUC=0.9599149278629984, val_AP=0.9573406928018738
INFO - 11/08/25 16:16:15 - 0:19:39 - Epoch 209: train_loss=0.7139710783958435, train_AUC=0.9967021609805639, train_AP=0.9952476013330451, time=0.28499770164489746
INFO - 11/08/25 16:16:15 - 0:19:39 - Epoch 209: val_AUC=0.959865443639302, val_AP=0.9573289999013453
INFO - 11/08/25 16:16:15 - 0:19:40 - Epoch 210: train_loss=0.7119715213775635, train_AUC=0.9967506360930617, train_AP=0.9953199170931551, time=0.2716500759124756
INFO - 11/08/25 16:16:15 - 0:19:40 - Epoch 210: val_AUC=0.9597528313936061, val_AP=0.9572171158269224
INFO - 11/08/25 16:16:16 - 0:19:40 - Epoch 211: train_loss=0.7120630741119385, train_AUC=0.9968252624894636, train_AP=0.9956758575151792, time=0.26322436332702637
INFO - 11/08/25 16:16:16 - 0:19:40 - Epoch 211: val_AUC=0.959693979786, val_AP=0.957173849407288
INFO - 11/08/25 16:16:16 - 0:19:40 - Epoch 212: train_loss=0.7094758749008179, train_AUC=0.9968281806335388, train_AP=0.9954166090220713, time=0.26944971084594727
INFO - 11/08/25 16:16:16 - 0:19:40 - Epoch 212: val_AUC=0.9596711722425679, val_AP=0.9571626572903336
INFO - 11/08/25 16:16:16 - 0:19:41 - Epoch 213: train_loss=0.7101881504058838, train_AUC=0.9967832080336384, train_AP=0.9953223835443736, time=0.2696070671081543
INFO - 11/08/25 16:16:16 - 0:19:41 - Epoch 213: val_AUC=0.9596142552033783, val_AP=0.9571139689267559
INFO - 11/08/25 16:16:17 - 0:19:41 - Epoch 214: train_loss=0.7080825567245483, train_AUC=0.9969994511571391, train_AP=0.9958790594737508, time=0.26183295249938965
INFO - 11/08/25 16:16:17 - 0:19:41 - Epoch 214: val_AUC=0.9595280141797755, val_AP=0.9570617886317774
INFO - 11/08/25 16:16:17 - 0:19:41 - Epoch 215: train_loss=0.7070609331130981, train_AUC=0.9970933729864936, train_AP=0.995960893860849, time=0.2655611038208008
INFO - 11/08/25 16:16:17 - 0:19:41 - Epoch 215: val_AUC=0.959459184271918, val_AP=0.9570103115308092
INFO - 11/08/25 16:16:17 - 0:19:42 - Epoch 216: train_loss=0.706794261932373, train_AUC=0.9969578916005141, train_AP=0.9957384941698286, time=0.2657170295715332
INFO - 11/08/25 16:16:17 - 0:19:42 - Epoch 216: val_AUC=0.959462646131189, val_AP=0.9570524687786175
INFO - 11/08/25 16:16:18 - 0:19:42 - Epoch 217: train_loss=0.7059926390647888, train_AUC=0.9971815786420233, train_AP=0.9960269551273135, time=0.26283907890319824
INFO - 11/08/25 16:16:18 - 0:19:42 - Epoch 217: val_AUC=0.9594186601545699, val_AP=0.9570446146618595
INFO - 11/08/25 16:16:18 - 0:19:42 - Epoch 218: train_loss=0.7073341608047485, train_AUC=0.9968388408679878, train_AP=0.9955686926972351, time=0.2725803852081299
INFO - 11/08/25 16:16:18 - 0:19:42 - Epoch 218: val_AUC=0.959266134707868, val_AP=0.9569215137313563
INFO - 11/08/25 16:16:18 - 0:19:43 - Epoch 219: train_loss=0.7054616212844849, train_AUC=0.9970716662848745, train_AP=0.9956460970998126, time=0.25803399085998535
INFO - 11/08/25 16:16:18 - 0:19:43 - Epoch 219: val_AUC=0.9592698002059196, val_AP=0.9569233203335332
INFO - 11/08/25 16:16:19 - 0:19:43 - Epoch 220: train_loss=0.7044011354446411, train_AUC=0.997184541168518, train_AP=0.9962076808109426, time=0.25905680656433105
INFO - 11/08/25 16:16:19 - 0:19:43 - Epoch 220: val_AUC=0.9592252033129586, val_AP=0.9569005005000588
INFO - 11/08/25 16:16:19 - 0:19:43 - Epoch 221: train_loss=0.7034212350845337, train_AUC=0.9970700040575957, train_AP=0.9958578163853729, time=0.2542390823364258
INFO - 11/08/25 16:16:19 - 0:19:43 - Epoch 221: val_AUC=0.9591430350649688, val_AP=0.9568653216602826
INFO - 11/08/25 16:16:19 - 0:19:44 - Epoch 222: train_loss=0.7026480436325073, train_AUC=0.9971549453157307, train_AP=0.996141980969387, time=0.29761767387390137
INFO - 11/08/25 16:16:19 - 0:19:44 - Epoch 222: val_AUC=0.959052517626973, val_AP=0.9568176810991265
INFO - 11/08/25 16:16:20 - 0:19:44 - Epoch 223: train_loss=0.7019125819206238, train_AUC=0.9971227976499489, train_AP=0.9959989498852293, time=0.268573522567749
INFO - 11/08/25 16:16:20 - 0:19:44 - Epoch 223: val_AUC=0.95902950644476, val_AP=0.9568262473965535
INFO - 11/08/25 16:16:20 - 0:19:44 - Epoch 224: train_loss=0.7018243074417114, train_AUC=0.9973277727464239, train_AP=0.9962832837856612, time=0.27097606658935547
INFO - 11/08/25 16:16:20 - 0:19:44 - Epoch 224: val_AUC=0.959089885343221, val_AP=0.9569189870753162
INFO - 11/08/25 16:16:20 - 0:19:45 - Epoch 225: train_loss=0.7013741135597229, train_AUC=0.9971415583804203, train_AP=0.996011987188103, time=0.2790341377258301
INFO - 11/08/25 16:16:20 - 0:19:45 - Epoch 225: val_AUC=0.9590647359538115, val_AP=0.9569196057688195
INFO - 11/08/25 16:16:21 - 0:19:45 - Epoch 226: train_loss=0.6994072794914246, train_AUC=0.9974633458912943, train_AP=0.9964511795823789, time=0.2632920742034912
INFO - 11/08/25 16:16:21 - 0:19:45 - Epoch 226: val_AUC=0.9589319634688318, val_AP=0.956812756264572
INFO - 11/08/25 16:16:21 - 0:19:45 - Epoch 227: train_loss=0.6999356746673584, train_AUC=0.9972708211201838, train_AP=0.9962735315158766, time=0.2627551555633545
INFO - 11/08/25 16:16:21 - 0:19:45 - Epoch 227: val_AUC=0.9588411405726648, val_AP=0.9567382882399106
INFO - 11/08/25 16:16:21 - 0:19:46 - Epoch 228: train_loss=0.6989872455596924, train_AUC=0.9970460426586232, train_AP=0.9958422418263609, time=0.2633531093597412
INFO - 11/08/25 16:16:21 - 0:19:46 - Epoch 228: val_AUC=0.9588340132153423, val_AP=0.9567832361902266
INFO - 11/08/25 16:16:22 - 0:19:46 - Epoch 229: train_loss=0.6991146206855774, train_AUC=0.9970939860626917, train_AP=0.9958755815803482, time=0.26395201683044434
INFO - 11/08/25 16:16:22 - 0:19:46 - Epoch 229: val_AUC=0.9588252567477745, val_AP=0.9568255294531638
INFO - 11/08/25 16:16:22 - 0:19:46 - Epoch 230: train_loss=0.6972533464431763, train_AUC=0.9974754633485133, train_AP=0.9964236013036974, time=0.261446475982666
INFO - 11/08/25 16:16:22 - 0:19:46 - Epoch 230: val_AUC=0.958827293135581, val_AP=0.9568767849013675
INFO - 11/08/25 16:16:22 - 0:19:47 - Epoch 231: train_loss=0.6977165937423706, train_AUC=0.9973664567801859, train_AP=0.9962189305101945, time=0.23875141143798828
INFO - 11/08/25 16:16:22 - 0:19:47 - Epoch 231: val_AUC=0.9588869592983096, val_AP=0.9570289137652789
INFO - 11/08/25 16:16:23 - 0:19:47 - Epoch 232: train_loss=0.6972107887268066, train_AUC=0.997230445623105, train_AP=0.9960350829587576, time=0.22620010375976562
INFO - 11/08/25 16:16:23 - 0:19:47 - Epoch 232: val_AUC=0.9588769809980582, val_AP=0.957017722998011
INFO - 11/08/25 16:16:23 - 0:19:47 - Epoch 233: train_loss=0.6953443288803101, train_AUC=0.9974676324933008, train_AP=0.9965136295648908, time=0.28916311264038086
INFO - 11/08/25 16:16:23 - 0:19:47 - Epoch 233: val_AUC=0.9587346374903882, val_AP=0.9568534751628297
INFO - 11/08/25 16:16:23 - 0:19:47 - Epoch 234: train_loss=0.6951586008071899, train_AUC=0.9975205315819604, train_AP=0.9966573281084405, time=0.26032161712646484
INFO - 11/08/25 16:16:23 - 0:19:48 - Epoch 234: val_AUC=0.9586368908756794, val_AP=0.9567818457691979
INFO - 11/08/25 16:16:23 - 0:19:48 - Epoch 235: train_loss=0.6942971348762512, train_AUC=0.9975577749482991, train_AP=0.9967148254326301, time=0.2621176242828369
INFO - 11/08/25 16:16:24 - 0:19:48 - Epoch 235: val_AUC=0.9586578656700856, val_AP=0.9568831320522132
INFO - 11/08/25 16:16:24 - 0:19:48 - Epoch 236: train_loss=0.6957389116287231, train_AUC=0.9972827057458218, train_AP=0.9961203777003999, time=0.261303186416626
INFO - 11/08/25 16:16:24 - 0:19:48 - Epoch 236: val_AUC=0.958673138578634, val_AP=0.9569720683907488
INFO - 11/08/25 16:16:24 - 0:19:48 - Epoch 237: train_loss=0.6924583911895752, train_AUC=0.9974796171555032, train_AP=0.9963696574485277, time=0.285552978515625
INFO - 11/08/25 16:16:24 - 0:19:49 - Epoch 237: val_AUC=0.9586028831993119, val_AP=0.9569206325370712
INFO - 11/08/25 16:16:24 - 0:19:49 - Epoch 238: train_loss=0.6925928592681885, train_AUC=0.9974481540709286, train_AP=0.9963242484318711, time=0.26273512840270996
INFO - 11/08/25 16:16:25 - 0:19:49 - Epoch 238: val_AUC=0.9585417915651188, val_AP=0.9568840635313696
INFO - 11/08/25 16:16:25 - 0:19:49 - Epoch 239: train_loss=0.6922682523727417, train_AUC=0.9975669316402307, train_AP=0.9965847792216873, time=0.2617356777191162
INFO - 11/08/25 16:16:25 - 0:19:49 - Epoch 239: val_AUC=0.9585020820028932, val_AP=0.956846264234379
INFO - 11/08/25 16:16:25 - 0:19:49 - Epoch 240: train_loss=0.6915130615234375, train_AUC=0.9975854979334362, train_AP=0.9965926514194139, time=0.2639734745025635
INFO - 11/08/25 16:16:25 - 0:19:49 - Epoch 240: val_AUC=0.9584640015509129, val_AP=0.9568607577499673
INFO - 11/08/25 16:16:25 - 0:19:50 - Epoch 241: train_loss=0.690720796585083, train_AUC=0.9975860218925541, train_AP=0.9965068731769826, time=0.2638225555419922
INFO - 11/08/25 16:16:26 - 0:19:50 - Epoch 241: val_AUC=0.9584187937416099, val_AP=0.9568716824401051
INFO - 11/08/25 16:16:26 - 0:19:50 - Epoch 242: train_loss=0.6894503831863403, train_AUC=0.9975661274730602, train_AP=0.996579770304342, time=0.26246070861816406
INFO - 11/08/25 16:16:26 - 0:19:50 - Epoch 242: val_AUC=0.9584210337681972, val_AP=0.9569519236427961
INFO - 11/08/25 16:16:26 - 0:19:50 - Epoch 243: train_loss=0.6892454028129578, train_AUC=0.9974791375788047, train_AP=0.9964058064443907, time=0.2608370780944824
INFO - 11/08/25 16:16:26 - 0:19:50 - Epoch 243: val_AUC=0.958434881205281, val_AP=0.95699380457357
INFO - 11/08/25 16:16:26 - 0:19:51 - Epoch 244: train_loss=0.6873953342437744, train_AUC=0.9977300733123738, train_AP=0.9966634167709538, time=0.26958441734313965
INFO - 11/08/25 16:16:26 - 0:19:51 - Epoch 244: val_AUC=0.9582554754395338, val_AP=0.9568686643934632
INFO - 11/08/25 16:16:27 - 0:19:51 - Epoch 245: train_loss=0.6886475682258606, train_AUC=0.9976967151689393, train_AP=0.9967667243436675, time=0.2610197067260742
INFO - 11/08/25 16:16:27 - 0:19:51 - Epoch 245: val_AUC=0.9581082446011285, val_AP=0.9567598479348505
INFO - 11/08/25 16:16:27 - 0:19:51 - Epoch 246: train_loss=0.6867733001708984, train_AUC=0.9976781892073769, train_AP=0.9967528989580253, time=0.25987887382507324
INFO - 11/08/25 16:16:27 - 0:19:51 - Epoch 246: val_AUC=0.9580693495940256, val_AP=0.9567356104191409
INFO - 11/08/25 16:16:27 - 0:19:52 - Epoch 247: train_loss=0.686138391494751, train_AUC=0.997675372332711, train_AP=0.9967023376329281, time=0.2628476619720459
INFO - 11/08/25 16:16:27 - 0:19:52 - Epoch 247: val_AUC=0.9579941050645778, val_AP=0.9566372611285869
INFO - 11/08/25 16:16:28 - 0:19:52 - Epoch 248: train_loss=0.6864529252052307, train_AUC=0.997725840074943, train_AP=0.9968988392982314, time=0.2761838436126709
INFO - 11/08/25 16:16:28 - 0:19:52 - Epoch 248: val_AUC=0.9578974784631624, val_AP=0.9566200636244454
INFO - 11/08/25 16:16:28 - 0:19:52 - Epoch 249: train_loss=0.6846194267272949, train_AUC=0.9978168363631525, train_AP=0.9969432391033216, time=0.2620699405670166
INFO - 11/08/25 16:16:28 - 0:19:52 - Epoch 249: val_AUC=0.9578575652621564, val_AP=0.9566611967219135
INFO - 11/08/25 16:16:28 - 0:19:53 - Epoch 250: train_loss=0.6848033666610718, train_AUC=0.9978052285992736, train_AP=0.9970531660049468, time=0.24576163291931152
INFO - 11/08/25 16:16:28 - 0:19:53 - Epoch 250: val_AUC=0.9579306715844074, val_AP=0.9567717344325339
INFO - 11/08/25 16:16:29 - 0:19:53 - Epoch 251: train_loss=0.6847892999649048, train_AUC=0.9978282257373488, train_AP=0.9968331793061299, time=0.2226855754852295
INFO - 11/08/25 16:16:29 - 0:19:53 - Epoch 251: val_AUC=0.9578205030040792, val_AP=0.9566700852388831
INFO - 11/08/25 16:16:29 - 0:19:53 - Epoch 252: train_loss=0.6840783357620239, train_AUC=0.9976549483182366, train_AP=0.9967926863084124, time=0.26283931732177734
INFO - 11/08/25 16:16:29 - 0:19:53 - Epoch 252: val_AUC=0.957722960028151, val_AP=0.9565986035222509
INFO - 11/08/25 16:16:29 - 0:19:53 - Epoch 253: train_loss=0.6836037635803223, train_AUC=0.9977378437581822, train_AP=0.996876535829317, time=0.22754192352294922
INFO - 11/08/25 16:16:29 - 0:19:54 - Epoch 253: val_AUC=0.9576600356449322, val_AP=0.9565436640745153
INFO - 11/08/25 16:16:29 - 0:19:54 - Epoch 254: train_loss=0.6816293001174927, train_AUC=0.9976617902556518, train_AP=0.996696176792206, time=0.22372078895568848
INFO - 11/08/25 16:16:30 - 0:19:54 - Epoch 254: val_AUC=0.9577687787537958, val_AP=0.9566964187722129
INFO - 11/08/25 16:16:30 - 0:19:54 - Epoch 255: train_loss=0.6818328499794006, train_AUC=0.9977197554565888, train_AP=0.996713354159252, time=0.21898531913757324
INFO - 11/08/25 16:16:30 - 0:19:54 - Epoch 255: val_AUC=0.9576048495353778, val_AP=0.956536177086917
INFO - 11/08/25 16:16:30 - 0:19:54 - Epoch 256: train_loss=0.6827669739723206, train_AUC=0.9975488516163108, train_AP=0.9964401118864511, time=0.23454666137695312
INFO - 11/08/25 16:16:30 - 0:19:54 - Epoch 256: val_AUC=0.9575690091099847, val_AP=0.9564914766103509
INFO - 11/08/25 16:16:30 - 0:19:55 - Epoch 257: train_loss=0.6809561252593994, train_AUC=0.9977936269996196, train_AP=0.9966544392533292, time=0.22059988975524902
INFO - 11/08/25 16:16:30 - 0:19:55 - Epoch 257: val_AUC=0.9574741134382045, val_AP=0.9564936833622366
INFO - 11/08/25 16:16:31 - 0:19:55 - Epoch 258: train_loss=0.6811017990112305, train_AUC=0.9978209246532375, train_AP=0.9968151849369191, time=0.21852850914001465
INFO - 11/08/25 16:16:31 - 0:19:55 - Epoch 258: val_AUC=0.9573604829986055, val_AP=0.9564807454490989
INFO - 11/08/25 16:16:31 - 0:19:55 - Epoch 259: train_loss=0.6807640790939331, train_AUC=0.9978497284911834, train_AP=0.9969597392594852, time=0.2113049030303955
INFO - 11/08/25 16:16:31 - 0:19:55 - Epoch 259: val_AUC=0.9572820820680578, val_AP=0.9564526914674244
INFO - 11/08/25 16:16:31 - 0:19:55 - Epoch 260: train_loss=0.6793762445449829, train_AUC=0.9978691313577703, train_AP=0.9970563622475529, time=0.22154474258422852
INFO - 11/08/25 16:16:31 - 0:19:55 - Epoch 260: val_AUC=0.9572997986419737, val_AP=0.9564724039760767
INFO - 11/08/25 16:16:31 - 0:19:56 - Epoch 261: train_loss=0.6767261028289795, train_AUC=0.9980960466919283, train_AP=0.9973369126672952, time=0.2617955207824707
INFO - 11/08/25 16:16:31 - 0:19:56 - Epoch 261: val_AUC=0.9572566272204772, val_AP=0.9564583832614595
INFO - 11/08/25 16:16:32 - 0:19:56 - Epoch 262: train_loss=0.6778003573417664, train_AUC=0.9978958758162322, train_AP=0.9969270654347918, time=0.2616446018218994
INFO - 11/08/25 16:16:32 - 0:19:56 - Epoch 262: val_AUC=0.9572089757458064, val_AP=0.9564031033850411
INFO - 11/08/25 16:16:32 - 0:19:56 - Epoch 263: train_loss=0.6779657006263733, train_AUC=0.9977810091834581, train_AP=0.9966905836581849, time=0.2564356327056885
INFO - 11/08/25 16:16:32 - 0:19:56 - Epoch 263: val_AUC=0.9571413676706331, val_AP=0.956331776593905
INFO - 11/08/25 16:16:32 - 0:19:57 - Epoch 264: train_loss=0.6776492595672607, train_AUC=0.9978188200107304, train_AP=0.9968400336372547, time=0.26229381561279297
INFO - 11/08/25 16:16:32 - 0:19:57 - Epoch 264: val_AUC=0.957256830859258, val_AP=0.9565031257047072
INFO - 11/08/25 16:16:33 - 0:19:57 - Epoch 265: train_loss=0.6768369674682617, train_AUC=0.997946919473192, train_AP=0.9971622882223711, time=0.25211572647094727
INFO - 11/08/25 16:16:33 - 0:19:57 - Epoch 265: val_AUC=0.9573857342074054, val_AP=0.956688691814684
INFO - 11/08/25 16:16:33 - 0:19:57 - Epoch 266: train_loss=0.6759195923805237, train_AUC=0.9980977957467181, train_AP=0.9973148530735085, time=0.25850367546081543
INFO - 11/08/25 16:16:33 - 0:19:57 - Epoch 266: val_AUC=0.9572277105136258, val_AP=0.9566197379160069
INFO - 11/08/25 16:16:33 - 0:19:58 - Epoch 267: train_loss=0.6743767261505127, train_AUC=0.99798851689577, train_AP=0.9972257696244411, time=0.2561473846435547
INFO - 11/08/25 16:16:33 - 0:19:58 - Epoch 267: val_AUC=0.9572303578177742, val_AP=0.9566181343127902
INFO - 11/08/25 16:16:34 - 0:19:58 - Epoch 268: train_loss=0.6743649244308472, train_AUC=0.9980568381706864, train_AP=0.996897876445777, time=0.2827458381652832
INFO - 11/08/25 16:16:34 - 0:19:58 - Epoch 268: val_AUC=0.9570444356110466, val_AP=0.9564745691592583
INFO - 11/08/25 16:16:34 - 0:19:58 - Epoch 269: train_loss=0.6738970875740051, train_AUC=0.9979873733439877, train_AP=0.9970787427059679, time=0.2619292736053467
INFO - 11/08/25 16:16:34 - 0:19:58 - Epoch 269: val_AUC=0.9570057442427246, val_AP=0.9564579291229153
INFO - 11/08/25 16:16:34 - 0:19:59 - Epoch 270: train_loss=0.673782467842102, train_AUC=0.9979916479697859, train_AP=0.9972002570746451, time=0.2628481388092041
INFO - 11/08/25 16:16:34 - 0:19:59 - Epoch 270: val_AUC=0.9569642019314731, val_AP=0.9563893119584758
INFO - 11/08/25 16:16:35 - 0:19:59 - Epoch 271: train_loss=0.6727946996688843, train_AUC=0.9978761844639191, train_AP=0.9969143877168101, time=0.2589261531829834
INFO - 11/08/25 16:16:35 - 0:19:59 - Epoch 271: val_AUC=0.9569167540955832, val_AP=0.9563871597990663
INFO - 11/08/25 16:16:35 - 0:19:59 - Epoch 272: train_loss=0.6718640327453613, train_AUC=0.9980924883490654, train_AP=0.9972987718626238, time=0.26526331901550293
INFO - 11/08/25 16:16:35 - 0:19:59 - Epoch 272: val_AUC=0.9569424125819442, val_AP=0.9564294807496421
INFO - 11/08/25 16:16:35 - 0:20:00 - Epoch 273: train_loss=0.671870768070221, train_AUC=0.998065240537609, train_AP=0.9971850276499677, time=0.26421022415161133
INFO - 11/08/25 16:16:35 - 0:20:00 - Epoch 273: val_AUC=0.9569218450650991, val_AP=0.9564370660390714
INFO - 11/08/25 16:16:36 - 0:20:00 - Epoch 274: train_loss=0.6702927350997925, train_AUC=0.9982449653837417, train_AP=0.9976195936632165, time=0.26195859909057617
INFO - 11/08/25 16:16:36 - 0:20:00 - Epoch 274: val_AUC=0.9570747777893626, val_AP=0.9566238659610828
INFO - 11/08/25 16:16:36 - 0:20:00 - Epoch 275: train_loss=0.6708111763000488, train_AUC=0.9981640983260348, train_AP=0.997463407832962, time=0.2647368907928467
INFO - 11/08/25 16:16:36 - 0:20:00 - Epoch 275: val_AUC=0.9568884483050737, val_AP=0.956466695949549
INFO - 11/08/25 16:16:36 - 0:20:00 - Epoch 276: train_loss=0.6689729690551758, train_AUC=0.9982455437641596, train_AP=0.997470229793191, time=0.2390587329864502
INFO - 11/08/25 16:16:36 - 0:20:00 - Epoch 276: val_AUC=0.9569723474826988, val_AP=0.9565080344631826
INFO - 11/08/25 16:16:36 - 0:20:01 - Epoch 277: train_loss=0.6686601638793945, train_AUC=0.9980976944773088, train_AP=0.9973143673991925, time=0.21892476081848145
INFO - 11/08/25 16:16:36 - 0:20:01 - Epoch 277: val_AUC=0.9567544539874102, val_AP=0.9563570876973255
INFO - 11/08/25 16:16:37 - 0:20:01 - Epoch 278: train_loss=0.6688476204872131, train_AUC=0.9979987660644773, train_AP=0.9971071940412829, time=0.22672557830810547
INFO - 11/08/25 16:16:37 - 0:20:01 - Epoch 278: val_AUC=0.9568654371228609, val_AP=0.9564912414163036
INFO - 11/08/25 16:16:37 - 0:20:01 - Epoch 279: train_loss=0.6678298711776733, train_AUC=0.9980440428248473, train_AP=0.9972466435559594, time=0.28418445587158203
INFO - 11/08/25 16:16:37 - 0:20:01 - Epoch 279: val_AUC=0.9566982496839527, val_AP=0.9563824905898378
INFO - 11/08/25 16:16:37 - 0:20:02 - Epoch 280: train_loss=0.6667252779006958, train_AUC=0.9981213894056443, train_AP=0.9972670331164626, time=0.2590770721435547
INFO - 11/08/25 16:16:37 - 0:20:02 - Epoch 280: val_AUC=0.9567082279842042, val_AP=0.9563992088394355
INFO - 11/08/25 16:16:38 - 0:20:02 - Epoch 281: train_loss=0.6665743589401245, train_AUC=0.998210253400395, train_AP=0.9974784275399904, time=0.2573561668395996
INFO - 11/08/25 16:16:38 - 0:20:02 - Epoch 281: val_AUC=0.9565019418994124, val_AP=0.9562554151682431
INFO - 11/08/25 16:16:38 - 0:20:02 - Epoch 282: train_loss=0.6657922267913818, train_AUC=0.9982192961422259, train_AP=0.997465106409325, time=0.2883110046386719
INFO - 11/08/25 16:16:38 - 0:20:02 - Epoch 282: val_AUC=0.9565039782872188, val_AP=0.9562939344015462
INFO - 11/08/25 16:16:38 - 0:20:03 - Epoch 283: train_loss=0.6648779511451721, train_AUC=0.9983121862564504, train_AP=0.9976096495039055, time=0.2596132755279541
INFO - 11/08/25 16:16:38 - 0:20:03 - Epoch 283: val_AUC=0.9564561231737674, val_AP=0.9562806242141874
INFO - 11/08/25 16:16:39 - 0:20:03 - Epoch 284: train_loss=0.6657427549362183, train_AUC=0.9980075027085111, train_AP=0.9971226923894506, time=0.2570497989654541
INFO - 11/08/25 16:16:39 - 0:20:03 - Epoch 284: val_AUC=0.9563712058022391, val_AP=0.9562252492410876
INFO - 11/08/25 16:16:39 - 0:20:03 - Epoch 285: train_loss=0.6643487215042114, train_AUC=0.9981976165631965, train_AP=0.9974080848215304, time=0.25726819038391113
INFO - 11/08/25 16:16:39 - 0:20:03 - Epoch 285: val_AUC=0.9563190742743942, val_AP=0.9562092697844435
INFO - 11/08/25 16:16:39 - 0:20:04 - Epoch 286: train_loss=0.6637884974479675, train_AUC=0.9982437947093699, train_AP=0.9974317349768909, time=0.2816793918609619
INFO - 11/08/25 16:16:39 - 0:20:04 - Epoch 286: val_AUC=0.9565396150738312, val_AP=0.9564308056270129
INFO - 11/08/25 16:16:40 - 0:20:04 - Epoch 287: train_loss=0.6629655361175537, train_AUC=0.998350866767798, train_AP=0.9974399734439566, time=0.23984408378601074
INFO - 11/08/25 16:16:40 - 0:20:04 - Epoch 287: val_AUC=0.9561614578581763, val_AP=0.9561165602882237
INFO - 11/08/25 16:16:40 - 0:20:04 - Epoch 288: train_loss=0.6633684635162354, train_AUC=0.9983538280614477, train_AP=0.9977789775389748, time=0.22042417526245117
INFO - 11/08/25 16:16:40 - 0:20:04 - Epoch 288: val_AUC=0.9564952218196511, val_AP=0.9563897955048879
INFO - 11/08/25 16:16:40 - 0:20:04 - Epoch 289: train_loss=0.6625808477401733, train_AUC=0.9983799078403429, train_AP=0.997721733695053, time=0.21974587440490723
INFO - 11/08/25 16:16:40 - 0:20:04 - Epoch 289: val_AUC=0.9560708386007897, val_AP=0.9560455427693274
INFO - 11/08/25 16:16:40 - 0:20:05 - Epoch 290: train_loss=0.6621682047843933, train_AUC=0.99827464313266, train_AP=0.997406702593502, time=0.2343757152557373
INFO - 11/08/25 16:16:40 - 0:20:05 - Epoch 290: val_AUC=0.9563046159209686, val_AP=0.9562782878950151
INFO - 11/08/25 16:16:41 - 0:20:05 - Epoch 291: train_loss=0.6605167388916016, train_AUC=0.9983919310729812, train_AP=0.9976373365000615, time=0.21905851364135742
INFO - 11/08/25 16:16:41 - 0:20:05 - Epoch 291: val_AUC=0.9563506382853941, val_AP=0.9563728312501967
INFO - 11/08/25 16:16:41 - 0:20:05 - Epoch 292: train_loss=0.6612487435340881, train_AUC=0.9981459512001237, train_AP=0.9971937497759683, time=0.22324800491333008
INFO - 11/08/25 16:16:41 - 0:20:05 - Epoch 292: val_AUC=0.9559765538453517, val_AP=0.9561068800013511
INFO - 11/08/25 16:16:41 - 0:20:05 - Epoch 293: train_loss=0.6612816452980042, train_AUC=0.9982652143342287, train_AP=0.9974757411929093, time=0.2245023250579834
INFO - 11/08/25 16:16:41 - 0:20:06 - Epoch 293: val_AUC=0.956102198973009, val_AP=0.9562278296208601
INFO - 11/08/25 16:16:41 - 0:20:06 - Epoch 294: train_loss=0.6614954471588135, train_AUC=0.9983445299445844, train_AP=0.9975901729255281, time=0.24061012268066406
INFO - 11/08/25 16:16:42 - 0:20:06 - Epoch 294: val_AUC=0.9556678374538963, val_AP=0.955825980810784
INFO - 11/08/25 16:16:42 - 0:20:06 - Epoch 295: train_loss=0.659347653388977, train_AUC=0.9983081303725764, train_AP=0.9974820663911075, time=0.2221384048461914
INFO - 11/08/25 16:16:42 - 0:20:06 - Epoch 295: val_AUC=0.9558783999530817, val_AP=0.9560091498662525
INFO - 11/08/25 16:16:42 - 0:20:06 - Epoch 296: train_loss=0.6583475470542908, train_AUC=0.9983356520517398, train_AP=0.9975536394264337, time=0.2209944725036621
INFO - 11/08/25 16:16:42 - 0:20:06 - Epoch 296: val_AUC=0.9561176755203378, val_AP=0.9562196573719316
INFO - 11/08/25 16:16:42 - 0:20:07 - Epoch 297: train_loss=0.6587570309638977, train_AUC=0.9983059427772141, train_AP=0.9974754625977488, time=0.21946501731872559
INFO - 11/08/25 16:16:42 - 0:20:07 - Epoch 297: val_AUC=0.9556383098307029, val_AP=0.9558622269388901
INFO - 11/08/25 16:16:43 - 0:20:07 - Epoch 298: train_loss=0.6577569246292114, train_AUC=0.998318586659241, train_AP=0.9975467231225875, time=0.23085308074951172
INFO - 11/08/25 16:16:43 - 0:20:07 - Epoch 298: val_AUC=0.9561211373796087, val_AP=0.9563760306971957
INFO - 11/08/25 16:16:43 - 0:20:07 - Epoch 299: train_loss=0.6581697463989258, train_AUC=0.9984577988102604, train_AP=0.9977834052274701, time=0.2203524112701416
INFO - 11/08/25 16:16:43 - 0:20:07 - Epoch 299: val_AUC=0.9560622857720028, val_AP=0.9562917375226144
INFO - 11/08/25 16:16:43 - 0:20:07 - Epoch 300: train_loss=0.6576586961746216, train_AUC=0.9983966699529758, train_AP=0.9977878073136128, time=0.21921157836914062
INFO - 11/08/25 16:16:43 - 0:20:07 - Epoch 300: val_AUC=0.9558277957160918, val_AP=0.9560619477682475
INFO - 11/08/25 16:16:43 - 0:20:07 - best_epoch=190
INFO - 11/08/25 16:16:43 - 0:20:07 - test_auc= 95.83%, test_ap= 95.83%
INFO - 11/08/25 16:16:43 - 0:20:07 - 
                                     train iters 9
INFO - 11/08/25 16:16:43 - 0:20:07 - --------------------------Training Start-------------------------
INFO - 11/08/25 16:16:45 - 0:20:10 - Epoch 0: train_loss=6.38031005859375, train_AUC=0.9950713228156711, train_AP=0.9948683210451021, time=2.068934202194214
INFO - 11/08/25 16:16:45 - 0:20:10 - Epoch 0: val_AUC=0.806270282422552, val_AP=0.8372556231982952
INFO - 11/08/25 16:16:46 - 0:20:10 - Epoch 1: train_loss=2.1355204582214355, train_AUC=0.9302836104018346, train_AP=0.9479858706966235, time=0.22052431106567383
INFO - 11/08/25 16:16:46 - 0:20:10 - Epoch 1: val_AUC=0.6977191031096455, val_AP=0.7442512274477915
INFO - 11/08/25 16:16:46 - 0:20:10 - Epoch 2: train_loss=3.7947118282318115, train_AUC=0.7464441700273974, train_AP=0.8064203762347669, time=0.21959781646728516
INFO - 11/08/25 16:16:46 - 0:20:10 - Epoch 2: val_AUC=0.6779038279203431, val_AP=0.7221226233985547
INFO - 11/08/25 16:16:46 - 0:20:10 - Epoch 3: train_loss=4.236058235168457, train_AUC=0.6930639410696829, train_AP=0.7544299393989107, time=0.22384905815124512
INFO - 11/08/25 16:16:46 - 0:20:10 - Epoch 3: val_AUC=0.7009069664012303, val_AP=0.7337492066371296
INFO - 11/08/25 16:16:46 - 0:20:11 - Epoch 4: train_loss=3.728659152984619, train_AUC=0.7182277099781292, train_AP=0.7668654591286902, time=0.22447538375854492
INFO - 11/08/25 16:16:46 - 0:20:11 - Epoch 4: val_AUC=0.7539202501661691, val_AP=0.7667811445884161
INFO - 11/08/25 16:16:47 - 0:20:11 - Epoch 5: train_loss=2.9964160919189453, train_AUC=0.7776368582343016, train_AP=0.8058633473627247, time=0.222306489944458
INFO - 11/08/25 16:16:47 - 0:20:11 - Epoch 5: val_AUC=0.7963613211758266, val_AP=0.7962270378844756
INFO - 11/08/25 16:16:47 - 0:20:11 - Epoch 6: train_loss=2.5209662914276123, train_AUC=0.8277101612244503, train_AP=0.8410061336025616, time=0.22295045852661133
INFO - 11/08/25 16:16:47 - 0:20:11 - Epoch 6: val_AUC=0.8231268897678843, val_AP=0.8168532375774871
INFO - 11/08/25 16:16:47 - 0:20:12 - Epoch 7: train_loss=2.2892820835113525, train_AUC=0.8580381282616077, train_AP=0.8630687339768327, time=0.32082152366638184
INFO - 11/08/25 16:16:47 - 0:20:12 - Epoch 7: val_AUC=0.8379774514850968, val_AP=0.827863938281523
INFO - 11/08/25 16:16:48 - 0:20:12 - Epoch 8: train_loss=2.1398236751556396, train_AUC=0.8756907091511454, train_AP=0.8765571081519559, time=0.2586019039154053
INFO - 11/08/25 16:16:48 - 0:20:12 - Epoch 8: val_AUC=0.8510579849209556, val_AP=0.8383729319489452
INFO - 11/08/25 16:16:48 - 0:20:12 - Epoch 9: train_loss=1.8878684043884277, train_AUC=0.8898097270096842, train_AP=0.8863825954283747, time=0.2625746726989746
INFO - 11/08/25 16:16:48 - 0:20:12 - Epoch 9: val_AUC=0.8557876992401829, val_AP=0.8427032396102656
INFO - 11/08/25 16:16:48 - 0:20:13 - Epoch 10: train_loss=1.7771551609039307, train_AUC=0.8940780455729052, train_AP=0.890374342039857, time=0.28978943824768066
INFO - 11/08/25 16:16:48 - 0:20:13 - Epoch 10: val_AUC=0.8637988488707009, val_AP=0.8497491298020112
INFO - 11/08/25 16:16:49 - 0:20:13 - Epoch 11: train_loss=1.6737415790557861, train_AUC=0.9033099563709828, train_AP=0.8986893281618299, time=0.2609071731567383
INFO - 11/08/25 16:16:49 - 0:20:13 - Epoch 11: val_AUC=0.8711687399809719, val_AP=0.8565109024977235
INFO - 11/08/25 16:16:49 - 0:20:13 - Epoch 12: train_loss=1.611208438873291, train_AUC=0.9095100979359656, train_AP=0.9034441026950908, time=0.26148390769958496
INFO - 11/08/25 16:16:49 - 0:20:13 - Epoch 12: val_AUC=0.8783484324701221, val_AP=0.863465732364944
INFO - 11/08/25 16:16:49 - 0:20:14 - Epoch 13: train_loss=1.5511715412139893, train_AUC=0.9172701744612884, train_AP=0.9104761169821248, time=0.28482818603515625
INFO - 11/08/25 16:16:49 - 0:20:14 - Epoch 13: val_AUC=0.8846345579898083, val_AP=0.8700902582556173
INFO - 11/08/25 16:16:50 - 0:20:14 - Epoch 14: train_loss=1.5128296613693237, train_AUC=0.9224381458001307, train_AP=0.9145549143366534, time=0.25995874404907227
INFO - 11/08/25 16:16:50 - 0:20:14 - Epoch 14: val_AUC=0.8898644091542964, val_AP=0.8756368148777406
INFO - 11/08/25 16:16:50 - 0:20:14 - Epoch 15: train_loss=1.4659701585769653, train_AUC=0.928120101484192, train_AP=0.9201163736972253, time=0.2616846561431885
INFO - 11/08/25 16:16:50 - 0:20:14 - Epoch 15: val_AUC=0.8940838046892309, val_AP=0.8802082700176171
INFO - 11/08/25 16:16:50 - 0:20:15 - Epoch 16: train_loss=1.4346444606781006, train_AUC=0.9316655177913423, train_AP=0.924070039633133, time=0.27921271324157715
INFO - 11/08/25 16:16:50 - 0:20:15 - Epoch 16: val_AUC=0.8968758960106348, val_AP=0.8833790771600262
INFO - 11/08/25 16:16:51 - 0:20:15 - Epoch 17: train_loss=1.4189832210540771, train_AUC=0.933732878713832, train_AP=0.9256549535414219, time=0.26165223121643066
INFO - 11/08/25 16:16:51 - 0:20:15 - Epoch 17: val_AUC=0.8991649995438491, val_AP=0.8860087313844783
INFO - 11/08/25 16:16:51 - 0:20:15 - Epoch 18: train_loss=1.399825096130371, train_AUC=0.9362427210859641, train_AP=0.9285343081828753, time=0.2584981918334961
INFO - 11/08/25 16:16:51 - 0:20:15 - Epoch 18: val_AUC=0.9018505877829764, val_AP=0.8889062397141309
INFO - 11/08/25 16:16:51 - 0:20:16 - Epoch 19: train_loss=1.3767961263656616, train_AUC=0.937910743616757, train_AP=0.9293002186035277, time=0.2759251594543457
INFO - 11/08/25 16:16:51 - 0:20:16 - Epoch 19: val_AUC=0.9045791438048195, val_AP=0.8917460490835567
INFO - 11/08/25 16:16:52 - 0:20:16 - Epoch 20: train_loss=1.3442245721817017, train_AUC=0.941162640315653, train_AP=0.9329950654064861, time=0.26308703422546387
INFO - 11/08/25 16:16:52 - 0:20:16 - Epoch 20: val_AUC=0.9069741395039684, val_AP=0.8943258391354727
INFO - 11/08/25 16:16:52 - 0:20:16 - Epoch 21: train_loss=1.3153026103973389, train_AUC=0.9430975072116781, train_AP=0.9342363540297625, time=0.25975728034973145
INFO - 11/08/25 16:16:52 - 0:20:16 - Epoch 21: val_AUC=0.90875923705509, val_AP=0.8962422906821668
INFO - 11/08/25 16:16:52 - 0:20:17 - Epoch 22: train_loss=1.2934246063232422, train_AUC=0.9457004316696106, train_AP=0.9372541490385418, time=0.26993536949157715
INFO - 11/08/25 16:16:52 - 0:20:17 - Epoch 22: val_AUC=0.9103537287075292, val_AP=0.8979524887646151
INFO - 11/08/25 16:16:53 - 0:20:17 - Epoch 23: train_loss=1.2776365280151367, train_AUC=0.9461925997661275, train_AP=0.9371120923110798, time=0.2634737491607666
INFO - 11/08/25 16:16:53 - 0:20:17 - Epoch 23: val_AUC=0.9117725819116631, val_AP=0.8994119096592835
INFO - 11/08/25 16:16:53 - 0:20:17 - Epoch 24: train_loss=1.2629437446594238, train_AUC=0.9481106650984803, train_AP=0.938995680739247, time=0.2660250663757324
INFO - 11/08/25 16:16:53 - 0:20:17 - Epoch 24: val_AUC=0.9131896023667714, val_AP=0.900896156981415
INFO - 11/08/25 16:16:53 - 0:20:17 - Epoch 25: train_loss=1.2490425109863281, train_AUC=0.9494297826362696, train_AP=0.9397509920668523, time=0.23090052604675293
INFO - 11/08/25 16:16:53 - 0:20:18 - Epoch 25: val_AUC=0.9146222011885989, val_AP=0.9024064502483352
INFO - 11/08/25 16:16:54 - 0:20:18 - Epoch 26: train_loss=1.2406401634216309, train_AUC=0.9501318591465222, train_AP=0.940708683868912, time=0.22324371337890625
INFO - 11/08/25 16:16:54 - 0:20:18 - Epoch 26: val_AUC=0.9160399343794393, val_AP=0.9038409829902533
INFO - 11/08/25 16:16:54 - 0:20:18 - Epoch 27: train_loss=1.2255337238311768, train_AUC=0.951701199481239, train_AP=0.9424594525532927, time=0.22350859642028809
INFO - 11/08/25 16:16:54 - 0:20:18 - Epoch 27: val_AUC=0.9175417703866855, val_AP=0.90533401335026
INFO - 11/08/25 16:16:54 - 0:20:18 - Epoch 28: train_loss=1.2110573053359985, train_AUC=0.9530762221359985, train_AP=0.9439831216280681, time=0.2234489917755127
INFO - 11/08/25 16:16:54 - 0:20:18 - Epoch 28: val_AUC=0.9190877960093315, val_AP=0.9068762859352273
INFO - 11/08/25 16:16:54 - 0:20:19 - Epoch 29: train_loss=1.1950839757919312, train_AUC=0.9546256492063054, train_AP=0.9457515180645943, time=0.23097467422485352
INFO - 11/08/25 16:16:54 - 0:20:19 - Epoch 29: val_AUC=0.9206321925217323, val_AP=0.9083759810731439
INFO - 11/08/25 16:16:55 - 0:20:19 - Epoch 30: train_loss=1.1815377473831177, train_AUC=0.9548663281979766, train_AP=0.9452356939816383, time=0.2203524112701416
INFO - 11/08/25 16:16:55 - 0:20:19 - Epoch 30: val_AUC=0.9221451268425237, val_AP=0.9099080179762997
INFO - 11/08/25 16:16:55 - 0:20:19 - Epoch 31: train_loss=1.1633613109588623, train_AUC=0.9570725176805751, train_AP=0.94778103418145, time=0.21996760368347168
INFO - 11/08/25 16:16:55 - 0:20:19 - Epoch 31: val_AUC=0.9235907585463123, val_AP=0.9113640701897381
INFO - 11/08/25 16:16:55 - 0:20:20 - Epoch 32: train_loss=1.153071403503418, train_AUC=0.9578320336714397, train_AP=0.9489390313363315, time=0.21949052810668945
INFO - 11/08/25 16:16:55 - 0:20:20 - Epoch 32: val_AUC=0.9250085935565432, val_AP=0.912811420196389
INFO - 11/08/25 16:16:56 - 0:20:20 - Epoch 33: train_loss=1.1403162479400635, train_AUC=0.9587939216946576, train_AP=0.9492872731425592, time=0.25727152824401855
INFO - 11/08/25 16:16:56 - 0:20:20 - Epoch 33: val_AUC=0.9264790691915704, val_AP=0.9143659912606779
INFO - 11/08/25 16:16:56 - 0:20:20 - Epoch 34: train_loss=1.1315464973449707, train_AUC=0.9597128802943534, train_AP=0.9506238660771652, time=0.22725272178649902
INFO - 11/08/25 16:16:56 - 0:20:20 - Epoch 34: val_AUC=0.9279320318914622, val_AP=0.9159468943495354
INFO - 11/08/25 16:16:56 - 0:20:20 - Epoch 35: train_loss=1.1194736957550049, train_AUC=0.9613079580293016, train_AP=0.9524568147756074, time=0.22472214698791504
INFO - 11/08/25 16:16:56 - 0:20:20 - Epoch 35: val_AUC=0.9293739980971992, val_AP=0.9175737362235246
INFO - 11/08/25 16:16:56 - 0:20:21 - Epoch 36: train_loss=1.1107677221298218, train_AUC=0.9621125929763782, train_AP=0.9534515823738751, time=0.22314953804016113
INFO - 11/08/25 16:16:56 - 0:20:21 - Epoch 36: val_AUC=0.9307939713146268, val_AP=0.9191725488907903
INFO - 11/08/25 16:16:57 - 0:20:21 - Epoch 37: train_loss=1.1004234552383423, train_AUC=0.9629571150377996, train_AP=0.9536984867961229, time=0.22090578079223633
INFO - 11/08/25 16:16:57 - 0:20:21 - Epoch 37: val_AUC=0.9321740313310481, val_AP=0.9207785395728911
INFO - 11/08/25 16:16:57 - 0:20:21 - Epoch 38: train_loss=1.0871391296386719, train_AUC=0.9650923092047131, train_AP=0.9565702488394907, time=0.2188093662261963
INFO - 11/08/25 16:16:57 - 0:20:21 - Epoch 38: val_AUC=0.9335143817852443, val_AP=0.9223394805840747
INFO - 11/08/25 16:16:57 - 0:20:22 - Epoch 39: train_loss=1.077744960784912, train_AUC=0.9661289130936547, train_AP=0.957617389804, time=0.22014808654785156
INFO - 11/08/25 16:16:57 - 0:20:22 - Epoch 39: val_AUC=0.9348250009774661, val_AP=0.923891836922043
INFO - 11/08/25 16:16:58 - 0:20:22 - Epoch 40: train_loss=1.0677658319473267, train_AUC=0.9675151551661233, train_AP=0.95941185432548, time=0.2520129680633545
INFO - 11/08/25 16:16:58 - 0:20:22 - Epoch 40: val_AUC=0.9360888850695304, val_AP=0.9253729593977825
INFO - 11/08/25 16:16:58 - 0:20:22 - Epoch 41: train_loss=1.0580673217773438, train_AUC=0.9691760773904166, train_AP=0.9617465373563694, time=0.22002029418945312
INFO - 11/08/25 16:16:58 - 0:20:22 - Epoch 41: val_AUC=0.9373073577135111, val_AP=0.9267505378423606
INFO - 11/08/25 16:16:58 - 0:20:22 - Epoch 42: train_loss=1.0497443675994873, train_AUC=0.9701719362810256, train_AP=0.9628250677478816, time=0.21832036972045898
INFO - 11/08/25 16:16:58 - 0:20:22 - Epoch 42: val_AUC=0.938536928671037, val_AP=0.9281495094284659
INFO - 11/08/25 16:16:58 - 0:20:23 - Epoch 43: train_loss=1.0421199798583984, train_AUC=0.9709208786888315, train_AP=0.9636180109641876, time=0.21945428848266602
INFO - 11/08/25 16:16:58 - 0:20:23 - Epoch 43: val_AUC=0.9396919678348472, val_AP=0.9294485787880006
INFO - 11/08/25 16:16:59 - 0:20:23 - Epoch 44: train_loss=1.0360289812088013, train_AUC=0.9714950625023382, train_AP=0.9638190899625967, time=0.24312376976013184
INFO - 11/08/25 16:16:59 - 0:20:23 - Epoch 44: val_AUC=0.9407834716990968, val_AP=0.9306864946992904
INFO - 11/08/25 16:16:59 - 0:20:23 - Epoch 45: train_loss=1.0218287706375122, train_AUC=0.9733980323523547, train_AP=0.9661236959509425, time=0.22553634643554688
INFO - 11/08/25 16:16:59 - 0:20:23 - Epoch 45: val_AUC=0.9417774325874179, val_AP=0.9317896254436374
INFO - 11/08/25 16:16:59 - 0:20:24 - Epoch 46: train_loss=1.012520670890808, train_AUC=0.9747377778524028, train_AP=0.9678193718742826, time=0.22467780113220215
INFO - 11/08/25 16:16:59 - 0:20:24 - Epoch 46: val_AUC=0.9426803669407917, val_AP=0.9327577541798651
INFO - 11/08/25 16:17:00 - 0:20:24 - Epoch 47: train_loss=1.0068554878234863, train_AUC=0.9746142076862888, train_AP=0.9673456389601456, time=0.22252893447875977
INFO - 11/08/25 16:17:00 - 0:20:24 - Epoch 47: val_AUC=0.9435126386372819, val_AP=0.9337006916990678
INFO - 11/08/25 16:17:00 - 0:20:24 - Epoch 48: train_loss=1.0006134510040283, train_AUC=0.9754131521731644, train_AP=0.9683468424171713, time=0.251967191696167
INFO - 11/08/25 16:17:00 - 0:20:24 - Epoch 48: val_AUC=0.9442624366276114, val_AP=0.9345414338542213
INFO - 11/08/25 16:17:00 - 0:20:24 - Epoch 49: train_loss=0.9944843053817749, train_AUC=0.9758855345166668, train_AP=0.9688044586955405, time=0.22940611839294434
INFO - 11/08/25 16:17:00 - 0:20:24 - Epoch 49: val_AUC=0.9448979932620001, val_AP=0.9352494542283191
INFO - 11/08/25 16:17:00 - 0:20:25 - Epoch 50: train_loss=0.9852021932601929, train_AUC=0.9770633261026529, train_AP=0.9703961977519728, time=0.22338366508483887
INFO - 11/08/25 16:17:00 - 0:20:25 - Epoch 50: val_AUC=0.9454785674256149, val_AP=0.9359639868479799
INFO - 11/08/25 16:17:01 - 0:20:25 - Epoch 51: train_loss=0.981995701789856, train_AUC=0.9769911826560471, train_AP=0.9699586247019608, time=0.22721505165100098
INFO - 11/08/25 16:17:01 - 0:20:25 - Epoch 51: val_AUC=0.9459622095296433, val_AP=0.9365439558584511
INFO - 11/08/25 16:17:01 - 0:20:25 - Epoch 52: train_loss=0.9754408597946167, train_AUC=0.9778534733599697, train_AP=0.9711506658482766, time=0.2688617706298828
INFO - 11/08/25 16:17:01 - 0:20:25 - Epoch 52: val_AUC=0.9464018656570528, val_AP=0.9371055633548623
INFO - 11/08/25 16:17:01 - 0:20:26 - Epoch 53: train_loss=0.9701991677284241, train_AUC=0.9787253684546738, train_AP=0.9724782097795218, time=0.22021007537841797
INFO - 11/08/25 16:17:01 - 0:20:26 - Epoch 53: val_AUC=0.9467842992871014, val_AP=0.937623102560423
INFO - 11/08/25 16:17:02 - 0:20:26 - Epoch 54: train_loss=0.9643645882606506, train_AUC=0.979286809230193, train_AP=0.9728945468200084, time=0.21913480758666992
INFO - 11/08/25 16:17:02 - 0:20:26 - Epoch 54: val_AUC=0.9471351689061503, val_AP=0.9380798511836106
INFO - 11/08/25 16:17:02 - 0:20:26 - Epoch 55: train_loss=0.9604594707489014, train_AUC=0.9801834455863817, train_AP=0.9742534515797503, time=0.22013521194458008
INFO - 11/08/25 16:17:02 - 0:20:26 - Epoch 55: val_AUC=0.9474691365064056, val_AP=0.9385451671774087
INFO - 11/08/25 16:17:02 - 0:20:26 - Epoch 56: train_loss=0.956193208694458, train_AUC=0.9800261884594641, train_AP=0.9737861848122247, time=0.29531240463256836
INFO - 11/08/25 16:17:02 - 0:20:27 - Epoch 56: val_AUC=0.9477668564037066, val_AP=0.938965094833049
INFO - 11/08/25 16:17:03 - 0:20:27 - Epoch 57: train_loss=0.9531944394111633, train_AUC=0.9800098502693847, train_AP=0.9734344742171471, time=0.26465916633605957
INFO - 11/08/25 16:17:03 - 0:20:27 - Epoch 57: val_AUC=0.9480560234722205, val_AP=0.9393539493945808
INFO - 11/08/25 16:17:03 - 0:20:27 - Epoch 58: train_loss=0.9514234066009521, train_AUC=0.9801844163637456, train_AP=0.973665686587205, time=0.2641434669494629
INFO - 11/08/25 16:17:03 - 0:20:27 - Epoch 58: val_AUC=0.9483294085352345, val_AP=0.9397345031530917
INFO - 11/08/25 16:17:03 - 0:20:27 - Epoch 59: train_loss=0.9453178644180298, train_AUC=0.9813138182557792, train_AP=0.975507198381339, time=0.26157689094543457
INFO - 11/08/25 16:17:03 - 0:20:28 - Epoch 59: val_AUC=0.9486325248602223, val_AP=0.9401575366083575
INFO - 11/08/25 16:17:03 - 0:20:28 - Epoch 60: train_loss=0.9395772814750671, train_AUC=0.9821641528290549, train_AP=0.9767201618480709, time=0.23505258560180664
INFO - 11/08/25 16:17:04 - 0:20:28 - Epoch 60: val_AUC=0.9488907388340784, val_AP=0.9405413753733444
INFO - 11/08/25 16:17:04 - 0:20:28 - Epoch 61: train_loss=0.9391658306121826, train_AUC=0.9817116319704732, train_AP=0.9758824870721403, time=0.21872448921203613
INFO - 11/08/25 16:17:04 - 0:20:28 - Epoch 61: val_AUC=0.9491674839369729, val_AP=0.9409459530562713
INFO - 11/08/25 16:17:04 - 0:20:28 - Epoch 62: train_loss=0.9351640939712524, train_AUC=0.9820335508673981, train_AP=0.9764772630855392, time=0.21925997734069824
INFO - 11/08/25 16:17:04 - 0:20:28 - Epoch 62: val_AUC=0.9494233560648516, val_AP=0.9413129111973803
INFO - 11/08/25 16:17:04 - 0:20:29 - Epoch 63: train_loss=0.9312400817871094, train_AUC=0.9824121653110481, train_AP=0.9765887286764173, time=0.24730372428894043
INFO - 11/08/25 16:17:04 - 0:20:29 - Epoch 63: val_AUC=0.9496340203834275, val_AP=0.9416472346706186
INFO - 11/08/25 16:17:05 - 0:20:29 - Epoch 64: train_loss=0.928496241569519, train_AUC=0.9827000462385909, train_AP=0.9770633762534331, time=0.21917939186096191
INFO - 11/08/25 16:17:05 - 0:20:29 - Epoch 64: val_AUC=0.949875943254832, val_AP=0.9420037014961675
INFO - 11/08/25 16:17:05 - 0:20:29 - Epoch 65: train_loss=0.9249191284179688, train_AUC=0.9830212550168055, train_AP=0.9776566194818566, time=0.21672368049621582
INFO - 11/08/25 16:17:05 - 0:20:29 - Epoch 65: val_AUC=0.9500991313584173, val_AP=0.9423252529379856
INFO - 11/08/25 16:17:05 - 0:20:29 - Epoch 66: train_loss=0.9198259115219116, train_AUC=0.9837369451297246, train_AP=0.9786352866118267, time=0.22025275230407715
INFO - 11/08/25 16:17:05 - 0:20:29 - Epoch 66: val_AUC=0.9503160066598028, val_AP=0.9426669309010677
INFO - 11/08/25 16:17:05 - 0:20:30 - Epoch 67: train_loss=0.9198846220970154, train_AUC=0.9834473265952386, train_AP=0.9782233342974842, time=0.23809194564819336
INFO - 11/08/25 16:17:06 - 0:20:30 - Epoch 67: val_AUC=0.9505648532497492, val_AP=0.9430138203285503
INFO - 11/08/25 16:17:06 - 0:20:30 - Epoch 68: train_loss=0.9149971008300781, train_AUC=0.9840916772526017, train_AP=0.9791685791723703, time=0.21362566947937012
INFO - 11/08/25 16:17:06 - 0:20:30 - Epoch 68: val_AUC=0.9508015833322473, val_AP=0.9433368902305601
INFO - 11/08/25 16:17:06 - 0:20:30 - Epoch 69: train_loss=0.9119198322296143, train_AUC=0.9844526463382487, train_AP=0.9798326905257426, time=0.21214723587036133
INFO - 11/08/25 16:17:06 - 0:20:30 - Epoch 69: val_AUC=0.9510582700152485, val_AP=0.9436609695087257
INFO - 11/08/25 16:17:06 - 0:20:31 - Epoch 70: train_loss=0.9106881618499756, train_AUC=0.9844944300965397, train_AP=0.9800549364083467, time=0.21445822715759277
INFO - 11/08/25 16:17:06 - 0:20:31 - Epoch 70: val_AUC=0.9513595535912108, val_AP=0.9440542695355509
INFO - 11/08/25 16:17:07 - 0:20:31 - Epoch 71: train_loss=0.9074490070343018, train_AUC=0.9847184507106772, train_AP=0.9800691467961065, time=0.21984457969665527
INFO - 11/08/25 16:17:07 - 0:20:31 - Epoch 71: val_AUC=0.9516781464635274, val_AP=0.9444229947630861
INFO - 11/08/25 16:17:07 - 0:20:31 - Epoch 72: train_loss=0.904892086982727, train_AUC=0.9845871453228972, train_AP=0.9798405218776447, time=0.22531986236572266
INFO - 11/08/25 16:17:07 - 0:20:31 - Epoch 72: val_AUC=0.9520055976228023, val_AP=0.9447914534524279
INFO - 11/08/25 16:17:07 - 0:20:31 - Epoch 73: train_loss=0.9018267393112183, train_AUC=0.9848268260623734, train_AP=0.9799844138325694, time=0.21846246719360352
INFO - 11/08/25 16:17:07 - 0:20:31 - Epoch 73: val_AUC=0.9523676673747865, val_AP=0.9451833720738078
INFO - 11/08/25 16:17:07 - 0:20:32 - Epoch 74: train_loss=0.8977891802787781, train_AUC=0.9855655071491427, train_AP=0.9810411748108518, time=0.21396136283874512
INFO - 11/08/25 16:17:07 - 0:20:32 - Epoch 74: val_AUC=0.9527036713628485, val_AP=0.9455561704861127
INFO - 11/08/25 16:17:08 - 0:20:32 - Epoch 75: train_loss=0.8977328538894653, train_AUC=0.985146245101914, train_AP=0.9803364924382153, time=0.21721744537353516
INFO - 11/08/25 16:17:08 - 0:20:32 - Epoch 75: val_AUC=0.9530413044611554, val_AP=0.9459328207758271
INFO - 11/08/25 16:17:08 - 0:20:32 - Epoch 76: train_loss=0.8924476504325867, train_AUC=0.9858759759102259, train_AP=0.9814114614923358, time=0.23204421997070312
INFO - 11/08/25 16:17:08 - 0:20:32 - Epoch 76: val_AUC=0.9533848430841012, val_AP=0.9463167255428835
INFO - 11/08/25 16:17:08 - 0:20:33 - Epoch 77: train_loss=0.8873839378356934, train_AUC=0.9866937797551716, train_AP=0.9826406236797413, time=0.2209033966064453
INFO - 11/08/25 16:17:08 - 0:20:33 - Epoch 77: val_AUC=0.9537078141902018, val_AP=0.9466620114282404
INFO - 11/08/25 16:17:09 - 0:20:33 - Epoch 78: train_loss=0.8845643401145935, train_AUC=0.9868744200767647, train_AP=0.9826150703863538, time=0.22222304344177246
INFO - 11/08/25 16:17:09 - 0:20:33 - Epoch 78: val_AUC=0.9540063486426253, val_AP=0.946980446295592
INFO - 11/08/25 16:17:09 - 0:20:33 - Epoch 79: train_loss=0.8830312490463257, train_AUC=0.9865839808197613, train_AP=0.9822474527209308, time=0.21883463859558105
INFO - 11/08/25 16:17:09 - 0:20:33 - Epoch 79: val_AUC=0.9542912392967456, val_AP=0.9472945817931193
INFO - 11/08/25 16:17:09 - 0:20:33 - Epoch 80: train_loss=0.879266083240509, train_AUC=0.9870954941913924, train_AP=0.9830633301712418, time=0.2212660312652588
INFO - 11/08/25 16:17:09 - 0:20:33 - Epoch 80: val_AUC=0.9545624861525629, val_AP=0.9475742344470249
INFO - 11/08/25 16:17:09 - 0:20:34 - Epoch 81: train_loss=0.8776183128356934, train_AUC=0.987084232680833, train_AP=0.9830136795843888, time=0.2201066017150879
INFO - 11/08/25 16:17:09 - 0:20:34 - Epoch 81: val_AUC=0.9548221255978835, val_AP=0.9478610389197824
INFO - 11/08/25 16:17:10 - 0:20:34 - Epoch 82: train_loss=0.8749092221260071, train_AUC=0.9872983701051025, train_AP=0.9830449091098094, time=0.22137665748596191
INFO - 11/08/25 16:17:10 - 0:20:34 - Epoch 82: val_AUC=0.9550349281236561, val_AP=0.9481061803557703
INFO - 11/08/25 16:17:10 - 0:20:34 - Epoch 83: train_loss=0.8743768930435181, train_AUC=0.9869575066076828, train_AP=0.9825512139550895, time=0.21896028518676758
INFO - 11/08/25 16:17:10 - 0:20:34 - Epoch 83: val_AUC=0.9552619853640737, val_AP=0.9483571234396132
INFO - 11/08/25 16:17:10 - 0:20:34 - Epoch 84: train_loss=0.8688009977340698, train_AUC=0.9878228327520748, train_AP=0.9836715918641674, time=0.21647286415100098
INFO - 11/08/25 16:17:10 - 0:20:35 - Epoch 84: val_AUC=0.9554574785934913, val_AP=0.9485952900868252
INFO - 11/08/25 16:17:10 - 0:20:35 - Epoch 85: train_loss=0.8659346103668213, train_AUC=0.9880298455651864, train_AP=0.9842130724077549, time=0.2367875576019287
INFO - 11/08/25 16:17:11 - 0:20:35 - Epoch 85: val_AUC=0.9556460481043672, val_AP=0.9488092226670736
INFO - 11/08/25 16:17:11 - 0:20:35 - Epoch 86: train_loss=0.8663327693939209, train_AUC=0.9879500331183023, train_AP=0.9842848030218541, time=0.21392560005187988
INFO - 11/08/25 16:17:11 - 0:20:35 - Epoch 86: val_AUC=0.9557851333915469, val_AP=0.949009614051772
INFO - 11/08/25 16:17:11 - 0:20:35 - Epoch 87: train_loss=0.8635313510894775, train_AUC=0.9881071301514929, train_AP=0.9842930392440824, time=0.21633601188659668
INFO - 11/08/25 16:17:11 - 0:20:35 - Epoch 87: val_AUC=0.9559048729945654, val_AP=0.9491658315864382
INFO - 11/08/25 16:17:11 - 0:20:36 - Epoch 88: train_loss=0.8614504337310791, train_AUC=0.988226303816276, train_AP=0.9843788165517348, time=0.21530723571777344
INFO - 11/08/25 16:17:11 - 0:20:36 - Epoch 88: val_AUC=0.9559869394231646, val_AP=0.9492553335226451
INFO - 11/08/25 16:17:12 - 0:20:36 - Epoch 89: train_loss=0.858583927154541, train_AUC=0.9884762446439437, train_AP=0.9846511912374192, time=0.292966365814209
INFO - 11/08/25 16:17:12 - 0:20:36 - Epoch 89: val_AUC=0.9560704313232284, val_AP=0.9493748615218307
INFO - 11/08/25 16:17:12 - 0:20:36 - Epoch 90: train_loss=0.856589674949646, train_AUC=0.9880864364962084, train_AP=0.9840543428888101, time=0.2222297191619873
INFO - 11/08/25 16:17:12 - 0:20:36 - Epoch 90: val_AUC=0.9561649197174472, val_AP=0.9495023119178291
INFO - 11/08/25 16:17:12 - 0:20:36 - Epoch 91: train_loss=0.8537007570266724, train_AUC=0.9885771762537521, train_AP=0.9846363622573848, time=0.2216205596923828
INFO - 11/08/25 16:17:12 - 0:20:37 - Epoch 91: val_AUC=0.9562547244197109, val_AP=0.9496063641174078
INFO - 11/08/25 16:17:12 - 0:20:37 - Epoch 92: train_loss=0.8500685691833496, train_AUC=0.9887766172852182, train_AP=0.9849474548093247, time=0.22063970565795898
INFO - 11/08/25 16:17:13 - 0:20:37 - Epoch 92: val_AUC=0.9563345508217231, val_AP=0.9497263306443138
INFO - 11/08/25 16:17:13 - 0:20:37 - Epoch 93: train_loss=0.8475826382637024, train_AUC=0.989393463875489, train_AP=0.9859808342905769, time=0.22431039810180664
INFO - 11/08/25 16:17:13 - 0:20:37 - Epoch 93: val_AUC=0.956392995151768, val_AP=0.9497850175337256
INFO - 11/08/25 16:17:13 - 0:20:37 - Epoch 94: train_loss=0.8447010517120361, train_AUC=0.9894828213604745, train_AP=0.9862046600525634, time=0.22260355949401855
INFO - 11/08/25 16:17:13 - 0:20:37 - Epoch 94: val_AUC=0.9564779125232963, val_AP=0.9498930331454927
INFO - 11/08/25 16:17:13 - 0:20:38 - Epoch 95: train_loss=0.8437005281448364, train_AUC=0.9892624802602498, train_AP=0.9857064401846842, time=0.2384498119354248
INFO - 11/08/25 16:17:13 - 0:20:38 - Epoch 95: val_AUC=0.9565406332677344, val_AP=0.9499878429032609
INFO - 11/08/25 16:17:14 - 0:20:38 - Epoch 96: train_loss=0.8407939076423645, train_AUC=0.9896684046859674, train_AP=0.9863223227828689, time=0.2367539405822754
INFO - 11/08/25 16:17:14 - 0:20:38 - Epoch 96: val_AUC=0.956624023348408, val_AP=0.9500823816136397
INFO - 11/08/25 16:17:14 - 0:20:38 - Epoch 97: train_loss=0.8385477066040039, train_AUC=0.989669611641206, train_AP=0.9862303339141251, time=0.23032164573669434
INFO - 11/08/25 16:17:14 - 0:20:38 - Epoch 97: val_AUC=0.9567155589803072, val_AP=0.9501956224275404
INFO - 11/08/25 16:17:14 - 0:20:38 - Epoch 98: train_loss=0.8373340368270874, train_AUC=0.9899325575744806, train_AP=0.9866120055560418, time=0.22783255577087402
INFO - 11/08/25 16:17:14 - 0:20:39 - Epoch 98: val_AUC=0.9567797051962099, val_AP=0.950282223693049
INFO - 11/08/25 16:17:15 - 0:20:39 - Epoch 99: train_loss=0.8353014588356018, train_AUC=0.9899411096440083, train_AP=0.9866622222197491, time=0.24108529090881348
INFO - 11/08/25 16:17:15 - 0:20:39 - Epoch 99: val_AUC=0.9568517933245578, val_AP=0.9503999673362631
INFO - 11/08/25 16:17:15 - 0:20:39 - Epoch 100: train_loss=0.832961916923523, train_AUC=0.9901422227655132, train_AP=0.9868847283459524, time=0.22057151794433594
INFO - 11/08/25 16:17:15 - 0:20:39 - Epoch 100: val_AUC=0.9569293796999832, val_AP=0.9505079906145131
INFO - 11/08/25 16:17:15 - 0:20:39 - Epoch 101: train_loss=0.8294607400894165, train_AUC=0.9907011624508028, train_AP=0.9876518155263373, time=0.21593809127807617
INFO - 11/08/25 16:17:15 - 0:20:39 - Epoch 101: val_AUC=0.9569566672965893, val_AP=0.9505607771198521
INFO - 11/08/25 16:17:15 - 0:20:40 - Epoch 102: train_loss=0.8270741701126099, train_AUC=0.9906865407331814, train_AP=0.9876056432463882, time=0.21999812126159668
INFO - 11/08/25 16:17:15 - 0:20:40 - Epoch 102: val_AUC=0.9569819185053892, val_AP=0.9506036008046406
INFO - 11/08/25 16:17:16 - 0:20:40 - Epoch 103: train_loss=0.8263257145881653, train_AUC=0.9906857288166995, train_AP=0.9874627929359887, time=0.24229812622070312
INFO - 11/08/25 16:17:16 - 0:20:40 - Epoch 103: val_AUC=0.9569914895280793, val_AP=0.9506516982055491
INFO - 11/08/25 16:17:16 - 0:20:40 - Epoch 104: train_loss=0.823754072189331, train_AUC=0.9910489601728907, train_AP=0.9880230232742515, time=0.2178659439086914
INFO - 11/08/25 16:17:16 - 0:20:40 - Epoch 104: val_AUC=0.9569825294217309, val_AP=0.9506669604270254
INFO - 11/08/25 16:17:16 - 0:20:40 - Epoch 105: train_loss=0.8207379579544067, train_AUC=0.991423639551475, train_AP=0.9888478257088649, time=0.21596240997314453
INFO - 11/08/25 16:17:16 - 0:20:41 - Epoch 105: val_AUC=0.9569542236312215, val_AP=0.9506876536493403
INFO - 11/08/25 16:17:16 - 0:20:41 - Epoch 106: train_loss=0.8209013938903809, train_AUC=0.9912192185307597, train_AP=0.9884219672104999, time=0.2374563217163086
INFO - 11/08/25 16:17:17 - 0:20:41 - Epoch 106: val_AUC=0.9569605364334215, val_AP=0.9507403445410688
INFO - 11/08/25 16:17:17 - 0:20:41 - Epoch 107: train_loss=0.8176789283752441, train_AUC=0.9915341204262818, train_AP=0.9888907646154614, time=0.21848416328430176
INFO - 11/08/25 16:17:17 - 0:20:41 - Epoch 107: val_AUC=0.9569485217453635, val_AP=0.9507745291022666
INFO - 11/08/25 16:17:17 - 0:20:41 - Epoch 108: train_loss=0.8170719146728516, train_AUC=0.9913813815001068, train_AP=0.9885109629489083, time=0.21899843215942383
INFO - 11/08/25 16:17:17 - 0:20:41 - Epoch 108: val_AUC=0.9569220487038799, val_AP=0.9507814218719061
INFO - 11/08/25 16:17:17 - 0:20:42 - Epoch 109: train_loss=0.8128291368484497, train_AUC=0.9916375696816665, train_AP=0.9887989265366572, time=0.21406054496765137
INFO - 11/08/25 16:17:17 - 0:20:42 - Epoch 109: val_AUC=0.9568967974950802, val_AP=0.950831024738045
INFO - 11/08/25 16:17:18 - 0:20:42 - Epoch 110: train_loss=0.8104070425033569, train_AUC=0.9921496267379352, train_AP=0.9894295978842191, time=0.2149658203125
INFO - 11/08/25 16:17:18 - 0:20:42 - Epoch 110: val_AUC=0.9568583097655384, val_AP=0.9508630575581472
INFO - 11/08/25 16:17:18 - 0:20:42 - Epoch 111: train_loss=0.8103492856025696, train_AUC=0.9918479328390802, train_AP=0.9890227343212133, time=0.24655699729919434
INFO - 11/08/25 16:17:18 - 0:20:42 - Epoch 111: val_AUC=0.956859735237003, val_AP=0.9509421212276123
INFO - 11/08/25 16:17:18 - 0:20:42 - Epoch 112: train_loss=0.808626115322113, train_AUC=0.99179906127886, train_AP=0.9890180788369568, time=0.22147297859191895
INFO - 11/08/25 16:17:18 - 0:20:42 - Epoch 112: val_AUC=0.9568415095661355, val_AP=0.9509871284450205
INFO - 11/08/25 16:17:18 - 0:20:43 - Epoch 113: train_loss=0.8042688369750977, train_AUC=0.9925197680141364, train_AP=0.9899060240892723, time=0.22462081909179688
INFO - 11/08/25 16:17:18 - 0:20:43 - Epoch 113: val_AUC=0.9568460914386999, val_AP=0.9510579785155734
INFO - 11/08/25 16:17:19 - 0:20:43 - Epoch 114: train_loss=0.8035213351249695, train_AUC=0.9926125994801638, train_AP=0.9902616465986717, time=0.23771405220031738
INFO - 11/08/25 16:17:19 - 0:20:43 - Epoch 114: val_AUC=0.9568544406287063, val_AP=0.9511310750954608
INFO - 11/08/25 16:17:19 - 0:20:43 - Epoch 115: train_loss=0.8040871620178223, train_AUC=0.9922224286998828, train_AP=0.9897007003762286, time=0.22321701049804688
INFO - 11/08/25 16:17:19 - 0:20:43 - Epoch 115: val_AUC=0.9568778590884802, val_AP=0.9512377607183392
INFO - 11/08/25 16:17:19 - 0:20:44 - Epoch 116: train_loss=0.8003652095794678, train_AUC=0.9924687893457192, train_AP=0.9898445209939392, time=0.2197716236114502
INFO - 11/08/25 16:17:19 - 0:20:44 - Epoch 116: val_AUC=0.9568915028867834, val_AP=0.9513364471486039
INFO - 11/08/25 16:17:20 - 0:20:44 - Epoch 117: train_loss=0.7985283136367798, train_AUC=0.9927135927322214, train_AP=0.9900591472102783, time=0.22424697875976562
INFO - 11/08/25 16:17:20 - 0:20:44 - Epoch 117: val_AUC=0.9569159395404605, val_AP=0.9514524784391587
INFO - 11/08/25 16:17:20 - 0:20:44 - Epoch 118: train_loss=0.7983618974685669, train_AUC=0.9926423298891749, train_AP=0.9900082774178396, time=0.23595690727233887
INFO - 11/08/25 16:17:20 - 0:20:44 - Epoch 118: val_AUC=0.9569418016656023, val_AP=0.9515581696715815
INFO - 11/08/25 16:17:20 - 0:20:44 - Epoch 119: train_loss=0.7932252883911133, train_AUC=0.9932169696792047, train_AP=0.9908988177226089, time=0.2294461727142334
INFO - 11/08/25 16:17:20 - 0:20:45 - Epoch 119: val_AUC=0.9569532054373184, val_AP=0.9516506593387
INFO - 11/08/25 16:17:20 - 0:20:45 - Epoch 120: train_loss=0.7925623655319214, train_AUC=0.9932350386075198, train_AP=0.9909842413383466, time=0.22707486152648926
INFO - 11/08/25 16:17:21 - 0:20:45 - Epoch 120: val_AUC=0.9569646092090345, val_AP=0.9517408638329902
INFO - 11/08/25 16:17:21 - 0:20:45 - Epoch 121: train_loss=0.7895698547363281, train_AUC=0.9934347267363448, train_AP=0.9910386055116808, time=0.2451610565185547
INFO - 11/08/25 16:17:21 - 0:20:45 - Epoch 121: val_AUC=0.956956260019028, val_AP=0.9517915430172199
INFO - 11/08/25 16:17:21 - 0:20:45 - Epoch 122: train_loss=0.7893401384353638, train_AUC=0.9932153137922717, train_AP=0.9908954831575612, time=0.2289435863494873
INFO - 11/08/25 16:17:21 - 0:20:45 - Epoch 122: val_AUC=0.9569560563802474, val_AP=0.951857942396774
INFO - 11/08/25 16:17:21 - 0:20:46 - Epoch 123: train_loss=0.7867149114608765, train_AUC=0.9935799541141578, train_AP=0.9915006381556914, time=0.22549152374267578
INFO - 11/08/25 16:17:21 - 0:20:46 - Epoch 123: val_AUC=0.9569548345475636, val_AP=0.9519375389881249
INFO - 11/08/25 16:17:22 - 0:20:46 - Epoch 124: train_loss=0.7862444519996643, train_AUC=0.9934833626470524, train_AP=0.9914194752891329, time=0.22668099403381348
INFO - 11/08/25 16:17:22 - 0:20:46 - Epoch 124: val_AUC=0.956935692502183, val_AP=0.9519811323403703
INFO - 11/08/25 16:17:22 - 0:20:46 - Epoch 125: train_loss=0.7841980457305908, train_AUC=0.9935640484765469, train_AP=0.9913169518208151, time=0.23984456062316895
INFO - 11/08/25 16:17:22 - 0:20:46 - Epoch 125: val_AUC=0.9569332488368152, val_AP=0.9520509514503742
INFO - 11/08/25 16:17:22 - 0:20:47 - Epoch 126: train_loss=0.78084397315979, train_AUC=0.9941044354299258, train_AP=0.9922256495383163, time=0.2259998321533203
INFO - 11/08/25 16:17:22 - 0:20:47 - Epoch 126: val_AUC=0.9569263251182734, val_AP=0.9521243093582281
INFO - 11/08/25 16:17:23 - 0:20:47 - Epoch 127: train_loss=0.7789748907089233, train_AUC=0.9941020178209138, train_AP=0.9923216499674407, time=0.2252953052520752
INFO - 11/08/25 16:17:23 - 0:20:47 - Epoch 127: val_AUC=0.956895575662396, val_AP=0.9521757740111603
INFO - 11/08/25 16:17:23 - 0:20:47 - Epoch 128: train_loss=0.779589831829071, train_AUC=0.9938437028056374, train_AP=0.9916455789297575, time=0.2253589630126953
INFO - 11/08/25 16:17:23 - 0:20:47 - Epoch 128: val_AUC=0.956901481187035, val_AP=0.9522657691260576
INFO - 11/08/25 16:17:23 - 0:20:47 - Epoch 129: train_loss=0.7771017551422119, train_AUC=0.994144138850368, train_AP=0.9922711589966187, time=0.22423887252807617
INFO - 11/08/25 16:17:23 - 0:20:47 - Epoch 129: val_AUC=0.9569065721565511, val_AP=0.952356921715748
INFO - 11/08/25 16:17:23 - 0:20:48 - Epoch 130: train_loss=0.7750114798545837, train_AUC=0.9942484178104265, train_AP=0.9922005260241255, time=0.22324681282043457
INFO - 11/08/25 16:17:23 - 0:20:48 - Epoch 130: val_AUC=0.9569393580002346, val_AP=0.9524834487292388
INFO - 11/08/25 16:17:24 - 0:20:48 - Epoch 131: train_loss=0.7734993696212769, train_AUC=0.9943127790111362, train_AP=0.9921410946366495, time=0.21725988388061523
INFO - 11/08/25 16:17:24 - 0:20:48 - Epoch 131: val_AUC=0.9569579909486634, val_AP=0.952611250044963
INFO - 11/08/25 16:17:24 - 0:20:48 - Epoch 132: train_loss=0.7726431488990784, train_AUC=0.99426759717983, train_AP=0.9923867784231233, time=0.2884061336517334
INFO - 11/08/25 16:17:24 - 0:20:48 - Epoch 132: val_AUC=0.9569782530073375, val_AP=0.9527040983746816
INFO - 11/08/25 16:17:24 - 0:20:49 - Epoch 133: train_loss=0.7712904214859009, train_AUC=0.9942560529955282, train_AP=0.992185830746942, time=0.22946524620056152
INFO - 11/08/25 16:17:24 - 0:20:49 - Epoch 133: val_AUC=0.9569680710683054, val_AP=0.9528023885051364
INFO - 11/08/25 16:17:25 - 0:20:49 - Epoch 134: train_loss=0.769065260887146, train_AUC=0.9943374378481279, train_AP=0.9923778318609251, time=0.2238152027130127
INFO - 11/08/25 16:17:25 - 0:20:49 - Epoch 134: val_AUC=0.9569921004444212, val_AP=0.9529324965033955
INFO - 11/08/25 16:17:25 - 0:20:49 - Epoch 135: train_loss=0.7666762471199036, train_AUC=0.9947510240531747, train_AP=0.9929270027230713, time=0.23343896865844727
INFO - 11/08/25 16:17:25 - 0:20:49 - Epoch 135: val_AUC=0.9570261081207888, val_AP=0.9530782027324554
INFO - 11/08/25 16:17:25 - 0:20:49 - Epoch 136: train_loss=0.7657831907272339, train_AUC=0.994587695693077, train_AP=0.9924810884205817, time=0.22643041610717773
INFO - 11/08/25 16:17:25 - 0:20:49 - Epoch 136: val_AUC=0.9570235626360306, val_AP=0.9531803105911023
INFO - 11/08/25 16:17:25 - 0:20:50 - Epoch 137: train_loss=0.7645986080169678, train_AUC=0.9948137281341065, train_AP=0.993076579687546, time=0.22613525390625
INFO - 11/08/25 16:17:25 - 0:20:50 - Epoch 137: val_AUC=0.9570283481473758, val_AP=0.9532888375836135
INFO - 11/08/25 16:17:26 - 0:20:50 - Epoch 138: train_loss=0.7619576454162598, train_AUC=0.9950186049552241, train_AP=0.9932390363708973, time=0.22705531120300293
INFO - 11/08/25 16:17:26 - 0:20:50 - Epoch 138: val_AUC=0.9569959695812535, val_AP=0.9533577333061235
INFO - 11/08/25 16:17:26 - 0:20:50 - Epoch 139: train_loss=0.7597272396087646, train_AUC=0.9950462002528451, train_AP=0.9933812233694329, time=0.22423171997070312
INFO - 11/08/25 16:17:26 - 0:20:50 - Epoch 139: val_AUC=0.9569564636578087, val_AP=0.9534088060322351
INFO - 11/08/25 16:17:26 - 0:20:51 - Epoch 140: train_loss=0.7578260898590088, train_AUC=0.9953097155843814, train_AP=0.9937680727639909, time=0.22023510932922363
INFO - 11/08/25 16:17:26 - 0:20:51 - Epoch 140: val_AUC=0.9569230668977832, val_AP=0.9534700837888056
INFO - 11/08/25 16:17:27 - 0:20:51 - Epoch 141: train_loss=0.7579212188720703, train_AUC=0.9950467715884345, train_AP=0.9932804011026541, time=0.22832536697387695
INFO - 11/08/25 16:17:27 - 0:20:51 - Epoch 141: val_AUC=0.9568902810540996, val_AP=0.9535347995767937
INFO - 11/08/25 16:17:27 - 0:20:51 - Epoch 142: train_loss=0.7557767629623413, train_AUC=0.9955015319979885, train_AP=0.9941035559935099, time=0.25246453285217285
INFO - 11/08/25 16:17:27 - 0:20:51 - Epoch 142: val_AUC=0.9568489423816289, val_AP=0.9535856380896313
INFO - 11/08/25 16:17:27 - 0:20:51 - Epoch 143: train_loss=0.7551575899124146, train_AUC=0.9950929437465036, train_AP=0.9932420591179024, time=0.2195746898651123
INFO - 11/08/25 16:17:27 - 0:20:51 - Epoch 143: val_AUC=0.956831225807713, val_AP=0.9536600693517004
INFO - 11/08/25 16:17:27 - 0:20:52 - Epoch 144: train_loss=0.752651572227478, train_AUC=0.9953256881478629, train_AP=0.9936569825095738, time=0.22061944007873535
INFO - 11/08/25 16:17:27 - 0:20:52 - Epoch 144: val_AUC=0.9567825561391392, val_AP=0.9537315134958159
INFO - 11/08/25 16:17:28 - 0:20:52 - Epoch 145: train_loss=0.7533444166183472, train_AUC=0.9952083216577042, train_AP=0.9935344640908486, time=0.21880030632019043
INFO - 11/08/25 16:17:28 - 0:20:52 - Epoch 145: val_AUC=0.9567243154478751, val_AP=0.9537752546328032
INFO - 11/08/25 16:17:28 - 0:20:52 - Epoch 146: train_loss=0.7497907876968384, train_AUC=0.9955231964306368, train_AP=0.9939255406667264, time=0.24267578125
INFO - 11/08/25 16:17:28 - 0:20:52 - Epoch 146: val_AUC=0.9566774785283271, val_AP=0.9538534554709834
INFO - 11/08/25 16:17:28 - 0:20:53 - Epoch 147: train_loss=0.7482235431671143, train_AUC=0.9955975442040725, train_AP=0.9941685169596105, time=0.22007083892822266
INFO - 11/08/25 16:17:28 - 0:20:53 - Epoch 147: val_AUC=0.956627179749508, val_AP=0.9538995116597135
INFO - 11/08/25 16:17:29 - 0:20:53 - Epoch 148: train_loss=0.7475406527519226, train_AUC=0.9955606506134677, train_AP=0.994043405695207, time=0.22249364852905273
INFO - 11/08/25 16:17:29 - 0:20:53 - Epoch 148: val_AUC=0.9566041685672952, val_AP=0.9539519219941854
INFO - 11/08/25 16:17:29 - 0:20:53 - Epoch 149: train_loss=0.7463389039039612, train_AUC=0.9957071760009273, train_AP=0.9941883984280192, time=0.21940159797668457
INFO - 11/08/25 16:17:29 - 0:20:53 - Epoch 149: val_AUC=0.9565536661496957, val_AP=0.9539671494547879
INFO - 11/08/25 16:17:29 - 0:20:53 - Epoch 150: train_loss=0.7447792291641235, train_AUC=0.9958950532986925, train_AP=0.9946082690927229, time=0.21934008598327637
INFO - 11/08/25 16:17:29 - 0:20:53 - Epoch 150: val_AUC=0.9564925745155026, val_AP=0.9540055774342842
INFO - 11/08/25 16:17:29 - 0:20:54 - Epoch 151: train_loss=0.7443090081214905, train_AUC=0.9957457957506294, train_AP=0.9941887083201353, time=0.2411799430847168
INFO - 11/08/25 16:17:29 - 0:20:54 - Epoch 151: val_AUC=0.9564115262808066, val_AP=0.9540324715949989
INFO - 11/08/25 16:17:30 - 0:20:54 - Epoch 152: train_loss=0.7410978674888611, train_AUC=0.9961641821256786, train_AP=0.9948219113921465, time=0.2796626091003418
INFO - 11/08/25 16:17:30 - 0:20:54 - Epoch 152: val_AUC=0.9563410672627037, val_AP=0.9540611780248753
INFO - 11/08/25 16:17:30 - 0:20:54 - Epoch 153: train_loss=0.7425887584686279, train_AUC=0.9957819727060576, train_AP=0.994382584499041, time=0.2638871669769287
INFO - 11/08/25 16:17:30 - 0:20:54 - Epoch 153: val_AUC=0.9563259979929362, val_AP=0.9541466304581989
INFO - 11/08/25 16:17:30 - 0:20:55 - Epoch 154: train_loss=0.7391448616981506, train_AUC=0.9959617952991854, train_AP=0.9942637189768353, time=0.2976369857788086
INFO - 11/08/25 16:17:31 - 0:20:55 - Epoch 154: val_AUC=0.956302579533162, val_AP=0.9542216254214836
INFO - 11/08/25 16:17:31 - 0:20:55 - Epoch 155: train_loss=0.7376940250396729, train_AUC=0.9960122311635686, train_AP=0.9945315883686436, time=0.2735941410064697
INFO - 11/08/25 16:17:31 - 0:20:55 - Epoch 155: val_AUC=0.9563262016317169, val_AP=0.9543371731471486
INFO - 11/08/25 16:17:31 - 0:20:55 - Epoch 156: train_loss=0.7367661595344543, train_AUC=0.9963789495337344, train_AP=0.9951862717245975, time=0.26210856437683105
INFO - 11/08/25 16:17:31 - 0:20:55 - Epoch 156: val_AUC=0.9564080644215356, val_AP=0.9544854740909168
INFO - 11/08/25 16:17:31 - 0:20:56 - Epoch 157: train_loss=0.7360906600952148, train_AUC=0.9961854273910326, train_AP=0.9947961716174797, time=0.28585171699523926
INFO - 11/08/25 16:17:32 - 0:20:56 - Epoch 157: val_AUC=0.9565417532810281, val_AP=0.9546720124889256
INFO - 11/08/25 16:17:32 - 0:20:56 - Epoch 158: train_loss=0.735581636428833, train_AUC=0.996137983993665, train_AP=0.9945350969501221, time=0.27209997177124023
INFO - 11/08/25 16:17:32 - 0:20:56 - Epoch 158: val_AUC=0.9565544807048182, val_AP=0.9547616621894288
INFO - 11/08/25 16:17:32 - 0:20:56 - Epoch 159: train_loss=0.7336646914482117, train_AUC=0.9960691132221274, train_AP=0.9944339461026459, time=0.23397469520568848
INFO - 11/08/25 16:17:32 - 0:20:56 - Epoch 159: val_AUC=0.9565214912223539, val_AP=0.9548095527433841
INFO - 11/08/25 16:17:32 - 0:20:57 - Epoch 160: train_loss=0.7345789670944214, train_AUC=0.9959980400610878, train_AP=0.9946296974845292, time=0.24692964553833008
INFO - 11/08/25 16:17:32 - 0:20:57 - Epoch 160: val_AUC=0.956486668990864, val_AP=0.9548657460412706
INFO - 11/08/25 16:17:33 - 0:20:57 - Epoch 161: train_loss=0.7317975759506226, train_AUC=0.9962558659891473, train_AP=0.9948711503972634, time=0.22379302978515625
INFO - 11/08/25 16:17:33 - 0:20:57 - Epoch 161: val_AUC=0.9564658978352382, val_AP=0.9549271383577352
INFO - 11/08/25 16:17:33 - 0:20:57 - Epoch 162: train_loss=0.7310894727706909, train_AUC=0.9962606950429465, train_AP=0.9947190008887905, time=0.2256946563720703
INFO - 11/08/25 16:17:33 - 0:20:57 - Epoch 162: val_AUC=0.9564272064669159, val_AP=0.9549814580452443
INFO - 11/08/25 16:17:33 - 0:20:58 - Epoch 163: train_loss=0.7276449203491211, train_AUC=0.996696778027126, train_AP=0.9953752336668659, time=0.22744035720825195
INFO - 11/08/25 16:17:33 - 0:20:58 - Epoch 163: val_AUC=0.9563695766919939, val_AP=0.9550144453198457
INFO - 11/08/25 16:17:34 - 0:20:58 - Epoch 164: train_loss=0.7280508279800415, train_AUC=0.9966041653030226, train_AP=0.9954317249491963, time=0.29613471031188965
INFO - 11/08/25 16:17:34 - 0:20:58 - Epoch 164: val_AUC=0.9562949430788881, val_AP=0.9550207137606752
INFO - 11/08/25 16:17:34 - 0:20:58 - Epoch 165: train_loss=0.7277077436447144, train_AUC=0.996558734965392, train_AP=0.9953027828233446, time=0.2732117176055908
INFO - 11/08/25 16:17:34 - 0:20:58 - Epoch 165: val_AUC=0.9562587971953238, val_AP=0.9550720038429777
INFO - 11/08/25 16:17:34 - 0:20:59 - Epoch 166: train_loss=0.7264770269393921, train_AUC=0.9965298742404562, train_AP=0.9951487787564248, time=0.2778489589691162
INFO - 11/08/25 16:17:34 - 0:20:59 - Epoch 166: val_AUC=0.9562176621616336, val_AP=0.9550954765591624
INFO - 11/08/25 16:17:35 - 0:20:59 - Epoch 167: train_loss=0.7252262830734253, train_AUC=0.9967845861782089, train_AP=0.9954176965488513, time=0.2625112533569336
INFO - 11/08/25 16:17:35 - 0:20:59 - Epoch 167: val_AUC=0.9561494431701183, val_AP=0.9550928141261393
INFO - 11/08/25 16:17:35 - 0:20:59 - Epoch 168: train_loss=0.7236188650131226, train_AUC=0.9968512660080905, train_AP=0.9957320621215862, time=0.23043346405029297
INFO - 11/08/25 16:17:35 - 0:20:59 - Epoch 168: val_AUC=0.9560429400878416, val_AP=0.9550577904659036
INFO - 11/08/25 16:17:35 - 0:21:00 - Epoch 169: train_loss=0.7227658033370972, train_AUC=0.9967086806170765, train_AP=0.9955958449831208, time=0.2261488437652588
INFO - 11/08/25 16:17:35 - 0:21:00 - Epoch 169: val_AUC=0.95594437891801, val_AP=0.9550427709416642
INFO - 11/08/25 16:17:36 - 0:21:00 - Epoch 170: train_loss=0.7215044498443604, train_AUC=0.9968918116377771, train_AP=0.995812071324244, time=0.288804292678833
INFO - 11/08/25 16:17:36 - 0:21:00 - Epoch 170: val_AUC=0.9558245374956014, val_AP=0.9549656253244543
INFO - 11/08/25 16:17:36 - 0:21:00 - Epoch 171: train_loss=0.7208335399627686, train_AUC=0.996909828786603, train_AP=0.9957755975196428, time=0.27053165435791016
INFO - 11/08/25 16:17:36 - 0:21:00 - Epoch 171: val_AUC=0.9557716932320245, val_AP=0.9549973736096872
INFO - 11/08/25 16:17:36 - 0:21:00 - Epoch 172: train_loss=0.7198740243911743, train_AUC=0.996721224462539, train_AP=0.9954390218837124, time=0.26486778259277344
INFO - 11/08/25 16:17:36 - 0:21:01 - Epoch 172: val_AUC=0.9557067324609991, val_AP=0.9550099823642298
INFO - 11/08/25 16:17:37 - 0:21:01 - Epoch 173: train_loss=0.7190208435058594, train_AUC=0.9967301780872899, train_AP=0.995473070960446, time=0.2783474922180176
INFO - 11/08/25 16:17:37 - 0:21:01 - Epoch 173: val_AUC=0.9555904547172516, val_AP=0.9549505083814377
INFO - 11/08/25 16:17:37 - 0:21:01 - Epoch 174: train_loss=0.7167415618896484, train_AUC=0.9971637307452016, train_AP=0.9961626486999576, time=0.27240514755249023
INFO - 11/08/25 16:17:37 - 0:21:01 - Epoch 174: val_AUC=0.9554815079696073, val_AP=0.9548720852244902
INFO - 11/08/25 16:17:37 - 0:21:01 - Epoch 175: train_loss=0.7160269021987915, train_AUC=0.9971315693420043, train_AP=0.9959755146171523, time=0.265209436416626
INFO - 11/08/25 16:17:37 - 0:21:02 - Epoch 175: val_AUC=0.9553752085261114, val_AP=0.954800274749805
INFO - 11/08/25 16:17:38 - 0:21:02 - Epoch 176: train_loss=0.7149094343185425, train_AUC=0.9970402105973698, train_AP=0.9957753948597962, time=0.26480603218078613
INFO - 11/08/25 16:17:38 - 0:21:02 - Epoch 176: val_AUC=0.9552786837440863, val_AP=0.954736999087108
INFO - 11/08/25 16:17:38 - 0:21:02 - Epoch 177: train_loss=0.7147987484931946, train_AUC=0.9969899381730073, train_AP=0.9957952278018033, time=0.2414226531982422
INFO - 11/08/25 16:17:38 - 0:21:02 - Epoch 177: val_AUC=0.9552715563867638, val_AP=0.9547773520075143
INFO - 11/08/25 16:17:38 - 0:21:02 - Epoch 178: train_loss=0.7135035991668701, train_AUC=0.997093980955191, train_AP=0.9959624560307423, time=0.22775793075561523
INFO - 11/08/25 16:17:38 - 0:21:02 - Epoch 178: val_AUC=0.9552811274094541, val_AP=0.9548234109743866
INFO - 11/08/25 16:17:38 - 0:21:03 - Epoch 179: train_loss=0.7121829390525818, train_AUC=0.9972160546236162, train_AP=0.9962069481745354, time=0.22194266319274902
INFO - 11/08/25 16:17:38 - 0:21:03 - Epoch 179: val_AUC=0.9552442687901578, val_AP=0.9548405051781614
INFO - 11/08/25 16:17:39 - 0:21:03 - Epoch 180: train_loss=0.7112558484077454, train_AUC=0.9972095975099563, train_AP=0.99618638943205, time=0.22292017936706543
INFO - 11/08/25 16:17:39 - 0:21:03 - Epoch 180: val_AUC=0.955218712123187, val_AP=0.9548190082798622
INFO - 11/08/25 16:17:39 - 0:21:03 - Epoch 181: train_loss=0.7099786996841431, train_AUC=0.9973840993202574, train_AP=0.9963889295558779, time=0.28972315788269043
INFO - 11/08/25 16:17:39 - 0:21:03 - Epoch 181: val_AUC=0.9552157593608674, val_AP=0.9548552461732362
INFO - 11/08/25 16:17:39 - 0:21:04 - Epoch 182: train_loss=0.7091249227523804, train_AUC=0.9974696268842422, train_AP=0.9964247731080237, time=0.266294002532959
INFO - 11/08/25 16:17:39 - 0:21:04 - Epoch 182: val_AUC=0.9551872499315772, val_AP=0.9548701904518463
INFO - 11/08/25 16:17:40 - 0:21:04 - Epoch 183: train_loss=0.7094719409942627, train_AUC=0.997174297811794, train_AP=0.9959766218089314, time=0.2598998546600342
INFO - 11/08/25 16:17:40 - 0:21:04 - Epoch 183: val_AUC=0.9551100708337135, val_AP=0.9548540449239111
INFO - 11/08/25 16:17:40 - 0:21:04 - Epoch 184: train_loss=0.7070963382720947, train_AUC=0.9975235420132886, train_AP=0.9966486675986036, time=0.2918379306793213
INFO - 11/08/25 16:17:40 - 0:21:04 - Epoch 184: val_AUC=0.9550320771807269, val_AP=0.95482904129529
INFO - 11/08/25 16:17:40 - 0:21:05 - Epoch 185: train_loss=0.7065578103065491, train_AUC=0.9974806761693438, train_AP=0.9966427167866672, time=0.26044535636901855
INFO - 11/08/25 16:17:40 - 0:21:05 - Epoch 185: val_AUC=0.9550153788007142, val_AP=0.9548524657549791
INFO - 11/08/25 16:17:41 - 0:21:05 - Epoch 186: train_loss=0.7064612507820129, train_AUC=0.9973241436030348, train_AP=0.9962847048616191, time=0.2688572406768799
INFO - 11/08/25 16:17:41 - 0:21:05 - Epoch 186: val_AUC=0.9549622290789663, val_AP=0.9548245802359823
INFO - 11/08/25 16:17:41 - 0:21:05 - Epoch 187: train_loss=0.7056164741516113, train_AUC=0.9972934195209672, train_AP=0.9962560892126572, time=0.26482725143432617
INFO - 11/08/25 16:17:41 - 0:21:05 - Epoch 187: val_AUC=0.9548560314548606, val_AP=0.954758284610975
INFO - 11/08/25 16:17:41 - 0:21:06 - Epoch 188: train_loss=0.7044949531555176, train_AUC=0.9973641289927369, train_AP=0.9963161638509009, time=0.2786383628845215
INFO - 11/08/25 16:17:41 - 0:21:06 - Epoch 188: val_AUC=0.9547862851724901, val_AP=0.9547169933817254
INFO - 11/08/25 16:17:42 - 0:21:06 - Epoch 189: train_loss=0.7028698921203613, train_AUC=0.9974053759350981, train_AP=0.9964172518319719, time=0.25588178634643555
INFO - 11/08/25 16:17:42 - 0:21:06 - Epoch 189: val_AUC=0.9546856876148522, val_AP=0.9546193389065063
INFO - 11/08/25 16:17:42 - 0:21:06 - Epoch 190: train_loss=0.702592134475708, train_AUC=0.9974581034821843, train_AP=0.9964335119160767, time=0.21933531761169434
INFO - 11/08/25 16:17:42 - 0:21:06 - Epoch 190: val_AUC=0.9545989374942981, val_AP=0.9545690494359848
INFO - 11/08/25 16:17:42 - 0:21:06 - Epoch 191: train_loss=0.7029025554656982, train_AUC=0.9973677368255198, train_AP=0.996314941650399, time=0.22144556045532227
INFO - 11/08/25 16:17:42 - 0:21:06 - Epoch 191: val_AUC=0.9544924344120215, val_AP=0.9545254133399368
INFO - 11/08/25 16:17:42 - 0:21:07 - Epoch 192: train_loss=0.7008548378944397, train_AUC=0.9976730202406038, train_AP=0.9968091834152614, time=0.23407483100891113
INFO - 11/08/25 16:17:42 - 0:21:07 - Epoch 192: val_AUC=0.9543806367214482, val_AP=0.9544691609116991
INFO - 11/08/25 16:17:43 - 0:21:07 - Epoch 193: train_loss=0.6998419165611267, train_AUC=0.9977066272426043, train_AP=0.9967820261191233, time=0.22613310813903809
INFO - 11/08/25 16:17:43 - 0:21:07 - Epoch 193: val_AUC=0.954281260996494, val_AP=0.9544602749361331
INFO - 11/08/25 16:17:43 - 0:21:07 - Epoch 194: train_loss=0.6996062994003296, train_AUC=0.9976192680232159, train_AP=0.9967089656016681, time=0.21852564811706543
INFO - 11/08/25 16:17:43 - 0:21:07 - Epoch 194: val_AUC=0.9542586570918427, val_AP=0.9544691841042593
INFO - 11/08/25 16:17:43 - 0:21:07 - Epoch 195: train_loss=0.6980657577514648, train_AUC=0.9977818614315829, train_AP=0.9969903812714913, time=0.22122645378112793
INFO - 11/08/25 16:17:43 - 0:21:08 - Epoch 195: val_AUC=0.9542234275827914, val_AP=0.9544731455107297
INFO - 11/08/25 16:17:43 - 0:21:08 - Epoch 196: train_loss=0.6976152658462524, train_AUC=0.9976027038702631, train_AP=0.9966222759062686, time=0.27060818672180176
INFO - 11/08/25 16:17:44 - 0:21:08 - Epoch 196: val_AUC=0.9541079643941665, val_AP=0.9543921873930956
INFO - 11/08/25 16:17:44 - 0:21:08 - Epoch 197: train_loss=0.697502613067627, train_AUC=0.9976394451164522, train_AP=0.9967065447916348, time=0.26542067527770996
INFO - 11/08/25 16:17:44 - 0:21:08 - Epoch 197: val_AUC=0.953979061046019, val_AP=0.9543043346731073
INFO - 11/08/25 16:17:44 - 0:21:08 - Epoch 198: train_loss=0.6957113742828369, train_AUC=0.9978978330457033, train_AP=0.9971771157231367, time=0.2636892795562744
INFO - 11/08/25 16:17:44 - 0:21:08 - Epoch 198: val_AUC=0.9538422157854265, val_AP=0.9542202956371115
INFO - 11/08/25 16:17:44 - 0:21:09 - Epoch 199: train_loss=0.6954838037490845, train_AUC=0.9975995904083184, train_AP=0.9966699666936074, time=0.26423120498657227
INFO - 11/08/25 16:17:45 - 0:21:09 - Epoch 199: val_AUC=0.9537908988127044, val_AP=0.9542096306918885
INFO - 11/08/25 16:17:45 - 0:21:09 - Epoch 200: train_loss=0.6937406063079834, train_AUC=0.9978507792273504, train_AP=0.9970963001276987, time=0.2694437503814697
INFO - 11/08/25 16:17:45 - 0:21:09 - Epoch 200: val_AUC=0.9537387672848597, val_AP=0.9541755370033987
INFO - 11/08/25 16:17:45 - 0:21:09 - Epoch 201: train_loss=0.6938923597335815, train_AUC=0.9977912997405327, train_AP=0.9969021554396562, time=0.2681758403778076
INFO - 11/08/25 16:17:45 - 0:21:09 - Epoch 201: val_AUC=0.953727770790705, val_AP=0.9541878278653863
INFO - 11/08/25 16:17:45 - 0:21:10 - Epoch 202: train_loss=0.6927109956741333, train_AUC=0.9979870484012742, train_AP=0.9973879930537248, time=0.27090907096862793
INFO - 11/08/25 16:17:45 - 0:21:10 - Epoch 202: val_AUC=0.9536756392628604, val_AP=0.9541866362995957
INFO - 11/08/25 16:17:46 - 0:21:10 - Epoch 203: train_loss=0.6930065155029297, train_AUC=0.9978531424150625, train_AP=0.9970588355261609, time=0.2706172466278076
INFO - 11/08/25 16:17:46 - 0:21:10 - Epoch 203: val_AUC=0.9536241186513574, val_AP=0.9541805751825474
INFO - 11/08/25 16:17:46 - 0:21:10 - Epoch 204: train_loss=0.6907912492752075, train_AUC=0.9978282984752026, train_AP=0.9970200392836657, time=0.27086830139160156
INFO - 11/08/25 16:17:46 - 0:21:10 - Epoch 204: val_AUC=0.9535005099115068, val_AP=0.9540750461655578
INFO - 11/08/25 16:17:46 - 0:21:11 - Epoch 205: train_loss=0.690770149230957, train_AUC=0.9978197240383446, train_AP=0.9967839952598481, time=0.2671225070953369
INFO - 11/08/25 16:17:46 - 0:21:11 - Epoch 205: val_AUC=0.9534432874141459, val_AP=0.9540113891148823
INFO - 11/08/25 16:17:47 - 0:21:11 - Epoch 206: train_loss=0.6903601884841919, train_AUC=0.9978118896607178, train_AP=0.996962132739348, time=0.25937676429748535
INFO - 11/08/25 16:17:47 - 0:21:11 - Epoch 206: val_AUC=0.9533852503616627, val_AP=0.9539614559272693
INFO - 11/08/25 16:17:47 - 0:21:11 - Epoch 207: train_loss=0.6900295615196228, train_AUC=0.9978109430118914, train_AP=0.9970571936199357, time=0.22424960136413574
INFO - 11/08/25 16:17:47 - 0:21:11 - Epoch 207: val_AUC=0.9532788490987762, val_AP=0.953905001218709
INFO - 11/08/25 16:17:47 - 0:21:12 - Epoch 208: train_loss=0.6890765428543091, train_AUC=0.9978332115385814, train_AP=0.9968290814341625, time=0.22287321090698242
INFO - 11/08/25 16:17:47 - 0:21:12 - Epoch 208: val_AUC=0.9532763036140182, val_AP=0.9539107561271262
INFO - 11/08/25 16:17:48 - 0:21:12 - Epoch 209: train_loss=0.6879591941833496, train_AUC=0.9981243003287703, train_AP=0.9974258261583485, time=0.23234844207763672
INFO - 11/08/25 16:17:48 - 0:21:12 - Epoch 209: val_AUC=0.9532699908118181, val_AP=0.9539044488196593
INFO - 11/08/25 16:17:48 - 0:21:12 - Epoch 210: train_loss=0.687623143196106, train_AUC=0.9978777600398078, train_AP=0.9970082798348486, time=0.22973036766052246
INFO - 11/08/25 16:17:48 - 0:21:12 - Epoch 210: val_AUC=0.9531756042369899, val_AP=0.9538351134538692
INFO - 11/08/25 16:17:48 - 0:21:12 - Epoch 211: train_loss=0.6863832473754883, train_AUC=0.9980843311421738, train_AP=0.9975095065925358, time=0.23038578033447266
INFO - 11/08/25 16:17:48 - 0:21:12 - Epoch 211: val_AUC=0.9530443590428651, val_AP=0.9537340061274895
INFO - 11/08/25 16:17:48 - 0:21:13 - Epoch 212: train_loss=0.6863570213317871, train_AUC=0.997756956906198, train_AP=0.9967010074570556, time=0.22893857955932617
INFO - 11/08/25 16:17:48 - 0:21:13 - Epoch 212: val_AUC=0.9529720672757367, val_AP=0.9536852972631338
INFO - 11/08/25 16:17:49 - 0:21:13 - Epoch 213: train_loss=0.6848896741867065, train_AUC=0.9979069707165981, train_AP=0.9969635333339737, time=0.22551560401916504
INFO - 11/08/25 16:17:49 - 0:21:13 - Epoch 213: val_AUC=0.9529154556947179, val_AP=0.953639632775175
INFO - 11/08/25 16:17:49 - 0:21:13 - Epoch 214: train_loss=0.6845516562461853, train_AUC=0.9979346237818125, train_AP=0.9970383075726559, time=0.2273845672607422
INFO - 11/08/25 16:17:49 - 0:21:13 - Epoch 214: val_AUC=0.952866175109802, val_AP=0.9536135071084755
INFO - 11/08/25 16:17:49 - 0:21:14 - Epoch 215: train_loss=0.6834819316864014, train_AUC=0.9980802904046809, train_AP=0.9972277412995287, time=0.22790265083312988
INFO - 11/08/25 16:17:49 - 0:21:14 - Epoch 215: val_AUC=0.9528673969424859, val_AP=0.9536324478812129
INFO - 11/08/25 16:17:50 - 0:21:14 - Epoch 216: train_loss=0.6837702393531799, train_AUC=0.9979508328754101, train_AP=0.9970694010706288, time=0.2308363914489746
INFO - 11/08/25 16:17:50 - 0:21:14 - Epoch 216: val_AUC=0.952850698562473, val_AP=0.9536290346697531
INFO - 11/08/25 16:17:50 - 0:21:14 - Epoch 217: train_loss=0.6826715469360352, train_AUC=0.9979988870594064, train_AP=0.9972474650608368, time=0.22788143157958984
INFO - 11/08/25 16:17:50 - 0:21:14 - Epoch 217: val_AUC=0.9527696503277769, val_AP=0.9535681894676878
INFO - 11/08/25 16:17:50 - 0:21:14 - Epoch 218: train_loss=0.6827014684677124, train_AUC=0.9978983179060231, train_AP=0.9969879091331865, time=0.24954438209533691
INFO - 11/08/25 16:17:50 - 0:21:14 - Epoch 218: val_AUC=0.9527551919743514, val_AP=0.953545419008152
INFO - 11/08/25 16:17:50 - 0:21:15 - Epoch 219: train_loss=0.6807951331138611, train_AUC=0.9979385500408425, train_AP=0.9970858447056837, time=0.2326512336730957
INFO - 11/08/25 16:17:50 - 0:21:15 - Epoch 219: val_AUC=0.9527474537006868, val_AP=0.9535570276502277
INFO - 11/08/25 16:17:51 - 0:21:15 - Epoch 220: train_loss=0.6804360151290894, train_AUC=0.9981433648674698, train_AP=0.9973798657455366, time=0.22904157638549805
INFO - 11/08/25 16:17:51 - 0:21:15 - Epoch 220: val_AUC=0.952651947112565, val_AP=0.9534919520166683
INFO - 11/08/25 16:17:51 - 0:21:15 - Epoch 221: train_loss=0.6808008551597595, train_AUC=0.9978106323349557, train_AP=0.9969118966920306, time=0.2289752960205078
INFO - 11/08/25 16:17:51 - 0:21:15 - Epoch 221: val_AUC=0.9525973719193527, val_AP=0.9534552107572105
INFO - 11/08/25 16:17:51 - 0:21:15 - Epoch 222: train_loss=0.6796913146972656, train_AUC=0.9979375829620136, train_AP=0.9968702011762955, time=0.22608089447021484
INFO - 11/08/25 16:17:51 - 0:21:16 - Epoch 222: val_AUC=0.9525629569654238, val_AP=0.953430414933401
INFO - 11/08/25 16:17:52 - 0:21:16 - Epoch 223: train_loss=0.6776737570762634, train_AUC=0.9981901740541538, train_AP=0.9974157032537082, time=0.2656240463256836
INFO - 11/08/25 16:17:52 - 0:21:16 - Epoch 223: val_AUC=0.9525012544148888, val_AP=0.9534017118937161
INFO - 11/08/25 16:17:52 - 0:21:16 - Epoch 224: train_loss=0.6784274578094482, train_AUC=0.9980943288105046, train_AP=0.9973746057679163, time=0.2702357769012451
INFO - 11/08/25 16:17:52 - 0:21:16 - Epoch 224: val_AUC=0.9524737631795019, val_AP=0.9535276434594528
INFO - 11/08/25 16:17:52 - 0:21:16 - Epoch 225: train_loss=0.6784345507621765, train_AUC=0.9980203047469373, train_AP=0.9972158790618247, time=0.26879358291625977
INFO - 11/08/25 16:17:52 - 0:21:17 - Epoch 225: val_AUC=0.9524106351575025, val_AP=0.9535021428401638
INFO - 11/08/25 16:17:53 - 0:21:17 - Epoch 226: train_loss=0.6754122972488403, train_AUC=0.9984357772048085, train_AP=0.997954281650775, time=0.27434587478637695
INFO - 11/08/25 16:17:53 - 0:21:17 - Epoch 226: val_AUC=0.952255462406652, val_AP=0.9534615774419272
INFO - 11/08/25 16:17:53 - 0:21:17 - Epoch 227: train_loss=0.6765017509460449, train_AUC=0.9982085668684579, train_AP=0.9974617933477306, time=0.2635633945465088
INFO - 11/08/25 16:17:53 - 0:21:17 - Epoch 227: val_AUC=0.9522762335622775, val_AP=0.9533636358192904
INFO - 11/08/25 16:17:53 - 0:21:17 - Epoch 228: train_loss=0.675480306148529, train_AUC=0.9981126545228176, train_AP=0.9973186969442169, time=0.2643587589263916
INFO - 11/08/25 16:17:53 - 0:21:18 - Epoch 228: val_AUC=0.9523224595654838, val_AP=0.9534735058847016
INFO - 11/08/25 16:17:54 - 0:21:18 - Epoch 229: train_loss=0.6737562417984009, train_AUC=0.9983399722928024, train_AP=0.9976250199651239, time=0.2658710479736328
INFO - 11/08/25 16:17:54 - 0:21:18 - Epoch 229: val_AUC=0.9521108788723951, val_AP=0.9533045360638209
INFO - 11/08/25 16:17:54 - 0:21:18 - Epoch 230: train_loss=0.6747377514839172, train_AUC=0.9982287038061721, train_AP=0.9975235362335462, time=0.26107168197631836
INFO - 11/08/25 16:17:54 - 0:21:18 - Epoch 230: val_AUC=0.9519917501857187, val_AP=0.9532493730762229
INFO - 11/08/25 16:17:54 - 0:21:18 - Epoch 231: train_loss=0.6736233234405518, train_AUC=0.9981727659307497, train_AP=0.9973777490191583, time=0.22032475471496582
INFO - 11/08/25 16:17:54 - 0:21:18 - Epoch 231: val_AUC=0.9519443023498286, val_AP=0.953242604563086
INFO - 11/08/25 16:17:54 - 0:21:19 - Epoch 232: train_loss=0.6723742485046387, train_AUC=0.9983041732924218, train_AP=0.9975848504592237, time=0.22489261627197266
INFO - 11/08/25 16:17:54 - 0:21:19 - Epoch 232: val_AUC=0.9518412611268229, val_AP=0.9531896456969478
INFO - 11/08/25 16:17:55 - 0:21:19 - Epoch 233: train_loss=0.6731275320053101, train_AUC=0.9982906826220121, train_AP=0.9975237770024475, time=0.22602248191833496
INFO - 11/08/25 16:17:55 - 0:21:19 - Epoch 233: val_AUC=0.9517671366106687, val_AP=0.9531498938033596
INFO - 11/08/25 16:17:55 - 0:21:19 - Epoch 234: train_loss=0.6705456972122192, train_AUC=0.9983334859431043, train_AP=0.9976030241740854, time=0.22377729415893555
INFO - 11/08/25 16:17:55 - 0:21:19 - Epoch 234: val_AUC=0.9517651002228623, val_AP=0.9531262480934577
INFO - 11/08/25 16:17:55 - 0:21:19 - Epoch 235: train_loss=0.6717965006828308, train_AUC=0.998175169273984, train_AP=0.9974217021665812, time=0.22543954849243164
INFO - 11/08/25 16:17:55 - 0:21:20 - Epoch 235: val_AUC=0.9517056376989145, val_AP=0.953101346172566
INFO - 11/08/25 16:17:55 - 0:21:20 - Epoch 236: train_loss=0.6708390712738037, train_AUC=0.9982827397540269, train_AP=0.9975637984066058, time=0.24296975135803223
INFO - 11/08/25 16:17:56 - 0:21:20 - Epoch 236: val_AUC=0.9515158463553545, val_AP=0.9529686758096054
INFO - 11/08/25 16:17:56 - 0:21:20 - Epoch 237: train_loss=0.6694866418838501, train_AUC=0.9983395480180074, train_AP=0.9974946562202918, time=0.22195839881896973
INFO - 11/08/25 16:17:56 - 0:21:20 - Epoch 237: val_AUC=0.9514643257438518, val_AP=0.9529153753342717
INFO - 11/08/25 16:17:56 - 0:21:20 - Epoch 238: train_loss=0.6696293354034424, train_AUC=0.9982245295691796, train_AP=0.997464247766211, time=0.22055840492248535
INFO - 11/08/25 16:17:56 - 0:21:20 - Epoch 238: val_AUC=0.9514044559423426, val_AP=0.9528744231000749
INFO - 11/08/25 16:17:56 - 0:21:21 - Epoch 239: train_loss=0.6688843965530396, train_AUC=0.9983300329204271, train_AP=0.9975626534688018, time=0.24384212493896484
INFO - 11/08/25 16:17:56 - 0:21:21 - Epoch 239: val_AUC=0.9512211810397633, val_AP=0.952751290976974
INFO - 11/08/25 16:17:57 - 0:21:21 - Epoch 240: train_loss=0.6676805019378662, train_AUC=0.998369786183031, train_AP=0.99766776217978, time=0.22180652618408203
INFO - 11/08/25 16:17:57 - 0:21:21 - Epoch 240: val_AUC=0.9511474638011704, val_AP=0.9526832562691083
INFO - 11/08/25 16:17:57 - 0:21:21 - Epoch 241: train_loss=0.6671542525291443, train_AUC=0.9981768614417837, train_AP=0.99707547506393, time=0.22139215469360352
INFO - 11/08/25 16:17:57 - 0:21:21 - Epoch 241: val_AUC=0.9511077542389448, val_AP=0.9526799299288528
INFO - 11/08/25 16:17:57 - 0:21:21 - Epoch 242: train_loss=0.6669012904167175, train_AUC=0.9983434977010921, train_AP=0.9975172668721305, time=0.22106719017028809
INFO - 11/08/25 16:17:57 - 0:21:21 - Epoch 242: val_AUC=0.9509580797351719, val_AP=0.9525860513576883
INFO - 11/08/25 16:17:57 - 0:21:22 - Epoch 243: train_loss=0.6665136814117432, train_AUC=0.9983842890191718, train_AP=0.997656929458377, time=0.24521565437316895
INFO - 11/08/25 16:17:57 - 0:21:22 - Epoch 243: val_AUC=0.9508328418850762, val_AP=0.9524701279347867
INFO - 11/08/25 16:17:58 - 0:21:22 - Epoch 244: train_loss=0.6656275987625122, train_AUC=0.9984310945073208, train_AP=0.9978069638324658, time=0.22831058502197266
INFO - 11/08/25 16:17:58 - 0:21:22 - Epoch 244: val_AUC=0.9508039251782248, val_AP=0.9524366441467376
INFO - 11/08/25 16:17:58 - 0:21:22 - Epoch 245: train_loss=0.6657444834709167, train_AUC=0.9984616234476396, train_AP=0.9978352823555411, time=0.22673630714416504
INFO - 11/08/25 16:17:58 - 0:21:22 - Epoch 245: val_AUC=0.9507994451250505, val_AP=0.9524603198171377
INFO - 11/08/25 16:17:58 - 0:21:23 - Epoch 246: train_loss=0.6659135222434998, train_AUC=0.9983032572885993, train_AP=0.9976119383680626, time=0.22723722457885742
INFO - 11/08/25 16:17:58 - 0:21:23 - Epoch 246: val_AUC=0.9506962002632643, val_AP=0.9524391027246679
INFO - 11/08/25 16:17:59 - 0:21:23 - Epoch 247: train_loss=0.6645078659057617, train_AUC=0.9983965088025244, train_AP=0.9976813679468806, time=0.2741737365722656
INFO - 11/08/25 16:17:59 - 0:21:23 - Epoch 247: val_AUC=0.9508031106231022, val_AP=0.9524547661842484
INFO - 11/08/25 16:17:59 - 0:21:23 - Epoch 248: train_loss=0.6637359857559204, train_AUC=0.99835040709274, train_AP=0.9975691343603693, time=0.26741790771484375
INFO - 11/08/25 16:17:59 - 0:21:23 - Epoch 248: val_AUC=0.9506263521615035, val_AP=0.9523244318644479
INFO - 11/08/25 16:17:59 - 0:21:24 - Epoch 249: train_loss=0.6636769771575928, train_AUC=0.9982811153927011, train_AP=0.9973149926128353, time=0.26746606826782227
INFO - 11/08/25 16:17:59 - 0:21:24 - Epoch 249: val_AUC=0.9503966476169375, val_AP=0.9521602648213646
INFO - 11/08/25 16:18:00 - 0:21:24 - Epoch 250: train_loss=0.6630677580833435, train_AUC=0.9984498127927006, train_AP=0.9977777395676575, time=0.2266702651977539
INFO - 11/08/25 16:18:00 - 0:21:24 - Epoch 250: val_AUC=0.9504155860235375, val_AP=0.952230277923476
INFO - 11/08/25 16:18:00 - 0:21:24 - Epoch 251: train_loss=0.6634127497673035, train_AUC=0.9983686836673745, train_AP=0.9975489719432863, time=0.2298266887664795
INFO - 11/08/25 16:18:00 - 0:21:24 - Epoch 251: val_AUC=0.9502899408958804, val_AP=0.9521712048703654
INFO - 11/08/25 16:18:00 - 0:21:24 - Epoch 252: train_loss=0.661445140838623, train_AUC=0.998356959487705, train_AP=0.9973274343522037, time=0.22399449348449707
INFO - 11/08/25 16:18:00 - 0:21:24 - Epoch 252: val_AUC=0.9500309123669016, val_AP=0.9519542802683244
INFO - 11/08/25 16:18:00 - 0:21:25 - Epoch 253: train_loss=0.6617739200592041, train_AUC=0.9985055784220668, train_AP=0.9978263549493613, time=0.23314499855041504
INFO - 11/08/25 16:18:00 - 0:21:25 - Epoch 253: val_AUC=0.9500897639745076, val_AP=0.9519815109732842
INFO - 11/08/25 16:18:01 - 0:21:25 - Epoch 254: train_loss=0.66065514087677, train_AUC=0.998481670916032, train_AP=0.997825089609661, time=0.22370433807373047
INFO - 11/08/25 16:18:01 - 0:21:25 - Epoch 254: val_AUC=0.9498798123916641, val_AP=0.9517895080110494
INFO - 11/08/25 16:18:01 - 0:21:25 - Epoch 255: train_loss=0.6609269380569458, train_AUC=0.998505869901845, train_AP=0.9977614011091793, time=0.22167706489562988
INFO - 11/08/25 16:18:01 - 0:21:25 - Epoch 255: val_AUC=0.9497095703710461, val_AP=0.9516502589697838
INFO - 11/08/25 16:18:01 - 0:21:25 - Epoch 256: train_loss=0.6590850353240967, train_AUC=0.9985230807700518, train_AP=0.9979877370555205, time=0.22214579582214355
INFO - 11/08/25 16:18:01 - 0:21:26 - Epoch 256: val_AUC=0.9498712595628771, val_AP=0.9517649887210061
INFO - 11/08/25 16:18:01 - 0:21:26 - Epoch 257: train_loss=0.6590158343315125, train_AUC=0.9984052986350133, train_AP=0.9974964421219801, time=0.22270870208740234
INFO - 11/08/25 16:18:02 - 0:21:26 - Epoch 257: val_AUC=0.9498981398819222, val_AP=0.9517968786792801
INFO - 11/08/25 16:18:02 - 0:21:26 - Epoch 258: train_loss=0.6583023071289062, train_AUC=0.9984843747212009, train_AP=0.9977817030984559, time=0.22365951538085938
INFO - 11/08/25 16:18:02 - 0:21:26 - Epoch 258: val_AUC=0.9496486823756338, val_AP=0.9516001520066397
INFO - 11/08/25 16:18:02 - 0:21:26 - Epoch 259: train_loss=0.6578652858734131, train_AUC=0.9986366388259366, train_AP=0.9981186499397895, time=0.22736310958862305
INFO - 11/08/25 16:18:02 - 0:21:26 - Epoch 259: val_AUC=0.9498234044494259, val_AP=0.9517656968604861
INFO - 11/08/25 16:18:02 - 0:21:27 - Epoch 260: train_loss=0.6567867398262024, train_AUC=0.9985354240140235, train_AP=0.9978132196380353, time=0.228271484375
INFO - 11/08/25 16:18:02 - 0:21:27 - Epoch 260: val_AUC=0.9500121775990826, val_AP=0.9518841846785723
INFO - 11/08/25 16:18:03 - 0:21:27 - Epoch 261: train_loss=0.6576937437057495, train_AUC=0.9983908525097416, train_AP=0.9975559109596395, time=0.22617888450622559
INFO - 11/08/25 16:18:03 - 0:21:27 - Epoch 261: val_AUC=0.9496712862802852, val_AP=0.951637883647254
INFO - 11/08/25 16:18:03 - 0:21:27 - Epoch 262: train_loss=0.6572375297546387, train_AUC=0.9984983993896089, train_AP=0.9978151850548143, time=0.2479088306427002
INFO - 11/08/25 16:18:03 - 0:21:27 - Epoch 262: val_AUC=0.94961263831146, val_AP=0.951585137752826
INFO - 11/08/25 16:18:03 - 0:21:27 - Epoch 263: train_loss=0.6571214199066162, train_AUC=0.9985252350785996, train_AP=0.9978605517769954, time=0.2267599105834961
INFO - 11/08/25 16:18:03 - 0:21:27 - Epoch 263: val_AUC=0.9496529587900271, val_AP=0.9516180128513101
INFO - 11/08/25 16:18:03 - 0:21:28 - Epoch 264: train_loss=0.6553850173950195, train_AUC=0.9985726080276824, train_AP=0.998012042733287, time=0.2242434024810791
INFO - 11/08/25 16:18:03 - 0:21:28 - Epoch 264: val_AUC=0.949339965984178, val_AP=0.9514222031880825
INFO - 11/08/25 16:18:04 - 0:21:28 - Epoch 265: train_loss=0.6553223729133606, train_AUC=0.9984568179940159, train_AP=0.9975549957425418, time=0.22605395317077637
INFO - 11/08/25 16:18:04 - 0:21:28 - Epoch 265: val_AUC=0.9494096104471581, val_AP=0.9515381536912215
INFO - 11/08/25 16:18:04 - 0:21:28 - Epoch 266: train_loss=0.6543519496917725, train_AUC=0.9986029553875472, train_AP=0.9978995006475607, time=0.28096723556518555
INFO - 11/08/25 16:18:04 - 0:21:28 - Epoch 266: val_AUC=0.9493312095166104, val_AP=0.9514855872971633
INFO - 11/08/25 16:18:04 - 0:21:29 - Epoch 267: train_loss=0.6533646583557129, train_AUC=0.9984974286122451, train_AP=0.9978133227501784, time=0.26116037368774414
INFO - 11/08/25 16:18:04 - 0:21:29 - Epoch 267: val_AUC=0.9490330823417483, val_AP=0.9512589698262477
INFO - 11/08/25 16:18:05 - 0:21:29 - Epoch 268: train_loss=0.6543060541152954, train_AUC=0.9985513259530996, train_AP=0.9979101302082102, time=0.2673768997192383
INFO - 11/08/25 16:18:05 - 0:21:29 - Epoch 268: val_AUC=0.9490929521432574, val_AP=0.9513525044555311
INFO - 11/08/25 16:18:05 - 0:21:29 - Epoch 269: train_loss=0.6528952121734619, train_AUC=0.9984168151683632, train_AP=0.9974203620591618, time=0.2619655132293701
INFO - 11/08/25 16:18:05 - 0:21:29 - Epoch 269: val_AUC=0.9490383769500449, val_AP=0.9513677940754846
INFO - 11/08/25 16:18:05 - 0:21:30 - Epoch 270: train_loss=0.6519883871078491, train_AUC=0.998600417488089, train_AP=0.9978937072034318, time=0.27826356887817383
INFO - 11/08/25 16:18:05 - 0:21:30 - Epoch 270: val_AUC=0.9488371818347692, val_AP=0.9512386413288285
INFO - 11/08/25 16:18:06 - 0:21:30 - Epoch 271: train_loss=0.6512359380722046, train_AUC=0.9987660634206345, train_AP=0.9981575018782785, time=0.26169729232788086
INFO - 11/08/25 16:18:06 - 0:21:30 - Epoch 271: val_AUC=0.948631099388758, val_AP=0.9510515708522472
INFO - 11/08/25 16:18:06 - 0:21:30 - Epoch 272: train_loss=0.6513901352882385, train_AUC=0.9986133695813617, train_AP=0.9977721445517864, time=0.26244282722473145
INFO - 11/08/25 16:18:06 - 0:21:30 - Epoch 272: val_AUC=0.9483512997041534, val_AP=0.9508176667119834
INFO - 11/08/25 16:18:06 - 0:21:31 - Epoch 273: train_loss=0.6514451503753662, train_AUC=0.9984998960634186, train_AP=0.9976673828175553, time=0.26265788078308105
INFO - 11/08/25 16:18:06 - 0:21:31 - Epoch 273: val_AUC=0.9484138168098111, val_AP=0.9509070210573045
INFO - 11/08/25 16:18:07 - 0:21:31 - Epoch 274: train_loss=0.6512387990951538, train_AUC=0.9985647252168598, train_AP=0.9979502217531804, time=0.3622629642486572
INFO - 11/08/25 16:18:07 - 0:21:31 - Epoch 274: val_AUC=0.9484523045393527, val_AP=0.9509857807694636
INFO - 11/08/25 16:18:07 - 0:21:31 - Epoch 275: train_loss=0.6497009992599487, train_AUC=0.9987302600172361, train_AP=0.9979624780948055, time=0.25930190086364746
INFO - 11/08/25 16:18:07 - 0:21:31 - Epoch 275: val_AUC=0.9484757229991269, val_AP=0.9509524738133348
INFO - 11/08/25 16:18:07 - 0:21:32 - Epoch 276: train_loss=0.6502048969268799, train_AUC=0.9985252347263582, train_AP=0.9977458421637221, time=0.2602815628051758
INFO - 11/08/25 16:18:07 - 0:21:32 - Epoch 276: val_AUC=0.9488933861382267, val_AP=0.9512459704258515
INFO - 11/08/25 16:18:08 - 0:21:32 - Epoch 277: train_loss=0.6503945589065552, train_AUC=0.9985442214197029, train_AP=0.997921226998831, time=0.2787435054779053
INFO - 11/08/25 16:18:08 - 0:21:32 - Epoch 277: val_AUC=0.9485789678609131, val_AP=0.9508115593856342
INFO - 11/08/25 16:18:08 - 0:21:32 - Epoch 278: train_loss=0.6492217779159546, train_AUC=0.9987160430250105, train_AP=0.9981035117073566, time=0.2609124183654785
INFO - 11/08/25 16:18:08 - 0:21:32 - Epoch 278: val_AUC=0.9484135113516402, val_AP=0.9506946422901044
INFO - 11/08/25 16:18:08 - 0:21:33 - Epoch 279: train_loss=0.649986982345581, train_AUC=0.9986073383275832, train_AP=0.9979155871759209, time=0.26106882095336914
INFO - 11/08/25 16:18:08 - 0:21:33 - Epoch 279: val_AUC=0.9485307054699006, val_AP=0.9508096488491933
INFO - 11/08/25 16:18:09 - 0:21:33 - Epoch 280: train_loss=0.6490763425827026, train_AUC=0.9986502511957582, train_AP=0.9981225866884109, time=0.2588174343109131
INFO - 11/08/25 16:18:09 - 0:21:33 - Epoch 280: val_AUC=0.9483527251756179, val_AP=0.9507223174536024
INFO - 11/08/25 16:18:09 - 0:21:33 - Epoch 281: train_loss=0.6493030190467834, train_AUC=0.9988269178818499, train_AP=0.998333827358827, time=0.2767152786254883
INFO - 11/08/25 16:18:09 - 0:21:33 - Epoch 281: val_AUC=0.9484651337825335, val_AP=0.9508859152746875
INFO - 11/08/25 16:18:09 - 0:21:34 - Epoch 282: train_loss=0.6498185992240906, train_AUC=0.9985772091812803, train_AP=0.9979628060937771, time=0.26689743995666504
INFO - 11/08/25 16:18:09 - 0:21:34 - Epoch 282: val_AUC=0.9482849134616639, val_AP=0.9507756720443843
INFO - 11/08/25 16:18:10 - 0:21:34 - Epoch 283: train_loss=0.6478102207183838, train_AUC=0.9986748876654195, train_AP=0.9978742905648286, time=0.2604103088378906
INFO - 11/08/25 16:18:10 - 0:21:34 - Epoch 283: val_AUC=0.9480501179475816, val_AP=0.950745714348702
INFO - 11/08/25 16:18:10 - 0:21:34 - Epoch 284: train_loss=0.6473410725593567, train_AUC=0.9985670852343991, train_AP=0.9978751670703746, time=0.2595632076263428
INFO - 11/08/25 16:18:10 - 0:21:34 - Epoch 284: val_AUC=0.9481260752127616, val_AP=0.9508215738867445
INFO - 11/08/25 16:18:10 - 0:21:34 - Epoch 285: train_loss=0.6460690498352051, train_AUC=0.9987349488789485, train_AP=0.9982263448305503, time=0.2761704921722412
INFO - 11/08/25 16:18:10 - 0:21:35 - Epoch 285: val_AUC=0.9479352656752987, val_AP=0.9507219442533099
INFO - 11/08/25 16:18:10 - 0:21:35 - Epoch 286: train_loss=0.6451863050460815, train_AUC=0.9985653150451239, train_AP=0.9976596376118285, time=0.22972750663757324
INFO - 11/08/25 16:18:11 - 0:21:35 - Epoch 286: val_AUC=0.9475128170248538, val_AP=0.9503427344413042
INFO - 11/08/25 16:18:11 - 0:21:35 - Epoch 287: train_loss=0.644141435623169, train_AUC=0.9988269187624533, train_AP=0.9981507062438175, time=0.2203068733215332
INFO - 11/08/25 16:18:11 - 0:21:35 - Epoch 287: val_AUC=0.9473119273677489, val_AP=0.9500885038737292
INFO - 11/08/25 16:18:11 - 0:21:35 - Epoch 288: train_loss=0.6448438167572021, train_AUC=0.9987527379514525, train_AP=0.9982642351776989, time=0.21919512748718262
INFO - 11/08/25 16:18:11 - 0:21:35 - Epoch 288: val_AUC=0.9470838519334281, val_AP=0.949919844761307
INFO - 11/08/25 16:18:11 - 0:21:36 - Epoch 289: train_loss=0.6440424919128418, train_AUC=0.998745979319134, train_AP=0.9982368305383768, time=0.23010683059692383
INFO - 11/08/25 16:18:11 - 0:21:36 - Epoch 289: val_AUC=0.9473157965045811, val_AP=0.950158628636313
INFO - 11/08/25 16:18:12 - 0:21:36 - Epoch 290: train_loss=0.6440935134887695, train_AUC=0.9986069415276193, train_AP=0.9977401733800081, time=0.2237412929534912
INFO - 11/08/25 16:18:12 - 0:21:36 - Epoch 290: val_AUC=0.9473391131449649, val_AP=0.9502088111793853
INFO - 11/08/25 16:18:12 - 0:21:36 - Epoch 291: train_loss=0.6436445116996765, train_AUC=0.9985816856414144, train_AP=0.9977655147088067, time=0.22403979301452637
INFO - 11/08/25 16:18:12 - 0:21:36 - Epoch 291: val_AUC=0.9469262355172101, val_AP=0.9498520940957048
INFO - 11/08/25 16:18:12 - 0:21:36 - Epoch 292: train_loss=0.6423326730728149, train_AUC=0.9987585143585609, train_AP=0.9979279037060875, time=0.22297120094299316
INFO - 11/08/25 16:18:12 - 0:21:36 - Epoch 292: val_AUC=0.9471211178302857, val_AP=0.9499987451299284
INFO - 11/08/25 16:18:12 - 0:21:37 - Epoch 293: train_loss=0.6416034698486328, train_AUC=0.9987928765661739, train_AP=0.9981158068969521, time=0.22429609298706055
INFO - 11/08/25 16:18:12 - 0:21:37 - Epoch 293: val_AUC=0.946978163406274, val_AP=0.949962452273734
INFO - 11/08/25 16:18:13 - 0:21:37 - Epoch 294: train_loss=0.6416904926300049, train_AUC=0.9987252104603056, train_AP=0.9981696172646943, time=0.24055051803588867
INFO - 11/08/25 16:18:13 - 0:21:37 - Epoch 294: val_AUC=0.9471819040063079, val_AP=0.9501737146473824
INFO - 11/08/25 16:18:13 - 0:21:37 - Epoch 295: train_loss=0.6404812335968018, train_AUC=0.9988045679873909, train_AP=0.9980760233036664, time=0.22079968452453613
INFO - 11/08/25 16:18:13 - 0:21:37 - Epoch 295: val_AUC=0.9474304451380833, val_AP=0.9503638320763915
INFO - 11/08/25 16:18:13 - 0:21:37 - Epoch 296: train_loss=0.6405566930770874, train_AUC=0.9988839802880176, train_AP=0.998469119066088, time=0.21970725059509277
INFO - 11/08/25 16:18:13 - 0:21:38 - Epoch 296: val_AUC=0.9469199227150098, val_AP=0.9499660136292342
INFO - 11/08/25 16:18:13 - 0:21:38 - Epoch 297: train_loss=0.6408318877220154, train_AUC=0.9987397966015432, train_AP=0.9981556986283414, time=0.21984195709228516
INFO - 11/08/25 16:18:14 - 0:21:38 - Epoch 297: val_AUC=0.9473705753365742, val_AP=0.9502607051691723
INFO - 11/08/25 16:18:14 - 0:21:38 - Epoch 298: train_loss=0.6409013271331787, train_AUC=0.9986837565761079, train_AP=0.9980461080307087, time=0.22574806213378906
INFO - 11/08/25 16:18:14 - 0:21:38 - Epoch 298: val_AUC=0.9473709826141354, val_AP=0.950327782421161
INFO - 11/08/25 16:18:14 - 0:21:38 - Epoch 299: train_loss=0.6401271224021912, train_AUC=0.9988254969399463, train_AP=0.9981878160224066, time=0.22049236297607422
INFO - 11/08/25 16:18:14 - 0:21:38 - Epoch 299: val_AUC=0.9468812313466878, val_AP=0.9497117828884776
INFO - 11/08/25 16:18:14 - 0:21:39 - Epoch 300: train_loss=0.6412469148635864, train_AUC=0.9984839766883922, train_AP=0.9975206464955775, time=0.22426271438598633
INFO - 11/08/25 16:18:14 - 0:21:39 - Epoch 300: val_AUC=0.9473003199572523, val_AP=0.9499731149577922
INFO - 11/08/25 16:18:14 - 0:21:39 - best_epoch=166
INFO - 11/08/25 16:18:14 - 0:21:39 - test_auc= 95.66%, test_ap= 95.67%
INFO - 11/08/25 16:18:14 - 0:21:39 - ----LP Task----
INFO - 11/08/25 16:18:14 - 0:21:39 - test AUC: 0.959639674414172~0.002700096378125353
INFO - 11/08/25 16:18:14 - 0:21:39 - test AP: 0.9585750558160162~0.002460362949081276
