INFO - 11/06/25 17:49:52 - 0:00:00 - Namespace(backbone='gcn', coef_dis=1.0, dataset='Pubmed', devices='0,1', downstream_task='LP', drop_cls=0.0, drop_edge_cls=0.0, edge_split_method='random', embed_features=16, epochs_cls=5000, epochs_lp=5000, eval_freq=1, exp_iters=10, gpu=0, hidden_features=32, hidden_features_cls=32, in_features=None, init_curvs=[-3, -1, 0, 1, 3], log_path='./results/Train/LP_gcn_Pubmed_20251106_174952.log', lr_Riemann=0.01, lr_cls=0.01, lr_gating=0.001, min_epoch_cls=200, min_epoch_lp=200, n_heads=8, n_layers=2, num_factors=5, num_factors_cls=5, patience_cls=100, patience_lp=100, r=2.0, root_path='./datasets', sample_hop=[2, 3], t=1.0, version='Train', w_decay=0.0, w_decay_cls=0.0005, w_decay_gating=0.0)
INFO - 11/06/25 17:55:57 - 0:06:05 - Using RandomLinkSplit edge splitting method
INFO - 11/06/25 17:58:18 - 0:08:26 - 
                                     train iters 0
INFO - 11/06/25 17:58:18 - 0:08:26 - --------------------------Training Start-------------------------
INFO - 11/06/25 17:58:29 - 0:08:37 - Epoch 0: train_loss=5.838155746459961, train_AUC=0.9963341210005763, train_AP=0.9961695365276431, time=10.906661748886108
INFO - 11/06/25 17:58:30 - 0:08:38 - Epoch 0: val_AUC=0.7631123010856391, val_AP=0.8163758899132458
INFO - 11/06/25 17:58:32 - 0:08:40 - Epoch 1: train_loss=2.442899227142334, train_AUC=0.9139360679603782, train_AP=0.9394196257384024, time=2.271752119064331
INFO - 11/06/25 17:58:32 - 0:08:40 - Epoch 1: val_AUC=0.6065776140702993, val_AP=0.6864730993293342
INFO - 11/06/25 17:58:33 - 0:08:41 - Epoch 2: train_loss=4.53794002532959, train_AUC=0.6578104444775594, train_AP=0.7483782433825018, time=0.5809473991394043
INFO - 11/06/25 17:58:33 - 0:08:41 - Epoch 2: val_AUC=0.6113196485357557, val_AP=0.6758548301629441
INFO - 11/06/25 17:58:33 - 0:08:41 - Epoch 3: train_loss=4.535782337188721, train_AUC=0.6330794784811543, train_AP=0.7139651998114755, time=0.3787260055541992
INFO - 11/06/25 17:58:33 - 0:08:41 - Epoch 3: val_AUC=0.6149052183659373, val_AP=0.6774694696859009
INFO - 11/06/25 17:58:34 - 0:08:42 - Epoch 4: train_loss=4.355426788330078, train_AUC=0.6311984453464067, train_AP=0.7080784356660783, time=0.34719252586364746
INFO - 11/06/25 17:58:34 - 0:08:42 - Epoch 4: val_AUC=0.6643424015039946, val_AP=0.7125764182275551
INFO - 11/06/25 17:58:34 - 0:08:42 - Epoch 5: train_loss=3.6677298545837402, train_AUC=0.6901388719280729, train_AP=0.7497366893832402, time=0.3501269817352295
INFO - 11/06/25 17:58:34 - 0:08:42 - Epoch 5: val_AUC=0.7300989928840464, val_AP=0.757370390389632
INFO - 11/06/25 17:58:35 - 0:08:43 - Epoch 6: train_loss=3.0373663902282715, train_AUC=0.7608510807896872, train_AP=0.7980814268237302, time=0.3527827262878418
INFO - 11/06/25 17:58:35 - 0:08:43 - Epoch 6: val_AUC=0.7869343729228845, val_AP=0.7957394175654571
INFO - 11/06/25 17:58:35 - 0:08:43 - Epoch 7: train_loss=2.6872398853302, train_AUC=0.8242234912135942, train_AP=0.8418437401438567, time=0.34995388984680176
INFO - 11/06/25 17:58:35 - 0:08:43 - Epoch 7: val_AUC=0.820349256799906, val_AP=0.821149837552888
INFO - 11/06/25 17:58:36 - 0:08:44 - Epoch 8: train_loss=2.3670201301574707, train_AUC=0.8620089710170233, train_AP=0.8705272059880866, time=0.34847187995910645
INFO - 11/06/25 17:58:36 - 0:08:44 - Epoch 8: val_AUC=0.8435244700504373, val_AP=0.8394737535432201
INFO - 11/06/25 17:58:36 - 0:08:44 - Epoch 9: train_loss=2.1272003650665283, train_AUC=0.8877385946382701, train_AP=0.8903789141421645, time=0.3555107116699219
INFO - 11/06/25 17:58:36 - 0:08:44 - Epoch 9: val_AUC=0.8583021290841794, val_AP=0.8510470654534511
INFO - 11/06/25 17:58:37 - 0:08:45 - Epoch 10: train_loss=1.930128812789917, train_AUC=0.9022756462781929, train_AP=0.9007747871336536, time=0.33719682693481445
INFO - 11/06/25 17:58:37 - 0:08:45 - Epoch 10: val_AUC=0.8653587219304305, val_AP=0.8569841545285461
INFO - 11/06/25 17:58:37 - 0:08:45 - Epoch 11: train_loss=1.8347489833831787, train_AUC=0.9078711074955611, train_AP=0.9045211209791921, time=0.34722232818603516
INFO - 11/06/25 17:58:37 - 0:08:45 - Epoch 11: val_AUC=0.8697232100965735, val_AP=0.8599274472531462
INFO - 11/06/25 17:58:37 - 0:08:46 - Epoch 12: train_loss=1.696197748184204, train_AUC=0.9125790450184941, train_AP=0.908652137103191, time=0.34737586975097656
INFO - 11/06/25 17:58:38 - 0:08:46 - Epoch 12: val_AUC=0.8673975534022339, val_AP=0.8565506728660408
INFO - 11/06/25 17:58:38 - 0:08:46 - Epoch 13: train_loss=1.696627140045166, train_AUC=0.9076489458355378, train_AP=0.9030445948324696, time=0.35460853576660156
INFO - 11/06/25 17:58:38 - 0:08:46 - Epoch 13: val_AUC=0.858058373463749, val_AP=0.8473224886776526
INFO - 11/06/25 17:58:38 - 0:08:47 - Epoch 14: train_loss=2.0701448917388916, train_AUC=0.8889105120701526, train_AP=0.8881786442214101, time=0.3416783809661865
INFO - 11/06/25 17:58:39 - 0:08:47 - Epoch 14: val_AUC=0.8560303348473198, val_AP=0.8452983801557
INFO - 11/06/25 17:58:39 - 0:08:47 - Epoch 15: train_loss=2.163491725921631, train_AUC=0.88418048425469, train_AP=0.8848128505238098, time=0.34888768196105957
INFO - 11/06/25 17:58:39 - 0:08:47 - Epoch 15: val_AUC=0.8707902773071459, val_AP=0.8575149566335882
INFO - 11/06/25 17:58:39 - 0:08:48 - Epoch 16: train_loss=1.93752121925354, train_AUC=0.9003303852661143, train_AP=0.8948309604735587, time=0.3469197750091553
INFO - 11/06/25 17:58:40 - 0:08:48 - Epoch 16: val_AUC=0.8825197692528249, val_AP=0.869136458844394
INFO - 11/06/25 17:58:40 - 0:08:48 - Epoch 17: train_loss=1.6923305988311768, train_AUC=0.9151907334191706, train_AP=0.9083655676546508, time=0.35448789596557617
INFO - 11/06/25 17:58:40 - 0:08:48 - Epoch 17: val_AUC=0.888286004965528, val_AP=0.8763024403421038
INFO - 11/06/25 17:58:40 - 0:08:49 - Epoch 18: train_loss=1.6470993757247925, train_AUC=0.9223664024997824, train_AP=0.9166919544344544, time=0.34758925437927246
INFO - 11/06/25 17:58:40 - 0:08:49 - Epoch 18: val_AUC=0.8938707985246778, val_AP=0.8820872212630809
INFO - 11/06/25 17:58:41 - 0:08:49 - Epoch 19: train_loss=1.5724512338638306, train_AUC=0.9293041201701882, train_AP=0.9232495097714227, time=0.36100077629089355
INFO - 11/06/25 17:58:41 - 0:08:49 - Epoch 19: val_AUC=0.8981773514577279, val_AP=0.8866554325474132
INFO - 11/06/25 17:58:41 - 0:08:50 - Epoch 20: train_loss=1.4924170970916748, train_AUC=0.9331126299997697, train_AP=0.9276072148394107, time=0.35096240043640137
INFO - 11/06/25 17:58:41 - 0:08:50 - Epoch 20: val_AUC=0.9037077734624458, val_AP=0.8926755508631494
INFO - 11/06/25 17:58:42 - 0:08:50 - Epoch 21: train_loss=1.404505729675293, train_AUC=0.9402090974201264, train_AP=0.9340153242089965, time=0.35137295722961426
INFO - 11/06/25 17:58:42 - 0:08:50 - Epoch 21: val_AUC=0.9071540543666671, val_AP=0.8970991402460763
INFO - 11/06/25 17:58:42 - 0:08:50 - Epoch 22: train_loss=1.3647000789642334, train_AUC=0.9450157259451711, train_AP=0.9391432120263921, time=0.33111119270324707
INFO - 11/06/25 17:58:42 - 0:08:51 - Epoch 22: val_AUC=0.9086161808116879, val_AP=0.8996561766412554
INFO - 11/06/25 17:58:43 - 0:08:51 - Epoch 23: train_loss=1.3684501647949219, train_AUC=0.9459880295711691, train_AP=0.9406810381427022, time=0.3551175594329834
INFO - 11/06/25 17:58:43 - 0:08:51 - Epoch 23: val_AUC=0.9107673190710162, val_AP=0.9016863153078405
INFO - 11/06/25 17:58:43 - 0:08:51 - Epoch 24: train_loss=1.3516018390655518, train_AUC=0.948272056306868, train_AP=0.9428422027045561, time=0.3398294448852539
INFO - 11/06/25 17:58:43 - 0:08:52 - Epoch 24: val_AUC=0.9129497158831732, val_AP=0.903211057477854
INFO - 11/06/25 17:58:44 - 0:08:52 - Epoch 25: train_loss=1.3181504011154175, train_AUC=0.9496955993371482, train_AP=0.9429594230221847, time=0.3457186222076416
INFO - 11/06/25 17:58:44 - 0:08:52 - Epoch 25: val_AUC=0.9142598259784435, val_AP=0.9040528134897418
INFO - 11/06/25 17:58:44 - 0:08:52 - Epoch 26: train_loss=1.298435091972351, train_AUC=0.9508624346297685, train_AP=0.9438249332352244, time=0.3580052852630615
INFO - 11/06/25 17:58:44 - 0:08:53 - Epoch 26: val_AUC=0.915887612571518, val_AP=0.9054746417450085
INFO - 11/06/25 17:58:45 - 0:08:53 - Epoch 27: train_loss=1.2755780220031738, train_AUC=0.9515600774772202, train_AP=0.9435779774860819, time=0.37863731384277344
INFO - 11/06/25 17:58:45 - 0:08:53 - Epoch 27: val_AUC=0.9168760752127617, val_AP=0.9062941118553535
INFO - 11/06/25 17:58:45 - 0:08:53 - Epoch 28: train_loss=1.2626593112945557, train_AUC=0.952326884689436, train_AP=0.944334598822955, time=0.3806345462799072
INFO - 11/06/25 17:58:45 - 0:08:54 - Epoch 28: val_AUC=0.917820348238606, val_AP=0.9070293855480193
INFO - 11/06/25 17:58:46 - 0:08:54 - Epoch 29: train_loss=1.2353956699371338, train_AUC=0.9539989715578971, train_AP=0.946125870479916, time=0.38648152351379395
INFO - 11/06/25 17:58:46 - 0:08:54 - Epoch 29: val_AUC=0.9187542356866375, val_AP=0.9080348111101231
INFO - 11/06/25 17:58:46 - 0:08:55 - Epoch 30: train_loss=1.2196321487426758, train_AUC=0.9541722778608058, train_AP=0.9455311442000388, time=0.38477444648742676
INFO - 11/06/25 17:58:47 - 0:08:55 - Epoch 30: val_AUC=0.9195643107560375, val_AP=0.9089506379774026
INFO - 11/06/25 17:58:47 - 0:08:55 - Epoch 31: train_loss=1.207107424736023, train_AUC=0.9544823135410587, train_AP=0.9453856343284835, time=0.3825206756591797
INFO - 11/06/25 17:58:47 - 0:08:55 - Epoch 31: val_AUC=0.920577006412178, val_AP=0.9099929089605999
INFO - 11/06/25 17:58:47 - 0:08:56 - Epoch 32: train_loss=1.1912630796432495, train_AUC=0.9558382936722076, train_AP=0.9468498563076959, time=0.38222312927246094
INFO - 11/06/25 17:58:48 - 0:08:56 - Epoch 32: val_AUC=0.9217672750850395, val_AP=0.9112509218254249
INFO - 11/06/25 17:58:48 - 0:08:56 - Epoch 33: train_loss=1.176682710647583, train_AUC=0.9562184532228631, train_AP=0.946618365444162, time=0.3923780918121338
INFO - 11/06/25 17:58:48 - 0:08:56 - Epoch 33: val_AUC=0.9229950132935396, val_AP=0.9125553513883817
INFO - 11/06/25 17:58:49 - 0:08:57 - Epoch 34: train_loss=1.160232424736023, train_AUC=0.9588976740537873, train_AP=0.9502237067938595, time=0.38922929763793945
INFO - 11/06/25 17:58:49 - 0:08:57 - Epoch 34: val_AUC=0.9241956675442141, val_AP=0.9138397798568838
INFO - 11/06/25 17:58:49 - 0:08:57 - Epoch 35: train_loss=1.1535675525665283, train_AUC=0.9587884920692309, train_AP=0.9498714354848814, time=0.39540982246398926
INFO - 11/06/25 17:58:49 - 0:08:57 - Epoch 35: val_AUC=0.9253397102138696, val_AP=0.9151064937290598
INFO - 11/06/25 17:58:50 - 0:08:58 - Epoch 36: train_loss=1.1409194469451904, train_AUC=0.9601747182908352, train_AP=0.9508046587328277, time=0.3896002769470215
INFO - 11/06/25 17:58:50 - 0:08:58 - Epoch 36: val_AUC=0.9264754036935188, val_AP=0.9163974301575964
INFO - 11/06/25 17:58:50 - 0:08:58 - Epoch 37: train_loss=1.1343200206756592, train_AUC=0.9606921679871813, train_AP=0.951395046109877, time=0.38601160049438477
INFO - 11/06/25 17:58:50 - 0:08:58 - Epoch 37: val_AUC=0.9277243203352057, val_AP=0.9178222858819377
INFO - 11/06/25 17:58:51 - 0:08:59 - Epoch 38: train_loss=1.1242430210113525, train_AUC=0.9621511533734004, train_AP=0.9533645361620511, time=0.39774179458618164
INFO - 11/06/25 17:58:51 - 0:08:59 - Epoch 38: val_AUC=0.92899136082837, val_AP=0.9193079970489737
INFO - 11/06/25 17:58:51 - 0:08:59 - Epoch 39: train_loss=1.113369345664978, train_AUC=0.9632262995189307, train_AP=0.9540402683403947, time=0.3597733974456787
INFO - 11/06/25 17:58:51 - 0:08:59 - Epoch 39: val_AUC=0.9304319015626425, val_AP=0.9209519061284209
INFO - 11/06/25 17:58:52 - 0:09:00 - Epoch 40: train_loss=1.1033965349197388, train_AUC=0.9644372988412633, train_AP=0.9558531541070712, time=0.3523540496826172
INFO - 11/06/25 17:58:52 - 0:09:00 - Epoch 40: val_AUC=0.9318785514603344, val_AP=0.922626360886651
INFO - 11/06/25 17:58:52 - 0:09:00 - Epoch 41: train_loss=1.090778112411499, train_AUC=0.9656858803861843, train_AP=0.9567326457020565, time=0.3544285297393799
INFO - 11/06/25 17:58:52 - 0:09:00 - Epoch 41: val_AUC=0.93319039248524, val_AP=0.9241113061629014
INFO - 11/06/25 17:58:53 - 0:09:01 - Epoch 42: train_loss=1.0813417434692383, train_AUC=0.9670813663303367, train_AP=0.9583207626115272, time=0.37767982482910156
INFO - 11/06/25 17:58:53 - 0:09:01 - Epoch 42: val_AUC=0.9345327793272427, val_AP=0.9255605623612052
INFO - 11/06/25 17:58:53 - 0:09:01 - Epoch 43: train_loss=1.0730949640274048, train_AUC=0.9683005700599119, train_AP=0.9595973529523774, time=0.3736088275909424
INFO - 11/06/25 17:58:53 - 0:09:01 - Epoch 43: val_AUC=0.9358639660363095, val_AP=0.9270171369951221
INFO - 11/06/25 17:58:54 - 0:09:02 - Epoch 44: train_loss=1.0623961687088013, train_AUC=0.9698846185875195, train_AP=0.9618928912817513, time=0.3621203899383545
INFO - 11/06/25 17:58:54 - 0:09:02 - Epoch 44: val_AUC=0.9372882156681307, val_AP=0.9285423226267716
INFO - 11/06/25 17:58:54 - 0:09:02 - Epoch 45: train_loss=1.0544438362121582, train_AUC=0.9707553838678568, train_AP=0.9627065674185697, time=0.35956597328186035
INFO - 11/06/25 17:58:54 - 0:09:02 - Epoch 45: val_AUC=0.938558107104224, val_AP=0.9298504951353164
INFO - 11/06/25 17:58:55 - 0:09:03 - Epoch 46: train_loss=1.043878197669983, train_AUC=0.9719596298414921, train_AP=0.9640100008627739, time=0.36304140090942383
INFO - 11/06/25 17:58:55 - 0:09:03 - Epoch 46: val_AUC=0.9398257585137302, val_AP=0.9311554429522125
INFO - 11/06/25 17:58:55 - 0:09:03 - Epoch 47: train_loss=1.0332512855529785, train_AUC=0.9729249900845448, train_AP=0.9653590612099516, time=0.3769352436065674
INFO - 11/06/25 17:58:55 - 0:09:03 - Epoch 47: val_AUC=0.9410327255666046, val_AP=0.93232536653177
INFO - 11/06/25 17:58:56 - 0:09:04 - Epoch 48: train_loss=1.0266292095184326, train_AUC=0.9732507737743714, train_AP=0.9658631834703384, time=0.3677501678466797
INFO - 11/06/25 17:58:56 - 0:09:04 - Epoch 48: val_AUC=0.942215052327021, val_AP=0.9334577297787771
INFO - 11/06/25 17:58:56 - 0:09:04 - Epoch 49: train_loss=1.0168064832687378, train_AUC=0.9744502958382726, train_AP=0.9670329507757249, time=0.3686347007751465
INFO - 11/06/25 17:58:56 - 0:09:04 - Epoch 49: val_AUC=0.9432908760051609, val_AP=0.9344714540752482
INFO - 11/06/25 17:58:57 - 0:09:05 - Epoch 50: train_loss=1.007827877998352, train_AUC=0.975018906840214, train_AP=0.9673138820342505, time=0.3698911666870117
INFO - 11/06/25 17:58:57 - 0:09:05 - Epoch 50: val_AUC=0.9443304519803464, val_AP=0.9355033911846428
INFO - 11/06/25 17:58:57 - 0:09:05 - Epoch 51: train_loss=0.9990145564079285, train_AUC=0.9759744120727125, train_AP=0.9685908761768717, time=0.37627291679382324
INFO - 11/06/25 17:58:57 - 0:09:05 - Epoch 51: val_AUC=0.9453134163745129, val_AP=0.9364558387744276
INFO - 11/06/25 17:58:58 - 0:09:06 - Epoch 52: train_loss=0.9927753210067749, train_AUC=0.9763244614981018, train_AP=0.968569617227359, time=0.36876630783081055
INFO - 11/06/25 17:58:58 - 0:09:06 - Epoch 52: val_AUC=0.9462152307145929, val_AP=0.9373144275903137
INFO - 11/06/25 17:58:58 - 0:09:06 - Epoch 53: train_loss=0.9867117404937744, train_AUC=0.9767436444671309, train_AP=0.9688031094189042, time=0.3655979633331299
INFO - 11/06/25 17:58:58 - 0:09:06 - Epoch 53: val_AUC=0.9470816119068409, val_AP=0.9382262457140739
INFO - 11/06/25 17:58:59 - 0:09:07 - Epoch 54: train_loss=0.9825076460838318, train_AUC=0.9771753207349781, train_AP=0.9695148788579967, time=0.37442636489868164
INFO - 11/06/25 17:58:59 - 0:09:07 - Epoch 54: val_AUC=0.9479138836033312, val_AP=0.939066756653381
INFO - 11/06/25 17:58:59 - 0:09:07 - Epoch 55: train_loss=0.9771842360496521, train_AUC=0.9773827553571947, train_AP=0.9695830669926286, time=0.37549519538879395
INFO - 11/06/25 17:58:59 - 0:09:07 - Epoch 55: val_AUC=0.9486663288978092, val_AP=0.9398738135386354
INFO - 11/06/25 17:59:00 - 0:09:08 - Epoch 56: train_loss=0.9685186147689819, train_AUC=0.9786007221910102, train_AP=0.9713547153845914, time=0.3739891052246094
INFO - 11/06/25 17:59:00 - 0:09:08 - Epoch 56: val_AUC=0.9493688826910294, val_AP=0.9406603805672612
INFO - 11/06/25 17:59:00 - 0:09:08 - Epoch 57: train_loss=0.9613180756568909, train_AUC=0.9794771511612002, train_AP=0.9726779235701173, time=0.3661017417907715
INFO - 11/06/25 17:59:00 - 0:09:08 - Epoch 57: val_AUC=0.950025006842263, val_AP=0.9413635823318209
INFO - 11/06/25 17:59:01 - 0:09:09 - Epoch 58: train_loss=0.9569101333618164, train_AUC=0.9800422672237349, train_AP=0.9731315109333256, time=0.37401437759399414
INFO - 11/06/25 17:59:01 - 0:09:09 - Epoch 58: val_AUC=0.9506656544461677, val_AP=0.9420987643287533
INFO - 11/06/25 17:59:01 - 0:09:09 - Epoch 59: train_loss=0.9512721300125122, train_AUC=0.9802982680128571, train_AP=0.973350484659008, time=0.37813830375671387
INFO - 11/06/25 17:59:01 - 0:09:09 - Epoch 59: val_AUC=0.9512659815715049, val_AP=0.9427579746286076
INFO - 11/06/25 17:59:02 - 0:09:10 - Epoch 60: train_loss=0.9483140110969543, train_AUC=0.980444794457041, train_AP=0.9734098538042618, time=0.3725926876068115
INFO - 11/06/25 17:59:02 - 0:09:10 - Epoch 60: val_AUC=0.9518601995334228, val_AP=0.943446621456679
INFO - 11/06/25 17:59:02 - 0:09:10 - Epoch 61: train_loss=0.9410486817359924, train_AUC=0.9814352809614548, train_AP=0.9748623524670037, time=0.3680074214935303
INFO - 11/06/25 17:59:02 - 0:09:10 - Epoch 61: val_AUC=0.9523530053825803, val_AP=0.9440154183522987
INFO - 11/06/25 17:59:03 - 0:09:11 - Epoch 62: train_loss=0.9373419880867004, train_AUC=0.9814072349709321, train_AP=0.9743875054340446, time=0.3789176940917969
INFO - 11/06/25 17:59:03 - 0:09:11 - Epoch 62: val_AUC=0.9528885753756728, val_AP=0.9446188328657024
INFO - 11/06/25 17:59:03 - 0:09:11 - Epoch 63: train_loss=0.9344680309295654, train_AUC=0.9818628308971433, train_AP=0.97536577568262, time=0.3622245788574219
INFO - 11/06/25 17:59:03 - 0:09:11 - Epoch 63: val_AUC=0.9533661083162819, val_AP=0.9451528998544747
INFO - 11/06/25 17:59:04 - 0:09:12 - Epoch 64: train_loss=0.9270371794700623, train_AUC=0.9831361649752747, train_AP=0.9771945550770988, time=0.36533308029174805
INFO - 11/06/25 17:59:04 - 0:09:12 - Epoch 64: val_AUC=0.9538456776446975, val_AP=0.9456572103583423
INFO - 11/06/25 17:59:04 - 0:09:12 - Epoch 65: train_loss=0.9252042174339294, train_AUC=0.9829446030560961, train_AP=0.9764310245167522, time=0.3694298267364502
INFO - 11/06/25 17:59:04 - 0:09:12 - Epoch 65: val_AUC=0.9542857410496683, val_AP=0.9461558083438524
INFO - 11/06/25 17:59:05 - 0:09:13 - Epoch 66: train_loss=0.9209065437316895, train_AUC=0.9832727693069132, train_AP=0.9772831018900059, time=0.3686408996582031
INFO - 11/06/25 17:59:05 - 0:09:13 - Epoch 66: val_AUC=0.9546899640292458, val_AP=0.946604932397591
INFO - 11/06/25 17:59:05 - 0:09:13 - Epoch 67: train_loss=0.9156899452209473, train_AUC=0.9843932344817844, train_AP=0.9789287955023401, time=0.3595139980316162
INFO - 11/06/25 17:59:05 - 0:09:13 - Epoch 67: val_AUC=0.955067510328559, val_AP=0.9470455115200035
INFO - 11/06/25 17:59:06 - 0:09:14 - Epoch 68: train_loss=0.9142922759056091, train_AUC=0.9839942870780678, train_AP=0.978128501546062, time=0.37010765075683594
INFO - 11/06/25 17:59:06 - 0:09:14 - Epoch 68: val_AUC=0.9553978124307627, val_AP=0.9474322695855385
INFO - 11/06/25 17:59:06 - 0:09:14 - Epoch 69: train_loss=0.9104336500167847, train_AUC=0.9847222443508112, train_AP=0.9793899334598705, time=0.3623065948486328
INFO - 11/06/25 17:59:06 - 0:09:14 - Epoch 69: val_AUC=0.9557403328598053, val_AP=0.9478126781118335
INFO - 11/06/25 17:59:07 - 0:09:15 - Epoch 70: train_loss=0.9089090824127197, train_AUC=0.9844765732175618, train_AP=0.9785518044773882, time=0.3695986270904541
INFO - 11/06/25 17:59:07 - 0:09:15 - Epoch 70: val_AUC=0.9560378491183256, val_AP=0.9481511807543312
INFO - 11/06/25 17:59:07 - 0:09:15 - Epoch 71: train_loss=0.9067186117172241, train_AUC=0.9846124064927236, train_AP=0.9790536584320113, time=0.3758382797241211
INFO - 11/06/25 17:59:07 - 0:09:15 - Epoch 71: val_AUC=0.9563170378865878, val_AP=0.9484541305061472
INFO - 11/06/25 17:59:08 - 0:09:16 - Epoch 72: train_loss=0.90248703956604, train_AUC=0.9848743082062975, train_AP=0.9790506783896645, time=0.3688077926635742
INFO - 11/06/25 17:59:08 - 0:09:16 - Epoch 72: val_AUC=0.956593986628263, val_AP=0.9487863289483601
INFO - 11/06/25 17:59:08 - 0:09:16 - Epoch 73: train_loss=0.8990405797958374, train_AUC=0.9856018218309677, train_AP=0.9802452324441381, time=0.3748047351837158
INFO - 11/06/25 17:59:08 - 0:09:16 - Epoch 73: val_AUC=0.956891401067393, val_AP=0.9491371598429613
INFO - 11/06/25 17:59:09 - 0:09:17 - Epoch 74: train_loss=0.8957396149635315, train_AUC=0.9856250688843329, train_AP=0.9798603107084949, time=0.3642899990081787
INFO - 11/06/25 17:59:09 - 0:09:17 - Epoch 74: val_AUC=0.957173949875536, val_AP=0.9494854846577289
INFO - 11/06/25 17:59:09 - 0:09:17 - Epoch 75: train_loss=0.8915759325027466, train_AUC=0.9864314763102539, train_AP=0.9813364837465163, time=0.3801562786102295
INFO - 11/06/25 17:59:09 - 0:09:17 - Epoch 75: val_AUC=0.9574421421496436, val_AP=0.9498132922113647
INFO - 11/06/25 17:59:10 - 0:09:18 - Epoch 76: train_loss=0.8876720666885376, train_AUC=0.9869348182092157, train_AP=0.9821715013995723, time=0.37312793731689453
INFO - 11/06/25 17:59:10 - 0:09:18 - Epoch 76: val_AUC=0.9577237745832737, val_AP=0.950158119575768
INFO - 11/06/25 17:59:10 - 0:09:18 - Epoch 77: train_loss=0.8874605894088745, train_AUC=0.9865044957812805, train_AP=0.9812299871118384, time=0.3635523319244385
INFO - 11/06/25 17:59:10 - 0:09:18 - Epoch 77: val_AUC=0.9580223090356972, val_AP=0.9505293043182006
INFO - 11/06/25 17:59:11 - 0:09:19 - Epoch 78: train_loss=0.8829673528671265, train_AUC=0.9869534066936309, train_AP=0.9820578268899536, time=0.3661794662475586
INFO - 11/06/25 17:59:11 - 0:09:19 - Epoch 78: val_AUC=0.9583031269142045, val_AP=0.95087462484919
INFO - 11/06/25 17:59:11 - 0:09:19 - Epoch 79: train_loss=0.8837745785713196, train_AUC=0.9864602808526826, train_AP=0.9811466123367529, time=0.3692774772644043
INFO - 11/06/25 17:59:11 - 0:09:19 - Epoch 79: val_AUC=0.9586096032790731, val_AP=0.951257394658933
INFO - 11/06/25 17:59:12 - 0:09:20 - Epoch 80: train_loss=0.8788185119628906, train_AUC=0.9874063590479567, train_AP=0.9827512462807456, time=0.37217187881469727
INFO - 11/06/25 17:59:12 - 0:09:20 - Epoch 80: val_AUC=0.9589024358456385, val_AP=0.9516217981642684
INFO - 11/06/25 17:59:12 - 0:09:20 - Epoch 81: train_loss=0.875656008720398, train_AUC=0.9880405609254181, train_AP=0.9837178483972128, time=0.36417126655578613
INFO - 11/06/25 17:59:12 - 0:09:20 - Epoch 81: val_AUC=0.9591702208421848, val_AP=0.9519669132284653
INFO - 11/06/25 17:59:13 - 0:09:21 - Epoch 82: train_loss=0.8754876852035522, train_AUC=0.9874157314877603, train_AP=0.9825854795481961, time=0.3734018802642822
INFO - 11/06/25 17:59:13 - 0:09:21 - Epoch 82: val_AUC=0.9594026745102895, val_AP=0.9522741385844762
INFO - 11/06/25 17:59:13 - 0:09:21 - Epoch 83: train_loss=0.8711292147636414, train_AUC=0.9882222495174885, train_AP=0.9839822570023384, time=0.368715763092041
INFO - 11/06/25 17:59:13 - 0:09:21 - Epoch 83: val_AUC=0.9596408300642522, val_AP=0.9525744836077534
INFO - 11/06/25 17:59:14 - 0:09:22 - Epoch 84: train_loss=0.8682317733764648, train_AUC=0.9881652605536575, train_AP=0.9836355814430064, time=0.36438798904418945
INFO - 11/06/25 17:59:14 - 0:09:22 - Epoch 84: val_AUC=0.9598845856846825, val_AP=0.952884208407692
INFO - 11/06/25 17:59:14 - 0:09:22 - Epoch 85: train_loss=0.8650873303413391, train_AUC=0.9885732045555783, train_AP=0.9842528878827187, time=0.3646667003631592
INFO - 11/06/25 17:59:14 - 0:09:22 - Epoch 85: val_AUC=0.960085373522397, val_AP=0.9531406527380151
INFO - 11/06/25 17:59:15 - 0:09:23 - Epoch 86: train_loss=0.8638527393341064, train_AUC=0.9883789958943416, train_AP=0.9837379818957274, time=0.3597376346588135
INFO - 11/06/25 17:59:15 - 0:09:23 - Epoch 86: val_AUC=0.9603417547472273, val_AP=0.9534835311172309
INFO - 11/06/25 17:59:15 - 0:09:23 - Epoch 87: train_loss=0.860284686088562, train_AUC=0.9889080720233618, train_AP=0.9848440297575664, time=0.3731374740600586
INFO - 11/06/25 17:59:15 - 0:09:23 - Epoch 87: val_AUC=0.9605458008054321, val_AP=0.9537628686730371
INFO - 11/06/25 17:59:16 - 0:09:24 - Epoch 88: train_loss=0.8577982187271118, train_AUC=0.9888721234964969, train_AP=0.9844378911099709, time=0.362687349319458
INFO - 11/06/25 17:59:16 - 0:09:24 - Epoch 88: val_AUC=0.9607433304226562, val_AP=0.9540038327624175
INFO - 11/06/25 17:59:16 - 0:09:24 - Epoch 89: train_loss=0.8543407917022705, train_AUC=0.9896478934917406, train_AP=0.9859720413735873, time=0.3683316707611084
INFO - 11/06/25 17:59:16 - 0:09:24 - Epoch 89: val_AUC=0.9609958425106544, val_AP=0.9543251438486025
INFO - 11/06/25 17:59:17 - 0:09:25 - Epoch 90: train_loss=0.852149248123169, train_AUC=0.9896429517206858, train_AP=0.9859093726179649, time=0.3656749725341797
INFO - 11/06/25 17:59:17 - 0:09:25 - Epoch 90: val_AUC=0.961251409180362, val_AP=0.9546293500277346
INFO - 11/06/25 17:59:17 - 0:09:25 - Epoch 91: train_loss=0.8518564701080322, train_AUC=0.9894172877241858, train_AP=0.9855916229247885, time=0.36040830612182617
INFO - 11/06/25 17:59:17 - 0:09:25 - Epoch 91: val_AUC=0.9614731718124829, val_AP=0.9549165868772954
INFO - 11/06/25 17:59:18 - 0:09:26 - Epoch 92: train_loss=0.8467234969139099, train_AUC=0.9901976365056969, train_AP=0.9865727746285188, time=0.3584628105163574
INFO - 11/06/25 17:59:18 - 0:09:26 - Epoch 92: val_AUC=0.9616827161177651, val_AP=0.9551758058501055
INFO - 11/06/25 17:59:18 - 0:09:26 - Epoch 93: train_loss=0.8442391157150269, train_AUC=0.9902047981022044, train_AP=0.9868131671794587, time=0.3720264434814453
INFO - 11/06/25 17:59:18 - 0:09:26 - Epoch 93: val_AUC=0.9618710819898604, val_AP=0.9554404923088647
INFO - 11/06/25 17:59:19 - 0:09:27 - Epoch 94: train_loss=0.843151330947876, train_AUC=0.9903588005183664, train_AP=0.987082840062903, time=0.3526298999786377
INFO - 11/06/25 17:59:19 - 0:09:27 - Epoch 94: val_AUC=0.9620429531207236, val_AP=0.9556753648789285
INFO - 11/06/25 17:59:19 - 0:09:27 - Epoch 95: train_loss=0.838267982006073, train_AUC=0.9909705404885962, train_AP=0.987991193736422, time=0.35935425758361816
INFO - 11/06/25 17:59:19 - 0:09:27 - Epoch 95: val_AUC=0.9621702273586258, val_AP=0.9558380418532283
INFO - 11/06/25 17:59:19 - 0:09:28 - Epoch 96: train_loss=0.8363089561462402, train_AUC=0.9909079244680205, train_AP=0.9876848650686287, time=0.308734655380249
INFO - 11/06/25 17:59:20 - 0:09:28 - Epoch 96: val_AUC=0.9622917997106699, val_AP=0.9560413644318009
INFO - 11/06/25 17:59:20 - 0:09:28 - Epoch 97: train_loss=0.8346604108810425, train_AUC=0.9909948435617498, train_AP=0.9877922726755387, time=0.31665539741516113
INFO - 11/06/25 17:59:20 - 0:09:28 - Epoch 97: val_AUC=0.9623704042799984, val_AP=0.9562126390352007
INFO - 11/06/25 17:59:20 - 0:09:28 - Epoch 98: train_loss=0.8310316801071167, train_AUC=0.9914330058270537, train_AP=0.9886002323920763, time=0.33098769187927246
INFO - 11/06/25 17:59:20 - 0:09:29 - Epoch 98: val_AUC=0.9624716127539782, val_AP=0.9564024911006651
INFO - 11/06/25 17:59:21 - 0:09:29 - Epoch 99: train_loss=0.8272843360900879, train_AUC=0.9916960331280975, train_AP=0.9887698872448706, time=0.31500768661499023
INFO - 11/06/25 17:59:21 - 0:09:29 - Epoch 99: val_AUC=0.9625359626086616, val_AP=0.9565178963423964
INFO - 11/06/25 17:59:21 - 0:09:29 - Epoch 100: train_loss=0.8244855999946594, train_AUC=0.99190338268401, train_AP=0.9893196691713447, time=0.30335450172424316
INFO - 11/06/25 17:59:21 - 0:09:29 - Epoch 100: val_AUC=0.962581984973087, val_AP=0.9566306078488273
INFO - 11/06/25 17:59:22 - 0:09:30 - Epoch 101: train_loss=0.8226631879806519, train_AUC=0.9916933768755206, train_AP=0.9887368900779266, time=0.33957719802856445
INFO - 11/06/25 17:59:22 - 0:09:30 - Epoch 101: val_AUC=0.9626163999270159, val_AP=0.9567474609747649
INFO - 11/06/25 17:59:22 - 0:09:30 - Epoch 102: train_loss=0.8178991079330444, train_AUC=0.9923449673269873, train_AP=0.9896916402645133, time=0.3556220531463623
INFO - 11/06/25 17:59:22 - 0:09:30 - Epoch 102: val_AUC=0.9626524439911898, val_AP=0.9568793015959671
INFO - 11/06/25 17:59:23 - 0:09:31 - Epoch 103: train_loss=0.8163783550262451, train_AUC=0.9921916241306499, train_AP=0.9896095235398803, time=0.35280799865722656
INFO - 11/06/25 17:59:23 - 0:09:31 - Epoch 103: val_AUC=0.9626414474970351, val_AP=0.9569561557578484
INFO - 11/06/25 17:59:23 - 0:09:31 - Epoch 104: train_loss=0.8136551976203918, train_AUC=0.9923669271140694, train_AP=0.9897789305635786, time=0.35779809951782227
INFO - 11/06/25 17:59:23 - 0:09:31 - Epoch 104: val_AUC=0.9626349310560546, val_AP=0.9570296379746087
INFO - 11/06/25 17:59:24 - 0:09:32 - Epoch 105: train_loss=0.8100508451461792, train_AUC=0.9924854894638616, train_AP=0.9898341435303858, time=0.35074329376220703
INFO - 11/06/25 17:59:24 - 0:09:32 - Epoch 105: val_AUC=0.962681564336822, val_AP=0.9571597112524158
INFO - 11/06/25 17:59:24 - 0:09:32 - Epoch 106: train_loss=0.8069031834602356, train_AUC=0.9927402632199842, train_AP=0.9901959723909485, time=0.351177453994751
INFO - 11/06/25 17:59:24 - 0:09:32 - Epoch 106: val_AUC=0.9627903074456854, val_AP=0.9573656121611221
INFO - 11/06/25 17:59:24 - 0:09:33 - Epoch 107: train_loss=0.8057582378387451, train_AUC=0.9928064051772119, train_AP=0.9903792318919225, time=0.3572726249694824
INFO - 11/06/25 17:59:25 - 0:09:33 - Epoch 107: val_AUC=0.9629910952834001, val_AP=0.9576541334135311
INFO - 11/06/25 17:59:25 - 0:09:33 - Epoch 108: train_loss=0.8028790950775146, train_AUC=0.9929878966902054, train_AP=0.9903345018785987, time=0.3674929141998291
INFO - 11/06/25 17:59:25 - 0:09:33 - Epoch 108: val_AUC=0.963276189576301, val_AP=0.9580015212046744
INFO - 11/06/25 17:59:25 - 0:09:34 - Epoch 109: train_loss=0.8029695749282837, train_AUC=0.9928302499842732, train_AP=0.9904773064918396, time=0.36001110076904297
INFO - 11/06/25 17:59:26 - 0:09:34 - Epoch 109: val_AUC=0.9635678003101824, val_AP=0.9583672470830362
INFO - 11/06/25 17:59:26 - 0:09:34 - Epoch 110: train_loss=0.8006017804145813, train_AUC=0.9930979147197815, train_AP=0.9907014269389791, time=0.36205077171325684
INFO - 11/06/25 17:59:26 - 0:09:34 - Epoch 110: val_AUC=0.9638795712833479, val_AP=0.9587748303644749
INFO - 11/06/25 17:59:26 - 0:09:35 - Epoch 111: train_loss=0.7972172498703003, train_AUC=0.9935324062772083, train_AP=0.9914353132814163, time=0.34902000427246094
INFO - 11/06/25 17:59:27 - 0:09:35 - Epoch 111: val_AUC=0.9641526508881908, val_AP=0.9591621939398948
INFO - 11/06/25 17:59:27 - 0:09:35 - Epoch 112: train_loss=0.7962424755096436, train_AUC=0.993603121737082, train_AP=0.9912928214082916, time=0.36619019508361816
INFO - 11/06/25 17:59:27 - 0:09:35 - Epoch 112: val_AUC=0.9644460943710984, val_AP=0.9595456233964594
INFO - 11/06/25 17:59:27 - 0:09:36 - Epoch 113: train_loss=0.7941936254501343, train_AUC=0.9939094710347143, train_AP=0.9917239366143428, time=0.3569810390472412
INFO - 11/06/25 17:59:28 - 0:09:36 - Epoch 113: val_AUC=0.9646434203495419, val_AP=0.9597774467666178
INFO - 11/06/25 17:59:28 - 0:09:36 - Epoch 114: train_loss=0.7918373346328735, train_AUC=0.9939686562238225, train_AP=0.9919503242574466, time=0.3178529739379883
INFO - 11/06/25 17:59:28 - 0:09:36 - Epoch 114: val_AUC=0.9648205860887018, val_AP=0.9600067243173577
INFO - 11/06/25 17:59:28 - 0:09:36 - Epoch 115: train_loss=0.7898707389831543, train_AUC=0.9939896852129422, train_AP=0.9919429710707395, time=0.32194042205810547
INFO - 11/06/25 17:59:28 - 0:09:37 - Epoch 115: val_AUC=0.9649197581748752, val_AP=0.960120988953188
INFO - 11/06/25 17:59:29 - 0:09:37 - Epoch 116: train_loss=0.7897208333015442, train_AUC=0.9937969265535264, train_AP=0.9916938234307855, time=0.3216564655303955
INFO - 11/06/25 17:59:29 - 0:09:37 - Epoch 116: val_AUC=0.9649382893039138, val_AP=0.9601594554738627
INFO - 11/06/25 17:59:29 - 0:09:37 - Epoch 117: train_loss=0.7868097424507141, train_AUC=0.9941362880935152, train_AP=0.9921530131649514, time=0.3179664611816406
INFO - 11/06/25 17:59:29 - 0:09:37 - Epoch 117: val_AUC=0.9649232200341461, val_AP=0.9601766512860254
INFO - 11/06/25 17:59:30 - 0:09:38 - Epoch 118: train_loss=0.7847414016723633, train_AUC=0.9944678233574298, train_AP=0.9927194319237627, time=0.3202996253967285
INFO - 11/06/25 17:59:30 - 0:09:38 - Epoch 118: val_AUC=0.9648812704453336, val_AP=0.9601448860750068
INFO - 11/06/25 17:59:30 - 0:09:38 - Epoch 119: train_loss=0.7833584547042847, train_AUC=0.9943622167994451, train_AP=0.9924819857175977, time=0.32073211669921875
INFO - 11/06/25 17:59:30 - 0:09:38 - Epoch 119: val_AUC=0.964958245904417, val_AP=0.9602279158297882
INFO - 11/06/25 17:59:30 - 0:09:39 - Epoch 120: train_loss=0.7819055318832397, train_AUC=0.9943932062954255, train_AP=0.9926379972811277, time=0.3235137462615967
INFO - 11/06/25 17:59:31 - 0:09:39 - Epoch 120: val_AUC=0.9650547706864419, val_AP=0.9603066246687556
INFO - 11/06/25 17:59:31 - 0:09:39 - Epoch 121: train_loss=0.7786341905593872, train_AUC=0.9948884200474132, train_AP=0.9933119433524827, time=0.3161590099334717
INFO - 11/06/25 17:59:31 - 0:09:39 - Epoch 121: val_AUC=0.9651278770086931, val_AP=0.9603766750056062
INFO - 11/06/25 17:59:31 - 0:09:39 - Epoch 122: train_loss=0.7777983546257019, train_AUC=0.9947492288547586, train_AP=0.9931201137673773, time=0.3193702697753906
INFO - 11/06/25 17:59:31 - 0:09:40 - Epoch 122: val_AUC=0.9651726775404346, val_AP=0.9604772349018743
INFO - 11/06/25 17:59:32 - 0:09:40 - Epoch 123: train_loss=0.774833083152771, train_AUC=0.9950175610877648, train_AP=0.9932460759287322, time=0.3238489627838135
INFO - 11/06/25 17:59:32 - 0:09:40 - Epoch 123: val_AUC=0.9652276600112083, val_AP=0.960606144926587
INFO - 11/06/25 17:59:32 - 0:09:40 - Epoch 124: train_loss=0.7757117748260498, train_AUC=0.9948565066221782, train_AP=0.9932071202217365, time=0.3196587562561035
INFO - 11/06/25 17:59:32 - 0:09:40 - Epoch 124: val_AUC=0.9652757187634402, val_AP=0.9607130212713437
INFO - 11/06/25 17:59:33 - 0:09:41 - Epoch 125: train_loss=0.773682713508606, train_AUC=0.9947561972468449, train_AP=0.9928119493911073, time=0.3652918338775635
INFO - 11/06/25 17:59:33 - 0:09:41 - Epoch 125: val_AUC=0.9652887516454013, val_AP=0.9607297108662481
INFO - 11/06/25 17:59:33 - 0:09:41 - Epoch 126: train_loss=0.7732690572738647, train_AUC=0.9946413679516618, train_AP=0.9928268298659739, time=0.36774730682373047
INFO - 11/06/25 17:59:33 - 0:09:41 - Epoch 126: val_AUC=0.9652698132388016, val_AP=0.9606864019463566
INFO - 11/06/25 17:59:34 - 0:09:42 - Epoch 127: train_loss=0.7713111639022827, train_AUC=0.9949773284245833, train_AP=0.993287558684466, time=0.37157440185546875
INFO - 11/06/25 17:59:34 - 0:09:42 - Epoch 127: val_AUC=0.9651764448578765, val_AP=0.9606496567593387
INFO - 11/06/25 17:59:34 - 0:09:42 - Epoch 128: train_loss=0.769797146320343, train_AUC=0.9948750325837407, train_AP=0.9928692088731177, time=0.37148594856262207
INFO - 11/06/25 17:59:34 - 0:09:42 - Epoch 128: val_AUC=0.9650578252681516, val_AP=0.9606002542274114
INFO - 11/06/25 17:59:35 - 0:09:43 - Epoch 129: train_loss=0.7674721479415894, train_AUC=0.9951754237176899, train_AP=0.9936739329691356, time=0.3703022003173828
INFO - 11/06/25 17:59:35 - 0:09:43 - Epoch 129: val_AUC=0.9649834971132166, val_AP=0.9605648189804041
INFO - 11/06/25 17:59:35 - 0:09:43 - Epoch 130: train_loss=0.7662943601608276, train_AUC=0.9951387050149519, train_AP=0.993456209662072, time=0.3753781318664551
INFO - 11/06/25 17:59:35 - 0:09:43 - Epoch 130: val_AUC=0.9650048791851843, val_AP=0.9606196144970278
INFO - 11/06/25 17:59:36 - 0:09:44 - Epoch 131: train_loss=0.7663507461547852, train_AUC=0.9949811181900616, train_AP=0.9930272699011615, time=0.3712153434753418
INFO - 11/06/25 17:59:36 - 0:09:44 - Epoch 131: val_AUC=0.9650854183229287, val_AP=0.9607219198459123
INFO - 11/06/25 17:59:36 - 0:09:44 - Epoch 132: train_loss=0.7625699043273926, train_AUC=0.9954978128569157, train_AP=0.9940279104918552, time=0.37015628814697266
INFO - 11/06/25 17:59:36 - 0:09:44 - Epoch 132: val_AUC=0.9651350043660154, val_AP=0.9608382393708744
INFO - 11/06/25 17:59:37 - 0:09:45 - Epoch 133: train_loss=0.7628536820411682, train_AUC=0.9954767924977108, train_AP=0.9939618663191804, time=0.3682577610015869
INFO - 11/06/25 17:59:37 - 0:09:45 - Epoch 133: val_AUC=0.9651226842197865, val_AP=0.9609029726792819
INFO - 11/06/25 17:59:37 - 0:09:45 - Epoch 134: train_loss=0.761911153793335, train_AUC=0.9953088647452222, train_AP=0.9937531573828425, time=0.3717179298400879
INFO - 11/06/25 17:59:37 - 0:09:45 - Epoch 134: val_AUC=0.9650845019484158, val_AP=0.9609059704676254
INFO - 11/06/25 17:59:38 - 0:09:46 - Epoch 135: train_loss=0.7590783834457397, train_AUC=0.9956168295981446, train_AP=0.9941828185941848, time=0.3559391498565674
INFO - 11/06/25 17:59:38 - 0:09:46 - Epoch 135: val_AUC=0.9650405159717969, val_AP=0.960893185272298
INFO - 11/06/25 17:59:38 - 0:09:46 - Epoch 136: train_loss=0.7576637864112854, train_AUC=0.9957247827884944, train_AP=0.9941241703524714, time=0.3677377700805664
INFO - 11/06/25 17:59:38 - 0:09:46 - Epoch 136: val_AUC=0.9650339995308164, val_AP=0.9608741150955219
INFO - 11/06/25 17:59:39 - 0:09:47 - Epoch 137: train_loss=0.7575125098228455, train_AUC=0.9956657314511272, train_AP=0.9942073541579224, time=0.32364988327026367
INFO - 11/06/25 17:59:39 - 0:09:47 - Epoch 137: val_AUC=0.9650221884815389, val_AP=0.960887607786572
INFO - 11/06/25 17:59:39 - 0:09:47 - Epoch 138: train_loss=0.7564765810966492, train_AUC=0.9956449108128097, train_AP=0.9940852286640541, time=0.3503458499908447
INFO - 11/06/25 17:59:39 - 0:09:47 - Epoch 138: val_AUC=0.9650203557325131, val_AP=0.9609468368133652
INFO - 11/06/25 17:59:39 - 0:09:48 - Epoch 139: train_loss=0.7543295621871948, train_AUC=0.9959487243244322, train_AP=0.9943571574086365, time=0.366227388381958
INFO - 11/06/25 17:59:40 - 0:09:48 - Epoch 139: val_AUC=0.9650036573525003, val_AP=0.9609613805779359
INFO - 11/06/25 17:59:40 - 0:09:48 - Epoch 140: train_loss=0.7523908615112305, train_AUC=0.9958055577350688, train_AP=0.9944397179226881, time=0.36171770095825195
INFO - 11/06/25 17:59:40 - 0:09:48 - Epoch 140: val_AUC=0.9650181157059261, val_AP=0.9610020751455708
INFO - 11/06/25 17:59:40 - 0:09:49 - Epoch 141: train_loss=0.751628041267395, train_AUC=0.995779516350489, train_AP=0.9942260201677138, time=0.36260080337524414
INFO - 11/06/25 17:59:41 - 0:09:49 - Epoch 141: val_AUC=0.9650207630100744, val_AP=0.9610298056325816
INFO - 11/06/25 17:59:41 - 0:09:49 - Epoch 142: train_loss=0.7490557432174683, train_AUC=0.9961492044680984, train_AP=0.9948856046343539, time=0.360668420791626
INFO - 11/06/25 17:59:41 - 0:09:49 - Epoch 142: val_AUC=0.9649423620795267, val_AP=0.9609673927415975
INFO - 11/06/25 17:59:41 - 0:09:50 - Epoch 143: train_loss=0.7484058141708374, train_AUC=0.9959949811965638, train_AP=0.9944884464707024, time=0.36101198196411133
INFO - 11/06/25 17:59:42 - 0:09:50 - Epoch 143: val_AUC=0.9648928778558303, val_AP=0.960923132108284
INFO - 11/06/25 17:59:42 - 0:09:50 - Epoch 144: train_loss=0.746517539024353, train_AUC=0.9961141550374677, train_AP=0.9948471877817914, time=0.36388397216796875
INFO - 11/06/25 17:59:42 - 0:09:50 - Epoch 144: val_AUC=0.964854186487508, val_AP=0.960908285701948
INFO - 11/06/25 17:59:42 - 0:09:51 - Epoch 145: train_loss=0.7461487054824829, train_AUC=0.9964171057337228, train_AP=0.9952839028261635, time=0.36405396461486816
INFO - 11/06/25 17:59:42 - 0:09:51 - Epoch 145: val_AUC=0.9649191472585334, val_AP=0.9609794694126809
INFO - 11/06/25 17:59:43 - 0:09:51 - Epoch 146: train_loss=0.7455449104309082, train_AUC=0.9963630218810343, train_AP=0.9951385080706223, time=0.3630955219268799
INFO - 11/06/25 17:59:43 - 0:09:51 - Epoch 146: val_AUC=0.9651688084036023, val_AP=0.961183164541796
INFO - 11/06/25 17:59:43 - 0:09:51 - Epoch 147: train_loss=0.745080828666687, train_AUC=0.9963049261746499, train_AP=0.9949511359748008, time=0.35318875312805176
INFO - 11/06/25 17:59:43 - 0:09:52 - Epoch 147: val_AUC=0.9652685914061176, val_AP=0.9614886880038903
INFO - 11/06/25 17:59:44 - 0:09:52 - Epoch 148: train_loss=0.746180534362793, train_AUC=0.9960993859068105, train_AP=0.9945207680793003, time=0.3729417324066162
INFO - 11/06/25 17:59:44 - 0:09:52 - Epoch 148: val_AUC=0.9653380322303171, val_AP=0.9615764031619584
INFO - 11/06/25 17:59:44 - 0:09:52 - Epoch 149: train_loss=0.744889497756958, train_AUC=0.9961973364974495, train_AP=0.9946469885990964, time=0.3634984493255615
INFO - 11/06/25 17:59:44 - 0:09:53 - Epoch 149: val_AUC=0.9653394577017815, val_AP=0.9616913370274843
INFO - 11/06/25 17:59:45 - 0:09:53 - Epoch 150: train_loss=0.7441716194152832, train_AUC=0.9962391144437571, train_AP=0.994894408342575, time=0.3580460548400879
INFO - 11/06/25 17:59:45 - 0:09:53 - Epoch 150: val_AUC=0.9653199083788399, val_AP=0.9617464752026534
INFO - 11/06/25 17:59:45 - 0:09:53 - Epoch 151: train_loss=0.7435660362243652, train_AUC=0.9962543337389539, train_AP=0.9948945477750105, time=0.3763692378997803
INFO - 11/06/25 17:59:45 - 0:09:54 - Epoch 151: val_AUC=0.9653188901849367, val_AP=0.9617720247640736
INFO - 11/06/25 17:59:46 - 0:09:54 - Epoch 152: train_loss=0.7436647415161133, train_AUC=0.9961083481614762, train_AP=0.9945299555483351, time=0.37125062942504883
INFO - 11/06/25 17:59:46 - 0:09:54 - Epoch 152: val_AUC=0.9652859007024723, val_AP=0.9617193026532401
INFO - 11/06/25 17:59:46 - 0:09:54 - Epoch 153: train_loss=0.7430360913276672, train_AUC=0.9963311156767486, train_AP=0.995105130552147, time=0.3656461238861084
INFO - 11/06/25 17:59:46 - 0:09:55 - Epoch 153: val_AUC=0.9652714423490466, val_AP=0.9617241264282484
INFO - 11/06/25 17:59:47 - 0:09:55 - Epoch 154: train_loss=0.7428872585296631, train_AUC=0.9963056808519004, train_AP=0.9950335825567306, time=0.37599873542785645
INFO - 11/06/25 17:59:47 - 0:09:55 - Epoch 154: val_AUC=0.9652830497595433, val_AP=0.9617941353549664
INFO - 11/06/25 17:59:47 - 0:09:55 - Epoch 155: train_loss=0.7416465878486633, train_AUC=0.9965556230885337, train_AP=0.9954286666961945, time=0.3669135570526123
INFO - 11/06/25 17:59:47 - 0:09:56 - Epoch 155: val_AUC=0.9652681841285563, val_AP=0.9617909463005445
INFO - 11/06/25 17:59:48 - 0:09:56 - Epoch 156: train_loss=0.7410510778427124, train_AUC=0.9962950769760792, train_AP=0.9948910535004976, time=0.3633542060852051
INFO - 11/06/25 17:59:48 - 0:09:56 - Epoch 156: val_AUC=0.9653555451654523, val_AP=0.9619105558664933
INFO - 11/06/25 17:59:48 - 0:09:56 - Epoch 157: train_loss=0.7381654977798462, train_AUC=0.9965905980201034, train_AP=0.9954353630607471, time=0.36730456352233887
INFO - 11/06/25 17:59:48 - 0:09:56 - Epoch 157: val_AUC=0.9653313121505559, val_AP=0.9618558294871125
INFO - 11/06/25 17:59:49 - 0:09:57 - Epoch 158: train_loss=0.7359665632247925, train_AUC=0.9964811458663748, train_AP=0.99519863733768, time=0.36521410942077637
INFO - 11/06/25 17:59:49 - 0:09:57 - Epoch 158: val_AUC=0.9651599501166443, val_AP=0.9617305026844466
INFO - 11/06/25 17:59:49 - 0:09:57 - Epoch 159: train_loss=0.736104428768158, train_AUC=0.9965093817150248, train_AP=0.9952745849957781, time=0.36025190353393555
INFO - 11/06/25 17:59:49 - 0:09:57 - Epoch 159: val_AUC=0.9651223787616154, val_AP=0.9616973475589958
INFO - 11/06/25 17:59:50 - 0:09:58 - Epoch 160: train_loss=0.7333425283432007, train_AUC=0.9966961716435149, train_AP=0.9951579631314401, time=0.3538475036621094
INFO - 11/06/25 17:59:50 - 0:09:58 - Epoch 160: val_AUC=0.9651728811792153, val_AP=0.9617339689415744
INFO - 11/06/25 17:59:50 - 0:09:58 - Epoch 161: train_loss=0.7329983711242676, train_AUC=0.9965956243290999, train_AP=0.9952520436649931, time=0.35645031929016113
INFO - 11/06/25 17:59:50 - 0:09:58 - Epoch 161: val_AUC=0.9650633235152289, val_AP=0.961649806744226
INFO - 11/06/25 17:59:51 - 0:09:59 - Epoch 162: train_loss=0.7308974266052246, train_AUC=0.9969537876356858, train_AP=0.9958936516570553, time=0.35710668563842773
INFO - 11/06/25 17:59:51 - 0:09:59 - Epoch 162: val_AUC=0.9649407329692814, val_AP=0.9615748136584286
INFO - 11/06/25 17:59:51 - 0:09:59 - Epoch 163: train_loss=0.7299330234527588, train_AUC=0.9969595215977026, train_AP=0.9959843483267807, time=0.38411879539489746
INFO - 11/06/25 17:59:51 - 0:09:59 - Epoch 163: val_AUC=0.9649198599942657, val_AP=0.9615518457003401
INFO - 11/06/25 17:59:52 - 0:10:00 - Epoch 164: train_loss=0.7278245091438293, train_AUC=0.9970482908395103, train_AP=0.9960592919622391, time=0.37380480766296387
INFO - 11/06/25 17:59:52 - 0:10:00 - Epoch 164: val_AUC=0.9648244552255341, val_AP=0.9613971934866029
INFO - 11/06/25 17:59:52 - 0:10:00 - Epoch 165: train_loss=0.7265706062316895, train_AUC=0.9971891215398719, train_AP=0.9962349463298701, time=0.36478543281555176
INFO - 11/06/25 17:59:52 - 0:10:00 - Epoch 165: val_AUC=0.9646523804558901, val_AP=0.961310404819723
INFO - 11/06/25 17:59:53 - 0:10:01 - Epoch 166: train_loss=0.7264072895050049, train_AUC=0.9970361226595262, train_AP=0.9957028285848919, time=0.3684689998626709
INFO - 11/06/25 17:59:53 - 0:10:01 - Epoch 166: val_AUC=0.9643990538127695, val_AP=0.9611512949125148
INFO - 11/06/25 17:59:53 - 0:10:01 - Epoch 167: train_loss=0.7255061864852905, train_AUC=0.9970435524878778, train_AP=0.9960325985345749, time=0.36712646484375
INFO - 11/06/25 17:59:53 - 0:10:01 - Epoch 167: val_AUC=0.9641249560140234, val_AP=0.9608689100901433
INFO - 11/06/25 17:59:54 - 0:10:02 - Epoch 168: train_loss=0.725074052810669, train_AUC=0.9968531564878119, train_AP=0.9956472251030377, time=0.36794161796569824
INFO - 11/06/25 17:59:54 - 0:10:02 - Epoch 168: val_AUC=0.9639225390660635, val_AP=0.9607378311215702
INFO - 11/06/25 17:59:54 - 0:10:02 - Epoch 169: train_loss=0.7236565351486206, train_AUC=0.997255879391229, train_AP=0.996327922622626, time=0.3752295970916748
INFO - 11/06/25 17:59:54 - 0:10:02 - Epoch 169: val_AUC=0.9637765300603421, val_AP=0.9606414407290358
INFO - 11/06/25 17:59:55 - 0:10:03 - Epoch 170: train_loss=0.7227684259414673, train_AUC=0.9970552597599589, train_AP=0.995871848291, time=0.37407708168029785
INFO - 11/06/25 17:59:55 - 0:10:03 - Epoch 170: val_AUC=0.9637284713081105, val_AP=0.9607821305287569
INFO - 11/06/25 17:59:55 - 0:10:03 - Epoch 171: train_loss=0.7214427590370178, train_AUC=0.9972897514549008, train_AP=0.9964671261186918, time=0.3699798583984375
INFO - 11/06/25 17:59:55 - 0:10:03 - Epoch 171: val_AUC=0.9636502740163431, val_AP=0.9607046543277494
INFO - 11/06/25 17:59:55 - 0:10:04 - Epoch 172: train_loss=0.7210882306098938, train_AUC=0.9969577993132611, train_AP=0.9959102665097943, time=0.35925936698913574
INFO - 11/06/25 17:59:56 - 0:10:04 - Epoch 172: val_AUC=0.9635651530060342, val_AP=0.9606624648061877
INFO - 11/06/25 17:59:56 - 0:10:04 - Epoch 173: train_loss=0.7190808057785034, train_AUC=0.9972613720678706, train_AP=0.9962846989789131, time=0.3683950901031494
INFO - 11/06/25 17:59:56 - 0:10:04 - Epoch 173: val_AUC=0.9634215876656805, val_AP=0.9605399521740362
INFO - 11/06/25 17:59:56 - 0:10:05 - Epoch 174: train_loss=0.7202428579330444, train_AUC=0.9969167846741187, train_AP=0.9957798164022503, time=0.36089563369750977
INFO - 11/06/25 17:59:57 - 0:10:05 - Epoch 174: val_AUC=0.9633466485944038, val_AP=0.9604940126363712
INFO - 11/06/25 17:59:57 - 0:10:05 - Epoch 175: train_loss=0.7180811166763306, train_AUC=0.9971265518390435, train_AP=0.9960385887246955, time=0.3611414432525635
INFO - 11/06/25 17:59:57 - 0:10:05 - Epoch 175: val_AUC=0.9632582693636043, val_AP=0.9604595143135402
INFO - 11/06/25 17:59:57 - 0:10:06 - Epoch 176: train_loss=0.7177180051803589, train_AUC=0.9973335715208627, train_AP=0.996416115285831, time=0.37034106254577637
INFO - 11/06/25 17:59:57 - 0:10:06 - Epoch 176: val_AUC=0.9632393309570045, val_AP=0.9604650932699809
INFO - 11/06/25 17:59:58 - 0:10:06 - Epoch 177: train_loss=0.7167240381240845, train_AUC=0.9969923631790892, train_AP=0.995752966838786, time=0.36744213104248047
INFO - 11/06/25 17:59:58 - 0:10:06 - Epoch 177: val_AUC=0.9632114324440564, val_AP=0.9604688123099563
INFO - 11/06/25 17:59:58 - 0:10:06 - Epoch 178: train_loss=0.7167431116104126, train_AUC=0.9971530224297983, train_AP=0.9961072544057694, time=0.35923147201538086
INFO - 11/06/25 17:59:58 - 0:10:07 - Epoch 178: val_AUC=0.9632045087255144, val_AP=0.9604979973071338
INFO - 11/06/25 17:59:59 - 0:10:07 - Epoch 179: train_loss=0.7137824296951294, train_AUC=0.9973560901389635, train_AP=0.9964814203974807, time=0.3607971668243408
INFO - 11/06/25 17:59:59 - 0:10:07 - Epoch 179: val_AUC=0.9631774247676889, val_AP=0.9604851164938134
INFO - 11/06/25 17:59:59 - 0:10:07 - Epoch 180: train_loss=0.7123430967330933, train_AUC=0.9973645058910603, train_AP=0.9963967445762011, time=0.370495080947876
INFO - 11/06/25 17:59:59 - 0:10:08 - Epoch 180: val_AUC=0.9631043184454378, val_AP=0.9604391222836196
INFO - 11/06/25 18:00:00 - 0:10:08 - Epoch 181: train_loss=0.7119874954223633, train_AUC=0.9972922972797911, train_AP=0.9962490446653964, time=0.36612749099731445
INFO - 11/06/25 18:00:00 - 0:10:08 - Epoch 181: val_AUC=0.9630866018715218, val_AP=0.9604256143211187
INFO - 11/06/25 18:00:00 - 0:10:08 - Epoch 182: train_loss=0.7103273868560791, train_AUC=0.9975069134001553, train_AP=0.9964873559305019, time=0.363936185836792
INFO - 11/06/25 18:00:00 - 0:10:09 - Epoch 182: val_AUC=0.9630297866517222, val_AP=0.9603969657228918
INFO - 11/06/25 18:00:01 - 0:10:09 - Epoch 183: train_loss=0.7115278840065002, train_AUC=0.9972909122665129, train_AP=0.9961355873099471, time=0.36100101470947266
INFO - 11/06/25 18:00:01 - 0:10:09 - Epoch 183: val_AUC=0.9630029063326774, val_AP=0.9603799216812278
INFO - 11/06/25 18:00:01 - 0:10:09 - Epoch 184: train_loss=0.7098886966705322, train_AUC=0.9973539481588657, train_AP=0.9964531755624716, time=0.3538784980773926
INFO - 11/06/25 18:00:01 - 0:10:09 - Epoch 184: val_AUC=0.9629572912458133, val_AP=0.9603478915820721
INFO - 11/06/25 18:00:02 - 0:10:10 - Epoch 185: train_loss=0.7095457315444946, train_AUC=0.9973316178138057, train_AP=0.9962948666016893, time=0.3694953918457031
INFO - 11/06/25 18:00:02 - 0:10:10 - Epoch 185: val_AUC=0.9629247090409102, val_AP=0.9603394711475775
INFO - 11/06/25 18:00:02 - 0:10:10 - Epoch 186: train_loss=0.7076053619384766, train_AUC=0.997629632903231, train_AP=0.9969537126836705, time=0.37209582328796387
INFO - 11/06/25 18:00:02 - 0:10:10 - Epoch 186: val_AUC=0.9628261478710789, val_AP=0.9602761419159496
INFO - 11/06/25 18:00:03 - 0:10:11 - Epoch 187: train_loss=0.7066465616226196, train_AUC=0.997457414145718, train_AP=0.9965685894331316, time=0.3656182289123535
INFO - 11/06/25 18:00:03 - 0:10:11 - Epoch 187: val_AUC=0.962797434803008, val_AP=0.9602597431773954
INFO - 11/06/25 18:00:03 - 0:10:11 - Epoch 188: train_loss=0.7075209617614746, train_AUC=0.9973507408245815, train_AP=0.9962046866581666, time=0.3692772388458252
INFO - 11/06/25 18:00:03 - 0:10:11 - Epoch 188: val_AUC=0.9627396013893051, val_AP=0.9602506103725018
INFO - 11/06/25 18:00:04 - 0:10:12 - Epoch 189: train_loss=0.7061745524406433, train_AUC=0.997347270894316, train_AP=0.9963413820038377, time=0.3650376796722412
INFO - 11/06/25 18:00:04 - 0:10:12 - Epoch 189: val_AUC=0.9627119065151379, val_AP=0.9602372118645075
INFO - 11/06/25 18:00:04 - 0:10:12 - Epoch 190: train_loss=0.7039870619773865, train_AUC=0.9977019348584775, train_AP=0.9968148658264435, time=0.3633575439453125
INFO - 11/06/25 18:00:04 - 0:10:12 - Epoch 190: val_AUC=0.9626276000599512, val_AP=0.9601696709841259
INFO - 11/06/25 18:00:05 - 0:10:13 - Epoch 191: train_loss=0.7041731476783752, train_AUC=0.9976999235599477, train_AP=0.9969329795543153, time=0.3701493740081787
INFO - 11/06/25 18:00:05 - 0:10:13 - Epoch 191: val_AUC=0.9625461445476939, val_AP=0.9601067234263447
INFO - 11/06/25 18:00:05 - 0:10:13 - Epoch 192: train_loss=0.702695369720459, train_AUC=0.9975234108033583, train_AP=0.996689391622476, time=0.3674125671386719
INFO - 11/06/25 18:00:05 - 0:10:13 - Epoch 192: val_AUC=0.9624479906554236, val_AP=0.9600647912712738
INFO - 11/06/25 18:00:06 - 0:10:14 - Epoch 193: train_loss=0.7038209438323975, train_AUC=0.9974322162032272, train_AP=0.9964731925911837, time=0.3773918151855469
INFO - 11/06/25 18:00:06 - 0:10:14 - Epoch 193: val_AUC=0.9624437142410301, val_AP=0.9600348992366992
INFO - 11/06/25 18:00:06 - 0:10:14 - Epoch 194: train_loss=0.7020749449729919, train_AUC=0.9976701654999849, train_AP=0.9969031684040122, time=0.3691887855529785
INFO - 11/06/25 18:00:06 - 0:10:14 - Epoch 194: val_AUC=0.962272454026509, val_AP=0.9599621159094798
INFO - 11/06/25 18:00:07 - 0:10:15 - Epoch 195: train_loss=0.7011928558349609, train_AUC=0.9976950631566618, train_AP=0.9967918016362003, time=0.36573171615600586
INFO - 11/06/25 18:00:07 - 0:10:15 - Epoch 195: val_AUC=0.9623642951165792, val_AP=0.9599921342377389
INFO - 11/06/25 18:00:07 - 0:10:15 - Epoch 196: train_loss=0.7001738548278809, train_AUC=0.997844544378029, train_AP=0.9972488974057773, time=0.36335086822509766
INFO - 11/06/25 18:00:07 - 0:10:15 - Epoch 196: val_AUC=0.9621761328832643, val_AP=0.9599514072169871
INFO - 11/06/25 18:00:07 - 0:10:16 - Epoch 197: train_loss=0.7006139755249023, train_AUC=0.997615621619997, train_AP=0.9966399105878522, time=0.36188173294067383
INFO - 11/06/25 18:00:08 - 0:10:16 - Epoch 197: val_AUC=0.962248424650393, val_AP=0.9599602873521746
INFO - 11/06/25 18:00:08 - 0:10:16 - Epoch 198: train_loss=0.6980979442596436, train_AUC=0.9978310079162344, train_AP=0.9971994439420248, time=0.3663444519042969
INFO - 11/06/25 18:00:08 - 0:10:16 - Epoch 198: val_AUC=0.9620985465078393, val_AP=0.9598869864559305
INFO - 11/06/25 18:00:08 - 0:10:17 - Epoch 199: train_loss=0.6984548568725586, train_AUC=0.9976543792722165, train_AP=0.9967451144254653, time=0.362642765045166
INFO - 11/06/25 18:00:09 - 0:10:17 - Epoch 199: val_AUC=0.962042138565601, val_AP=0.9598438943082034
INFO - 11/06/25 18:00:09 - 0:10:17 - Epoch 200: train_loss=0.6973101496696472, train_AUC=0.9976208198228083, train_AP=0.9967342882954967, time=0.3691868782043457
INFO - 11/06/25 18:00:09 - 0:10:17 - Epoch 200: val_AUC=0.9620303275163238, val_AP=0.9598295875604891
INFO - 11/06/25 18:00:09 - 0:10:18 - Epoch 201: train_loss=0.6967894434928894, train_AUC=0.9976152050945134, train_AP=0.9967016760178261, time=0.35921597480773926
INFO - 11/06/25 18:00:09 - 0:10:18 - Epoch 201: val_AUC=0.9618097867168868, val_AP=0.9597297418586391
INFO - 11/06/25 18:00:10 - 0:10:18 - Epoch 202: train_loss=0.6961729526519775, train_AUC=0.997704991609553, train_AP=0.9968684183353332, time=0.3685271739959717
INFO - 11/06/25 18:00:10 - 0:10:18 - Epoch 202: val_AUC=0.9618213941273835, val_AP=0.9596547768375654
INFO - 11/06/25 18:00:10 - 0:10:18 - Epoch 203: train_loss=0.6945762634277344, train_AUC=0.9978986405591673, train_AP=0.9971458726494187, time=0.3664228916168213
INFO - 11/06/25 18:00:10 - 0:10:19 - Epoch 203: val_AUC=0.9615758057579273, val_AP=0.9595259840732738
INFO - 11/06/25 18:00:11 - 0:10:19 - Epoch 204: train_loss=0.6939499378204346, train_AUC=0.997816755347625, train_AP=0.9970264484453251, time=0.36182093620300293
INFO - 11/06/25 18:00:11 - 0:10:19 - Epoch 204: val_AUC=0.9616138862099076, val_AP=0.9595038732279433
INFO - 11/06/25 18:00:11 - 0:10:19 - Epoch 205: train_loss=0.6942269802093506, train_AUC=0.9978444131680987, train_AP=0.9970314978830203, time=0.36997222900390625
INFO - 11/06/25 18:00:11 - 0:10:20 - Epoch 205: val_AUC=0.96150392126836, val_AP=0.9594904475636816
INFO - 11/06/25 18:00:12 - 0:10:20 - Epoch 206: train_loss=0.6925046443939209, train_AUC=0.997848124735981, train_AP=0.9970064319001328, time=0.3613717555999756
INFO - 11/06/25 18:00:12 - 0:10:20 - Epoch 206: val_AUC=0.9614287785583027, val_AP=0.959431996737066
INFO - 11/06/25 18:00:12 - 0:10:20 - Epoch 207: train_loss=0.6927809715270996, train_AUC=0.997848972581088, train_AP=0.9970319100611518, time=0.36531805992126465
INFO - 11/06/25 18:00:12 - 0:10:21 - Epoch 207: val_AUC=0.9613587268177612, val_AP=0.959360633571005
INFO - 11/06/25 18:00:13 - 0:10:21 - Epoch 208: train_loss=0.6925854682922363, train_AUC=0.9977121546150259, train_AP=0.9967801494626601, time=0.39560437202453613
INFO - 11/06/25 18:00:13 - 0:10:21 - Epoch 208: val_AUC=0.9612332853288849, val_AP=0.959316064781989
INFO - 11/06/25 18:00:13 - 0:10:21 - Epoch 209: train_loss=0.6916163563728333, train_AUC=0.9979460867744663, train_AP=0.9970190865379391, time=0.35289764404296875
INFO - 11/06/25 18:00:13 - 0:10:22 - Epoch 209: val_AUC=0.9612393944923041, val_AP=0.959262417704205
INFO - 11/06/25 18:00:14 - 0:10:22 - Epoch 210: train_loss=0.6906240582466125, train_AUC=0.997816513357767, train_AP=0.9969658155921307, time=0.35765814781188965
INFO - 11/06/25 18:00:14 - 0:10:22 - Epoch 210: val_AUC=0.9609225325496228, val_AP=0.9591507724922465
INFO - 11/06/25 18:00:14 - 0:10:22 - Epoch 211: train_loss=0.6892169713973999, train_AUC=0.997847606941088, train_AP=0.9970263818614115, time=0.36104321479797363
INFO - 11/06/25 18:00:14 - 0:10:22 - Epoch 211: val_AUC=0.9609453400930548, val_AP=0.9590257846200184
INFO - 11/06/25 18:00:15 - 0:10:23 - Epoch 212: train_loss=0.6905112862586975, train_AUC=0.9978268357926905, train_AP=0.9969325497263465, time=0.3375835418701172
INFO - 11/06/25 18:00:15 - 0:10:23 - Epoch 212: val_AUC=0.9607268356814241, val_AP=0.9589885169295385
INFO - 11/06/25 18:00:15 - 0:10:23 - Epoch 213: train_loss=0.689422607421875, train_AUC=0.9978614276617118, train_AP=0.9970296475181937, time=0.32346224784851074
INFO - 11/06/25 18:00:15 - 0:10:23 - Epoch 213: val_AUC=0.96072866843045, val_AP=0.9589802831874841
INFO - 11/06/25 18:00:16 - 0:10:24 - Epoch 214: train_loss=0.6885865926742554, train_AUC=0.9979668214658763, train_AP=0.9972387882611707, time=0.3222775459289551
INFO - 11/06/25 18:00:16 - 0:10:24 - Epoch 214: val_AUC=0.9606696131840633, val_AP=0.9589078182482159
INFO - 11/06/25 18:00:16 - 0:10:24 - Epoch 215: train_loss=0.6878341436386108, train_AUC=0.9980263102870919, train_AP=0.9972673629722009, time=0.32091665267944336
INFO - 11/06/25 18:00:16 - 0:10:24 - Epoch 215: val_AUC=0.9604559961031685, val_AP=0.9588402705353757
INFO - 11/06/25 18:00:16 - 0:10:25 - Epoch 216: train_loss=0.6869659423828125, train_AUC=0.9981547128532986, train_AP=0.99741037905908, time=0.32126355171203613
INFO - 11/06/25 18:00:16 - 0:10:25 - Epoch 216: val_AUC=0.9606079106335284, val_AP=0.9589309061737481
INFO - 11/06/25 18:00:17 - 0:10:25 - Epoch 217: train_loss=0.6853455305099487, train_AUC=0.9979872137786227, train_AP=0.9971625625179762, time=0.31450629234313965
INFO - 11/06/25 18:00:17 - 0:10:25 - Epoch 217: val_AUC=0.9604511087724328, val_AP=0.9589015746043102
INFO - 11/06/25 18:00:17 - 0:10:25 - Epoch 218: train_loss=0.6853954792022705, train_AUC=0.9979997787585707, train_AP=0.9973521521027974, time=0.35425758361816406
INFO - 11/06/25 18:00:17 - 0:10:26 - Epoch 218: val_AUC=0.9603665986784656, val_AP=0.9588048261180171
INFO - 11/06/25 18:00:18 - 0:10:26 - Epoch 219: train_loss=0.6848005652427673, train_AUC=0.9979128101749213, train_AP=0.997059847820774, time=0.3598155975341797
INFO - 11/06/25 18:00:18 - 0:10:26 - Epoch 219: val_AUC=0.9603731151194463, val_AP=0.9587820730178482
INFO - 11/06/25 18:00:18 - 0:10:26 - Epoch 220: train_loss=0.6845695972442627, train_AUC=0.9979366032024933, train_AP=0.9971916353202868, time=0.363422155380249
INFO - 11/06/25 18:00:18 - 0:10:26 - Epoch 220: val_AUC=0.9602339280128763, val_AP=0.9587348290739596
INFO - 11/06/25 18:00:19 - 0:10:27 - Epoch 221: train_loss=0.6828423142433167, train_AUC=0.9979697544040914, train_AP=0.9972228173609574, time=0.3643510341644287
INFO - 11/06/25 18:00:19 - 0:10:27 - Epoch 221: val_AUC=0.9602975651318276, val_AP=0.9587330329418945
INFO - 11/06/25 18:00:19 - 0:10:27 - Epoch 222: train_loss=0.6828640699386597, train_AUC=0.9980577760134772, train_AP=0.9973260596165546, time=0.36605286598205566
INFO - 11/06/25 18:00:19 - 0:10:27 - Epoch 222: val_AUC=0.960162552620261, val_AP=0.9586571534739957
INFO - 11/06/25 18:00:20 - 0:10:28 - Epoch 223: train_loss=0.6825097799301147, train_AUC=0.9979203928760507, train_AP=0.9970777982922445, time=0.3724663257598877
INFO - 11/06/25 18:00:20 - 0:10:28 - Epoch 223: val_AUC=0.9603024524625631, val_AP=0.9588237777277605
INFO - 11/06/25 18:00:20 - 0:10:28 - Epoch 224: train_loss=0.6803340315818787, train_AUC=0.9981833400421704, train_AP=0.997483725771425, time=0.3716623783111572
INFO - 11/06/25 18:00:20 - 0:10:28 - Epoch 224: val_AUC=0.9602169241746926, val_AP=0.9587813625251967
INFO - 11/06/25 18:00:21 - 0:10:29 - Epoch 225: train_loss=0.680557131767273, train_AUC=0.998114286457334, train_AP=0.9973740424758825, time=0.3621823787689209
INFO - 11/06/25 18:00:21 - 0:10:29 - Epoch 225: val_AUC=0.9601019700830195, val_AP=0.958652540191071
INFO - 11/06/25 18:00:21 - 0:10:29 - Epoch 226: train_loss=0.6800662279129028, train_AUC=0.9980544179198637, train_AP=0.9971138600011142, time=0.3648872375488281
INFO - 11/06/25 18:00:21 - 0:10:29 - Epoch 226: val_AUC=0.9600440348499264, val_AP=0.9586223637886411
INFO - 11/06/25 18:00:22 - 0:10:30 - Epoch 227: train_loss=0.6800881624221802, train_AUC=0.9980810405027929, train_AP=0.9973074304437913, time=0.36203575134277344
INFO - 11/06/25 18:00:22 - 0:10:30 - Epoch 227: val_AUC=0.9600143035879525, val_AP=0.9586342619200884
INFO - 11/06/25 18:00:22 - 0:10:30 - Epoch 228: train_loss=0.6786460876464844, train_AUC=0.9982682395596967, train_AP=0.9974024520946814, time=0.3250277042388916
INFO - 11/06/25 18:00:22 - 0:10:30 - Epoch 228: val_AUC=0.9599528046761981, val_AP=0.9585707590098178
INFO - 11/06/25 18:00:22 - 0:10:31 - Epoch 229: train_loss=0.6780756711959839, train_AUC=0.9981002762308242, train_AP=0.9974135591229519, time=0.3289051055908203
INFO - 11/06/25 18:00:23 - 0:10:31 - Epoch 229: val_AUC=0.9597941700660767, val_AP=0.9584783517264605
INFO - 11/06/25 18:00:23 - 0:10:31 - Epoch 230: train_loss=0.6776676177978516, train_AUC=0.9980995011235713, train_AP=0.9973854338099248, time=0.3197193145751953
INFO - 11/06/25 18:00:23 - 0:10:31 - Epoch 230: val_AUC=0.9598601490310051, val_AP=0.9585444233062176
INFO - 11/06/25 18:00:23 - 0:10:31 - Epoch 231: train_loss=0.6771764755249023, train_AUC=0.9981396082126852, train_AP=0.9974279070879399, time=0.3225440979003906
INFO - 11/06/25 18:00:23 - 0:10:32 - Epoch 231: val_AUC=0.9596204661861878, val_AP=0.9584136830596982
INFO - 11/06/25 18:00:24 - 0:10:32 - Epoch 232: train_loss=0.677365779876709, train_AUC=0.9979923177568532, train_AP=0.9969561642415092, time=0.32552242279052734
INFO - 11/06/25 18:00:24 - 0:10:32 - Epoch 232: val_AUC=0.959662619413781, val_AP=0.9583557817693447
INFO - 11/06/25 18:00:24 - 0:10:32 - Epoch 233: train_loss=0.6762902736663818, train_AUC=0.9981462361634356, train_AP=0.9974838285765466, time=0.32399725914001465
INFO - 11/06/25 18:00:24 - 0:10:32 - Epoch 233: val_AUC=0.9592355888907713, val_AP=0.9581627714625258
INFO - 11/06/25 18:00:25 - 0:10:33 - Epoch 234: train_loss=0.6769936084747314, train_AUC=0.9980801093525892, train_AP=0.9971654847209555, time=0.3135335445404053
INFO - 11/06/25 18:00:25 - 0:10:33 - Epoch 234: val_AUC=0.9596178188820393, val_AP=0.9583700961536368
INFO - 11/06/25 18:00:25 - 0:10:33 - Epoch 235: train_loss=0.6764107942581177, train_AUC=0.9981687891250752, train_AP=0.997424303873144, time=0.32068419456481934
INFO - 11/06/25 18:00:25 - 0:10:33 - Epoch 235: val_AUC=0.9591482278538753, val_AP=0.9581300670608421
INFO - 11/06/25 18:00:25 - 0:10:34 - Epoch 236: train_loss=0.6744109392166138, train_AUC=0.9983311583317761, train_AP=0.997799090652529, time=0.3228914737701416
INFO - 11/06/25 18:00:26 - 0:10:34 - Epoch 236: val_AUC=0.9592659310690873, val_AP=0.9581696122079547
INFO - 11/06/25 18:00:26 - 0:10:34 - Epoch 237: train_loss=0.6739603281021118, train_AUC=0.9984299838901117, train_AP=0.9979368290016211, time=0.32532405853271484
INFO - 11/06/25 18:00:26 - 0:10:34 - Epoch 237: val_AUC=0.9591712390360883, val_AP=0.958140831311378
INFO - 11/06/25 18:00:26 - 0:10:34 - Epoch 238: train_loss=0.6721954941749573, train_AUC=0.9983703763635364, train_AP=0.9978519817803793, time=0.3160393238067627
INFO - 11/06/25 18:00:26 - 0:10:35 - Epoch 238: val_AUC=0.959001607931812, val_AP=0.9580487136175595
INFO - 11/06/25 18:00:27 - 0:10:35 - Epoch 239: train_loss=0.6726140379905701, train_AUC=0.9981918382187603, train_AP=0.9974253724449247, time=0.31507372856140137
INFO - 11/06/25 18:00:27 - 0:10:35 - Epoch 239: val_AUC=0.9591176820367788, val_AP=0.9580218045603788
INFO - 11/06/25 18:00:27 - 0:10:35 - Epoch 240: train_loss=0.6720433235168457, train_AUC=0.9983120212313433, train_AP=0.9977230888688009, time=0.3131556510925293
INFO - 11/06/25 18:00:27 - 0:10:35 - Epoch 240: val_AUC=0.9586863750993758, val_AP=0.9577839772029834
INFO - 11/06/25 18:00:28 - 0:10:36 - Epoch 241: train_loss=0.6712844371795654, train_AUC=0.9984755533631048, train_AP=0.9978494795645262, time=0.3164174556732178
INFO - 11/06/25 18:00:28 - 0:10:36 - Epoch 241: val_AUC=0.9589094613835709, val_AP=0.9579281823185015
INFO - 11/06/25 18:00:28 - 0:10:36 - Epoch 242: train_loss=0.6703047752380371, train_AUC=0.9983777737856769, train_AP=0.9978581572018163, time=0.32401204109191895
INFO - 11/06/25 18:00:28 - 0:10:36 - Epoch 242: val_AUC=0.958830754994852, val_AP=0.9579567107727074
INFO - 11/06/25 18:00:28 - 0:10:37 - Epoch 243: train_loss=0.6705586910247803, train_AUC=0.998082502656943, train_AP=0.9972166713047276, time=0.3193044662475586
INFO - 11/06/25 18:00:29 - 0:10:37 - Epoch 243: val_AUC=0.9586629566396017, val_AP=0.9578311705974498
INFO - 11/06/25 18:00:29 - 0:10:37 - Epoch 244: train_loss=0.670723557472229, train_AUC=0.9982510020972623, train_AP=0.9976495186682847, time=0.32020092010498047
INFO - 11/06/25 18:00:29 - 0:10:37 - Epoch 244: val_AUC=0.9587572413950397, val_AP=0.9578184411851374
INFO - 11/06/25 18:00:29 - 0:10:37 - Epoch 245: train_loss=0.6696109771728516, train_AUC=0.9983271272809224, train_AP=0.9977051561012618, time=0.3253626823425293
INFO - 11/06/25 18:00:29 - 0:10:38 - Epoch 245: val_AUC=0.9584161464374616, val_AP=0.9576313182148442
INFO - 11/06/25 18:00:30 - 0:10:38 - Epoch 246: train_loss=0.6696116924285889, train_AUC=0.9982634311120208, train_AP=0.9973127430364975, time=0.3266925811767578
INFO - 11/06/25 18:00:30 - 0:10:38 - Epoch 246: val_AUC=0.9586372981532406, val_AP=0.9577383284832981
INFO - 11/06/25 18:00:30 - 0:10:38 - Epoch 247: train_loss=0.669156551361084, train_AUC=0.9982519145786706, train_AP=0.9975928200220169, time=0.3132662773132324
INFO - 11/06/25 18:00:30 - 0:10:38 - Epoch 247: val_AUC=0.9585246859075447, val_AP=0.9576884974117593
INFO - 11/06/25 18:00:31 - 0:10:39 - Epoch 248: train_loss=0.667563259601593, train_AUC=0.9983173307424446, train_AP=0.9975413766536172, time=0.31716418266296387
INFO - 11/06/25 18:00:31 - 0:10:39 - Epoch 248: val_AUC=0.9584277538479585, val_AP=0.9576572419636669
INFO - 11/06/25 18:00:31 - 0:10:39 - Epoch 249: train_loss=0.6668821573257446, train_AUC=0.9983280344787093, train_AP=0.9976009151984968, time=0.32712864875793457
INFO - 11/06/25 18:00:31 - 0:10:39 - Epoch 249: val_AUC=0.9583778623467006, val_AP=0.9575893778540729
INFO - 11/06/25 18:00:31 - 0:10:40 - Epoch 250: train_loss=0.667279839515686, train_AUC=0.9982604858453559, train_AP=0.9974723411218418, time=0.3179361820220947
INFO - 11/06/25 18:00:32 - 0:10:40 - Epoch 250: val_AUC=0.9580453202179098, val_AP=0.957366871428592
INFO - 11/06/25 18:00:32 - 0:10:40 - Epoch 251: train_loss=0.6673934459686279, train_AUC=0.9983594670944008, train_AP=0.9975789695100119, time=0.3177475929260254
INFO - 11/06/25 18:00:32 - 0:10:40 - Epoch 251: val_AUC=0.958316567073727, val_AP=0.9575414866996479
INFO - 11/06/25 18:00:32 - 0:10:40 - Epoch 252: train_loss=0.6654677391052246, train_AUC=0.9983928595813742, train_AP=0.9976749062531596, time=0.323577880859375
INFO - 11/06/25 18:00:32 - 0:10:41 - Epoch 252: val_AUC=0.9582248278030471, val_AP=0.9575401041659601
INFO - 11/06/25 18:00:33 - 0:10:41 - Epoch 253: train_loss=0.6658467054367065, train_AUC=0.9982040389810761, train_AP=0.9972539975573327, time=0.31218719482421875
INFO - 11/06/25 18:00:33 - 0:10:41 - Epoch 253: val_AUC=0.958197642025831, val_AP=0.9575337389772736
INFO - 11/06/25 18:00:33 - 0:10:41 - Epoch 254: train_loss=0.6650694608688354, train_AUC=0.9984656884897907, train_AP=0.9978933182830908, time=0.32042860984802246
INFO - 11/06/25 18:00:33 - 0:10:41 - Epoch 254: val_AUC=0.9583023123590819, val_AP=0.9576290045872857
INFO - 11/06/25 18:00:34 - 0:10:42 - Epoch 255: train_loss=0.6654143929481506, train_AUC=0.9982868178291106, train_AP=0.9975412104409909, time=0.3219411373138428
INFO - 11/06/25 18:00:34 - 0:10:42 - Epoch 255: val_AUC=0.9581288121179735, val_AP=0.9575610213452501
INFO - 11/06/25 18:00:34 - 0:10:42 - Epoch 256: train_loss=0.6646494269371033, train_AUC=0.9984171994637567, train_AP=0.9977542050499291, time=0.359081506729126
INFO - 11/06/25 18:00:34 - 0:10:42 - Epoch 256: val_AUC=0.9582402025309857, val_AP=0.9575567340032392
INFO - 11/06/25 18:00:35 - 0:10:43 - Epoch 257: train_loss=0.6649154424667358, train_AUC=0.9984100269477652, train_AP=0.9977570807147254, time=0.35384488105773926
INFO - 11/06/25 18:00:35 - 0:10:43 - Epoch 257: val_AUC=0.9577357892713315, val_AP=0.9572055166865231
INFO - 11/06/25 18:00:35 - 0:10:43 - Epoch 258: train_loss=0.6655923128128052, train_AUC=0.9984614291864944, train_AP=0.9979949949784155, time=0.35607337951660156
INFO - 11/06/25 18:00:35 - 0:10:43 - Epoch 258: val_AUC=0.9578828164709562, val_AP=0.9572399116886907
INFO - 11/06/25 18:00:35 - 0:10:44 - Epoch 259: train_loss=0.6629787683486938, train_AUC=0.9984568713585915, train_AP=0.9978818776627065, time=0.3608548641204834
INFO - 11/06/25 18:00:36 - 0:10:44 - Epoch 259: val_AUC=0.9576854904925126, val_AP=0.9571253594624711
INFO - 11/06/25 18:00:36 - 0:10:44 - Epoch 260: train_loss=0.6631996035575867, train_AUC=0.9982811243748575, train_AP=0.9974288195414444, time=0.33835768699645996
INFO - 11/06/25 18:00:36 - 0:10:44 - Epoch 260: val_AUC=0.9576942469600803, val_AP=0.9571376032541021
INFO - 11/06/25 18:00:36 - 0:10:44 - Epoch 261: train_loss=0.6628754734992981, train_AUC=0.998267060783772, train_AP=0.9973947247350499, time=0.3191862106323242
INFO - 11/06/25 18:00:36 - 0:10:45 - Epoch 261: val_AUC=0.9576658393501805, val_AP=0.9570839915582592
INFO - 11/06/25 18:00:37 - 0:10:45 - Epoch 262: train_loss=0.6605209112167358, train_AUC=0.9984868062437492, train_AP=0.9978508857410268, time=0.3158600330352783
INFO - 11/06/25 18:00:37 - 0:10:45 - Epoch 262: val_AUC=0.9572364669811935, val_AP=0.9567555275674486
INFO - 11/06/25 18:00:37 - 0:10:45 - Epoch 263: train_loss=0.6611059904098511, train_AUC=0.9984200094697149, train_AP=0.9976545673761598, time=0.3606581687927246
INFO - 11/06/25 18:00:37 - 0:10:45 - Epoch 263: val_AUC=0.9573951015913149, val_AP=0.9568104780062517
INFO - 11/06/25 18:00:38 - 0:10:46 - Epoch 264: train_loss=0.6602093577384949, train_AUC=0.9983850465143536, train_AP=0.997709733076339, time=0.36272501945495605
INFO - 11/06/25 18:00:38 - 0:10:46 - Epoch 264: val_AUC=0.9570623558237432, val_AP=0.9566388498515636
INFO - 11/06/25 18:00:38 - 0:10:46 - Epoch 265: train_loss=0.6612714529037476, train_AUC=0.9983603482263225, train_AP=0.997443036154445, time=0.3597245216369629
INFO - 11/06/25 18:00:38 - 0:10:46 - Epoch 265: val_AUC=0.9572668091595096, val_AP=0.9567907403006221
INFO - 11/06/25 18:00:39 - 0:10:47 - Epoch 266: train_loss=0.6603872179985046, train_AUC=0.9983276489504711, train_AP=0.9975655394072787, time=0.36090922355651855
INFO - 11/06/25 18:00:39 - 0:10:47 - Epoch 266: val_AUC=0.9571789390256616, val_AP=0.9567427595753266
INFO - 11/06/25 18:00:39 - 0:10:47 - Epoch 267: train_loss=0.6594771146774292, train_AUC=0.998493847197569, train_AP=0.9979432466940765, time=0.33005428314208984
INFO - 11/06/25 18:00:39 - 0:10:47 - Epoch 267: val_AUC=0.9570012641895502, val_AP=0.956620007560523
INFO - 11/06/25 18:00:40 - 0:10:48 - Epoch 268: train_loss=0.6596421003341675, train_AUC=0.9984942549170169, train_AP=0.997783372496585, time=0.3273355960845947
INFO - 11/06/25 18:00:40 - 0:10:48 - Epoch 268: val_AUC=0.9570737595954593, val_AP=0.9566450243518502
INFO - 11/06/25 18:00:40 - 0:10:48 - Epoch 269: train_loss=0.6580201387405396, train_AUC=0.9987065950294215, train_AP=0.9982809874888265, time=0.3220713138580322
INFO - 11/06/25 18:00:40 - 0:10:48 - Epoch 269: val_AUC=0.9566481545439143, val_AP=0.9563668347627547
INFO - 11/06/25 18:00:40 - 0:10:49 - Epoch 270: train_loss=0.657591700553894, train_AUC=0.9985769057252938, train_AP=0.9979151682751768, time=0.328810453414917
INFO - 11/06/25 18:00:41 - 0:10:49 - Epoch 270: val_AUC=0.9567910071485358, val_AP=0.9563921584694997
INFO - 11/06/25 18:00:41 - 0:10:49 - Epoch 271: train_loss=0.6580308079719543, train_AUC=0.9984068146821011, train_AP=0.9977445366746032, time=0.36561083793640137
INFO - 11/06/25 18:00:41 - 0:10:49 - Epoch 271: val_AUC=0.9566554855400176, val_AP=0.956352879166407
INFO - 11/06/25 18:00:41 - 0:10:50 - Epoch 272: train_loss=0.6561803817749023, train_AUC=0.9984793452420316, train_AP=0.9977719943687198, time=0.36609625816345215
INFO - 11/06/25 18:00:41 - 0:10:50 - Epoch 272: val_AUC=0.9566844022468689, val_AP=0.9563679951407198
INFO - 11/06/25 18:00:42 - 0:10:50 - Epoch 273: train_loss=0.6558456420898438, train_AUC=0.9985052096252962, train_AP=0.9979421440742308, time=0.3735997676849365
INFO - 11/06/25 18:00:42 - 0:10:50 - Epoch 273: val_AUC=0.956682569497843, val_AP=0.9563360299917004
INFO - 11/06/25 18:00:42 - 0:10:51 - Epoch 274: train_loss=0.6551345586776733, train_AUC=0.9984637425320451, train_AP=0.9976744952820441, time=0.3693206310272217
INFO - 11/06/25 18:00:42 - 0:10:51 - Epoch 274: val_AUC=0.9563614311407682, val_AP=0.956062386926561
INFO - 11/06/25 18:00:43 - 0:10:51 - Epoch 275: train_loss=0.6561260223388672, train_AUC=0.998589410648079, train_AP=0.9978825164704527, time=0.3699944019317627
INFO - 11/06/25 18:00:43 - 0:10:51 - Epoch 275: val_AUC=0.9565373750472442, val_AP=0.9561568785359479
INFO - 11/06/25 18:00:43 - 0:10:51 - Epoch 276: train_loss=0.6552136540412903, train_AUC=0.9985539693488642, train_AP=0.997853448060525, time=0.36325979232788086
INFO - 11/06/25 18:00:43 - 0:10:52 - Epoch 276: val_AUC=0.9562084984165048, val_AP=0.955966360061934
INFO - 11/06/25 18:00:44 - 0:10:52 - Epoch 277: train_loss=0.6543757915496826, train_AUC=0.9985802263051956, train_AP=0.998001238543943, time=0.36505937576293945
INFO - 11/06/25 18:00:44 - 0:10:52 - Epoch 277: val_AUC=0.9564997018728253, val_AP=0.9561151284390393
INFO - 11/06/25 18:00:44 - 0:10:52 - Epoch 278: train_loss=0.6547781229019165, train_AUC=0.9984588317582356, train_AP=0.9976158812851323, time=0.3722109794616699
INFO - 11/06/25 18:00:44 - 0:10:53 - Epoch 278: val_AUC=0.9561054571934993, val_AP=0.9558746465777348
INFO - 11/06/25 18:00:45 - 0:10:53 - Epoch 279: train_loss=0.6540927886962891, train_AUC=0.9985920535154815, train_AP=0.9978279488919531, time=0.32666587829589844
INFO - 11/06/25 18:00:45 - 0:10:53 - Epoch 279: val_AUC=0.9562909721226656, val_AP=0.9559667292050031
INFO - 11/06/25 18:00:45 - 0:10:53 - Epoch 280: train_loss=0.6529375314712524, train_AUC=0.9986667810051721, train_AP=0.998022633961141, time=0.328824520111084
INFO - 11/06/25 18:00:45 - 0:10:53 - Epoch 280: val_AUC=0.9559366406443457, val_AP=0.9557394514194592
INFO - 11/06/25 18:00:46 - 0:10:54 - Epoch 281: train_loss=0.6529468894004822, train_AUC=0.998615815721929, train_AP=0.9979938737745103, time=0.33755016326904297
INFO - 11/06/25 18:00:46 - 0:10:54 - Epoch 281: val_AUC=0.95590955668652, val_AP=0.9556170961683648
INFO - 11/06/25 18:00:46 - 0:10:54 - Epoch 282: train_loss=0.6513612866401672, train_AUC=0.9986742863893091, train_AP=0.9981378252406892, time=0.3241865634918213
INFO - 11/06/25 18:00:46 - 0:10:54 - Epoch 282: val_AUC=0.9557140634571021, val_AP=0.9554729438487857
INFO - 11/06/25 18:00:46 - 0:10:55 - Epoch 283: train_loss=0.6526906490325928, train_AUC=0.9985808677368283, train_AP=0.9980573593136634, time=0.34340739250183105
INFO - 11/06/25 18:00:47 - 0:10:55 - Epoch 283: val_AUC=0.9556792412256123, val_AP=0.9554684533941867
INFO - 11/06/25 18:00:47 - 0:10:55 - Epoch 284: train_loss=0.6527070999145508, train_AUC=0.9984379906899153, train_AP=0.9974869639816211, time=0.3687174320220947
INFO - 11/06/25 18:00:47 - 0:10:55 - Epoch 284: val_AUC=0.9557533657417665, val_AP=0.9555054013127504
INFO - 11/06/25 18:00:47 - 0:10:56 - Epoch 285: train_loss=0.6519083976745605, train_AUC=0.9986156101890583, train_AP=0.9979767470600666, time=0.35260772705078125
INFO - 11/06/25 18:00:48 - 0:10:56 - Epoch 285: val_AUC=0.9555409704935552, val_AP=0.9553640239637046
INFO - 11/06/25 18:00:48 - 0:10:56 - Epoch 286: train_loss=0.649612545967102, train_AUC=0.9986609730724564, train_AP=0.9980816803050652, time=0.3620927333831787
INFO - 11/06/25 18:00:48 - 0:10:56 - Epoch 286: val_AUC=0.9555914729111549, val_AP=0.9553629211226056
INFO - 11/06/25 18:00:48 - 0:10:57 - Epoch 287: train_loss=0.649603009223938, train_AUC=0.99858195669119, train_AP=0.9978880242868413, time=0.3668556213378906
INFO - 11/06/25 18:00:49 - 0:10:57 - Epoch 287: val_AUC=0.9552797019379896, val_AP=0.955153146246405
INFO - 11/06/25 18:00:49 - 0:10:57 - Epoch 288: train_loss=0.650313138961792, train_AUC=0.9984947776432899, train_AP=0.9977735827436387, time=0.36507320404052734
INFO - 11/06/25 18:00:49 - 0:10:57 - Epoch 288: val_AUC=0.9555572615960066, val_AP=0.9553132797521987
INFO - 11/06/25 18:00:49 - 0:10:58 - Epoch 289: train_loss=0.64914470911026, train_AUC=0.9987252389918609, train_AP=0.9982807753519432, time=0.36411428451538086
INFO - 11/06/25 18:00:49 - 0:10:58 - Epoch 289: val_AUC=0.955226959493803, val_AP=0.9551684394046869
INFO - 11/06/25 18:00:50 - 0:10:58 - Epoch 290: train_loss=0.648353099822998, train_AUC=0.9988413224426334, train_AP=0.9983986267557722, time=0.3628973960876465
INFO - 11/06/25 18:00:50 - 0:10:58 - Epoch 290: val_AUC=0.9556275169753288, val_AP=0.9554376667362982
INFO - 11/06/25 18:00:50 - 0:10:58 - Epoch 291: train_loss=0.6486371159553528, train_AUC=0.9986622798881384, train_AP=0.9981459165849748, time=0.34760594367980957
INFO - 11/06/25 18:00:50 - 0:10:59 - Epoch 291: val_AUC=0.9551605732513131, val_AP=0.955133887400872
INFO - 11/06/25 18:00:51 - 0:10:59 - Epoch 292: train_loss=0.6490396857261658, train_AUC=0.9987156821536719, train_AP=0.9982567834522422, time=0.358170747756958
INFO - 11/06/25 18:00:51 - 0:10:59 - Epoch 292: val_AUC=0.9554075870922338, val_AP=0.955244749345217
INFO - 11/06/25 18:00:51 - 0:10:59 - Epoch 293: train_loss=0.646979570388794, train_AUC=0.9987737849048849, train_AP=0.9979038863525187, time=0.3635284900665283
INFO - 11/06/25 18:00:51 - 0:11:00 - Epoch 293: val_AUC=0.9550958161190684, val_AP=0.9550863185315935
INFO - 11/06/25 18:00:52 - 0:11:00 - Epoch 294: train_loss=0.6473137140274048, train_AUC=0.9987582510580966, train_AP=0.998331880733702, time=0.3560185432434082
INFO - 11/06/25 18:00:52 - 0:11:00 - Epoch 294: val_AUC=0.9552070028933, val_AP=0.9551585323502438
INFO - 11/06/25 18:00:52 - 0:11:00 - Epoch 295: train_loss=0.6463565826416016, train_AUC=0.9987765658509254, train_AP=0.9982078640367429, time=0.33027052879333496
INFO - 11/06/25 18:00:52 - 0:11:00 - Epoch 295: val_AUC=0.9552365305164932, val_AP=0.9552013181737018
INFO - 11/06/25 18:00:53 - 0:11:01 - Epoch 296: train_loss=0.6463265419006348, train_AUC=0.9986135353109515, train_AP=0.9979789163286161, time=0.32410693168640137
INFO - 11/06/25 18:00:53 - 0:11:01 - Epoch 296: val_AUC=0.9550897069556491, val_AP=0.9551338266862895
INFO - 11/06/25 18:00:53 - 0:11:01 - Epoch 297: train_loss=0.6466841697692871, train_AUC=0.998599982822172, train_AP=0.9977881719176571, time=0.3239309787750244
INFO - 11/06/25 18:00:53 - 0:11:01 - Epoch 297: val_AUC=0.9553261315799761, val_AP=0.95525665840719
INFO - 11/06/25 18:00:53 - 0:11:02 - Epoch 298: train_loss=0.6464197635650635, train_AUC=0.9987524494657264, train_AP=0.998256219730615, time=0.32338690757751465
INFO - 11/06/25 18:00:54 - 0:11:02 - Epoch 298: val_AUC=0.9547679576822323, val_AP=0.9548748826160798
INFO - 11/06/25 18:00:54 - 0:11:02 - Epoch 299: train_loss=0.6463422775268555, train_AUC=0.9986222844595558, train_AP=0.9980214257435304, time=0.37508082389831543
INFO - 11/06/25 18:00:54 - 0:11:02 - Epoch 299: val_AUC=0.9552027264789062, val_AP=0.9551119930274794
INFO - 11/06/25 18:00:54 - 0:11:03 - Epoch 300: train_loss=0.64481520652771, train_AUC=0.998681720268437, train_AP=0.9981445433489952, time=0.3806331157684326
INFO - 11/06/25 18:00:55 - 0:11:03 - Epoch 300: val_AUC=0.9547962634727417, val_AP=0.9548677122212329
INFO - 11/06/25 18:00:55 - 0:11:03 - best_epoch=156
INFO - 11/06/25 18:00:55 - 0:11:03 - test_auc= 96.56%, test_ap= 96.34%
INFO - 11/06/25 18:00:55 - 0:11:03 - 
                                     train iters 1
INFO - 11/06/25 18:00:55 - 0:11:03 - --------------------------Training Start-------------------------
INFO - 11/06/25 18:00:57 - 0:11:05 - Epoch 0: train_loss=6.347611427307129, train_AUC=0.9955198753223728, train_AP=0.9952574120626652, time=2.497650146484375
INFO - 11/06/25 18:00:57 - 0:11:05 - Epoch 0: val_AUC=0.7650982882938655, val_AP=0.8142598483495139
INFO - 11/06/25 18:00:58 - 0:11:06 - Epoch 1: train_loss=2.4011716842651367, train_AUC=0.916640672717265, train_AP=0.9420378333689141, time=0.3470804691314697
INFO - 11/06/25 18:00:58 - 0:11:06 - Epoch 1: val_AUC=0.677337406651983, val_AP=0.7339547870285351
INFO - 11/06/25 18:00:58 - 0:11:06 - Epoch 2: train_loss=3.540008544921875, train_AUC=0.7541750404550684, train_AP=0.8194182970437591, time=0.3612205982208252
INFO - 11/06/25 18:00:58 - 0:11:06 - Epoch 2: val_AUC=0.646710439501362, val_AP=0.7065703697846873
INFO - 11/06/25 18:00:58 - 0:11:07 - Epoch 3: train_loss=4.1159138679504395, train_AUC=0.6765893231315838, train_AP=0.7529586136556532, time=0.3639833927154541
INFO - 11/06/25 18:00:59 - 0:11:07 - Epoch 3: val_AUC=0.6609864343989886, val_AP=0.7153315167982363
INFO - 11/06/25 18:00:59 - 0:11:07 - Epoch 4: train_loss=3.921386241912842, train_AUC=0.6855923463957717, train_AP=0.7560510867332899, time=0.3571131229400635
INFO - 11/06/25 18:00:59 - 0:11:07 - Epoch 4: val_AUC=0.7134954067236638, val_AP=0.7487103328210373
INFO - 11/06/25 18:00:59 - 0:11:08 - Epoch 5: train_loss=3.1773581504821777, train_AUC=0.7468706676418324, train_AP=0.7957315651222079, time=0.3592653274536133
INFO - 11/06/25 18:01:00 - 0:11:08 - Epoch 5: val_AUC=0.7644864555774219, val_AP=0.7842787998993181
INFO - 11/06/25 18:01:00 - 0:11:08 - Epoch 6: train_loss=2.7515792846679688, train_AUC=0.8015760226715429, train_AP=0.8340811475429774, time=0.36047863960266113
INFO - 11/06/25 18:01:00 - 0:11:08 - Epoch 6: val_AUC=0.8088969172346832, val_AP=0.8173462292883267
INFO - 11/06/25 18:01:00 - 0:11:09 - Epoch 7: train_loss=2.520782470703125, train_AUC=0.847601990334811, train_AP=0.8680485221729617, time=0.35832953453063965
INFO - 11/06/25 18:01:01 - 0:11:09 - Epoch 7: val_AUC=0.8420950276297097, val_AP=0.8434470114560572
INFO - 11/06/25 18:01:01 - 0:11:09 - Epoch 8: train_loss=2.2575950622558594, train_AUC=0.885205229407738, train_AP=0.8962633035504, time=0.35539674758911133
INFO - 11/06/25 18:01:01 - 0:11:09 - Epoch 8: val_AUC=0.8568822576861421, val_AP=0.85645592204116
INFO - 11/06/25 18:01:01 - 0:11:10 - Epoch 9: train_loss=2.0646605491638184, train_AUC=0.8995800393523555, train_AP=0.9084301083805135, time=0.3607139587402344
INFO - 11/06/25 18:01:01 - 0:11:10 - Epoch 9: val_AUC=0.8616404814346595, val_AP=0.8616807434132003
INFO - 11/06/25 18:01:02 - 0:11:10 - Epoch 10: train_loss=1.9246046543121338, train_AUC=0.901419321839506, train_AP=0.910977141014971, time=0.3671073913574219
INFO - 11/06/25 18:01:02 - 0:11:10 - Epoch 10: val_AUC=0.8696341181300422, val_AP=0.8685279488146468
INFO - 11/06/25 18:01:02 - 0:11:10 - Epoch 11: train_loss=1.8073039054870605, train_AUC=0.9074844577205522, train_AP=0.9154767761728457, time=0.34534215927124023
INFO - 11/06/25 18:01:02 - 0:11:11 - Epoch 11: val_AUC=0.8801615303535821, val_AP=0.8775170001398791
INFO - 11/06/25 18:01:03 - 0:11:11 - Epoch 12: train_loss=1.7534167766571045, train_AUC=0.9194282373742781, train_AP=0.9248177923980512, time=0.3956637382507324
INFO - 11/06/25 18:01:03 - 0:11:11 - Epoch 12: val_AUC=0.8873472301867613, val_AP=0.8845123201131737
INFO - 11/06/25 18:01:03 - 0:11:11 - Epoch 13: train_loss=1.6767672300338745, train_AUC=0.9264642083868266, train_AP=0.9298232842630173, time=0.3623316287994385
INFO - 11/06/25 18:01:03 - 0:11:12 - Epoch 13: val_AUC=0.8906045343025454, val_AP=0.8871360725399844
INFO - 11/06/25 18:01:04 - 0:11:12 - Epoch 14: train_loss=1.706179141998291, train_AUC=0.9277965444885258, train_AP=0.9314854205984494, time=0.36250948905944824
INFO - 11/06/25 18:01:04 - 0:11:12 - Epoch 14: val_AUC=0.8954624392341879, val_AP=0.890797739486544
INFO - 11/06/25 18:01:04 - 0:11:12 - Epoch 15: train_loss=1.641886830329895, train_AUC=0.9328650051594634, train_AP=0.9343222772913546, time=0.37084031105041504
INFO - 11/06/25 18:01:04 - 0:11:13 - Epoch 15: val_AUC=0.9006218313805731, val_AP=0.8951685584654547
INFO - 11/06/25 18:01:05 - 0:11:13 - Epoch 16: train_loss=1.5608265399932861, train_AUC=0.939213229018999, train_AP=0.9383801885833687, time=0.36178135871887207
INFO - 11/06/25 18:01:05 - 0:11:13 - Epoch 16: val_AUC=0.9039277033455406, val_AP=0.8983748011998541
INFO - 11/06/25 18:01:05 - 0:11:13 - Epoch 17: train_loss=1.4895182847976685, train_AUC=0.9433671578843337, train_AP=0.9416227405694837, time=0.35465335845947266
INFO - 11/06/25 18:01:05 - 0:11:14 - Epoch 17: val_AUC=0.9068287414145889, val_AP=0.9009494499619564
INFO - 11/06/25 18:01:06 - 0:11:14 - Epoch 18: train_loss=1.4565212726593018, train_AUC=0.9465010345091092, train_AP=0.9438168579535156, time=0.3537631034851074
INFO - 11/06/25 18:01:06 - 0:11:14 - Epoch 18: val_AUC=0.9093104872342921, val_AP=0.903247063295057
INFO - 11/06/25 18:01:06 - 0:11:14 - Epoch 19: train_loss=1.4135730266571045, train_AUC=0.9498872859497909, train_AP=0.9471989735725749, time=0.36462974548339844
INFO - 11/06/25 18:01:06 - 0:11:14 - Epoch 19: val_AUC=0.9112737687184767, val_AP=0.9049709973395228
INFO - 11/06/25 18:01:07 - 0:11:15 - Epoch 20: train_loss=1.368821620941162, train_AUC=0.9512569168450765, train_AP=0.9474941101761627, time=0.35376930236816406
INFO - 11/06/25 18:01:07 - 0:11:15 - Epoch 20: val_AUC=0.9125766496370342, val_AP=0.9063380434923609
INFO - 11/06/25 18:01:07 - 0:11:15 - Epoch 21: train_loss=1.3263037204742432, train_AUC=0.953426953676905, train_AP=0.9501062430370819, time=0.3561210632324219
INFO - 11/06/25 18:01:07 - 0:11:15 - Epoch 21: val_AUC=0.9137563290933024, val_AP=0.9074647345237365
INFO - 11/06/25 18:01:08 - 0:11:16 - Epoch 22: train_loss=1.3036658763885498, train_AUC=0.9538296168754008, train_AP=0.9497508788999875, time=0.35421180725097656
INFO - 11/06/25 18:01:08 - 0:11:16 - Epoch 22: val_AUC=0.9148661604478098, val_AP=0.9084586647076935
INFO - 11/06/25 18:01:08 - 0:11:16 - Epoch 23: train_loss=1.2868411540985107, train_AUC=0.9543738265288313, train_AP=0.9496836365720323, time=0.43932390213012695
INFO - 11/06/25 18:01:08 - 0:11:17 - Epoch 23: val_AUC=0.9159560352018141, val_AP=0.9094169688854029
INFO - 11/06/25 18:01:09 - 0:11:17 - Epoch 24: train_loss=1.2705388069152832, train_AUC=0.9555571111437001, train_AP=0.9512536802926015, time=0.3557748794555664
INFO - 11/06/25 18:01:09 - 0:11:17 - Epoch 24: val_AUC=0.917164427726153, val_AP=0.9104463878308295
INFO - 11/06/25 18:01:09 - 0:11:17 - Epoch 25: train_loss=1.2567565441131592, train_AUC=0.9566157142707631, train_AP=0.9521259975655686, time=0.3578314781188965
INFO - 11/06/25 18:01:09 - 0:11:17 - Epoch 25: val_AUC=0.9181365992649454, val_AP=0.9112937768461491
INFO - 11/06/25 18:01:10 - 0:11:18 - Epoch 26: train_loss=1.2385226488113403, train_AUC=0.9581877832436693, train_AP=0.9536395641319894, time=0.3550131320953369
INFO - 11/06/25 18:01:10 - 0:11:18 - Epoch 26: val_AUC=0.9195372267982119, val_AP=0.9126329964866922
INFO - 11/06/25 18:01:10 - 0:11:18 - Epoch 27: train_loss=1.2294535636901855, train_AUC=0.9580814531818003, train_AP=0.952831594925794, time=0.39078235626220703
INFO - 11/06/25 18:01:10 - 0:11:19 - Epoch 27: val_AUC=0.9210241971744713, val_AP=0.9142906683920691
INFO - 11/06/25 18:01:11 - 0:11:19 - Epoch 28: train_loss=1.2094076871871948, train_AUC=0.959679987285719, train_AP=0.9549143090275837, time=0.4114971160888672
INFO - 11/06/25 18:01:11 - 0:11:19 - Epoch 28: val_AUC=0.9226398672600973, val_AP=0.9156161215676552
INFO - 11/06/25 18:01:11 - 0:11:20 - Epoch 29: train_loss=1.1893680095672607, train_AUC=0.9604725370056667, train_AP=0.9551360174997731, time=0.46830272674560547
INFO - 11/06/25 18:01:12 - 0:11:20 - Epoch 29: val_AUC=0.9247674852402611, val_AP=0.9173099905704423
INFO - 11/06/25 18:01:12 - 0:11:20 - Epoch 30: train_loss=1.1668457984924316, train_AUC=0.9621644890575836, train_AP=0.9565602276471631, time=0.41170477867126465
INFO - 11/06/25 18:01:12 - 0:11:20 - Epoch 30: val_AUC=0.9262285934913785, val_AP=0.9186228742262108
INFO - 11/06/25 18:01:13 - 0:11:21 - Epoch 31: train_loss=1.149277925491333, train_AUC=0.9639244087340273, train_AP=0.9580821090280245, time=0.472794771194458
INFO - 11/06/25 18:01:13 - 0:11:21 - Epoch 31: val_AUC=0.9277226912249604, val_AP=0.9199152071978993
INFO - 11/06/25 18:01:13 - 0:11:22 - Epoch 32: train_loss=1.1426206827163696, train_AUC=0.9641213979890632, train_AP=0.9581349617693817, time=0.4941682815551758
INFO - 11/06/25 18:01:14 - 0:11:22 - Epoch 32: val_AUC=0.9291897050007167, val_AP=0.9212378170391228
INFO - 11/06/25 18:01:14 - 0:11:22 - Epoch 33: train_loss=1.1293056011199951, train_AUC=0.965827123032891, train_AP=0.9600065703210088, time=0.47182750701904297
INFO - 11/06/25 18:01:14 - 0:11:23 - Epoch 33: val_AUC=0.9307552799463045, val_AP=0.9226451764023931
INFO - 11/06/25 18:01:15 - 0:11:23 - Epoch 34: train_loss=1.118918538093567, train_AUC=0.9666494339829744, train_AP=0.9605486124665243, time=0.48257946968078613
INFO - 11/06/25 18:01:15 - 0:11:23 - Epoch 34: val_AUC=0.9322858290216216, val_AP=0.9240814389820662
INFO - 11/06/25 18:01:16 - 0:11:24 - Epoch 35: train_loss=1.104954719543457, train_AUC=0.9682233539845623, train_AP=0.962000981363895, time=0.5180811882019043
INFO - 11/06/25 18:01:16 - 0:11:24 - Epoch 35: val_AUC=0.933421929778832, val_AP=0.9252485880677572
INFO - 11/06/25 18:01:16 - 0:11:24 - Epoch 36: train_loss=1.0941205024719238, train_AUC=0.9699121372726308, train_AP=0.9643968970641066, time=0.461533784866333
INFO - 11/06/25 18:01:16 - 0:11:25 - Epoch 36: val_AUC=0.9344356436288757, val_AP=0.9262479158363909
INFO - 11/06/25 18:01:17 - 0:11:25 - Epoch 37: train_loss=1.0871285200119019, train_AUC=0.970199046542206, train_AP=0.9643345809432692, time=0.48439836502075195
INFO - 11/06/25 18:01:17 - 0:11:25 - Epoch 37: val_AUC=0.9355890536824408, val_AP=0.9273550644865614
INFO - 11/06/25 18:01:18 - 0:11:26 - Epoch 38: train_loss=1.077774167060852, train_AUC=0.9716066048566754, train_AP=0.9662771623375087, time=0.49590229988098145
INFO - 11/06/25 18:01:18 - 0:11:26 - Epoch 38: val_AUC=0.9368650542819533, val_AP=0.9284681797328401
INFO - 11/06/25 18:01:18 - 0:11:27 - Epoch 39: train_loss=1.0653241872787476, train_AUC=0.9730420918652734, train_AP=0.9675758961284854, time=0.46676111221313477
INFO - 11/06/25 18:01:19 - 0:11:27 - Epoch 39: val_AUC=0.9381086763153437, val_AP=0.929496473622003
INFO - 11/06/25 18:01:19 - 0:11:27 - Epoch 40: train_loss=1.054465413093567, train_AUC=0.9741677642251121, train_AP=0.9689508144641437, time=0.4746067523956299
INFO - 11/06/25 18:01:19 - 0:11:27 - Epoch 40: val_AUC=0.9392616790913475, val_AP=0.9305095840102723
INFO - 11/06/25 18:01:20 - 0:11:28 - Epoch 41: train_loss=1.0441811084747314, train_AUC=0.9752042275697256, train_AP=0.9698507151507212, time=0.42476844787597656
INFO - 11/06/25 18:01:20 - 0:11:28 - Epoch 41: val_AUC=0.9400964962725956, val_AP=0.9313070141320293
INFO - 11/06/25 18:01:20 - 0:11:28 - Epoch 42: train_loss=1.0396370887756348, train_AUC=0.9756806672060674, train_AP=0.9705598278943509, time=0.4003317356109619
INFO - 11/06/25 18:01:20 - 0:11:29 - Epoch 42: val_AUC=0.9409728557650954, val_AP=0.9321374029385027
INFO - 11/06/25 18:01:21 - 0:11:29 - Epoch 43: train_loss=1.0325775146484375, train_AUC=0.9766672286842962, train_AP=0.9718772270051345, time=0.42365264892578125
INFO - 11/06/25 18:01:21 - 0:11:29 - Epoch 43: val_AUC=0.9417870036101084, val_AP=0.9329013595421998
INFO - 11/06/25 18:01:22 - 0:11:30 - Epoch 44: train_loss=1.0266671180725098, train_AUC=0.9769118212543061, train_AP=0.9716593059003509, time=0.49442338943481445
INFO - 11/06/25 18:01:22 - 0:11:30 - Epoch 44: val_AUC=0.9425446416934927, val_AP=0.9335962861859944
INFO - 11/06/25 18:01:22 - 0:11:30 - Epoch 45: train_loss=1.020304560661316, train_AUC=0.9773953449940423, train_AP=0.9723536673763716, time=0.45955777168273926
INFO - 11/06/25 18:01:22 - 0:11:31 - Epoch 45: val_AUC=0.9432455663764677, val_AP=0.9342113034904385
INFO - 11/06/25 18:01:23 - 0:11:31 - Epoch 46: train_loss=1.0147615671157837, train_AUC=0.9776987897088942, train_AP=0.9722962165801956, time=0.4794766902923584
INFO - 11/06/25 18:01:23 - 0:11:31 - Epoch 46: val_AUC=0.9439003668756272, val_AP=0.9348036831649834
INFO - 11/06/25 18:01:24 - 0:11:32 - Epoch 47: train_loss=1.0054430961608887, train_AUC=0.9788164577346192, train_AP=0.9737096723926548, time=0.4961278438568115
INFO - 11/06/25 18:01:24 - 0:11:32 - Epoch 47: val_AUC=0.9444528388875131, val_AP=0.9352920435452343
INFO - 11/06/25 18:01:24 - 0:11:32 - Epoch 48: train_loss=0.9989475607872009, train_AUC=0.9793733959841389, train_AP=0.9742933917449388, time=0.4727320671081543
INFO - 11/06/25 18:01:25 - 0:11:33 - Epoch 48: val_AUC=0.9450816754421406, val_AP=0.9358640642298188
INFO - 11/06/25 18:01:25 - 0:11:33 - Epoch 49: train_loss=0.9927386045455933, train_AUC=0.9797490922837138, train_AP=0.9747924494126026, time=0.47728610038757324
INFO - 11/06/25 18:01:25 - 0:11:33 - Epoch 49: val_AUC=0.945575499485201, val_AP=0.9363135950768658
INFO - 11/06/25 18:01:26 - 0:11:34 - Epoch 50: train_loss=0.9867545366287231, train_AUC=0.980267024022448, train_AP=0.9755175774311754, time=0.49837660789489746
INFO - 11/06/25 18:01:26 - 0:11:34 - Epoch 50: val_AUC=0.9460852073531523, val_AP=0.9367805299592706
INFO - 11/06/25 18:01:26 - 0:11:35 - Epoch 51: train_loss=0.9821503758430481, train_AUC=0.9808052520881407, train_AP=0.9762279129432353, time=0.4532492160797119
INFO - 11/06/25 18:01:27 - 0:11:35 - Epoch 51: val_AUC=0.9465612130029064, val_AP=0.9372291440197046
INFO - 11/06/25 18:01:27 - 0:11:35 - Epoch 52: train_loss=0.9756578207015991, train_AUC=0.9813418846763043, train_AP=0.9766530978135793, time=0.48047661781311035
INFO - 11/06/25 18:01:27 - 0:11:35 - Epoch 52: val_AUC=0.9468806204303457, val_AP=0.9375698263519295
INFO - 11/06/25 18:01:28 - 0:11:36 - Epoch 53: train_loss=0.9751343727111816, train_AUC=0.9809645384779007, train_AP=0.9760975909262402, time=0.5019662380218506
INFO - 11/06/25 18:01:28 - 0:11:36 - Epoch 53: val_AUC=0.9472669231972266, val_AP=0.9379451367564432
INFO - 11/06/25 18:01:28 - 0:11:37 - Epoch 54: train_loss=0.9691751003265381, train_AUC=0.9818959033727831, train_AP=0.9772584423403347, time=0.4593193531036377
INFO - 11/06/25 18:01:29 - 0:11:37 - Epoch 54: val_AUC=0.9476371385004366, val_AP=0.9383380198516112
INFO - 11/06/25 18:01:29 - 0:11:37 - Epoch 55: train_loss=0.9665621519088745, train_AUC=0.9817016029526556, train_AP=0.9767260003373758, time=0.4787914752960205
INFO - 11/06/25 18:01:29 - 0:11:38 - Epoch 55: val_AUC=0.9480069465260854, val_AP=0.9387699319944178
INFO - 11/06/25 18:01:30 - 0:11:38 - Epoch 56: train_loss=0.961521565914154, train_AUC=0.9826368477868209, train_AP=0.9782629818318386, time=0.5214052200317383
INFO - 11/06/25 18:01:30 - 0:11:38 - Epoch 56: val_AUC=0.9483474305673214, val_AP=0.9391605889734681
INFO - 11/06/25 18:01:31 - 0:11:39 - Epoch 57: train_loss=0.95600426197052, train_AUC=0.9829503169403518, train_AP=0.9785983438267404, time=0.45935750007629395
INFO - 11/06/25 18:01:31 - 0:11:39 - Epoch 57: val_AUC=0.9486412813277901, val_AP=0.9395010323592465
INFO - 11/06/25 18:01:31 - 0:11:39 - Epoch 58: train_loss=0.9529781937599182, train_AUC=0.9831637803506569, train_AP=0.978782944049186, time=0.4987955093383789
INFO - 11/06/25 18:01:31 - 0:11:40 - Epoch 58: val_AUC=0.9489481649702198, val_AP=0.9398429881773682
INFO - 11/06/25 18:01:32 - 0:11:40 - Epoch 59: train_loss=0.9479305744171143, train_AUC=0.983560045612052, train_AP=0.9791551539972325, time=0.48500609397888184
INFO - 11/06/25 18:01:32 - 0:11:40 - Epoch 59: val_AUC=0.9493077910568364, val_AP=0.9402275493292246
INFO - 11/06/25 18:01:33 - 0:11:41 - Epoch 60: train_loss=0.9444113373756409, train_AUC=0.9836656595671064, train_AP=0.9792250517440374, time=0.45960164070129395
INFO - 11/06/25 18:01:33 - 0:11:41 - Epoch 60: val_AUC=0.9496132492278018, val_AP=0.9405652706921304
INFO - 11/06/25 18:01:33 - 0:11:42 - Epoch 61: train_loss=0.9404162168502808, train_AUC=0.9843068159231181, train_AP=0.9802703591664239, time=0.47182726860046387
INFO - 11/06/25 18:01:34 - 0:11:42 - Epoch 61: val_AUC=0.9498971216880188, val_AP=0.9408782424823735
INFO - 11/06/25 18:01:34 - 0:11:42 - Epoch 62: train_loss=0.9341919422149658, train_AUC=0.9849926268050245, train_AP=0.9810821981934259, time=0.5042316913604736
INFO - 11/06/25 18:01:34 - 0:11:42 - Epoch 62: val_AUC=0.9501850669238489, val_AP=0.9412431781010044
INFO - 11/06/25 18:01:35 - 0:11:43 - Epoch 63: train_loss=0.9341755509376526, train_AUC=0.9843764730736342, train_AP=0.9800799082012627, time=0.4742581844329834
INFO - 11/06/25 18:01:35 - 0:11:43 - Epoch 63: val_AUC=0.9504534628367372, val_AP=0.9415552387866193
INFO - 11/06/25 18:01:35 - 0:11:44 - Epoch 64: train_loss=0.9282007217407227, train_AUC=0.9851042380225602, train_AP=0.980629593063843, time=0.4985980987548828
INFO - 11/06/25 18:01:36 - 0:11:44 - Epoch 64: val_AUC=0.9506996621225352, val_AP=0.9418547236255896
INFO - 11/06/25 18:01:36 - 0:11:44 - Epoch 65: train_loss=0.9252086877822876, train_AUC=0.9854070939658722, train_AP=0.9814434740687457, time=0.4886925220489502
INFO - 11/06/25 18:01:36 - 0:11:45 - Epoch 65: val_AUC=0.9509645961761524, val_AP=0.9422035499158882
INFO - 11/06/25 18:01:37 - 0:11:45 - Epoch 66: train_loss=0.920461893081665, train_AUC=0.9859137384804233, train_AP=0.9817781603648268, time=0.46443605422973633
INFO - 11/06/25 18:01:37 - 0:11:45 - Epoch 66: val_AUC=0.9511995953290151, val_AP=0.9425018046827985
INFO - 11/06/25 18:01:38 - 0:11:46 - Epoch 67: train_loss=0.9174453020095825, train_AUC=0.9860369740171847, train_AP=0.9822184861790315, time=0.4732637405395508
INFO - 11/06/25 18:01:38 - 0:11:46 - Epoch 67: val_AUC=0.9514026231933167, val_AP=0.9428135640725529
INFO - 11/06/25 18:01:38 - 0:11:46 - Epoch 68: train_loss=0.9139053225517273, train_AUC=0.9862468366395352, train_AP=0.9823433347257142, time=0.4977273941040039
INFO - 11/06/25 18:01:38 - 0:11:47 - Epoch 68: val_AUC=0.9515918036205345, val_AP=0.9431091136091047
INFO - 11/06/25 18:01:39 - 0:11:47 - Epoch 69: train_loss=0.9091503620147705, train_AUC=0.9869638349771023, train_AP=0.9833136704787329, time=0.40700340270996094
INFO - 11/06/25 18:01:39 - 0:11:47 - Epoch 69: val_AUC=0.9517447363447981, val_AP=0.9434095507866375
INFO - 11/06/25 18:01:40 - 0:11:48 - Epoch 70: train_loss=0.9059739112854004, train_AUC=0.9870821518146221, train_AP=0.9834905011656548, time=0.43288755416870117
INFO - 11/06/25 18:01:40 - 0:11:48 - Epoch 70: val_AUC=0.9519145710878546, val_AP=0.943698001020352
INFO - 11/06/25 18:01:40 - 0:11:48 - Epoch 71: train_loss=0.9027161598205566, train_AUC=0.9873378565448276, train_AP=0.9835820417859972, time=0.4910848140716553
INFO - 11/06/25 18:01:40 - 0:11:49 - Epoch 71: val_AUC=0.9520282015274538, val_AP=0.9439380302126612
INFO - 11/06/25 18:01:41 - 0:11:49 - Epoch 72: train_loss=0.8983610272407532, train_AUC=0.9878480201273229, train_AP=0.9844568836130116, time=0.5079584121704102
INFO - 11/06/25 18:01:41 - 0:11:49 - Epoch 72: val_AUC=0.9521563921398689, val_AP=0.9442050654670715
INFO - 11/06/25 18:01:42 - 0:11:50 - Epoch 73: train_loss=0.8989595770835876, train_AUC=0.9874176369377422, train_AP=0.9839701394326381, time=0.43723535537719727
INFO - 11/06/25 18:01:42 - 0:11:50 - Epoch 73: val_AUC=0.9523100375998645, val_AP=0.9444641754808061
INFO - 11/06/25 18:01:42 - 0:11:50 - Epoch 74: train_loss=0.8928431272506714, train_AUC=0.9879222329922933, train_AP=0.9845552590919681, time=0.4841911792755127
INFO - 11/06/25 18:01:42 - 0:11:51 - Epoch 74: val_AUC=0.9524444391950891, val_AP=0.9447389650451063
INFO - 11/06/25 18:01:43 - 0:11:51 - Epoch 75: train_loss=0.8909974694252014, train_AUC=0.9879650884451162, train_AP=0.9846110088908278, time=0.5061314105987549
INFO - 11/06/25 18:01:43 - 0:11:51 - Epoch 75: val_AUC=0.9525863754251979, val_AP=0.9450150700136254
INFO - 11/06/25 18:01:44 - 0:11:52 - Epoch 76: train_loss=0.8865953683853149, train_AUC=0.9882752669592664, train_AP=0.9851480431800552, time=0.47474169731140137
INFO - 11/06/25 18:01:44 - 0:11:52 - Epoch 76: val_AUC=0.9526780128764875, val_AP=0.94524167775281
INFO - 11/06/25 18:01:44 - 0:11:53 - Epoch 77: train_loss=0.8830716013908386, train_AUC=0.9886533426496588, train_AP=0.98547056056119, time=0.4618794918060303
INFO - 11/06/25 18:01:45 - 0:11:53 - Epoch 77: val_AUC=0.9527977524795056, val_AP=0.9454915287487798
INFO - 11/06/25 18:01:45 - 0:11:53 - Epoch 78: train_loss=0.8795802593231201, train_AUC=0.9890121257250297, train_AP=0.9860570147779302, time=0.5021331310272217
INFO - 11/06/25 18:01:45 - 0:11:53 - Epoch 78: val_AUC=0.9529038482842211, val_AP=0.9457467484890565
INFO - 11/06/25 18:01:46 - 0:11:54 - Epoch 79: train_loss=0.876752495765686, train_AUC=0.9890842670581871, train_AP=0.9860297442825094, time=0.46388721466064453
INFO - 11/06/25 18:01:46 - 0:11:54 - Epoch 79: val_AUC=0.9529775655228139, val_AP=0.9459997931875384
INFO - 11/06/25 18:01:46 - 0:11:55 - Epoch 80: train_loss=0.8745110034942627, train_AUC=0.9890042372783444, train_AP=0.985680386468025, time=0.4741702079772949
INFO - 11/06/25 18:01:47 - 0:11:55 - Epoch 80: val_AUC=0.953056373730923, val_AP=0.9462234929287809
INFO - 11/06/25 18:01:47 - 0:11:55 - Epoch 81: train_loss=0.8725915551185608, train_AUC=0.9886938815867582, train_AP=0.9853596843528999, time=0.5166230201721191
INFO - 11/06/25 18:01:47 - 0:11:56 - Epoch 81: val_AUC=0.9530775521641099, val_AP=0.9463382518464774
INFO - 11/06/25 18:01:48 - 0:11:56 - Epoch 82: train_loss=0.8685859441757202, train_AUC=0.9890965262925792, train_AP=0.9861142914053522, time=0.462688684463501
INFO - 11/06/25 18:01:48 - 0:11:56 - Epoch 82: val_AUC=0.9530378426018845, val_AP=0.9463043505394977
INFO - 11/06/25 18:01:49 - 0:11:57 - Epoch 83: train_loss=0.8628818392753601, train_AUC=0.9894171013884725, train_AP=0.9862356952019617, time=0.4785017967224121
INFO - 11/06/25 18:01:49 - 0:11:57 - Epoch 83: val_AUC=0.9529665690286594, val_AP=0.9462195427496124
INFO - 11/06/25 18:01:49 - 0:11:57 - Epoch 84: train_loss=0.8600753545761108, train_AUC=0.9893867205656723, train_AP=0.9864206132174709, time=0.5027201175689697
INFO - 11/06/25 18:01:49 - 0:11:58 - Epoch 84: val_AUC=0.9529443724015692, val_AP=0.9461982693071952
INFO - 11/06/25 18:01:50 - 0:11:58 - Epoch 85: train_loss=0.8561081290245056, train_AUC=0.9897009952953395, train_AP=0.9867220531098182, time=0.45578813552856445
INFO - 11/06/25 18:01:50 - 0:11:58 - Epoch 85: val_AUC=0.9530072967847878, val_AP=0.9463529821114652
INFO - 11/06/25 18:01:51 - 0:11:59 - Epoch 86: train_loss=0.8534421920776367, train_AUC=0.9900293410131621, train_AP=0.9872003444456501, time=0.437880277633667
INFO - 11/06/25 18:01:51 - 0:11:59 - Epoch 86: val_AUC=0.9531883316607801, val_AP=0.9466885685869231
INFO - 11/06/25 18:01:51 - 0:11:59 - Epoch 87: train_loss=0.8521788120269775, train_AUC=0.9899093221450824, train_AP=0.9867849349225625, time=0.4788830280303955
INFO - 11/06/25 18:01:51 - 0:12:00 - Epoch 87: val_AUC=0.9534542839083007, val_AP=0.9471484148291083
INFO - 11/06/25 18:01:52 - 0:12:00 - Epoch 88: train_loss=0.8485755920410156, train_AUC=0.9901424501373522, train_AP=0.9873245733854705, time=0.49883246421813965
INFO - 11/06/25 18:01:52 - 0:12:00 - Epoch 88: val_AUC=0.953756280219995, val_AP=0.9476744007266261
INFO - 11/06/25 18:01:53 - 0:12:01 - Epoch 89: train_loss=0.8465699553489685, train_AUC=0.9902441598484657, train_AP=0.9872830799530797, time=0.40201830863952637
INFO - 11/06/25 18:01:53 - 0:12:01 - Epoch 89: val_AUC=0.9540682548319409, val_AP=0.948224331056429
INFO - 11/06/25 18:01:53 - 0:12:01 - Epoch 90: train_loss=0.8423458933830261, train_AUC=0.9906736073087041, train_AP=0.9877943281469993, time=0.4335789680480957
INFO - 11/06/25 18:01:53 - 0:12:02 - Epoch 90: val_AUC=0.9542924611294294, val_AP=0.9486646749775098
INFO - 11/06/25 18:01:54 - 0:12:02 - Epoch 91: train_loss=0.8413105010986328, train_AUC=0.9907444194588487, train_AP=0.9878949017002591, time=0.4745931625366211
INFO - 11/06/25 18:01:54 - 0:12:02 - Epoch 91: val_AUC=0.9544954889937312, val_AP=0.9490562376357137
INFO - 11/06/25 18:01:55 - 0:12:03 - Epoch 92: train_loss=0.8387470245361328, train_AUC=0.9905823001674381, train_AP=0.9874837581843615, time=0.5117826461791992
INFO - 11/06/25 18:01:55 - 0:12:03 - Epoch 92: val_AUC=0.9546854839760714, val_AP=0.9493950362767484
INFO - 11/06/25 18:01:55 - 0:12:04 - Epoch 93: train_loss=0.8372141122817993, train_AUC=0.9911361675762254, train_AP=0.988451364581222, time=0.4499514102935791
INFO - 11/06/25 18:01:56 - 0:12:04 - Epoch 93: val_AUC=0.9548803662891475, val_AP=0.9497333656625082
INFO - 11/06/25 18:01:56 - 0:12:04 - Epoch 94: train_loss=0.8328197002410889, train_AUC=0.9913900987708624, train_AP=0.9889137468846921, time=0.4669029712677002
INFO - 11/06/25 18:01:56 - 0:12:04 - Epoch 94: val_AUC=0.9550614011651396, val_AP=0.9500244233285476
INFO - 11/06/25 18:01:57 - 0:12:05 - Epoch 95: train_loss=0.8293002843856812, train_AUC=0.9917245247040211, train_AP=0.9892085018013579, time=0.4966928958892822
INFO - 11/06/25 18:01:57 - 0:12:05 - Epoch 95: val_AUC=0.9552244140090448, val_AP=0.9503117665037759
INFO - 11/06/25 18:01:57 - 0:12:06 - Epoch 96: train_loss=0.8280391693115234, train_AUC=0.9917521730139762, train_AP=0.9893262312216251, time=0.4576890468597412
INFO - 11/06/25 18:01:58 - 0:12:06 - Epoch 96: val_AUC=0.95536848844635, val_AP=0.9505618868777004
INFO - 11/06/25 18:01:58 - 0:12:06 - Epoch 97: train_loss=0.8263336420059204, train_AUC=0.9915696008242946, train_AP=0.9888702712819054, time=0.4689474105834961
INFO - 11/06/25 18:01:58 - 0:12:06 - Epoch 97: val_AUC=0.9555020754864522, val_AP=0.9508175865804317
INFO - 11/06/25 18:01:59 - 0:12:07 - Epoch 98: train_loss=0.8244757056236267, train_AUC=0.9918150456424293, train_AP=0.9894093042195692, time=0.5007188320159912
INFO - 11/06/25 18:01:59 - 0:12:07 - Epoch 98: val_AUC=0.9556480844921738, val_AP=0.951105986649792
INFO - 11/06/25 18:02:00 - 0:12:08 - Epoch 99: train_loss=0.8226015567779541, train_AUC=0.9917145331999151, train_AP=0.9890378324859104, time=0.4591207504272461
INFO - 11/06/25 18:02:00 - 0:12:08 - Epoch 99: val_AUC=0.9557343255157764, val_AP=0.9513107652066846
INFO - 11/06/25 18:02:00 - 0:12:08 - Epoch 100: train_loss=0.8175760507583618, train_AUC=0.9925628286475887, train_AP=0.9904748448390343, time=0.4826059341430664
INFO - 11/06/25 18:02:00 - 0:12:09 - Epoch 100: val_AUC=0.9558095700452242, val_AP=0.9515706226770316
INFO - 11/06/25 18:02:01 - 0:12:09 - Epoch 101: train_loss=0.8178179264068604, train_AUC=0.9921414048947423, train_AP=0.9898436741484213, time=0.5142264366149902
INFO - 11/06/25 18:02:01 - 0:12:09 - Epoch 101: val_AUC=0.955858239713798, val_AP=0.9517848474342574
INFO - 11/06/25 18:02:02 - 0:12:10 - Epoch 102: train_loss=0.8144471049308777, train_AUC=0.9925353946765398, train_AP=0.990313869708064, time=0.46944618225097656
INFO - 11/06/25 18:02:02 - 0:12:10 - Epoch 102: val_AUC=0.9558661816262429, val_AP=0.9519133752636402
INFO - 11/06/25 18:02:02 - 0:12:10 - Epoch 103: train_loss=0.8132369518280029, train_AUC=0.9923453614851404, train_AP=0.9900391208451169, time=0.47690653800964355
INFO - 11/06/25 18:02:03 - 0:12:11 - Epoch 103: val_AUC=0.9558623124894109, val_AP=0.9519845459326688
INFO - 11/06/25 18:02:03 - 0:12:11 - Epoch 104: train_loss=0.8100664615631104, train_AUC=0.9926106637374195, train_AP=0.9902521618562516, time=0.49735069274902344
INFO - 11/06/25 18:02:03 - 0:12:11 - Epoch 104: val_AUC=0.955818122874011, val_AP=0.9519974868415944
INFO - 11/06/25 18:02:04 - 0:12:12 - Epoch 105: train_loss=0.8084530830383301, train_AUC=0.992535717329684, train_AP=0.9903474811805295, time=0.4803497791290283
INFO - 11/06/25 18:02:04 - 0:12:12 - Epoch 105: val_AUC=0.9557802460608114, val_AP=0.9520093070024849
INFO - 11/06/25 18:02:04 - 0:12:13 - Epoch 106: train_loss=0.806451678276062, train_AUC=0.9929627112522852, train_AP=0.9908167411685223, time=0.48232030868530273
INFO - 11/06/25 18:02:05 - 0:12:13 - Epoch 106: val_AUC=0.9558122173493724, val_AP=0.9521282837514804
INFO - 11/06/25 18:02:05 - 0:12:13 - Epoch 107: train_loss=0.8041455745697021, train_AUC=0.9929464697524766, train_AP=0.9907914469562045, time=0.5029885768890381
INFO - 11/06/25 18:02:05 - 0:12:13 - Epoch 107: val_AUC=0.9558975419984622, val_AP=0.9523126833945823
INFO - 11/06/25 18:02:06 - 0:12:14 - Epoch 108: train_loss=0.8018964529037476, train_AUC=0.9928503450052578, train_AP=0.9905258691877219, time=0.44057202339172363
INFO - 11/06/25 18:02:06 - 0:12:14 - Epoch 108: val_AUC=0.9559871430619453, val_AP=0.9525376872146811
INFO - 11/06/25 18:02:06 - 0:12:15 - Epoch 109: train_loss=0.8003065586090088, train_AUC=0.9929395816714348, train_AP=0.9908039618795482, time=0.47191715240478516
INFO - 11/06/25 18:02:07 - 0:12:15 - Epoch 109: val_AUC=0.9560423291714996, val_AP=0.9526923643611067
INFO - 11/06/25 18:02:07 - 0:12:15 - Epoch 110: train_loss=0.7990916967391968, train_AUC=0.9928455259903393, train_AP=0.9904531272901015, time=0.4360494613647461
INFO - 11/06/25 18:02:07 - 0:12:15 - Epoch 110: val_AUC=0.95604558739199, val_AP=0.9527670961021858
INFO - 11/06/25 18:02:08 - 0:12:16 - Epoch 111: train_loss=0.79759281873703, train_AUC=0.9931227487968813, train_AP=0.9906069077002007, time=0.5091681480407715
INFO - 11/06/25 18:02:08 - 0:12:16 - Epoch 111: val_AUC=0.9559958995295128, val_AP=0.9527138109385276
INFO - 11/06/25 18:02:08 - 0:12:17 - Epoch 112: train_loss=0.7956466674804688, train_AUC=0.9929752820442166, train_AP=0.9905784434981667, time=0.4954686164855957
INFO - 11/06/25 18:02:09 - 0:12:17 - Epoch 112: val_AUC=0.9559586336326551, val_AP=0.9527131070476627
INFO - 11/06/25 18:02:09 - 0:12:17 - Epoch 113: train_loss=0.7934703826904297, train_AUC=0.9931994791313076, train_AP=0.9909114875794122, time=0.4773240089416504
INFO - 11/06/25 18:02:09 - 0:12:17 - Epoch 113: val_AUC=0.9559781829555969, val_AP=0.9528034278365936
INFO - 11/06/25 18:02:10 - 0:12:18 - Epoch 114: train_loss=0.7906960844993591, train_AUC=0.9937010793725495, train_AP=0.9915022105612603, time=0.4267861843109131
INFO - 11/06/25 18:02:10 - 0:12:18 - Epoch 114: val_AUC=0.9560215580158741, val_AP=0.9529665096776909
INFO - 11/06/25 18:02:10 - 0:12:19 - Epoch 115: train_loss=0.7889158725738525, train_AUC=0.9935308564149437, train_AP=0.9914357597616887, time=0.5202052593231201
INFO - 11/06/25 18:02:11 - 0:12:19 - Epoch 115: val_AUC=0.9560846860378736, val_AP=0.9531369844192713
INFO - 11/06/25 18:02:11 - 0:12:19 - Epoch 116: train_loss=0.7891393303871155, train_AUC=0.9935422371592249, train_AP=0.9914019424289896, time=0.45807313919067383
INFO - 11/06/25 18:02:11 - 0:12:19 - Epoch 116: val_AUC=0.9561154354937507, val_AP=0.9532171084579186
INFO - 11/06/25 18:02:12 - 0:12:20 - Epoch 117: train_loss=0.7849465012550354, train_AUC=0.9939529982119324, train_AP=0.9921411316975998, time=0.4730794429779053
INFO - 11/06/25 18:02:12 - 0:12:20 - Epoch 117: val_AUC=0.9561258210715634, val_AP=0.953227672343468
INFO - 11/06/25 18:02:13 - 0:12:21 - Epoch 118: train_loss=0.7846289873123169, train_AUC=0.9938286168338194, train_AP=0.9918078908589288, time=0.4921584129333496
INFO - 11/06/25 18:02:13 - 0:12:21 - Epoch 118: val_AUC=0.9561303011247377, val_AP=0.95325885617825
INFO - 11/06/25 18:02:13 - 0:12:21 - Epoch 119: train_loss=0.7827825546264648, train_AUC=0.9939245064598878, train_AP=0.9919229704968605, time=0.4501984119415283
INFO - 11/06/25 18:02:13 - 0:12:22 - Epoch 119: val_AUC=0.956142112174015, val_AP=0.9533303116980499
INFO - 11/06/25 18:02:14 - 0:12:22 - Epoch 120: train_loss=0.7815607786178589, train_AUC=0.9940741016313558, train_AP=0.9921715115828618, time=0.48287343978881836
INFO - 11/06/25 18:02:14 - 0:12:22 - Epoch 120: val_AUC=0.9561636978847633, val_AP=0.9534222343872554
INFO - 11/06/25 18:02:15 - 0:12:23 - Epoch 121: train_loss=0.7794922590255737, train_AUC=0.9939572761840241, train_AP=0.9918652906995574, time=0.4920814037322998
INFO - 11/06/25 18:02:15 - 0:12:23 - Epoch 121: val_AUC=0.9561728616298922, val_AP=0.9535048022131695
INFO - 11/06/25 18:02:15 - 0:12:23 - Epoch 122: train_loss=0.7776755094528198, train_AUC=0.9942018713958446, train_AP=0.9921491295664118, time=0.46147990226745605
INFO - 11/06/25 18:02:15 - 0:12:24 - Epoch 122: val_AUC=0.9561932255079565, val_AP=0.9535845098906859
INFO - 11/06/25 18:02:16 - 0:12:24 - Epoch 123: train_loss=0.7768504619598389, train_AUC=0.9942407854432563, train_AP=0.992503573887999, time=0.47725915908813477
INFO - 11/06/25 18:02:16 - 0:12:24 - Epoch 123: val_AUC=0.9561891527323436, val_AP=0.9536344679333956
INFO - 11/06/25 18:02:17 - 0:12:25 - Epoch 124: train_loss=0.7742606401443481, train_AUC=0.9943120560356139, train_AP=0.9924321087469339, time=0.5076713562011719
INFO - 11/06/25 18:02:17 - 0:12:25 - Epoch 124: val_AUC=0.9561710288808665, val_AP=0.9536883721528779
INFO - 11/06/25 18:02:17 - 0:12:26 - Epoch 125: train_loss=0.7738953828811646, train_AUC=0.9941781488165573, train_AP=0.9921918127382494, time=0.4797055721282959
INFO - 11/06/25 18:02:18 - 0:12:26 - Epoch 125: val_AUC=0.9561548395978053, val_AP=0.9537368770217453
INFO - 11/06/25 18:02:18 - 0:12:26 - Epoch 126: train_loss=0.772252082824707, train_AUC=0.9944722114049664, train_AP=0.9927375429572808, time=0.4660522937774658
INFO - 11/06/25 18:02:18 - 0:12:26 - Epoch 126: val_AUC=0.9561079008588669, val_AP=0.9537477010942235
INFO - 11/06/25 18:02:19 - 0:12:27 - Epoch 127: train_loss=0.7702499628067017, train_AUC=0.9946820622272292, train_AP=0.9930064009814458, time=0.4984402656555176
INFO - 11/06/25 18:02:19 - 0:12:27 - Epoch 127: val_AUC=0.9560732822661575, val_AP=0.9537941696994822
INFO - 11/06/25 18:02:19 - 0:12:28 - Epoch 128: train_loss=0.7688391208648682, train_AUC=0.9946719534267291, train_AP=0.9928682350805678, time=0.4574851989746094
INFO - 11/06/25 18:02:20 - 0:12:28 - Epoch 128: val_AUC=0.9560581111769996, val_AP=0.9538585102355143
INFO - 11/06/25 18:02:20 - 0:12:28 - Epoch 129: train_loss=0.7677269577980042, train_AUC=0.9945554641938364, train_AP=0.9925072756876947, time=0.4708421230316162
INFO - 11/06/25 18:02:20 - 0:12:29 - Epoch 129: val_AUC=0.9560005832214676, val_AP=0.9538795478397898
INFO - 11/06/25 18:02:21 - 0:12:29 - Epoch 130: train_loss=0.7675995826721191, train_AUC=0.9947068714713088, train_AP=0.9931191425917438, time=0.49591660499572754
INFO - 11/06/25 18:02:21 - 0:12:29 - Epoch 130: val_AUC=0.9559734992636423, val_AP=0.9539014772658353
INFO - 11/06/25 18:02:22 - 0:12:30 - Epoch 131: train_loss=0.764303982257843, train_AUC=0.9948346368327798, train_AP=0.9931131576510536, time=0.46104860305786133
INFO - 11/06/25 18:02:22 - 0:12:30 - Epoch 131: val_AUC=0.9559486553324036, val_AP=0.9539053398907162
INFO - 11/06/25 18:02:22 - 0:12:30 - Epoch 132: train_loss=0.7633234262466431, train_AUC=0.994861031515508, train_AP=0.9931132770892632, time=0.503878116607666
INFO - 11/06/25 18:02:22 - 0:12:31 - Epoch 132: val_AUC=0.9559270696216555, val_AP=0.9539550344206023
INFO - 11/06/25 18:02:23 - 0:12:31 - Epoch 133: train_loss=0.7615528106689453, train_AUC=0.9951657013260318, train_AP=0.9935676792781314, time=0.4913349151611328
INFO - 11/06/25 18:02:23 - 0:12:31 - Epoch 133: val_AUC=0.9559065021048103, val_AP=0.9540097003299699
INFO - 11/06/25 18:02:24 - 0:12:32 - Epoch 134: train_loss=0.7609090805053711, train_AUC=0.9951570055420031, train_AP=0.9936177829742713, time=0.47826457023620605
INFO - 11/06/25 18:02:24 - 0:12:32 - Epoch 134: val_AUC=0.9558771781203977, val_AP=0.9540592183324824
INFO - 11/06/25 18:02:24 - 0:12:32 - Epoch 135: train_loss=0.7580406665802002, train_AUC=0.9953068166374637, train_AP=0.9937700073020583, time=0.46448230743408203
INFO - 11/06/25 18:02:24 - 0:12:33 - Epoch 135: val_AUC=0.9558480577747658, val_AP=0.9540835719313348
INFO - 11/06/25 18:02:25 - 0:12:33 - Epoch 136: train_loss=0.7582678198814392, train_AUC=0.9952450836861374, train_AP=0.9937398573084177, time=0.4840083122253418
INFO - 11/06/25 18:02:25 - 0:12:33 - Epoch 136: val_AUC=0.955817104680108, val_AP=0.9541099012170221
INFO - 11/06/25 18:02:26 - 0:12:34 - Epoch 137: train_loss=0.7580597400665283, train_AUC=0.9948968671489966, train_AP=0.9931848730436647, time=0.4850902557373047
INFO - 11/06/25 18:02:26 - 0:12:34 - Epoch 137: val_AUC=0.9557716932320245, val_AP=0.9541080137091432
INFO - 11/06/25 18:02:26 - 0:12:35 - Epoch 138: train_loss=0.7540749311447144, train_AUC=0.9956411599700087, train_AP=0.994061332020005, time=0.48223018646240234
INFO - 11/06/25 18:02:27 - 0:12:35 - Epoch 138: val_AUC=0.9557152852897861, val_AP=0.9541516976157863
INFO - 11/06/25 18:02:27 - 0:12:35 - Epoch 139: train_loss=0.754407525062561, train_AUC=0.9951434905669352, train_AP=0.9932327044822805, time=0.4792039394378662
INFO - 11/06/25 18:02:27 - 0:12:35 - Epoch 139: val_AUC=0.9556629501231608, val_AP=0.9541488467447242
INFO - 11/06/25 18:02:28 - 0:12:36 - Epoch 140: train_loss=0.7519593834877014, train_AUC=0.9955172076219498, train_AP=0.9939421640203442, time=0.5219247341156006
INFO - 11/06/25 18:02:28 - 0:12:36 - Epoch 140: val_AUC=0.9555922874662774, val_AP=0.954141243627311
INFO - 11/06/25 18:02:28 - 0:12:37 - Epoch 141: train_loss=0.7502249479293823, train_AUC=0.9958317523446683, train_AP=0.9946722892898131, time=0.4635913372039795
INFO - 11/06/25 18:02:29 - 0:12:37 - Epoch 141: val_AUC=0.9555116465091426, val_AP=0.9541389887523495
INFO - 11/06/25 18:02:29 - 0:12:37 - Epoch 142: train_loss=0.7488298416137695, train_AUC=0.9957069868472826, train_AP=0.9942189620357335, time=0.48622894287109375
INFO - 11/06/25 18:02:29 - 0:12:38 - Epoch 142: val_AUC=0.9554365037990852, val_AP=0.9541247711509779
INFO - 11/06/25 18:02:30 - 0:12:38 - Epoch 143: train_loss=0.7474185228347778, train_AUC=0.9958654799893563, train_AP=0.9944685631125292, time=0.49106431007385254
INFO - 11/06/25 18:02:30 - 0:12:38 - Epoch 143: val_AUC=0.9553860013814856, val_AP=0.954092660792964
INFO - 11/06/25 18:02:31 - 0:12:39 - Epoch 144: train_loss=0.7478134632110596, train_AUC=0.9957353079383574, train_AP=0.9942626704440726, time=0.5014116764068604
INFO - 11/06/25 18:02:31 - 0:12:39 - Epoch 144: val_AUC=0.9553642120319569, val_AP=0.9541503340502165
INFO - 11/06/25 18:02:31 - 0:12:39 - Epoch 145: train_loss=0.7453755140304565, train_AUC=0.9959322989546004, train_AP=0.994697445375133, time=0.4656820297241211
INFO - 11/06/25 18:02:31 - 0:12:40 - Epoch 145: val_AUC=0.9553574919521953, val_AP=0.9542371330360528
INFO - 11/06/25 18:02:32 - 0:12:40 - Epoch 146: train_loss=0.7447483539581299, train_AUC=0.9957644788118668, train_AP=0.9942994143298245, time=0.4535219669342041
INFO - 11/06/25 18:02:32 - 0:12:40 - Epoch 146: val_AUC=0.9553680811687888, val_AP=0.9542606630478853
INFO - 11/06/25 18:02:33 - 0:12:41 - Epoch 147: train_loss=0.7438485622406006, train_AUC=0.9955909854687619, train_AP=0.9939748618073495, time=0.4810783863067627
INFO - 11/06/25 18:02:33 - 0:12:41 - Epoch 147: val_AUC=0.9553359062414473, val_AP=0.954280117202827
INFO - 11/06/25 18:02:33 - 0:12:41 - Epoch 148: train_loss=0.7422587275505066, train_AUC=0.9958788353990593, train_AP=0.9944732824512268, time=0.4916720390319824
INFO - 11/06/25 18:02:33 - 0:12:42 - Epoch 148: val_AUC=0.955296603956783, val_AP=0.954295081912151
INFO - 11/06/25 18:02:34 - 0:12:42 - Epoch 149: train_loss=0.7418517470359802, train_AUC=0.996025199988309, train_AP=0.9947611598375059, time=0.45952796936035156
INFO - 11/06/25 18:02:34 - 0:12:42 - Epoch 149: val_AUC=0.9552996585384925, val_AP=0.954334181255992
INFO - 11/06/25 18:02:35 - 0:12:43 - Epoch 150: train_loss=0.741047739982605, train_AUC=0.9958734911921778, train_AP=0.9944221022385751, time=0.420504093170166
INFO - 11/06/25 18:02:35 - 0:12:43 - Epoch 150: val_AUC=0.9552672799723705, val_AP=0.9543681806976829
INFO - 11/06/25 18:02:35 - 0:12:43 - Epoch 151: train_loss=0.7412201166152954, train_AUC=0.9958327396773791, train_AP=0.9944715580269881, time=0.39320802688598633
INFO - 11/06/25 18:02:35 - 0:12:43 - Epoch 151: val_AUC=0.9552493597596737, val_AP=0.9544244506206783
INFO - 11/06/25 18:02:36 - 0:12:44 - Epoch 152: train_loss=0.7377028465270996, train_AUC=0.9960680978862234, train_AP=0.9946949752388494, time=0.3947577476501465
INFO - 11/06/25 18:02:36 - 0:12:44 - Epoch 152: val_AUC=0.9552554689230931, val_AP=0.9544536614241753
INFO - 11/06/25 18:02:36 - 0:12:44 - Epoch 153: train_loss=0.7363131642341614, train_AUC=0.9960235809106046, train_AP=0.994548045074831, time=0.4641997814178467
INFO - 11/06/25 18:02:37 - 0:12:45 - Epoch 153: val_AUC=0.9552019119237837, val_AP=0.9544492567719755
INFO - 11/06/25 18:02:37 - 0:12:45 - Epoch 154: train_loss=0.7357698678970337, train_AUC=0.9960956348878888, train_AP=0.9946694958653133, time=0.49059414863586426
INFO - 11/06/25 18:02:37 - 0:12:45 - Epoch 154: val_AUC=0.9551444857876422, val_AP=0.9544386342347544
INFO - 11/06/25 18:02:38 - 0:12:46 - Epoch 155: train_loss=0.7343544363975525, train_AUC=0.9961752197868132, train_AP=0.9947688056471633, time=0.4371058940887451
INFO - 11/06/25 18:02:38 - 0:12:46 - Epoch 155: val_AUC=0.9551803262130355, val_AP=0.9545153552026684
INFO - 11/06/25 18:02:38 - 0:12:46 - Epoch 156: train_loss=0.7337141036987305, train_AUC=0.9961256238421049, train_AP=0.9947902182106924, time=0.4840719699859619
INFO - 11/06/25 18:02:39 - 0:12:47 - Epoch 156: val_AUC=0.9551308419893392, val_AP=0.9545394249835614
INFO - 11/06/25 18:02:39 - 0:12:47 - Epoch 157: train_loss=0.7318906188011169, train_AUC=0.996319779138766, train_AP=0.9950521430585306, time=0.4572765827178955
INFO - 11/06/25 18:02:39 - 0:12:47 - Epoch 157: val_AUC=0.9550924560791877, val_AP=0.9545410917927422
INFO - 11/06/25 18:02:40 - 0:12:48 - Epoch 158: train_loss=0.7308799028396606, train_AUC=0.9964969352643159, train_AP=0.995278411860631, time=0.47382211685180664
INFO - 11/06/25 18:02:40 - 0:12:48 - Epoch 158: val_AUC=0.9550683248836815, val_AP=0.954540918393218
INFO - 11/06/25 18:02:40 - 0:12:48 - Epoch 159: train_loss=0.7290822863578796, train_AUC=0.9964540475814028, train_AP=0.9952649861645474, time=0.4297182559967041
INFO - 11/06/25 18:02:41 - 0:12:49 - Epoch 159: val_AUC=0.9550202661314496, val_AP=0.9545446774552709
INFO - 11/06/25 18:02:41 - 0:12:49 - Epoch 160: train_loss=0.728988766670227, train_AUC=0.9963755544547713, train_AP=0.9950118152388718, time=0.40649890899658203
INFO - 11/06/25 18:02:41 - 0:12:49 - Epoch 160: val_AUC=0.9550597720548946, val_AP=0.9546573445968716
INFO - 11/06/25 18:02:42 - 0:12:50 - Epoch 161: train_loss=0.7284077405929565, train_AUC=0.99636847845293, train_AP=0.9949514209745325, time=0.4408445358276367
INFO - 11/06/25 18:02:42 - 0:12:50 - Epoch 161: val_AUC=0.9550709721878299, val_AP=0.9546813139607313
INFO - 11/06/25 18:02:42 - 0:12:50 - Epoch 162: train_loss=0.7263315916061401, train_AUC=0.9964568487813252, train_AP=0.9949686267315943, time=0.4939093589782715
INFO - 11/06/25 18:02:42 - 0:12:51 - Epoch 162: val_AUC=0.9549608036075017, val_AP=0.9546190763181033
INFO - 11/06/25 18:02:43 - 0:12:51 - Epoch 163: train_loss=0.7254205942153931, train_AUC=0.9965661787072798, train_AP=0.9953125776334646, time=0.49613404273986816
INFO - 11/06/25 18:02:43 - 0:12:51 - Epoch 163: val_AUC=0.954977094709953, val_AP=0.9546143198768767
INFO - 11/06/25 18:02:44 - 0:12:52 - Epoch 164: train_loss=0.7237131595611572, train_AUC=0.9966498492544785, train_AP=0.995454914265102, time=0.4358670711517334
INFO - 11/06/25 18:02:44 - 0:12:52 - Epoch 164: val_AUC=0.9549082648020957, val_AP=0.9546051501228014
INFO - 11/06/25 18:02:44 - 0:12:52 - Epoch 165: train_loss=0.7234512567520142, train_AUC=0.9965121246189917, train_AP=0.9953644371920023, time=0.49381184577941895
INFO - 11/06/25 18:02:44 - 0:12:53 - Epoch 165: val_AUC=0.9549178358247858, val_AP=0.954674876010648
INFO - 11/06/25 18:02:45 - 0:12:53 - Epoch 166: train_loss=0.7221134901046753, train_AUC=0.9965954925908074, train_AP=0.9953467279186311, time=0.521517276763916
INFO - 11/06/25 18:02:45 - 0:12:53 - Epoch 166: val_AUC=0.9549444106856598, val_AP=0.9546993936676627
INFO - 11/06/25 18:02:46 - 0:12:54 - Epoch 167: train_loss=0.7214480638504028, train_AUC=0.9966642163015504, train_AP=0.9952421112229618, time=0.45730066299438477
INFO - 11/06/25 18:02:46 - 0:12:54 - Epoch 167: val_AUC=0.9549060247755086, val_AP=0.9546910935487268
INFO - 11/06/25 18:02:46 - 0:12:54 - Epoch 168: train_loss=0.7207061052322388, train_AUC=0.9967593165545883, train_AP=0.9955764976990633, time=0.43364977836608887
INFO - 11/06/25 18:02:46 - 0:12:55 - Epoch 168: val_AUC=0.9549255740984502, val_AP=0.9547180140956646
INFO - 11/06/25 18:02:47 - 0:12:55 - Epoch 169: train_loss=0.7196928858757019, train_AUC=0.9969209833918902, train_AP=0.9959261272788377, time=0.4767773151397705
INFO - 11/06/25 18:02:47 - 0:12:55 - Epoch 169: val_AUC=0.9549599890523793, val_AP=0.9547902757395861
INFO - 11/06/25 18:02:48 - 0:12:56 - Epoch 170: train_loss=0.717618465423584, train_AUC=0.9968443520373041, train_AP=0.9956928372442858, time=0.4958987236022949
INFO - 11/06/25 18:02:48 - 0:12:56 - Epoch 170: val_AUC=0.9548870863689088, val_AP=0.954751649971161
INFO - 11/06/25 18:02:48 - 0:12:56 - Epoch 171: train_loss=0.7178057432174683, train_AUC=0.9968316274919912, train_AP=0.9956700308872596, time=0.47539305686950684
INFO - 11/06/25 18:02:49 - 0:12:57 - Epoch 171: val_AUC=0.9549498071133471, val_AP=0.9547864051081492
INFO - 11/06/25 18:02:49 - 0:12:57 - Epoch 172: train_loss=0.7156034111976624, train_AUC=0.9970064537166435, train_AP=0.9959331932750947, time=0.49814534187316895
INFO - 11/06/25 18:02:49 - 0:12:57 - Epoch 172: val_AUC=0.9548103145486062, val_AP=0.9547179200903985
INFO - 11/06/25 18:02:50 - 0:12:58 - Epoch 173: train_loss=0.713968813419342, train_AUC=0.9971543535501387, train_AP=0.996078679979096, time=0.4206511974334717
INFO - 11/06/25 18:02:50 - 0:12:58 - Epoch 173: val_AUC=0.9548830135932957, val_AP=0.9547925626915171
INFO - 11/06/25 18:02:50 - 0:12:58 - Epoch 174: train_loss=0.7138792276382446, train_AUC=0.9971780072662277, train_AP=0.9961135675671494, time=0.49120306968688965
INFO - 11/06/25 18:02:51 - 0:12:59 - Epoch 174: val_AUC=0.9548577623844962, val_AP=0.9547662013210635
INFO - 11/06/25 18:02:51 - 0:12:59 - Epoch 175: train_loss=0.7130836248397827, train_AUC=0.9971222712251412, train_AP=0.9959859262262227, time=0.46100711822509766
INFO - 11/06/25 18:02:51 - 0:12:59 - Epoch 175: val_AUC=0.9547681613210129, val_AP=0.9547121890841275
INFO - 11/06/25 18:02:52 - 0:13:00 - Epoch 176: train_loss=0.711764931678772, train_AUC=0.9970859794390087, train_AP=0.9960367225184531, time=0.46469807624816895
INFO - 11/06/25 18:02:52 - 0:13:00 - Epoch 176: val_AUC=0.9549341269272374, val_AP=0.9548597098065105
INFO - 11/06/25 18:02:52 - 0:13:01 - Epoch 177: train_loss=0.7118141055107117, train_AUC=0.9971446994933167, train_AP=0.996250655455261, time=0.49142003059387207
INFO - 11/06/25 18:02:53 - 0:13:01 - Epoch 177: val_AUC=0.9547113461012133, val_AP=0.9547549770820043
INFO - 11/06/25 18:02:53 - 0:13:01 - Epoch 178: train_loss=0.7101789712905884, train_AUC=0.9970781552763832, train_AP=0.9959122256564849, time=0.519031286239624
INFO - 11/06/25 18:02:53 - 0:13:01 - Epoch 178: val_AUC=0.9548812826636606, val_AP=0.9548815052794838
INFO - 11/06/25 18:02:54 - 0:13:02 - Epoch 179: train_loss=0.7109262943267822, train_AUC=0.9969002057270263, train_AP=0.9956195541934527, time=0.473102331161499
INFO - 11/06/25 18:02:54 - 0:13:02 - Epoch 179: val_AUC=0.9547616448800323, val_AP=0.9548152005005125
INFO - 11/06/25 18:02:54 - 0:13:03 - Epoch 180: train_loss=0.7095231413841248, train_AUC=0.9971151990979554, train_AP=0.9959303481485413, time=0.43749022483825684
INFO - 11/06/25 18:02:55 - 0:13:03 - Epoch 180: val_AUC=0.9547249898995166, val_AP=0.95479817201331
INFO - 11/06/25 18:02:55 - 0:13:03 - Epoch 181: train_loss=0.707883358001709, train_AUC=0.9972263649062106, train_AP=0.9963237345636161, time=0.49204158782958984
INFO - 11/06/25 18:02:55 - 0:13:03 - Epoch 181: val_AUC=0.9548437113086318, val_AP=0.9549129649987753
INFO - 11/06/25 18:02:56 - 0:13:04 - Epoch 182: train_loss=0.7075850367546082, train_AUC=0.9972107993576943, train_AP=0.9962961856370919, time=0.48449110984802246
INFO - 11/06/25 18:02:56 - 0:13:04 - Epoch 182: val_AUC=0.9546816148392394, val_AP=0.9548166221357026
INFO - 11/06/25 18:02:56 - 0:13:05 - Epoch 183: train_loss=0.7062572836875916, train_AUC=0.9970450819201399, train_AP=0.9957498109618115, time=0.4784536361694336
INFO - 11/06/25 18:02:57 - 0:13:05 - Epoch 183: val_AUC=0.9548134709497063, val_AP=0.9548994370793695
INFO - 11/06/25 18:02:57 - 0:13:05 - Epoch 184: train_loss=0.7052201628684998, train_AUC=0.9971983141604287, train_AP=0.9962309827674267, time=0.48261523246765137
INFO - 11/06/25 18:02:57 - 0:13:06 - Epoch 184: val_AUC=0.9547012659815715, val_AP=0.9548256868579927
INFO - 11/06/25 18:02:58 - 0:13:06 - Epoch 185: train_loss=0.7051197290420532, train_AUC=0.9972648758133127, train_AP=0.996238399105641, time=0.4610750675201416
INFO - 11/06/25 18:02:58 - 0:13:06 - Epoch 185: val_AUC=0.95465962185093, val_AP=0.9548190168132047
INFO - 11/06/25 18:02:59 - 0:13:07 - Epoch 186: train_loss=0.7031960487365723, train_AUC=0.9973465472143108, train_AP=0.9963657653579858, time=0.48620152473449707
INFO - 11/06/25 18:02:59 - 0:13:07 - Epoch 186: val_AUC=0.9547117533787745, val_AP=0.954853227181965
INFO - 11/06/25 18:02:59 - 0:13:07 - Epoch 187: train_loss=0.7031062841415405, train_AUC=0.9972307612314206, train_AP=0.996095583999976, time=0.4034416675567627
INFO - 11/06/25 18:02:59 - 0:13:07 - Epoch 187: val_AUC=0.9545368276662018, val_AP=0.9547375628768685
INFO - 11/06/25 18:03:00 - 0:13:08 - Epoch 188: train_loss=0.7010437250137329, train_AUC=0.9972879328324299, train_AP=0.9961967008820469, time=0.4736759662628174
INFO - 11/06/25 18:03:00 - 0:13:08 - Epoch 188: val_AUC=0.9546319269767624, val_AP=0.9548144177942892
INFO - 11/06/25 18:03:00 - 0:13:09 - Epoch 189: train_loss=0.7019796371459961, train_AUC=0.9972676350965058, train_AP=0.9961664348558306, time=0.5278966426849365
INFO - 11/06/25 18:03:01 - 0:13:09 - Epoch 189: val_AUC=0.9544930453283634, val_AP=0.9547168187111932
INFO - 11/06/25 18:03:01 - 0:13:09 - Epoch 190: train_loss=0.699279248714447, train_AUC=0.9974448764644803, train_AP=0.9963499850494795, time=0.46825671195983887
INFO - 11/06/25 18:03:01 - 0:13:10 - Epoch 190: val_AUC=0.95445394668248, val_AP=0.9547375874006534
INFO - 11/06/25 18:03:02 - 0:13:10 - Epoch 191: train_loss=0.698429524898529, train_AUC=0.9976028930239077, train_AP=0.9965834753570492, time=0.4754958152770996
INFO - 11/06/25 18:03:02 - 0:13:10 - Epoch 191: val_AUC=0.9543887822726738, val_AP=0.9547022523442296
INFO - 11/06/25 18:03:03 - 0:13:11 - Epoch 192: train_loss=0.6981834173202515, train_AUC=0.997392911872318, train_AP=0.9963653476604747, time=0.5145251750946045
INFO - 11/06/25 18:03:03 - 0:13:11 - Epoch 192: val_AUC=0.9543307452201906, val_AP=0.9546246671679092
INFO - 11/06/25 18:03:03 - 0:13:11 - Epoch 193: train_loss=0.6979446411132812, train_AUC=0.9974107049955984, train_AP=0.9962335014874786, time=0.4649174213409424
INFO - 11/06/25 18:03:03 - 0:13:12 - Epoch 193: val_AUC=0.9543262651670165, val_AP=0.9546403563839012
INFO - 11/06/25 18:03:04 - 0:13:12 - Epoch 194: train_loss=0.697104811668396, train_AUC=0.9976351919773809, train_AP=0.9968679213816809, time=0.4872581958770752
INFO - 11/06/25 18:03:04 - 0:13:12 - Epoch 194: val_AUC=0.9542519370120814, val_AP=0.9545891156207764
INFO - 11/06/25 18:03:05 - 0:13:13 - Epoch 195: train_loss=0.6965916752815247, train_AUC=0.9973909541144846, train_AP=0.9963437253536378, time=0.5057713985443115
INFO - 11/06/25 18:03:05 - 0:13:13 - Epoch 195: val_AUC=0.9541894199064241, val_AP=0.9545540474910132
INFO - 11/06/25 18:03:05 - 0:13:13 - Epoch 196: train_loss=0.6961361169815063, train_AUC=0.9974307630312335, train_AP=0.9962719903527846, time=0.49272799491882324
INFO - 11/06/25 18:03:06 - 0:13:14 - Epoch 196: val_AUC=0.9542270930808431, val_AP=0.9545790048682644
INFO - 11/06/25 18:03:06 - 0:13:14 - Epoch 197: train_loss=0.6953104734420776, train_AUC=0.9973592235025487, train_AP=0.9961924151107907, time=0.4740774631500244
INFO - 11/06/25 18:03:06 - 0:13:14 - Epoch 197: val_AUC=0.9541172299586858, val_AP=0.9544734392271192
INFO - 11/06/25 18:03:07 - 0:13:15 - Epoch 198: train_loss=0.69340980052948, train_AUC=0.9977291453323429, train_AP=0.9969000050726915, time=0.4802229404449463
INFO - 11/06/25 18:03:07 - 0:13:15 - Epoch 198: val_AUC=0.9541655941690886, val_AP=0.9546131046286502
INFO - 11/06/25 18:03:07 - 0:13:15 - Epoch 199: train_loss=0.6927758455276489, train_AUC=0.9976553415957862, train_AP=0.9967954833740503, time=0.4456214904785156
INFO - 11/06/25 18:03:07 - 0:13:16 - Epoch 199: val_AUC=0.9538098372193042, val_AP=0.9543258396764083
INFO - 11/06/25 18:03:08 - 0:13:16 - Epoch 200: train_loss=0.6932724714279175, train_AUC=0.9975723614417782, train_AP=0.9966820241574261, time=0.48195600509643555
INFO - 11/06/25 18:03:08 - 0:13:16 - Epoch 200: val_AUC=0.9540334326004509, val_AP=0.95452923870839
INFO - 11/06/25 18:03:09 - 0:13:17 - Epoch 201: train_loss=0.6933438777923584, train_AUC=0.9975173032893115, train_AP=0.9964613536449166, time=0.49414849281311035
INFO - 11/06/25 18:03:09 - 0:13:17 - Epoch 201: val_AUC=0.9536583299665056, val_AP=0.9542286482223772
INFO - 11/06/25 18:03:09 - 0:13:17 - Epoch 202: train_loss=0.6912586688995361, train_AUC=0.997655037259196, train_AP=0.9966826233572998, time=0.48758435249328613
INFO - 11/06/25 18:03:10 - 0:13:18 - Epoch 202: val_AUC=0.9539890393462708, val_AP=0.9544269519679869
INFO - 11/06/25 18:03:10 - 0:13:18 - Epoch 203: train_loss=0.6912517547607422, train_AUC=0.9975765721357579, train_AP=0.996661542466636, time=0.49204492568969727
INFO - 11/06/25 18:03:10 - 0:13:18 - Epoch 203: val_AUC=0.9536139367123252, val_AP=0.9541325381040713
INFO - 11/06/25 18:03:11 - 0:13:19 - Epoch 204: train_loss=0.6905862092971802, train_AUC=0.9976405567903855, train_AP=0.996616751026564, time=0.4913809299468994
INFO - 11/06/25 18:03:11 - 0:13:19 - Epoch 204: val_AUC=0.9538244992115106, val_AP=0.954354746010235
INFO - 11/06/25 18:03:11 - 0:13:20 - Epoch 205: train_loss=0.6875174045562744, train_AUC=0.9978049519136352, train_AP=0.9969253935793778, time=0.4728081226348877
INFO - 11/06/25 18:03:12 - 0:13:20 - Epoch 205: val_AUC=0.9537748113490336, val_AP=0.9543459331275203
INFO - 11/06/25 18:03:12 - 0:13:20 - Epoch 206: train_loss=0.6887801885604858, train_AUC=0.9976713805567761, train_AP=0.9967188623524116, time=0.49569129943847656
INFO - 11/06/25 18:03:12 - 0:13:20 - Epoch 206: val_AUC=0.9537273635131438, val_AP=0.9542752427682383
INFO - 11/06/25 18:03:13 - 0:13:21 - Epoch 207: train_loss=0.6881183981895447, train_AUC=0.9976439513409865, train_AP=0.9967428023595446, time=0.4855978488922119
INFO - 11/06/25 18:03:13 - 0:13:21 - Epoch 207: val_AUC=0.9539100274993808, val_AP=0.954296978413218
INFO - 11/06/25 18:03:13 - 0:13:22 - Epoch 208: train_loss=0.6879070401191711, train_AUC=0.9976968905851684, train_AP=0.9967981358867102, time=0.4912869930267334
INFO - 11/06/25 18:03:14 - 0:13:22 - Epoch 208: val_AUC=0.9540006467567674, val_AP=0.9543505599213591
INFO - 11/06/25 18:03:14 - 0:13:22 - Epoch 209: train_loss=0.6878728866577148, train_AUC=0.9977771998685807, train_AP=0.9970063613290214, time=0.5067622661590576
INFO - 11/06/25 18:03:14 - 0:13:23 - Epoch 209: val_AUC=0.9539291695447615, val_AP=0.9542983020899299
INFO - 11/06/25 18:03:15 - 0:13:23 - Epoch 210: train_loss=0.6900904178619385, train_AUC=0.9975163918646276, train_AP=0.9964821282290025, time=0.41741085052490234
INFO - 11/06/25 18:03:15 - 0:13:23 - Epoch 210: val_AUC=0.9540053304487222, val_AP=0.9543789687864838
INFO - 11/06/25 18:03:15 - 0:13:24 - Epoch 211: train_loss=0.6888573169708252, train_AUC=0.9977627801614158, train_AP=0.996666901385383, time=0.49341678619384766
INFO - 11/06/25 18:03:16 - 0:13:24 - Epoch 211: val_AUC=0.9540694766646249, val_AP=0.9544935034817547
INFO - 11/06/25 18:03:16 - 0:13:24 - Epoch 212: train_loss=0.6878957152366638, train_AUC=0.9976711621670934, train_AP=0.9964423375267604, time=0.4937601089477539
INFO - 11/06/25 18:03:16 - 0:13:25 - Epoch 212: val_AUC=0.9541444157359017, val_AP=0.9545339109195372
INFO - 11/06/25 18:03:17 - 0:13:25 - Epoch 213: train_loss=0.6880112886428833, train_AUC=0.9977966964313864, train_AP=0.9968034272220059, time=0.5035743713378906
INFO - 11/06/25 18:03:17 - 0:13:25 - Epoch 213: val_AUC=0.9541077607553857, val_AP=0.9545389405538292
INFO - 11/06/25 18:03:18 - 0:13:26 - Epoch 214: train_loss=0.6864836812019348, train_AUC=0.9979443054895862, train_AP=0.9970890127571819, time=0.4832448959350586
INFO - 11/06/25 18:03:18 - 0:13:26 - Epoch 214: val_AUC=0.9539271331569551, val_AP=0.9544917228366911
INFO - 11/06/25 18:03:18 - 0:13:26 - Epoch 215: train_loss=0.6856542825698853, train_AUC=0.9979150536005493, train_AP=0.9969803935006314, time=0.49461889266967773
INFO - 11/06/25 18:03:18 - 0:13:27 - Epoch 215: val_AUC=0.9539022892257164, val_AP=0.9545199271197458
INFO - 11/06/25 18:03:19 - 0:13:27 - Epoch 216: train_loss=0.6843007802963257, train_AUC=0.9981779688888202, train_AP=0.9974963412837384, time=0.4858691692352295
INFO - 11/06/25 18:03:19 - 0:13:27 - Epoch 216: val_AUC=0.9537674803529305, val_AP=0.9544190608645706
INFO - 11/06/25 18:03:20 - 0:13:28 - Epoch 217: train_loss=0.6845951080322266, train_AUC=0.9979228032641136, train_AP=0.9971704973460066, time=0.42233943939208984
INFO - 11/06/25 18:03:20 - 0:13:28 - Epoch 217: val_AUC=0.9537397854787629, val_AP=0.9543605638180171
INFO - 11/06/25 18:03:20 - 0:13:28 - Epoch 218: train_loss=0.6825500726699829, train_AUC=0.9980892332860684, train_AP=0.9971331200987066, time=0.47747302055358887
INFO - 11/06/25 18:03:20 - 0:13:29 - Epoch 218: val_AUC=0.9536703446545635, val_AP=0.9543004626644346
INFO - 11/06/25 18:03:21 - 0:13:29 - Epoch 219: train_loss=0.6825522780418396, train_AUC=0.9979517573330268, train_AP=0.9971680820698652, time=0.4933619499206543
INFO - 11/06/25 18:03:21 - 0:13:29 - Epoch 219: val_AUC=0.9536942722112889, val_AP=0.9542949352895845
INFO - 11/06/25 18:03:22 - 0:13:30 - Epoch 220: train_loss=0.6813349723815918, train_AUC=0.9980838837955656, train_AP=0.9973372051026241, time=0.465745210647583
INFO - 11/06/25 18:03:22 - 0:13:30 - Epoch 220: val_AUC=0.9534935861929649, val_AP=0.9541419310977923
INFO - 11/06/25 18:03:22 - 0:13:30 - Epoch 221: train_loss=0.6810579895973206, train_AUC=0.9979059458701757, train_AP=0.9969614263816695, time=0.3970000743865967
INFO - 11/06/25 18:03:22 - 0:13:30 - Epoch 221: val_AUC=0.9534318836424298, val_AP=0.9540801294287138
INFO - 11/06/25 18:03:23 - 0:13:31 - Epoch 222: train_loss=0.679999828338623, train_AUC=0.9980992061213788, train_AP=0.9974161665774918, time=0.4830303192138672
INFO - 11/06/25 18:03:23 - 0:13:31 - Epoch 222: val_AUC=0.9533766975328756, val_AP=0.9540376008790673
INFO - 11/06/25 18:03:23 - 0:13:32 - Epoch 223: train_loss=0.6789735555648804, train_AUC=0.9980118021673297, train_AP=0.9970506696490328, time=0.4779515266418457
INFO - 11/06/25 18:03:24 - 0:13:32 - Epoch 223: val_AUC=0.9532659180362053, val_AP=0.9539498935953528
INFO - 11/06/25 18:03:24 - 0:13:32 - Epoch 224: train_loss=0.6790249347686768, train_AUC=0.9981825124509452, train_AP=0.9974720145760375, time=0.502178430557251
INFO - 11/06/25 18:03:24 - 0:13:33 - Epoch 224: val_AUC=0.9531779460829675, val_AP=0.9539100519979886
INFO - 11/06/25 18:03:25 - 0:13:33 - Epoch 225: train_loss=0.6793067455291748, train_AUC=0.9979523876690546, train_AP=0.9970064506498065, time=0.5086464881896973
INFO - 11/06/25 18:03:25 - 0:13:33 - Epoch 225: val_AUC=0.9529146411395952, val_AP=0.9537720924008444
INFO - 11/06/25 18:03:26 - 0:13:34 - Epoch 226: train_loss=0.6760879755020142, train_AUC=0.9980689816937709, train_AP=0.9971737758679282, time=0.48931407928466797
INFO - 11/06/25 18:03:26 - 0:13:34 - Epoch 226: val_AUC=0.9528274837414797, val_AP=0.9537070804547688
INFO - 11/06/25 18:03:26 - 0:13:34 - Epoch 227: train_loss=0.6768361330032349, train_AUC=0.9980973778122688, train_AP=0.997334687683898, time=0.5075159072875977
INFO - 11/06/25 18:03:27 - 0:13:35 - Epoch 227: val_AUC=0.9525888190905654, val_AP=0.9534677194656851
INFO - 11/06/25 18:03:27 - 0:13:35 - Epoch 228: train_loss=0.6765928268432617, train_AUC=0.9979044516620559, train_AP=0.9968167168490643, time=0.44597911834716797
INFO - 11/06/25 18:03:27 - 0:13:35 - Epoch 228: val_AUC=0.952385791226264, val_AP=0.9533034179058169
INFO - 11/06/25 18:03:28 - 0:13:36 - Epoch 229: train_loss=0.6759896278381348, train_AUC=0.9979324388282609, train_AP=0.9971225572204855, time=0.449657678604126
INFO - 11/06/25 18:03:28 - 0:13:36 - Epoch 229: val_AUC=0.9522269529773618, val_AP=0.9531459436413992
INFO - 11/06/25 18:03:28 - 0:13:36 - Epoch 230: train_loss=0.6755416393280029, train_AUC=0.9981031396013581, train_AP=0.9973492955679497, time=0.44469451904296875
INFO - 11/06/25 18:03:28 - 0:13:37 - Epoch 230: val_AUC=0.9519577425093511, val_AP=0.9529777173302794
INFO - 11/06/25 18:03:29 - 0:13:37 - Epoch 231: train_loss=0.6729838848114014, train_AUC=0.9982206561463631, train_AP=0.9975775708145598, time=0.4826810359954834
INFO - 11/06/25 18:03:29 - 0:13:37 - Epoch 231: val_AUC=0.9517834277131202, val_AP=0.9528552827054227
INFO - 11/06/25 18:03:30 - 0:13:38 - Epoch 232: train_loss=0.6740164756774902, train_AUC=0.9979932219605879, train_AP=0.9970836576092219, time=0.49810290336608887
INFO - 11/06/25 18:03:30 - 0:13:38 - Epoch 232: val_AUC=0.9517036013111079, val_AP=0.9528454876517941
INFO - 11/06/25 18:03:30 - 0:13:38 - Epoch 233: train_loss=0.6724789142608643, train_AUC=0.9982018096451051, train_AP=0.9973369012342397, time=0.4829995632171631
INFO - 11/06/25 18:03:30 - 0:13:39 - Epoch 233: val_AUC=0.9515032207509546, val_AP=0.9526694559137915
INFO - 11/06/25 18:03:31 - 0:13:39 - Epoch 234: train_loss=0.6721474528312683, train_AUC=0.9983049601997624, train_AP=0.9975058960924434, time=0.483243465423584
INFO - 11/06/25 18:03:31 - 0:13:39 - Epoch 234: val_AUC=0.9514948715609483, val_AP=0.9526523959451998
INFO - 11/06/25 18:03:32 - 0:13:40 - Epoch 235: train_loss=0.6720380187034607, train_AUC=0.998162826206133, train_AP=0.9973018273927339, time=0.5042872428894043
INFO - 11/06/25 18:03:32 - 0:13:40 - Epoch 235: val_AUC=0.9513467243480299, val_AP=0.9525353360155842
INFO - 11/06/25 18:03:32 - 0:13:40 - Epoch 236: train_loss=0.6718654632568359, train_AUC=0.9980315326184407, train_AP=0.9970764865587591, time=0.4238855838775635
INFO - 11/06/25 18:03:33 - 0:13:41 - Epoch 236: val_AUC=0.9511531656870285, val_AP=0.9523729365375723
INFO - 11/06/25 18:03:33 - 0:13:41 - Epoch 237: train_loss=0.6709765791893005, train_AUC=0.9981187977893689, train_AP=0.9972266267769725, time=0.42366647720336914
INFO - 11/06/25 18:03:33 - 0:13:41 - Epoch 237: val_AUC=0.9511950134564505, val_AP=0.9523776099198534
INFO - 11/06/25 18:03:34 - 0:13:42 - Epoch 238: train_loss=0.6705872416496277, train_AUC=0.9982370056081682, train_AP=0.9973972430568575, time=0.48418641090393066
INFO - 11/06/25 18:03:34 - 0:13:42 - Epoch 238: val_AUC=0.9509918837727589, val_AP=0.9522475663269827
INFO - 11/06/25 18:03:34 - 0:13:42 - Epoch 239: train_loss=0.6700457334518433, train_AUC=0.998228565023051, train_AP=0.9974401658285245, time=0.44080066680908203
INFO - 11/06/25 18:03:34 - 0:13:43 - Epoch 239: val_AUC=0.9510529754069517, val_AP=0.952339788074933
INFO - 11/06/25 18:03:35 - 0:13:43 - Epoch 240: train_loss=0.6705180406570435, train_AUC=0.9980370429071534, train_AP=0.9969732355571574, time=0.46498847007751465
INFO - 11/06/25 18:03:35 - 0:13:43 - Epoch 240: val_AUC=0.950877438778037, val_AP=0.9522066740630922
INFO - 11/06/25 18:03:36 - 0:13:44 - Epoch 241: train_loss=0.6681044101715088, train_AUC=0.9982833991499721, train_AP=0.9974278435178326, time=0.49698376655578613
INFO - 11/06/25 18:03:36 - 0:13:44 - Epoch 241: val_AUC=0.9507902813799215, val_AP=0.9521384787076907
INFO - 11/06/25 18:03:36 - 0:13:44 - Epoch 242: train_loss=0.668777346611023, train_AUC=0.998083524685434, train_AP=0.9970724941016134, time=0.461702823638916
INFO - 11/06/25 18:03:36 - 0:13:45 - Epoch 242: val_AUC=0.9508870098007273, val_AP=0.9522038256773118
INFO - 11/06/25 18:03:37 - 0:13:45 - Epoch 243: train_loss=0.6669936180114746, train_AUC=0.9983574832707022, train_AP=0.9977660388223483, time=0.4765939712524414
INFO - 11/06/25 18:03:37 - 0:13:45 - Epoch 243: val_AUC=0.9505247364099624, val_AP=0.9519631941034609
INFO - 11/06/25 18:03:38 - 0:13:46 - Epoch 244: train_loss=0.6666378974914551, train_AUC=0.9982733671381024, train_AP=0.9974751833866945, time=0.49014878273010254
INFO - 11/06/25 18:03:38 - 0:13:46 - Epoch 244: val_AUC=0.9508442456567922, val_AP=0.9521890617594224
INFO - 11/06/25 18:03:38 - 0:13:46 - Epoch 245: train_loss=0.6663750410079956, train_AUC=0.9982703061601299, train_AP=0.9973969277978173, time=0.43612027168273926
INFO - 11/06/25 18:03:38 - 0:13:47 - Epoch 245: val_AUC=0.9502936063939318, val_AP=0.9518134901517695
INFO - 11/06/25 18:03:39 - 0:13:47 - Epoch 246: train_loss=0.6659783124923706, train_AUC=0.9983517847089484, train_AP=0.9975698979682555, time=0.5050768852233887
INFO - 11/06/25 18:03:39 - 0:13:47 - Epoch 246: val_AUC=0.9507114731718126, val_AP=0.9520842549669017
INFO - 11/06/25 18:03:40 - 0:13:48 - Epoch 247: train_loss=0.6660637259483337, train_AUC=0.9980986358425137, train_AP=0.9969029582549664, time=0.4967508316040039
INFO - 11/06/25 18:03:40 - 0:13:48 - Epoch 247: val_AUC=0.9503811710696085, val_AP=0.9518664687445348
INFO - 11/06/25 18:03:40 - 0:13:48 - Epoch 248: train_loss=0.6644461154937744, train_AUC=0.9981712387880569, train_AP=0.9972907998578465, time=0.47451186180114746
INFO - 11/06/25 18:03:40 - 0:13:49 - Epoch 248: val_AUC=0.9504509173519791, val_AP=0.9519716465166459
INFO - 11/06/25 18:03:41 - 0:13:49 - Epoch 249: train_loss=0.663772702217102, train_AUC=0.9981950816577905, train_AP=0.9972842436025628, time=0.49710726737976074
INFO - 11/06/25 18:03:41 - 0:13:49 - Epoch 249: val_AUC=0.9504675139126015, val_AP=0.9520105351757562
INFO - 11/06/25 18:03:42 - 0:13:50 - Epoch 250: train_loss=0.6630235910415649, train_AUC=0.9982826453533253, train_AP=0.9975637693408023, time=0.4803943634033203
INFO - 11/06/25 18:03:42 - 0:13:50 - Epoch 250: val_AUC=0.9502925882000286, val_AP=0.9518787329405431
INFO - 11/06/25 18:03:42 - 0:13:50 - Epoch 251: train_loss=0.6626342535018921, train_AUC=0.9983365816168572, train_AP=0.9977773182933786, time=0.44882726669311523
INFO - 11/06/25 18:03:42 - 0:13:51 - Epoch 251: val_AUC=0.9506182066102777, val_AP=0.9521446997537965
INFO - 11/06/25 18:03:43 - 0:13:51 - Epoch 252: train_loss=0.6615988612174988, train_AUC=0.9983294814864783, train_AP=0.9975148414686253, time=0.487170934677124
INFO - 11/06/25 18:03:43 - 0:13:51 - Epoch 252: val_AUC=0.9501015750237851, val_AP=0.9517548964327568
INFO - 11/06/25 18:03:44 - 0:13:52 - Epoch 253: train_loss=0.6613269448280334, train_AUC=0.9982923289984269, train_AP=0.9975434300029388, time=0.5086514949798584
INFO - 11/06/25 18:03:44 - 0:13:52 - Epoch 253: val_AUC=0.9506518070090839, val_AP=0.9521130513521312
INFO - 11/06/25 18:03:44 - 0:13:53 - Epoch 254: train_loss=0.6613964438438416, train_AUC=0.9983305237688511, train_AP=0.9976268349567534, time=0.4902205467224121
INFO - 11/06/25 18:03:45 - 0:13:53 - Epoch 254: val_AUC=0.9500508689674048, val_AP=0.9516917711745913
INFO - 11/06/25 18:03:45 - 0:13:53 - Epoch 255: train_loss=0.6606794595718384, train_AUC=0.9982474122287921, train_AP=0.9973582533256214, time=0.48136162757873535
INFO - 11/06/25 18:03:45 - 0:13:53 - Epoch 255: val_AUC=0.9504561101408855, val_AP=0.9520134423413653
INFO - 11/06/25 18:03:46 - 0:13:54 - Epoch 256: train_loss=0.6606899499893188, train_AUC=0.9982770427773595, train_AP=0.9974207735953636, time=0.5064606666564941
INFO - 11/06/25 18:03:46 - 0:13:54 - Epoch 256: val_AUC=0.9500596254349725, val_AP=0.951743146237688
INFO - 11/06/25 18:03:46 - 0:13:55 - Epoch 257: train_loss=0.6597150564193726, train_AUC=0.9984180510073986, train_AP=0.9976795317957423, time=0.45647239685058594
INFO - 11/06/25 18:03:47 - 0:13:55 - Epoch 257: val_AUC=0.9501659248784683, val_AP=0.9518276771058543
INFO - 11/06/25 18:03:47 - 0:13:55 - Epoch 258: train_loss=0.6584800481796265, train_AUC=0.9983955757149928, train_AP=0.9976765501534943, time=0.4254884719848633
INFO - 11/06/25 18:03:47 - 0:13:55 - Epoch 258: val_AUC=0.9500111594051793, val_AP=0.9517602019942276
INFO - 11/06/25 18:03:48 - 0:13:56 - Epoch 259: train_loss=0.6577067375183105, train_AUC=0.9982695141452885, train_AP=0.99746500488969, time=0.4195718765258789
INFO - 11/06/25 18:03:48 - 0:13:56 - Epoch 259: val_AUC=0.9499543441853797, val_AP=0.9516955266528594
INFO - 11/06/25 18:03:48 - 0:13:56 - Epoch 260: train_loss=0.6577662825584412, train_AUC=0.9983345000461633, train_AP=0.9975492315212066, time=0.41910386085510254
INFO - 11/06/25 18:03:48 - 0:13:57 - Epoch 260: val_AUC=0.9499009908248512, val_AP=0.9516339620218828
INFO - 11/06/25 18:03:49 - 0:13:57 - Epoch 261: train_loss=0.6567317247390747, train_AUC=0.9984386356439623, train_AP=0.9975831943121131, time=0.42619776725769043
INFO - 11/06/25 18:03:49 - 0:13:57 - Epoch 261: val_AUC=0.9497572218457166, val_AP=0.9515148439894763
INFO - 11/06/25 18:03:50 - 0:13:58 - Epoch 262: train_loss=0.656375527381897, train_AUC=0.9983833016864609, train_AP=0.9976905577580102, time=0.46300482749938965
INFO - 11/06/25 18:03:50 - 0:13:58 - Epoch 262: val_AUC=0.9497268796674008, val_AP=0.9515105241420899
INFO - 11/06/25 18:03:50 - 0:13:58 - Epoch 263: train_loss=0.6561065912246704, train_AUC=0.9984091607861041, train_AP=0.9976078981903364, time=0.40209102630615234
INFO - 11/06/25 18:03:50 - 0:13:58 - Epoch 263: val_AUC=0.9494468763440159, val_AP=0.9513263290386307
INFO - 11/06/25 18:03:51 - 0:13:59 - Epoch 264: train_loss=0.6553077697753906, train_AUC=0.9984651652351557, train_AP=0.9978417122628912, time=0.47638607025146484
INFO - 11/06/25 18:03:51 - 0:13:59 - Epoch 264: val_AUC=0.9496692498924786, val_AP=0.951482887605303
INFO - 11/06/25 18:03:51 - 0:14:00 - Epoch 265: train_loss=0.6559522747993469, train_AUC=0.9984767224523902, train_AP=0.9976924333764172, time=0.48636841773986816
INFO - 11/06/25 18:03:52 - 0:14:00 - Epoch 265: val_AUC=0.948974434372923, val_AP=0.9509513556496713
INFO - 11/06/25 18:03:52 - 0:14:00 - Epoch 266: train_loss=0.6560996174812317, train_AUC=0.998322415171276, train_AP=0.9974775252570733, time=0.5212137699127197
INFO - 11/06/25 18:03:52 - 0:14:01 - Epoch 266: val_AUC=0.9496077509807244, val_AP=0.9514284836037992
INFO - 11/06/25 18:03:53 - 0:14:01 - Epoch 267: train_loss=0.6549283862113953, train_AUC=0.9984818192096715, train_AP=0.9976627552590291, time=0.4602549076080322
INFO - 11/06/25 18:03:53 - 0:14:01 - Epoch 267: val_AUC=0.948680176334893, val_AP=0.9508043557950534
INFO - 11/06/25 18:03:53 - 0:14:02 - Epoch 268: train_loss=0.6539309024810791, train_AUC=0.998632227530466, train_AP=0.9978923318954421, time=0.47565627098083496
INFO - 11/06/25 18:03:54 - 0:14:02 - Epoch 268: val_AUC=0.949395050274342, val_AP=0.9513280822068103
INFO - 11/06/25 18:03:54 - 0:14:02 - Epoch 269: train_loss=0.6531071066856384, train_AUC=0.9985827730106895, train_AP=0.9979894319113599, time=0.4316885471343994
INFO - 11/06/25 18:03:54 - 0:14:02 - Epoch 269: val_AUC=0.9487251805054152, val_AP=0.9508156942990347
INFO - 11/06/25 18:03:55 - 0:14:03 - Epoch 270: train_loss=0.6534581184387207, train_AUC=0.9984400689143156, train_AP=0.9977929577677028, time=0.4901883602142334
INFO - 11/06/25 18:03:55 - 0:14:03 - Epoch 270: val_AUC=0.948962419684865, val_AP=0.9510288697149569
INFO - 11/06/25 18:03:55 - 0:14:04 - Epoch 271: train_loss=0.6526240110397339, train_AUC=0.9985311965885761, train_AP=0.9977565676168624, time=0.5107712745666504
INFO - 11/06/25 18:03:56 - 0:14:04 - Epoch 271: val_AUC=0.9487400461364022, val_AP=0.9508802901704446
INFO - 11/06/25 18:03:56 - 0:14:04 - Epoch 272: train_loss=0.651518702507019, train_AUC=0.9985059415829748, train_AP=0.9976908709392692, time=0.47341442108154297
INFO - 11/06/25 18:03:56 - 0:14:04 - Epoch 272: val_AUC=0.9485113597857395, val_AP=0.9507095582597138
INFO - 11/06/25 18:03:57 - 0:14:05 - Epoch 273: train_loss=0.6513066291809082, train_AUC=0.9985485416607655, train_AP=0.9978968467916436, time=0.4917130470275879
INFO - 11/06/25 18:03:57 - 0:14:05 - Epoch 273: val_AUC=0.9486569615138996, val_AP=0.9508216965602776
INFO - 11/06/25 18:03:57 - 0:14:06 - Epoch 274: train_loss=0.6512387990951538, train_AUC=0.9984106398478425, train_AP=0.9975761774890762, time=0.49135684967041016
INFO - 11/06/25 18:03:58 - 0:14:06 - Epoch 274: val_AUC=0.9481651738586453, val_AP=0.9504905360435529
INFO - 11/06/25 18:03:58 - 0:14:06 - Epoch 275: train_loss=0.6504485607147217, train_AUC=0.9984867410790857, train_AP=0.9977212588450151, time=0.5241720676422119
INFO - 11/06/25 18:03:58 - 0:14:07 - Epoch 275: val_AUC=0.9485757096404228, val_AP=0.950802562162539
INFO - 11/06/25 18:03:59 - 0:14:07 - Epoch 276: train_loss=0.6505115032196045, train_AUC=0.9984620244745006, train_AP=0.9976278591208321, time=0.499863862991333
INFO - 11/06/25 18:03:59 - 0:14:07 - Epoch 276: val_AUC=0.9479146981584536, val_AP=0.9502830512965368
INFO - 11/06/25 18:04:00 - 0:14:08 - Epoch 277: train_loss=0.6500973105430603, train_AUC=0.9985928053748007, train_AP=0.997905163305601, time=0.3957982063293457
INFO - 11/06/25 18:04:00 - 0:14:08 - Epoch 277: val_AUC=0.9484040421483403, val_AP=0.9506882540334223
INFO - 11/06/25 18:04:00 - 0:14:08 - Epoch 278: train_loss=0.6499369144439697, train_AUC=0.9984151360334962, train_AP=0.9974997226690112, time=0.49490976333618164
INFO - 11/06/25 18:04:00 - 0:14:09 - Epoch 278: val_AUC=0.947725517731236, val_AP=0.9502091112501583
INFO - 11/06/25 18:04:01 - 0:14:09 - Epoch 279: train_loss=0.6483365297317505, train_AUC=0.998586424521409, train_AP=0.9979936441260406, time=0.4566075801849365
INFO - 11/06/25 18:04:01 - 0:14:09 - Epoch 279: val_AUC=0.9482166944701482, val_AP=0.9505598071402162
INFO - 11/06/25 18:04:02 - 0:14:10 - Epoch 280: train_loss=0.649808406829834, train_AUC=0.9985174072174392, train_AP=0.9978115485265344, time=0.5045225620269775
INFO - 11/06/25 18:04:02 - 0:14:10 - Epoch 280: val_AUC=0.9478383336157125, val_AP=0.9502852009914136
INFO - 11/06/25 18:04:02 - 0:14:10 - Epoch 281: train_loss=0.647637665271759, train_AUC=0.9984844863817323, train_AP=0.9976752031611011, time=0.500457763671875
INFO - 11/06/25 18:04:02 - 0:14:11 - Epoch 281: val_AUC=0.9476772553402232, val_AP=0.9501241786732978
INFO - 11/06/25 18:04:03 - 0:14:11 - Epoch 282: train_loss=0.6476098299026489, train_AUC=0.9985220617356129, train_AP=0.9977533054414766, time=0.43107056617736816
INFO - 11/06/25 18:04:03 - 0:14:11 - Epoch 282: val_AUC=0.9479743643211824, val_AP=0.9503269590989482
INFO - 11/06/25 18:04:04 - 0:14:12 - Epoch 283: train_loss=0.6470975875854492, train_AUC=0.9985749125671973, train_AP=0.9978315429723595, time=0.48430919647216797
INFO - 11/06/25 18:04:04 - 0:14:12 - Epoch 283: val_AUC=0.9471543109515306, val_AP=0.9497057608634514
INFO - 11/06/25 18:04:04 - 0:14:12 - Epoch 284: train_loss=0.6467058658599854, train_AUC=0.9985970711945631, train_AP=0.9978868565982995, time=0.49959611892700195
INFO - 11/06/25 18:04:04 - 0:14:13 - Epoch 284: val_AUC=0.9478253007337513, val_AP=0.9502727683560173
INFO - 11/06/25 18:04:05 - 0:14:13 - Epoch 285: train_loss=0.6465787291526794, train_AUC=0.9985858808367714, train_AP=0.9979205280662593, time=0.47536206245422363
INFO - 11/06/25 18:04:05 - 0:14:13 - Epoch 285: val_AUC=0.9469808107104224, val_AP=0.9496290445294678
INFO - 11/06/25 18:04:06 - 0:14:14 - Epoch 286: train_loss=0.6467922329902649, train_AUC=0.998578471086181, train_AP=0.9979158694078701, time=0.48171424865722656
INFO - 11/06/25 18:04:06 - 0:14:14 - Epoch 286: val_AUC=0.947507216958386, val_AP=0.9500463148825643
INFO - 11/06/25 18:04:06 - 0:14:14 - Epoch 287: train_loss=0.6444665193557739, train_AUC=0.9986178291339074, train_AP=0.9979017999844748, time=0.4832162857055664
INFO - 11/06/25 18:04:06 - 0:14:15 - Epoch 287: val_AUC=0.9472231408593883, val_AP=0.9498327329952673
INFO - 11/06/25 18:04:07 - 0:14:15 - Epoch 288: train_loss=0.6450551748275757, train_AUC=0.998566837080316, train_AP=0.997779458612667, time=0.5071115493774414
INFO - 11/06/25 18:04:07 - 0:14:15 - Epoch 288: val_AUC=0.9469842725696933, val_AP=0.9496733812973616
INFO - 11/06/25 18:04:08 - 0:14:16 - Epoch 289: train_loss=0.6441488862037659, train_AUC=0.9984890804905018, train_AP=0.9977018181571586, time=0.48846983909606934
INFO - 11/06/25 18:04:08 - 0:14:16 - Epoch 289: val_AUC=0.9471653074456856, val_AP=0.9498025543724593
INFO - 11/06/25 18:04:08 - 0:14:16 - Epoch 290: train_loss=0.6437963843345642, train_AUC=0.9985948256554866, train_AP=0.9979162497415693, time=0.38805508613586426
INFO - 11/06/25 18:04:08 - 0:14:17 - Epoch 290: val_AUC=0.946737055089992, val_AP=0.9494687266256401
INFO - 11/06/25 18:04:09 - 0:14:17 - Epoch 291: train_loss=0.6437538862228394, train_AUC=0.9984846859264989, train_AP=0.9974779051332066, time=0.42481327056884766
INFO - 11/06/25 18:04:09 - 0:14:17 - Epoch 291: val_AUC=0.9471101213361313, val_AP=0.9497138705354666
INFO - 11/06/25 18:04:09 - 0:14:18 - Epoch 292: train_loss=0.6434154510498047, train_AUC=0.9986365291027332, train_AP=0.9979579176197698, time=0.45807743072509766
INFO - 11/06/25 18:04:10 - 0:14:18 - Epoch 292: val_AUC=0.9464348551395171, val_AP=0.9491995319375177
INFO - 11/06/25 18:04:10 - 0:14:18 - Epoch 293: train_loss=0.6440880298614502, train_AUC=0.9983786397712173, train_AP=0.9973322583546514, time=0.4530212879180908
INFO - 11/06/25 18:04:10 - 0:14:18 - Epoch 293: val_AUC=0.9469816252655449, val_AP=0.9496486601618371
INFO - 11/06/25 18:04:11 - 0:14:19 - Epoch 294: train_loss=0.642898440361023, train_AUC=0.9986291079042965, train_AP=0.9979324155100595, time=0.4403553009033203
INFO - 11/06/25 18:04:11 - 0:14:19 - Epoch 294: val_AUC=0.9462196089483768, val_AP=0.9490808185328963
INFO - 11/06/25 18:04:11 - 0:14:20 - Epoch 295: train_loss=0.6432254910469055, train_AUC=0.9986185179420115, train_AP=0.9977797391719121, time=0.4598658084869385
INFO - 11/06/25 18:04:12 - 0:14:20 - Epoch 295: val_AUC=0.9468392817578751, val_AP=0.9495246250189905
INFO - 11/06/25 18:04:12 - 0:14:20 - Epoch 296: train_loss=0.6424907445907593, train_AUC=0.9986429451802671, train_AP=0.9978815482863668, time=0.4655313491821289
INFO - 11/06/25 18:04:12 - 0:14:20 - Epoch 296: val_AUC=0.9463096172894212, val_AP=0.9491211790779321
INFO - 11/06/25 18:04:13 - 0:14:21 - Epoch 297: train_loss=0.6410872936248779, train_AUC=0.9986072286043798, train_AP=0.997810307435815, time=0.45812058448791504
INFO - 11/06/25 18:04:13 - 0:14:21 - Epoch 297: val_AUC=0.9464852557377261, val_AP=0.9492401178405376
INFO - 11/06/25 18:04:13 - 0:14:22 - Epoch 298: train_loss=0.640650749206543, train_AUC=0.9985225680826595, train_AP=0.9975273909367289, time=0.4938678741455078
INFO - 11/06/25 18:04:14 - 0:14:22 - Epoch 298: val_AUC=0.9463881200393593, val_AP=0.949199384693836
INFO - 11/06/25 18:04:14 - 0:14:22 - Epoch 299: train_loss=0.6406669616699219, train_AUC=0.9987286604889307, train_AP=0.9981522873395168, time=0.45697450637817383
INFO - 11/06/25 18:04:14 - 0:14:22 - Epoch 299: val_AUC=0.9461436516831967, val_AP=0.9490102609415487
INFO - 11/06/25 18:04:15 - 0:14:23 - Epoch 300: train_loss=0.6405860185623169, train_AUC=0.9986877811104952, train_AP=0.9981729474640624, time=0.437119722366333
INFO - 11/06/25 18:04:15 - 0:14:23 - Epoch 300: val_AUC=0.9462756096130536, val_AP=0.9491029440517353
INFO - 11/06/25 18:04:15 - 0:14:23 - best_epoch=181
INFO - 11/06/25 18:04:15 - 0:14:23 - test_auc= 95.31%, test_ap= 95.49%
INFO - 11/06/25 18:04:15 - 0:14:23 - 
                                     train iters 2
INFO - 11/06/25 18:04:15 - 0:14:23 - --------------------------Training Start-------------------------
INFO - 11/06/25 18:04:18 - 0:14:26 - Epoch 0: train_loss=6.032400608062744, train_AUC=0.9955380724665662, train_AP=0.9951727362237134, time=2.705028772354126
INFO - 11/06/25 18:04:18 - 0:14:26 - Epoch 0: val_AUC=0.7669836779444539, val_AP=0.8145778987501202
INFO - 11/06/25 18:04:18 - 0:14:27 - Epoch 1: train_loss=2.545180082321167, train_AUC=0.8998953005341299, train_AP=0.9302592377877039, time=0.5046164989471436
INFO - 11/06/25 18:04:19 - 0:14:27 - Epoch 1: val_AUC=0.6184370275580289, val_AP=0.690404618383188
INFO - 11/06/25 18:04:19 - 0:14:27 - Epoch 2: train_loss=4.78330135345459, train_AUC=0.6530142884422848, train_AP=0.7420250349402004, time=0.49153637886047363
INFO - 11/06/25 18:04:19 - 0:14:27 - Epoch 2: val_AUC=0.5942617442557573, val_AP=0.6605108655732139
INFO - 11/06/25 18:04:20 - 0:14:28 - Epoch 3: train_loss=5.733598232269287, train_AUC=0.5906277908440247, train_AP=0.6786695703750927, time=0.47100400924682617
INFO - 11/06/25 18:04:20 - 0:14:28 - Epoch 3: val_AUC=0.5916260475178876, val_AP=0.6603760585395333
INFO - 11/06/25 18:04:20 - 0:14:29 - Epoch 4: train_loss=5.485283851623535, train_AUC=0.5879849489789851, train_AP=0.6748771628093337, time=0.5278043746948242
INFO - 11/06/25 18:04:21 - 0:14:29 - Epoch 4: val_AUC=0.6560217209268986, val_AP=0.7071238923821427
INFO - 11/06/25 18:04:21 - 0:14:29 - Epoch 5: train_loss=3.95389461517334, train_AUC=0.6714958307761076, train_AP=0.7359862628037901, time=0.487196683883667
INFO - 11/06/25 18:04:21 - 0:14:30 - Epoch 5: val_AUC=0.7308937950448984, val_AP=0.7605746606240518
INFO - 11/06/25 18:04:22 - 0:14:30 - Epoch 6: train_loss=3.139941692352295, train_AUC=0.7571020071212282, train_AP=0.8008821415555702, time=0.4658925533294678
INFO - 11/06/25 18:04:22 - 0:14:30 - Epoch 6: val_AUC=0.8017804545869228, val_AP=0.809706468433524
INFO - 11/06/25 18:04:23 - 0:14:31 - Epoch 7: train_loss=2.785810947418213, train_AUC=0.840429204702494, train_AP=0.8598761320114263, time=0.5063915252685547
INFO - 11/06/25 18:04:23 - 0:14:31 - Epoch 7: val_AUC=0.8459987830546468, val_AP=0.8425506726352604
INFO - 11/06/25 18:04:23 - 0:14:31 - Epoch 8: train_loss=2.2914175987243652, train_AUC=0.8899152180324816, train_AP=0.8953293937845958, time=0.4504554271697998
INFO - 11/06/25 18:04:23 - 0:14:32 - Epoch 8: val_AUC=0.8636553853497374, val_AP=0.8557568439696802
INFO - 11/06/25 18:04:24 - 0:14:32 - Epoch 9: train_loss=2.0967891216278076, train_AUC=0.9106581603457854, train_AP=0.9117999948931432, time=0.50058913230896
INFO - 11/06/25 18:04:24 - 0:14:32 - Epoch 9: val_AUC=0.8663392426592292, val_AP=0.8571276972416191
INFO - 11/06/25 18:04:25 - 0:14:33 - Epoch 10: train_loss=1.9430179595947266, train_AUC=0.9108752197887856, train_AP=0.9122839280763915, time=0.4828972816467285
INFO - 11/06/25 18:04:25 - 0:14:33 - Epoch 10: val_AUC=0.8673861496305177, val_AP=0.8579912855324834
INFO - 11/06/25 18:04:25 - 0:14:33 - Epoch 11: train_loss=1.8400501012802124, train_AUC=0.9100849342767099, train_AP=0.9121443544571928, time=0.47140073776245117
INFO - 11/06/25 18:04:26 - 0:14:34 - Epoch 11: val_AUC=0.8796311531493959, val_AP=0.8685075913086053
INFO - 11/06/25 18:04:26 - 0:14:34 - Epoch 12: train_loss=1.6473053693771362, train_AUC=0.9214892815513155, train_AP=0.9187651973209215, time=0.49106669425964355
INFO - 11/06/25 18:04:26 - 0:14:34 - Epoch 12: val_AUC=0.8863522511045367, val_AP=0.8762661381475301
INFO - 11/06/25 18:04:27 - 0:14:35 - Epoch 13: train_loss=1.5793273448944092, train_AUC=0.9280377439169006, train_AP=0.9246777809707007, time=0.49074459075927734
INFO - 11/06/25 18:04:27 - 0:14:35 - Epoch 13: val_AUC=0.890687313466877, val_AP=0.8804583102212422
INFO - 11/06/25 18:04:27 - 0:14:36 - Epoch 14: train_loss=1.525069236755371, train_AUC=0.9316771449284995, train_AP=0.9272991858297633, time=0.46749448776245117
INFO - 11/06/25 18:04:28 - 0:14:36 - Epoch 14: val_AUC=0.8974058659372596, val_AP=0.8832918306271802
INFO - 11/06/25 18:04:28 - 0:14:36 - Epoch 15: train_loss=1.4116528034210205, train_AUC=0.9351664239915816, train_AP=0.9271986825290038, time=0.4944603443145752
INFO - 11/06/25 18:04:28 - 0:14:36 - Epoch 15: val_AUC=0.9010476400708989, val_AP=0.8851731444239597
INFO - 11/06/25 18:04:29 - 0:14:37 - Epoch 16: train_loss=1.3816688060760498, train_AUC=0.9370696654197358, train_AP=0.9288980346048759, time=0.4485585689544678
INFO - 11/06/25 18:04:29 - 0:14:37 - Epoch 16: val_AUC=0.9035324404723117, val_AP=0.8880610583735246
INFO - 11/06/25 18:04:29 - 0:14:38 - Epoch 17: train_loss=1.39773428440094, train_AUC=0.9375159919367599, train_AP=0.928454207993717, time=0.493563175201416
INFO - 11/06/25 18:04:30 - 0:14:38 - Epoch 17: val_AUC=0.9070244382827874, val_AP=0.8922173347121872
INFO - 11/06/25 18:04:30 - 0:14:38 - Epoch 18: train_loss=1.369178056716919, train_AUC=0.9411270822484062, train_AP=0.9319238814667848, time=0.43486785888671875
INFO - 11/06/25 18:04:30 - 0:14:39 - Epoch 18: val_AUC=0.9102988480561457, val_AP=0.8962921231969836
INFO - 11/06/25 18:04:31 - 0:14:39 - Epoch 19: train_loss=1.3305562734603882, train_AUC=0.9447792858267937, train_AP=0.9350487945794601, time=0.4809882640838623
INFO - 11/06/25 18:04:31 - 0:14:39 - Epoch 19: val_AUC=0.912612693701208, val_AP=0.8990823999980444
INFO - 11/06/25 18:04:32 - 0:14:40 - Epoch 20: train_loss=1.3121981620788574, train_AUC=0.9471792917498036, train_AP=0.9375477881429475, time=0.4944274425506592
INFO - 11/06/25 18:04:32 - 0:14:40 - Epoch 20: val_AUC=0.914328961344472, val_AP=0.9014165874354386
INFO - 11/06/25 18:04:32 - 0:14:40 - Epoch 21: train_loss=1.2990500926971436, train_AUC=0.9491546789141329, train_AP=0.9398343487371744, time=0.462754487991333
INFO - 11/06/25 18:04:32 - 0:14:41 - Epoch 21: val_AUC=0.9160013448305074, val_AP=0.9034703813744991
INFO - 11/06/25 18:04:33 - 0:14:41 - Epoch 22: train_loss=1.2721188068389893, train_AUC=0.9512146677758646, train_AP=0.9418486331432694, time=0.4394552707672119
INFO - 11/06/25 18:04:33 - 0:14:41 - Epoch 22: val_AUC=0.917745001889768, val_AP=0.9053676828469361
INFO - 11/06/25 18:04:34 - 0:14:42 - Epoch 23: train_loss=1.2387499809265137, train_AUC=0.9517398979568995, train_AP=0.9416504104452177, time=0.4634077548980713
INFO - 11/06/25 18:04:34 - 0:14:42 - Epoch 23: val_AUC=0.919206313779666, val_AP=0.9068704336352346
INFO - 11/06/25 18:04:34 - 0:14:42 - Epoch 24: train_loss=1.211261510848999, train_AUC=0.9534108521930625, train_AP=0.9439241980688613, time=0.5030770301818848
INFO - 11/06/25 18:04:34 - 0:14:43 - Epoch 24: val_AUC=0.9203513746432248, val_AP=0.9081134093210199
INFO - 11/06/25 18:04:35 - 0:14:43 - Epoch 25: train_loss=1.1910738945007324, train_AUC=0.9546952966701824, train_AP=0.945330126648842, time=0.449312686920166
INFO - 11/06/25 18:04:35 - 0:14:43 - Epoch 25: val_AUC=0.9212632691029468, val_AP=0.9092236459812465
INFO - 11/06/25 18:04:36 - 0:14:44 - Epoch 26: train_loss=1.179056167602539, train_AUC=0.9561473110225044, train_AP=0.946924905865681, time=0.47876882553100586
INFO - 11/06/25 18:04:36 - 0:14:44 - Epoch 26: val_AUC=0.9221165155938433, val_AP=0.9102859005525965
INFO - 11/06/25 18:04:36 - 0:14:44 - Epoch 27: train_loss=1.1765239238739014, train_AUC=0.9565252664224504, train_AP=0.9471112707103361, time=0.5044295787811279
INFO - 11/06/25 18:04:37 - 0:14:45 - Epoch 27: val_AUC=0.9229772967196237, val_AP=0.9112819313545362
INFO - 11/06/25 18:04:37 - 0:14:45 - Epoch 28: train_loss=1.1692063808441162, train_AUC=0.9576899688932499, train_AP=0.9483310533714552, time=0.4378941059112549
INFO - 11/06/25 18:04:37 - 0:14:45 - Epoch 28: val_AUC=0.9238574235295651, val_AP=0.9122399570452248
INFO - 11/06/25 18:04:38 - 0:14:46 - Epoch 29: train_loss=1.1610491275787354, train_AUC=0.9583923979971677, train_AP=0.9487322689864135, time=0.48314714431762695
INFO - 11/06/25 18:04:38 - 0:14:46 - Epoch 29: val_AUC=0.9246660731275007, val_AP=0.9131622910841902
INFO - 11/06/25 18:04:38 - 0:14:47 - Epoch 30: train_loss=1.153191089630127, train_AUC=0.9586955989609544, train_AP=0.94845211734818, time=0.4931023120880127
INFO - 11/06/25 18:04:39 - 0:14:47 - Epoch 30: val_AUC=0.9254405114102883, val_AP=0.9140765471286951
INFO - 11/06/25 18:04:39 - 0:14:47 - Epoch 31: train_loss=1.1449801921844482, train_AUC=0.9595995791985874, train_AP=0.9497676982459318, time=0.4513533115386963
INFO - 11/06/25 18:04:39 - 0:14:47 - Epoch 31: val_AUC=0.9263473149004938, val_AP=0.9151208302979176
INFO - 11/06/25 18:04:40 - 0:14:48 - Epoch 32: train_loss=1.1365126371383667, train_AUC=0.9607317815860604, train_AP=0.9518813689756689, time=0.4736011028289795
INFO - 11/06/25 18:04:40 - 0:14:48 - Epoch 32: val_AUC=0.927389334541047, val_AP=0.9161996451176426
INFO - 11/06/25 18:04:40 - 0:14:49 - Epoch 33: train_loss=1.1223320960998535, train_AUC=0.9617300260317121, train_AP=0.9527969174431346, time=0.49260401725769043
INFO - 11/06/25 18:04:41 - 0:14:49 - Epoch 33: val_AUC=0.9286380475439534, val_AP=0.917515995264556
INFO - 11/06/25 18:04:41 - 0:14:49 - Epoch 34: train_loss=1.108473300933838, train_AUC=0.9627011470071298, train_AP=0.9533000316255897, time=0.47485804557800293
INFO - 11/06/25 18:04:41 - 0:14:49 - Epoch 34: val_AUC=0.9299048843983369, val_AP=0.9188051532684884
INFO - 11/06/25 18:04:42 - 0:14:50 - Epoch 35: train_loss=1.0960769653320312, train_AUC=0.9643419662850065, train_AP=0.9554141503665223, time=0.4704587459564209
INFO - 11/06/25 18:04:42 - 0:14:50 - Epoch 35: val_AUC=0.9311735540017466, val_AP=0.9201343949248882
INFO - 11/06/25 18:04:43 - 0:14:51 - Epoch 36: train_loss=1.0890769958496094, train_AUC=0.9647759176802099, train_AP=0.9555626468922438, time=0.5051350593566895
INFO - 11/06/25 18:04:43 - 0:14:51 - Epoch 36: val_AUC=0.932342644241421, val_AP=0.9213640495146818
INFO - 11/06/25 18:04:43 - 0:14:51 - Epoch 37: train_loss=1.084364652633667, train_AUC=0.9654062633946846, train_AP=0.9565206997608395, time=0.4605109691619873
INFO - 11/06/25 18:04:43 - 0:14:52 - Epoch 37: val_AUC=0.9336179321052014, val_AP=0.9227628277196869
INFO - 11/06/25 18:04:44 - 0:14:52 - Epoch 38: train_loss=1.0807974338531494, train_AUC=0.9667743062095113, train_AP=0.9579171905662636, time=0.4759256839752197
INFO - 11/06/25 18:04:44 - 0:14:52 - Epoch 38: val_AUC=0.9347525055715571, val_AP=0.9239772888474345
INFO - 11/06/25 18:04:45 - 0:14:53 - Epoch 39: train_loss=1.0715627670288086, train_AUC=0.968506630059972, train_AP=0.9601021025097994, time=0.5032303333282471
INFO - 11/06/25 18:04:45 - 0:14:53 - Epoch 39: val_AUC=0.935805521706265, val_AP=0.9250345251066536
INFO - 11/06/25 18:04:45 - 0:14:53 - Epoch 40: train_loss=1.0676451921463013, train_AUC=0.9686764401906292, train_AP=0.9601494007646496, time=0.46947240829467773
INFO - 11/06/25 18:04:46 - 0:14:54 - Epoch 40: val_AUC=0.9369296077754173, val_AP=0.9262245042053153
INFO - 11/06/25 18:04:46 - 0:14:54 - Epoch 41: train_loss=1.0586141347885132, train_AUC=0.9698921604286439, train_AP=0.9618016169983894, time=0.49011731147766113
INFO - 11/06/25 18:04:46 - 0:14:54 - Epoch 41: val_AUC=0.9379885294347639, val_AP=0.927342877158751
INFO - 11/06/25 18:04:47 - 0:14:55 - Epoch 42: train_loss=1.0524179935455322, train_AUC=0.9706548025621443, train_AP=0.9627449362664051, time=0.5029852390289307
INFO - 11/06/25 18:04:47 - 0:14:55 - Epoch 42: val_AUC=0.939065371306807, val_AP=0.9285736822604008
INFO - 11/06/25 18:04:47 - 0:14:56 - Epoch 43: train_loss=1.0408614873886108, train_AUC=0.9720718698099692, train_AP=0.9646338035521775, time=0.4552898406982422
INFO - 11/06/25 18:04:48 - 0:14:56 - Epoch 43: val_AUC=0.9398915338398779, val_AP=0.9294474801558384
INFO - 11/06/25 18:04:48 - 0:14:56 - Epoch 44: train_loss=1.0337225198745728, train_AUC=0.9726764812943856, train_AP=0.9648598201180087, time=0.4633207321166992
INFO - 11/06/25 18:04:48 - 0:14:56 - Epoch 44: val_AUC=0.9407455948858972, val_AP=0.9303887453479347
INFO - 11/06/25 18:04:49 - 0:14:57 - Epoch 45: train_loss=1.0294476747512817, train_AUC=0.9730212798568707, train_AP=0.9654727086370326, time=0.5025856494903564
INFO - 11/06/25 18:04:49 - 0:14:57 - Epoch 45: val_AUC=0.9415497644306585, val_AP=0.9313231037325737
INFO - 11/06/25 18:04:50 - 0:14:58 - Epoch 46: train_loss=1.0222394466400146, train_AUC=0.974303949565577, train_AP=0.9673443257906295, time=0.45366454124450684
INFO - 11/06/25 18:04:50 - 0:14:58 - Epoch 46: val_AUC=0.9423081152497751, val_AP=0.9322084358541668
INFO - 11/06/25 18:04:50 - 0:14:58 - Epoch 47: train_loss=1.0169461965560913, train_AUC=0.9744776368175857, train_AP=0.9672679667304779, time=0.48238492012023926
INFO - 11/06/25 18:04:50 - 0:14:59 - Epoch 47: val_AUC=0.9430513967991241, val_AP=0.9330490383224291
INFO - 11/06/25 18:04:51 - 0:14:59 - Epoch 48: train_loss=1.0120867490768433, train_AUC=0.9754488194352526, train_AP=0.968644252533881, time=0.4127800464630127
INFO - 11/06/25 18:04:51 - 0:14:59 - Epoch 48: val_AUC=0.9437315503264736, val_AP=0.9338165883643721
INFO - 11/06/25 18:04:52 - 0:15:00 - Epoch 49: train_loss=1.0107784271240234, train_AUC=0.9754017485331907, train_AP=0.9684256730912872, time=0.48220300674438477
INFO - 11/06/25 18:04:52 - 0:15:00 - Epoch 49: val_AUC=0.9443540740789012, val_AP=0.9345340277481713
INFO - 11/06/25 18:04:52 - 0:15:00 - Epoch 50: train_loss=1.002305269241333, train_AUC=0.9764897615295691, train_AP=0.9697132977043055, time=0.4530763626098633
INFO - 11/06/25 18:04:52 - 0:15:01 - Epoch 50: val_AUC=0.9449598994513156, val_AP=0.9352169353473884
INFO - 11/06/25 18:04:53 - 0:15:01 - Epoch 51: train_loss=0.9982320666313171, train_AUC=0.9764882294554964, train_AP=0.9692416193474114, time=0.48774170875549316
INFO - 11/06/25 18:04:53 - 0:15:01 - Epoch 51: val_AUC=0.9455203133756468, val_AP=0.9358537793360904
INFO - 11/06/25 18:04:54 - 0:15:02 - Epoch 52: train_loss=0.9895434379577637, train_AUC=0.9777282904564971, train_AP=0.9710767602927622, time=0.4929523468017578
INFO - 11/06/25 18:04:54 - 0:15:02 - Epoch 52: val_AUC=0.9460799127448554, val_AP=0.9364918648092908
INFO - 11/06/25 18:04:54 - 0:15:02 - Epoch 53: train_loss=0.985032320022583, train_AUC=0.9780535015778894, train_AP=0.9718302412772486, time=0.4658935070037842
INFO - 11/06/25 18:04:54 - 0:15:03 - Epoch 53: val_AUC=0.9465971552476898, val_AP=0.9370689453146979
INFO - 11/06/25 18:04:55 - 0:15:03 - Epoch 54: train_loss=0.9815031290054321, train_AUC=0.9777753511435577, train_AP=0.9710472999965073, time=0.4825272560119629
INFO - 11/06/25 18:04:55 - 0:15:03 - Epoch 54: val_AUC=0.9470858883212345, val_AP=0.9376330149649849
INFO - 11/06/25 18:04:56 - 0:15:04 - Epoch 55: train_loss=0.9762120842933655, train_AUC=0.978359008314036, train_AP=0.9717603383893927, time=0.49402689933776855
INFO - 11/06/25 18:04:56 - 0:15:04 - Epoch 55: val_AUC=0.9475345045549922, val_AP=0.9381450422961175
INFO - 11/06/25 18:04:56 - 0:15:05 - Epoch 56: train_loss=0.9726914763450623, train_AUC=0.9790158970048782, train_AP=0.9728470360748098, time=0.469210147857666
INFO - 11/06/25 18:04:57 - 0:15:05 - Epoch 56: val_AUC=0.9479863790092403, val_AP=0.9386664164581597
INFO - 11/06/25 18:04:57 - 0:15:05 - Epoch 57: train_loss=0.9687923789024353, train_AUC=0.9793496785123523, train_AP=0.973256194735905, time=0.4867122173309326
INFO - 11/06/25 18:04:57 - 0:15:05 - Epoch 57: val_AUC=0.9484256278590883, val_AP=0.9392096738099915
INFO - 11/06/25 18:04:58 - 0:15:06 - Epoch 58: train_loss=0.9666904211044312, train_AUC=0.9792227978052169, train_AP=0.9731196732777705, time=0.49318408966064453
INFO - 11/06/25 18:04:58 - 0:15:06 - Epoch 58: val_AUC=0.9488699676784527, val_AP=0.9397325405893758
INFO - 11/06/25 18:04:59 - 0:15:07 - Epoch 59: train_loss=0.9628210067749023, train_AUC=0.9797775692416184, train_AP=0.9737063493398047, time=0.477405309677124
INFO - 11/06/25 18:04:59 - 0:15:07 - Epoch 59: val_AUC=0.9493084019731782, val_AP=0.9402799151676466
INFO - 11/06/25 18:04:59 - 0:15:07 - Epoch 60: train_loss=0.9587714672088623, train_AUC=0.9799158011047553, train_AP=0.9740232792851771, time=0.4665844440460205
INFO - 11/06/25 18:04:59 - 0:15:08 - Epoch 60: val_AUC=0.949749992669004, val_AP=0.9408331178717894
INFO - 11/06/25 18:05:00 - 0:15:08 - Epoch 61: train_loss=0.9531084299087524, train_AUC=0.980563127145425, train_AP=0.9748471611793181, time=0.48188161849975586
INFO - 11/06/25 18:05:00 - 0:15:08 - Epoch 61: val_AUC=0.9501711176673748, val_AP=0.9413572081973953
INFO - 11/06/25 18:05:01 - 0:15:09 - Epoch 62: train_loss=0.9470846652984619, train_AUC=0.9814456921612171, train_AP=0.9759144215195342, time=0.4547293186187744
INFO - 11/06/25 18:05:01 - 0:15:09 - Epoch 62: val_AUC=0.9506070064773422, val_AP=0.9418802957578845
INFO - 11/06/25 18:05:01 - 0:15:09 - Epoch 63: train_loss=0.9432066082954407, train_AUC=0.9816772063594038, train_AP=0.9759212459904627, time=0.48955869674682617
INFO - 11/06/25 18:05:01 - 0:15:10 - Epoch 63: val_AUC=0.9510564372662228, val_AP=0.9424267610777428
INFO - 11/06/25 18:05:02 - 0:15:10 - Epoch 64: train_loss=0.9413712620735168, train_AUC=0.9817006987489207, train_AP=0.9760427537007936, time=0.48084330558776855
INFO - 11/06/25 18:05:02 - 0:15:10 - Epoch 64: val_AUC=0.9514969079487546, val_AP=0.9429478323577407
INFO - 11/06/25 18:05:03 - 0:15:11 - Epoch 65: train_loss=0.9385455846786499, train_AUC=0.9820828813981936, train_AP=0.9766973498397907, time=0.45674872398376465
INFO - 11/06/25 18:05:03 - 0:15:11 - Epoch 65: val_AUC=0.951959982535938, val_AP=0.9435010788147705
INFO - 11/06/25 18:05:03 - 0:15:12 - Epoch 66: train_loss=0.9358478784561157, train_AUC=0.9823336808143316, train_AP=0.9769318265139041, time=0.5294210910797119
INFO - 11/06/25 18:05:04 - 0:15:12 - Epoch 66: val_AUC=0.9523971949979799, val_AP=0.9439950265548431
INFO - 11/06/25 18:05:04 - 0:15:12 - Epoch 67: train_loss=0.9307275414466858, train_AUC=0.9832254831853414, train_AP=0.9779165322240541, time=0.49600911140441895
INFO - 11/06/25 18:05:04 - 0:15:12 - Epoch 67: val_AUC=0.9528266691863572, val_AP=0.9444663631773634
INFO - 11/06/25 18:05:05 - 0:15:13 - Epoch 68: train_loss=0.9277313351631165, train_AUC=0.9832027153564332, train_AP=0.9777784251640964, time=0.45702052116394043
INFO - 11/06/25 18:05:05 - 0:15:13 - Epoch 68: val_AUC=0.9532508487664377, val_AP=0.9449299808407938
INFO - 11/06/25 18:05:05 - 0:15:14 - Epoch 69: train_loss=0.9246797561645508, train_AUC=0.9834351691586178, train_AP=0.9785417339373341, time=0.4969666004180908
INFO - 11/06/25 18:05:06 - 0:15:14 - Epoch 69: val_AUC=0.9536430570579573, val_AP=0.9453500531917622
INFO - 11/06/25 18:05:06 - 0:15:14 - Epoch 70: train_loss=0.9220235347747803, train_AUC=0.9837228600519125, train_AP=0.9786915482290957, time=0.4950389862060547
INFO - 11/06/25 18:05:06 - 0:15:15 - Epoch 70: val_AUC=0.9540407635965542, val_AP=0.9457606031822985
INFO - 11/06/25 18:05:07 - 0:15:15 - Epoch 71: train_loss=0.9179015755653381, train_AUC=0.984092313400613, train_AP=0.9790833082005154, time=0.4584016799926758
INFO - 11/06/25 18:05:07 - 0:15:15 - Epoch 71: val_AUC=0.9544348046370994, val_AP=0.9461827279869968
INFO - 11/06/25 18:05:08 - 0:15:16 - Epoch 72: train_loss=0.9155162572860718, train_AUC=0.9839570704820774, train_AP=0.9787681424657356, time=0.4900052547454834
INFO - 11/06/25 18:05:08 - 0:15:16 - Epoch 72: val_AUC=0.9548477840842446, val_AP=0.9466357520404242
INFO - 11/06/25 18:05:08 - 0:15:16 - Epoch 73: train_loss=0.9115855693817139, train_AUC=0.9843303951401459, train_AP=0.9793403830754889, time=0.49692344665527344
INFO - 11/06/25 18:05:08 - 0:15:17 - Epoch 73: val_AUC=0.9552177957486738, val_AP=0.9470405277299522
INFO - 11/06/25 18:05:09 - 0:15:17 - Epoch 74: train_loss=0.9091165661811829, train_AUC=0.9843655338639776, train_AP=0.9792397324422157, time=0.47516775131225586
INFO - 11/06/25 18:05:09 - 0:15:17 - Epoch 74: val_AUC=0.9555466723794132, val_AP=0.9474260159625856
INFO - 11/06/25 18:05:10 - 0:15:18 - Epoch 75: train_loss=0.9066344499588013, train_AUC=0.98457949886607, train_AP=0.9794111149362974, time=0.47945594787597656
INFO - 11/06/25 18:05:10 - 0:15:18 - Epoch 75: val_AUC=0.9558764653846654, val_AP=0.9478294214530303
INFO - 11/06/25 18:05:10 - 0:15:18 - Epoch 76: train_loss=0.901195764541626, train_AUC=0.9852882688439778, train_AP=0.9805641709271472, time=0.42279934883117676
INFO - 11/06/25 18:05:10 - 0:15:19 - Epoch 76: val_AUC=0.9561814144586792, val_AP=0.9481957084449065
INFO - 11/06/25 18:05:11 - 0:15:19 - Epoch 77: train_loss=0.8967252373695374, train_AUC=0.9858676355377939, train_AP=0.9813727261499691, time=0.49277782440185547
INFO - 11/06/25 18:05:11 - 0:15:19 - Epoch 77: val_AUC=0.9564789307171995, val_AP=0.9485657001722425
INFO - 11/06/25 18:05:12 - 0:15:20 - Epoch 78: train_loss=0.8937153220176697, train_AUC=0.9861585235503713, train_AP=0.9818049493667296, time=0.48777246475219727
INFO - 11/06/25 18:05:12 - 0:15:20 - Epoch 78: val_AUC=0.9567943671884164, val_AP=0.9489519447932997
INFO - 11/06/25 18:05:12 - 0:15:20 - Epoch 79: train_loss=0.8925915360450745, train_AUC=0.9858932813552551, train_AP=0.9808806442658417, time=0.4799342155456543
INFO - 11/06/25 18:05:13 - 0:15:21 - Epoch 79: val_AUC=0.9571301675376975, val_AP=0.9493907172825705
INFO - 11/06/25 18:05:13 - 0:15:21 - Epoch 80: train_loss=0.8871108889579773, train_AUC=0.986883911398049, train_AP=0.9828049911389952, time=0.487058162689209
INFO - 11/06/25 18:05:13 - 0:15:21 - Epoch 80: val_AUC=0.9574769643811336, val_AP=0.9498287873946245
INFO - 11/06/25 18:05:14 - 0:15:22 - Epoch 81: train_loss=0.8883191347122192, train_AUC=0.9863136388733117, train_AP=0.981964449397385, time=0.4821815490722656
INFO - 11/06/25 18:05:14 - 0:15:22 - Epoch 81: val_AUC=0.9578255939735953, val_AP=0.950256467779694
INFO - 11/06/25 18:05:14 - 0:15:23 - Epoch 82: train_loss=0.8827952146530151, train_AUC=0.9871127510271049, train_AP=0.9829082282001711, time=0.49598264694213867
INFO - 11/06/25 18:05:15 - 0:15:23 - Epoch 82: val_AUC=0.9581499905511606, val_AP=0.9506559293905383
INFO - 11/06/25 18:05:15 - 0:15:23 - Epoch 83: train_loss=0.8812605738639832, train_AUC=0.9872747979329031, train_AP=0.9833448660947206, time=0.4936501979827881
INFO - 11/06/25 18:05:15 - 0:15:24 - Epoch 83: val_AUC=0.9584713325470161, val_AP=0.9510626925951867
INFO - 11/06/25 18:05:16 - 0:15:24 - Epoch 84: train_loss=0.8769303560256958, train_AUC=0.9875518109796774, train_AP=0.9834630615731299, time=0.4690537452697754
INFO - 11/06/25 18:05:16 - 0:15:24 - Epoch 84: val_AUC=0.9587719033872462, val_AP=0.9514558765546037
INFO - 11/06/25 18:05:17 - 0:15:25 - Epoch 85: train_loss=0.8765400648117065, train_AUC=0.9870116663683981, train_AP=0.982554270376715, time=0.48482441902160645
INFO - 11/06/25 18:05:17 - 0:15:25 - Epoch 85: val_AUC=0.9590738996989404, val_AP=0.9518650358621678
INFO - 11/06/25 18:05:17 - 0:15:25 - Epoch 86: train_loss=0.8712546229362488, train_AUC=0.9878255374378474, train_AP=0.9835162424136084, time=0.4915034770965576
INFO - 11/06/25 18:05:18 - 0:15:26 - Epoch 86: val_AUC=0.9593647976970899, val_AP=0.9522364074591259
INFO - 11/06/25 18:05:18 - 0:15:26 - Epoch 87: train_loss=0.8705179691314697, train_AUC=0.987834027160643, train_AP=0.9836928042547364, time=0.4847111701965332
INFO - 11/06/25 18:05:18 - 0:15:26 - Epoch 87: val_AUC=0.9596218916576524, val_AP=0.9525712712499592
INFO - 11/06/25 18:05:19 - 0:15:27 - Epoch 88: train_loss=0.8676624298095703, train_AUC=0.9881638223519242, train_AP=0.9840715377688819, time=0.4825172424316406
INFO - 11/06/25 18:05:19 - 0:15:27 - Epoch 88: val_AUC=0.9598756255783342, val_AP=0.9529076864150506
INFO - 11/06/25 18:05:19 - 0:15:28 - Epoch 89: train_loss=0.8645642995834351, train_AUC=0.9883931861162188, train_AP=0.9845796336209949, time=0.49445629119873047
INFO - 11/06/25 18:05:20 - 0:15:28 - Epoch 89: val_AUC=0.9601283413051127, val_AP=0.9532522494431482
INFO - 11/06/25 18:05:20 - 0:15:28 - Epoch 90: train_loss=0.8647075891494751, train_AUC=0.9881594466328374, train_AP=0.9842024645381118, time=0.4577796459197998
INFO - 11/06/25 18:05:20 - 0:15:28 - Epoch 90: val_AUC=0.960341347469666, val_AP=0.9535416571088384
INFO - 11/06/25 18:05:21 - 0:15:29 - Epoch 91: train_loss=0.8596205115318298, train_AUC=0.9890083098936862, train_AP=0.9853114041053593, time=0.48004579544067383
INFO - 11/06/25 18:05:21 - 0:15:29 - Epoch 91: val_AUC=0.9605684047100835, val_AP=0.9538411989522809
INFO - 11/06/25 18:05:22 - 0:15:30 - Epoch 92: train_loss=0.8567280769348145, train_AUC=0.9891450188410275, train_AP=0.9855440736397395, time=0.4954061508178711
INFO - 11/06/25 18:05:22 - 0:15:30 - Epoch 92: val_AUC=0.9607771344602433, val_AP=0.954108566925532
INFO - 11/06/25 18:05:22 - 0:15:30 - Epoch 93: train_loss=0.8558030128479004, train_AUC=0.9888820609315444, train_AP=0.9850336167523575, time=0.45294690132141113
INFO - 11/06/25 18:05:22 - 0:15:31 - Epoch 93: val_AUC=0.9609667221650223, val_AP=0.9543295287186409
INFO - 11/06/25 18:05:23 - 0:15:31 - Epoch 94: train_loss=0.8519861698150635, train_AUC=0.989162487197715, train_AP=0.9852387283662107, time=0.4817509651184082
INFO - 11/06/25 18:05:23 - 0:15:31 - Epoch 94: val_AUC=0.96118115380104, val_AP=0.9546227181535959
INFO - 11/06/25 18:05:24 - 0:15:32 - Epoch 95: train_loss=0.8505953550338745, train_AUC=0.9896186326205474, train_AP=0.9860044188677055, time=0.49843478202819824
INFO - 11/06/25 18:05:24 - 0:15:32 - Epoch 95: val_AUC=0.9613917163002255, val_AP=0.9548961664521848
INFO - 11/06/25 18:05:24 - 0:15:32 - Epoch 96: train_loss=0.8499142527580261, train_AUC=0.9894340589950956, train_AP=0.9856311265071629, time=0.44731831550598145
INFO - 11/06/25 18:05:24 - 0:15:33 - Epoch 96: val_AUC=0.9615751948415852, val_AP=0.9551412150210474
INFO - 11/06/25 18:05:25 - 0:15:33 - Epoch 97: train_loss=0.846657395362854, train_AUC=0.989841164662428, train_AP=0.9864064771874507, time=0.4989817142486572
INFO - 11/06/25 18:05:25 - 0:15:33 - Epoch 97: val_AUC=0.9617596915768485, val_AP=0.9553978268136765
INFO - 11/06/25 18:05:26 - 0:15:34 - Epoch 98: train_loss=0.8441859483718872, train_AUC=0.9897908349988341, train_AP=0.9861823451921599, time=0.5098450183868408
INFO - 11/06/25 18:05:26 - 0:15:34 - Epoch 98: val_AUC=0.9619452065060146, val_AP=0.955660796118871
INFO - 11/06/25 18:05:26 - 0:15:35 - Epoch 99: train_loss=0.8417363166809082, train_AUC=0.9901826750512223, train_AP=0.9869553518872399, time=0.5046658515930176
INFO - 11/06/25 18:05:27 - 0:15:35 - Epoch 99: val_AUC=0.9621058775039425, val_AP=0.955876702781711
INFO - 11/06/25 18:05:27 - 0:15:35 - Epoch 100: train_loss=0.8383367657661438, train_AUC=0.9906268810748754, train_AP=0.9876053318360394, time=0.47205042839050293
INFO - 11/06/25 18:05:27 - 0:15:35 - Epoch 100: val_AUC=0.9622622720874766, val_AP=0.9560874737295928
INFO - 11/06/25 18:05:28 - 0:15:36 - Epoch 101: train_loss=0.8374326229095459, train_AUC=0.9902411499454996, train_AP=0.9868922502240325, time=0.4835324287414551
INFO - 11/06/25 18:05:28 - 0:15:36 - Epoch 101: val_AUC=0.9624137793402755, val_AP=0.956299125855531
INFO - 11/06/25 18:05:29 - 0:15:37 - Epoch 102: train_loss=0.8379395604133606, train_AUC=0.9902934565640843, train_AP=0.9869324929567282, time=0.48763155937194824
INFO - 11/06/25 18:05:29 - 0:15:37 - Epoch 102: val_AUC=0.9625365735250035, val_AP=0.9564788389325458
INFO - 11/06/25 18:05:29 - 0:15:37 - Epoch 103: train_loss=0.834839940071106, train_AUC=0.9905545977884244, train_AP=0.9874846248412521, time=0.4666931629180908
INFO - 11/06/25 18:05:29 - 0:15:38 - Epoch 103: val_AUC=0.9626473530216737, val_AP=0.9566549823424788
INFO - 11/06/25 18:05:30 - 0:15:38 - Epoch 104: train_loss=0.8312026262283325, train_AUC=0.9909069586220365, train_AP=0.9876071049073811, time=0.42995595932006836
INFO - 11/06/25 18:05:30 - 0:15:38 - Epoch 104: val_AUC=0.9627630198490793, val_AP=0.9568079680724185
INFO - 11/06/25 18:05:30 - 0:15:39 - Epoch 105: train_loss=0.8293826580047607, train_AUC=0.9906819608901896, train_AP=0.98714719872569, time=0.49570631980895996
INFO - 11/06/25 18:05:31 - 0:15:39 - Epoch 105: val_AUC=0.9628825558133168, val_AP=0.9569790383680284
INFO - 11/06/25 18:05:31 - 0:15:39 - Epoch 106: train_loss=0.8270666003227234, train_AUC=0.991201684128805, train_AP=0.9879103489608243, time=0.4424142837524414
INFO - 11/06/25 18:05:31 - 0:15:39 - Epoch 106: val_AUC=0.9629986299182838, val_AP=0.9571257825491984
INFO - 11/06/25 18:05:32 - 0:15:40 - Epoch 107: train_loss=0.824996292591095, train_AUC=0.9914241576986094, train_AP=0.9883369206673497, time=0.4881742000579834
INFO - 11/06/25 18:05:32 - 0:15:40 - Epoch 107: val_AUC=0.9631179622437409, val_AP=0.9573015138101908
INFO - 11/06/25 18:05:33 - 0:15:41 - Epoch 108: train_loss=0.8229683637619019, train_AUC=0.9915935271752454, train_AP=0.9888210339391591, time=0.49199557304382324
INFO - 11/06/25 18:05:33 - 0:15:41 - Epoch 108: val_AUC=0.9632281308240692, val_AP=0.9574571203523753
INFO - 11/06/25 18:05:33 - 0:15:41 - Epoch 109: train_loss=0.8217688202857971, train_AUC=0.9915176172110953, train_AP=0.9885304918579348, time=0.4515261650085449
INFO - 11/06/25 18:05:33 - 0:15:42 - Epoch 109: val_AUC=0.9633370775717134, val_AP=0.9576212314924352
INFO - 11/06/25 18:05:34 - 0:15:42 - Epoch 110: train_loss=0.8207210302352905, train_AUC=0.9917002209263845, train_AP=0.9889625371569515, time=0.4761393070220947
INFO - 11/06/25 18:05:34 - 0:15:42 - Epoch 110: val_AUC=0.9634541698705835, val_AP=0.9577739327835896
INFO - 11/06/25 18:05:35 - 0:15:43 - Epoch 111: train_loss=0.8185461759567261, train_AUC=0.9915471517738749, train_AP=0.9883697293424225, time=0.49105405807495117
INFO - 11/06/25 18:05:35 - 0:15:43 - Epoch 111: val_AUC=0.9635551747057826, val_AP=0.9579109478398177
INFO - 11/06/25 18:05:35 - 0:15:43 - Epoch 112: train_loss=0.8160675764083862, train_AUC=0.9919620551857258, train_AP=0.9893230811357745, time=0.46825146675109863
INFO - 11/06/25 18:05:36 - 0:15:44 - Epoch 112: val_AUC=0.9636512922102464, val_AP=0.9580362736455413
INFO - 11/06/25 18:05:36 - 0:15:44 - Epoch 113: train_loss=0.8146772980690002, train_AUC=0.9919893433288253, train_AP=0.9890107580184874, time=0.48963189125061035
INFO - 11/06/25 18:05:36 - 0:15:44 - Epoch 113: val_AUC=0.9637600353191101, val_AP=0.9581775534150581
INFO - 11/06/25 18:05:37 - 0:15:45 - Epoch 114: train_loss=0.8122761845588684, train_AUC=0.9924341011386686, train_AP=0.9901167037483576, time=0.519172191619873
INFO - 11/06/25 18:05:37 - 0:15:45 - Epoch 114: val_AUC=0.9638427126640514, val_AP=0.9583003955538242
INFO - 11/06/25 18:05:37 - 0:15:46 - Epoch 115: train_loss=0.8116585612297058, train_AUC=0.9919498118021978, train_AP=0.9887922492014998, time=0.45920562744140625
INFO - 11/06/25 18:05:38 - 0:15:46 - Epoch 115: val_AUC=0.9639278336743605, val_AP=0.9584121842135399
INFO - 11/06/25 18:05:38 - 0:15:46 - Epoch 116: train_loss=0.8088762760162354, train_AUC=0.9923753391676311, train_AP=0.9898352976885634, time=0.46196556091308594
INFO - 11/06/25 18:05:38 - 0:15:46 - Epoch 116: val_AUC=0.9640312821749273, val_AP=0.9585526997537421
INFO - 11/06/25 18:05:39 - 0:15:47 - Epoch 117: train_loss=0.8077511787414551, train_AUC=0.992464679921149, train_AP=0.9896376779490946, time=0.4567716121673584
INFO - 11/06/25 18:05:39 - 0:15:47 - Epoch 117: val_AUC=0.9641396180062296, val_AP=0.9587011355822416
INFO - 11/06/25 18:05:39 - 0:15:48 - Epoch 118: train_loss=0.8054920434951782, train_AUC=0.9924912258915685, train_AP=0.98977007015188, time=0.4863913059234619
INFO - 11/06/25 18:05:40 - 0:15:48 - Epoch 118: val_AUC=0.9642473429211902, val_AP=0.9588670240563029
INFO - 11/06/25 18:05:40 - 0:15:48 - Epoch 119: train_loss=0.8039224147796631, train_AUC=0.9924228907031157, train_AP=0.9895972943654446, time=0.48344898223876953
INFO - 11/06/25 18:05:40 - 0:15:48 - Epoch 119: val_AUC=0.964360566083228, val_AP=0.9590152553920488
INFO - 11/06/25 18:05:41 - 0:15:49 - Epoch 120: train_loss=0.8017474412918091, train_AUC=0.9928989020138865, train_AP=0.9904924871754265, time=0.4750998020172119
INFO - 11/06/25 18:05:41 - 0:15:49 - Epoch 120: val_AUC=0.9644638109450141, val_AP=0.9591575839490601
INFO - 11/06/25 18:05:41 - 0:15:50 - Epoch 121: train_loss=0.8014297485351562, train_AUC=0.9927650675326838, train_AP=0.9902834478612098, time=0.49700212478637695
INFO - 11/06/25 18:05:42 - 0:15:50 - Epoch 121: val_AUC=0.9645591138943554, val_AP=0.9593063819477581
INFO - 11/06/25 18:05:42 - 0:15:50 - Epoch 122: train_loss=0.7988469004631042, train_AUC=0.9930505666037189, train_AP=0.9905670846477235, time=0.4741947650909424
INFO - 11/06/25 18:05:42 - 0:15:51 - Epoch 122: val_AUC=0.9646476967639354, val_AP=0.9594476873716882
INFO - 11/06/25 18:05:43 - 0:15:51 - Epoch 123: train_loss=0.7994757890701294, train_AUC=0.9927617247615723, train_AP=0.9899308961249096, time=0.47294139862060547
INFO - 11/06/25 18:05:43 - 0:15:51 - Epoch 123: val_AUC=0.9647087883981285, val_AP=0.9595652809894927
INFO - 11/06/25 18:05:44 - 0:15:52 - Epoch 124: train_loss=0.7952797412872314, train_AUC=0.9935413153434188, train_AP=0.9913558400674628, time=0.49228405952453613
INFO - 11/06/25 18:05:44 - 0:15:52 - Epoch 124: val_AUC=0.9648030731535664, val_AP=0.9596997980760934
INFO - 11/06/25 18:05:44 - 0:15:52 - Epoch 125: train_loss=0.7945446968078613, train_AUC=0.9930883767265085, train_AP=0.9906444045819807, time=0.45444393157958984
INFO - 11/06/25 18:05:44 - 0:15:53 - Epoch 125: val_AUC=0.9648739394492305, val_AP=0.9598188854098569
INFO - 11/06/25 18:05:45 - 0:15:53 - Epoch 126: train_loss=0.7929818630218506, train_AUC=0.9930742335288614, train_AP=0.9904074297536544, time=0.4814295768737793
INFO - 11/06/25 18:05:45 - 0:15:53 - Epoch 126: val_AUC=0.9649551913227071, val_AP=0.9599681675558809
INFO - 11/06/25 18:05:46 - 0:15:54 - Epoch 127: train_loss=0.7924515008926392, train_AUC=0.993041240131421, train_AP=0.9904115320007756, time=0.5114142894744873
INFO - 11/06/25 18:05:46 - 0:15:54 - Epoch 127: val_AUC=0.9650203557325132, val_AP=0.9601031502823072
INFO - 11/06/25 18:05:46 - 0:15:55 - Epoch 128: train_loss=0.789926290512085, train_AUC=0.9935867162688906, train_AP=0.9912657415461883, time=0.44551992416381836
INFO - 11/06/25 18:05:47 - 0:15:55 - Epoch 128: val_AUC=0.965091222028177, val_AP=0.9602249477251684
INFO - 11/06/25 18:05:47 - 0:15:55 - Epoch 129: train_loss=0.7870427370071411, train_AUC=0.9937559314637832, train_AP=0.9914331969008485, time=0.4785141944885254
INFO - 11/06/25 18:05:47 - 0:15:55 - Epoch 129: val_AUC=0.9651460008601702, val_AP=0.9603361093499929
INFO - 11/06/25 18:05:48 - 0:15:56 - Epoch 130: train_loss=0.7865973711013794, train_AUC=0.9934798331879863, train_AP=0.9908909446677343, time=0.5035481452941895
INFO - 11/06/25 18:05:48 - 0:15:56 - Epoch 130: val_AUC=0.9652034269963118, val_AP=0.9604414997099346
INFO - 11/06/25 18:05:48 - 0:15:57 - Epoch 131: train_loss=0.784677267074585, train_AUC=0.9939668796942016, train_AP=0.9917855478921498, time=0.4423332214355469
INFO - 11/06/25 18:05:49 - 0:15:57 - Epoch 131: val_AUC=0.9652502639158598, val_AP=0.9605333059909572
INFO - 11/06/25 18:05:49 - 0:15:57 - Epoch 132: train_loss=0.7845499515533447, train_AUC=0.993782367182637, train_AP=0.9915202378405583, time=0.48327136039733887
INFO - 11/06/25 18:05:49 - 0:15:57 - Epoch 132: val_AUC=0.9653125773827367, val_AP=0.9606499206843745
INFO - 11/06/25 18:05:50 - 0:15:58 - Epoch 133: train_loss=0.7835503816604614, train_AUC=0.993991716060871, train_AP=0.9921439485687513, time=0.49533629417419434
INFO - 11/06/25 18:05:50 - 0:15:58 - Epoch 133: val_AUC=0.9653935237980423, val_AP=0.9607835248057716
INFO - 11/06/25 18:05:50 - 0:15:59 - Epoch 134: train_loss=0.7824655771255493, train_AUC=0.993753804806187, train_AP=0.9913630739588186, time=0.4572257995605469
INFO - 11/06/25 18:05:51 - 0:15:59 - Epoch 134: val_AUC=0.9654616409701677, val_AP=0.9609050376789993
INFO - 11/06/25 18:05:51 - 0:15:59 - Epoch 135: train_loss=0.7805514335632324, train_AUC=0.9938727364811122, train_AP=0.9916793775342256, time=0.464275598526001
INFO - 11/06/25 18:05:51 - 0:16:00 - Epoch 135: val_AUC=0.9655131615816707, val_AP=0.961010172833042
INFO - 11/06/25 18:05:52 - 0:16:00 - Epoch 136: train_loss=0.7775974273681641, train_AUC=0.9944298288362549, train_AP=0.9926163150260094, time=0.49709033966064453
INFO - 11/06/25 18:05:52 - 0:16:00 - Epoch 136: val_AUC=0.9655245653533865, val_AP=0.9610631499388445
INFO - 11/06/25 18:05:53 - 0:16:01 - Epoch 137: train_loss=0.7776868343353271, train_AUC=0.9942843194891821, train_AP=0.9924510264232244, time=0.4648559093475342
INFO - 11/06/25 18:05:53 - 0:16:01 - Epoch 137: val_AUC=0.9655371909577865, val_AP=0.9611298814978817
INFO - 11/06/25 18:05:53 - 0:16:01 - Epoch 138: train_loss=0.7753626108169556, train_AUC=0.9944430829765485, train_AP=0.992493218072684, time=0.4818000793457031
INFO - 11/06/25 18:05:53 - 0:16:02 - Epoch 138: val_AUC=0.965529452684122, val_AP=0.9611645768347555
INFO - 11/06/25 18:05:54 - 0:16:02 - Epoch 139: train_loss=0.7739564180374146, train_AUC=0.9945240056884003, train_AP=0.9926204582199356, time=0.49602222442626953
INFO - 11/06/25 18:05:54 - 0:16:02 - Epoch 139: val_AUC=0.9655211034941157, val_AP=0.9612246193483076
INFO - 11/06/25 18:05:55 - 0:16:03 - Epoch 140: train_loss=0.7733259201049805, train_AUC=0.9944963535037894, train_AP=0.9924882913696258, time=0.45446300506591797
INFO - 11/06/25 18:05:55 - 0:16:03 - Epoch 140: val_AUC=0.9655439110375477, val_AP=0.9613145691399412
INFO - 11/06/25 18:05:55 - 0:16:04 - Epoch 141: train_loss=0.7722289562225342, train_AUC=0.9945021871501292, train_AP=0.9923683305448124, time=0.4896852970123291
INFO - 11/06/25 18:05:56 - 0:16:04 - Epoch 141: val_AUC=0.9655746604934249, val_AP=0.9614092300850859
INFO - 11/06/25 18:05:56 - 0:16:04 - Epoch 142: train_loss=0.7701616287231445, train_AUC=0.994715230688657, train_AP=0.9928142295622213, time=0.5144648551940918
INFO - 11/06/25 18:05:56 - 0:16:04 - Epoch 142: val_AUC=0.9655781223526958, val_AP=0.9614848829845601
INFO - 11/06/25 18:05:57 - 0:16:05 - Epoch 143: train_loss=0.7692596316337585, train_AUC=0.9948439559080079, train_AP=0.9930327331600555, time=0.46059203147888184
INFO - 11/06/25 18:05:57 - 0:16:05 - Epoch 143: val_AUC=0.965555722086825, val_AP=0.961511980316703
INFO - 11/06/25 18:05:57 - 0:16:06 - Epoch 144: train_loss=0.7673150300979614, train_AUC=0.9947713561326377, train_AP=0.9928424388617547, time=0.4814324378967285
INFO - 11/06/25 18:05:58 - 0:16:06 - Epoch 144: val_AUC=0.9655123470265481, val_AP=0.9615242247660581
INFO - 11/06/25 18:05:58 - 0:16:06 - Epoch 145: train_loss=0.7660064697265625, train_AUC=0.9949114670276497, train_AP=0.9928069761379661, time=0.49549174308776855
INFO - 11/06/25 18:05:58 - 0:16:07 - Epoch 145: val_AUC=0.9654820048482322, val_AP=0.9615535085015026
INFO - 11/06/25 18:05:59 - 0:16:07 - Epoch 146: train_loss=0.7651952505111694, train_AUC=0.9947532836819083, train_AP=0.9928197965317875, time=0.4613642692565918
INFO - 11/06/25 18:05:59 - 0:16:07 - Epoch 146: val_AUC=0.9654663246621225, val_AP=0.9615902993081377
INFO - 11/06/25 18:06:00 - 0:16:08 - Epoch 147: train_loss=0.7630702257156372, train_AUC=0.9951583412414821, train_AP=0.9934553334021751, time=0.4846491813659668
INFO - 11/06/25 18:06:00 - 0:16:08 - Epoch 147: val_AUC=0.9654689719662708, val_AP=0.9616504517623226
INFO - 11/06/25 18:06:00 - 0:16:08 - Epoch 148: train_loss=0.764601469039917, train_AUC=0.9946234629917294, train_AP=0.9923230371809459, time=0.49625658988952637
INFO - 11/06/25 18:06:00 - 0:16:09 - Epoch 148: val_AUC=0.9654864849014063, val_AP=0.9617170805311479
INFO - 11/06/25 18:06:01 - 0:16:09 - Epoch 149: train_loss=0.762241005897522, train_AUC=0.9950973976631864, train_AP=0.9933821241751875, time=0.45091867446899414
INFO - 11/06/25 18:06:01 - 0:16:09 - Epoch 149: val_AUC=0.9654830230421351, val_AP=0.9617615697488724
INFO - 11/06/25 18:06:02 - 0:16:10 - Epoch 150: train_loss=0.7598426342010498, train_AUC=0.9953318898864905, train_AP=0.9935183950002217, time=0.47537660598754883
INFO - 11/06/25 18:06:02 - 0:16:10 - Epoch 150: val_AUC=0.9654718229092, val_AP=0.9617994007601564
INFO - 11/06/25 18:06:02 - 0:16:10 - Epoch 151: train_loss=0.7593802213668823, train_AUC=0.9953043629237057, train_AP=0.9935446692238673, time=0.4848194122314453
INFO - 11/06/25 18:06:03 - 0:16:11 - Epoch 151: val_AUC=0.9654166367996456, val_AP=0.9617904566669635
INFO - 11/06/25 18:06:03 - 0:16:11 - Epoch 152: train_loss=0.758370578289032, train_AUC=0.9954970773768228, train_AP=0.9938983002030021, time=0.4896876811981201
INFO - 11/06/25 18:06:03 - 0:16:11 - Epoch 152: val_AUC=0.9653852764274263, val_AP=0.9618237064771423
INFO - 11/06/25 18:06:04 - 0:16:12 - Epoch 153: train_loss=0.7562465667724609, train_AUC=0.9956328747233594, train_AP=0.9940856714562215, time=0.48293566703796387
INFO - 11/06/25 18:06:04 - 0:16:12 - Epoch 153: val_AUC=0.965327850291285, val_AP=0.9618192002286041
INFO - 11/06/25 18:06:04 - 0:16:13 - Epoch 154: train_loss=0.7552350759506226, train_AUC=0.9954922486752651, train_AP=0.993893837228489, time=0.5107755661010742
INFO - 11/06/25 18:06:05 - 0:16:13 - Epoch 154: val_AUC=0.9652964899190658, val_AP=0.9618446403399206
INFO - 11/06/25 18:06:05 - 0:16:13 - Epoch 155: train_loss=0.754461407661438, train_AUC=0.9954641494962875, train_AP=0.9937420375441048, time=0.4430878162384033
INFO - 11/06/25 18:06:05 - 0:16:13 - Epoch 155: val_AUC=0.9652799951778336, val_AP=0.9618889386472901
INFO - 11/06/25 18:06:06 - 0:16:14 - Epoch 156: train_loss=0.7524490356445312, train_AUC=0.9956077789308816, train_AP=0.9939693845366808, time=0.47214412689208984
INFO - 11/06/25 18:06:06 - 0:16:14 - Epoch 156: val_AUC=0.9652594276609887, val_AP=0.961942229475871
INFO - 11/06/25 18:06:06 - 0:16:15 - Epoch 157: train_loss=0.7527859210968018, train_AUC=0.9958487099512914, train_AP=0.9944161080478047, time=0.48482275009155273
INFO - 11/06/25 18:06:07 - 0:16:15 - Epoch 157: val_AUC=0.965238045589021, val_AP=0.9619746216184271
INFO - 11/06/25 18:06:07 - 0:16:15 - Epoch 158: train_loss=0.7511391639709473, train_AUC=0.9958638919088973, train_AP=0.9943391050870722, time=0.4530148506164551
INFO - 11/06/25 18:06:07 - 0:16:15 - Epoch 158: val_AUC=0.9651905977531311, val_AP=0.9619756469531486
INFO - 11/06/25 18:06:08 - 0:16:16 - Epoch 159: train_loss=0.7507854700088501, train_AUC=0.9959728710023937, train_AP=0.9946436985273683, time=0.45473241806030273
INFO - 11/06/25 18:06:08 - 0:16:16 - Epoch 159: val_AUC=0.9651743066506797, val_AP=0.9620100680475296
INFO - 11/06/25 18:06:09 - 0:16:17 - Epoch 160: train_loss=0.7500367760658264, train_AUC=0.9956376394930988, train_AP=0.9938355779093844, time=0.5041425228118896
INFO - 11/06/25 18:06:09 - 0:16:17 - Epoch 160: val_AUC=0.9651372443926025, val_AP=0.962010528015911
INFO - 11/06/25 18:06:09 - 0:16:17 - Epoch 161: train_loss=0.7480562925338745, train_AUC=0.9958556658388072, train_AP=0.9941272443068446, time=0.45937323570251465
INFO - 11/06/25 18:06:09 - 0:16:18 - Epoch 161: val_AUC=0.965117084153319, val_AP=0.9620219395671871
INFO - 11/06/25 18:06:10 - 0:16:18 - Epoch 162: train_loss=0.7458223700523376, train_AUC=0.9961409764606807, train_AP=0.9948167921102552, time=0.4860243797302246
INFO - 11/06/25 18:06:10 - 0:16:18 - Epoch 162: val_AUC=0.9650922402220803, val_AP=0.9620345778895304
INFO - 11/06/25 18:06:11 - 0:16:19 - Epoch 163: train_loss=0.7460085153579712, train_AUC=0.9959752702948518, train_AP=0.9943859072274587, time=0.49214768409729004
INFO - 11/06/25 18:06:11 - 0:16:19 - Epoch 163: val_AUC=0.9650252430632487, val_AP=0.9620220404754743
INFO - 11/06/25 18:06:11 - 0:16:19 - Epoch 164: train_loss=0.7450224161148071, train_AUC=0.9960894518180566, train_AP=0.9946522289134537, time=0.48915743827819824
INFO - 11/06/25 18:06:11 - 0:16:20 - Epoch 164: val_AUC=0.9649784061437006, val_AP=0.962017058342531
INFO - 11/06/25 18:06:12 - 0:16:20 - Epoch 165: train_loss=0.743759036064148, train_AUC=0.996057331627106, train_AP=0.9945647749399549, time=0.49387288093566895
INFO - 11/06/25 18:06:12 - 0:16:20 - Epoch 165: val_AUC=0.96491181626243, val_AP=0.9620061563625762
INFO - 11/06/25 18:06:13 - 0:16:21 - Epoch 166: train_loss=0.7431495189666748, train_AUC=0.9961198715635341, train_AP=0.9945635687072749, time=0.48778820037841797
INFO - 11/06/25 18:06:13 - 0:16:21 - Epoch 166: val_AUC=0.9648814740841142, val_AP=0.9620210811144041
INFO - 11/06/25 18:06:13 - 0:16:21 - Epoch 167: train_loss=0.7405679225921631, train_AUC=0.9964642985113172, train_AP=0.9952708345617041, time=0.4976918697357178
INFO - 11/06/25 18:06:13 - 0:16:22 - Epoch 167: val_AUC=0.9648756703788659, val_AP=0.9620615105731742
INFO - 11/06/25 18:06:14 - 0:16:22 - Epoch 168: train_loss=0.7408320903778076, train_AUC=0.9961702329288561, train_AP=0.994523373201317, time=0.4728868007659912
INFO - 11/06/25 18:06:14 - 0:16:22 - Epoch 168: val_AUC=0.9648590738182434, val_AP=0.9620801666016967
INFO - 11/06/25 18:06:15 - 0:16:23 - Epoch 169: train_loss=0.7392191290855408, train_AUC=0.9963804469120269, train_AP=0.995087010602181, time=0.40719175338745117
INFO - 11/06/25 18:06:15 - 0:16:23 - Epoch 169: val_AUC=0.9648110150660116, val_AP=0.9620589849182799
INFO - 11/06/25 18:06:15 - 0:16:23 - Epoch 170: train_loss=0.739708423614502, train_AUC=0.9963777438113408, train_AP=0.9950497889970958, time=0.38764047622680664
INFO - 11/06/25 18:06:15 - 0:16:24 - Epoch 170: val_AUC=0.9647812838040376, val_AP=0.9620570484157901
INFO - 11/06/25 18:06:16 - 0:16:24 - Epoch 171: train_loss=0.7367475032806396, train_AUC=0.9963301008692067, train_AP=0.9948387836955062, time=0.4443693161010742
INFO - 11/06/25 18:06:16 - 0:16:24 - Epoch 171: val_AUC=0.9647641781464634, val_AP=0.962080979340122
INFO - 11/06/25 18:06:16 - 0:16:25 - Epoch 172: train_loss=0.7367410659790039, train_AUC=0.9962292037790579, train_AP=0.9947169280002699, time=0.4797978401184082
INFO - 11/06/25 18:06:17 - 0:16:25 - Epoch 172: val_AUC=0.9647332250518056, val_AP=0.962087109220019
INFO - 11/06/25 18:06:17 - 0:16:25 - Epoch 173: train_loss=0.7345790863037109, train_AUC=0.9965034425723787, train_AP=0.9950570359786084, time=0.4955132007598877
INFO - 11/06/25 18:06:17 - 0:16:26 - Epoch 173: val_AUC=0.964681093523961, val_AP=0.9620804102063873
INFO - 11/06/25 18:06:18 - 0:16:26 - Epoch 174: train_loss=0.7345553040504456, train_AUC=0.9964545528717251, train_AP=0.9950166550763663, time=0.4724700450897217
INFO - 11/06/25 18:06:18 - 0:16:26 - Epoch 174: val_AUC=0.9646358857146581, val_AP=0.9620692355302949
INFO - 11/06/25 18:06:19 - 0:16:27 - Epoch 175: train_loss=0.7318007946014404, train_AUC=0.9967086365868986, train_AP=0.9954040138766891, time=0.4735887050628662
INFO - 11/06/25 18:06:19 - 0:16:27 - Epoch 175: val_AUC=0.9645505610655684, val_AP=0.9620146509043207
INFO - 11/06/25 18:06:19 - 0:16:27 - Epoch 176: train_loss=0.7330267429351807, train_AUC=0.9963531214313365, train_AP=0.9948780861159474, time=0.5156733989715576
INFO - 11/06/25 18:06:19 - 0:16:28 - Epoch 176: val_AUC=0.9645187934157882, val_AP=0.9620308017060877
INFO - 11/06/25 18:06:20 - 0:16:28 - Epoch 177: train_loss=0.7309794425964355, train_AUC=0.9965273499022927, train_AP=0.9950142005396924, time=0.4580869674682617
INFO - 11/06/25 18:06:20 - 0:16:28 - Epoch 177: val_AUC=0.9645293826323816, val_AP=0.9620813221155592
INFO - 11/06/25 18:06:21 - 0:16:29 - Epoch 178: train_loss=0.7309324741363525, train_AUC=0.9965843709200932, train_AP=0.9951185791475541, time=0.44765329360961914
INFO - 11/06/25 18:06:21 - 0:16:29 - Epoch 178: val_AUC=0.9644915058191819, val_AP=0.9620770375950516
INFO - 11/06/25 18:06:21 - 0:16:29 - Epoch 179: train_loss=0.7289443016052246, train_AUC=0.9966512462439652, train_AP=0.9953251887545472, time=0.47519898414611816
INFO - 11/06/25 18:06:21 - 0:16:30 - Epoch 179: val_AUC=0.9644157521927825, val_AP=0.9620350509419366
INFO - 11/06/25 18:06:22 - 0:16:30 - Epoch 180: train_loss=0.7295056581497192, train_AUC=0.9964849319333181, train_AP=0.9950215032356651, time=0.5071878433227539
INFO - 11/06/25 18:06:22 - 0:16:30 - Epoch 180: val_AUC=0.9643247256578348, val_AP=0.9619849561703404
INFO - 11/06/25 18:06:23 - 0:16:31 - Epoch 181: train_loss=0.7277688384056091, train_AUC=0.9967649548830586, train_AP=0.995385726613068, time=0.4909017086029053
INFO - 11/06/25 18:06:23 - 0:16:31 - Epoch 181: val_AUC=0.9642823687914608, val_AP=0.9619774057758584
INFO - 11/06/25 18:06:23 - 0:16:31 - Epoch 182: train_loss=0.7266584634780884, train_AUC=0.9968555716311339, train_AP=0.9956839395491567, time=0.48717331886291504
INFO - 11/06/25 18:06:24 - 0:16:32 - Epoch 182: val_AUC=0.9642709650197447, val_AP=0.9620136111108734
INFO - 11/06/25 18:06:24 - 0:16:32 - Epoch 183: train_loss=0.7251510620117188, train_AUC=0.9970359042698435, train_AP=0.9958456951534153, time=0.4758579730987549
INFO - 11/06/25 18:06:24 - 0:16:32 - Epoch 183: val_AUC=0.964220055324584, val_AP=0.9619930350129283
INFO - 11/06/25 18:06:25 - 0:16:33 - Epoch 184: train_loss=0.7252702713012695, train_AUC=0.9969213770216812, train_AP=0.9957021421353281, time=0.48387575149536133
INFO - 11/06/25 18:06:25 - 0:16:33 - Epoch 184: val_AUC=0.9641610000781973, val_AP=0.9619933976835445
INFO - 11/06/25 18:06:25 - 0:16:34 - Epoch 185: train_loss=0.7235863208770752, train_AUC=0.9969516306853273, train_AP=0.9958879261157807, time=0.49352192878723145
INFO - 11/06/25 18:06:26 - 0:16:34 - Epoch 185: val_AUC=0.9641249560140235, val_AP=0.962006995635558
INFO - 11/06/25 18:06:26 - 0:16:34 - Epoch 186: train_loss=0.7248202562332153, train_AUC=0.9967106411928413, train_AP=0.9952533215731736, time=0.49997711181640625
INFO - 11/06/25 18:06:26 - 0:16:34 - Epoch 186: val_AUC=0.9641534654433135, val_AP=0.9620643828115634
INFO - 11/06/25 18:06:27 - 0:16:35 - Epoch 187: train_loss=0.7227057218551636, train_AUC=0.9969550181910997, train_AP=0.9957610368893686, time=0.4741990566253662
INFO - 11/06/25 18:06:27 - 0:16:35 - Epoch 187: val_AUC=0.9642180189367775, val_AP=0.9621840490417656
INFO - 11/06/25 18:06:27 - 0:16:36 - Epoch 188: train_loss=0.7208324670791626, train_AUC=0.9971847572686314, train_AP=0.9961090386783455, time=0.4768788814544678
INFO - 11/06/25 18:06:28 - 0:16:36 - Epoch 188: val_AUC=0.964169145629423, val_AP=0.9621797741947717
INFO - 11/06/25 18:06:28 - 0:16:36 - Epoch 189: train_loss=0.7215179204940796, train_AUC=0.9969112071072941, train_AP=0.9955602745865946, time=0.508673906326294
INFO - 11/06/25 18:06:28 - 0:16:37 - Epoch 189: val_AUC=0.9640724172086172, val_AP=0.9620986156477757
INFO - 11/06/25 18:06:29 - 0:16:37 - Epoch 190: train_loss=0.720125675201416, train_AUC=0.9969358268454878, train_AP=0.9956909759764736, time=0.46416759490966797
INFO - 11/06/25 18:06:29 - 0:16:37 - Epoch 190: val_AUC=0.963991572612702, val_AP=0.9620612223028734
INFO - 11/06/25 18:06:30 - 0:16:38 - Epoch 191: train_loss=0.7193813323974609, train_AUC=0.9970132218594806, train_AP=0.9958802007439176, time=0.47401928901672363
INFO - 11/06/25 18:06:30 - 0:16:38 - Epoch 191: val_AUC=0.9639689687080504, val_AP=0.9620937630823956
INFO - 11/06/25 18:06:30 - 0:16:38 - Epoch 192: train_loss=0.7179301977157593, train_AUC=0.9972943142141837, train_AP=0.9961718359831792, time=0.5051887035369873
INFO - 11/06/25 18:06:30 - 0:16:39 - Epoch 192: val_AUC=0.9639500303014504, val_AP=0.962133188900766
INFO - 11/06/25 18:06:31 - 0:16:39 - Epoch 193: train_loss=0.7165956497192383, train_AUC=0.9970431069024768, train_AP=0.9958495304718605, time=0.4751298427581787
INFO - 11/06/25 18:06:31 - 0:16:39 - Epoch 193: val_AUC=0.9638533018806448, val_AP=0.9621010072020592
INFO - 11/06/25 18:06:32 - 0:16:40 - Epoch 194: train_loss=0.7158058285713196, train_AUC=0.9971181795887626, train_AP=0.9957385323691026, time=0.4821324348449707
INFO - 11/06/25 18:06:32 - 0:16:40 - Epoch 194: val_AUC=0.9636480339897561, val_AP=0.9619033477195605
INFO - 11/06/25 18:06:32 - 0:16:40 - Epoch 195: train_loss=0.7154033184051514, train_AUC=0.9972723817258119, train_AP=0.9962770082478248, time=0.4921278953552246
INFO - 11/06/25 18:06:33 - 0:16:41 - Epoch 195: val_AUC=0.963565763922376, val_AP=0.9618522757189867
INFO - 11/06/25 18:06:33 - 0:16:41 - Epoch 196: train_loss=0.7139408588409424, train_AUC=0.9970994760975225, train_AP=0.9957966039924729, time=0.4880366325378418
INFO - 11/06/25 18:06:33 - 0:16:41 - Epoch 196: val_AUC=0.9635030431779379, val_AP=0.961822271870154
INFO - 11/06/25 18:06:34 - 0:16:42 - Epoch 197: train_loss=0.7136715650558472, train_AUC=0.9973208258410643, train_AP=0.9962990157146393, time=0.4637782573699951
INFO - 11/06/25 18:06:34 - 0:16:42 - Epoch 197: val_AUC=0.9634236240534869, val_AP=0.9617678007299412
INFO - 11/06/25 18:06:34 - 0:16:43 - Epoch 198: train_loss=0.711972177028656, train_AUC=0.9973305063159931, train_AP=0.9962929392232804, time=0.5049068927764893
INFO - 11/06/25 18:06:35 - 0:16:43 - Epoch 198: val_AUC=0.9632998116748556, val_AP=0.9616799316142193
INFO - 11/06/25 18:06:35 - 0:16:43 - Epoch 199: train_loss=0.7130975723266602, train_AUC=0.9973120006083125, train_AP=0.9963369890868661, time=0.4766426086425781
INFO - 11/06/25 18:06:35 - 0:16:43 - Epoch 199: val_AUC=0.9631613373040181, val_AP=0.9615774956120549
INFO - 11/06/25 18:06:36 - 0:16:44 - Epoch 200: train_loss=0.7111333608627319, train_AUC=0.997523418904911, train_AP=0.9964062762908352, time=0.4651520252227783
INFO - 11/06/25 18:06:36 - 0:16:44 - Epoch 200: val_AUC=0.9631085948598314, val_AP=0.9615584196467879
INFO - 11/06/25 18:06:36 - 0:16:45 - Epoch 201: train_loss=0.7097893953323364, train_AUC=0.9975180142886254, train_AP=0.9963596381129501, time=0.5039331912994385
INFO - 11/06/25 18:06:37 - 0:16:45 - Epoch 201: val_AUC=0.9630269357087933, val_AP=0.9615171805080815
INFO - 11/06/25 18:06:37 - 0:16:45 - Epoch 202: train_loss=0.7088578939437866, train_AUC=0.9975626996356449, train_AP=0.99664483759002, time=0.4692699909210205
INFO - 11/06/25 18:06:37 - 0:16:45 - Epoch 202: val_AUC=0.9629365200901876, val_AP=0.9614598966786086
INFO - 11/06/25 18:06:38 - 0:16:46 - Epoch 203: train_loss=0.7077925205230713, train_AUC=0.9976725903299462, train_AP=0.9966549368474227, time=0.4641427993774414
INFO - 11/06/25 18:06:38 - 0:16:46 - Epoch 203: val_AUC=0.9627611871000534, val_AP=0.9613186379915081
INFO - 11/06/25 18:06:38 - 0:16:47 - Epoch 204: train_loss=0.7073616981506348, train_AUC=0.9976345012319489, train_AP=0.9967159357491536, time=0.5051283836364746
INFO - 11/06/25 18:06:39 - 0:16:47 - Epoch 204: val_AUC=0.9626284146150739, val_AP=0.9612904485339145
INFO - 11/06/25 18:06:39 - 0:16:47 - Epoch 205: train_loss=0.7072550058364868, train_AUC=0.9976612851414501, train_AP=0.9968495625408098, time=0.45325374603271484
INFO - 11/06/25 18:06:39 - 0:16:47 - Epoch 205: val_AUC=0.9627446923588212, val_AP=0.9614532304117442
INFO - 11/06/25 18:06:40 - 0:16:48 - Epoch 206: train_loss=0.705419659614563, train_AUC=0.9976131555777892, train_AP=0.9967018570982654, time=0.4508204460144043
INFO - 11/06/25 18:06:40 - 0:16:48 - Epoch 206: val_AUC=0.9628680974598913, val_AP=0.9616379933639945
INFO - 11/06/25 18:06:40 - 0:16:49 - Epoch 207: train_loss=0.7049510478973389, train_AUC=0.9977144086078967, train_AP=0.9969060227343749, time=0.4859185218811035
INFO - 11/06/25 18:06:41 - 0:16:49 - Epoch 207: val_AUC=0.9628035439664273, val_AP=0.9615782717149235
INFO - 11/06/25 18:06:41 - 0:16:49 - Epoch 208: train_loss=0.7050748467445374, train_AUC=0.9975260431035181, train_AP=0.9965424076404699, time=0.419069766998291
INFO - 11/06/25 18:06:41 - 0:16:49 - Epoch 208: val_AUC=0.9626385965541059, val_AP=0.9614468270862119
INFO - 11/06/25 18:06:42 - 0:16:50 - Epoch 209: train_loss=0.7045263648033142, train_AUC=0.997674545269848, train_AP=0.9966810574762995, time=0.4940969944000244
INFO - 11/06/25 18:06:42 - 0:16:50 - Epoch 209: val_AUC=0.9627055937129376, val_AP=0.9615815801409591
INFO - 11/06/25 18:06:42 - 0:16:51 - Epoch 210: train_loss=0.7056861519813538, train_AUC=0.9975516325623515, train_AP=0.9965122278719919, time=0.4601871967315674
INFO - 11/06/25 18:06:43 - 0:16:51 - Epoch 210: val_AUC=0.9627827728108016, val_AP=0.9616255836793285
INFO - 11/06/25 18:06:43 - 0:16:51 - Epoch 211: train_loss=0.7049589157104492, train_AUC=0.9975744007435011, train_AP=0.9965257248251329, time=0.45683836936950684
INFO - 11/06/25 18:06:43 - 0:16:51 - Epoch 211: val_AUC=0.9623905645192821, val_AP=0.9613068893274507
INFO - 11/06/25 18:06:44 - 0:16:52 - Epoch 212: train_loss=0.7034320831298828, train_AUC=0.9974805858194186, train_AP=0.9963703054672006, time=0.47567224502563477
INFO - 11/06/25 18:06:44 - 0:16:52 - Epoch 212: val_AUC=0.9619507047530922, val_AP=0.9609204949076595
INFO - 11/06/25 18:06:44 - 0:16:53 - Epoch 213: train_loss=0.7015938758850098, train_AUC=0.9978281348590613, train_AP=0.996897694475964, time=0.5048718452453613
INFO - 11/06/25 18:06:45 - 0:16:53 - Epoch 213: val_AUC=0.9618983695864667, val_AP=0.9608882274718191
INFO - 11/06/25 18:06:45 - 0:16:53 - Epoch 214: train_loss=0.7015858292579651, train_AUC=0.9974679581404972, train_AP=0.9963553894016407, time=0.47797656059265137
INFO - 11/06/25 18:06:45 - 0:16:53 - Epoch 214: val_AUC=0.9620207564936335, val_AP=0.9610276996703891
INFO - 11/06/25 18:06:46 - 0:16:54 - Epoch 215: train_loss=0.6996686458587646, train_AUC=0.9977190645350361, train_AP=0.996677451498689, time=0.43160223960876465
INFO - 11/06/25 18:06:46 - 0:16:54 - Epoch 215: val_AUC=0.9618486817239895, val_AP=0.9608700086320876
INFO - 11/06/25 18:06:46 - 0:16:55 - Epoch 216: train_loss=0.7000105381011963, train_AUC=0.9976372547031586, train_AP=0.9966542482191023, time=0.4799528121948242
INFO - 11/06/25 18:06:47 - 0:16:55 - Epoch 216: val_AUC=0.9615120668195859, val_AP=0.960567909877664
INFO - 11/06/25 18:06:47 - 0:16:55 - Epoch 217: train_loss=0.6981453895568848, train_AUC=0.9978940533191055, train_AP=0.9971668753019692, time=0.516038179397583
INFO - 11/06/25 18:06:47 - 0:16:55 - Epoch 217: val_AUC=0.9614385532197736, val_AP=0.9604748016281865
INFO - 11/06/25 18:06:48 - 0:16:56 - Epoch 218: train_loss=0.6986265182495117, train_AUC=0.9977951754529185, train_AP=0.9965708844075456, time=0.48153042793273926
INFO - 11/06/25 18:06:48 - 0:16:56 - Epoch 218: val_AUC=0.9616291591184558, val_AP=0.9606533847541083
INFO - 11/06/25 18:06:48 - 0:16:57 - Epoch 219: train_loss=0.6968717575073242, train_AUC=0.9978204926291312, train_AP=0.9967462879759037, time=0.4789266586303711
INFO - 11/06/25 18:06:49 - 0:16:57 - Epoch 219: val_AUC=0.9616250863428433, val_AP=0.9606477773616742
INFO - 11/06/25 18:06:49 - 0:16:57 - Epoch 220: train_loss=0.6976290941238403, train_AUC=0.9976904267789215, train_AP=0.9966889328800438, time=0.4949204921722412
INFO - 11/06/25 18:06:49 - 0:16:58 - Epoch 220: val_AUC=0.9613589304565417, val_AP=0.9604156883406738
INFO - 11/06/25 18:06:50 - 0:16:58 - Epoch 221: train_loss=0.6957675814628601, train_AUC=0.9978760042924308, train_AP=0.996914521131571, time=0.49936842918395996
INFO - 11/06/25 18:06:50 - 0:16:58 - Epoch 221: val_AUC=0.9610683379165634, val_AP=0.9601929675761164
INFO - 11/06/25 18:06:51 - 0:16:59 - Epoch 222: train_loss=0.6948288679122925, train_AUC=0.9978231797028324, train_AP=0.9966902918006316, time=0.41597962379455566
INFO - 11/06/25 18:06:51 - 0:16:59 - Epoch 222: val_AUC=0.9611764701090854, val_AP=0.9603246638886966
INFO - 11/06/25 18:06:51 - 0:16:59 - Epoch 223: train_loss=0.6944341063499451, train_AUC=0.9978681274697125, train_AP=0.9968841276445183, time=0.4812173843383789
INFO - 11/06/25 18:06:51 - 0:17:00 - Epoch 223: val_AUC=0.961293766046736, val_AP=0.960446887070628
INFO - 11/06/25 18:06:52 - 0:17:00 - Epoch 224: train_loss=0.6930931806564331, train_AUC=0.9980006491471288, train_AP=0.9972460344596696, time=0.49857258796691895
INFO - 11/06/25 18:06:52 - 0:17:00 - Epoch 224: val_AUC=0.9611090656726922, val_AP=0.9602972164102364
INFO - 11/06/25 18:06:53 - 0:17:01 - Epoch 225: train_loss=0.6923351287841797, train_AUC=0.9981071426490185, train_AP=0.9974381053686536, time=0.44658422470092773
INFO - 11/06/25 18:06:53 - 0:17:01 - Epoch 225: val_AUC=0.9607824290685401, val_AP=0.9600124834907247
INFO - 11/06/25 18:06:53 - 0:17:01 - Epoch 226: train_loss=0.692502498626709, train_AUC=0.9979681775953579, train_AP=0.9970957457105227, time=0.44233083724975586
INFO - 11/06/25 18:06:53 - 0:17:02 - Epoch 226: val_AUC=0.9607844654563464, val_AP=0.9599981537482596
INFO - 11/06/25 18:06:54 - 0:17:02 - Epoch 227: train_loss=0.6915029287338257, train_AUC=0.9977175694463128, train_AP=0.9966191005230323, time=0.47296929359436035
INFO - 11/06/25 18:06:54 - 0:17:02 - Epoch 227: val_AUC=0.9608805829608101, val_AP=0.9600969547847933
INFO - 11/06/25 18:06:55 - 0:17:03 - Epoch 228: train_loss=0.6901097297668457, train_AUC=0.9980722735659967, train_AP=0.9972235863733403, time=0.49401235580444336
INFO - 11/06/25 18:06:55 - 0:17:03 - Epoch 228: val_AUC=0.9606795914843148, val_AP=0.9599301520868185
INFO - 11/06/25 18:06:55 - 0:17:03 - Epoch 229: train_loss=0.6900048851966858, train_AUC=0.9980684660123265, train_AP=0.9971399046191395, time=0.4617640972137451
INFO - 11/06/25 18:06:55 - 0:17:04 - Epoch 229: val_AUC=0.9603399219982014, val_AP=0.9596595240004401
INFO - 11/06/25 18:06:56 - 0:17:04 - Epoch 230: train_loss=0.689821720123291, train_AUC=0.9980469792854765, train_AP=0.997292543110973, time=0.4531066417694092
INFO - 11/06/25 18:06:56 - 0:17:04 - Epoch 230: val_AUC=0.9603482711882079, val_AP=0.9596796546777356
INFO - 11/06/25 18:06:56 - 0:17:05 - Epoch 231: train_loss=0.6888172626495361, train_AUC=0.998040458416119, train_AP=0.9972012361246264, time=0.45697975158691406
INFO - 11/06/25 18:06:57 - 0:17:05 - Epoch 231: val_AUC=0.9604500905785296, val_AP=0.9598040765091905
INFO - 11/06/25 18:06:57 - 0:17:05 - Epoch 232: train_loss=0.6882081627845764, train_AUC=0.9978322608389786, train_AP=0.9967866208839024, time=0.4768712520599365
INFO - 11/06/25 18:06:57 - 0:17:06 - Epoch 232: val_AUC=0.9602588737635054, val_AP=0.9596673531836197
INFO - 11/06/25 18:06:58 - 0:17:06 - Epoch 233: train_loss=0.686820387840271, train_AUC=0.9980416713594618, train_AP=0.9970890979870157, time=0.4857900142669678
INFO - 11/06/25 18:06:58 - 0:17:06 - Epoch 233: val_AUC=0.9599375317676498, val_AP=0.9593927488002587
INFO - 11/06/25 18:06:58 - 0:17:07 - Epoch 234: train_loss=0.6866259574890137, train_AUC=0.9980388270099648, train_AP=0.9970949524610386, time=0.4635777473449707
INFO - 11/06/25 18:06:59 - 0:17:07 - Epoch 234: val_AUC=0.960055642260423, val_AP=0.9595067676637263
INFO - 11/06/25 18:06:59 - 0:17:07 - Epoch 235: train_loss=0.6852270364761353, train_AUC=0.9983007937120814, train_AP=0.9975857340832541, time=0.4857940673828125
INFO - 11/06/25 18:06:59 - 0:17:08 - Epoch 235: val_AUC=0.9602123423021283, val_AP=0.9596483781890732
INFO - 11/06/25 18:07:00 - 0:17:08 - Epoch 236: train_loss=0.6850904226303101, train_AUC=0.9981126908036843, train_AP=0.9971947326126392, time=0.4315037727355957
INFO - 11/06/25 18:07:00 - 0:17:08 - Epoch 236: val_AUC=0.9600008634284298, val_AP=0.9594826456130242
INFO - 11/06/25 18:07:00 - 0:17:09 - Epoch 237: train_loss=0.684612512588501, train_AUC=0.9980609527027574, train_AP=0.9972514781067942, time=0.4731862545013428
INFO - 11/06/25 18:07:01 - 0:17:09 - Epoch 237: val_AUC=0.9597281911011482, val_AP=0.9592999347726285
INFO - 11/06/25 18:07:01 - 0:17:09 - Epoch 238: train_loss=0.6843605041503906, train_AUC=0.9980763872174642, train_AP=0.9972037771573126, time=0.5021889209747314
INFO - 11/06/25 18:07:01 - 0:17:10 - Epoch 238: val_AUC=0.9597975301059571, val_AP=0.9594071192963497
INFO - 11/06/25 18:07:02 - 0:17:10 - Epoch 239: train_loss=0.6827341318130493, train_AUC=0.9982012428886542, train_AP=0.9974199888935827, time=0.4556455612182617
INFO - 11/06/25 18:07:02 - 0:17:10 - Epoch 239: val_AUC=0.9598120902787733, val_AP=0.9594792685634547
INFO - 11/06/25 18:07:02 - 0:17:11 - Epoch 240: train_loss=0.6836538910865784, train_AUC=0.9980706773839849, train_AP=0.9972731395971519, time=0.43511319160461426
INFO - 11/06/25 18:07:03 - 0:17:11 - Epoch 240: val_AUC=0.9595903276466526, val_AP=0.959301700960482
INFO - 11/06/25 18:07:03 - 0:17:11 - Epoch 241: train_loss=0.682793140411377, train_AUC=0.9980045629015883, train_AP=0.9970393450986634, time=0.47499942779541016
INFO - 11/06/25 18:07:03 - 0:17:11 - Epoch 241: val_AUC=0.959522719571479, val_AP=0.9592528121729339
INFO - 11/06/25 18:07:04 - 0:17:12 - Epoch 242: train_loss=0.6809462308883667, train_AUC=0.9981958277051259, train_AP=0.9973246334181993, time=0.49939918518066406
INFO - 11/06/25 18:07:04 - 0:17:12 - Epoch 242: val_AUC=0.9596457173949876, val_AP=0.9593674032191507
INFO - 11/06/25 18:07:05 - 0:17:13 - Epoch 243: train_loss=0.6805286407470703, train_AUC=0.9983402188617989, train_AP=0.9977139860813665, time=0.48688626289367676
INFO - 11/06/25 18:07:05 - 0:17:13 - Epoch 243: val_AUC=0.9595614109398012, val_AP=0.9593425911805261
INFO - 11/06/25 18:07:05 - 0:17:13 - Epoch 244: train_loss=0.6804039478302002, train_AUC=0.9981654183507704, train_AP=0.9974046921849044, time=0.42777371406555176
INFO - 11/06/25 18:07:05 - 0:17:13 - Epoch 244: val_AUC=0.9594752717355888, val_AP=0.9592587585987311
INFO - 11/06/25 18:07:06 - 0:17:14 - Epoch 245: train_loss=0.6789988279342651, train_AUC=0.9982169560263272, train_AP=0.9973788399583139, time=0.47307419776916504
INFO - 11/06/25 18:07:06 - 0:17:14 - Epoch 245: val_AUC=0.959587273064943, val_AP=0.959355975396841
INFO - 11/06/25 18:07:06 - 0:17:15 - Epoch 246: train_loss=0.6791189908981323, train_AUC=0.998305826009182, train_AP=0.9975158008016883, time=0.5085077285766602
INFO - 11/06/25 18:07:07 - 0:17:15 - Epoch 246: val_AUC=0.9594620352148471, val_AP=0.9592410034550765
INFO - 11/06/25 18:07:07 - 0:17:15 - Epoch 247: train_loss=0.6787967085838318, train_AUC=0.9982329900559372, train_AP=0.9974712109111784, time=0.47751545906066895
INFO - 11/06/25 18:07:07 - 0:17:15 - Epoch 247: val_AUC=0.9593508484406156, val_AP=0.9591631463853552
INFO - 11/06/25 18:07:08 - 0:17:16 - Epoch 248: train_loss=0.678036093711853, train_AUC=0.9983426436917602, train_AP=0.9975931414356363, time=0.4366750717163086
INFO - 11/06/25 18:07:08 - 0:17:16 - Epoch 248: val_AUC=0.9592987169127709, val_AP=0.9591535600712356
INFO - 11/06/25 18:07:08 - 0:17:17 - Epoch 249: train_loss=0.67728590965271, train_AUC=0.9981805194689697, train_AP=0.9974181660793431, time=0.4694054126739502
INFO - 11/06/25 18:07:09 - 0:17:17 - Epoch 249: val_AUC=0.9591136092611658, val_AP=0.9589947697002283
INFO - 11/06/25 18:07:09 - 0:17:17 - Epoch 250: train_loss=0.6773066520690918, train_AUC=0.9982214263222363, train_AP=0.997511969026305, time=0.48077869415283203
INFO - 11/06/25 18:07:09 - 0:17:17 - Epoch 250: val_AUC=0.9589543637347027, val_AP=0.9588436520082785
INFO - 11/06/25 18:07:10 - 0:17:18 - Epoch 251: train_loss=0.6769344806671143, train_AUC=0.9983074597049055, train_AP=0.9976487139059036, time=0.4854755401611328
INFO - 11/06/25 18:07:10 - 0:17:18 - Epoch 251: val_AUC=0.9589767640005737, val_AP=0.9588712595423575
INFO - 11/06/25 18:07:10 - 0:17:19 - Epoch 252: train_loss=0.6749060153961182, train_AUC=0.9983602784825205, train_AP=0.9976555037992787, time=0.47652387619018555
INFO - 11/06/25 18:07:11 - 0:17:19 - Epoch 252: val_AUC=0.9587949145694586, val_AP=0.9587199287610508
INFO - 11/06/25 18:07:11 - 0:17:19 - Epoch 253: train_loss=0.6749076247215271, train_AUC=0.9983214958211599, train_AP=0.9977436615330656, time=0.5010695457458496
INFO - 11/06/25 18:07:11 - 0:17:20 - Epoch 253: val_AUC=0.9587928781816523, val_AP=0.9587341833433269
INFO - 11/06/25 18:07:12 - 0:17:20 - Epoch 254: train_loss=0.6742437481880188, train_AUC=0.9983311039104761, train_AP=0.9976657514684378, time=0.4417381286621094
INFO - 11/06/25 18:07:12 - 0:17:20 - Epoch 254: val_AUC=0.9587179391103754, val_AP=0.9586959216999388
INFO - 11/06/25 18:07:12 - 0:17:21 - Epoch 255: train_loss=0.6740853786468506, train_AUC=0.9982244207265797, train_AP=0.9974719551227401, time=0.45497894287109375
INFO - 11/06/25 18:07:13 - 0:17:21 - Epoch 255: val_AUC=0.9585672464126993, val_AP=0.9585867510213717
INFO - 11/06/25 18:07:13 - 0:17:21 - Epoch 256: train_loss=0.6729071140289307, train_AUC=0.9982561062516134, train_AP=0.9973304669249048, time=0.44538044929504395
INFO - 11/06/25 18:07:13 - 0:17:21 - Epoch 256: val_AUC=0.9585666354963573, val_AP=0.958585140662787
INFO - 11/06/25 18:07:14 - 0:17:22 - Epoch 257: train_loss=0.6739876866340637, train_AUC=0.9982964542738613, train_AP=0.9974642632181794, time=0.48739075660705566
INFO - 11/06/25 18:07:14 - 0:17:22 - Epoch 257: val_AUC=0.9584358993991842, val_AP=0.9584869514956003
INFO - 11/06/25 18:07:14 - 0:17:23 - Epoch 258: train_loss=0.6717368364334106, train_AUC=0.9983994228958233, train_AP=0.9976726434471608, time=0.5015137195587158
INFO - 11/06/25 18:07:15 - 0:17:23 - Epoch 258: val_AUC=0.9581695398741025, val_AP=0.9582927243622495
INFO - 11/06/25 18:07:15 - 0:17:23 - Epoch 259: train_loss=0.671220064163208, train_AUC=0.9984155358275122, train_AP=0.9976359960606298, time=0.5020706653594971
INFO - 11/06/25 18:07:15 - 0:17:24 - Epoch 259: val_AUC=0.9581662816536123, val_AP=0.9583032836020292
INFO - 11/06/25 18:07:16 - 0:17:24 - Epoch 260: train_loss=0.672066330909729, train_AUC=0.9981621838938968, train_AP=0.9971600206049189, time=0.4742004871368408
INFO - 11/06/25 18:07:16 - 0:17:24 - Epoch 260: val_AUC=0.9580801424493999, val_AP=0.9582488906647674
INFO - 11/06/25 18:07:16 - 0:17:25 - Epoch 261: train_loss=0.670109748840332, train_AUC=0.9982733699560339, train_AP=0.9975690477355469, time=0.41237759590148926
INFO - 11/06/25 18:07:17 - 0:17:25 - Epoch 261: val_AUC=0.9578860746914466, val_AP=0.9581013320241178
INFO - 11/06/25 18:07:17 - 0:17:25 - Epoch 262: train_loss=0.6693868637084961, train_AUC=0.9984153940503391, train_AP=0.9976561369118675, time=0.5116534233093262
INFO - 11/06/25 18:07:17 - 0:17:26 - Epoch 262: val_AUC=0.9579569409871105, val_AP=0.9581729781890018
INFO - 11/06/25 18:07:18 - 0:17:26 - Epoch 263: train_loss=0.6686984300613403, train_AUC=0.9985006824423972, train_AP=0.9978141445068391, time=0.4709651470184326
INFO - 11/06/25 18:07:18 - 0:17:26 - Epoch 263: val_AUC=0.9578103210650472, val_AP=0.9580735413886762
INFO - 11/06/25 18:07:18 - 0:17:27 - Epoch 264: train_loss=0.6686590909957886, train_AUC=0.9983311007403033, train_AP=0.9974574237077388, time=0.46634864807128906
INFO - 11/06/25 18:07:19 - 0:17:27 - Epoch 264: val_AUC=0.957810321065047, val_AP=0.9580993000079707
INFO - 11/06/25 18:07:19 - 0:17:27 - Epoch 265: train_loss=0.6674703359603882, train_AUC=0.9985051328366658, train_AP=0.9978451550541125, time=0.5033292770385742
INFO - 11/06/25 18:07:19 - 0:17:28 - Epoch 265: val_AUC=0.9578450414771468, val_AP=0.9581441896477423
INFO - 11/06/25 18:07:20 - 0:17:28 - Epoch 266: train_loss=0.6665539741516113, train_AUC=0.9985091022452703, train_AP=0.9977644712163207, time=0.4797677993774414
INFO - 11/06/25 18:07:20 - 0:17:28 - Epoch 266: val_AUC=0.9576665520859129, val_AP=0.9579862317716697
INFO - 11/06/25 18:07:21 - 0:17:29 - Epoch 267: train_loss=0.6679040193557739, train_AUC=0.9982454949787225, train_AP=0.997323998974685, time=0.46593666076660156
INFO - 11/06/25 18:07:21 - 0:17:29 - Epoch 267: val_AUC=0.9577272364425445, val_AP=0.9580483892156899
INFO - 11/06/25 18:07:21 - 0:17:29 - Epoch 268: train_loss=0.6663499474525452, train_AUC=0.9984028313599603, train_AP=0.9975812990586879, time=0.5093133449554443
INFO - 11/06/25 18:07:21 - 0:17:30 - Epoch 268: val_AUC=0.9575325577682494, val_AP=0.9579057856626843
INFO - 11/06/25 18:07:22 - 0:17:30 - Epoch 269: train_loss=0.6655703783035278, train_AUC=0.998569903870272, train_AP=0.9978638488211757, time=0.4887418746948242
INFO - 11/06/25 18:07:22 - 0:17:30 - Epoch 269: val_AUC=0.957448862229405, val_AP=0.9578553472686021
INFO - 11/06/25 18:07:23 - 0:17:31 - Epoch 270: train_loss=0.6659644842147827, train_AUC=0.9982811157449426, train_AP=0.9973998810692185, time=0.42371177673339844
INFO - 11/06/25 18:07:23 - 0:17:31 - Epoch 270: val_AUC=0.9574364402637855, val_AP=0.9578561223435235
INFO - 11/06/25 18:07:23 - 0:17:31 - Epoch 271: train_loss=0.6646561622619629, train_AUC=0.9984430224586539, train_AP=0.9977898299686049, time=0.4777531623840332
INFO - 11/06/25 18:07:23 - 0:17:32 - Epoch 271: val_AUC=0.9571715062101682, val_AP=0.957619655734355
INFO - 11/06/25 18:07:24 - 0:17:32 - Epoch 272: train_loss=0.664903461933136, train_AUC=0.9984221979456807, train_AP=0.9977873875162342, time=0.4934425354003906
INFO - 11/06/25 18:07:24 - 0:17:32 - Epoch 272: val_AUC=0.9572336160382645, val_AP=0.9576584957785953
INFO - 11/06/25 18:07:25 - 0:17:33 - Epoch 273: train_loss=0.6643415093421936, train_AUC=0.9983974566841959, train_AP=0.9976356036991402, time=0.44808292388916016
INFO - 11/06/25 18:07:25 - 0:17:33 - Epoch 273: val_AUC=0.9570884215876655, val_AP=0.9575498944133805
INFO - 11/06/25 18:07:25 - 0:17:33 - Epoch 274: train_loss=0.66372150182724, train_AUC=0.9983812745370672, train_AP=0.9974952237648711, time=0.5014963150024414
INFO - 11/06/25 18:07:25 - 0:17:34 - Epoch 274: val_AUC=0.9569367106960862, val_AP=0.9574376367667847
INFO - 11/06/25 18:07:26 - 0:17:34 - Epoch 275: train_loss=0.6622105836868286, train_AUC=0.998653011887917, train_AP=0.99811729592191, time=0.49039506912231445
INFO - 11/06/25 18:07:26 - 0:17:34 - Epoch 275: val_AUC=0.9569937295546666, val_AP=0.9574952203725888
INFO - 11/06/25 18:07:27 - 0:17:35 - Epoch 276: train_loss=0.6627594828605652, train_AUC=0.9983995688998935, train_AP=0.9976141427166378, time=0.4998445510864258
INFO - 11/06/25 18:07:27 - 0:17:35 - Epoch 276: val_AUC=0.956769625076568, val_AP=0.9572960064369845
INFO - 11/06/25 18:07:27 - 0:17:36 - Epoch 277: train_loss=0.6615434885025024, train_AUC=0.9985767274911334, train_AP=0.9979366756285566, time=0.46616506576538086
INFO - 11/06/25 18:07:28 - 0:17:36 - Epoch 277: val_AUC=0.9567813343064553, val_AP=0.9573081791098162
INFO - 11/06/25 18:07:28 - 0:17:36 - Epoch 278: train_loss=0.6618578433990479, train_AUC=0.9984512377853805, train_AP=0.9976595162279371, time=0.47199201583862305
INFO - 11/06/25 18:07:28 - 0:17:36 - Epoch 278: val_AUC=0.9567497702954553, val_AP=0.9572721466970597
INFO - 11/06/25 18:07:29 - 0:17:37 - Epoch 279: train_loss=0.6609091758728027, train_AUC=0.998520833645889, train_AP=0.9977941230541763, time=0.4719862937927246
INFO - 11/06/25 18:07:29 - 0:17:37 - Epoch 279: val_AUC=0.9565231203325992, val_AP=0.9570703614271766
INFO - 11/06/25 18:07:29 - 0:17:38 - Epoch 280: train_loss=0.659537672996521, train_AUC=0.9985540144357665, train_AP=0.9979191875979472, time=0.5065615177154541
INFO - 11/06/25 18:07:30 - 0:17:38 - Epoch 280: val_AUC=0.9567125043985976, val_AP=0.9572375544486396
INFO - 11/06/25 18:07:30 - 0:17:38 - Epoch 281: train_loss=0.6605793833732605, train_AUC=0.9984575097961722, train_AP=0.9978712433031871, time=0.47337770462036133
INFO - 11/06/25 18:07:30 - 0:17:38 - Epoch 281: val_AUC=0.9563931987905484, val_AP=0.956986182372904
INFO - 11/06/25 18:07:31 - 0:17:39 - Epoch 282: train_loss=0.6595659852027893, train_AUC=0.9984061589846908, train_AP=0.9975458122534309, time=0.4890713691711426
INFO - 11/06/25 18:07:31 - 0:17:39 - Epoch 282: val_AUC=0.9564475703449804, val_AP=0.9570304320255212
INFO - 11/06/25 18:07:31 - 0:17:40 - Epoch 283: train_loss=0.6580145359039307, train_AUC=0.9984639691994013, train_AP=0.9978261864568537, time=0.518841028213501
INFO - 11/06/25 18:07:32 - 0:17:40 - Epoch 283: val_AUC=0.9562321205150595, val_AP=0.9568238653078608
INFO - 11/06/25 18:07:32 - 0:17:40 - Epoch 284: train_loss=0.6583917140960693, train_AUC=0.9985086205551232, train_AP=0.9976868310781187, time=0.4518136978149414
INFO - 11/06/25 18:07:32 - 0:17:40 - Epoch 284: val_AUC=0.956309503251704, val_AP=0.9568975536031469
INFO - 11/06/25 18:07:33 - 0:17:41 - Epoch 285: train_loss=0.6579272747039795, train_AUC=0.9984698449385911, train_AP=0.9977252477397376, time=0.43808412551879883
INFO - 11/06/25 18:07:33 - 0:17:41 - Epoch 285: val_AUC=0.9561007735015444, val_AP=0.9567238903137748
INFO - 11/06/25 18:07:33 - 0:17:42 - Epoch 286: train_loss=0.6567054986953735, train_AUC=0.9985648055279044, train_AP=0.9978011748533302, time=0.48299098014831543
INFO - 11/06/25 18:07:34 - 0:17:42 - Epoch 286: val_AUC=0.9562549280584915, val_AP=0.9568470940605787
INFO - 11/06/25 18:07:34 - 0:17:42 - Epoch 287: train_loss=0.6569738388061523, train_AUC=0.9985138612030261, train_AP=0.9978236213264986, time=0.5025019645690918
INFO - 11/06/25 18:07:34 - 0:17:42 - Epoch 287: val_AUC=0.9560045541776903, val_AP=0.9566415681240795
INFO - 11/06/25 18:07:35 - 0:17:43 - Epoch 288: train_loss=0.6565866470336914, train_AUC=0.9985896306228481, train_AP=0.9978930107123607, time=0.48050928115844727
INFO - 11/06/25 18:07:35 - 0:17:43 - Epoch 288: val_AUC=0.9562251967965176, val_AP=0.9568183434185642
INFO - 11/06/25 18:07:35 - 0:17:44 - Epoch 289: train_loss=0.6557414531707764, train_AUC=0.9986152713328086, train_AP=0.9979061166144645, time=0.4852735996246338
INFO - 11/06/25 18:07:36 - 0:17:44 - Epoch 289: val_AUC=0.9557729150647083, val_AP=0.9564428656027104
INFO - 11/06/25 18:07:36 - 0:17:44 - Epoch 290: train_loss=0.656048059463501, train_AUC=0.9984528050835956, train_AP=0.997704564522316, time=0.4089477062225342
INFO - 11/06/25 18:07:36 - 0:17:44 - Epoch 290: val_AUC=0.9561003662239831, val_AP=0.956715636010286
INFO - 11/06/25 18:07:37 - 0:17:45 - Epoch 291: train_loss=0.6550073623657227, train_AUC=0.9986113670888676, train_AP=0.9980785297824705, time=0.4764218330383301
INFO - 11/06/25 18:07:37 - 0:17:45 - Epoch 291: val_AUC=0.9556100040401934, val_AP=0.9563328712578584
INFO - 11/06/25 18:07:37 - 0:17:46 - Epoch 292: train_loss=0.6555575132369995, train_AUC=0.9985873232654018, train_AP=0.997975609809247, time=0.49898433685302734
INFO - 11/06/25 18:07:38 - 0:17:46 - Epoch 292: val_AUC=0.9560085251339129, val_AP=0.9566548910933997
INFO - 11/06/25 18:07:38 - 0:17:46 - Epoch 293: train_loss=0.65420001745224, train_AUC=0.9986411087696042, train_AP=0.9979608120621448, time=0.48519253730773926
INFO - 11/06/25 18:07:38 - 0:17:46 - Epoch 293: val_AUC=0.9555493196835618, val_AP=0.9562790394253741
INFO - 11/06/25 18:07:39 - 0:17:47 - Epoch 294: train_loss=0.6541123986244202, train_AUC=0.998478879226628, train_AP=0.9976861564427421, time=0.4670875072479248
INFO - 11/06/25 18:07:39 - 0:17:47 - Epoch 294: val_AUC=0.9558268793415788, val_AP=0.9565341406743717
INFO - 11/06/25 18:07:40 - 0:17:48 - Epoch 295: train_loss=0.6534641981124878, train_AUC=0.9985828188020746, train_AP=0.9979742198287427, time=0.5048394203186035
INFO - 11/06/25 18:07:40 - 0:17:48 - Epoch 295: val_AUC=0.9556619319292575, val_AP=0.9564384341258453
INFO - 11/06/25 18:07:40 - 0:17:48 - Epoch 296: train_loss=0.6525925397872925, train_AUC=0.9984835400851473, train_AP=0.9977035380927874, time=0.47258996963500977
INFO - 11/06/25 18:07:40 - 0:17:49 - Epoch 296: val_AUC=0.9555483014896584, val_AP=0.9563439497664009
INFO - 11/06/25 18:07:41 - 0:17:49 - Epoch 297: train_loss=0.6518176794052124, train_AUC=0.9985277511390896, train_AP=0.9977227761143932, time=0.48448920249938965
INFO - 11/06/25 18:07:41 - 0:17:49 - Epoch 297: val_AUC=0.9557283181717472, val_AP=0.956488370596872
INFO - 11/06/25 18:07:42 - 0:17:50 - Epoch 298: train_loss=0.6513357162475586, train_AUC=0.9987819898404894, train_AP=0.9981594654078577, time=0.5066337585449219
INFO - 11/06/25 18:07:42 - 0:17:50 - Epoch 298: val_AUC=0.9552740000521316, val_AP=0.9561561930521119
INFO - 11/06/25 18:07:42 - 0:17:50 - Epoch 299: train_loss=0.651664137840271, train_AUC=0.998587067009766, train_AP=0.997944659933171, time=0.4492955207824707
INFO - 11/06/25 18:07:42 - 0:17:51 - Epoch 299: val_AUC=0.9557340200576053, val_AP=0.956500823642045
INFO - 11/06/25 18:07:43 - 0:17:51 - Epoch 300: train_loss=0.6519161462783813, train_AUC=0.9986120993987876, train_AP=0.9978678000207089, time=0.43477749824523926
INFO - 11/06/25 18:07:43 - 0:17:51 - Epoch 300: val_AUC=0.9551569077532613, val_AP=0.9560548870318917
INFO - 11/06/25 18:07:43 - 0:17:51 - best_epoch=187
INFO - 11/06/25 18:07:43 - 0:17:51 - test_auc= 96.19%, test_ap= 96.19%
INFO - 11/06/25 18:07:43 - 0:17:51 - 
                                     train iters 3
INFO - 11/06/25 18:07:43 - 0:17:51 - --------------------------Training Start-------------------------
INFO - 11/06/25 18:07:46 - 0:17:54 - Epoch 0: train_loss=5.778416156768799, train_AUC=0.995345316977323, train_AP=0.9951867184732515, time=2.563446521759033
INFO - 11/06/25 18:07:46 - 0:17:54 - Epoch 0: val_AUC=0.7648039284364451, val_AP=0.8097963572759685
INFO - 11/06/25 18:07:46 - 0:17:54 - Epoch 1: train_loss=2.5587339401245117, train_AUC=0.8811038503836912, train_AP=0.9175210250525023, time=0.46350955963134766
INFO - 11/06/25 18:07:46 - 0:17:55 - Epoch 1: val_AUC=0.6624856231020866, val_AP=0.7224891116774321
INFO - 11/06/25 18:07:47 - 0:17:55 - Epoch 2: train_loss=4.225391387939453, train_AUC=0.6987003610959278, train_AP=0.776960020931113, time=0.4629788398742676
INFO - 11/06/25 18:07:47 - 0:17:55 - Epoch 2: val_AUC=0.6798966370277209, val_AP=0.7235614799245427
INFO - 11/06/25 18:07:48 - 0:17:56 - Epoch 3: train_loss=3.9285707473754883, train_AUC=0.7082416346170178, train_AP=0.7688282163892318, time=0.4702608585357666
INFO - 11/06/25 18:07:48 - 0:17:56 - Epoch 3: val_AUC=0.6427259412998997, val_AP=0.6953754479529072
INFO - 11/06/25 18:07:48 - 0:17:56 - Epoch 4: train_loss=5.108846187591553, train_AUC=0.6414390769545614, train_AP=0.7133938591612093, time=0.48490023612976074
INFO - 11/06/25 18:07:48 - 0:17:57 - Epoch 4: val_AUC=0.663730874245722, val_AP=0.7131685987488651
INFO - 11/06/25 18:07:49 - 0:17:57 - Epoch 5: train_loss=4.718257427215576, train_AUC=0.661817850245004, train_AP=0.7277863288612447, time=0.4288468360900879
INFO - 11/06/25 18:07:49 - 0:17:57 - Epoch 5: val_AUC=0.7081493796348187, val_AP=0.7456203312207152
INFO - 11/06/25 18:07:49 - 0:17:58 - Epoch 6: train_loss=4.050441741943359, train_AUC=0.7131685527076764, train_AP=0.7674839235691141, time=0.46161389350891113
INFO - 11/06/25 18:07:50 - 0:17:58 - Epoch 6: val_AUC=0.7516511032334581, val_AP=0.7751182281320934
INFO - 11/06/25 18:07:50 - 0:17:58 - Epoch 7: train_loss=3.3654134273529053, train_AUC=0.766836326202374, train_AP=0.8056578160534212, time=0.5103142261505127
INFO - 11/06/25 18:07:50 - 0:17:59 - Epoch 7: val_AUC=0.8013393729880489, val_AP=0.8085087105976596
INFO - 11/06/25 18:07:51 - 0:17:59 - Epoch 8: train_loss=2.6474409103393555, train_AUC=0.8302044829588473, train_AP=0.8496264788608007, time=0.473705530166626
INFO - 11/06/25 18:07:51 - 0:17:59 - Epoch 8: val_AUC=0.8394221668143725, val_AP=0.8361818632453086
INFO - 11/06/25 18:07:52 - 0:18:00 - Epoch 9: train_loss=2.2574949264526367, train_AUC=0.8770427823965427, train_AP=0.8846890466722908, time=0.4610104560852051
INFO - 11/06/25 18:07:52 - 0:18:00 - Epoch 9: val_AUC=0.8566790261830598, val_AP=0.8498287274257432
INFO - 11/06/25 18:07:52 - 0:18:00 - Epoch 10: train_loss=2.1712656021118164, train_AUC=0.8960136114920358, train_AP=0.8988663227236978, time=0.5088467597961426
INFO - 11/06/25 18:07:53 - 0:18:01 - Epoch 10: val_AUC=0.8641036961253242, val_AP=0.8553632650814499
INFO - 11/06/25 18:07:53 - 0:18:01 - Epoch 11: train_loss=2.0986971855163574, train_AUC=0.9043676913990568, train_AP=0.9050256978051614, time=0.448286771774292
INFO - 11/06/25 18:07:53 - 0:18:01 - Epoch 11: val_AUC=0.8662702091125911, val_AP=0.8560710032284424
INFO - 11/06/25 18:07:54 - 0:18:02 - Epoch 12: train_loss=1.9975827932357788, train_AUC=0.9049892136419868, train_AP=0.9046426679845846, time=0.48230481147766113
INFO - 11/06/25 18:07:54 - 0:18:02 - Epoch 12: val_AUC=0.8686876050776109, val_AP=0.8560716709524501
INFO - 11/06/25 18:07:54 - 0:18:03 - Epoch 13: train_loss=1.813764214515686, train_AUC=0.9060006032092113, train_AP=0.9028873709272734, time=0.49501514434814453
INFO - 11/06/25 18:07:55 - 0:18:03 - Epoch 13: val_AUC=0.8677661395951987, val_AP=0.8543720548169357
INFO - 11/06/25 18:07:55 - 0:18:03 - Epoch 14: train_loss=1.7432548999786377, train_AUC=0.9027295348902231, train_AP=0.8983948225019391, time=0.47466468811035156
INFO - 11/06/25 18:07:55 - 0:18:03 - Epoch 14: val_AUC=0.8688689454117737, val_AP=0.8542922537546571
INFO - 11/06/25 18:07:56 - 0:18:04 - Epoch 15: train_loss=1.7226519584655762, train_AUC=0.9013179631369712, train_AP=0.8954010965882215, time=0.4801042079925537
INFO - 11/06/25 18:07:56 - 0:18:04 - Epoch 15: val_AUC=0.8731045302297697, val_AP=0.8567397739707918
INFO - 11/06/25 18:07:56 - 0:18:05 - Epoch 16: train_loss=1.6534178256988525, train_AUC=0.9055063498434657, train_AP=0.897422956467349, time=0.510122537612915
INFO - 11/06/25 18:07:57 - 0:18:05 - Epoch 16: val_AUC=0.877674999022534, val_AP=0.8600300120736942
INFO - 11/06/25 18:07:57 - 0:18:05 - Epoch 17: train_loss=1.5917856693267822, train_AUC=0.9100573812480598, train_AP=0.8991186523328962, time=0.45924806594848633
INFO - 11/06/25 18:07:57 - 0:18:05 - Epoch 17: val_AUC=0.8809436050906438, val_AP=0.8630144007541383
INFO - 11/06/25 18:07:58 - 0:18:06 - Epoch 18: train_loss=1.565838098526001, train_AUC=0.9139335640522173, train_AP=0.9033735552049631, time=0.4759957790374756
INFO - 11/06/25 18:07:58 - 0:18:06 - Epoch 18: val_AUC=0.883973444688449, val_AP=0.8659070133249018
INFO - 11/06/25 18:07:59 - 0:18:07 - Epoch 19: train_loss=1.5357022285461426, train_AUC=0.9156740595514681, train_AP=0.904322871168698, time=0.4908442497253418
INFO - 11/06/25 18:07:59 - 0:18:07 - Epoch 19: val_AUC=0.8870749651370406, val_AP=0.8688525722331013
INFO - 11/06/25 18:07:59 - 0:18:07 - Epoch 20: train_loss=1.4975502490997314, train_AUC=0.9178252708404033, train_AP=0.9063982270163294, time=0.4623525142669678
INFO - 11/06/25 18:07:59 - 0:18:08 - Epoch 20: val_AUC=0.8892895368765394, val_AP=0.8709847480400917
INFO - 11/06/25 18:08:00 - 0:18:08 - Epoch 21: train_loss=1.4691061973571777, train_AUC=0.9212487443368174, train_AP=0.9090186014041208, time=0.4810628890991211
INFO - 11/06/25 18:08:00 - 0:18:08 - Epoch 21: val_AUC=0.8920335694457114, val_AP=0.8738630858806693
INFO - 11/06/25 18:08:01 - 0:18:09 - Epoch 22: train_loss=1.451042890548706, train_AUC=0.9217087114029769, train_AP=0.9096150791621461, time=0.4947841167449951
INFO - 11/06/25 18:08:01 - 0:18:09 - Epoch 22: val_AUC=0.8951793813290931, val_AP=0.8768934399998594
INFO - 11/06/25 18:08:01 - 0:18:09 - Epoch 23: train_loss=1.414536714553833, train_AUC=0.924962047008089, train_AP=0.9123307111278709, time=0.4752955436706543
INFO - 11/06/25 18:08:01 - 0:18:10 - Epoch 23: val_AUC=0.8980871394779028, val_AP=0.8802362218628142
INFO - 11/06/25 18:08:02 - 0:18:10 - Epoch 24: train_loss=1.3903130292892456, train_AUC=0.9272345013801719, train_AP=0.9142462497825276, time=0.47907137870788574
INFO - 11/06/25 18:08:02 - 0:18:10 - Epoch 24: val_AUC=0.9002218848153892, val_AP=0.8826648602968314
INFO - 11/06/25 18:08:03 - 0:18:11 - Epoch 25: train_loss=1.3666667938232422, train_AUC=0.9296834151442689, train_AP=0.9172282230863734, time=0.49617886543273926
INFO - 11/06/25 18:08:03 - 0:18:11 - Epoch 25: val_AUC=0.9027600385773306, val_AP=0.8858081571702969
INFO - 11/06/25 18:08:03 - 0:18:12 - Epoch 26: train_loss=1.3391865491867065, train_AUC=0.9322391131855507, train_AP=0.9204043613148768, time=0.4753232002258301
INFO - 11/06/25 18:08:04 - 0:18:12 - Epoch 26: val_AUC=0.9048964130250622, val_AP=0.8885925380557126
INFO - 11/06/25 18:08:04 - 0:18:12 - Epoch 27: train_loss=1.31532621383667, train_AUC=0.9338855188362878, train_AP=0.9215176417463851, time=0.4676089286804199
INFO - 11/06/25 18:08:04 - 0:18:12 - Epoch 27: val_AUC=0.906666441306416, val_AP=0.890972672046763
INFO - 11/06/25 18:08:05 - 0:18:13 - Epoch 28: train_loss=1.3004446029663086, train_AUC=0.9358852347873946, train_AP=0.9239934417797439, time=0.494917631149292
INFO - 11/06/25 18:08:05 - 0:18:13 - Epoch 28: val_AUC=0.9085511182212723, val_AP=0.893387749813108
INFO - 11/06/25 18:08:05 - 0:18:14 - Epoch 29: train_loss=1.2824546098709106, train_AUC=0.9380900552836997, train_AP=0.9266669837382937, time=0.46799468994140625
INFO - 11/06/25 18:08:06 - 0:18:14 - Epoch 29: val_AUC=0.9107740391507775, val_AP=0.8958109201746898
INFO - 11/06/25 18:08:06 - 0:18:14 - Epoch 30: train_loss=1.264434814453125, train_AUC=0.94094447184053, train_AP=0.9302022351065191, time=0.47561073303222656
INFO - 11/06/25 18:08:06 - 0:18:14 - Epoch 30: val_AUC=0.9129631560426957, val_AP=0.8983123629597043
INFO - 11/06/25 18:08:07 - 0:18:15 - Epoch 31: train_loss=1.2461411952972412, train_AUC=0.9425164450037686, train_AP=0.9310469025677341, time=0.5009150505065918
INFO - 11/06/25 18:08:07 - 0:18:15 - Epoch 31: val_AUC=0.9144383153696776, val_AP=0.8998456902215577
INFO - 11/06/25 18:08:08 - 0:18:16 - Epoch 32: train_loss=1.2344229221343994, train_AUC=0.9438984515492372, train_AP=0.9323999944128728, time=0.44968390464782715
INFO - 11/06/25 18:08:08 - 0:18:16 - Epoch 32: val_AUC=0.9158175608309767, val_AP=0.901864556667328
INFO - 11/06/25 18:08:08 - 0:18:16 - Epoch 33: train_loss=1.2236649990081787, train_AUC=0.9450362723635403, train_AP=0.9337603605518584, time=0.4758462905883789
INFO - 11/06/25 18:08:08 - 0:18:17 - Epoch 33: val_AUC=0.9173409825489711, val_AP=0.9035393887270748
INFO - 11/06/25 18:08:09 - 0:18:17 - Epoch 34: train_loss=1.2055001258850098, train_AUC=0.9473355016629683, train_AP=0.9362060839473434, time=0.4968888759613037
INFO - 11/06/25 18:08:09 - 0:18:17 - Epoch 34: val_AUC=0.9185135346479166, val_AP=0.9047374082433784
INFO - 11/06/25 18:08:10 - 0:18:18 - Epoch 35: train_loss=1.1965839862823486, train_AUC=0.9475508407588549, train_AP=0.9363669929333778, time=0.4412057399749756
INFO - 11/06/25 18:08:10 - 0:18:18 - Epoch 35: val_AUC=0.9194899826011026, val_AP=0.9057587028825235
INFO - 11/06/25 18:08:10 - 0:18:18 - Epoch 36: train_loss=1.1857107877731323, train_AUC=0.9481164281204147, train_AP=0.9367168881183816, time=0.45999836921691895
INFO - 11/06/25 18:08:10 - 0:18:19 - Epoch 36: val_AUC=0.9206507236507708, val_AP=0.9069825804634534
INFO - 11/06/25 18:08:11 - 0:18:19 - Epoch 37: train_loss=1.1689265966415405, train_AUC=0.9505175673802055, train_AP=0.9390929449293675, time=0.5046944618225098
INFO - 11/06/25 18:08:11 - 0:18:19 - Epoch 37: val_AUC=0.9219377207444381, val_AP=0.9083775021063846
INFO - 11/06/25 18:08:12 - 0:18:20 - Epoch 38: train_loss=1.1588997840881348, train_AUC=0.9511001880802945, train_AP=0.938970527726059, time=0.4611811637878418
INFO - 11/06/25 18:08:12 - 0:18:20 - Epoch 38: val_AUC=0.9230618068135906, val_AP=0.9096536817205443
INFO - 11/06/25 18:08:12 - 0:18:21 - Epoch 39: train_loss=1.151731252670288, train_AUC=0.9525573900681851, train_AP=0.9412380747926069, time=0.48301172256469727
INFO - 11/06/25 18:08:13 - 0:18:21 - Epoch 39: val_AUC=0.9240547495080087, val_AP=0.9108139294342534
INFO - 11/06/25 18:08:13 - 0:18:21 - Epoch 40: train_loss=1.146094799041748, train_AUC=0.9531422084025167, train_AP=0.9419648116281548, time=0.4975094795227051
INFO - 11/06/25 18:08:13 - 0:18:21 - Epoch 40: val_AUC=0.925101249201736, val_AP=0.9120301853417707
INFO - 11/06/25 18:08:14 - 0:18:22 - Epoch 41: train_loss=1.1383421421051025, train_AUC=0.953894375756678, train_AP=0.9421443256311636, time=0.45862603187561035
INFO - 11/06/25 18:08:14 - 0:18:22 - Epoch 41: val_AUC=0.9261960112864758, val_AP=0.9132398183059577
INFO - 11/06/25 18:08:14 - 0:18:23 - Epoch 42: train_loss=1.1278929710388184, train_AUC=0.9560976072919205, train_AP=0.9456048479568221, time=0.4663968086242676
INFO - 11/06/25 18:08:15 - 0:18:23 - Epoch 42: val_AUC=0.9272331435962933, val_AP=0.9143985149425193
INFO - 11/06/25 18:08:15 - 0:18:23 - Epoch 43: train_loss=1.1237653493881226, train_AUC=0.956349862521863, train_AP=0.9454820065931191, time=0.5140712261199951
INFO - 11/06/25 18:08:15 - 0:18:24 - Epoch 43: val_AUC=0.9282265953876631, val_AP=0.9155454850242641
INFO - 11/06/25 18:08:16 - 0:18:24 - Epoch 44: train_loss=1.118790626525879, train_AUC=0.9572151013103819, train_AP=0.9467295113587264, time=0.4584376811981201
INFO - 11/06/25 18:08:16 - 0:18:24 - Epoch 44: val_AUC=0.9292202508178133, val_AP=0.9167499336236411
INFO - 11/06/25 18:08:17 - 0:18:25 - Epoch 45: train_loss=1.1097298860549927, train_AUC=0.9588502789134948, train_AP=0.9484935394381679, time=0.47566962242126465
INFO - 11/06/25 18:08:17 - 0:18:25 - Epoch 45: val_AUC=0.9302949544826596, val_AP=0.9180509485443669
INFO - 11/06/25 18:08:17 - 0:18:25 - Epoch 46: train_loss=1.1001439094543457, train_AUC=0.9604166732770641, train_AP=0.950097807822669, time=0.49170494079589844
INFO - 11/06/25 18:08:17 - 0:18:26 - Epoch 46: val_AUC=0.931380654641661, val_AP=0.9194913242749275
INFO - 11/06/25 18:08:18 - 0:18:26 - Epoch 47: train_loss=1.0929313898086548, train_AUC=0.9615455152813545, train_AP=0.9517640238725491, time=0.44445037841796875
INFO - 11/06/25 18:08:18 - 0:18:26 - Epoch 47: val_AUC=0.9322864399379636, val_AP=0.9206607544602801
INFO - 11/06/25 18:08:19 - 0:18:27 - Epoch 48: train_loss=1.0844205617904663, train_AUC=0.9626818263889152, train_AP=0.9526331188647048, time=0.4859461784362793
INFO - 11/06/25 18:08:19 - 0:18:27 - Epoch 48: val_AUC=0.9332374330435689, val_AP=0.9218094120993323
INFO - 11/06/25 18:08:19 - 0:18:27 - Epoch 49: train_loss=1.0793249607086182, train_AUC=0.96376309431427, train_AP=0.9542804324844516, time=0.4943215847015381
INFO - 11/06/25 18:08:20 - 0:18:28 - Epoch 49: val_AUC=0.9341581857902488, val_AP=0.9228978515002763
INFO - 11/06/25 18:08:20 - 0:18:28 - Epoch 50: train_loss=1.0698509216308594, train_AUC=0.9653705036692227, train_AP=0.9564160342231678, time=0.4698653221130371
INFO - 11/06/25 18:08:20 - 0:18:28 - Epoch 50: val_AUC=0.9350805676471737, val_AP=0.9239701417988999
INFO - 11/06/25 18:08:21 - 0:18:29 - Epoch 51: train_loss=1.0638542175292969, train_AUC=0.9660188610727813, train_AP=0.9568100220075674, time=0.4691910743713379
INFO - 11/06/25 18:08:21 - 0:18:29 - Epoch 51: val_AUC=0.9359250576705027, val_AP=0.9249667312653342
INFO - 11/06/25 18:08:21 - 0:18:30 - Epoch 52: train_loss=1.0567736625671387, train_AUC=0.9672852533530538, train_AP=0.9585034597151465, time=0.5152382850646973
INFO - 11/06/25 18:08:22 - 0:18:30 - Epoch 52: val_AUC=0.9367512202035735, val_AP=0.9259426875871143
INFO - 11/06/25 18:08:22 - 0:18:30 - Epoch 53: train_loss=1.0541805028915405, train_AUC=0.9675148555847922, train_AP=0.9585919553620071, time=0.4571197032928467
INFO - 11/06/25 18:08:22 - 0:18:30 - Epoch 53: val_AUC=0.9375838991776251, val_AP=0.9270256391237184
INFO - 11/06/25 18:08:23 - 0:18:31 - Epoch 54: train_loss=1.0452384948730469, train_AUC=0.9689211067313381, train_AP=0.9603436722828432, time=0.4774169921875
INFO - 11/06/25 18:08:23 - 0:18:31 - Epoch 54: val_AUC=0.9383591520155352, val_AP=0.9279343145101127
INFO - 11/06/25 18:08:24 - 0:18:32 - Epoch 55: train_loss=1.0421221256256104, train_AUC=0.9691436197521819, train_AP=0.9603453491913772, time=0.49915266036987305
INFO - 11/06/25 18:08:24 - 0:18:32 - Epoch 55: val_AUC=0.9392669736996441, val_AP=0.9290576849066522
INFO - 11/06/25 18:08:24 - 0:18:32 - Epoch 56: train_loss=1.0338683128356934, train_AUC=0.9703872486065639, train_AP=0.9620154918225737, time=0.45479321479797363
INFO - 11/06/25 18:08:24 - 0:18:33 - Epoch 56: val_AUC=0.9400403937885284, val_AP=0.929962300085173
INFO - 11/06/25 18:08:25 - 0:18:33 - Epoch 57: train_loss=1.0295242071151733, train_AUC=0.9709207955598554, train_AP=0.9627182285225134, time=0.4878420829772949
INFO - 11/06/25 18:08:25 - 0:18:33 - Epoch 57: val_AUC=0.940760460516884, val_AP=0.930779655474459
INFO - 11/06/25 18:08:26 - 0:18:34 - Epoch 58: train_loss=1.0226315259933472, train_AUC=0.9721699583031255, train_AP=0.9640990647767863, time=0.497112512588501
INFO - 11/06/25 18:08:26 - 0:18:34 - Epoch 58: val_AUC=0.9414841927432914, val_AP=0.9315901299116739
INFO - 11/06/25 18:08:26 - 0:18:34 - Epoch 59: train_loss=1.0176775455474854, train_AUC=0.9723882872242171, train_AP=0.9642499338508305, time=0.46222782135009766
INFO - 11/06/25 18:08:26 - 0:18:35 - Epoch 59: val_AUC=0.9421504988335572, val_AP=0.932329464000244
INFO - 11/06/25 18:08:27 - 0:18:35 - Epoch 60: train_loss=1.0128300189971924, train_AUC=0.9731653672053159, train_AP=0.9651756780661926, time=0.4906320571899414
INFO - 11/06/25 18:08:27 - 0:18:35 - Epoch 60: val_AUC=0.9428251541138292, val_AP=0.9331363483618138
INFO - 11/06/25 18:08:28 - 0:18:36 - Epoch 61: train_loss=1.0104949474334717, train_AUC=0.9730001510073072, train_AP=0.9648423218979857, time=0.500887393951416
INFO - 11/06/25 18:08:28 - 0:18:36 - Epoch 61: val_AUC=0.9435346316255915, val_AP=0.9339850376056374
INFO - 11/06/25 18:08:28 - 0:18:37 - Epoch 62: train_loss=1.0026692152023315, train_AUC=0.9746526002402727, train_AP=0.9672337532005415, time=0.45038294792175293
INFO - 11/06/25 18:08:29 - 0:18:37 - Epoch 62: val_AUC=0.9442426836658889, val_AP=0.9348322691344321
INFO - 11/06/25 18:08:29 - 0:18:37 - Epoch 63: train_loss=0.9988337755203247, train_AUC=0.974742588589648, train_AP=0.9673029548320269, time=0.46015310287475586
INFO - 11/06/25 18:08:29 - 0:18:37 - Epoch 63: val_AUC=0.9449383137405675, val_AP=0.9356865786837707
INFO - 11/06/25 18:08:30 - 0:18:38 - Epoch 64: train_loss=0.994057834148407, train_AUC=0.9753291137097986, train_AP=0.9676675383164475, time=0.5041570663452148
INFO - 11/06/25 18:08:30 - 0:18:38 - Epoch 64: val_AUC=0.945699719141394, val_AP=0.9365822325874373
INFO - 11/06/25 18:08:30 - 0:18:39 - Epoch 65: train_loss=0.9862262010574341, train_AUC=0.9768486537997816, train_AP=0.9698299864263424, time=0.46193790435791016
INFO - 11/06/25 18:08:31 - 0:18:39 - Epoch 65: val_AUC=0.946440557025375, val_AP=0.9374964404239272
INFO - 11/06/25 18:08:31 - 0:18:39 - Epoch 66: train_loss=0.9853285551071167, train_AUC=0.9764160541310418, train_AP=0.9690879396592972, time=0.49033474922180176
INFO - 11/06/25 18:08:31 - 0:18:40 - Epoch 66: val_AUC=0.9471750821071564, val_AP=0.9383504737831856
INFO - 11/06/25 18:08:32 - 0:18:40 - Epoch 67: train_loss=0.9796137809753418, train_AUC=0.9773247272811637, train_AP=0.9704951020218658, time=0.4819834232330322
INFO - 11/06/25 18:08:32 - 0:18:40 - Epoch 67: val_AUC=0.9478578829386543, val_AP=0.9391772856674073
INFO - 11/06/25 18:08:33 - 0:18:41 - Epoch 68: train_loss=0.9728742837905884, train_AUC=0.9780964845421077, train_AP=0.9712604225452244, time=0.4411904811859131
INFO - 11/06/25 18:08:33 - 0:18:41 - Epoch 68: val_AUC=0.9485500511540617, val_AP=0.939989356778735
INFO - 11/06/25 18:08:33 - 0:18:41 - Epoch 69: train_loss=0.9691301584243774, train_AUC=0.9783106732175043, train_AP=0.9713446504703457, time=0.4690840244293213
INFO - 11/06/25 18:08:33 - 0:18:42 - Epoch 69: val_AUC=0.9492393684265401, val_AP=0.9408011781925809
INFO - 11/06/25 18:08:34 - 0:18:42 - Epoch 70: train_loss=0.9635612964630127, train_AUC=0.9790457390744206, train_AP=0.9726633341725139, time=0.503514289855957
INFO - 11/06/25 18:08:34 - 0:18:42 - Epoch 70: val_AUC=0.9499103582087607, val_AP=0.9416225327447431
INFO - 11/06/25 18:08:35 - 0:18:43 - Epoch 71: train_loss=0.9599113464355469, train_AUC=0.9796659812720167, train_AP=0.9733881859126892, time=0.4356381893157959
INFO - 11/06/25 18:08:35 - 0:18:43 - Epoch 71: val_AUC=0.9505349183489944, val_AP=0.9423382247886665
INFO - 11/06/25 18:08:35 - 0:18:43 - Epoch 72: train_loss=0.9550225734710693, train_AUC=0.9807216805207821, train_AP=0.9750499768900541, time=0.34792661666870117
INFO - 11/06/25 18:08:35 - 0:18:43 - Epoch 72: val_AUC=0.9511527584094671, val_AP=0.9430831241242584
INFO - 11/06/25 18:08:36 - 0:18:44 - Epoch 73: train_loss=0.9502708315849304, train_AUC=0.9808253493986946, train_AP=0.9747766636785865, time=0.3449132442474365
INFO - 11/06/25 18:08:36 - 0:18:44 - Epoch 73: val_AUC=0.9517551219226109, val_AP=0.9437676932770859
INFO - 11/06/25 18:08:36 - 0:18:44 - Epoch 74: train_loss=0.9462563395500183, train_AUC=0.9809969855488926, train_AP=0.9749956821433736, time=0.4051356315612793
INFO - 11/06/25 18:08:36 - 0:18:44 - Epoch 74: val_AUC=0.9523049466303484, val_AP=0.9444037500705611
INFO - 11/06/25 18:08:37 - 0:18:45 - Epoch 75: train_loss=0.9397212862968445, train_AUC=0.9816999352656348, train_AP=0.9757686480561213, time=0.4662330150604248
INFO - 11/06/25 18:08:37 - 0:18:45 - Epoch 75: val_AUC=0.9528688224139504, val_AP=0.9450675442161068
INFO - 11/06/25 18:08:37 - 0:18:46 - Epoch 76: train_loss=0.9366562366485596, train_AUC=0.9821113891772228, train_AP=0.9765157403875852, time=0.3973884582519531
INFO - 11/06/25 18:08:38 - 0:18:46 - Epoch 76: val_AUC=0.9533652937611593, val_AP=0.9456498644158767
INFO - 11/06/25 18:08:38 - 0:18:46 - Epoch 77: train_loss=0.9335623383522034, train_AUC=0.9822478036507338, train_AP=0.9765294716216375, time=0.4634990692138672
INFO - 11/06/25 18:08:38 - 0:18:46 - Epoch 77: val_AUC=0.9538823326252135, val_AP=0.9462699056999004
INFO - 11/06/25 18:08:39 - 0:18:47 - Epoch 78: train_loss=0.9308855533599854, train_AUC=0.9823662117187825, train_AP=0.9765740022022693, time=0.3977324962615967
INFO - 11/06/25 18:08:39 - 0:18:47 - Epoch 78: val_AUC=0.9543525345697194, val_AP=0.9468148816405406
INFO - 11/06/25 18:08:39 - 0:18:47 - Epoch 79: train_loss=0.9242738485336304, train_AUC=0.9830051903421916, train_AP=0.97747360271264, time=0.438690185546875
INFO - 11/06/25 18:08:39 - 0:18:48 - Epoch 79: val_AUC=0.9547425028346519, val_AP=0.9472820506430241
INFO - 11/06/25 18:08:40 - 0:18:48 - Epoch 80: train_loss=0.9224715828895569, train_AUC=0.9833137416770846, train_AP=0.9780338572471804, time=0.4978175163269043
INFO - 11/06/25 18:08:40 - 0:18:48 - Epoch 80: val_AUC=0.9551179109267682, val_AP=0.947687092770052
INFO - 11/06/25 18:08:41 - 0:18:49 - Epoch 81: train_loss=0.9177663326263428, train_AUC=0.9837252567025597, train_AP=0.9783439353002895, time=0.47365593910217285
INFO - 11/06/25 18:08:41 - 0:18:49 - Epoch 81: val_AUC=0.9554631804793494, val_AP=0.9481371528101756
INFO - 11/06/25 18:08:41 - 0:18:49 - Epoch 82: train_loss=0.9141970872879028, train_AUC=0.9841958165489356, train_AP=0.9791454415110633, time=0.48632049560546875
INFO - 11/06/25 18:08:42 - 0:18:50 - Epoch 82: val_AUC=0.9557527548254245, val_AP=0.9485086526832133
INFO - 11/06/25 18:08:42 - 0:18:50 - Epoch 83: train_loss=0.9106695652008057, train_AUC=0.984506441705211, train_AP=0.979424905308335, time=0.43704962730407715
INFO - 11/06/25 18:08:42 - 0:18:50 - Epoch 83: val_AUC=0.9559895867273128, val_AP=0.9488094453570812
INFO - 11/06/25 18:08:43 - 0:18:51 - Epoch 84: train_loss=0.9081599712371826, train_AUC=0.9845718474778629, train_AP=0.9794700113777997, time=0.4433743953704834
INFO - 11/06/25 18:08:43 - 0:18:51 - Epoch 84: val_AUC=0.9562410806214077, val_AP=0.949162047392549
INFO - 11/06/25 18:08:43 - 0:18:51 - Epoch 85: train_loss=0.9011507630348206, train_AUC=0.9853855167129764, train_AP=0.9803973998964327, time=0.4869804382324219
INFO - 11/06/25 18:08:43 - 0:18:52 - Epoch 85: val_AUC=0.9564192645544709, val_AP=0.9493888273106499
INFO - 11/06/25 18:08:44 - 0:18:52 - Epoch 86: train_loss=0.8990874290466309, train_AUC=0.9856219393954033, train_AP=0.9808314838315622, time=0.46448183059692383
INFO - 11/06/25 18:08:44 - 0:18:52 - Epoch 86: val_AUC=0.9566349180231725, val_AP=0.9496608648859485
INFO - 11/06/25 18:08:45 - 0:18:53 - Epoch 87: train_loss=0.8966059684753418, train_AUC=0.9859270753974515, train_AP=0.9815251795153142, time=0.47190356254577637
INFO - 11/06/25 18:08:45 - 0:18:53 - Epoch 87: val_AUC=0.9568560697389514, val_AP=0.9499534051972011
INFO - 11/06/25 18:08:45 - 0:18:53 - Epoch 88: train_loss=0.8931576609611511, train_AUC=0.9859439983082944, train_AP=0.9812632504017412, time=0.48336076736450195
INFO - 11/06/25 18:08:45 - 0:18:54 - Epoch 88: val_AUC=0.9570789523843658, val_AP=0.9502378753521903
INFO - 11/06/25 18:08:46 - 0:18:54 - Epoch 89: train_loss=0.8905329704284668, train_AUC=0.9859358263072628, train_AP=0.9809331834203278, time=0.47695350646972656
INFO - 11/06/25 18:08:46 - 0:18:54 - Epoch 89: val_AUC=0.9573028532236834, val_AP=0.9505049849618187
INFO - 11/06/25 18:08:47 - 0:18:55 - Epoch 90: train_loss=0.888077974319458, train_AUC=0.986054084320465, train_AP=0.9809657924269072, time=0.45337438583374023
INFO - 11/06/25 18:08:47 - 0:18:55 - Epoch 90: val_AUC=0.9575246158558042, val_AP=0.9507714340459853
INFO - 11/06/25 18:08:47 - 0:18:55 - Epoch 91: train_loss=0.8838464021682739, train_AUC=0.9867449139381773, train_AP=0.9821045630568285, time=0.4775526523590088
INFO - 11/06/25 18:08:48 - 0:18:56 - Epoch 91: val_AUC=0.95771318536668, val_AP=0.9510438245047237
INFO - 11/06/25 18:08:48 - 0:18:56 - Epoch 92: train_loss=0.881614089012146, train_AUC=0.9869983387857676, train_AP=0.9826372389243833, time=0.4893302917480469
INFO - 11/06/25 18:08:48 - 0:18:56 - Epoch 92: val_AUC=0.957934947998801, val_AP=0.9513453741081572
INFO - 11/06/25 18:08:49 - 0:18:57 - Epoch 93: train_loss=0.8800002932548523, train_AUC=0.9866658859329439, train_AP=0.9820012100514648, time=0.43635058403015137
INFO - 11/06/25 18:08:49 - 0:18:57 - Epoch 93: val_AUC=0.9581899037521666, val_AP=0.9517448240720774
INFO - 11/06/25 18:08:49 - 0:18:58 - Epoch 94: train_loss=0.8763192892074585, train_AUC=0.9872744999366585, train_AP=0.9830680608152668, time=0.4757223129272461
INFO - 11/06/25 18:08:50 - 0:18:58 - Epoch 94: val_AUC=0.9584116663842877, val_AP=0.952064551474085
INFO - 11/06/25 18:08:50 - 0:18:58 - Epoch 95: train_loss=0.8739197254180908, train_AUC=0.9873676216496191, train_AP=0.9829435694243772, time=0.4898507595062256
INFO - 11/06/25 18:08:50 - 0:18:58 - Epoch 95: val_AUC=0.9586360763205567, val_AP=0.9524298138529248
INFO - 11/06/25 18:08:51 - 0:18:59 - Epoch 96: train_loss=0.869956374168396, train_AUC=0.9880148046802707, train_AP=0.983989420727328, time=0.4453394412994385
INFO - 11/06/25 18:08:51 - 0:18:59 - Epoch 96: val_AUC=0.9588217948885036, val_AP=0.9527246499102353
INFO - 11/06/25 18:08:51 - 0:19:00 - Epoch 97: train_loss=0.8669790029525757, train_AUC=0.9882366327676659, train_AP=0.9840761028741654, time=0.485119104385376
INFO - 11/06/25 18:08:52 - 0:19:00 - Epoch 97: val_AUC=0.9590117898708441, val_AP=0.9530293212417411
INFO - 11/06/25 18:08:52 - 0:19:00 - Epoch 98: train_loss=0.8647079467773438, train_AUC=0.9883296928383772, train_AP=0.9840420424269015, time=0.4514303207397461
INFO - 11/06/25 18:08:52 - 0:19:01 - Epoch 98: val_AUC=0.9591909919978103, val_AP=0.9533017695789933
INFO - 11/06/25 18:08:53 - 0:19:01 - Epoch 99: train_loss=0.8618001937866211, train_AUC=0.9886564432547915, train_AP=0.9847253297964553, time=0.43853163719177246
INFO - 11/06/25 18:08:53 - 0:19:01 - Epoch 99: val_AUC=0.9593923907518667, val_AP=0.9535925946514888
INFO - 11/06/25 18:08:53 - 0:19:02 - Epoch 100: train_loss=0.8621073961257935, train_AUC=0.9883079725754633, train_AP=0.9843716996863473, time=0.47870659828186035
INFO - 11/06/25 18:08:54 - 0:19:02 - Epoch 100: val_AUC=0.9595911422017751, val_AP=0.9538696437680038
INFO - 11/06/25 18:08:54 - 0:19:02 - Epoch 101: train_loss=0.8578730821609497, train_AUC=0.9883272451127235, train_AP=0.9838530820857578, time=0.49100542068481445
INFO - 11/06/25 18:08:54 - 0:19:03 - Epoch 101: val_AUC=0.9597845990433865, val_AP=0.954192330407151
INFO - 11/06/25 18:08:55 - 0:19:03 - Epoch 102: train_loss=0.8556032180786133, train_AUC=0.9888822049982867, train_AP=0.9847153647096797, time=0.4474170207977295
INFO - 11/06/25 18:08:55 - 0:19:03 - Epoch 102: val_AUC=0.959985997797443, val_AP=0.9545103713109374
INFO - 11/06/25 18:08:56 - 0:19:04 - Epoch 103: train_loss=0.8533543944358826, train_AUC=0.9892353564377745, train_AP=0.9853106501612653, time=0.455549955368042
INFO - 11/06/25 18:08:56 - 0:19:04 - Epoch 103: val_AUC=0.960118566643642, val_AP=0.9547526064435645
INFO - 11/06/25 18:08:56 - 0:19:04 - Epoch 104: train_loss=0.8510231971740723, train_AUC=0.9894279768424314, train_AP=0.9855553967490198, time=0.4894125461578369
INFO - 11/06/25 18:08:56 - 0:19:05 - Epoch 104: val_AUC=0.9602460445203247, val_AP=0.9549874301519862
INFO - 11/06/25 18:08:57 - 0:19:05 - Epoch 105: train_loss=0.8482744097709656, train_AUC=0.9895100462762384, train_AP=0.9856352117949164, time=0.4443376064300537
INFO - 11/06/25 18:08:57 - 0:19:05 - Epoch 105: val_AUC=0.9603641550130979, val_AP=0.9552148859625075
INFO - 11/06/25 18:08:58 - 0:19:06 - Epoch 106: train_loss=0.846706211566925, train_AUC=0.9895652775553647, train_AP=0.9857724276724572, time=0.47396111488342285
INFO - 11/06/25 18:08:58 - 0:19:06 - Epoch 106: val_AUC=0.9605187168476066, val_AP=0.955492329510722
INFO - 11/06/25 18:08:58 - 0:19:06 - Epoch 107: train_loss=0.8438187837600708, train_AUC=0.9903011757587655, train_AP=0.9870001767557285, time=0.48472142219543457
INFO - 11/06/25 18:08:58 - 0:19:07 - Epoch 107: val_AUC=0.9606575984960054, val_AP=0.9557312758663887
INFO - 11/06/25 18:08:59 - 0:19:07 - Epoch 108: train_loss=0.841655433177948, train_AUC=0.9904886507968248, train_AP=0.9870929117452873, time=0.4462087154388428
INFO - 11/06/25 18:08:59 - 0:19:07 - Epoch 108: val_AUC=0.9608146039958816, val_AP=0.9559896263461533
INFO - 11/06/25 18:09:00 - 0:19:08 - Epoch 109: train_loss=0.8410786390304565, train_AUC=0.9901121753392207, train_AP=0.9864597152671063, time=0.4752964973449707
INFO - 11/06/25 18:09:00 - 0:19:08 - Epoch 109: val_AUC=0.9609917697350414, val_AP=0.9562684092799627
INFO - 11/06/25 18:09:00 - 0:19:08 - Epoch 110: train_loss=0.8371630907058716, train_AUC=0.9906106323541176, train_AP=0.9871650498762746, time=0.4997565746307373
INFO - 11/06/25 18:09:01 - 0:19:09 - Epoch 110: val_AUC=0.9611353350753952, val_AP=0.9565019096744389
INFO - 11/06/25 18:09:01 - 0:19:09 - Epoch 111: train_loss=0.8385907411575317, train_AUC=0.9901980417594551, train_AP=0.9866449804199096, time=0.43181920051574707
INFO - 11/06/25 18:09:01 - 0:19:09 - Epoch 111: val_AUC=0.961210274146672, val_AP=0.9566316973690463
INFO - 11/06/25 18:09:02 - 0:19:10 - Epoch 112: train_loss=0.8349032402038574, train_AUC=0.9903852904823995, train_AP=0.986918625133135, time=0.4812908172607422
INFO - 11/06/25 18:09:02 - 0:19:10 - Epoch 112: val_AUC=0.9612420417964522, val_AP=0.9567086415542317
INFO - 11/06/25 18:09:02 - 0:19:11 - Epoch 113: train_loss=0.8331247568130493, train_AUC=0.9907865080820921, train_AP=0.9876374764308034, time=0.4807553291320801
INFO - 11/06/25 18:09:03 - 0:19:11 - Epoch 113: val_AUC=0.9612705512257427, val_AP=0.9567919211374715
INFO - 11/06/25 18:09:03 - 0:19:11 - Epoch 114: train_loss=0.8300651907920837, train_AUC=0.9911523086872283, train_AP=0.988176796350924, time=0.44889020919799805
INFO - 11/06/25 18:09:03 - 0:19:11 - Epoch 114: val_AUC=0.961337141107013, val_AP=0.9569047758532687
INFO - 11/06/25 18:09:04 - 0:19:12 - Epoch 115: train_loss=0.8281548619270325, train_AUC=0.9909269691050794, train_AP=0.9875363650732234, time=0.45764827728271484
INFO - 11/06/25 18:09:04 - 0:19:12 - Epoch 115: val_AUC=0.961459935291741, val_AP=0.9570586368513656
INFO - 11/06/25 18:09:04 - 0:19:13 - Epoch 116: train_loss=0.8246948719024658, train_AUC=0.9915043799783901, train_AP=0.9885738976396786, time=0.4962944984436035
INFO - 11/06/25 18:09:05 - 0:19:13 - Epoch 116: val_AUC=0.9615766203130499, val_AP=0.9572099155673902
INFO - 11/06/25 18:09:05 - 0:19:13 - Epoch 117: train_loss=0.8249921798706055, train_AUC=0.9913123402437203, train_AP=0.9880355853300256, time=0.4584653377532959
INFO - 11/06/25 18:09:05 - 0:19:13 - Epoch 117: val_AUC=0.9616778287870297, val_AP=0.9573415389407196
INFO - 11/06/25 18:09:06 - 0:19:14 - Epoch 118: train_loss=0.8210501670837402, train_AUC=0.9914934029027804, train_AP=0.9885356694304085, time=0.4622983932495117
INFO - 11/06/25 18:09:06 - 0:19:14 - Epoch 118: val_AUC=0.9617258875392615, val_AP=0.9574081722520393
INFO - 11/06/25 18:09:06 - 0:19:15 - Epoch 119: train_loss=0.8201285600662231, train_AUC=0.9916489365124116, train_AP=0.9886020566853823, time=0.4741699695587158
INFO - 11/06/25 18:09:07 - 0:19:15 - Epoch 119: val_AUC=0.9617806663712547, val_AP=0.957438996899633
INFO - 11/06/25 18:09:07 - 0:19:15 - Epoch 120: train_loss=0.8204793930053711, train_AUC=0.9914642186440968, train_AP=0.9884814160720357, time=0.46465373039245605
INFO - 11/06/25 18:09:07 - 0:19:16 - Epoch 120: val_AUC=0.9618399252564219, val_AP=0.957465831964954
INFO - 11/06/25 18:09:08 - 0:19:16 - Epoch 121: train_loss=0.8172979354858398, train_AUC=0.9917298745467653, train_AP=0.9887867207249439, time=0.4598560333251953
INFO - 11/06/25 18:09:08 - 0:19:16 - Epoch 121: val_AUC=0.9619303408750279, val_AP=0.9575434396994694
INFO - 11/06/25 18:09:09 - 0:19:17 - Epoch 122: train_loss=0.814167320728302, train_AUC=0.9918135042339589, train_AP=0.9887866522539285, time=0.49562859535217285
INFO - 11/06/25 18:09:09 - 0:19:17 - Epoch 122: val_AUC=0.962044378592188, val_AP=0.9576396431150689
INFO - 11/06/25 18:09:09 - 0:19:17 - Epoch 123: train_loss=0.8117371797561646, train_AUC=0.9922365086701944, train_AP=0.9896323328862034, time=0.44159960746765137
INFO - 11/06/25 18:09:09 - 0:19:18 - Epoch 123: val_AUC=0.9621677836932581, val_AP=0.9577848411321719
INFO - 11/06/25 18:09:10 - 0:19:18 - Epoch 124: train_loss=0.8123674392700195, train_AUC=0.9920149151755874, train_AP=0.9890657209770499, time=0.47419190406799316
INFO - 11/06/25 18:09:10 - 0:19:18 - Epoch 124: val_AUC=0.9622486282891738, val_AP=0.9578786591762922
INFO - 11/06/25 18:09:11 - 0:19:19 - Epoch 125: train_loss=0.8080272674560547, train_AUC=0.9925180990942706, train_AP=0.9897871264455138, time=0.4943196773529053
INFO - 11/06/25 18:09:11 - 0:19:19 - Epoch 125: val_AUC=0.9623577786755985, val_AP=0.9579858247610996
INFO - 11/06/25 18:09:11 - 0:19:19 - Epoch 126: train_loss=0.808128833770752, train_AUC=0.9921291389677631, train_AP=0.9891193973054959, time=0.43708205223083496
INFO - 11/06/25 18:09:11 - 0:19:20 - Epoch 126: val_AUC=0.9624720200315396, val_AP=0.9581093426737067
INFO - 11/06/25 18:09:12 - 0:19:20 - Epoch 127: train_loss=0.8056790828704834, train_AUC=0.9923611864594655, train_AP=0.9894597285211472, time=0.4627857208251953
INFO - 11/06/25 18:09:12 - 0:19:20 - Epoch 127: val_AUC=0.9625974615204158, val_AP=0.9582410025662773
INFO - 11/06/25 18:09:13 - 0:19:21 - Epoch 128: train_loss=0.8037468194961548, train_AUC=0.9927224378666136, train_AP=0.9901806356345615, time=0.4105558395385742
INFO - 11/06/25 18:09:13 - 0:19:21 - Epoch 128: val_AUC=0.9627035573251312, val_AP=0.958369922757023
INFO - 11/06/25 18:09:13 - 0:19:21 - Epoch 129: train_loss=0.8028024435043335, train_AUC=0.9920263255081483, train_AP=0.9888570270896806, time=0.433422327041626
INFO - 11/06/25 18:09:13 - 0:19:21 - Epoch 129: val_AUC=0.9628387734754786, val_AP=0.9585522801860797
INFO - 11/06/25 18:09:14 - 0:19:22 - Epoch 130: train_loss=0.7990143299102783, train_AUC=0.9927617103196739, train_AP=0.9899633648978432, time=0.437483549118042
INFO - 11/06/25 18:09:14 - 0:19:22 - Epoch 130: val_AUC=0.9629896698119356, val_AP=0.9587154151948171
INFO - 11/06/25 18:09:14 - 0:19:23 - Epoch 131: train_loss=0.7984794974327087, train_AUC=0.9929236149199366, train_AP=0.9904250608705805, time=0.4556591510772705
INFO - 11/06/25 18:09:15 - 0:19:23 - Epoch 131: val_AUC=0.9631045220842185, val_AP=0.9588678602244889
INFO - 11/06/25 18:09:15 - 0:19:23 - Epoch 132: train_loss=0.796468198299408, train_AUC=0.9926236498219895, train_AP=0.9895622924686099, time=0.4631075859069824
INFO - 11/06/25 18:09:15 - 0:19:23 - Epoch 132: val_AUC=0.9632409600672496, val_AP=0.9590209323907884
INFO - 11/06/25 18:09:16 - 0:19:24 - Epoch 133: train_loss=0.7941803336143494, train_AUC=0.9930065790469601, train_AP=0.9904307214279391, time=0.4718496799468994
INFO - 11/06/25 18:09:16 - 0:19:24 - Epoch 133: val_AUC=0.9634498934561899, val_AP=0.959323446290034
INFO - 11/06/25 18:09:16 - 0:19:25 - Epoch 134: train_loss=0.7941726446151733, train_AUC=0.9929676260768712, train_AP=0.9904062246324176, time=0.48725247383117676
INFO - 11/06/25 18:09:17 - 0:19:25 - Epoch 134: val_AUC=0.9635623020631052, val_AP=0.9594517584475308
INFO - 11/06/25 18:09:17 - 0:19:25 - Epoch 135: train_loss=0.7904757857322693, train_AUC=0.993378191811709, train_AP=0.990898962326916, time=0.44312143325805664
INFO - 11/06/25 18:09:17 - 0:19:25 - Epoch 135: val_AUC=0.9636451830468271, val_AP=0.9595587561249329
INFO - 11/06/25 18:09:18 - 0:19:26 - Epoch 136: train_loss=0.7891587018966675, train_AUC=0.9933744827095168, train_AP=0.9909197734259452, time=0.4790472984313965
INFO - 11/06/25 18:09:18 - 0:19:26 - Epoch 136: val_AUC=0.9637956721057227, val_AP=0.9597820410426353
INFO - 11/06/25 18:09:19 - 0:19:27 - Epoch 137: train_loss=0.7874826788902283, train_AUC=0.9936208984811361, train_AP=0.9913440259225947, time=0.4970827102661133
INFO - 11/06/25 18:09:19 - 0:19:27 - Epoch 137: val_AUC=0.9638697966218772, val_AP=0.9598749751588783
INFO - 11/06/25 18:09:19 - 0:19:27 - Epoch 138: train_loss=0.7854796648025513, train_AUC=0.9935903559795225, train_AP=0.9912865804146919, time=0.46148085594177246
INFO - 11/06/25 18:09:19 - 0:19:28 - Epoch 138: val_AUC=0.9639388301685151, val_AP=0.959965288692284
INFO - 11/06/25 18:09:20 - 0:19:28 - Epoch 139: train_loss=0.7828617691993713, train_AUC=0.9940301036834748, train_AP=0.9919769246721639, time=0.467911958694458
INFO - 11/06/25 18:09:20 - 0:19:28 - Epoch 139: val_AUC=0.9640060309661276, val_AP=0.9600537590038358
INFO - 11/06/25 18:09:21 - 0:19:29 - Epoch 140: train_loss=0.7832739353179932, train_AUC=0.9937297870485866, train_AP=0.9911764234809763, time=0.49701428413391113
INFO - 11/06/25 18:09:21 - 0:19:29 - Epoch 140: val_AUC=0.9641174213791396, val_AP=0.9601719625417375
INFO - 11/06/25 18:09:21 - 0:19:29 - Epoch 141: train_loss=0.7811623811721802, train_AUC=0.9940714360443813, train_AP=0.9920506408443495, time=0.45243167877197266
INFO - 11/06/25 18:09:21 - 0:19:30 - Epoch 141: val_AUC=0.9642035605833518, val_AP=0.960287996523945
INFO - 11/06/25 18:09:22 - 0:19:30 - Epoch 142: train_loss=0.7791543006896973, train_AUC=0.9938561617609167, train_AP=0.9915284529655656, time=0.47985363006591797
INFO - 11/06/25 18:09:22 - 0:19:30 - Epoch 142: val_AUC=0.9642635322042514, val_AP=0.9603690970110942
INFO - 11/06/25 18:09:23 - 0:19:31 - Epoch 143: train_loss=0.7780011892318726, train_AUC=0.9940675908008787, train_AP=0.9917503288116457, time=0.48903536796569824
INFO - 11/06/25 18:09:23 - 0:19:31 - Epoch 143: val_AUC=0.9643204492434412, val_AP=0.9604869147159952
INFO - 11/06/25 18:09:23 - 0:19:31 - Epoch 144: train_loss=0.7772676944732666, train_AUC=0.993951374202848, train_AP=0.9916510106840504, time=0.4309837818145752
INFO - 11/06/25 18:09:23 - 0:19:32 - Epoch 144: val_AUC=0.964372580771286, val_AP=0.9605740433107868
INFO - 11/06/25 18:09:24 - 0:19:32 - Epoch 145: train_loss=0.7754698991775513, train_AUC=0.9940127017242956, train_AP=0.991428035952663, time=0.4428889751434326
INFO - 11/06/25 18:09:24 - 0:19:32 - Epoch 145: val_AUC=0.964419417690834, val_AP=0.9606492981101507
INFO - 11/06/25 18:09:25 - 0:19:33 - Epoch 146: train_loss=0.7732771635055542, train_AUC=0.9944745936137154, train_AP=0.9923549283817761, time=0.457535982131958
INFO - 11/06/25 18:09:25 - 0:19:33 - Epoch 146: val_AUC=0.9644701237472143, val_AP=0.9607164054948915
INFO - 11/06/25 18:09:25 - 0:19:33 - Epoch 147: train_loss=0.7729068398475647, train_AUC=0.9941797855063328, train_AP=0.9919772763387776, time=0.45185375213623047
INFO - 11/06/25 18:09:25 - 0:19:34 - Epoch 147: val_AUC=0.9645179788606654, val_AP=0.9607841441640866
INFO - 11/06/25 18:09:26 - 0:19:34 - Epoch 148: train_loss=0.7703810930252075, train_AUC=0.9944397268202628, train_AP=0.9924467663509813, time=0.47936224937438965
INFO - 11/06/25 18:09:26 - 0:19:34 - Epoch 148: val_AUC=0.9645289753548204, val_AP=0.960827421437828
INFO - 11/06/25 18:09:27 - 0:19:35 - Epoch 149: train_loss=0.7679060697555542, train_AUC=0.9946790628915059, train_AP=0.9927262166140464, time=0.47179388999938965
INFO - 11/06/25 18:09:27 - 0:19:35 - Epoch 149: val_AUC=0.9645536156472782, val_AP=0.9609120595081667
INFO - 11/06/25 18:09:27 - 0:19:35 - Epoch 150: train_loss=0.7677470445632935, train_AUC=0.9949421976261835, train_AP=0.9931853398966698, time=0.45090389251708984
INFO - 11/06/25 18:09:28 - 0:19:36 - Epoch 150: val_AUC=0.9645853832970583, val_AP=0.9609970437759972
INFO - 11/06/25 18:09:28 - 0:19:36 - Epoch 151: train_loss=0.7666265964508057, train_AUC=0.9946712519379337, train_AP=0.9925923609328837, time=0.467526912689209
INFO - 11/06/25 18:09:28 - 0:19:36 - Epoch 151: val_AUC=0.9646354784370967, val_AP=0.9611177566595439
INFO - 11/06/25 18:09:29 - 0:19:37 - Epoch 152: train_loss=0.7631443738937378, train_AUC=0.9951332676402139, train_AP=0.9932418120869225, time=0.49552273750305176
INFO - 11/06/25 18:09:29 - 0:19:37 - Epoch 152: val_AUC=0.9646417912392968, val_AP=0.9611720924970211
INFO - 11/06/25 18:09:29 - 0:19:38 - Epoch 153: train_loss=0.7623754739761353, train_AUC=0.9949475754721211, train_AP=0.9930217507220191, time=0.4381370544433594
INFO - 11/06/25 18:09:30 - 0:19:38 - Epoch 153: val_AUC=0.9646185764183033, val_AP=0.9611931198592616
INFO - 11/06/25 18:09:30 - 0:19:38 - Epoch 154: train_loss=0.7615423202514648, train_AUC=0.9950434770743979, train_AP=0.993039345340494, time=0.4812755584716797
INFO - 11/06/25 18:09:30 - 0:19:38 - Epoch 154: val_AUC=0.9645660376128975, val_AP=0.9612121029801157
INFO - 11/06/25 18:09:31 - 0:19:39 - Epoch 155: train_loss=0.7599445581436157, train_AUC=0.9950335262541764, train_AP=0.9931205429420841, time=0.4103255271911621
INFO - 11/06/25 18:09:31 - 0:19:39 - Epoch 155: val_AUC=0.9645631866699683, val_AP=0.9612863541369598
INFO - 11/06/25 18:09:31 - 0:19:39 - Epoch 156: train_loss=0.7599404454231262, train_AUC=0.9950724041968421, train_AP=0.9933425860650965, time=0.4185919761657715
INFO - 11/06/25 18:09:31 - 0:19:40 - Epoch 156: val_AUC=0.9645629830311877, val_AP=0.9613364860300116
INFO - 11/06/25 18:09:32 - 0:19:40 - Epoch 157: train_loss=0.7562457919120789, train_AUC=0.9956342518112057, train_AP=0.9942034296918838, time=0.44368433952331543
INFO - 11/06/25 18:09:32 - 0:19:40 - Epoch 157: val_AUC=0.9645310117426267, val_AP=0.9613692212735161
INFO - 11/06/25 18:09:33 - 0:19:41 - Epoch 158: train_loss=0.7547188401222229, train_AUC=0.9953521823387931, train_AP=0.9933897934686823, time=0.4825577735900879
INFO - 11/06/25 18:09:33 - 0:19:41 - Epoch 158: val_AUC=0.9645145170013946, val_AP=0.961408484836025
INFO - 11/06/25 18:09:33 - 0:19:41 - Epoch 159: train_loss=0.7540993690490723, train_AUC=0.9954336991058061, train_AP=0.9938298583292383, time=0.48236894607543945
INFO - 11/06/25 18:09:34 - 0:19:42 - Epoch 159: val_AUC=0.9645373245448264, val_AP=0.9615150218748092
INFO - 11/06/25 18:09:34 - 0:19:42 - Epoch 160: train_loss=0.7509099245071411, train_AUC=0.9956925497041674, train_AP=0.9941155955134879, time=0.5058307647705078
INFO - 11/06/25 18:09:34 - 0:19:42 - Epoch 160: val_AUC=0.964537120906046, val_AP=0.9615685548361321
INFO - 11/06/25 18:09:35 - 0:19:43 - Epoch 161: train_loss=0.7511213421821594, train_AUC=0.9956864423662413, train_AP=0.9941089940136754, time=0.4467015266418457
INFO - 11/06/25 18:09:35 - 0:19:43 - Epoch 161: val_AUC=0.9645379354611685, val_AP=0.961636729865011
INFO - 11/06/25 18:09:35 - 0:19:44 - Epoch 162: train_loss=0.75084388256073, train_AUC=0.9955314490949543, train_AP=0.9936281078036084, time=0.46454691886901855
INFO - 11/06/25 18:09:36 - 0:19:44 - Epoch 162: val_AUC=0.9644943567621107, val_AP=0.9616584095841604
INFO - 11/06/25 18:09:36 - 0:19:44 - Epoch 163: train_loss=0.7481575012207031, train_AUC=0.995708251393994, train_AP=0.9941092912894227, time=0.49334287643432617
INFO - 11/06/25 18:09:36 - 0:19:44 - Epoch 163: val_AUC=0.9644660509716014, val_AP=0.9616978185436182
INFO - 11/06/25 18:09:37 - 0:19:45 - Epoch 164: train_loss=0.7468522787094116, train_AUC=0.995786968546171, train_AP=0.994135485613629, time=0.44729065895080566
INFO - 11/06/25 18:09:37 - 0:19:45 - Epoch 164: val_AUC=0.9644312287401114, val_AP=0.9617245597269252
INFO - 11/06/25 18:09:37 - 0:19:46 - Epoch 165: train_loss=0.7458040714263916, train_AUC=0.9956863102757075, train_AP=0.9940422290545293, time=0.4779059886932373
INFO - 11/06/25 18:09:38 - 0:19:46 - Epoch 165: val_AUC=0.9644055702537502, val_AP=0.9617575220394854
INFO - 11/06/25 18:09:38 - 0:19:46 - Epoch 166: train_loss=0.7442446947097778, train_AUC=0.9958174226351872, train_AP=0.9941716691046347, time=0.49901771545410156
INFO - 11/06/25 18:09:38 - 0:19:47 - Epoch 166: val_AUC=0.9643886682349567, val_AP=0.9617547656799419
INFO - 11/06/25 18:09:39 - 0:19:47 - Epoch 167: train_loss=0.7434645891189575, train_AUC=0.9958810633260646, train_AP=0.9942373878642212, time=0.4743342399597168
INFO - 11/06/25 18:09:39 - 0:19:47 - Epoch 167: val_AUC=0.9643186164944154, val_AP=0.9617450377955624
INFO - 11/06/25 18:09:39 - 0:19:48 - Epoch 168: train_loss=0.7426906228065491, train_AUC=0.9960213820435168, train_AP=0.9944777260295168, time=0.4748201370239258
INFO - 11/06/25 18:09:40 - 0:19:48 - Epoch 168: val_AUC=0.9642296263472743, val_AP=0.9617126813055186
INFO - 11/06/25 18:09:40 - 0:19:48 - Epoch 169: train_loss=0.738999605178833, train_AUC=0.9962738664065055, train_AP=0.9949940981505784, time=0.5023694038391113
INFO - 11/06/25 18:09:40 - 0:19:49 - Epoch 169: val_AUC=0.9641699601845455, val_AP=0.9617186976995189
INFO - 11/06/25 18:09:41 - 0:19:49 - Epoch 170: train_loss=0.7391183972358704, train_AUC=0.9962063815288498, train_AP=0.9947270433487001, time=0.44875478744506836
INFO - 11/06/25 18:09:41 - 0:19:49 - Epoch 170: val_AUC=0.9641510217779458, val_AP=0.9617132875156206
INFO - 11/06/25 18:09:41 - 0:19:50 - Epoch 171: train_loss=0.7382799386978149, train_AUC=0.9961589855079538, train_AP=0.9945150796497394, time=0.4379715919494629
INFO - 11/06/25 18:09:42 - 0:19:50 - Epoch 171: val_AUC=0.9641121267708428, val_AP=0.9616910842587779
INFO - 11/06/25 18:09:42 - 0:19:50 - Epoch 172: train_loss=0.736985445022583, train_AUC=0.9961302029806139, train_AP=0.9943294538263874, time=0.4706881046295166
INFO - 11/06/25 18:09:42 - 0:19:51 - Epoch 172: val_AUC=0.9640578570358015, val_AP=0.9616583015557406
INFO - 11/06/25 18:09:43 - 0:19:51 - Epoch 173: train_loss=0.7357235550880432, train_AUC=0.996318691065008, train_AP=0.9948766519876593, time=0.47444963455200195
INFO - 11/06/25 18:09:43 - 0:19:51 - Epoch 173: val_AUC=0.9640158056275985, val_AP=0.9616577796373703
INFO - 11/06/25 18:09:44 - 0:19:52 - Epoch 174: train_loss=0.7340044379234314, train_AUC=0.9962191516894271, train_AP=0.9947183918714153, time=0.47283124923706055
INFO - 11/06/25 18:09:44 - 0:19:52 - Epoch 174: val_AUC=0.9639512521341345, val_AP=0.9616152801847311
INFO - 11/06/25 18:09:44 - 0:19:52 - Epoch 175: train_loss=0.7332874536514282, train_AUC=0.9964131740149507, train_AP=0.9950794638852243, time=0.4687187671661377
INFO - 11/06/25 18:09:44 - 0:19:53 - Epoch 175: val_AUC=0.963914393514838, val_AP=0.9615731182354834
INFO - 11/06/25 18:09:45 - 0:19:53 - Epoch 176: train_loss=0.7326219081878662, train_AUC=0.9964799128452708, train_AP=0.9951845663716578, time=0.4965813159942627
INFO - 11/06/25 18:09:45 - 0:19:53 - Epoch 176: val_AUC=0.9638724439260254, val_AP=0.9615581780108194
INFO - 11/06/25 18:09:46 - 0:19:54 - Epoch 177: train_loss=0.7314073443412781, train_AUC=0.9964881947456264, train_AP=0.9949043590463148, time=0.47631311416625977
INFO - 11/06/25 18:09:46 - 0:19:54 - Epoch 177: val_AUC=0.9638056504059743, val_AP=0.9615402043553771
INFO - 11/06/25 18:09:46 - 0:19:54 - Epoch 178: train_loss=0.7305484414100647, train_AUC=0.996489681732797, train_AP=0.9951070506099406, time=0.4160959720611572
INFO - 11/06/25 18:09:46 - 0:19:55 - Epoch 178: val_AUC=0.9637667553988712, val_AP=0.9615194704580523
INFO - 11/06/25 18:09:47 - 0:19:55 - Epoch 179: train_loss=0.7302807569503784, train_AUC=0.996269960577478, train_AP=0.994825625446815, time=0.48441076278686523
INFO - 11/06/25 18:09:47 - 0:19:55 - Epoch 179: val_AUC=0.9637166602588331, val_AP=0.9614586601775986
INFO - 11/06/25 18:09:48 - 0:19:56 - Epoch 180: train_loss=0.7288601994514465, train_AUC=0.9963088362305744, train_AP=0.9948643347679934, time=0.5039610862731934
INFO - 11/06/25 18:09:48 - 0:19:56 - Epoch 180: val_AUC=0.9637026091829686, val_AP=0.9614828051568867
INFO - 11/06/25 18:09:48 - 0:19:56 - Epoch 181: train_loss=0.7269691228866577, train_AUC=0.996569019886604, train_AP=0.9953289532733415, time=0.4678483009338379
INFO - 11/06/25 18:09:48 - 0:19:57 - Epoch 181: val_AUC=0.9636514958490271, val_AP=0.9614396444770208
INFO - 11/06/25 18:09:49 - 0:19:57 - Epoch 182: train_loss=0.7259005308151245, train_AUC=0.9968290163263167, train_AP=0.9954429937654723, time=0.4816434383392334
INFO - 11/06/25 18:09:49 - 0:19:57 - Epoch 182: val_AUC=0.9636168772563177, val_AP=0.9614094325500018
INFO - 11/06/25 18:09:50 - 0:19:58 - Epoch 183: train_loss=0.7247825264930725, train_AUC=0.9966524856054148, train_AP=0.9953628091573892, time=0.508286714553833
INFO - 11/06/25 18:09:50 - 0:19:58 - Epoch 183: val_AUC=0.9635869423555632, val_AP=0.9613924241519904
INFO - 11/06/25 18:09:50 - 0:19:58 - Epoch 184: train_loss=0.7225856184959412, train_AUC=0.9965730877466864, train_AP=0.9952144902148793, time=0.5050575733184814
INFO - 11/06/25 18:09:51 - 0:19:59 - Epoch 184: val_AUC=0.9635390872421117, val_AP=0.9613943803104182
INFO - 11/06/25 18:09:51 - 0:19:59 - Epoch 185: train_loss=0.7210783958435059, train_AUC=0.9969275523422021, train_AP=0.9955586976480435, time=0.47490429878234863
INFO - 11/06/25 18:09:51 - 0:19:59 - Epoch 185: val_AUC=0.9635775749716535, val_AP=0.9614616011388869
INFO - 11/06/25 18:09:52 - 0:20:00 - Epoch 186: train_loss=0.7210941314697266, train_AUC=0.9970903588566303, train_AP=0.9960823254444621, time=0.4911489486694336
INFO - 11/06/25 18:09:52 - 0:20:00 - Epoch 186: val_AUC=0.9635759458614085, val_AP=0.9614465578099807
INFO - 11/06/25 18:09:52 - 0:20:01 - Epoch 187: train_loss=0.7201055288314819, train_AUC=0.9967059199249176, train_AP=0.9951909515998693, time=0.498260498046875
INFO - 11/06/25 18:09:53 - 0:20:01 - Epoch 187: val_AUC=0.9635798149982405, val_AP=0.9614256600590938
INFO - 11/06/25 18:09:53 - 0:20:01 - Epoch 188: train_loss=0.7188133001327515, train_AUC=0.9969711194988217, train_AP=0.99577718257053, time=0.4738788604736328
INFO - 11/06/25 18:09:53 - 0:20:01 - Epoch 188: val_AUC=0.9635961061006921, val_AP=0.9614613618325124
INFO - 11/06/25 18:09:54 - 0:20:02 - Epoch 189: train_loss=0.7178410887718201, train_AUC=0.996827415212925, train_AP=0.9956042835201232, time=0.49699950218200684
INFO - 11/06/25 18:09:54 - 0:20:02 - Epoch 189: val_AUC=0.9635291089418603, val_AP=0.9614105979121965
INFO - 11/06/25 18:09:54 - 0:20:03 - Epoch 190: train_loss=0.7170588374137878, train_AUC=0.997066661990967, train_AP=0.996055452733945, time=0.49061059951782227
INFO - 11/06/25 18:09:55 - 0:20:03 - Epoch 190: val_AUC=0.9634953049042735, val_AP=0.9614037554263022
INFO - 11/06/25 18:09:55 - 0:20:03 - Epoch 191: train_loss=0.7160378694534302, train_AUC=0.9971301783406219, train_AP=0.9960578762955642, time=0.4361870288848877
INFO - 11/06/25 18:09:55 - 0:20:03 - Epoch 191: val_AUC=0.9634562062583899, val_AP=0.961387459834287
INFO - 11/06/25 18:09:56 - 0:20:04 - Epoch 192: train_loss=0.7159709930419922, train_AUC=0.9966169123917867, train_AP=0.9950404921166023, time=0.48566222190856934
INFO - 11/06/25 18:09:56 - 0:20:04 - Epoch 192: val_AUC=0.9633527577578229, val_AP=0.9612805255850976
INFO - 11/06/25 18:09:56 - 0:20:05 - Epoch 193: train_loss=0.7141626477241516, train_AUC=0.9971761824795319, train_AP=0.9961954325873894, time=0.5055332183837891
INFO - 11/06/25 18:09:57 - 0:20:05 - Epoch 193: val_AUC=0.9633063281158363, val_AP=0.9612741755544743
INFO - 11/06/25 18:09:57 - 0:20:05 - Epoch 194: train_loss=0.7138994932174683, train_AUC=0.9970546868392832, train_AP=0.9958246015529812, time=0.4540519714355469
INFO - 11/06/25 18:09:57 - 0:20:05 - Epoch 194: val_AUC=0.9632489019796947, val_AP=0.9612207921549769
INFO - 11/06/25 18:09:58 - 0:20:06 - Epoch 195: train_loss=0.711540937423706, train_AUC=0.9972399195084387, train_AP=0.9962678905482005, time=0.46700620651245117
INFO - 11/06/25 18:09:58 - 0:20:06 - Epoch 195: val_AUC=0.9631578754447472, val_AP=0.9611997627182454
INFO - 11/06/25 18:09:58 - 0:20:07 - Epoch 196: train_loss=0.7105555534362793, train_AUC=0.9971978338792474, train_AP=0.9960029219394693, time=0.4391002655029297
INFO - 11/06/25 18:09:59 - 0:20:07 - Epoch 196: val_AUC=0.9630868055103023, val_AP=0.9611703064526734
INFO - 11/06/25 18:09:59 - 0:20:07 - Epoch 197: train_loss=0.7099103927612305, train_AUC=0.9971889332668309, train_AP=0.9961761506029404, time=0.4478318691253662
INFO - 11/06/25 18:09:59 - 0:20:07 - Epoch 197: val_AUC=0.9630470959480769, val_AP=0.961137627551269
INFO - 11/06/25 18:10:00 - 0:20:08 - Epoch 198: train_loss=0.7090864181518555, train_AUC=0.9970888949412733, train_AP=0.9958450624941924, time=0.47783446311950684
INFO - 11/06/25 18:10:00 - 0:20:08 - Epoch 198: val_AUC=0.9630391540356319, val_AP=0.9610990287418868
INFO - 11/06/25 18:10:00 - 0:20:09 - Epoch 199: train_loss=0.708324670791626, train_AUC=0.9972684697325594, train_AP=0.9960629673585817, time=0.4880406856536865
INFO - 11/06/25 18:10:01 - 0:20:09 - Epoch 199: val_AUC=0.9629794878729034, val_AP=0.9610450248101562
INFO - 11/06/25 18:10:01 - 0:20:09 - Epoch 200: train_loss=0.707305908203125, train_AUC=0.9973472705420745, train_AP=0.9963446028778455, time=0.398404598236084
INFO - 11/06/25 18:10:01 - 0:20:09 - Epoch 200: val_AUC=0.9628994578321105, val_AP=0.9609553049286893
INFO - 11/06/25 18:10:02 - 0:20:10 - Epoch 201: train_loss=0.7063846588134766, train_AUC=0.9973708936131597, train_AP=0.9964430718225366, time=0.42835521697998047
INFO - 11/06/25 18:10:02 - 0:20:10 - Epoch 201: val_AUC=0.9628709484028203, val_AP=0.9609154681643196
INFO - 11/06/25 18:10:02 - 0:20:10 - Epoch 202: train_loss=0.7056258916854858, train_AUC=0.9974081493079482, train_AP=0.9964619713784525, time=0.41188836097717285
INFO - 11/06/25 18:10:02 - 0:20:11 - Epoch 202: val_AUC=0.9628330715896206, val_AP=0.9609187286683333
INFO - 11/06/25 18:10:03 - 0:20:11 - Epoch 203: train_loss=0.7047588229179382, train_AUC=0.9974724522127023, train_AP=0.996336518324563, time=0.48576927185058594
INFO - 11/06/25 18:10:03 - 0:20:11 - Epoch 203: val_AUC=0.9627903074456855, val_AP=0.9608802419553781
INFO - 11/06/25 18:10:04 - 0:20:12 - Epoch 204: train_loss=0.7038643956184387, train_AUC=0.9973071208317483, train_AP=0.9961694658734356, time=0.47425317764282227
INFO - 11/06/25 18:10:04 - 0:20:12 - Epoch 204: val_AUC=0.9627402123056471, val_AP=0.9607935950345756
INFO - 11/06/25 18:10:04 - 0:20:12 - Epoch 205: train_loss=0.7029150724411011, train_AUC=0.9974360468287108, train_AP=0.9964391164143086, time=0.4705991744995117
INFO - 11/06/25 18:10:04 - 0:20:13 - Epoch 205: val_AUC=0.9626726042304735, val_AP=0.9607488557530774
INFO - 11/06/25 18:10:05 - 0:20:13 - Epoch 206: train_loss=0.7022563219070435, train_AUC=0.9972913310815656, train_AP=0.9962931146209763, time=0.4942362308502197
INFO - 11/06/25 18:10:05 - 0:20:13 - Epoch 206: val_AUC=0.9626011270184676, val_AP=0.9607144604710076
INFO - 11/06/25 18:10:06 - 0:20:14 - Epoch 207: train_loss=0.7021836042404175, train_AUC=0.9973958280790655, train_AP=0.9962699573393972, time=0.4657559394836426
INFO - 11/06/25 18:10:06 - 0:20:14 - Epoch 207: val_AUC=0.9625656938706357, val_AP=0.9606971837291012
INFO - 11/06/25 18:10:06 - 0:20:14 - Epoch 208: train_loss=0.7021481394767761, train_AUC=0.997384062334908, train_AP=0.9963339924187846, time=0.4606916904449463
INFO - 11/06/25 18:10:06 - 0:20:15 - Epoch 208: val_AUC=0.9625397299261036, val_AP=0.9606956653398198
INFO - 11/06/25 18:10:07 - 0:20:15 - Epoch 209: train_loss=0.6993565559387207, train_AUC=0.9974502743881789, train_AP=0.996412080797755, time=0.4578518867492676
INFO - 11/06/25 18:10:07 - 0:20:15 - Epoch 209: val_AUC=0.9624714091151976, val_AP=0.9606301292600292
INFO - 11/06/25 18:10:08 - 0:20:16 - Epoch 210: train_loss=0.6991475820541382, train_AUC=0.9974608407502884, train_AP=0.9963109313638279, time=0.5103962421417236
INFO - 11/06/25 18:10:08 - 0:20:16 - Epoch 210: val_AUC=0.9623917863519661, val_AP=0.9605445655295135
INFO - 11/06/25 18:10:08 - 0:20:16 - Epoch 211: train_loss=0.6988909244537354, train_AUC=0.9973817886165176, train_AP=0.9962911966988676, time=0.4503512382507324
INFO - 11/06/25 18:10:08 - 0:20:17 - Epoch 211: val_AUC=0.9623351747709471, val_AP=0.9605268356215066
INFO - 11/06/25 18:10:09 - 0:20:17 - Epoch 212: train_loss=0.6983599662780762, train_AUC=0.9974038510819746, train_AP=0.9964357945374287, time=0.44007420539855957
INFO - 11/06/25 18:10:09 - 0:20:17 - Epoch 212: val_AUC=0.9622685848896767, val_AP=0.9604937652135404
INFO - 11/06/25 18:10:10 - 0:20:18 - Epoch 213: train_loss=0.6971662044525146, train_AUC=0.9975893773443569, train_AP=0.9965074660481075, time=0.45954275131225586
INFO - 11/06/25 18:10:10 - 0:20:18 - Epoch 213: val_AUC=0.9621991440654774, val_AP=0.9603825717821728
INFO - 11/06/25 18:10:10 - 0:20:18 - Epoch 214: train_loss=0.6950771808624268, train_AUC=0.9977745761983358, train_AP=0.9968940045896326, time=0.4815347194671631
INFO - 11/06/25 18:10:10 - 0:20:19 - Epoch 214: val_AUC=0.9621199285798068, val_AP=0.9603600008718909
INFO - 11/06/25 18:10:11 - 0:20:19 - Epoch 215: train_loss=0.6943929195404053, train_AUC=0.997816106166681, train_AP=0.996879605600646, time=0.44856810569763184
INFO - 11/06/25 18:10:11 - 0:20:19 - Epoch 215: val_AUC=0.9621109684734586, val_AP=0.9603760101852677
INFO - 11/06/25 18:10:12 - 0:20:20 - Epoch 216: train_loss=0.693359911441803, train_AUC=0.9976203629656816, train_AP=0.9966052570025582, time=0.4802389144897461
INFO - 11/06/25 18:10:12 - 0:20:20 - Epoch 216: val_AUC=0.96203236390413, val_AP=0.9602878502450908
INFO - 11/06/25 18:10:12 - 0:20:20 - Epoch 217: train_loss=0.6934714913368225, train_AUC=0.9976815155992623, train_AP=0.996704865531271, time=0.49403953552246094
INFO - 11/06/25 18:10:12 - 0:20:21 - Epoch 217: val_AUC=0.9619437810345504, val_AP=0.9602161899641339
INFO - 11/06/25 18:10:13 - 0:20:21 - Epoch 218: train_loss=0.6925787925720215, train_AUC=0.9977081020774455, train_AP=0.9968215446444928, time=0.4786856174468994
INFO - 11/06/25 18:10:13 - 0:20:21 - Epoch 218: val_AUC=0.9619327845403954, val_AP=0.9602513169754953
INFO - 11/06/25 18:10:14 - 0:20:22 - Epoch 219: train_loss=0.6913481950759888, train_AUC=0.9978359621918595, train_AP=0.9969593988106888, time=0.4722740650177002
INFO - 11/06/25 18:10:14 - 0:20:22 - Epoch 219: val_AUC=0.9619036641947635, val_AP=0.9602019908302541
INFO - 11/06/25 18:10:14 - 0:20:22 - Epoch 220: train_loss=0.6922804713249207, train_AUC=0.9975595414390394, train_AP=0.9965496115739447, time=0.49288058280944824
INFO - 11/06/25 18:10:14 - 0:20:23 - Epoch 220: val_AUC=0.9618661946591249, val_AP=0.9601492570404657
INFO - 11/06/25 18:10:15 - 0:20:23 - Epoch 221: train_loss=0.6897305250167847, train_AUC=0.9977685766462854, train_AP=0.9967928457792454, time=0.45673274993896484
INFO - 11/06/25 18:10:15 - 0:20:23 - Epoch 221: val_AUC=0.9618476635300864, val_AP=0.9601822955703693
INFO - 11/06/25 18:10:16 - 0:20:24 - Epoch 222: train_loss=0.689579963684082, train_AUC=0.9979018507113828, train_AP=0.9970264162516892, time=0.4415740966796875
INFO - 11/06/25 18:10:16 - 0:20:24 - Epoch 222: val_AUC=0.9617849427856483, val_AP=0.9601519558587501
INFO - 11/06/25 18:10:16 - 0:20:24 - Epoch 223: train_loss=0.6880637407302856, train_AUC=0.997879764821871, train_AP=0.9970127434858344, time=0.47947263717651367
INFO - 11/06/25 18:10:16 - 0:20:25 - Epoch 223: val_AUC=0.9617303675924356, val_AP=0.9601262642937108
INFO - 11/06/25 18:10:17 - 0:20:25 - Epoch 224: train_loss=0.6869816780090332, train_AUC=0.9979398665431639, train_AP=0.9970755934599869, time=0.5052359104156494
INFO - 11/06/25 18:10:17 - 0:20:25 - Epoch 224: val_AUC=0.961759895215629, val_AP=0.96022194652568
INFO - 11/06/25 18:10:18 - 0:20:26 - Epoch 225: train_loss=0.6876366138458252, train_AUC=0.9978879657066992, train_AP=0.9970717796227422, time=0.4757397174835205
INFO - 11/06/25 18:10:18 - 0:20:26 - Epoch 225: val_AUC=0.9617137710318133, val_AP=0.9602228560755843
INFO - 11/06/25 18:10:18 - 0:20:26 - Epoch 226: train_loss=0.6870567798614502, train_AUC=0.9978694522497074, train_AP=0.9970761976848797, time=0.4770987033843994
INFO - 11/06/25 18:10:18 - 0:20:27 - Epoch 226: val_AUC=0.961544445385708, val_AP=0.9599910692865786
INFO - 11/06/25 18:10:19 - 0:20:27 - Epoch 227: train_loss=0.6858956813812256, train_AUC=0.9978480600996796, train_AP=0.9970204185501047, time=0.4889523983001709
INFO - 11/06/25 18:10:19 - 0:20:27 - Epoch 227: val_AUC=0.9614737827288249, val_AP=0.9599351399768115
INFO - 11/06/25 18:10:20 - 0:20:28 - Epoch 228: train_loss=0.6842716932296753, train_AUC=0.9978599186594523, train_AP=0.9969088247346848, time=0.45616841316223145
INFO - 11/06/25 18:10:20 - 0:20:28 - Epoch 228: val_AUC=0.9612874532445361, val_AP=0.9598191306178373
INFO - 11/06/25 18:10:20 - 0:20:28 - Epoch 229: train_loss=0.6853318214416504, train_AUC=0.9979691321696164, train_AP=0.9971275570392153, time=0.46727585792541504
INFO - 11/06/25 18:10:20 - 0:20:29 - Epoch 229: val_AUC=0.9611970376259302, val_AP=0.9597070140189388
INFO - 11/06/25 18:10:21 - 0:20:29 - Epoch 230: train_loss=0.6843222379684448, train_AUC=0.9978858466222938, train_AP=0.9970044472749177, time=0.485492467880249
INFO - 11/06/25 18:10:21 - 0:20:29 - Epoch 230: val_AUC=0.9610555086733829, val_AP=0.9595834485479899
INFO - 11/06/25 18:10:22 - 0:20:30 - Epoch 231: train_loss=0.6837173700332642, train_AUC=0.9979923154672838, train_AP=0.9971303530915626, time=0.4955101013183594
INFO - 11/06/25 18:10:22 - 0:20:30 - Epoch 231: val_AUC=0.960988715153332, val_AP=0.959600386318217
INFO - 11/06/25 18:10:22 - 0:20:30 - Epoch 232: train_loss=0.6834545135498047, train_AUC=0.997956381558438, train_AP=0.9971044654487101, time=0.46257734298706055
INFO - 11/06/25 18:10:22 - 0:20:31 - Epoch 232: val_AUC=0.9607117664116566, val_AP=0.9593156101905014
INFO - 11/06/25 18:10:23 - 0:20:31 - Epoch 233: train_loss=0.6829266548156738, train_AUC=0.9979712584749709, train_AP=0.9971741721405253, time=0.4161238670349121
INFO - 11/06/25 18:10:23 - 0:20:31 - Epoch 233: val_AUC=0.9605716629305738, val_AP=0.9591692656746951
INFO - 11/06/25 18:10:24 - 0:20:32 - Epoch 234: train_loss=0.6824060678482056, train_AUC=0.9980171143202415, train_AP=0.9971723108447156, time=0.4723520278930664
INFO - 11/06/25 18:10:24 - 0:20:32 - Epoch 234: val_AUC=0.9606895697845667, val_AP=0.9592821255432789
INFO - 11/06/25 18:10:24 - 0:20:32 - Epoch 235: train_loss=0.6819170713424683, train_AUC=0.9980591280921823, train_AP=0.9973627100561404, time=0.47539615631103516
INFO - 11/06/25 18:10:24 - 0:20:33 - Epoch 235: val_AUC=0.9606820351496825, val_AP=0.9593284981037706
INFO - 11/06/25 18:10:25 - 0:20:33 - Epoch 236: train_loss=0.6814671754837036, train_AUC=0.9979557700673264, train_AP=0.9972115250392936, time=0.5111267566680908
INFO - 11/06/25 18:10:25 - 0:20:33 - Epoch 236: val_AUC=0.9608091057488042, val_AP=0.9593938710528952
INFO - 11/06/25 18:10:26 - 0:20:34 - Epoch 237: train_loss=0.6793637275695801, train_AUC=0.9978990778668949, train_AP=0.9968418629457639, time=0.44743990898132324
INFO - 11/06/25 18:10:26 - 0:20:34 - Epoch 237: val_AUC=0.9606518966101473, val_AP=0.9593076671955635
INFO - 11/06/25 18:10:26 - 0:20:34 - Epoch 238: train_loss=0.6797729730606079, train_AUC=0.9980980472470946, train_AP=0.9973930154905922, time=0.43673014640808105
INFO - 11/06/25 18:10:26 - 0:20:35 - Epoch 238: val_AUC=0.9607376285367983, val_AP=0.9593479761084405
INFO - 11/06/25 18:10:27 - 0:20:35 - Epoch 239: train_loss=0.678676426410675, train_AUC=0.9979740344896316, train_AP=0.9971654563631497, time=0.47368669509887695
INFO - 11/06/25 18:10:27 - 0:20:35 - Epoch 239: val_AUC=0.9606142234357284, val_AP=0.9592514621862661
INFO - 11/06/25 18:10:28 - 0:20:36 - Epoch 240: train_loss=0.6779264211654663, train_AUC=0.9980628988366238, train_AP=0.9971398903068994, time=0.46065640449523926
INFO - 11/06/25 18:10:28 - 0:20:36 - Epoch 240: val_AUC=0.9606983262521342, val_AP=0.9593541117601541
INFO - 11/06/25 18:10:28 - 0:20:36 - Epoch 241: train_loss=0.6763436794281006, train_AUC=0.9981736313879278, train_AP=0.9975268834953998, time=0.44411635398864746
INFO - 11/06/25 18:10:28 - 0:20:37 - Epoch 241: val_AUC=0.9605877503942447, val_AP=0.9592564626627406
INFO - 11/06/25 18:10:29 - 0:20:37 - Epoch 242: train_loss=0.6768567562103271, train_AUC=0.9980910987566486, train_AP=0.9970683571661214, time=0.4792342185974121
INFO - 11/06/25 18:10:29 - 0:20:37 - Epoch 242: val_AUC=0.9605374516154257, val_AP=0.9592227833364404
INFO - 11/06/25 18:10:30 - 0:20:38 - Epoch 243: train_loss=0.6759848594665527, train_AUC=0.9980320777120439, train_AP=0.9970707057214051, time=0.48752856254577637
INFO - 11/06/25 18:10:30 - 0:20:38 - Epoch 243: val_AUC=0.960511589490284, val_AP=0.9592120315747958
INFO - 11/06/25 18:10:30 - 0:20:38 - Epoch 244: train_loss=0.6759005784988403, train_AUC=0.9980839235988465, train_AP=0.9972906864988448, time=0.49005818367004395
INFO - 11/06/25 18:10:30 - 0:20:39 - Epoch 244: val_AUC=0.9605382661705483, val_AP=0.9592249994366082
INFO - 11/06/25 18:10:31 - 0:20:39 - Epoch 245: train_loss=0.6748603582382202, train_AUC=0.998223100173482, train_AP=0.9975894602367052, time=0.4702291488647461
INFO - 11/06/25 18:10:31 - 0:20:39 - Epoch 245: val_AUC=0.9603185399262338, val_AP=0.9590510128904366
INFO - 11/06/25 18:10:32 - 0:20:40 - Epoch 246: train_loss=0.6734058856964111, train_AUC=0.9982224273923627, train_AP=0.9973019868843933, time=0.4511299133300781
INFO - 11/06/25 18:10:32 - 0:20:40 - Epoch 246: val_AUC=0.9603747442296917, val_AP=0.9590707879140217
INFO - 11/06/25 18:10:32 - 0:20:40 - Epoch 247: train_loss=0.6740834712982178, train_AUC=0.9981094574035347, train_AP=0.9973212933136887, time=0.48149752616882324
INFO - 11/06/25 18:10:32 - 0:20:41 - Epoch 247: val_AUC=0.9600633805340876, val_AP=0.9588966329254854
INFO - 11/06/25 18:10:33 - 0:20:41 - Epoch 248: train_loss=0.6717681884765625, train_AUC=0.9983992136644175, train_AP=0.9976755040108547, time=0.482654333114624
INFO - 11/06/25 18:10:33 - 0:20:41 - Epoch 248: val_AUC=0.9601851565249125, val_AP=0.9588821837640329
INFO - 11/06/25 18:10:34 - 0:20:42 - Epoch 249: train_loss=0.6724229454994202, train_AUC=0.9982043575834438, train_AP=0.9974083755462323, time=0.4937312602996826
INFO - 11/06/25 18:10:34 - 0:20:42 - Epoch 249: val_AUC=0.9598147375829218, val_AP=0.9587144710088442
INFO - 11/06/25 18:10:34 - 0:20:42 - Epoch 250: train_loss=0.673038125038147, train_AUC=0.9982786345563535, train_AP=0.9976413218024345, time=0.4508376121520996
INFO - 11/06/25 18:10:34 - 0:20:43 - Epoch 250: val_AUC=0.9599971979303785, val_AP=0.958722916332036
INFO - 11/06/25 18:10:35 - 0:20:43 - Epoch 251: train_loss=0.6704621911048889, train_AUC=0.9983232668910386, train_AP=0.9976556115813306, time=0.46344590187072754
INFO - 11/06/25 18:10:35 - 0:20:43 - Epoch 251: val_AUC=0.9597035508086902, val_AP=0.9586062153978291
INFO - 11/06/25 18:10:36 - 0:20:44 - Epoch 252: train_loss=0.6710824966430664, train_AUC=0.9983195398245337, train_AP=0.9977203312541006, time=0.48560452461242676
INFO - 11/06/25 18:10:36 - 0:20:44 - Epoch 252: val_AUC=0.9597208601050451, val_AP=0.9585451247461876
INFO - 11/06/25 18:10:36 - 0:20:44 - Epoch 253: train_loss=0.6698967218399048, train_AUC=0.9981976151542309, train_AP=0.997389091813703, time=0.5089812278747559
INFO - 11/06/25 18:10:36 - 0:20:45 - Epoch 253: val_AUC=0.959777471686064, val_AP=0.9585542274931171
INFO - 11/06/25 18:10:37 - 0:20:45 - Epoch 254: train_loss=0.6690387725830078, train_AUC=0.9983562370405449, train_AP=0.9977023529809677, time=0.45562052726745605
INFO - 11/06/25 18:10:37 - 0:20:45 - Epoch 254: val_AUC=0.9595257741531886, val_AP=0.958471285722085
INFO - 11/06/25 18:10:38 - 0:20:46 - Epoch 255: train_loss=0.66939377784729, train_AUC=0.9982466607217144, train_AP=0.9975590998387058, time=0.47103285789489746
INFO - 11/06/25 18:10:38 - 0:20:46 - Epoch 255: val_AUC=0.9596653685373197, val_AP=0.9584600440476894
INFO - 11/06/25 18:10:38 - 0:20:46 - Epoch 256: train_loss=0.6685948371887207, train_AUC=0.9982741716575143, train_AP=0.9975802791463373, time=0.48006319999694824
INFO - 11/06/25 18:10:38 - 0:20:47 - Epoch 256: val_AUC=0.9595660946317559, val_AP=0.9584096314968465
INFO - 11/06/25 18:10:39 - 0:20:47 - Epoch 257: train_loss=0.6663376092910767, train_AUC=0.9983697541290614, train_AP=0.9977070271948516, time=0.49680519104003906
INFO - 11/06/25 18:10:39 - 0:20:47 - Epoch 257: val_AUC=0.9594789372336405, val_AP=0.9583923840409906
INFO - 11/06/25 18:10:40 - 0:20:48 - Epoch 258: train_loss=0.6667178869247437, train_AUC=0.9982892690771785, train_AP=0.9975175682002269, time=0.5034084320068359
INFO - 11/06/25 18:10:40 - 0:20:48 - Epoch 258: val_AUC=0.9595608000234594, val_AP=0.9583476641612146
INFO - 11/06/25 18:10:40 - 0:20:49 - Epoch 259: train_loss=0.6664736866950989, train_AUC=0.9982686053624151, train_AP=0.9976342302109253, time=0.49316835403442383
INFO - 11/06/25 18:10:41 - 0:20:49 - Epoch 259: val_AUC=0.9593097134069257, val_AP=0.958232030902921
INFO - 11/06/25 18:10:41 - 0:20:49 - Epoch 260: train_loss=0.666938304901123, train_AUC=0.9982813577348006, train_AP=0.9975692878874711, time=0.4983856678009033
INFO - 11/06/25 18:10:41 - 0:20:49 - Epoch 260: val_AUC=0.9594559260514277, val_AP=0.9582749073834007
INFO - 11/06/25 18:10:42 - 0:20:50 - Epoch 261: train_loss=0.665967583656311, train_AUC=0.9981934495471534, train_AP=0.9973571663453497, time=0.4732682704925537
INFO - 11/06/25 18:10:42 - 0:20:50 - Epoch 261: val_AUC=0.9591934356631783, val_AP=0.958153608790298
INFO - 11/06/25 18:10:42 - 0:20:51 - Epoch 262: train_loss=0.6643596887588501, train_AUC=0.9982840455129847, train_AP=0.9974922427887751, time=0.45629405975341797
INFO - 11/06/25 18:10:43 - 0:20:51 - Epoch 262: val_AUC=0.9592549345749324, val_AP=0.9580990216269761
INFO - 11/06/25 18:10:43 - 0:20:51 - Epoch 263: train_loss=0.6642323732376099, train_AUC=0.9982950683799795, train_AP=0.9975523080268477, time=0.46688270568847656
INFO - 11/06/25 18:10:43 - 0:20:51 - Epoch 263: val_AUC=0.95917184995243, val_AP=0.9580459972881731
INFO - 11/06/25 18:10:44 - 0:20:52 - Epoch 264: train_loss=0.6641236543655396, train_AUC=0.998417071423999, train_AP=0.9978770464026555, time=0.45449090003967285
INFO - 11/06/25 18:10:44 - 0:20:52 - Epoch 264: val_AUC=0.9589865386620444, val_AP=0.9579214517681228
INFO - 11/06/25 18:10:44 - 0:20:52 - Epoch 265: train_loss=0.6628762483596802, train_AUC=0.9982743731396088, train_AP=0.997417158370634, time=0.5257093906402588
INFO - 11/06/25 18:10:44 - 0:20:53 - Epoch 265: val_AUC=0.9590439647981858, val_AP=0.957946357386905
INFO - 11/06/25 18:10:45 - 0:20:53 - Epoch 266: train_loss=0.6615912318229675, train_AUC=0.9984674505775131, train_AP=0.9977980214319084, time=0.4908106327056885
INFO - 11/06/25 18:10:45 - 0:20:53 - Epoch 266: val_AUC=0.9589800222210636, val_AP=0.9578975241282148
INFO - 11/06/25 18:10:46 - 0:20:54 - Epoch 267: train_loss=0.66170334815979, train_AUC=0.9984233281122888, train_AP=0.9976661566642877, time=0.47123289108276367
INFO - 11/06/25 18:10:46 - 0:20:54 - Epoch 267: val_AUC=0.9589859277457025, val_AP=0.957822565755877
INFO - 11/06/25 18:10:46 - 0:20:54 - Epoch 268: train_loss=0.662074089050293, train_AUC=0.9985475689460737, train_AP=0.9980751844554505, time=0.4684104919433594
INFO - 11/06/25 18:10:47 - 0:20:55 - Epoch 268: val_AUC=0.958746244900885, val_AP=0.9577529842910124
INFO - 11/06/25 18:10:47 - 0:20:55 - Epoch 269: train_loss=0.6593680381774902, train_AUC=0.998585469066547, train_AP=0.997979514960106, time=0.4872019290924072
INFO - 11/06/25 18:10:47 - 0:20:55 - Epoch 269: val_AUC=0.9588138529760587, val_AP=0.9576893163009814
INFO - 11/06/25 18:10:48 - 0:20:56 - Epoch 270: train_loss=0.6609370708465576, train_AUC=0.9982383460629064, train_AP=0.9973835350332607, time=0.4674346446990967
INFO - 11/06/25 18:10:48 - 0:20:56 - Epoch 270: val_AUC=0.9584998419763062, val_AP=0.957483404913723
INFO - 11/06/25 18:10:48 - 0:20:56 - Epoch 271: train_loss=0.6600742340087891, train_AUC=0.9983565406726521, train_AP=0.9975980227062704, time=0.47423434257507324
INFO - 11/06/25 18:10:49 - 0:20:57 - Epoch 271: val_AUC=0.9586480910086147, val_AP=0.9575043130652892
INFO - 11/06/25 18:10:49 - 0:20:57 - Epoch 272: train_loss=0.6601529121398926, train_AUC=0.9984060674019205, train_AP=0.9975754318156456, time=0.4758775234222412
INFO - 11/06/25 18:10:49 - 0:20:57 - Epoch 272: val_AUC=0.9587670160565107, val_AP=0.9578287037375842
INFO - 11/06/25 18:10:50 - 0:20:58 - Epoch 273: train_loss=0.6597490310668945, train_AUC=0.9983299027672211, train_AP=0.9976041492758595, time=0.49131226539611816
INFO - 11/06/25 18:10:50 - 0:20:58 - Epoch 273: val_AUC=0.9591836610017073, val_AP=0.9580171663523456
INFO - 11/06/25 18:10:50 - 0:20:58 - Epoch 274: train_loss=0.6589656472206116, train_AUC=0.9985592679404813, train_AP=0.9979942523650526, time=0.42823171615600586
INFO - 11/06/25 18:10:50 - 0:20:59 - Epoch 274: val_AUC=0.9591899738039074, val_AP=0.9581064166001516
INFO - 11/06/25 18:10:51 - 0:20:59 - Epoch 275: train_loss=0.6596153974533081, train_AUC=0.9984375708181382, train_AP=0.9977139258071643, time=0.49335217475891113
INFO - 11/06/25 18:10:51 - 0:20:59 - Epoch 275: val_AUC=0.9594510387206923, val_AP=0.9583766893508254
INFO - 11/06/25 18:10:52 - 0:21:00 - Epoch 276: train_loss=0.6600698828697205, train_AUC=0.9982962601888368, train_AP=0.9973814194326535, time=0.464785099029541
INFO - 11/06/25 18:10:52 - 0:21:00 - Epoch 276: val_AUC=0.959051295794289, val_AP=0.9579157864087795
INFO - 11/06/25 18:10:52 - 0:21:00 - Epoch 277: train_loss=0.6582083106040955, train_AUC=0.9985122769972227, train_AP=0.9979976507228968, time=0.4801919460296631
INFO - 11/06/25 18:10:52 - 0:21:01 - Epoch 277: val_AUC=0.9582292060368311, val_AP=0.9572443647493836
INFO - 11/06/25 18:10:53 - 0:21:01 - Epoch 278: train_loss=0.6574810147285461, train_AUC=0.9984997535817627, train_AP=0.9979332452434417, time=0.49419331550598145
INFO - 11/06/25 18:10:53 - 0:21:01 - Epoch 278: val_AUC=0.9579901341083554, val_AP=0.9568430301993398
INFO - 11/06/25 18:10:54 - 0:21:02 - Epoch 279: train_loss=0.6573739051818848, train_AUC=0.9986299055550005, train_AP=0.9980112788407685, time=0.4732968807220459
INFO - 11/06/25 18:10:54 - 0:21:02 - Epoch 279: val_AUC=0.9577213309179058, val_AP=0.9567231028154952
INFO - 11/06/25 18:10:54 - 0:21:03 - Epoch 280: train_loss=0.6590583324432373, train_AUC=0.9984958768126526, train_AP=0.9978418934758447, time=0.4866197109222412
INFO - 11/06/25 18:10:55 - 0:21:03 - Epoch 280: val_AUC=0.9576856941312931, val_AP=0.9566491932598645
INFO - 11/06/25 18:10:55 - 0:21:03 - Epoch 281: train_loss=0.6588473320007324, train_AUC=0.9984122793555494, train_AP=0.9975878522888133, time=0.43646788597106934
INFO - 11/06/25 18:10:55 - 0:21:03 - Epoch 281: val_AUC=0.9576897669069062, val_AP=0.9565607152403661
INFO - 11/06/25 18:10:56 - 0:21:04 - Epoch 282: train_loss=0.6591408252716064, train_AUC=0.99831625341205, train_AP=0.9975094444661187, time=0.4619748592376709
INFO - 11/06/25 18:10:56 - 0:21:04 - Epoch 282: val_AUC=0.9576099405048938, val_AP=0.9566559855848934
INFO - 11/06/25 18:10:56 - 0:21:05 - Epoch 283: train_loss=0.6582557559013367, train_AUC=0.9985946051523554, train_AP=0.9979725831838708, time=0.49364757537841797
INFO - 11/06/25 18:10:57 - 0:21:05 - Epoch 283: val_AUC=0.9576097368661132, val_AP=0.956709782249279
INFO - 11/06/25 18:10:57 - 0:21:05 - Epoch 284: train_loss=0.6594935655593872, train_AUC=0.9985224770282515, train_AP=0.9979262616843165, time=0.512883186340332
INFO - 11/06/25 18:10:57 - 0:21:05 - Epoch 284: val_AUC=0.9574584332520951, val_AP=0.9565718526440767
INFO - 11/06/25 18:10:58 - 0:21:06 - Epoch 285: train_loss=0.6585841178894043, train_AUC=0.9984173246855829, train_AP=0.9976591061654888, time=0.4796323776245117
INFO - 11/06/25 18:10:58 - 0:21:06 - Epoch 285: val_AUC=0.9571684516284585, val_AP=0.9563034043920522
INFO - 11/06/25 18:10:58 - 0:21:07 - Epoch 286: train_loss=0.6593011617660522, train_AUC=0.9984677001405617, train_AP=0.9977906837234375, time=0.4800536632537842
INFO - 11/06/25 18:10:59 - 0:21:07 - Epoch 286: val_AUC=0.9572996968225834, val_AP=0.9563655913362983
INFO - 11/06/25 18:10:59 - 0:21:07 - Epoch 287: train_loss=0.6581480503082275, train_AUC=0.9985722955895395, train_AP=0.9980165688753073, time=0.5126950740814209
INFO - 11/06/25 18:10:59 - 0:21:08 - Epoch 287: val_AUC=0.9573759595459342, val_AP=0.956417840054122
INFO - 11/06/25 18:11:00 - 0:21:08 - Epoch 288: train_loss=0.6574912071228027, train_AUC=0.9984851353865556, train_AP=0.9978324131213764, time=0.4739367961883545
INFO - 11/06/25 18:11:00 - 0:21:08 - Epoch 288: val_AUC=0.9570666322381369, val_AP=0.956167933368893
INFO - 11/06/25 18:11:01 - 0:21:09 - Epoch 289: train_loss=0.6565238237380981, train_AUC=0.9985147042928738, train_AP=0.99803566074275, time=0.48190760612487793
INFO - 11/06/25 18:11:01 - 0:21:09 - Epoch 289: val_AUC=0.957084756089614, val_AP=0.9561121880307655
INFO - 11/06/25 18:11:01 - 0:21:09 - Epoch 290: train_loss=0.6545937061309814, train_AUC=0.9986639334855024, train_AP=0.9981048060642009, time=0.5173227787017822
INFO - 11/06/25 18:11:01 - 0:21:10 - Epoch 290: val_AUC=0.9570503411356853, val_AP=0.9560769691585967
INFO - 11/06/25 18:11:02 - 0:21:10 - Epoch 291: train_loss=0.6549216508865356, train_AUC=0.9984680569611241, train_AP=0.9977501292359375, time=0.4503350257873535
INFO - 11/06/25 18:11:02 - 0:21:10 - Epoch 291: val_AUC=0.9570098170183373, val_AP=0.9560493950697925
INFO - 11/06/25 18:11:02 - 0:21:11 - Epoch 292: train_loss=0.6536667346954346, train_AUC=0.9986768433098042, train_AP=0.9981579923118138, time=0.431225061416626
INFO - 11/06/25 18:11:03 - 0:21:11 - Epoch 292: val_AUC=0.9570607267134981, val_AP=0.9560395884687685
INFO - 11/06/25 18:11:03 - 0:21:11 - Epoch 293: train_loss=0.6531850099563599, train_AUC=0.9985105883518371, train_AP=0.9978542286230736, time=0.49389004707336426
INFO - 11/06/25 18:11:03 - 0:21:11 - Epoch 293: val_AUC=0.9571813826910295, val_AP=0.9561138476324966
INFO - 11/06/25 18:11:04 - 0:21:12 - Epoch 294: train_loss=0.6526068449020386, train_AUC=0.9986475722236098, train_AP=0.9980251699296087, time=0.41654157638549805
INFO - 11/06/25 18:11:04 - 0:21:12 - Epoch 294: val_AUC=0.9572175285745936, val_AP=0.9560749863101382
INFO - 11/06/25 18:11:04 - 0:21:13 - Epoch 295: train_loss=0.6523290872573853, train_AUC=0.9985591161244277, train_AP=0.9980190597268523, time=0.49283337593078613
INFO - 11/06/25 18:11:05 - 0:21:13 - Epoch 295: val_AUC=0.9571792444838325, val_AP=0.9560595995470582
INFO - 11/06/25 18:11:05 - 0:21:13 - Epoch 296: train_loss=0.6523773074150085, train_AUC=0.9983891739032366, train_AP=0.9974431162799223, time=0.4785189628601074
INFO - 11/06/25 18:11:05 - 0:21:13 - Epoch 296: val_AUC=0.9571293529825751, val_AP=0.9560130590518576
INFO - 11/06/25 18:11:06 - 0:21:14 - Epoch 297: train_loss=0.6504180431365967, train_AUC=0.9986138632477171, train_AP=0.9981526158529107, time=0.4494025707244873
INFO - 11/06/25 18:11:06 - 0:21:14 - Epoch 297: val_AUC=0.9571973683353099, val_AP=0.9560108745330275
INFO - 11/06/25 18:11:06 - 0:21:15 - Epoch 298: train_loss=0.6500893235206604, train_AUC=0.9985742804699624, train_AP=0.9977716939520389, time=0.4720287322998047
INFO - 11/06/25 18:11:07 - 0:21:15 - Epoch 298: val_AUC=0.9571205965150075, val_AP=0.9560328475597291
INFO - 11/06/25 18:11:07 - 0:21:15 - Epoch 299: train_loss=0.6488053798675537, train_AUC=0.9986645687529102, train_AP=0.9979632919672399, time=0.47124266624450684
INFO - 11/06/25 18:11:07 - 0:21:15 - Epoch 299: val_AUC=0.9571580660506457, val_AP=0.9560588956849397
INFO - 11/06/25 18:11:08 - 0:21:16 - Epoch 300: train_loss=0.6502177119255066, train_AUC=0.9984244153054433, train_AP=0.9976365823955825, time=0.5059299468994141
INFO - 11/06/25 18:11:08 - 0:21:16 - Epoch 300: val_AUC=0.9570035042161373, val_AP=0.95602845211609
INFO - 11/06/25 18:11:08 - 0:21:16 - best_epoch=165
INFO - 11/06/25 18:11:08 - 0:21:16 - test_auc= 96.36%, test_ap= 96.17%
INFO - 11/06/25 18:11:08 - 0:21:16 - 
                                     train iters 4
INFO - 11/06/25 18:11:08 - 0:21:16 - --------------------------Training Start-------------------------
INFO - 11/06/25 18:11:10 - 0:21:19 - Epoch 0: train_loss=5.344822883605957, train_AUC=0.9961804688885101, train_AP=0.9960226935838359, time=2.423449754714966
INFO - 11/06/25 18:11:11 - 0:21:19 - Epoch 0: val_AUC=0.7428166420127984, val_AP=0.7955745282264916
INFO - 11/06/25 18:11:11 - 0:21:19 - Epoch 1: train_loss=2.7990729808807373, train_AUC=0.8625360666686385, train_AP=0.9072681874933886, time=0.48859691619873047
INFO - 11/06/25 18:11:11 - 0:21:19 - Epoch 1: val_AUC=0.6713773068201071, val_AP=0.7255239789465421
INFO - 11/06/25 18:11:12 - 0:21:20 - Epoch 2: train_loss=4.064060211181641, train_AUC=0.7244640681257006, train_AP=0.7934355396219532, time=0.46946048736572266
INFO - 11/06/25 18:11:12 - 0:21:20 - Epoch 2: val_AUC=0.6225938041679157, val_AP=0.6799468653873363
INFO - 11/06/25 18:11:12 - 0:21:21 - Epoch 3: train_loss=5.515702247619629, train_AUC=0.6214460730116892, train_AP=0.7038431225893012, time=0.47203898429870605
INFO - 11/06/25 18:11:13 - 0:21:21 - Epoch 3: val_AUC=0.636734582915195, val_AP=0.6893029833419864
INFO - 11/06/25 18:11:13 - 0:21:21 - Epoch 4: train_loss=4.9933013916015625, train_AUC=0.6391251195606019, train_AP=0.7122553858225975, time=0.5211212635040283
INFO - 11/06/25 18:11:13 - 0:21:22 - Epoch 4: val_AUC=0.6579458019458093, val_AP=0.709051692537386
INFO - 11/06/25 18:11:14 - 0:21:22 - Epoch 5: train_loss=4.9552764892578125, train_AUC=0.6485910690711505, train_AP=0.7229469974874121, time=0.4689755439758301
INFO - 11/06/25 18:11:14 - 0:21:22 - Epoch 5: val_AUC=0.6801333671102191, val_AP=0.7252230637794499
INFO - 11/06/25 18:11:15 - 0:21:23 - Epoch 6: train_loss=4.661479949951172, train_AUC=0.6689841632650383, train_AP=0.7396311147068126, time=0.48186683654785156
INFO - 11/06/25 18:11:15 - 0:21:23 - Epoch 6: val_AUC=0.7422842284208058, val_AP=0.7677389934675604
INFO - 11/06/25 18:11:15 - 0:21:23 - Epoch 7: train_loss=3.4098756313323975, train_AUC=0.7530742046380198, train_AP=0.7981525613074181, time=0.49913883209228516
INFO - 11/06/25 18:11:15 - 0:21:24 - Epoch 7: val_AUC=0.8182607374656257, val_AP=0.8191891275146995
INFO - 11/06/25 18:11:16 - 0:21:24 - Epoch 8: train_loss=2.501668930053711, train_AUC=0.8509957466312672, train_AP=0.8656091921306873, time=0.48950982093811035
INFO - 11/06/25 18:11:16 - 0:21:24 - Epoch 8: val_AUC=0.8413750627207444, val_AP=0.837481677636692
INFO - 11/06/25 18:11:17 - 0:21:25 - Epoch 9: train_loss=2.241100788116455, train_AUC=0.8779745691005303, train_AP=0.8844872186871293, time=0.45244336128234863
INFO - 11/06/25 18:11:17 - 0:21:25 - Epoch 9: val_AUC=0.8513555011794759, val_AP=0.8458929216695321
INFO - 11/06/25 18:11:17 - 0:21:25 - Epoch 10: train_loss=2.075319290161133, train_AUC=0.888795334584322, train_AP=0.8913958159248961, time=0.49567365646362305
INFO - 11/06/25 18:11:17 - 0:21:26 - Epoch 10: val_AUC=0.8566814698484275, val_AP=0.8498181708713108
INFO - 11/06/25 18:11:18 - 0:21:26 - Epoch 11: train_loss=1.9650192260742188, train_AUC=0.8951989945513718, train_AP=0.8968061256044566, time=0.4792592525482178
INFO - 11/06/25 18:11:18 - 0:21:26 - Epoch 11: val_AUC=0.861234629344837, val_AP=0.8526291382706714
INFO - 11/06/25 18:11:19 - 0:21:27 - Epoch 12: train_loss=1.871105670928955, train_AUC=0.8991760219617062, train_AP=0.8982970035366165, time=0.44176411628723145
INFO - 11/06/25 18:11:19 - 0:21:27 - Epoch 12: val_AUC=0.8667458074847841, val_AP=0.8562288498576207
INFO - 11/06/25 18:11:19 - 0:21:27 - Epoch 13: train_loss=1.7759177684783936, train_AUC=0.905678565959168, train_AP=0.9022652130420914, time=0.4764077663421631
INFO - 11/06/25 18:11:19 - 0:21:28 - Epoch 13: val_AUC=0.8725141814046842, val_AP=0.8600847253974335
INFO - 11/06/25 18:11:20 - 0:21:28 - Epoch 14: train_loss=1.6959247589111328, train_AUC=0.9104605914774867, train_AP=0.90445858837433, time=0.4920058250427246
INFO - 11/06/25 18:11:20 - 0:21:28 - Epoch 14: val_AUC=0.8776385476807985, val_AP=0.8635131788198874
INFO - 11/06/25 18:11:21 - 0:21:29 - Epoch 15: train_loss=1.6244161128997803, train_AUC=0.9155575134315854, train_AP=0.9072604277100096, time=0.4417257308959961
INFO - 11/06/25 18:11:21 - 0:21:29 - Epoch 15: val_AUC=0.8819531443456842, val_AP=0.8663761226732544
INFO - 11/06/25 18:11:21 - 0:21:29 - Epoch 16: train_loss=1.5684350728988647, train_AUC=0.918676551710264, train_AP=0.9083331558756651, time=0.4788522720336914
INFO - 11/06/25 18:11:22 - 0:21:30 - Epoch 16: val_AUC=0.8859266460529918, val_AP=0.8691803979508272
INFO - 11/06/25 18:11:22 - 0:21:30 - Epoch 17: train_loss=1.5163185596466064, train_AUC=0.922185037969822, train_AP=0.9109394980495281, time=0.4837191104888916
INFO - 11/06/25 18:11:22 - 0:21:30 - Epoch 17: val_AUC=0.8892693766372557, val_AP=0.8711563807508702
INFO - 11/06/25 18:11:23 - 0:21:31 - Epoch 18: train_loss=1.475696325302124, train_AUC=0.9249205270786243, train_AP=0.912560375134405, time=0.4435615539550781
INFO - 11/06/25 18:11:23 - 0:21:31 - Epoch 18: val_AUC=0.892107490323085, val_AP=0.8729304896274142
INFO - 11/06/25 18:11:23 - 0:21:32 - Epoch 19: train_loss=1.4471373558044434, train_AUC=0.9262743659341581, train_AP=0.9124884733856304, time=0.49973344802856445
INFO - 11/06/25 18:11:24 - 0:21:32 - Epoch 19: val_AUC=0.8947015429303131, val_AP=0.8748518526061064
INFO - 11/06/25 18:11:24 - 0:21:32 - Epoch 20: train_loss=1.420168399810791, train_AUC=0.9293243921924882, train_AP=0.9160937634498757, time=0.4206678867340088
INFO - 11/06/25 18:11:24 - 0:21:32 - Epoch 20: val_AUC=0.8967586000729842, val_AP=0.876649170885008
INFO - 11/06/25 18:11:25 - 0:21:33 - Epoch 21: train_loss=1.4059169292449951, train_AUC=0.9303293887539921, train_AP=0.9162656430213874, time=0.43004822731018066
INFO - 11/06/25 18:11:25 - 0:21:33 - Epoch 21: val_AUC=0.8985439012628863, val_AP=0.8783480837880032
INFO - 11/06/25 18:11:25 - 0:21:33 - Epoch 22: train_loss=1.3906426429748535, train_AUC=0.9320765757835701, train_AP=0.9172652530416228, time=0.4195899963378906
INFO - 11/06/25 18:11:25 - 0:21:34 - Epoch 22: val_AUC=0.900296823886666, val_AP=0.8802790397412835
INFO - 11/06/25 18:11:26 - 0:21:34 - Epoch 23: train_loss=1.3671486377716064, train_AUC=0.9343471925121454, train_AP=0.9199642968974003, time=0.49610424041748047
INFO - 11/06/25 18:11:26 - 0:21:34 - Epoch 23: val_AUC=0.9018432567868734, val_AP=0.8819744014976733
INFO - 11/06/25 18:11:27 - 0:21:35 - Epoch 24: train_loss=1.3449528217315674, train_AUC=0.9361127540394736, train_AP=0.9216138979548931, time=0.483292818069458
INFO - 11/06/25 18:11:27 - 0:21:35 - Epoch 24: val_AUC=0.9031281156733438, val_AP=0.8836181123087277
INFO - 11/06/25 18:11:27 - 0:21:35 - Epoch 25: train_loss=1.3257935047149658, train_AUC=0.9374002919007771, train_AP=0.9228386426275395, time=0.4487645626068115
INFO - 11/06/25 18:11:27 - 0:21:36 - Epoch 25: val_AUC=0.9043537156746472, val_AP=0.8852042490377823
INFO - 11/06/25 18:11:28 - 0:21:36 - Epoch 26: train_loss=1.3052525520324707, train_AUC=0.9392683009088809, train_AP=0.925143418823478, time=0.4776158332824707
INFO - 11/06/25 18:11:28 - 0:21:36 - Epoch 26: val_AUC=0.9054596778923225, val_AP=0.8868324129860372
INFO - 11/06/25 18:11:29 - 0:21:37 - Epoch 27: train_loss=1.2891566753387451, train_AUC=0.9404979931552108, train_AP=0.9265374955817762, time=0.4842500686645508
INFO - 11/06/25 18:11:29 - 0:21:37 - Epoch 27: val_AUC=0.906379106986928, val_AP=0.8883565813832341
INFO - 11/06/25 18:11:29 - 0:21:38 - Epoch 28: train_loss=1.2773936986923218, train_AUC=0.9410721787299248, train_AP=0.9267219709207546, time=0.4483015537261963
INFO - 11/06/25 18:11:30 - 0:21:38 - Epoch 28: val_AUC=0.9072392771963664, val_AP=0.8897182672666692
INFO - 11/06/25 18:11:30 - 0:21:38 - Epoch 29: train_loss=1.2650882005691528, train_AUC=0.941946300518789, train_AP=0.927204741739525, time=0.47780942916870117
INFO - 11/06/25 18:11:30 - 0:21:38 - Epoch 29: val_AUC=0.9080413085339312, val_AP=0.891004777517549
INFO - 11/06/25 18:11:31 - 0:21:39 - Epoch 30: train_loss=1.255199670791626, train_AUC=0.9431776611566226, train_AP=0.9297838736742513, time=0.48657703399658203
INFO - 11/06/25 18:11:31 - 0:21:39 - Epoch 30: val_AUC=0.9088120813186672, val_AP=0.8921859682193114
INFO - 11/06/25 18:11:31 - 0:21:40 - Epoch 31: train_loss=1.2498165369033813, train_AUC=0.9437728679711449, train_AP=0.9299461590393828, time=0.44663190841674805
INFO - 11/06/25 18:11:32 - 0:21:40 - Epoch 31: val_AUC=0.9094935584980908, val_AP=0.8932650193000408
INFO - 11/06/25 18:11:32 - 0:21:40 - Epoch 32: train_loss=1.2393147945404053, train_AUC=0.9453663167656289, train_AP=0.9315930113680762, time=0.4826943874359131
INFO - 11/06/25 18:11:32 - 0:21:40 - Epoch 32: val_AUC=0.9101291151324793, val_AP=0.8942235467108965
INFO - 11/06/25 18:11:33 - 0:21:41 - Epoch 33: train_loss=1.2298479080200195, train_AUC=0.9466656027590187, train_AP=0.9330686463121789, time=0.487654447555542
INFO - 11/06/25 18:11:33 - 0:21:41 - Epoch 33: val_AUC=0.9107887011429838, val_AP=0.8951833916864208
INFO - 11/06/25 18:11:33 - 0:21:42 - Epoch 34: train_loss=1.2265851497650146, train_AUC=0.9463588922378061, train_AP=0.9328985087875447, time=0.4514322280883789
INFO - 11/06/25 18:11:34 - 0:21:42 - Epoch 34: val_AUC=0.9114930876852299, val_AP=0.8961443311162478
INFO - 11/06/25 18:11:34 - 0:21:42 - Epoch 35: train_loss=1.2153000831604004, train_AUC=0.9484574488936299, train_AP=0.9356183266036096, time=0.47821617126464844
INFO - 11/06/25 18:11:34 - 0:21:43 - Epoch 35: val_AUC=0.9122066379726048, val_AP=0.8971002017513201
INFO - 11/06/25 18:11:35 - 0:21:43 - Epoch 36: train_loss=1.2076306343078613, train_AUC=0.9488951106238708, train_AP=0.9357241407917873, time=0.5005130767822266
INFO - 11/06/25 18:11:35 - 0:21:43 - Epoch 36: val_AUC=0.9129153009292447, val_AP=0.8980066453140967
INFO - 11/06/25 18:11:36 - 0:21:44 - Epoch 37: train_loss=1.1958227157592773, train_AUC=0.9508314525308581, train_AP=0.9382255953672543, time=0.46111273765563965
INFO - 11/06/25 18:11:36 - 0:21:44 - Epoch 37: val_AUC=0.913690350128374, val_AP=0.8989282392247187
INFO - 11/06/25 18:11:36 - 0:21:44 - Epoch 38: train_loss=1.1870272159576416, train_AUC=0.9510846936845456, train_AP=0.9378836724647184, time=0.48895788192749023
INFO - 11/06/25 18:11:36 - 0:21:45 - Epoch 38: val_AUC=0.9144894287036194, val_AP=0.8998805481465666
INFO - 11/06/25 18:11:37 - 0:21:45 - Epoch 39: train_loss=1.1812111139297485, train_AUC=0.9516364853346229, train_AP=0.938972010062729, time=0.4854278564453125
INFO - 11/06/25 18:11:37 - 0:21:45 - Epoch 39: val_AUC=0.915326587730845, val_AP=0.9008713228984803
INFO - 11/06/25 18:11:38 - 0:21:46 - Epoch 40: train_loss=1.1709225177764893, train_AUC=0.9531242710363734, train_AP=0.9401811367344769, time=0.4700779914855957
INFO - 11/06/25 18:11:38 - 0:21:46 - Epoch 40: val_AUC=0.9161865543015025, val_AP=0.9018744985496836
INFO - 11/06/25 18:11:38 - 0:21:46 - Epoch 41: train_loss=1.1646790504455566, train_AUC=0.9538022385584969, train_AP=0.9416204092203964, time=0.4746968746185303
INFO - 11/06/25 18:11:38 - 0:21:47 - Epoch 41: val_AUC=0.9170577210050959, val_AP=0.9029088920608273
INFO - 11/06/25 18:11:39 - 0:21:47 - Epoch 42: train_loss=1.1559946537017822, train_AUC=0.954912952457913, train_AP=0.9425659917060804, time=0.4765658378601074
INFO - 11/06/25 18:11:39 - 0:21:47 - Epoch 42: val_AUC=0.9178574104966832, val_AP=0.9038427684753032
INFO - 11/06/25 18:11:40 - 0:21:48 - Epoch 43: train_loss=1.151423692703247, train_AUC=0.9558968180564049, train_AP=0.9442515470082733, time=0.4869973659515381
INFO - 11/06/25 18:11:40 - 0:21:48 - Epoch 43: val_AUC=0.9186642273455929, val_AP=0.9047720291153957
INFO - 11/06/25 18:11:40 - 0:21:49 - Epoch 44: train_loss=1.1455702781677246, train_AUC=0.9562563064952271, train_AP=0.9444677924406526, time=0.46066713333129883
INFO - 11/06/25 18:11:41 - 0:21:49 - Epoch 44: val_AUC=0.9194857061867091, val_AP=0.9057590446566943
INFO - 11/06/25 18:11:41 - 0:21:49 - Epoch 45: train_loss=1.1396915912628174, train_AUC=0.9564281788232997, train_AP=0.9432453894063766, time=0.4831066131591797
INFO - 11/06/25 18:11:41 - 0:21:49 - Epoch 45: val_AUC=0.9202306168463034, val_AP=0.9066649091406143
INFO - 11/06/25 18:11:42 - 0:21:50 - Epoch 46: train_loss=1.1334445476531982, train_AUC=0.9578046558828979, train_AP=0.9455881286398236, time=0.4830477237701416
INFO - 11/06/25 18:11:42 - 0:21:50 - Epoch 46: val_AUC=0.9209613746106426, val_AP=0.9075448885872746
INFO - 11/06/25 18:11:42 - 0:21:51 - Epoch 47: train_loss=1.1263833045959473, train_AUC=0.9580117946223183, train_AP=0.9455135165297942, time=0.45714592933654785
INFO - 11/06/25 18:11:43 - 0:21:51 - Epoch 47: val_AUC=0.9216731939683823, val_AP=0.9084135365219816
INFO - 11/06/25 18:11:43 - 0:21:51 - Epoch 48: train_loss=1.1176323890686035, train_AUC=0.9593160334823678, train_AP=0.9474685734730804, time=0.4788951873779297
INFO - 11/06/25 18:11:43 - 0:21:51 - Epoch 48: val_AUC=0.9223995734989379, val_AP=0.9092883412456004
INFO - 11/06/25 18:11:44 - 0:21:52 - Epoch 49: train_loss=1.1137611865997314, train_AUC=0.9593335199794887, train_AP=0.947144343458819, time=0.4884932041168213
INFO - 11/06/25 18:11:44 - 0:21:52 - Epoch 49: val_AUC=0.9230874652999518, val_AP=0.9101281220524672
INFO - 11/06/25 18:11:44 - 0:21:53 - Epoch 50: train_loss=1.1062785387039185, train_AUC=0.9609987034444061, train_AP=0.9500016144563452, time=0.4534327983856201
INFO - 11/06/25 18:11:45 - 0:21:53 - Epoch 50: val_AUC=0.9237885936217075, val_AP=0.9109978109187489
INFO - 11/06/25 18:11:45 - 0:21:53 - Epoch 51: train_loss=1.1008331775665283, train_AUC=0.9610697552948396, train_AP=0.949604976598032, time=0.48037290573120117
INFO - 11/06/25 18:11:45 - 0:21:54 - Epoch 51: val_AUC=0.9244727181052796, val_AP=0.9118597071741277
INFO - 11/06/25 18:11:46 - 0:21:54 - Epoch 52: train_loss=1.095707893371582, train_AUC=0.9615035964384774, train_AP=0.9496061269702393, time=0.49109745025634766
INFO - 11/06/25 18:11:46 - 0:21:54 - Epoch 52: val_AUC=0.9250890308748972, val_AP=0.9125863713680633
INFO - 11/06/25 18:11:47 - 0:21:55 - Epoch 53: train_loss=1.0902048349380493, train_AUC=0.9620215313473844, train_AP=0.950980911932466, time=0.4577932357788086
INFO - 11/06/25 18:11:47 - 0:21:55 - Epoch 53: val_AUC=0.9257204129142828, val_AP=0.9133464626770162
INFO - 11/06/25 18:11:47 - 0:21:55 - Epoch 54: train_loss=1.0841178894042969, train_AUC=0.9631940187058906, train_AP=0.9524523242466563, time=0.4694349765777588
INFO - 11/06/25 18:11:47 - 0:21:56 - Epoch 54: val_AUC=0.9263432421248812, val_AP=0.9140820034845505
INFO - 11/06/25 18:11:48 - 0:21:56 - Epoch 55: train_loss=1.0786831378936768, train_AUC=0.9634368166058466, train_AP=0.9523507697643661, time=0.5009374618530273
INFO - 11/06/25 18:11:48 - 0:21:56 - Epoch 55: val_AUC=0.9269763550939019, val_AP=0.9148178596552907
INFO - 11/06/25 18:11:49 - 0:21:57 - Epoch 56: train_loss=1.0727838277816772, train_AUC=0.9638107756507193, train_AP=0.9523427555904483, time=0.4601724147796631
INFO - 11/06/25 18:11:49 - 0:21:57 - Epoch 56: val_AUC=0.927670966974677, val_AP=0.9156155624516491
INFO - 11/06/25 18:11:49 - 0:21:57 - Epoch 57: train_loss=1.067152976989746, train_AUC=0.9646246204781824, train_AP=0.9541280674438264, time=0.4610908031463623
INFO - 11/06/25 18:11:50 - 0:21:58 - Epoch 57: val_AUC=0.92832688748713, val_AP=0.9163711736790832
INFO - 11/06/25 18:11:50 - 0:21:58 - Epoch 58: train_loss=1.063813328742981, train_AUC=0.9646505767964587, train_AP=0.9540356786817509, time=0.5055341720581055
INFO - 11/06/25 18:11:50 - 0:21:58 - Epoch 58: val_AUC=0.9290149829269247, val_AP=0.9171580597816187
INFO - 11/06/25 18:11:51 - 0:21:59 - Epoch 59: train_loss=1.0562541484832764, train_AUC=0.9652236431240485, train_AP=0.954160117445101, time=0.4515359401702881
INFO - 11/06/25 18:11:51 - 0:21:59 - Epoch 59: val_AUC=0.9297091875301386, val_AP=0.9179912685948806
INFO - 11/06/25 18:11:51 - 0:22:00 - Epoch 60: train_loss=1.0517451763153076, train_AUC=0.9656734149144385, train_AP=0.9551528534529484, time=0.43776774406433105
INFO - 11/06/25 18:11:51 - 0:22:00 - Epoch 60: val_AUC=0.9304354652413038, val_AP=0.9188688824337121
INFO - 11/06/25 18:11:52 - 0:22:00 - Epoch 61: train_loss=1.048257827758789, train_AUC=0.9656427248236682, train_AP=0.9548104855371772, time=0.4465494155883789
INFO - 11/06/25 18:11:52 - 0:22:00 - Epoch 61: val_AUC=0.9311818013723626, val_AP=0.9197596158411454
INFO - 11/06/25 18:11:53 - 0:22:01 - Epoch 62: train_loss=1.0424467325210571, train_AUC=0.9660339803314136, train_AP=0.9550685735474166, time=0.48990917205810547
INFO - 11/06/25 18:11:53 - 0:22:01 - Epoch 62: val_AUC=0.9318811987644828, val_AP=0.9205731166902059
INFO - 11/06/25 18:11:53 - 0:22:01 - Epoch 63: train_loss=1.0367456674575806, train_AUC=0.9668324765910775, train_AP=0.9562636778888418, time=0.44196534156799316
INFO - 11/06/25 18:11:54 - 0:22:02 - Epoch 63: val_AUC=0.93266500443118, val_AP=0.921422846963977
INFO - 11/06/25 18:11:54 - 0:22:02 - Epoch 64: train_loss=1.031198501586914, train_AUC=0.9674058798375893, train_AP=0.9568749410693264, time=0.48204731941223145
INFO - 11/06/25 18:11:54 - 0:22:02 - Epoch 64: val_AUC=0.9333834420492902, val_AP=0.9222387829453615
INFO - 11/06/25 18:11:55 - 0:22:03 - Epoch 65: train_loss=1.027005910873413, train_AUC=0.9678167414552233, train_AP=0.9571751139694007, time=0.4762537479400635
INFO - 11/06/25 18:11:55 - 0:22:03 - Epoch 65: val_AUC=0.9340377334514982, val_AP=0.9229501341212436
INFO - 11/06/25 18:11:55 - 0:22:04 - Epoch 66: train_loss=1.0237205028533936, train_AUC=0.9680698131807861, train_AP=0.9578219683566223, time=0.4333670139312744
INFO - 11/06/25 18:11:56 - 0:22:04 - Epoch 66: val_AUC=0.9347154433134799, val_AP=0.9237384556788346
INFO - 11/06/25 18:11:56 - 0:22:04 - Epoch 67: train_loss=1.0181186199188232, train_AUC=0.96885295823084, train_AP=0.958452017453028, time=0.45976924896240234
INFO - 11/06/25 18:11:56 - 0:22:04 - Epoch 67: val_AUC=0.9353697347156877, val_AP=0.924504536503859
INFO - 11/06/25 18:11:57 - 0:22:05 - Epoch 68: train_loss=1.0157604217529297, train_AUC=0.9688813300446796, train_AP=0.9587978036382356, time=0.4998660087585449
INFO - 11/06/25 18:11:57 - 0:22:05 - Epoch 68: val_AUC=0.9360321716691211, val_AP=0.9252733092464359
INFO - 11/06/25 18:11:57 - 0:22:06 - Epoch 69: train_loss=1.0127404928207397, train_AUC=0.9689282781906053, train_AP=0.9584635752030555, time=0.4364652633666992
INFO - 11/06/25 18:11:58 - 0:22:06 - Epoch 69: val_AUC=0.9366347388210456, val_AP=0.9259580223977498
INFO - 11/06/25 18:11:58 - 0:22:06 - Epoch 70: train_loss=1.0052249431610107, train_AUC=0.9702327713689627, train_AP=0.9601012202687766, time=0.46718358993530273
INFO - 11/06/25 18:11:58 - 0:22:06 - Epoch 70: val_AUC=0.9372413787485826, val_AP=0.9266214085737339
INFO - 11/06/25 18:11:59 - 0:22:07 - Epoch 71: train_loss=1.0036900043487549, train_AUC=0.9698779532991783, train_AP=0.9594079295786374, time=0.4688222408294678
INFO - 11/06/25 18:11:59 - 0:22:07 - Epoch 71: val_AUC=0.9378687898317455, val_AP=0.9273000885113624
INFO - 11/06/25 18:11:59 - 0:22:08 - Epoch 72: train_loss=0.9983356595039368, train_AUC=0.9713537481745017, train_AP=0.9619067942816804, time=0.45249247550964355
INFO - 11/06/25 18:12:00 - 0:22:08 - Epoch 72: val_AUC=0.9384568986302441, val_AP=0.9279459847857051
INFO - 11/06/25 18:12:00 - 0:22:08 - Epoch 73: train_loss=0.9961944222450256, train_AUC=0.9709454346713273, train_AP=0.9608115491727623, time=0.41685962677001953
INFO - 11/06/25 18:12:00 - 0:22:08 - Epoch 73: val_AUC=0.9390250508282396, val_AP=0.9285818595342844
INFO - 11/06/25 18:12:01 - 0:22:09 - Epoch 74: train_loss=0.9890533685684204, train_AUC=0.9724425338124433, train_AP=0.9628325064318601, time=0.5075352191925049
INFO - 11/06/25 18:12:01 - 0:22:09 - Epoch 74: val_AUC=0.9395788464921999, val_AP=0.9291579622813342
INFO - 11/06/25 18:12:01 - 0:22:10 - Epoch 75: train_loss=0.9894899129867554, train_AUC=0.9714653532278125, train_AP=0.9613722676962241, time=0.43846964836120605
INFO - 11/06/25 18:12:02 - 0:22:10 - Epoch 75: val_AUC=0.9400933398714958, val_AP=0.929712190738816
INFO - 11/06/25 18:12:02 - 0:22:10 - Epoch 76: train_loss=0.9865338802337646, train_AUC=0.9724438917031318, train_AP=0.9634364175989688, time=0.48542189598083496
INFO - 11/06/25 18:12:02 - 0:22:10 - Epoch 76: val_AUC=0.9406145533305529, val_AP=0.9302822576917946
INFO - 11/06/25 18:12:03 - 0:22:11 - Epoch 77: train_loss=0.981387734413147, train_AUC=0.9730419365268056, train_AP=0.9638618095621294, time=0.49201416969299316
INFO - 11/06/25 18:12:03 - 0:22:11 - Epoch 77: val_AUC=0.9411263994057005, val_AP=0.9308753174636081
INFO - 11/06/25 18:12:03 - 0:22:12 - Epoch 78: train_loss=0.9776808023452759, train_AUC=0.9737011001688832, train_AP=0.9649506428182251, time=0.4537181854248047
INFO - 11/06/25 18:12:04 - 0:22:12 - Epoch 78: val_AUC=0.9416418091595093, val_AP=0.9315002209992145
INFO - 11/06/25 18:12:04 - 0:22:12 - Epoch 79: train_loss=0.9722561836242676, train_AUC=0.9746805505972488, train_AP=0.9659181296769833, time=0.4935472011566162
INFO - 11/06/25 18:12:04 - 0:22:13 - Epoch 79: val_AUC=0.9421535534152667, val_AP=0.9321752288374666
INFO - 11/06/25 18:12:05 - 0:22:13 - Epoch 80: train_loss=0.9688683748245239, train_AUC=0.9743915838855173, train_AP=0.9653374904251961, time=0.48177146911621094
INFO - 11/06/25 18:12:05 - 0:22:13 - Epoch 80: val_AUC=0.942690548879824, val_AP=0.9328551295412902
INFO - 11/06/25 18:12:06 - 0:22:14 - Epoch 81: train_loss=0.968838095664978, train_AUC=0.9748027896430222, train_AP=0.9659553462300037, time=0.46006131172180176
INFO - 11/06/25 18:12:06 - 0:22:14 - Epoch 81: val_AUC=0.9431444597218783, val_AP=0.9334255660650346
INFO - 11/06/25 18:12:06 - 0:22:14 - Epoch 82: train_loss=0.965714693069458, train_AUC=0.9749051089079196, train_AP=0.9663635175996825, time=0.48877811431884766
INFO - 11/06/25 18:12:06 - 0:22:15 - Epoch 82: val_AUC=0.9435613083058557, val_AP=0.9339566325957596
INFO - 11/06/25 18:12:07 - 0:22:15 - Epoch 83: train_loss=0.9615577459335327, train_AUC=0.975912184046065, train_AP=0.9672871289269401, time=0.49624037742614746
INFO - 11/06/25 18:12:07 - 0:22:15 - Epoch 83: val_AUC=0.9439924116044781, val_AP=0.9345390001193279
INFO - 11/06/25 18:12:08 - 0:22:16 - Epoch 84: train_loss=0.9565472602844238, train_AUC=0.9764556640313861, train_AP=0.9680863822599091, time=0.4398965835571289
INFO - 11/06/25 18:12:08 - 0:22:16 - Epoch 84: val_AUC=0.9443966345840554, val_AP=0.9350487990907115
INFO - 11/06/25 18:12:08 - 0:22:16 - Epoch 85: train_loss=0.9566487073898315, train_AUC=0.9763203487272379, train_AP=0.9680063552160764, time=0.4815042018890381
INFO - 11/06/25 18:12:08 - 0:22:17 - Epoch 85: val_AUC=0.9447975993431428, val_AP=0.9355501671848971
INFO - 11/06/25 18:12:09 - 0:22:17 - Epoch 86: train_loss=0.9525890350341797, train_AUC=0.9768242591438576, train_AP=0.9686525257699241, time=0.4639410972595215
INFO - 11/06/25 18:12:09 - 0:22:17 - Epoch 86: val_AUC=0.9451784038629463, val_AP=0.9360214942188853
INFO - 11/06/25 18:12:10 - 0:22:18 - Epoch 87: train_loss=0.9503376483917236, train_AUC=0.9771774359447281, train_AP=0.969105851037023, time=0.4443318843841553
INFO - 11/06/25 18:12:10 - 0:22:18 - Epoch 87: val_AUC=0.9455569683561624, val_AP=0.9364640353697596
INFO - 11/06/25 18:12:10 - 0:22:18 - Epoch 88: train_loss=0.947455108165741, train_AUC=0.9772872253696199, train_AP=0.9690330123966803, time=0.444324254989624
INFO - 11/06/25 18:12:10 - 0:22:19 - Epoch 88: val_AUC=0.9459577294764692, val_AP=0.9369757170334836
INFO - 11/06/25 18:12:11 - 0:22:19 - Epoch 89: train_loss=0.9454730749130249, train_AUC=0.9778972629570485, train_AP=0.9700883622520778, time=0.47833824157714844
INFO - 11/06/25 18:12:11 - 0:22:19 - Epoch 89: val_AUC=0.9463273338633372, val_AP=0.937431377531064
INFO - 11/06/25 18:12:12 - 0:22:20 - Epoch 90: train_loss=0.9410511255264282, train_AUC=0.9785656935426235, train_AP=0.9711051507006434, time=0.48255348205566406
INFO - 11/06/25 18:12:12 - 0:22:20 - Epoch 90: val_AUC=0.9467187275997342, val_AP=0.937938920312969
INFO - 11/06/25 18:12:12 - 0:22:21 - Epoch 91: train_loss=0.9383054971694946, train_AUC=0.9786529241938922, train_AP=0.9710239355304771, time=0.4555971622467041
INFO - 11/06/25 18:12:13 - 0:22:21 - Epoch 91: val_AUC=0.9470746881882991, val_AP=0.9383917041351745
INFO - 11/06/25 18:12:13 - 0:22:21 - Epoch 92: train_loss=0.9357820749282837, train_AUC=0.9791060139223732, train_AP=0.9717309470054358, time=0.48006176948547363
INFO - 11/06/25 18:12:13 - 0:22:21 - Epoch 92: val_AUC=0.9474516235712703, val_AP=0.9388653139817718
INFO - 11/06/25 18:12:14 - 0:22:22 - Epoch 93: train_loss=0.9329593181610107, train_AUC=0.9793762260678583, train_AP=0.9719966300417425, time=0.5026473999023438
INFO - 11/06/25 18:12:14 - 0:22:22 - Epoch 93: val_AUC=0.9478035113842225, val_AP=0.9393083559136615
INFO - 11/06/25 18:12:14 - 0:22:23 - Epoch 94: train_loss=0.9319343566894531, train_AUC=0.9792133911979952, train_AP=0.9713552013083593, time=0.4553995132446289
INFO - 11/06/25 18:12:15 - 0:22:23 - Epoch 94: val_AUC=0.9481669047882808, val_AP=0.9397507936388575
INFO - 11/06/25 18:12:15 - 0:22:23 - Epoch 95: train_loss=0.927034854888916, train_AUC=0.979975672460157, train_AP=0.9722536160698294, time=0.45031285285949707
INFO - 11/06/25 18:12:15 - 0:22:23 - Epoch 95: val_AUC=0.9484897740749912, val_AP=0.9401348286470431
INFO - 11/06/25 18:12:16 - 0:22:24 - Epoch 96: train_loss=0.9268611669540405, train_AUC=0.9798472225174788, train_AP=0.9723319986953171, time=0.4824857711791992
INFO - 11/06/25 18:12:16 - 0:22:24 - Epoch 96: val_AUC=0.9488037850747436, val_AP=0.9405259261167364
INFO - 11/06/25 18:12:16 - 0:22:25 - Epoch 97: train_loss=0.9257180690765381, train_AUC=0.9797698667784047, train_AP=0.9721903370122055, time=0.4904780387878418
INFO - 11/06/25 18:12:17 - 0:22:25 - Epoch 97: val_AUC=0.9491122978274186, val_AP=0.9409134817000849
INFO - 11/06/25 18:12:17 - 0:22:25 - Epoch 98: train_loss=0.9193012714385986, train_AUC=0.9814930240741739, train_AP=0.9750527105050417, time=0.48313045501708984
INFO - 11/06/25 18:12:17 - 0:22:25 - Epoch 98: val_AUC=0.9494171450820419, val_AP=0.9412693070814209
INFO - 11/06/25 18:12:18 - 0:22:26 - Epoch 99: train_loss=0.91865074634552, train_AUC=0.9810985173780871, train_AP=0.9744044794358381, time=0.45355749130249023
INFO - 11/06/25 18:12:18 - 0:22:26 - Epoch 99: val_AUC=0.9497169013671493, val_AP=0.9416300667257236
INFO - 11/06/25 18:12:18 - 0:22:27 - Epoch 100: train_loss=0.9162099361419678, train_AUC=0.9815851216451948, train_AP=0.9749968474546827, time=0.4895813465118408
INFO - 11/06/25 18:12:19 - 0:22:27 - Epoch 100: val_AUC=0.9499997556334632, val_AP=0.9419477244924153
INFO - 11/06/25 18:12:19 - 0:22:27 - Epoch 101: train_loss=0.9148603677749634, train_AUC=0.9814652394467878, train_AP=0.9746989741210187, time=0.4692685604095459
INFO - 11/06/25 18:12:19 - 0:22:28 - Epoch 101: val_AUC=0.95030562108199, val_AP=0.9422990724669721
INFO - 11/06/25 18:12:20 - 0:22:28 - Epoch 102: train_loss=0.9100195169448853, train_AUC=0.9821359159236807, train_AP=0.9756802336774718, time=0.4635608196258545
INFO - 11/06/25 18:12:20 - 0:22:28 - Epoch 102: val_AUC=0.9505837916563489, val_AP=0.9426102439013383
INFO - 11/06/25 18:12:21 - 0:22:29 - Epoch 103: train_loss=0.9104785919189453, train_AUC=0.9820633327036571, train_AP=0.9752776613979757, time=0.4752774238586426
INFO - 11/06/25 18:12:21 - 0:22:29 - Epoch 103: val_AUC=0.9508210308357987, val_AP=0.9428664264555682
INFO - 11/06/25 18:12:21 - 0:22:29 - Epoch 104: train_loss=0.9074161052703857, train_AUC=0.9820352463814914, train_AP=0.9753558369000537, time=0.48412656784057617
INFO - 11/06/25 18:12:21 - 0:22:30 - Epoch 104: val_AUC=0.9510871867220998, val_AP=0.9431592799073767
INFO - 11/06/25 18:12:22 - 0:22:30 - Epoch 105: train_loss=0.9058934450149536, train_AUC=0.9825125778931185, train_AP=0.9761852206540353, time=0.5017764568328857
INFO - 11/06/25 18:12:22 - 0:22:30 - Epoch 105: val_AUC=0.9513492698327882, val_AP=0.9434644909598253
INFO - 11/06/25 18:12:23 - 0:22:31 - Epoch 106: train_loss=0.9038823246955872, train_AUC=0.9825341681789471, train_AP=0.9760734989623171, time=0.4454832077026367
INFO - 11/06/25 18:12:23 - 0:22:31 - Epoch 106: val_AUC=0.9515744943241798, val_AP=0.9437028428406589
INFO - 11/06/25 18:12:23 - 0:22:31 - Epoch 107: train_loss=0.8988579511642456, train_AUC=0.9829893974218362, train_AP=0.9763212281084073, time=0.47765445709228516
INFO - 11/06/25 18:12:24 - 0:22:32 - Epoch 107: val_AUC=0.9518459448187778, val_AP=0.9440157433551393
INFO - 11/06/25 18:12:24 - 0:22:32 - Epoch 108: train_loss=0.8982852697372437, train_AUC=0.9832556558334601, train_AP=0.9771742442370845, time=0.5073261260986328
INFO - 11/06/25 18:12:24 - 0:22:32 - Epoch 108: val_AUC=0.9520550818464987, val_AP=0.9442479736055688
INFO - 11/06/25 18:12:25 - 0:22:33 - Epoch 109: train_loss=0.8953794836997986, train_AUC=0.9833258413461119, train_AP=0.9769462940622444, time=0.44739413261413574
INFO - 11/06/25 18:12:25 - 0:22:33 - Epoch 109: val_AUC=0.9522440586349359, val_AP=0.9444808067048751
INFO - 11/06/25 18:12:25 - 0:22:34 - Epoch 110: train_loss=0.8964009284973145, train_AUC=0.9827911878263877, train_AP=0.9762227953201015, time=0.47650647163391113
INFO - 11/06/25 18:12:26 - 0:22:34 - Epoch 110: val_AUC=0.9524399591419151, val_AP=0.9447013490485356
INFO - 11/06/25 18:12:26 - 0:22:34 - Epoch 111: train_loss=0.8923946619033813, train_AUC=0.9837615051629969, train_AP=0.9779610090099311, time=0.49157238006591797
INFO - 11/06/25 18:12:26 - 0:22:34 - Epoch 111: val_AUC=0.952622215850591, val_AP=0.9448754585204803
INFO - 11/06/25 18:12:27 - 0:22:35 - Epoch 112: train_loss=0.890914797782898, train_AUC=0.9837056711987946, train_AP=0.9775304424686276, time=0.4593992233276367
INFO - 11/06/25 18:12:27 - 0:22:35 - Epoch 112: val_AUC=0.9528097671675638, val_AP=0.9450851150483339
INFO - 11/06/25 18:12:27 - 0:22:36 - Epoch 113: train_loss=0.8904130458831787, train_AUC=0.9836483159038829, train_AP=0.9771322523837448, time=0.4861414432525635
INFO - 11/06/25 18:12:28 - 0:22:36 - Epoch 113: val_AUC=0.9529810273820849, val_AP=0.9452651305304111
INFO - 11/06/25 18:12:28 - 0:22:36 - Epoch 114: train_loss=0.8851407170295715, train_AUC=0.9847455342015095, train_AP=0.9791605618074756, time=0.4855227470397949
INFO - 11/06/25 18:12:28 - 0:22:37 - Epoch 114: val_AUC=0.9531565640109998, val_AP=0.9454576691353691
INFO - 11/06/25 18:12:29 - 0:22:37 - Epoch 115: train_loss=0.8864219188690186, train_AUC=0.9839749333491595, train_AP=0.9777587459842669, time=0.4542057514190674
INFO - 11/06/25 18:12:29 - 0:22:37 - Epoch 115: val_AUC=0.9533288424194243, val_AP=0.9456298248156166
INFO - 11/06/25 18:12:30 - 0:22:38 - Epoch 116: train_loss=0.8831236362457275, train_AUC=0.9846346468400996, train_AP=0.9789162449307256, time=0.4657633304595947
INFO - 11/06/25 18:12:30 - 0:22:38 - Epoch 116: val_AUC=0.9535090627402938, val_AP=0.9458372594119844
INFO - 11/06/25 18:12:30 - 0:22:38 - Epoch 117: train_loss=0.8797497749328613, train_AUC=0.9853523537112906, train_AP=0.9800930578969399, time=0.4324362277984619
INFO - 11/06/25 18:12:30 - 0:22:38 - Epoch 117: val_AUC=0.953686024840673, val_AP=0.9460200379296457
INFO - 11/06/25 18:12:31 - 0:22:39 - Epoch 118: train_loss=0.8794901371002197, train_AUC=0.9847078172465764, train_AP=0.9786343963684436, time=0.5029573440551758
INFO - 11/06/25 18:12:31 - 0:22:39 - Epoch 118: val_AUC=0.9538544341122651, val_AP=0.9461990622736332
INFO - 11/06/25 18:12:32 - 0:22:40 - Epoch 119: train_loss=0.8757140636444092, train_AUC=0.9858855154885852, train_AP=0.9807928269928397, time=0.4535801410675049
INFO - 11/06/25 18:12:32 - 0:22:40 - Epoch 119: val_AUC=0.9540254906880058, val_AP=0.9463791503182537
INFO - 11/06/25 18:12:32 - 0:22:40 - Epoch 120: train_loss=0.8744661211967468, train_AUC=0.9854096933314589, train_AP=0.9798962530245114, time=0.47974443435668945
INFO - 11/06/25 18:12:32 - 0:22:41 - Epoch 120: val_AUC=0.954212838366198, val_AP=0.946582870191857
INFO - 11/06/25 18:12:33 - 0:22:41 - Epoch 121: train_loss=0.8732045888900757, train_AUC=0.9854918902766612, train_AP=0.9797191536212347, time=0.4820065498352051
INFO - 11/06/25 18:12:33 - 0:22:41 - Epoch 121: val_AUC=0.9543700475048547, val_AP=0.9467745105185692
INFO - 11/06/25 18:12:34 - 0:22:42 - Epoch 122: train_loss=0.8707728385925293, train_AUC=0.9859212169180913, train_AP=0.9810032066036181, time=0.4581718444824219
INFO - 11/06/25 18:12:34 - 0:22:42 - Epoch 122: val_AUC=0.9545307185027825, val_AP=0.9469462814025299
INFO - 11/06/25 18:12:34 - 0:22:42 - Epoch 123: train_loss=0.8679060935974121, train_AUC=0.9860350622268572, train_AP=0.980531931558922, time=0.4999527931213379
INFO - 11/06/25 18:12:35 - 0:22:43 - Epoch 123: val_AUC=0.9547038114663295, val_AP=0.9471301820394676
INFO - 11/06/25 18:12:35 - 0:22:43 - Epoch 124: train_loss=0.8679461479187012, train_AUC=0.9859881963293039, train_AP=0.9805248258708333, time=0.4545612335205078
INFO - 11/06/25 18:12:35 - 0:22:43 - Epoch 124: val_AUC=0.9548742571257282, val_AP=0.9473232464414114
INFO - 11/06/25 18:12:36 - 0:22:44 - Epoch 125: train_loss=0.8656957745552063, train_AUC=0.98627341853858, train_AP=0.9811372164964118, time=0.49530029296875
INFO - 11/06/25 18:12:36 - 0:22:44 - Epoch 125: val_AUC=0.9550465355341526, val_AP=0.9475216060174294
INFO - 11/06/25 18:12:36 - 0:22:45 - Epoch 126: train_loss=0.8624608516693115, train_AUC=0.9864847239418022, train_AP=0.9812838163722143, time=0.4130067825317383
INFO - 11/06/25 18:12:37 - 0:22:45 - Epoch 126: val_AUC=0.95521657391599, val_AP=0.9477476664282392
INFO - 11/06/25 18:12:37 - 0:22:45 - Epoch 127: train_loss=0.8628947734832764, train_AUC=0.9861135060396892, train_AP=0.9807577567016958, time=0.49044179916381836
INFO - 11/06/25 18:12:37 - 0:22:45 - Epoch 127: val_AUC=0.9553517900663374, val_AP=0.9478928276089454
INFO - 11/06/25 18:12:38 - 0:22:46 - Epoch 128: train_loss=0.8583895564079285, train_AUC=0.9868716231037393, train_AP=0.9819164054688301, time=0.4760723114013672
INFO - 11/06/25 18:12:38 - 0:22:46 - Epoch 128: val_AUC=0.9555197920603683, val_AP=0.9481079131028883
INFO - 11/06/25 18:12:38 - 0:22:47 - Epoch 129: train_loss=0.8577594757080078, train_AUC=0.9867380980666274, train_AP=0.9814469436888745, time=0.42034149169921875
INFO - 11/06/25 18:12:39 - 0:22:47 - Epoch 129: val_AUC=0.9556796485031736, val_AP=0.9482814284243811
INFO - 11/06/25 18:12:39 - 0:22:47 - Epoch 130: train_loss=0.8553572297096252, train_AUC=0.9871803063530454, train_AP=0.9822534948523177, time=0.4793996810913086
INFO - 11/06/25 18:12:39 - 0:22:47 - Epoch 130: val_AUC=0.9558311557559722, val_AP=0.9484594624256197
INFO - 11/06/25 18:12:40 - 0:22:48 - Epoch 131: train_loss=0.8559300303459167, train_AUC=0.9870195377313743, train_AP=0.9821522650691418, time=0.4758574962615967
INFO - 11/06/25 18:12:40 - 0:22:48 - Epoch 131: val_AUC=0.9560266489853901, val_AP=0.9486823549822687
INFO - 11/06/25 18:12:40 - 0:22:49 - Epoch 132: train_loss=0.8524692058563232, train_AUC=0.9873357047019699, train_AP=0.982524208049559, time=0.4571092128753662
INFO - 11/06/25 18:12:41 - 0:22:49 - Epoch 132: val_AUC=0.9561703161451343, val_AP=0.9488495503566865
INFO - 11/06/25 18:12:41 - 0:22:49 - Epoch 133: train_loss=0.8494234085083008, train_AUC=0.9874785528650861, train_AP=0.9826207051658328, time=0.47991418838500977
INFO - 11/06/25 18:12:41 - 0:22:49 - Epoch 133: val_AUC=0.9563639766255263, val_AP=0.9490836860721761
INFO - 11/06/25 18:12:42 - 0:22:50 - Epoch 134: train_loss=0.8494919538497925, train_AUC=0.9875960614846592, train_AP=0.9832030457271044, time=0.4602532386779785
INFO - 11/06/25 18:12:42 - 0:22:50 - Epoch 134: val_AUC=0.9565644590050698, val_AP=0.9492885491145108
INFO - 11/06/25 18:12:42 - 0:22:51 - Epoch 135: train_loss=0.8461708426475525, train_AUC=0.9878210047952063, train_AP=0.9831904788762617, time=0.492983341217041
INFO - 11/06/25 18:12:43 - 0:22:51 - Epoch 135: val_AUC=0.956765755939736, val_AP=0.9495267611979258
INFO - 11/06/25 18:12:43 - 0:22:51 - Epoch 136: train_loss=0.8443235158920288, train_AUC=0.9881788588338221, train_AP=0.983788896379641, time=0.4697105884552002
INFO - 11/06/25 18:12:43 - 0:22:52 - Epoch 136: val_AUC=0.9569475035514604, val_AP=0.9497543622486097
INFO - 11/06/25 18:12:44 - 0:22:52 - Epoch 137: train_loss=0.8414372801780701, train_AUC=0.9884129056478457, train_AP=0.9840223404241519, time=0.4185323715209961
INFO - 11/06/25 18:12:44 - 0:22:52 - Epoch 137: val_AUC=0.9571480877503942, val_AP=0.9500055376491798
INFO - 11/06/25 18:12:44 - 0:22:53 - Epoch 138: train_loss=0.8403205275535583, train_AUC=0.9886476280609201, train_AP=0.9844681486836018, time=0.4729757308959961
INFO - 11/06/25 18:12:45 - 0:22:53 - Epoch 138: val_AUC=0.9573441918961539, val_AP=0.9502340870762634
INFO - 11/06/25 18:12:45 - 0:22:53 - Epoch 139: train_loss=0.8385587930679321, train_AUC=0.9886223903151485, train_AP=0.9843254607847272, time=0.5054976940155029
INFO - 11/06/25 18:12:45 - 0:22:53 - Epoch 139: val_AUC=0.9575170812209204, val_AP=0.9504362845089318
INFO - 11/06/25 18:12:46 - 0:22:54 - Epoch 140: train_loss=0.8379906415939331, train_AUC=0.9884900731138788, train_AP=0.9839197241449451, time=0.4128689765930176
INFO - 11/06/25 18:12:46 - 0:22:54 - Epoch 140: val_AUC=0.9577060580093576, val_AP=0.9506661189481765
INFO - 11/06/25 18:12:46 - 0:22:55 - Epoch 141: train_loss=0.8350759744644165, train_AUC=0.9889120962055078, train_AP=0.9846471832262088, time=0.46754002571105957
INFO - 11/06/25 18:12:47 - 0:22:55 - Epoch 141: val_AUC=0.9579127513717108, val_AP=0.950919971709035
INFO - 11/06/25 18:12:47 - 0:22:55 - Epoch 142: train_loss=0.8335412740707397, train_AUC=0.9889399158809156, train_AP=0.9849018182508891, time=0.4721701145172119
INFO - 11/06/25 18:12:47 - 0:22:55 - Epoch 142: val_AUC=0.9581141501257672, val_AP=0.95110705914475
INFO - 11/06/25 18:12:48 - 0:22:56 - Epoch 143: train_loss=0.8311055898666382, train_AUC=0.9890475194716523, train_AP=0.9848451085164258, time=0.4300687313079834
INFO - 11/06/25 18:12:48 - 0:22:56 - Epoch 143: val_AUC=0.9583104579103077, val_AP=0.9513648591643464
INFO - 11/06/25 18:12:48 - 0:22:56 - Epoch 144: train_loss=0.8286069631576538, train_AUC=0.9893976058823911, train_AP=0.9851214296381231, time=0.4348948001861572
INFO - 11/06/25 18:12:49 - 0:22:57 - Epoch 144: val_AUC=0.9584847727065386, val_AP=0.951558520779101
INFO - 11/06/25 18:12:49 - 0:22:57 - Epoch 145: train_loss=0.8254812359809875, train_AUC=0.9898142736715339, train_AP=0.9860887542256727, time=0.4377000331878662
INFO - 11/06/25 18:12:49 - 0:22:57 - Epoch 145: val_AUC=0.9586560329210599, val_AP=0.951778328550906
INFO - 11/06/25 18:12:50 - 0:22:58 - Epoch 146: train_loss=0.8258672952651978, train_AUC=0.989832066970935, train_AP=0.9858552169068324, time=0.475360631942749
INFO - 11/06/25 18:12:50 - 0:22:58 - Epoch 146: val_AUC=0.9588242385538714, val_AP=0.9519544522778802
INFO - 11/06/25 18:12:50 - 0:22:59 - Epoch 147: train_loss=0.8241349458694458, train_AUC=0.9896719234016702, train_AP=0.9859161677350037, time=0.5119798183441162
INFO - 11/06/25 18:12:51 - 0:22:59 - Epoch 147: val_AUC=0.9589914259927799, val_AP=0.9521742459393792
INFO - 11/06/25 18:12:51 - 0:22:59 - Epoch 148: train_loss=0.8246603012084961, train_AUC=0.9893475511432285, train_AP=0.9853695033358171, time=0.4498450756072998
INFO - 11/06/25 18:12:51 - 0:22:59 - Epoch 148: val_AUC=0.9591616680133978, val_AP=0.952376471080011
INFO - 11/06/25 18:12:52 - 0:23:00 - Epoch 149: train_loss=0.8186527490615845, train_AUC=0.9906480252469406, train_AP=0.9870567458964729, time=0.4857776165008545
INFO - 11/06/25 18:12:52 - 0:23:00 - Epoch 149: val_AUC=0.959349422969151, val_AP=0.9526415895287924
INFO - 11/06/25 18:12:52 - 0:23:00 - Epoch 150: train_loss=0.8181734681129456, train_AUC=0.9902665238325814, train_AP=0.9865434197092016, time=0.43914055824279785
INFO - 11/06/25 18:12:52 - 0:23:01 - Epoch 150: val_AUC=0.959528421457337, val_AP=0.9528793829286922
INFO - 11/06/25 18:12:53 - 0:23:01 - Epoch 151: train_loss=0.8173918724060059, train_AUC=0.9900464097519543, train_AP=0.9863936427522815, time=0.47132182121276855
INFO - 11/06/25 18:12:53 - 0:23:01 - Epoch 151: val_AUC=0.9597053835577161, val_AP=0.9531193374161263
INFO - 11/06/25 18:12:54 - 0:23:02 - Epoch 152: train_loss=0.8136405944824219, train_AUC=0.9908081284845625, train_AP=0.987355648482591, time=0.48364686965942383
INFO - 11/06/25 18:12:54 - 0:23:02 - Epoch 152: val_AUC=0.9598560762553922, val_AP=0.9532973715535362
INFO - 11/06/25 18:12:54 - 0:23:02 - Epoch 153: train_loss=0.8128163814544678, train_AUC=0.9906776880255985, train_AP=0.9871753267895803, time=0.42984890937805176
INFO - 11/06/25 18:12:54 - 0:23:03 - Epoch 153: val_AUC=0.9600375184089459, val_AP=0.9535452817031905
INFO - 11/06/25 18:12:55 - 0:23:03 - Epoch 154: train_loss=0.809573769569397, train_AUC=0.9908676278730206, train_AP=0.9873010955696596, time=0.44455671310424805
INFO - 11/06/25 18:12:55 - 0:23:03 - Epoch 154: val_AUC=0.960159701677332, val_AP=0.9537277752805968
INFO - 11/06/25 18:12:56 - 0:23:04 - Epoch 155: train_loss=0.8092566132545471, train_AUC=0.9910957920791466, train_AP=0.9876156036501479, time=0.4751467704772949
INFO - 11/06/25 18:12:56 - 0:23:04 - Epoch 155: val_AUC=0.9602982778675597, val_AP=0.9539377393979075
INFO - 11/06/25 18:12:56 - 0:23:04 - Epoch 156: train_loss=0.8070615530014038, train_AUC=0.9909319811482983, train_AP=0.9872125503450742, time=0.40415334701538086
INFO - 11/06/25 18:12:56 - 0:23:05 - Epoch 156: val_AUC=0.9603991808833687, val_AP=0.9541134871309637
INFO - 11/06/25 18:12:57 - 0:23:05 - Epoch 157: train_loss=0.8054220080375671, train_AUC=0.9914128872058937, train_AP=0.987873937733852, time=0.4888923168182373
INFO - 11/06/25 18:12:57 - 0:23:05 - Epoch 157: val_AUC=0.9604861346427036, val_AP=0.954110256268881
INFO - 11/06/25 18:12:58 - 0:23:06 - Epoch 158: train_loss=0.8035047054290771, train_AUC=0.9919095550104787, train_AP=0.9889083286638616, time=0.4165074825286865
INFO - 11/06/25 18:12:58 - 0:23:06 - Epoch 158: val_AUC=0.9605971177781544, val_AP=0.9542751278610874
INFO - 11/06/25 18:12:58 - 0:23:06 - Epoch 159: train_loss=0.8030262589454651, train_AUC=0.9914800226600572, train_AP=0.9882743308704154, time=0.4934360980987549
INFO - 11/06/25 18:12:58 - 0:23:07 - Epoch 159: val_AUC=0.9607152282709276, val_AP=0.954428437386314
INFO - 11/06/25 18:12:59 - 0:23:07 - Epoch 160: train_loss=0.800369381904602, train_AUC=0.9918866212758599, train_AP=0.9889233122313342, time=0.4752535820007324
INFO - 11/06/25 18:12:59 - 0:23:07 - Epoch 160: val_AUC=0.9608160294673461, val_AP=0.9545957572539154
INFO - 11/06/25 18:13:00 - 0:23:08 - Epoch 161: train_loss=0.7980103492736816, train_AUC=0.9919656387138506, train_AP=0.9887727075092698, time=0.4608635902404785
INFO - 11/06/25 18:13:00 - 0:23:08 - Epoch 161: val_AUC=0.960949209229887, val_AP=0.9548304180043699
INFO - 11/06/25 18:13:00 - 0:23:08 - Epoch 162: train_loss=0.7980308532714844, train_AUC=0.9918546234888039, train_AP=0.9888167608811841, time=0.4368133544921875
INFO - 11/06/25 18:13:00 - 0:23:09 - Epoch 162: val_AUC=0.9610660978899765, val_AP=0.9550348089903384
INFO - 11/06/25 18:13:01 - 0:23:09 - Epoch 163: train_loss=0.7957724332809448, train_AUC=0.9921179401561772, train_AP=0.9888991922953551, time=0.4707660675048828
INFO - 11/06/25 18:13:01 - 0:23:09 - Epoch 163: val_AUC=0.9611587535351692, val_AP=0.9552136039486923
INFO - 11/06/25 18:13:02 - 0:23:10 - Epoch 164: train_loss=0.7919886112213135, train_AUC=0.9922094855887663, train_AP=0.9890692173478085, time=0.4588468074798584
INFO - 11/06/25 18:13:02 - 0:23:10 - Epoch 164: val_AUC=0.9612098668691108, val_AP=0.9553327583221701
INFO - 11/06/25 18:13:02 - 0:23:10 - Epoch 165: train_loss=0.7908148765563965, train_AUC=0.9926150803165114, train_AP=0.9898279016592156, time=0.4662482738494873
INFO - 11/06/25 18:13:03 - 0:23:11 - Epoch 165: val_AUC=0.9612829731913617, val_AP=0.9554781021954787
INFO - 11/06/25 18:13:03 - 0:23:11 - Epoch 166: train_loss=0.7906366586685181, train_AUC=0.9927497929355836, train_AP=0.9900502562452498, time=0.44069910049438477
INFO - 11/06/25 18:13:03 - 0:23:11 - Epoch 166: val_AUC=0.9613416211601871, val_AP=0.9555993298038603
INFO - 11/06/25 18:13:04 - 0:23:12 - Epoch 167: train_loss=0.7891132235527039, train_AUC=0.9927986808750299, train_AP=0.9901326450639125, time=0.446422815322876
INFO - 11/06/25 18:13:04 - 0:23:12 - Epoch 167: val_AUC=0.9613980291024256, val_AP=0.955746178380657
INFO - 11/06/25 18:13:04 - 0:23:12 - Epoch 168: train_loss=0.7871487140655518, train_AUC=0.9926858621738935, train_AP=0.9898212528789958, time=0.4405369758605957
INFO - 11/06/25 18:13:04 - 0:23:13 - Epoch 168: val_AUC=0.9614444587444122, val_AP=0.9558656325065642
INFO - 11/06/25 18:13:05 - 0:23:13 - Epoch 169: train_loss=0.7868121862411499, train_AUC=0.9929110805849927, train_AP=0.9904612828995616, time=0.48855137825012207
INFO - 11/06/25 18:13:05 - 0:23:13 - Epoch 169: val_AUC=0.9614764300329733, val_AP=0.9559391099024259
INFO - 11/06/25 18:13:06 - 0:23:14 - Epoch 170: train_loss=0.7852507829666138, train_AUC=0.9926164061532305, train_AP=0.9896217179900135, time=0.47893524169921875
INFO - 11/06/25 18:13:06 - 0:23:14 - Epoch 170: val_AUC=0.961512474097147, val_AP=0.9560384026999682
INFO - 11/06/25 18:13:06 - 0:23:14 - Epoch 171: train_loss=0.7829389572143555, train_AUC=0.9932338207327972, train_AP=0.9906536880402829, time=0.4499695301055908
INFO - 11/06/25 18:13:07 - 0:23:15 - Epoch 171: val_AUC=0.961537114389605, val_AP=0.956144832708695
INFO - 11/06/25 18:13:07 - 0:23:15 - Epoch 172: train_loss=0.7814843654632568, train_AUC=0.9933370604045347, train_AP=0.9909393628969511, time=0.7316322326660156
INFO - 11/06/25 18:13:08 - 0:23:16 - Epoch 172: val_AUC=0.9615607364881597, val_AP=0.956177242945631
INFO - 11/06/25 18:13:09 - 0:23:17 - Epoch 173: train_loss=0.7798570990562439, train_AUC=0.9932695619655842, train_AP=0.9908431555074322, time=0.9275829792022705
INFO - 11/06/25 18:13:09 - 0:23:17 - Epoch 173: val_AUC=0.9615749912028048, val_AP=0.9562328298469719
INFO - 11/06/25 18:13:10 - 0:23:18 - Epoch 174: train_loss=0.7778135538101196, train_AUC=0.9931591043387115, train_AP=0.9905450313992754, time=0.8118367195129395
INFO - 11/06/25 18:13:10 - 0:23:19 - Epoch 174: val_AUC=0.9615540164083985, val_AP=0.9562372690287787
INFO - 11/06/25 18:13:11 - 0:23:19 - Epoch 175: train_loss=0.7769765853881836, train_AUC=0.9932833752891381, train_AP=0.9907732268020848, time=0.781599760055542
INFO - 11/06/25 18:13:12 - 0:23:20 - Epoch 175: val_AUC=0.9615955587196495, val_AP=0.9563600045389684
INFO - 11/06/25 18:13:13 - 0:23:21 - Epoch 176: train_loss=0.7748677730560303, train_AUC=0.9936869835513737, train_AP=0.991181370676638, time=0.9187943935394287
INFO - 11/06/25 18:13:13 - 0:23:21 - Epoch 176: val_AUC=0.9615996314952624, val_AP=0.9564340337127786
INFO - 11/06/25 18:13:14 - 0:23:22 - Epoch 177: train_loss=0.7736514806747437, train_AUC=0.9941011613458918, train_AP=0.991942349206799, time=1.211402416229248
INFO - 11/06/25 18:13:15 - 0:23:23 - Epoch 177: val_AUC=0.9615674565679211, val_AP=0.9564796499051433
INFO - 11/06/25 18:13:16 - 0:23:24 - Epoch 178: train_loss=0.7712921500205994, train_AUC=0.9938669817368513, train_AP=0.9914691648941713, time=1.0772428512573242
INFO - 11/06/25 18:13:16 - 0:23:24 - Epoch 178: val_AUC=0.9614855937781022, val_AP=0.9565032300060149
INFO - 11/06/25 18:13:17 - 0:23:25 - Epoch 179: train_loss=0.7711122035980225, train_AUC=0.9935978418142605, train_AP=0.9908362779992268, time=0.8462018966674805
INFO - 11/06/25 18:13:17 - 0:23:26 - Epoch 179: val_AUC=0.9614389604973348, val_AP=0.9564549745705789
INFO - 11/06/25 18:13:18 - 0:23:26 - Epoch 180: train_loss=0.7696082592010498, train_AUC=0.9938418464933341, train_AP=0.991435047616678, time=0.9531636238098145
INFO - 11/06/25 18:13:19 - 0:23:27 - Epoch 180: val_AUC=0.9613870326082709, val_AP=0.956421938266716
INFO - 11/06/25 18:13:19 - 0:23:27 - Epoch 181: train_loss=0.7678893804550171, train_AUC=0.9941108095907303, train_AP=0.9918564936757035, time=0.7091946601867676
INFO - 11/06/25 18:13:20 - 0:23:28 - Epoch 181: val_AUC=0.9613495630726323, val_AP=0.9563998037285883
INFO - 11/06/25 18:13:20 - 0:23:29 - Epoch 182: train_loss=0.7657959461212158, train_AUC=0.994273890325107, train_AP=0.9920302974480799, time=0.8508763313293457
INFO - 11/06/25 18:13:21 - 0:23:29 - Epoch 182: val_AUC=0.9612487618762138, val_AP=0.9563029521881726
INFO - 11/06/25 18:13:22 - 0:23:30 - Epoch 183: train_loss=0.7666603922843933, train_AUC=0.9940481863492054, train_AP=0.991614212169369, time=0.7946105003356934
INFO - 11/06/25 18:13:22 - 0:23:30 - Epoch 183: val_AUC=0.9612481509598718, val_AP=0.9563927253874882
INFO - 11/06/25 18:13:23 - 0:23:31 - Epoch 184: train_loss=0.7640801668167114, train_AUC=0.9945890028610007, train_AP=0.9927312430776437, time=0.6336338520050049
INFO - 11/06/25 18:13:23 - 0:23:31 - Epoch 184: val_AUC=0.9612043686220334, val_AP=0.9563068830467077
INFO - 11/06/25 18:13:24 - 0:23:32 - Epoch 185: train_loss=0.7620691061019897, train_AUC=0.9945816313286048, train_AP=0.9926676117944762, time=0.7681028842926025
INFO - 11/06/25 18:13:24 - 0:23:32 - Epoch 185: val_AUC=0.9611396114897888, val_AP=0.9562305369701012
INFO - 11/06/25 18:13:25 - 0:23:33 - Epoch 186: train_loss=0.7626426219940186, train_AUC=0.9944440822854678, train_AP=0.9923299507725855, time=0.7959294319152832
INFO - 11/06/25 18:13:26 - 0:23:34 - Epoch 186: val_AUC=0.9610899236273116, val_AP=0.956191342791943
INFO - 11/06/25 18:13:27 - 0:23:35 - Epoch 187: train_loss=0.7590568661689758, train_AUC=0.9945812556631263, train_AP=0.9923721954347469, time=0.9834117889404297
INFO - 11/06/25 18:13:27 - 0:23:35 - Epoch 187: val_AUC=0.9610265919665316, val_AP=0.955992933006439
INFO - 11/06/25 18:13:28 - 0:23:36 - Epoch 188: train_loss=0.7589516639709473, train_AUC=0.9945858252911169, train_AP=0.9923427928027686, time=0.975055456161499
INFO - 11/06/25 18:13:29 - 0:23:37 - Epoch 188: val_AUC=0.960989733347235, val_AP=0.9559505517634315
INFO - 11/06/25 18:13:30 - 0:23:38 - Epoch 189: train_loss=0.7589794397354126, train_AUC=0.9944276366617542, train_AP=0.9922814875863297, time=1.1827449798583984
INFO - 11/06/25 18:13:30 - 0:23:38 - Epoch 189: val_AUC=0.9609323072110936, val_AP=0.9558996606509285
INFO - 11/06/25 18:13:31 - 0:23:40 - Epoch 190: train_loss=0.757963240146637, train_AUC=0.9943698077782481, train_AP=0.9921275304808294, time=1.3024895191192627
INFO - 11/06/25 18:13:32 - 0:23:40 - Epoch 190: val_AUC=0.9609312890171904, val_AP=0.9558098855087402
INFO - 11/06/25 18:13:33 - 0:23:41 - Epoch 191: train_loss=0.7550340890884399, train_AUC=0.9945559701886417, train_AP=0.9921887212878373, time=0.8701150417327881
INFO - 11/06/25 18:13:33 - 0:23:41 - Epoch 191: val_AUC=0.9609019650327777, val_AP=0.9558241935040908
INFO - 11/06/25 18:13:34 - 0:23:42 - Epoch 192: train_loss=0.7544595003128052, train_AUC=0.9948228337510315, train_AP=0.9927815378066981, time=0.8485426902770996
INFO - 11/06/25 18:13:34 - 0:23:42 - Epoch 192: val_AUC=0.9608976886183842, val_AP=0.9558488418715949
INFO - 11/06/25 18:13:35 - 0:23:43 - Epoch 193: train_loss=0.7547351121902466, train_AUC=0.9947652334722096, train_AP=0.992726204997382, time=0.850714921951294
INFO - 11/06/25 18:13:35 - 0:23:44 - Epoch 193: val_AUC=0.9608736592422682, val_AP=0.9557937396627447
INFO - 11/06/25 18:13:36 - 0:23:44 - Epoch 194: train_loss=0.7532481551170349, train_AUC=0.9949370719851056, train_AP=0.9931051988713686, time=0.8721191883087158
INFO - 11/06/25 18:13:37 - 0:23:45 - Epoch 194: val_AUC=0.9609933988452865, val_AP=0.9559782665098266
INFO - 11/06/25 18:13:37 - 0:23:45 - Epoch 195: train_loss=0.751558244228363, train_AUC=0.9949634235182593, train_AP=0.9932009858589008, time=0.7604296207427979
INFO - 11/06/25 18:13:38 - 0:23:46 - Epoch 195: val_AUC=0.9610870726843825, val_AP=0.9561364392771201
INFO - 11/06/25 18:13:39 - 0:23:47 - Epoch 196: train_loss=0.751257061958313, train_AUC=0.994806327541793, train_AP=0.9927486656291918, time=0.8289294242858887
INFO - 11/06/25 18:13:39 - 0:23:47 - Epoch 196: val_AUC=0.9611529498299206, val_AP=0.9563425770825
INFO - 11/06/25 18:13:40 - 0:23:48 - Epoch 197: train_loss=0.7508840560913086, train_AUC=0.9949191791775024, train_AP=0.9929213971946699, time=1.3401095867156982
INFO - 11/06/25 18:13:41 - 0:23:49 - Epoch 197: val_AUC=0.9611619099362693, val_AP=0.9564731971404526
INFO - 11/06/25 18:13:41 - 0:23:49 - Epoch 198: train_loss=0.7497130036354065, train_AUC=0.9948316558136105, train_AP=0.9928930368399866, time=0.6153645515441895
INFO - 11/06/25 18:13:42 - 0:23:50 - Epoch 198: val_AUC=0.9611556989534595, val_AP=0.9565662527599166
INFO - 11/06/25 18:13:42 - 0:23:50 - Epoch 199: train_loss=0.74806147813797, train_AUC=0.9949706117089943, train_AP=0.9927297841778011, time=0.6017634868621826
INFO - 11/06/25 18:13:43 - 0:23:51 - Epoch 199: val_AUC=0.9610426794302024, val_AP=0.9568247256532858
INFO - 11/06/25 18:13:43 - 0:23:51 - Epoch 200: train_loss=0.7498445510864258, train_AUC=0.9950545383357079, train_AP=0.9931344132667662, time=0.6885790824890137
INFO - 11/06/25 18:13:44 - 0:23:52 - Epoch 200: val_AUC=0.9607484213921724, val_AP=0.9568235161188778
INFO - 11/06/25 18:13:44 - 0:23:53 - Epoch 201: train_loss=0.7590035796165466, train_AUC=0.9949044304768477, train_AP=0.9929562682338213, time=0.8288884162902832
INFO - 11/06/25 18:13:45 - 0:23:53 - Epoch 201: val_AUC=0.9599318298817917, val_AP=0.9556820257619436
INFO - 11/06/25 18:13:45 - 0:23:54 - Epoch 202: train_loss=0.7654292583465576, train_AUC=0.9947985525168461, train_AP=0.9928469657710722, time=0.7218732833862305
INFO - 11/06/25 18:13:46 - 0:23:54 - Epoch 202: val_AUC=0.9588657808651226, val_AP=0.954595834626826
INFO - 11/06/25 18:13:47 - 0:23:55 - Epoch 203: train_loss=0.7742442488670349, train_AUC=0.9946512293025617, train_AP=0.9927657959758607, time=0.9040451049804688
INFO - 11/06/25 18:13:47 - 0:23:55 - Epoch 203: val_AUC=0.9581935692502184, val_AP=0.9544659742049681
INFO - 11/06/25 18:13:48 - 0:23:56 - Epoch 204: train_loss=0.7752490639686584, train_AUC=0.995198607895961, train_AP=0.9934393889503775, time=1.2017745971679688
INFO - 11/06/25 18:13:49 - 0:23:57 - Epoch 204: val_AUC=0.9576384499341839, val_AP=0.9539968340547558
INFO - 11/06/25 18:13:50 - 0:23:58 - Epoch 205: train_loss=0.7775031328201294, train_AUC=0.9945429397216522, train_AP=0.9924808064112567, time=1.1324400901794434
INFO - 11/06/25 18:13:50 - 0:23:58 - Epoch 205: val_AUC=0.9573179224934509, val_AP=0.9536334500834994
INFO - 11/06/25 18:13:51 - 0:23:59 - Epoch 206: train_loss=0.7748745679855347, train_AUC=0.995073335875408, train_AP=0.9932342655671017, time=1.0732688903808594
INFO - 11/06/25 18:13:52 - 0:24:00 - Epoch 206: val_AUC=0.957264772771703, val_AP=0.9534999313912027
INFO - 11/06/25 18:13:53 - 0:24:01 - Epoch 207: train_loss=0.7740434408187866, train_AUC=0.9949416940970683, train_AP=0.9931485776215249, time=0.8678689002990723
INFO - 11/06/25 18:13:53 - 0:24:01 - Epoch 207: val_AUC=0.9572433906997354, val_AP=0.953361514545596
INFO - 11/06/25 18:13:54 - 0:24:02 - Epoch 208: train_loss=0.7736400365829468, train_AUC=0.99510493932819, train_AP=0.9935031779994707, time=0.9660758972167969
INFO - 11/06/25 18:13:54 - 0:24:02 - Epoch 208: val_AUC=0.9571865754799359, val_AP=0.9532464386664803
INFO - 11/06/25 18:13:55 - 0:24:04 - Epoch 209: train_loss=0.774183988571167, train_AUC=0.9951536900696019, train_AP=0.9933429111652595, time=1.0425403118133545
INFO - 11/06/25 18:13:56 - 0:24:04 - Epoch 209: val_AUC=0.9571267056784266, val_AP=0.9532706141308118
INFO - 11/06/25 18:13:57 - 0:24:05 - Epoch 210: train_loss=0.7713675498962402, train_AUC=0.9947519331882895, train_AP=0.9927495310785642, time=1.191068410873413
INFO - 11/06/25 18:13:57 - 0:24:05 - Epoch 210: val_AUC=0.957053395717395, val_AP=0.9533111959318173
INFO - 11/06/25 18:13:58 - 0:24:06 - Epoch 211: train_loss=0.7686566114425659, train_AUC=0.9951254304446557, train_AP=0.9933191628464961, time=0.75606369972229
INFO - 11/06/25 18:13:58 - 0:24:07 - Epoch 211: val_AUC=0.9568776554496995, val_AP=0.9532503270993719
INFO - 11/06/25 18:13:59 - 0:24:08 - Epoch 212: train_loss=0.767126739025116, train_AUC=0.9952654529270705, train_AP=0.9934735682384581, time=0.9705116748809814
INFO - 11/06/25 18:14:00 - 0:24:08 - Epoch 212: val_AUC=0.9568112692072098, val_AP=0.953283919165617
INFO - 11/06/25 18:14:01 - 0:24:09 - Epoch 213: train_loss=0.7643799185752869, train_AUC=0.9952789811111917, train_AP=0.993418970903853, time=0.7578017711639404
INFO - 11/06/25 18:14:01 - 0:24:09 - Epoch 213: val_AUC=0.9568965938562994, val_AP=0.9534146283502203
INFO - 11/06/25 18:14:02 - 0:24:10 - Epoch 214: train_loss=0.7626821994781494, train_AUC=0.9954027957328538, train_AP=0.9938197195233686, time=0.8627815246582031
INFO - 11/06/25 18:14:02 - 0:24:11 - Epoch 214: val_AUC=0.957078443287414, val_AP=0.9536332043994362
INFO - 11/06/25 18:14:04 - 0:24:12 - Epoch 215: train_loss=0.7621609568595886, train_AUC=0.9950622078643483, train_AP=0.9933646855550055, time=1.1777803897857666
INFO - 11/06/25 18:14:04 - 0:24:12 - Epoch 215: val_AUC=0.9572629400226773, val_AP=0.9538220726104981
INFO - 11/06/25 18:14:05 - 0:24:13 - Epoch 216: train_loss=0.7582330107688904, train_AUC=0.9953612816153726, train_AP=0.993531643995563, time=1.0603437423706055
INFO - 11/06/25 18:14:05 - 0:24:14 - Epoch 216: val_AUC=0.9574362366250049, val_AP=0.9540357475917433
INFO - 11/06/25 18:14:06 - 0:24:15 - Epoch 217: train_loss=0.7560715675354004, train_AUC=0.9953873471284901, train_AP=0.9936147858627391, time=1.0224082469940186
INFO - 11/06/25 18:14:07 - 0:24:15 - Epoch 217: val_AUC=0.9575502743421652, val_AP=0.9541798385718381
INFO - 11/06/25 18:14:08 - 0:24:16 - Epoch 218: train_loss=0.7544467449188232, train_AUC=0.9955266094739124, train_AP=0.9935337359799727, time=1.1860191822052002
INFO - 11/06/25 18:14:09 - 0:24:17 - Epoch 218: val_AUC=0.9576056640905003, val_AP=0.954296709611012
INFO - 11/06/25 18:14:10 - 0:24:18 - Epoch 219: train_loss=0.7531830072402954, train_AUC=0.9956724384800772, train_AP=0.9939966334847866, time=0.878976583480835
INFO - 11/06/25 18:14:10 - 0:24:18 - Epoch 219: val_AUC=0.9575818383531649, val_AP=0.9543649601179163
INFO - 11/06/25 18:14:12 - 0:24:20 - Epoch 220: train_loss=0.7518566846847534, train_AUC=0.9956629297228425, train_AP=0.994047439203191, time=1.374121904373169
INFO - 11/06/25 18:14:12 - 0:24:20 - Epoch 220: val_AUC=0.9575160630270172, val_AP=0.9544024772113509
INFO - 11/06/25 18:14:13 - 0:24:21 - Epoch 221: train_loss=0.7497736811637878, train_AUC=0.9957315659015918, train_AP=0.9942697939085421, time=0.7870683670043945
INFO - 11/06/25 18:14:13 - 0:24:21 - Epoch 221: val_AUC=0.9574093563059599, val_AP=0.9544034542486057
INFO - 11/06/25 18:14:14 - 0:24:22 - Epoch 222: train_loss=0.7484630942344666, train_AUC=0.9957147875858534, train_AP=0.9941315222553803, time=1.0507633686065674
INFO - 11/06/25 18:14:15 - 0:24:23 - Epoch 222: val_AUC=0.9573788104888633, val_AP=0.9544718483882143
INFO - 11/06/25 18:14:15 - 0:24:24 - Epoch 223: train_loss=0.7473002672195435, train_AUC=0.9957221955752369, train_AP=0.9939267277789489, time=0.7086398601531982
INFO - 11/06/25 18:14:16 - 0:24:24 - Epoch 223: val_AUC=0.9574126145264502, val_AP=0.9545900732481365
INFO - 11/06/25 18:14:16 - 0:24:24 - Epoch 224: train_loss=0.7472020387649536, train_AUC=0.9955691243092786, train_AP=0.9936574155732334, time=0.6097855567932129
INFO - 11/06/25 18:14:17 - 0:24:25 - Epoch 224: val_AUC=0.9575101575023786, val_AP=0.954691472714216
INFO - 11/06/25 18:14:17 - 0:24:26 - Epoch 225: train_loss=0.7435177564620972, train_AUC=0.9957658520250574, train_AP=0.9939955207873503, time=0.8684401512145996
INFO - 11/06/25 18:14:18 - 0:24:26 - Epoch 225: val_AUC=0.9576736794432352, val_AP=0.9548545358565833
INFO - 11/06/25 18:14:18 - 0:24:27 - Epoch 226: train_loss=0.7422501444816589, train_AUC=0.9959368786214716, train_AP=0.9942926533175676, time=0.6826765537261963
INFO - 11/06/25 18:14:19 - 0:24:27 - Epoch 226: val_AUC=0.9578217248367632, val_AP=0.9550255913991578
INFO - 11/06/25 18:14:20 - 0:24:28 - Epoch 227: train_loss=0.7422486543655396, train_AUC=0.9958028689001606, train_AP=0.9940443491849473, time=1.1536922454833984
INFO - 11/06/25 18:14:20 - 0:24:29 - Epoch 227: val_AUC=0.9579119368165883, val_AP=0.9551625846847461
INFO - 11/06/25 18:14:22 - 0:24:30 - Epoch 228: train_loss=0.7412025928497314, train_AUC=0.9958720757100163, train_AP=0.9941800676005624, time=1.159407138824463
INFO - 11/06/25 18:14:22 - 0:24:30 - Epoch 228: val_AUC=0.9579430935500268, val_AP=0.9553111095625766
INFO - 11/06/25 18:14:23 - 0:24:31 - Epoch 229: train_loss=0.739722728729248, train_AUC=0.9959895307888931, train_AP=0.9942432756689196, time=1.0108091831207275
INFO - 11/06/25 18:14:24 - 0:24:32 - Epoch 229: val_AUC=0.9579103077063431, val_AP=0.9553720886588721
INFO - 11/06/25 18:14:25 - 0:24:33 - Epoch 230: train_loss=0.7385871410369873, train_AUC=0.9961131851407075, train_AP=0.9944918760859345, time=0.8259758949279785
INFO - 11/06/25 18:14:25 - 0:24:33 - Epoch 230: val_AUC=0.9578728381707047, val_AP=0.9554391878320619
INFO - 11/06/25 18:14:26 - 0:24:34 - Epoch 231: train_loss=0.7368267774581909, train_AUC=0.9963615880823189, train_AP=0.99506751185517, time=1.1107861995697021
INFO - 11/06/25 18:14:27 - 0:24:35 - Epoch 231: val_AUC=0.957793826323815, val_AP=0.9554363415834082
INFO - 11/06/25 18:14:28 - 0:24:36 - Epoch 232: train_loss=0.7361510992050171, train_AUC=0.996299167203492, train_AP=0.9947349624366653, time=0.9085800647735596
INFO - 11/06/25 18:14:28 - 0:24:36 - Epoch 232: val_AUC=0.9577589022729346, val_AP=0.9555062407837901
INFO - 11/06/25 18:14:30 - 0:24:38 - Epoch 233: train_loss=0.7367281317710876, train_AUC=0.9960047289496045, train_AP=0.9943308581927954, time=1.377912998199463
INFO - 11/06/25 18:14:30 - 0:24:38 - Epoch 233: val_AUC=0.9577528949289057, val_AP=0.9555436577808211
INFO - 11/06/25 18:14:31 - 0:24:39 - Epoch 234: train_loss=0.7336679697036743, train_AUC=0.9964134973725777, train_AP=0.9947936338433194, time=1.0346956253051758
INFO - 11/06/25 18:14:31 - 0:24:40 - Epoch 234: val_AUC=0.957731512856938, val_AP=0.955564495870328
INFO - 11/06/25 18:14:32 - 0:24:40 - Epoch 235: train_loss=0.7329803705215454, train_AUC=0.9963411068286131, train_AP=0.9949565551185248, time=0.8435626029968262
INFO - 11/06/25 18:14:33 - 0:24:41 - Epoch 235: val_AUC=0.9577085016747253, val_AP=0.955562716229921
INFO - 11/06/25 18:14:34 - 0:24:42 - Epoch 236: train_loss=0.7318942546844482, train_AUC=0.9964380306355018, train_AP=0.9951964421051467, time=1.202397346496582
INFO - 11/06/25 18:14:34 - 0:24:43 - Epoch 236: val_AUC=0.9576677739185966, val_AP=0.9555676060521557
INFO - 11/06/25 18:14:35 - 0:24:43 - Epoch 237: train_loss=0.7307388186454773, train_AUC=0.996457863060505, train_AP=0.9951112300574355, time=0.8532445430755615
INFO - 11/06/25 18:14:36 - 0:24:44 - Epoch 237: val_AUC=0.9576512791773645, val_AP=0.9555892530223824
INFO - 11/06/25 18:14:37 - 0:24:45 - Epoch 238: train_loss=0.728911280632019, train_AUC=0.9964022594621937, train_AP=0.9949282296074152, time=0.9250142574310303
INFO - 11/06/25 18:14:37 - 0:24:45 - Epoch 238: val_AUC=0.9576529082876097, val_AP=0.9556140752118594
INFO - 11/06/25 18:14:38 - 0:24:46 - Epoch 239: train_loss=0.7288082838058472, train_AUC=0.9963434159472666, train_AP=0.994836350550416, time=0.7666141986846924
INFO - 11/06/25 18:14:38 - 0:24:47 - Epoch 239: val_AUC=0.9576288789114937, val_AP=0.9556385587124022
INFO - 11/06/25 18:14:40 - 0:24:48 - Epoch 240: train_loss=0.7285237312316895, train_AUC=0.9965199866475704, train_AP=0.995007670541166, time=1.127659559249878
INFO - 11/06/25 18:14:40 - 0:24:48 - Epoch 240: val_AUC=0.9576219551929519, val_AP=0.9556713306629318
INFO - 11/06/25 18:14:41 - 0:24:49 - Epoch 241: train_loss=0.7275105714797974, train_AUC=0.9965364840507732, train_AP=0.995090882834922, time=1.3769488334655762
INFO - 11/06/25 18:14:42 - 0:24:50 - Epoch 241: val_AUC=0.9576184933336809, val_AP=0.9557275293186729
INFO - 11/06/25 18:14:43 - 0:24:51 - Epoch 242: train_loss=0.7260410785675049, train_AUC=0.9965890758087906, train_AP=0.9951214833614042, time=1.0331580638885498
INFO - 11/06/25 18:14:43 - 0:24:51 - Epoch 242: val_AUC=0.9575867256839006, val_AP=0.9557222312123886
INFO - 11/06/25 18:14:44 - 0:24:52 - Epoch 243: train_loss=0.7253553867340088, train_AUC=0.9964947013492065, train_AP=0.9950122260931296, time=1.4229259490966797
INFO - 11/06/25 18:14:45 - 0:24:53 - Epoch 243: val_AUC=0.9575598453648554, val_AP=0.9557195237593697
INFO - 11/06/25 18:14:46 - 0:24:54 - Epoch 244: train_loss=0.7241331338882446, train_AUC=0.9967676276909821, train_AP=0.9954637578720316, time=1.071732997894287
INFO - 11/06/25 18:14:46 - 0:24:54 - Epoch 244: val_AUC=0.9574861281262625, val_AP=0.9556810807835675
INFO - 11/06/25 18:14:47 - 0:24:55 - Epoch 245: train_loss=0.7230757474899292, train_AUC=0.9966010930533246, train_AP=0.9952181688853297, time=1.0855762958526611
INFO - 11/06/25 18:14:48 - 0:24:56 - Epoch 245: val_AUC=0.9573942870361924, val_AP=0.9556401092845621
INFO - 11/06/25 18:14:49 - 0:24:57 - Epoch 246: train_loss=0.7220990657806396, train_AUC=0.9966065050666801, train_AP=0.9951313760071823, time=0.9618635177612305
INFO - 11/06/25 18:14:49 - 0:24:57 - Epoch 246: val_AUC=0.957305296889051, val_AP=0.9556006251679547
INFO - 11/06/25 18:14:50 - 0:24:58 - Epoch 247: train_loss=0.7209640741348267, train_AUC=0.9970051521845827, train_AP=0.9959489460144239, time=1.13685941696167
INFO - 11/06/25 18:14:51 - 0:24:59 - Epoch 247: val_AUC=0.9572238413767936, val_AP=0.9555625718163724
INFO - 11/06/25 18:14:52 - 0:25:00 - Epoch 248: train_loss=0.7202760577201843, train_AUC=0.9966903485644178, train_AP=0.9952691526409976, time=0.9650039672851562
INFO - 11/06/25 18:14:52 - 0:25:00 - Epoch 248: val_AUC=0.9571702843774843, val_AP=0.9555332826376877
INFO - 11/06/25 18:14:53 - 0:25:01 - Epoch 249: train_loss=0.7199993133544922, train_AUC=0.9966831938366182, train_AP=0.9952154706633158, time=0.6763293743133545
INFO - 11/06/25 18:14:53 - 0:25:01 - Epoch 249: val_AUC=0.9571091927432912, val_AP=0.9555149007579212
INFO - 11/06/25 18:14:54 - 0:25:02 - Epoch 250: train_loss=0.7185263633728027, train_AUC=0.99710857238005, train_AP=0.9960633581607707, time=0.8107759952545166
INFO - 11/06/25 18:14:55 - 0:25:03 - Epoch 250: val_AUC=0.9570595048808141, val_AP=0.9555178699042277
INFO - 11/06/25 18:14:55 - 0:25:03 - Epoch 251: train_loss=0.7196117639541626, train_AUC=0.9967331969724122, train_AP=0.995469660737912, time=0.8209474086761475
INFO - 11/06/25 18:14:56 - 0:25:04 - Epoch 251: val_AUC=0.95702651539835, val_AP=0.9555285970795062
INFO - 11/06/25 18:14:56 - 0:25:05 - Epoch 252: train_loss=0.7176225185394287, train_AUC=0.9969641341991469, train_AP=0.9955594439391321, time=0.7819688320159912
INFO - 11/06/25 18:14:57 - 0:25:05 - Epoch 252: val_AUC=0.9569958677618631, val_AP=0.9555249318836209
INFO - 11/06/25 18:14:58 - 0:25:06 - Epoch 253: train_loss=0.7159146070480347, train_AUC=0.9969884157855737, train_AP=0.9958127605617565, time=0.8070979118347168
INFO - 11/06/25 18:14:58 - 0:25:06 - Epoch 253: val_AUC=0.9569332488368153, val_AP=0.9554948276306797
INFO - 11/06/25 18:14:59 - 0:25:08 - Epoch 254: train_loss=0.7142672538757324, train_AUC=0.9969826015125123, train_AP=0.9955388011087323, time=1.320923089981079
INFO - 11/06/25 18:15:00 - 0:25:08 - Epoch 254: val_AUC=0.9568709353699383, val_AP=0.955482986583453
INFO - 11/06/25 18:15:01 - 0:25:09 - Epoch 255: train_loss=0.715386688709259, train_AUC=0.9966990179303397, train_AP=0.9952316121398178, time=1.1598947048187256
INFO - 11/06/25 18:15:02 - 0:25:10 - Epoch 255: val_AUC=0.9567866289147519, val_AP=0.9554418936598557
INFO - 11/06/25 18:15:03 - 0:25:11 - Epoch 256: train_loss=0.7140448093414307, train_AUC=0.9969196864389678, train_AP=0.9956255211901313, time=1.3930141925811768
INFO - 11/06/25 18:15:03 - 0:25:12 - Epoch 256: val_AUC=0.956715762619088, val_AP=0.9554249864006784
INFO - 11/06/25 18:15:05 - 0:25:13 - Epoch 257: train_loss=0.7135167121887207, train_AUC=0.996963877943511, train_AP=0.9957145432328538, time=1.1741349697113037
INFO - 11/06/25 18:15:05 - 0:25:13 - Epoch 257: val_AUC=0.9566805331100365, val_AP=0.9554234275300603
INFO - 11/06/25 18:15:06 - 0:25:14 - Epoch 258: train_loss=0.711889386177063, train_AUC=0.9971205811707898, train_AP=0.9957085033214444, time=1.1655406951904297
INFO - 11/06/25 18:15:07 - 0:25:15 - Epoch 258: val_AUC=0.956623717890237, val_AP=0.9554028844764938
INFO - 11/06/25 18:15:08 - 0:25:16 - Epoch 259: train_loss=0.7111927270889282, train_AUC=0.9972676970909965, train_AP=0.9961832302197329, time=0.9072885513305664
INFO - 11/06/25 18:15:08 - 0:25:16 - Epoch 259: val_AUC=0.9565972448487534, val_AP=0.9554162969368237
INFO - 11/06/25 18:15:09 - 0:25:17 - Epoch 260: train_loss=0.7100831270217896, train_AUC=0.9971182801536891, train_AP=0.9958206454302388, time=1.0099596977233887
INFO - 11/06/25 18:15:10 - 0:25:18 - Epoch 260: val_AUC=0.9565306549674829, val_AP=0.9553875314197813
INFO - 11/06/25 18:15:11 - 0:25:19 - Epoch 261: train_loss=0.7107146382331848, train_AUC=0.9969556922050641, train_AP=0.9954859978528842, time=1.1972699165344238
INFO - 11/06/25 18:15:11 - 0:25:19 - Epoch 261: val_AUC=0.9564852435193995, val_AP=0.9553472168712485
INFO - 11/06/25 18:15:12 - 0:25:20 - Epoch 262: train_loss=0.7081974744796753, train_AUC=0.9971733272105509, train_AP=0.9958827727848305, time=0.6739675998687744
INFO - 11/06/25 18:15:12 - 0:25:20 - Epoch 262: val_AUC=0.9564164136115418, val_AP=0.9553001181266545
INFO - 11/06/25 18:15:13 - 0:25:21 - Epoch 263: train_loss=0.708436131477356, train_AUC=0.9970336166379168, train_AP=0.9958246024077673, time=0.8370757102966309
INFO - 11/06/25 18:15:13 - 0:25:21 - Epoch 263: val_AUC=0.9563793513534647, val_AP=0.9552840903941022
INFO - 11/06/25 18:15:15 - 0:25:23 - Epoch 264: train_loss=0.7084424495697021, train_AUC=0.9972020945915094, train_AP=0.9960873501381489, time=1.3370728492736816
INFO - 11/06/25 18:15:15 - 0:25:23 - Epoch 264: val_AUC=0.9563416781790457, val_AP=0.9552599624628436
INFO - 11/06/25 18:15:16 - 0:25:24 - Epoch 265: train_loss=0.7068400979042053, train_AUC=0.9973212517009457, train_AP=0.9961399312978437, time=1.1971817016601562
INFO - 11/06/25 18:15:17 - 0:25:25 - Epoch 265: val_AUC=0.9562427097316529, val_AP=0.9552029581040256
INFO - 11/06/25 18:15:17 - 0:25:26 - Epoch 266: train_loss=0.7061265110969543, train_AUC=0.9972603465169653, train_AP=0.996076430941737, time=0.8367202281951904
INFO - 11/06/25 18:15:18 - 0:25:26 - Epoch 266: val_AUC=0.9561584032764665, val_AP=0.9551734647377794
INFO - 11/06/25 18:15:19 - 0:25:27 - Epoch 267: train_loss=0.7051670551300049, train_AUC=0.997323255250164, train_AP=0.9961836278961933, time=1.4288086891174316
INFO - 11/06/25 18:15:20 - 0:25:28 - Epoch 267: val_AUC=0.9560284817344159, val_AP=0.9550839918176669
INFO - 11/06/25 18:15:21 - 0:25:29 - Epoch 268: train_loss=0.7053444385528564, train_AUC=0.9971996262597322, train_AP=0.995795065132586, time=1.0047180652618408
INFO - 11/06/25 18:15:21 - 0:25:29 - Epoch 268: val_AUC=0.955958531813265, val_AP=0.9550457003547584
INFO - 11/06/25 18:15:22 - 0:25:30 - Epoch 269: train_loss=0.7039488554000854, train_AUC=0.9973082074965407, train_AP=0.9961209025919905, time=1.1046864986419678
INFO - 11/06/25 18:15:23 - 0:25:31 - Epoch 269: val_AUC=0.9558798254245462, val_AP=0.9549907914151416
INFO - 11/06/25 18:15:24 - 0:25:32 - Epoch 270: train_loss=0.7035524845123291, train_AUC=0.9973577083360644, train_AP=0.9960946062228502, time=1.1584486961364746
INFO - 11/06/25 18:15:24 - 0:25:32 - Epoch 270: val_AUC=0.955819344706695, val_AP=0.9549570364847265
INFO - 11/06/25 18:15:25 - 0:25:34 - Epoch 271: train_loss=0.7031717896461487, train_AUC=0.9974511986696749, train_AP=0.9963980266434598, time=1.367326021194458
INFO - 11/06/25 18:15:26 - 0:25:34 - Epoch 271: val_AUC=0.9557700641217792, val_AP=0.9549286596340011
INFO - 11/06/25 18:15:27 - 0:25:35 - Epoch 272: train_loss=0.7031987905502319, train_AUC=0.9973097205495763, train_AP=0.996092639542463, time=0.9868860244750977
INFO - 11/06/25 18:15:27 - 0:25:35 - Epoch 272: val_AUC=0.9556517499902254, val_AP=0.9548645428439761
INFO - 11/06/25 18:15:29 - 0:25:37 - Epoch 273: train_loss=0.7013713121414185, train_AUC=0.9974773046905562, train_AP=0.996462835070865, time=1.4208908081054688
INFO - 11/06/25 18:15:29 - 0:25:37 - Epoch 273: val_AUC=0.9555287521667166, val_AP=0.9547868319082267
INFO - 11/06/25 18:15:30 - 0:25:38 - Epoch 274: train_loss=0.7019783854484558, train_AUC=0.9970604687061336, train_AP=0.9956512255635165, time=0.908271074295044
INFO - 11/06/25 18:15:30 - 0:25:38 - Epoch 274: val_AUC=0.9554289691642013, val_AP=0.9547235710452014
INFO - 11/06/25 18:15:32 - 0:25:40 - Epoch 275: train_loss=0.7004426717758179, train_AUC=0.9973307578163696, train_AP=0.9961659618147622, time=1.3835721015930176
INFO - 11/06/25 18:15:32 - 0:25:40 - Epoch 275: val_AUC=0.955349753678531, val_AP=0.9546886557378206
INFO - 11/06/25 18:15:33 - 0:25:42 - Epoch 276: train_loss=0.6994807720184326, train_AUC=0.9975578337726169, train_AP=0.9965412167042496, time=1.3566977977752686
INFO - 11/06/25 18:15:34 - 0:25:42 - Epoch 276: val_AUC=0.9552555707424832, val_AP=0.954639292083325
INFO - 11/06/25 18:15:35 - 0:25:43 - Epoch 277: train_loss=0.6985960006713867, train_AUC=0.9973845711476446, train_AP=0.9959413166625061, time=0.8650767803192139
INFO - 11/06/25 18:15:36 - 0:25:44 - Epoch 277: val_AUC=0.9551713661066872, val_AP=0.9546085994028362
INFO - 11/06/25 18:15:36 - 0:25:45 - Epoch 278: train_loss=0.6989428997039795, train_AUC=0.9975713142280253, train_AP=0.9965121060317256, time=0.8296773433685303
INFO - 11/06/25 18:15:37 - 0:25:45 - Epoch 278: val_AUC=0.9550550883629398, val_AP=0.9545262347191892
INFO - 11/06/25 18:15:38 - 0:25:46 - Epoch 279: train_loss=0.6975409388542175, train_AUC=0.9975017712037305, train_AP=0.9963109694898704, time=1.1739394664764404
INFO - 11/06/25 18:15:39 - 0:25:47 - Epoch 279: val_AUC=0.9549284250413794, val_AP=0.9544363715583601
INFO - 11/06/25 18:15:40 - 0:25:48 - Epoch 280: train_loss=0.696049153804779, train_AUC=0.9977607093340856, train_AP=0.9967388561044028, time=1.24232816696167
INFO - 11/06/25 18:15:40 - 0:25:48 - Epoch 280: val_AUC=0.9548416749208253, val_AP=0.9543726751813228
INFO - 11/06/25 18:15:42 - 0:25:50 - Epoch 281: train_loss=0.6961271166801453, train_AUC=0.9974806390078735, train_AP=0.9964025465682305, time=1.2060532569885254
INFO - 11/06/25 18:15:42 - 0:25:50 - Epoch 281: val_AUC=0.9547651067393033, val_AP=0.954319843810969
INFO - 11/06/25 18:15:43 - 0:25:51 - Epoch 282: train_loss=0.696861982345581, train_AUC=0.9974801379444482, train_AP=0.996424921013719, time=1.3716347217559814
INFO - 11/06/25 18:15:44 - 0:25:52 - Epoch 282: val_AUC=0.9546852803372909, val_AP=0.9542727224607938
INFO - 11/06/25 18:15:45 - 0:25:53 - Epoch 283: train_loss=0.6954268217086792, train_AUC=0.9974883492203984, train_AP=0.9964346423714457, time=1.1938855648040771
INFO - 11/06/25 18:15:45 - 0:25:53 - Epoch 283: val_AUC=0.9545663552893952, val_AP=0.9541923905494185
INFO - 11/06/25 18:15:46 - 0:25:54 - Epoch 284: train_loss=0.6951112151145935, train_AUC=0.9975445607874072, train_AP=0.9963767437993365, time=1.0549123287200928
INFO - 11/06/25 18:15:47 - 0:25:55 - Epoch 284: val_AUC=0.9542981630152876, val_AP=0.9540844905250256
INFO - 11/06/25 18:15:48 - 0:25:56 - Epoch 285: train_loss=0.6945655345916748, train_AUC=0.997694338067691, train_AP=0.9967622143894707, time=1.280759334564209
INFO - 11/06/25 18:15:48 - 0:25:56 - Epoch 285: val_AUC=0.954318526893352, val_AP=0.9542743753439179
INFO - 11/06/25 18:15:49 - 0:25:57 - Epoch 286: train_loss=0.69552081823349, train_AUC=0.9976224899755191, train_AP=0.9966809269661046, time=0.9967949390411377
INFO - 11/06/25 18:15:50 - 0:25:58 - Epoch 286: val_AUC=0.9542531588447652, val_AP=0.9543351992503976
INFO - 11/06/25 18:15:50 - 0:25:59 - Epoch 287: train_loss=0.6952345371246338, train_AUC=0.9977624862159477, train_AP=0.9966756883030262, time=0.8439967632293701
INFO - 11/06/25 18:15:51 - 0:25:59 - Epoch 287: val_AUC=0.9541013461337956, val_AP=0.9542768030534913
INFO - 11/06/25 18:15:52 - 0:26:00 - Epoch 288: train_loss=0.6964919567108154, train_AUC=0.9978720600690882, train_AP=0.9968633366389593, time=1.135798454284668
INFO - 11/06/25 18:15:53 - 0:26:01 - Epoch 288: val_AUC=0.9539173584954841, val_AP=0.954149108337468
INFO - 11/06/25 18:15:54 - 0:26:02 - Epoch 289: train_loss=0.69557785987854, train_AUC=0.997697229441418, train_AP=0.9966148660268217, time=1.0182712078094482
INFO - 11/06/25 18:15:54 - 0:26:02 - Epoch 289: val_AUC=0.9537778659307432, val_AP=0.9540502968340139
INFO - 11/06/25 18:15:55 - 0:26:03 - Epoch 290: train_loss=0.6966210007667542, train_AUC=0.9978276979035752, train_AP=0.9969345687842389, time=0.7804675102233887
INFO - 11/06/25 18:15:55 - 0:26:03 - Epoch 290: val_AUC=0.953728788984608, val_AP=0.9540148697857568
INFO - 11/06/25 18:15:56 - 0:26:04 - Epoch 291: train_loss=0.6952406167984009, train_AUC=0.9978111709120926, train_AP=0.9969193121129507, time=0.9938023090362549
INFO - 11/06/25 18:15:56 - 0:26:05 - Epoch 291: val_AUC=0.9536752319852988, val_AP=0.9539440119514663
INFO - 11/06/25 18:15:57 - 0:26:05 - Epoch 292: train_loss=0.6941389441490173, train_AUC=0.9977774654586142, train_AP=0.9969675662083137, time=0.8948767185211182
INFO - 11/06/25 18:15:58 - 0:26:06 - Epoch 292: val_AUC=0.9537933424780722, val_AP=0.9540272685581206
INFO - 11/06/25 18:15:59 - 0:26:07 - Epoch 293: train_loss=0.6937057375907898, train_AUC=0.9976647610598199, train_AP=0.9965461667548997, time=1.14137601852417
INFO - 11/06/25 18:15:59 - 0:26:08 - Epoch 293: val_AUC=0.9538342738729816, val_AP=0.9540104888389649
INFO - 11/06/25 18:16:00 - 0:26:09 - Epoch 294: train_loss=0.6923697590827942, train_AUC=0.9977330583823196, train_AP=0.9967944625105147, time=0.860856294631958
INFO - 11/06/25 18:16:01 - 0:26:09 - Epoch 294: val_AUC=0.9539208203547551, val_AP=0.9540457516991581
INFO - 11/06/25 18:16:02 - 0:26:10 - Epoch 295: train_loss=0.6893459558486938, train_AUC=0.9978403225884445, train_AP=0.9968067934957037, time=0.8411712646484375
INFO - 11/06/25 18:16:02 - 0:26:10 - Epoch 295: val_AUC=0.9539440351757482, val_AP=0.9540190248467221
INFO - 11/06/25 18:16:03 - 0:26:11 - Epoch 296: train_loss=0.6896520853042603, train_AUC=0.9979333447932028, train_AP=0.9972091757391963, time=1.239046573638916
INFO - 11/06/25 18:16:04 - 0:26:12 - Epoch 296: val_AUC=0.953929373183542, val_AP=0.9539531660566396
INFO - 11/06/25 18:16:05 - 0:26:13 - Epoch 297: train_loss=0.6882179379463196, train_AUC=0.9977267330069522, train_AP=0.996600799266211, time=0.9162490367889404
INFO - 11/06/25 18:16:05 - 0:26:13 - Epoch 297: val_AUC=0.9537974152536851, val_AP=0.9537917943806569
INFO - 11/06/25 18:16:06 - 0:26:14 - Epoch 298: train_loss=0.6882107853889465, train_AUC=0.9978586239960993, train_AP=0.9969892411161723, time=1.1017310619354248
INFO - 11/06/25 18:16:07 - 0:26:15 - Epoch 298: val_AUC=0.9537458946421822, val_AP=0.9537373563253825
INFO - 11/06/25 18:16:08 - 0:26:16 - Epoch 299: train_loss=0.6866011023521423, train_AUC=0.9978562889877011, train_AP=0.9968265459120037, time=1.326570987701416
INFO - 11/06/25 18:16:08 - 0:26:16 - Epoch 299: val_AUC=0.9536599590767507, val_AP=0.9536631391253049
INFO - 11/06/25 18:16:09 - 0:26:18 - Epoch 300: train_loss=0.687559962272644, train_AUC=0.9978658544558049, train_AP=0.9970347626812404, time=1.1584229469299316
INFO - 11/06/25 18:16:10 - 0:26:18 - Epoch 300: val_AUC=0.9535782999257125, val_AP=0.9536427313766583
INFO - 11/06/25 18:16:10 - 0:26:18 - best_epoch=199
INFO - 11/06/25 18:16:10 - 0:26:18 - test_auc= 95.94%, test_ap= 95.76%
INFO - 11/06/25 18:16:10 - 0:26:18 - 
                                     train iters 5
INFO - 11/06/25 18:16:10 - 0:26:18 - --------------------------Training Start-------------------------
INFO - 11/06/25 18:16:15 - 0:26:23 - Epoch 0: train_loss=6.25478458404541, train_AUC=0.9957187606929928, train_AP=0.9955941476166614, time=4.811887979507446
INFO - 11/06/25 18:16:15 - 0:26:23 - Epoch 0: val_AUC=0.7726718181847803, val_AP=0.8178871872971154
INFO - 11/06/25 18:16:16 - 0:26:24 - Epoch 1: train_loss=2.3596880435943604, train_AUC=0.9129602748547156, train_AP=0.9384891176767421, time=1.0550754070281982
INFO - 11/06/25 18:16:17 - 0:26:25 - Epoch 1: val_AUC=0.6577235302167368, val_AP=0.7167523415960031
INFO - 11/06/25 18:16:18 - 0:26:26 - Epoch 2: train_loss=4.1598405838012695, train_AUC=0.716219807407972, train_AP=0.7900790289748884, time=0.8391590118408203
INFO - 11/06/25 18:16:18 - 0:26:26 - Epoch 2: val_AUC=0.625988768099415, val_AP=0.6834522238730446
INFO - 11/06/25 18:16:19 - 0:26:27 - Epoch 3: train_loss=5.2011237144470215, train_AUC=0.6349824581939308, train_AP=0.715376500706663, time=1.0812764167785645
INFO - 11/06/25 18:16:19 - 0:26:27 - Epoch 3: val_AUC=0.634981863930196, val_AP=0.6895171446631019
INFO - 11/06/25 18:16:21 - 0:26:29 - Epoch 4: train_loss=5.050387382507324, train_AUC=0.6391322371269313, train_AP=0.7138044291757829, time=1.3066120147705078
INFO - 11/06/25 18:16:21 - 0:26:29 - Epoch 4: val_AUC=0.700233532953642, val_AP=0.7321655146430568
INFO - 11/06/25 18:16:22 - 0:26:30 - Epoch 5: train_loss=3.5567374229431152, train_AUC=0.7221202746503029, train_AP=0.7718856344638407, time=1.1171457767486572
INFO - 11/06/25 18:16:23 - 0:26:31 - Epoch 5: val_AUC=0.76611230760208, val_AP=0.7805188051244362
INFO - 11/06/25 18:16:24 - 0:26:32 - Epoch 6: train_loss=2.9078314304351807, train_AUC=0.7968666897442096, train_AP=0.8255874735930775, time=1.0508091449737549
INFO - 11/06/25 18:16:24 - 0:26:32 - Epoch 6: val_AUC=0.8201924549388108, val_AP=0.8201160656452401
INFO - 11/06/25 18:16:25 - 0:26:33 - Epoch 7: train_loss=2.227902889251709, train_AUC=0.8614692510327804, train_AP=0.8727650804928487, time=1.0573267936706543
INFO - 11/06/25 18:16:25 - 0:26:33 - Epoch 7: val_AUC=0.8584255341852494, val_AP=0.850547154334419
INFO - 11/06/25 18:16:26 - 0:26:34 - Epoch 8: train_loss=1.9957153797149658, train_AUC=0.9048288590801093, train_AP=0.9055409898397511, time=0.7761580944061279
INFO - 11/06/25 18:16:27 - 0:26:35 - Epoch 8: val_AUC=0.8769575795983267, val_AP=0.8665742724074169
INFO - 11/06/25 18:16:28 - 0:26:36 - Epoch 9: train_loss=1.7172119617462158, train_AUC=0.9237502863159189, train_AP=0.9213804484355085, time=0.9208002090454102
INFO - 11/06/25 18:16:28 - 0:26:36 - Epoch 9: val_AUC=0.8892765039945784, val_AP=0.8761986302018641
INFO - 11/06/25 18:16:29 - 0:26:37 - Epoch 10: train_loss=1.4688572883605957, train_AUC=0.9345223213121807, train_AP=0.9283530464917182, time=0.996835470199585
INFO - 11/06/25 18:16:30 - 0:26:38 - Epoch 10: val_AUC=0.89421006073323, val_AP=0.881045722371028
INFO - 11/06/25 18:16:30 - 0:26:39 - Epoch 11: train_loss=1.410759687423706, train_AUC=0.9388682892077027, train_AP=0.9335967556783014, time=0.7612514495849609
INFO - 11/06/25 18:16:31 - 0:26:39 - Epoch 11: val_AUC=0.9004522002762972, val_AP=0.8874830385064092
INFO - 11/06/25 18:16:32 - 0:26:40 - Epoch 12: train_loss=1.3506529331207275, train_AUC=0.9436207451152202, train_AP=0.9372689367252329, time=1.0366370677947998
INFO - 11/06/25 18:16:32 - 0:26:40 - Epoch 12: val_AUC=0.9078852194085677, val_AP=0.895361762394214
INFO - 11/06/25 18:16:34 - 0:26:42 - Epoch 13: train_loss=1.2667553424835205, train_AUC=0.9505757153944415, train_AP=0.9433383974128129, time=1.3280508518218994
INFO - 11/06/25 18:16:34 - 0:26:42 - Epoch 13: val_AUC=0.9127676628132779, val_AP=0.9008364682106692
INFO - 11/06/25 18:16:35 - 0:26:43 - Epoch 14: train_loss=1.2268409729003906, train_AUC=0.9539160946106262, train_AP=0.9458502752312528, time=1.0060067176818848
INFO - 11/06/25 18:16:35 - 0:26:43 - Epoch 14: val_AUC=0.9149852891344863, val_AP=0.9043069661642662
INFO - 11/06/25 18:16:36 - 0:26:44 - Epoch 15: train_loss=1.2193329334259033, train_AUC=0.9564711128259602, train_AP=0.948920854726645, time=0.4533531665802002
INFO - 11/06/25 18:16:36 - 0:26:44 - Epoch 15: val_AUC=0.9165522895515384, val_AP=0.9067641657800674
INFO - 11/06/25 18:16:36 - 0:26:44 - Epoch 16: train_loss=1.2216603755950928, train_AUC=0.9579812989688139, train_AP=0.9509519805721253, time=0.4579136371612549
INFO - 11/06/25 18:16:36 - 0:26:45 - Epoch 16: val_AUC=0.9190751704049316, val_AP=0.9093191934952825
INFO - 11/06/25 18:16:37 - 0:26:45 - Epoch 17: train_loss=1.2037392854690552, train_AUC=0.9590379265498519, train_AP=0.9510178034601252, time=0.4404258728027344
INFO - 11/06/25 18:16:37 - 0:26:45 - Epoch 17: val_AUC=0.9208079327894277, val_AP=0.9113068118892508
INFO - 11/06/25 18:16:38 - 0:26:46 - Epoch 18: train_loss=1.1934720277786255, train_AUC=0.9602436957915244, train_AP=0.9522543610334265, time=0.419605016708374
INFO - 11/06/25 18:16:38 - 0:26:46 - Epoch 18: val_AUC=0.9218627816731615, val_AP=0.9127476774825878
INFO - 11/06/25 18:16:38 - 0:26:46 - Epoch 19: train_loss=1.1817609071731567, train_AUC=0.9607208096179515, train_AP=0.9522602642393253, time=0.4378955364227295
INFO - 11/06/25 18:16:38 - 0:26:47 - Epoch 19: val_AUC=0.9231125128699709, val_AP=0.9144909017418841
INFO - 11/06/25 18:16:39 - 0:26:47 - Epoch 20: train_loss=1.1619198322296143, train_AUC=0.9621409989576359, train_AP=0.9536906928395745, time=0.45055627822875977
INFO - 11/06/25 18:16:39 - 0:26:47 - Epoch 20: val_AUC=0.9241671581149241, val_AP=0.9159648732232826
INFO - 11/06/25 18:16:40 - 0:26:48 - Epoch 21: train_loss=1.1389257907867432, train_AUC=0.9639602130180293, train_AP=0.9560067884572148, time=0.41260695457458496
INFO - 11/06/25 18:16:40 - 0:26:48 - Epoch 21: val_AUC=0.9254464169349268, val_AP=0.9174219228089002
INFO - 11/06/25 18:16:40 - 0:26:48 - Epoch 22: train_loss=1.113976240158081, train_AUC=0.9647824561616387, train_AP=0.9561763723116766, time=0.4193093776702881
INFO - 11/06/25 18:16:40 - 0:26:48 - Epoch 22: val_AUC=0.9264719418342479, val_AP=0.9187615017329458
INFO - 11/06/25 18:16:41 - 0:26:49 - Epoch 23: train_loss=1.1006407737731934, train_AUC=0.9659366819157709, train_AP=0.957507048325662, time=0.4185822010040283
INFO - 11/06/25 18:16:41 - 0:26:49 - Epoch 23: val_AUC=0.9274282295481502, val_AP=0.9199399009305669
INFO - 11/06/25 18:16:41 - 0:26:50 - Epoch 24: train_loss=1.0955686569213867, train_AUC=0.9662112460040466, train_AP=0.9573415818867664, time=0.46995067596435547
INFO - 11/06/25 18:16:42 - 0:26:50 - Epoch 24: val_AUC=0.9285350063209477, val_AP=0.9212761154548317
INFO - 11/06/25 18:16:42 - 0:26:50 - Epoch 25: train_loss=1.0886383056640625, train_AUC=0.9679689109831368, train_AP=0.9596852109646703, time=0.4516899585723877
INFO - 11/06/25 18:16:42 - 0:26:50 - Epoch 25: val_AUC=0.9295733604634493, val_AP=0.9223590772181878
INFO - 11/06/25 18:16:43 - 0:26:51 - Epoch 26: train_loss=1.0857765674591064, train_AUC=0.9685682536403362, train_AP=0.9603355904918615, time=0.45751953125
INFO - 11/06/25 18:16:43 - 0:26:51 - Epoch 26: val_AUC=0.9307764583794914, val_AP=0.923554320093093
INFO - 11/06/25 18:16:43 - 0:26:52 - Epoch 27: train_loss=1.0750823020935059, train_AUC=0.9688147814247282, train_AP=0.960309660600152, time=0.49858880043029785
INFO - 11/06/25 18:16:44 - 0:26:52 - Epoch 27: val_AUC=0.931983425432366, val_AP=0.9247192014630152
INFO - 11/06/25 18:16:44 - 0:26:52 - Epoch 28: train_loss=1.061570167541504, train_AUC=0.9701853399478035, train_AP=0.9617069462955745, time=0.45165324211120605
INFO - 11/06/25 18:16:44 - 0:26:53 - Epoch 28: val_AUC=0.9333207213048521, val_AP=0.9259288487054314
INFO - 11/06/25 18:16:45 - 0:26:53 - Epoch 29: train_loss=1.0452818870544434, train_AUC=0.9710229645937855, train_AP=0.9629564865189957, time=0.4860975742340088
INFO - 11/06/25 18:16:45 - 0:26:53 - Epoch 29: val_AUC=0.9347310216801991, val_AP=0.9271760065925074
INFO - 11/06/25 18:16:46 - 0:26:54 - Epoch 30: train_loss=1.0354281663894653, train_AUC=0.9706400640764911, train_AP=0.9617692229554258, time=0.49275755882263184
INFO - 11/06/25 18:16:46 - 0:26:54 - Epoch 30: val_AUC=0.936127067340901, val_AP=0.9283768225069151
INFO - 11/06/25 18:16:46 - 0:26:54 - Epoch 31: train_loss=1.0217154026031494, train_AUC=0.9721966627821859, train_AP=0.964319163749097, time=0.46013379096984863
INFO - 11/06/25 18:16:46 - 0:26:55 - Epoch 31: val_AUC=0.9375458187256447, val_AP=0.9296353762468758
INFO - 11/06/25 18:16:47 - 0:26:55 - Epoch 32: train_loss=1.0141836404800415, train_AUC=0.9726247852863088, train_AP=0.9644144835687352, time=0.4844081401824951
INFO - 11/06/25 18:16:47 - 0:26:55 - Epoch 32: val_AUC=0.9389277114910919, val_AP=0.9309042792698566
INFO - 11/06/25 18:16:48 - 0:26:56 - Epoch 33: train_loss=1.0081777572631836, train_AUC=0.9736095846768149, train_AP=0.9661138204313833, time=0.4424009323120117
INFO - 11/06/25 18:16:48 - 0:26:56 - Epoch 33: val_AUC=0.940246883512101, val_AP=0.9321333346049009
INFO - 11/06/25 18:16:48 - 0:26:56 - Epoch 34: train_loss=1.0052380561828613, train_AUC=0.9731600222939515, train_AP=0.9648586445844903, time=0.4478566646575928
INFO - 11/06/25 18:16:48 - 0:26:57 - Epoch 34: val_AUC=0.9414990583742783, val_AP=0.9333393817961088
INFO - 11/06/25 18:16:49 - 0:26:57 - Epoch 35: train_loss=0.9944351315498352, train_AUC=0.9750722907891933, train_AP=0.9676384300187495, time=0.4723045825958252
INFO - 11/06/25 18:16:49 - 0:26:57 - Epoch 35: val_AUC=0.9426638721995595, val_AP=0.9344827057893248
INFO - 11/06/25 18:16:50 - 0:26:58 - Epoch 36: train_loss=0.987545371055603, train_AUC=0.975767452976418, train_AP=0.9689438920205656, time=0.47806334495544434
INFO - 11/06/25 18:16:50 - 0:26:58 - Epoch 36: val_AUC=0.943728495744764, val_AP=0.9355690859866462
INFO - 11/06/25 18:16:50 - 0:26:58 - Epoch 37: train_loss=0.9773204326629639, train_AUC=0.9765111172226094, train_AP=0.9693402001461737, time=0.48381590843200684
INFO - 11/06/25 18:16:51 - 0:26:59 - Epoch 37: val_AUC=0.9446638086642599, val_AP=0.9365187788473816
INFO - 11/06/25 18:16:51 - 0:26:59 - Epoch 38: train_loss=0.9711054563522339, train_AUC=0.9772181346233131, train_AP=0.9704023873466867, time=0.5022182464599609
INFO - 11/06/25 18:16:51 - 0:26:59 - Epoch 38: val_AUC=0.9455398626985886, val_AP=0.9374059660658192
INFO - 11/06/25 18:16:52 - 0:27:00 - Epoch 39: train_loss=0.9679656028747559, train_AUC=0.9773214001847954, train_AP=0.970307037278324, time=0.4629697799682617
INFO - 11/06/25 18:16:52 - 0:27:00 - Epoch 39: val_AUC=0.946352585072137, val_AP=0.9382426122785392
INFO - 11/06/25 18:16:52 - 0:27:01 - Epoch 40: train_loss=0.9605218768119812, train_AUC=0.9782388024057604, train_AP=0.9713181070283111, time=0.47379350662231445
INFO - 11/06/25 18:16:53 - 0:27:01 - Epoch 40: val_AUC=0.9470638953329251, val_AP=0.9389625628909694
INFO - 11/06/25 18:16:53 - 0:27:01 - Epoch 41: train_loss=0.9579922556877136, train_AUC=0.9787165301889893, train_AP=0.9720253178175163, time=0.48241519927978516
INFO - 11/06/25 18:16:53 - 0:27:01 - Epoch 41: val_AUC=0.9477424197500293, val_AP=0.9396457114731778
INFO - 11/06/25 18:16:54 - 0:27:02 - Epoch 42: train_loss=0.9557927846908569, train_AUC=0.9793021262723849, train_AP=0.9727003741701507, time=0.514437198638916
INFO - 11/06/25 18:16:54 - 0:27:02 - Epoch 42: val_AUC=0.948371052665876, val_AP=0.9402827101764237
INFO - 11/06/25 18:16:54 - 0:27:03 - Epoch 43: train_loss=0.951566219329834, train_AUC=0.9794572944315387, train_AP=0.9728972965188373, time=0.46367335319519043
INFO - 11/06/25 18:16:55 - 0:27:03 - Epoch 43: val_AUC=0.9489071317559202, val_AP=0.9408126491893389
INFO - 11/06/25 18:16:55 - 0:27:03 - Epoch 44: train_loss=0.945704460144043, train_AUC=0.9801679533040815, train_AP=0.9739564987656958, time=0.47965574264526367
INFO - 11/06/25 18:16:55 - 0:27:04 - Epoch 44: val_AUC=0.9494004467020293, val_AP=0.9413027397768825
INFO - 11/06/25 18:16:56 - 0:27:04 - Epoch 45: train_loss=0.9405596256256104, train_AUC=0.9806661121466133, train_AP=0.9743462003116129, time=0.5099015235900879
INFO - 11/06/25 18:16:56 - 0:27:04 - Epoch 45: val_AUC=0.9498227935330839, val_AP=0.9417140858704263
INFO - 11/06/25 18:16:57 - 0:27:05 - Epoch 46: train_loss=0.9389505386352539, train_AUC=0.9805934979293446, train_AP=0.974525219605611, time=0.4663259983062744
INFO - 11/06/25 18:16:57 - 0:27:05 - Epoch 46: val_AUC=0.9502070599121584, val_AP=0.9420935739898872
INFO - 11/06/25 18:16:57 - 0:27:05 - Epoch 47: train_loss=0.9360631108283997, train_AUC=0.9805973602565562, train_AP=0.9744442835799128, time=0.47905397415161133
INFO - 11/06/25 18:16:57 - 0:27:06 - Epoch 47: val_AUC=0.9505267727977688, val_AP=0.9424236004357959
INFO - 11/06/25 18:16:58 - 0:27:06 - Epoch 48: train_loss=0.9318957328796387, train_AUC=0.9809486492195159, train_AP=0.974472629913191, time=0.4895775318145752
INFO - 11/06/25 18:16:58 - 0:27:06 - Epoch 48: val_AUC=0.9507998524026119, val_AP=0.942734804232016
INFO - 11/06/25 18:16:59 - 0:27:07 - Epoch 49: train_loss=0.9292927980422974, train_AUC=0.9815167316832007, train_AP=0.9751501242219844, time=0.464414119720459
INFO - 11/06/25 18:16:59 - 0:27:07 - Epoch 49: val_AUC=0.9510977759386934, val_AP=0.943095846189866
INFO - 11/06/25 18:16:59 - 0:27:07 - Epoch 50: train_loss=0.9257622957229614, train_AUC=0.9820269724065679, train_AP=0.976099438036526, time=0.467928409576416
INFO - 11/06/25 18:17:00 - 0:27:08 - Epoch 50: val_AUC=0.9513588408554784, val_AP=0.9434220805113666
INFO - 11/06/25 18:17:00 - 0:27:08 - Epoch 51: train_loss=0.9236671328544617, train_AUC=0.9819931924540284, train_AP=0.9759556664742202, time=0.5183396339416504
INFO - 11/06/25 18:17:00 - 0:27:08 - Epoch 51: val_AUC=0.9515327483741479, val_AP=0.9436717291170987
INFO - 11/06/25 18:17:01 - 0:27:09 - Epoch 52: train_loss=0.9182913899421692, train_AUC=0.9825299953509203, train_AP=0.9766100485010116, time=0.46250343322753906
INFO - 11/06/25 18:17:01 - 0:27:09 - Epoch 52: val_AUC=0.9517323143791785, val_AP=0.9439366818248502
INFO - 11/06/25 18:17:01 - 0:27:10 - Epoch 53: train_loss=0.9146733283996582, train_AUC=0.9828818272940348, train_AP=0.9769852995100299, time=0.4820871353149414
INFO - 11/06/25 18:17:02 - 0:27:10 - Epoch 53: val_AUC=0.9518846361871001, val_AP=0.9441391630640296
INFO - 11/06/25 18:17:02 - 0:27:10 - Epoch 54: train_loss=0.9115054607391357, train_AUC=0.983092596057448, train_AP=0.977545094216121, time=0.5137012004852295
INFO - 11/06/25 18:17:02 - 0:27:11 - Epoch 54: val_AUC=0.9520336997745312, val_AP=0.9443574460421323
INFO - 11/06/25 18:17:03 - 0:27:11 - Epoch 55: train_loss=0.9072321653366089, train_AUC=0.9838266335455278, train_AP=0.9782163321420101, time=0.4654262065887451
INFO - 11/06/25 18:17:03 - 0:27:11 - Epoch 55: val_AUC=0.9521687122860979, val_AP=0.9445739256633539
INFO - 11/06/25 18:17:04 - 0:27:12 - Epoch 56: train_loss=0.9068361520767212, train_AUC=0.9836038966752592, train_AP=0.977811281685535, time=0.4930145740509033
INFO - 11/06/25 18:17:04 - 0:27:12 - Epoch 56: val_AUC=0.9523141103754773, val_AP=0.9447880986638989
INFO - 11/06/25 18:17:04 - 0:27:12 - Epoch 57: train_loss=0.904400110244751, train_AUC=0.9837599958084962, train_AP=0.9780543526732826, time=0.4787604808807373
INFO - 11/06/25 18:17:04 - 0:27:13 - Epoch 57: val_AUC=0.9524481046931408, val_AP=0.9449902523355095
INFO - 11/06/25 18:17:05 - 0:27:13 - Epoch 58: train_loss=0.9015631675720215, train_AUC=0.9840325012217706, train_AP=0.9784538315499471, time=0.4765481948852539
INFO - 11/06/25 18:17:05 - 0:27:13 - Epoch 58: val_AUC=0.9525757862086043, val_AP=0.9451545748058547
INFO - 11/06/25 18:17:06 - 0:27:14 - Epoch 59: train_loss=0.8958658576011658, train_AUC=0.9849657571247366, train_AP=0.9798529057091532, time=0.466205358505249
INFO - 11/06/25 18:17:06 - 0:27:14 - Epoch 59: val_AUC=0.952715889689687, val_AP=0.94533219202203
INFO - 11/06/25 18:17:06 - 0:27:14 - Epoch 60: train_loss=0.8935940861701965, train_AUC=0.9848615348755474, train_AP=0.9797982040148218, time=0.45836949348449707
INFO - 11/06/25 18:17:06 - 0:27:15 - Epoch 60: val_AUC=0.9528612877790665, val_AP=0.9455222891991173
INFO - 11/06/25 18:17:07 - 0:27:15 - Epoch 61: train_loss=0.8903715014457703, train_AUC=0.9852148439430723, train_AP=0.9801166892561723, time=0.5071187019348145
INFO - 11/06/25 18:17:07 - 0:27:15 - Epoch 61: val_AUC=0.9529865256291624, val_AP=0.9457020086855311
INFO - 11/06/25 18:17:08 - 0:27:16 - Epoch 62: train_loss=0.8869738578796387, train_AUC=0.9855126716400601, train_AP=0.9806922840279502, time=0.4512183666229248
INFO - 11/06/25 18:17:08 - 0:27:16 - Epoch 62: val_AUC=0.9531125780343808, val_AP=0.9458840958664956
INFO - 11/06/25 18:17:08 - 0:27:16 - Epoch 63: train_loss=0.884028434753418, train_AUC=0.9857583760601241, train_AP=0.9807189192207555, time=0.492034912109375
INFO - 11/06/25 18:17:09 - 0:27:17 - Epoch 63: val_AUC=0.9532414813825281, val_AP=0.94609899337433
INFO - 11/06/25 18:17:09 - 0:27:17 - Epoch 64: train_loss=0.8829023838043213, train_AUC=0.9857298272449689, train_AP=0.9805445632265043, time=0.456129789352417
INFO - 11/06/25 18:17:09 - 0:27:17 - Epoch 64: val_AUC=0.9533614246243273, val_AP=0.9463004118846612
INFO - 11/06/25 18:17:10 - 0:27:18 - Epoch 65: train_loss=0.8798556327819824, train_AUC=0.9858383522992703, train_AP=0.9806044777551787, time=0.5030241012573242
INFO - 11/06/25 18:17:10 - 0:27:18 - Epoch 65: val_AUC=0.9534948080256487, val_AP=0.9465219103272308
INFO - 11/06/25 18:17:10 - 0:27:18 - Epoch 66: train_loss=0.8765579462051392, train_AUC=0.9862905871378159, train_AP=0.9814654462361683, time=0.45811915397644043
INFO - 11/06/25 18:17:11 - 0:27:19 - Epoch 66: val_AUC=0.9535845109085221, val_AP=0.9466798265192512
INFO - 11/06/25 18:17:11 - 0:27:19 - Epoch 67: train_loss=0.8733852505683899, train_AUC=0.986469501828674, train_AP=0.9816487451109823, time=0.4715845584869385
INFO - 11/06/25 18:17:11 - 0:27:19 - Epoch 67: val_AUC=0.9536848030079891, val_AP=0.9468488559442987
INFO - 11/06/25 18:17:12 - 0:27:20 - Epoch 68: train_loss=0.8714907169342041, train_AUC=0.9868491238589168, train_AP=0.9822832288501744, time=0.4967648983001709
INFO - 11/06/25 18:17:12 - 0:27:20 - Epoch 68: val_AUC=0.9537953788658785, val_AP=0.9470232852636132
INFO - 11/06/25 18:17:12 - 0:27:21 - Epoch 69: train_loss=0.8675107955932617, train_AUC=0.9874862437043326, train_AP=0.9830622478583286, time=0.47828006744384766
INFO - 11/06/25 18:17:13 - 0:27:21 - Epoch 69: val_AUC=0.9538798889598458, val_AP=0.9471672862494788
INFO - 11/06/25 18:17:13 - 0:27:21 - Epoch 70: train_loss=0.8653587102890015, train_AUC=0.9872473609678021, train_AP=0.9826556715760388, time=0.473447322845459
INFO - 11/06/25 18:17:13 - 0:27:21 - Epoch 70: val_AUC=0.9539729518825998, val_AP=0.9473188585909614
INFO - 11/06/25 18:17:14 - 0:27:22 - Epoch 71: train_loss=0.8630996942520142, train_AUC=0.9876758889018039, train_AP=0.9834184382343198, time=0.4987161159515381
INFO - 11/06/25 18:17:14 - 0:27:22 - Epoch 71: val_AUC=0.954087193238541, val_AP=0.947495250047386
INFO - 11/06/25 18:17:15 - 0:27:23 - Epoch 72: train_loss=0.8604657649993896, train_AUC=0.9875136526662404, train_AP=0.9830707494375667, time=0.4816279411315918
INFO - 11/06/25 18:17:15 - 0:27:23 - Epoch 72: val_AUC=0.9542348313545075, val_AP=0.9476744873586203
INFO - 11/06/25 18:17:15 - 0:27:23 - Epoch 73: train_loss=0.8566890954971313, train_AUC=0.9883413967641649, train_AP=0.9840811762467901, time=0.3947603702545166
INFO - 11/06/25 18:17:15 - 0:27:23 - Epoch 73: val_AUC=0.954356200067771, val_AP=0.9478801725622585
INFO - 11/06/25 18:17:16 - 0:27:24 - Epoch 74: train_loss=0.8557181358337402, train_AUC=0.9881952762782219, train_AP=0.9839456629849592, time=0.4727439880371094
INFO - 11/06/25 18:17:16 - 0:27:24 - Epoch 74: val_AUC=0.9544405065229574, val_AP=0.9480304564168233
INFO - 11/06/25 18:17:16 - 0:27:25 - Epoch 75: train_loss=0.8549655675888062, train_AUC=0.9882211144195003, train_AP=0.9839611773310749, time=0.4945559501647949
INFO - 11/06/25 18:17:17 - 0:27:25 - Epoch 75: val_AUC=0.9545696135098856, val_AP=0.948219447010949
INFO - 11/06/25 18:17:17 - 0:27:25 - Epoch 76: train_loss=0.8539004921913147, train_AUC=0.9878768857836387, train_AP=0.9834448619835982, time=0.4604804515838623
INFO - 11/06/25 18:17:17 - 0:27:26 - Epoch 76: val_AUC=0.9546880294608295, val_AP=0.9484238693265954
INFO - 11/06/25 18:17:18 - 0:27:26 - Epoch 77: train_loss=0.8498942852020264, train_AUC=0.9885672800309513, train_AP=0.9844529859438447, time=0.41373729705810547
INFO - 11/06/25 18:17:18 - 0:27:26 - Epoch 77: val_AUC=0.9547942270849352, val_AP=0.9486068449696023
INFO - 11/06/25 18:17:18 - 0:27:27 - Epoch 78: train_loss=0.844855785369873, train_AUC=0.9891328980375148, train_AP=0.9851770813084313, time=0.4697988033294678
INFO - 11/06/25 18:17:19 - 0:27:27 - Epoch 78: val_AUC=0.9549100975511214, val_AP=0.9488039244825043
INFO - 11/06/25 18:17:19 - 0:27:27 - Epoch 79: train_loss=0.8448811769485474, train_AUC=0.9891401059537694, train_AP=0.9854026397312774, time=0.4684479236602783
INFO - 11/06/25 18:17:19 - 0:27:28 - Epoch 79: val_AUC=0.9550141569680304, val_AP=0.9489678489610042
INFO - 11/06/25 18:17:20 - 0:27:28 - Epoch 80: train_loss=0.8397637605667114, train_AUC=0.9899054610507156, train_AP=0.9865202982406879, time=0.560338020324707
INFO - 11/06/25 18:17:20 - 0:27:28 - Epoch 80: val_AUC=0.9551393948181262, val_AP=0.9491521738027484
INFO - 11/06/25 18:17:21 - 0:27:29 - Epoch 81: train_loss=0.8427205085754395, train_AUC=0.9891164638616474, train_AP=0.9852819768728057, time=0.42479372024536133
INFO - 11/06/25 18:17:21 - 0:27:29 - Epoch 81: val_AUC=0.9552639199324896, val_AP=0.9493418835565135
INFO - 11/06/25 18:17:21 - 0:27:29 - Epoch 82: train_loss=0.8369940519332886, train_AUC=0.9896887758642282, train_AP=0.9858117656571918, time=0.47455692291259766
INFO - 11/06/25 18:17:21 - 0:27:30 - Epoch 82: val_AUC=0.9553469027356019, val_AP=0.9494769808721807
INFO - 11/06/25 18:17:22 - 0:27:30 - Epoch 83: train_loss=0.8351304531097412, train_AUC=0.9896268444248597, train_AP=0.9859364251968159, time=0.5093011856079102
INFO - 11/06/25 18:17:22 - 0:27:30 - Epoch 83: val_AUC=0.9554513694300721, val_AP=0.9496304210459445
INFO - 11/06/25 18:17:23 - 0:27:31 - Epoch 84: train_loss=0.8326541185379028, train_AUC=0.9897865087696673, train_AP=0.9860718689431451, time=0.46570801734924316
INFO - 11/06/25 18:17:23 - 0:27:31 - Epoch 84: val_AUC=0.9555442287140454, val_AP=0.9497697945854088
INFO - 11/06/25 18:17:23 - 0:27:32 - Epoch 85: train_loss=0.8293647766113281, train_AUC=0.9901584876893764, train_AP=0.986508051195438, time=0.4824519157409668
INFO - 11/06/25 18:17:23 - 0:27:32 - Epoch 85: val_AUC=0.955644011716561, val_AP=0.9499512224638493
INFO - 11/06/25 18:17:24 - 0:27:32 - Epoch 86: train_loss=0.8289334177970886, train_AUC=0.9899649761139173, train_AP=0.9865360854657614, time=0.4292302131652832
INFO - 11/06/25 18:17:24 - 0:27:32 - Epoch 86: val_AUC=0.955737074639315, val_AP=0.9501354971534989
INFO - 11/06/25 18:17:25 - 0:27:33 - Epoch 87: train_loss=0.8256102800369263, train_AUC=0.9905040858398937, train_AP=0.9873687247471937, time=0.4959909915924072
INFO - 11/06/25 18:17:25 - 0:27:33 - Epoch 87: val_AUC=0.9558175119576692, val_AP=0.9502958070135467
INFO - 11/06/25 18:17:25 - 0:27:33 - Epoch 88: train_loss=0.8244222402572632, train_AUC=0.9903742207672955, train_AP=0.9868416858189596, time=0.45575761795043945
INFO - 11/06/25 18:17:26 - 0:27:34 - Epoch 88: val_AUC=0.9559258477889716, val_AP=0.9504932636840018
INFO - 11/06/25 18:17:26 - 0:27:34 - Epoch 89: train_loss=0.821732759475708, train_AUC=0.99035046895197, train_AP=0.9865482771562089, time=0.4687514305114746
INFO - 11/06/25 18:17:26 - 0:27:34 - Epoch 89: val_AUC=0.9560341836202739, val_AP=0.9506681844545765
INFO - 11/06/25 18:17:27 - 0:27:35 - Epoch 90: train_loss=0.8206287622451782, train_AUC=0.9907623171978319, train_AP=0.987529320713263, time=0.4915890693664551
INFO - 11/06/25 18:17:27 - 0:27:35 - Epoch 90: val_AUC=0.9561511740997537, val_AP=0.9508401918765308
INFO - 11/06/25 18:17:27 - 0:27:36 - Epoch 91: train_loss=0.8176226019859314, train_AUC=0.9907216466985606, train_AP=0.9872649172541512, time=0.45333099365234375
INFO - 11/06/25 18:17:28 - 0:27:36 - Epoch 91: val_AUC=0.9562604263055688, val_AP=0.9509904636355639
INFO - 11/06/25 18:17:28 - 0:27:36 - Epoch 92: train_loss=0.8151047229766846, train_AUC=0.9910819579733487, train_AP=0.9880085608723004, time=0.48107361793518066
INFO - 11/06/25 18:17:28 - 0:27:36 - Epoch 92: val_AUC=0.9563616347795488, val_AP=0.9511515128712772
INFO - 11/06/25 18:17:29 - 0:27:37 - Epoch 93: train_loss=0.8132203817367554, train_AUC=0.991005020168724, train_AP=0.9877035606002966, time=0.506230354309082
INFO - 11/06/25 18:17:29 - 0:27:37 - Epoch 93: val_AUC=0.956464574183164, val_AP=0.9513290602260758
INFO - 11/06/25 18:17:29 - 0:27:38 - Epoch 94: train_loss=0.8111050128936768, train_AUC=0.9912443469055692, train_AP=0.98793433383536, time=0.46073102951049805
INFO - 11/06/25 18:17:30 - 0:27:38 - Epoch 94: val_AUC=0.9565644590050699, val_AP=0.9514775027128761
INFO - 11/06/25 18:17:30 - 0:27:38 - Epoch 95: train_loss=0.8088569641113281, train_AUC=0.9913994613479061, train_AP=0.9882989835063661, time=0.4600539207458496
INFO - 11/06/25 18:17:30 - 0:27:38 - Epoch 95: val_AUC=0.9566444890458627, val_AP=0.9516341103728576
INFO - 11/06/25 18:17:31 - 0:27:39 - Epoch 96: train_loss=0.8073567152023315, train_AUC=0.9915345339577133, train_AP=0.988317828318973, time=0.48386359214782715
INFO - 11/06/25 18:17:31 - 0:27:39 - Epoch 96: val_AUC=0.9567349046644684, val_AP=0.9517994492828559
INFO - 11/06/25 18:17:32 - 0:27:40 - Epoch 97: train_loss=0.803657591342926, train_AUC=0.9918889406095147, train_AP=0.9890918706386892, time=0.4585700035095215
INFO - 11/06/25 18:17:32 - 0:27:40 - Epoch 97: val_AUC=0.9568255239218548, val_AP=0.9519591940692728
INFO - 11/06/25 18:17:32 - 0:27:40 - Epoch 98: train_loss=0.8037094473838806, train_AUC=0.9915267615745771, train_AP=0.9883120638780251, time=0.4633164405822754
INFO - 11/06/25 18:17:32 - 0:27:41 - Epoch 98: val_AUC=0.9568750081455513, val_AP=0.9520891857019685
INFO - 11/06/25 18:17:33 - 0:27:41 - Epoch 99: train_loss=0.8014134168624878, train_AUC=0.9920109371370681, train_AP=0.9890888970285934, time=0.5387248992919922
INFO - 11/06/25 18:17:33 - 0:27:41 - Epoch 99: val_AUC=0.9569257142019315, val_AP=0.9522078951803618
INFO - 11/06/25 18:17:34 - 0:27:42 - Epoch 100: train_loss=0.7990643978118896, train_AUC=0.9922137325636128, train_AP=0.9894541765231002, time=0.4828941822052002
INFO - 11/06/25 18:17:34 - 0:27:42 - Epoch 100: val_AUC=0.9569637946539118, val_AP=0.9523167956035891
INFO - 11/06/25 18:17:34 - 0:27:42 - Epoch 101: train_loss=0.7975045442581177, train_AUC=0.9922160330523514, train_AP=0.9894154875045509, time=0.4876396656036377
INFO - 11/06/25 18:17:34 - 0:27:43 - Epoch 101: val_AUC=0.9570024860222341, val_AP=0.9524260229254189
INFO - 11/06/25 18:17:35 - 0:27:43 - Epoch 102: train_loss=0.7951128482818604, train_AUC=0.99240067518876, train_AP=0.9897154233897333, time=0.4893918037414551
INFO - 11/06/25 18:17:35 - 0:27:43 - Epoch 102: val_AUC=0.9570216280676145, val_AP=0.9525247422456824
INFO - 11/06/25 18:17:36 - 0:27:44 - Epoch 103: train_loss=0.7931751608848572, train_AUC=0.9926687164703502, train_AP=0.9900376769968388, time=0.4956974983215332
INFO - 11/06/25 18:17:36 - 0:27:44 - Epoch 103: val_AUC=0.9570210171512725, val_AP=0.9526122639169081
INFO - 11/06/25 18:17:36 - 0:27:45 - Epoch 104: train_loss=0.7916541695594788, train_AUC=0.9928220913684158, train_AP=0.9901227980532215, time=0.4525902271270752
INFO - 11/06/25 18:17:37 - 0:27:45 - Epoch 104: val_AUC=0.9570483047478789, val_AP=0.952712425335831
INFO - 11/06/25 18:17:37 - 0:27:45 - Epoch 105: train_loss=0.7909825444221497, train_AUC=0.9927639544497848, train_AP=0.990110419862996, time=0.48024582862854004
INFO - 11/06/25 18:17:37 - 0:27:45 - Epoch 105: val_AUC=0.9570415846681175, val_AP=0.9527722469104294
INFO - 11/06/25 18:17:38 - 0:27:46 - Epoch 106: train_loss=0.7881345748901367, train_AUC=0.9929376078866167, train_AP=0.9904496134600232, time=0.4911007881164551
INFO - 11/06/25 18:17:38 - 0:27:46 - Epoch 106: val_AUC=0.9570423992232402, val_AP=0.9528603767868411
INFO - 11/06/25 18:17:38 - 0:27:47 - Epoch 107: train_loss=0.786949098110199, train_AUC=0.9930889130140762, train_AP=0.9907738808773071, time=0.4475691318511963
INFO - 11/06/25 18:17:39 - 0:27:47 - Epoch 107: val_AUC=0.9570377155312854, val_AP=0.9529359861839135
INFO - 11/06/25 18:17:39 - 0:27:47 - Epoch 108: train_loss=0.7850354909896851, train_AUC=0.993304184127368, train_AP=0.9911559568221111, time=0.4548683166503906
INFO - 11/06/25 18:17:39 - 0:27:47 - Epoch 108: val_AUC=0.9570171480144405, val_AP=0.9529872732679453
INFO - 11/06/25 18:17:40 - 0:27:48 - Epoch 109: train_loss=0.782451868057251, train_AUC=0.9934699559862225, train_AP=0.9912168431374554, time=0.476454496383667
INFO - 11/06/25 18:17:40 - 0:27:48 - Epoch 109: val_AUC=0.957008798824434, val_AP=0.9530707011459272
INFO - 11/06/25 18:17:40 - 0:27:49 - Epoch 110: train_loss=0.7803875207901001, train_AUC=0.9934653851253868, train_AP=0.9911212888194301, time=0.4889364242553711
INFO - 11/06/25 18:17:41 - 0:27:49 - Epoch 110: val_AUC=0.9569933222771051, val_AP=0.9531387664210842
INFO - 11/06/25 18:17:41 - 0:27:49 - Epoch 111: train_loss=0.7798670530319214, train_AUC=0.9934134969696135, train_AP=0.9907291252557255, time=0.4564836025238037
INFO - 11/06/25 18:17:41 - 0:27:50 - Epoch 111: val_AUC=0.9569784566461182, val_AP=0.9532025679879355
INFO - 11/06/25 18:17:42 - 0:27:50 - Epoch 112: train_loss=0.7797802090644836, train_AUC=0.9932993971664189, train_AP=0.9909013339760412, time=0.4870932102203369
INFO - 11/06/25 18:17:42 - 0:27:50 - Epoch 112: val_AUC=0.9569629800987891, val_AP=0.9532582845780215
INFO - 11/06/25 18:17:43 - 0:27:51 - Epoch 113: train_loss=0.778235912322998, train_AUC=0.9933234982291161, train_AP=0.9908501884710134, time=0.5005030632019043
INFO - 11/06/25 18:17:43 - 0:27:51 - Epoch 113: val_AUC=0.9569550381863441, val_AP=0.9533407780006701
INFO - 11/06/25 18:17:43 - 0:27:51 - Epoch 114: train_loss=0.7747311592102051, train_AUC=0.9939357660331194, train_AP=0.9918585978224594, time=0.44913268089294434
INFO - 11/06/25 18:17:43 - 0:27:52 - Epoch 114: val_AUC=0.9569631837375698, val_AP=0.9534151542694618
INFO - 11/06/25 18:17:44 - 0:27:52 - Epoch 115: train_loss=0.7739124298095703, train_AUC=0.9941162200189995, train_AP=0.9920569221467612, time=0.4754774570465088
INFO - 11/06/25 18:17:44 - 0:27:52 - Epoch 115: val_AUC=0.9569530017985375, val_AP=0.9534875817587922
INFO - 11/06/25 18:17:45 - 0:27:53 - Epoch 116: train_loss=0.7720829248428345, train_AUC=0.9938453919793849, train_AP=0.9913358454668726, time=0.4190690517425537
INFO - 11/06/25 18:17:45 - 0:27:53 - Epoch 116: val_AUC=0.9569165504568026, val_AP=0.953538914882729
INFO - 11/06/25 18:17:45 - 0:27:53 - Epoch 117: train_loss=0.7697199583053589, train_AUC=0.9941219863872273, train_AP=0.9917127724445961, time=0.47266268730163574
INFO - 11/06/25 18:17:45 - 0:27:54 - Epoch 117: val_AUC=0.9569045357687447, val_AP=0.9536063422231115
INFO - 11/06/25 18:17:46 - 0:27:54 - Epoch 118: train_loss=0.7709380984306335, train_AUC=0.993754751102772, train_AP=0.9913804736740337, time=0.44400691986083984
INFO - 11/06/25 18:17:46 - 0:27:54 - Epoch 118: val_AUC=0.9568576988491966, val_AP=0.9536459399255476
INFO - 11/06/25 18:17:47 - 0:27:55 - Epoch 119: train_loss=0.7675474882125854, train_AUC=0.994188737017635, train_AP=0.991972338217172, time=0.4643259048461914
INFO - 11/06/25 18:17:47 - 0:27:55 - Epoch 119: val_AUC=0.9568177856481905, val_AP=0.9536799513893738
INFO - 11/06/25 18:17:47 - 0:27:55 - Epoch 120: train_loss=0.7662326097488403, train_AUC=0.9944401600772139, train_AP=0.9923335204622727, time=0.49052000045776367
INFO - 11/06/25 18:17:48 - 0:27:56 - Epoch 120: val_AUC=0.9567799088349906, val_AP=0.9537181194953914
INFO - 11/06/25 18:17:48 - 0:27:56 - Epoch 121: train_loss=0.7656115889549255, train_AUC=0.9941465511757588, train_AP=0.9918111237122214, time=0.4457857608795166
INFO - 11/06/25 18:17:48 - 0:27:56 - Epoch 121: val_AUC=0.9567426429381329, val_AP=0.9537586253090871
INFO - 11/06/25 18:17:49 - 0:27:57 - Epoch 122: train_loss=0.7633410096168518, train_AUC=0.9943317831404315, train_AP=0.9919826287608434, time=0.4788329601287842
INFO - 11/06/25 18:17:49 - 0:27:57 - Epoch 122: val_AUC=0.9566793112773527, val_AP=0.9537754165970925
INFO - 11/06/25 18:17:49 - 0:27:58 - Epoch 123: train_loss=0.7615289688110352, train_AUC=0.9946612521561543, train_AP=0.9927178258727278, time=0.4732651710510254
INFO - 11/06/25 18:17:50 - 0:27:58 - Epoch 123: val_AUC=0.9566196451146242, val_AP=0.9538056817089391
INFO - 11/06/25 18:17:50 - 0:27:58 - Epoch 124: train_loss=0.7621170282363892, train_AUC=0.9945228936622255, train_AP=0.9925640145100271, time=0.4383702278137207
INFO - 11/06/25 18:17:50 - 0:27:58 - Epoch 124: val_AUC=0.9565836010504503, val_AP=0.9538581676265336
INFO - 11/06/25 18:17:51 - 0:27:59 - Epoch 125: train_loss=0.7617360353469849, train_AUC=0.9944898696197814, train_AP=0.9924803383443254, time=0.4477102756500244
INFO - 11/06/25 18:17:51 - 0:27:59 - Epoch 125: val_AUC=0.9565379859635862, val_AP=0.9538955303399396
INFO - 11/06/25 18:17:51 - 0:28:00 - Epoch 126: train_loss=0.7587543725967407, train_AUC=0.9948949808961723, train_AP=0.9931885573033391, time=0.5027322769165039
INFO - 11/06/25 18:17:52 - 0:28:00 - Epoch 126: val_AUC=0.9565013309830703, val_AP=0.9539512387389039
INFO - 11/06/25 18:17:52 - 0:28:00 - Epoch 127: train_loss=0.7571788430213928, train_AUC=0.9949422376055852, train_AP=0.9931522956361901, time=0.4953501224517822
INFO - 11/06/25 18:17:52 - 0:28:00 - Epoch 127: val_AUC=0.9564655923770674, val_AP=0.9539938672697054
INFO - 11/06/25 18:17:53 - 0:28:01 - Epoch 128: train_loss=0.7566254138946533, train_AUC=0.9948031195030259, train_AP=0.9929895218606187, time=0.46421289443969727
INFO - 11/06/25 18:17:53 - 0:28:01 - Epoch 128: val_AUC=0.9564155990564194, val_AP=0.954009014424422
INFO - 11/06/25 18:17:53 - 0:28:02 - Epoch 129: train_loss=0.7560610175132751, train_AUC=0.9948006207023656, train_AP=0.993028827437516, time=0.5156524181365967
INFO - 11/06/25 18:17:54 - 0:28:02 - Epoch 129: val_AUC=0.9563518601180778, val_AP=0.9540292426522445
INFO - 11/06/25 18:17:54 - 0:28:02 - Epoch 130: train_loss=0.755035400390625, train_AUC=0.9949246521286242, train_AP=0.9929375988085488, time=0.4766581058502197
INFO - 11/06/25 18:17:54 - 0:28:03 - Epoch 130: val_AUC=0.9562985067575492, val_AP=0.9540601325883891
INFO - 11/06/25 18:17:55 - 0:28:03 - Epoch 131: train_loss=0.752499520778656, train_AUC=0.9952185551516683, train_AP=0.9935055967773843, time=0.508476972579956
INFO - 11/06/25 18:17:55 - 0:28:03 - Epoch 131: val_AUC=0.9562266222679822, val_AP=0.9540818257640095
INFO - 11/06/25 18:17:56 - 0:28:04 - Epoch 132: train_loss=0.7504861354827881, train_AUC=0.9951595168472338, train_AP=0.9931704899293896, time=0.5343098640441895
INFO - 11/06/25 18:17:56 - 0:28:04 - Epoch 132: val_AUC=0.9561406867025505, val_AP=0.9540743783453282
INFO - 11/06/25 18:17:56 - 0:28:05 - Epoch 133: train_loss=0.7515885829925537, train_AUC=0.994788610678781, train_AP=0.9926374457647894, time=0.4928884506225586
INFO - 11/06/25 18:17:57 - 0:28:05 - Epoch 133: val_AUC=0.9560514929166286, val_AP=0.9540789405279488
INFO - 11/06/25 18:17:57 - 0:28:05 - Epoch 134: train_loss=0.7489182949066162, train_AUC=0.99545312345912, train_AP=0.9938012925623075, time=0.4904611110687256
INFO - 11/06/25 18:17:57 - 0:28:05 - Epoch 134: val_AUC=0.9559967140846356, val_AP=0.9541179304642641
INFO - 11/06/25 18:17:58 - 0:28:06 - Epoch 135: train_loss=0.7473082542419434, train_AUC=0.9953014102599709, train_AP=0.9935535295787755, time=0.5249032974243164
INFO - 11/06/25 18:17:58 - 0:28:06 - Epoch 135: val_AUC=0.9559229968460425, val_AP=0.9541296427007466
INFO - 11/06/25 18:17:59 - 0:28:07 - Epoch 136: train_loss=0.7475508451461792, train_AUC=0.9953344431084507, train_AP=0.993601391726727, time=0.49098801612854004
INFO - 11/06/25 18:17:59 - 0:28:07 - Epoch 136: val_AUC=0.9558802327021072, val_AP=0.9541514440633185
INFO - 11/06/25 18:17:59 - 0:28:07 - Epoch 137: train_loss=0.7459120750427246, train_AUC=0.9954974919649786, train_AP=0.9939343358403177, time=0.48064446449279785
INFO - 11/06/25 18:17:59 - 0:28:08 - Epoch 137: val_AUC=0.9558435777215916, val_AP=0.9541792413255886
INFO - 11/06/25 18:18:00 - 0:28:08 - Epoch 138: train_loss=0.7449899911880493, train_AUC=0.9955385011443788, train_AP=0.9939233458502453, time=0.5110130310058594
INFO - 11/06/25 18:18:00 - 0:28:08 - Epoch 138: val_AUC=0.9558081445737596, val_AP=0.9542225664479579
INFO - 11/06/25 18:18:01 - 0:28:09 - Epoch 139: train_loss=0.7440546751022339, train_AUC=0.9952904747488494, train_AP=0.9931835396908162, time=0.46466851234436035
INFO - 11/06/25 18:18:01 - 0:28:09 - Epoch 139: val_AUC=0.955758253072502, val_AP=0.9542652643367003
INFO - 11/06/25 18:18:01 - 0:28:10 - Epoch 140: train_loss=0.7414351105690002, train_AUC=0.9957986427075582, train_AP=0.9942827122581006, time=0.4947216510772705
INFO - 11/06/25 18:18:02 - 0:28:10 - Epoch 140: val_AUC=0.9557165071224699, val_AP=0.9542914450537208
INFO - 11/06/25 18:18:02 - 0:28:10 - Epoch 141: train_loss=0.7392770648002625, train_AUC=0.9958376048359241, train_AP=0.994426441908151, time=0.5185117721557617
INFO - 11/06/25 18:18:02 - 0:28:10 - Epoch 141: val_AUC=0.9556515463514447, val_AP=0.9543110196821065
INFO - 11/06/25 18:18:03 - 0:28:11 - Epoch 142: train_loss=0.7407002449035645, train_AUC=0.9957221955752368, train_AP=0.9941868128199967, time=0.48253965377807617
INFO - 11/06/25 18:18:03 - 0:28:11 - Epoch 142: val_AUC=0.9555812909721227, val_AP=0.9543159655246761
INFO - 11/06/25 18:18:04 - 0:28:12 - Epoch 143: train_loss=0.7391795516014099, train_AUC=0.9957416983022672, train_AP=0.9940671888430256, time=0.4865396022796631
INFO - 11/06/25 18:18:04 - 0:28:12 - Epoch 143: val_AUC=0.9555226430032974, val_AP=0.9543303628686831
INFO - 11/06/25 18:18:04 - 0:28:12 - Epoch 144: train_loss=0.7377063035964966, train_AUC=0.9956813279968889, train_AP=0.9940439900907561, time=0.5238072872161865
INFO - 11/06/25 18:18:04 - 0:28:13 - Epoch 144: val_AUC=0.9554475002932399, val_AP=0.9543143689620123
INFO - 11/06/25 18:18:05 - 0:28:13 - Epoch 145: train_loss=0.7374407052993774, train_AUC=0.9958041554619609, train_AP=0.994164416647068, time=0.5074543952941895
INFO - 11/06/25 18:18:05 - 0:28:13 - Epoch 145: val_AUC=0.9553715430280597, val_AP=0.9543175047348174
INFO - 11/06/25 18:18:06 - 0:28:14 - Epoch 146: train_loss=0.7330195903778076, train_AUC=0.99624707404321, train_AP=0.9947193258113557, time=0.5056703090667725
INFO - 11/06/25 18:18:06 - 0:28:14 - Epoch 146: val_AUC=0.955288051127996, val_AP=0.954324511356017
INFO - 11/06/25 18:18:06 - 0:28:15 - Epoch 147: train_loss=0.7349225282669067, train_AUC=0.9959416685764727, train_AP=0.9941119409821612, time=0.4968686103820801
INFO - 11/06/25 18:18:07 - 0:28:15 - Epoch 147: val_AUC=0.9552137229730611, val_AP=0.9543265680005004
INFO - 11/06/25 18:18:07 - 0:28:15 - Epoch 148: train_loss=0.7336615920066833, train_AUC=0.9959817045128191, train_AP=0.9944223028955828, time=0.49782729148864746
INFO - 11/06/25 18:18:07 - 0:28:15 - Epoch 148: val_AUC=0.9551465221754488, val_AP=0.9543509162194338
INFO - 11/06/25 18:18:08 - 0:28:16 - Epoch 149: train_loss=0.7327183485031128, train_AUC=0.9961902849763871, train_AP=0.9949179837834471, time=0.47000575065612793
INFO - 11/06/25 18:18:08 - 0:28:16 - Epoch 149: val_AUC=0.9550683248836814, val_AP=0.9543383226317553
INFO - 11/06/25 18:18:08 - 0:28:17 - Epoch 150: train_loss=0.7312427759170532, train_AUC=0.9961662624635274, train_AP=0.9946953026272998, time=0.4796319007873535
INFO - 11/06/25 18:18:09 - 0:28:17 - Epoch 150: val_AUC=0.9549972549492369, val_AP=0.9543389954007805
INFO - 11/06/25 18:18:09 - 0:28:17 - Epoch 151: train_loss=0.7305703163146973, train_AUC=0.9960806080926301, train_AP=0.9945948904083466, time=0.5440876483917236
INFO - 11/06/25 18:18:09 - 0:28:18 - Epoch 151: val_AUC=0.954914373965515, val_AP=0.9543357738387096
INFO - 11/06/25 18:18:10 - 0:28:18 - Epoch 152: train_loss=0.7293015718460083, train_AUC=0.9963515754437274, train_AP=0.9948904196334225, time=0.48709702491760254
INFO - 11/06/25 18:18:10 - 0:28:18 - Epoch 152: val_AUC=0.9548428967535093, val_AP=0.9543415014163401
INFO - 11/06/25 18:18:11 - 0:28:19 - Epoch 153: train_loss=0.7284272313117981, train_AUC=0.9963961725542703, train_AP=0.9951326763492139, time=0.48373985290527344
INFO - 11/06/25 18:18:11 - 0:28:19 - Epoch 153: val_AUC=0.9547817032999257, val_AP=0.9543662045091044
INFO - 11/06/25 18:18:11 - 0:28:20 - Epoch 154: train_loss=0.7268431186676025, train_AUC=0.9964040581830241, train_AP=0.9949720823853048, time=0.49767541885375977
INFO - 11/06/25 18:18:12 - 0:28:20 - Epoch 154: val_AUC=0.9547036078275489, val_AP=0.9543599025559721
INFO - 11/06/25 18:18:12 - 0:28:20 - Epoch 155: train_loss=0.7263408899307251, train_AUC=0.9965241910012044, train_AP=0.9952156716543918, time=0.49236369132995605
INFO - 11/06/25 18:18:12 - 0:28:20 - Epoch 155: val_AUC=0.9546382397789623, val_AP=0.9543572778253235
INFO - 11/06/25 18:18:13 - 0:28:21 - Epoch 156: train_loss=0.7251080274581909, train_AUC=0.9964577362535925, train_AP=0.995133589500039, time=0.47574615478515625
INFO - 11/06/25 18:18:13 - 0:28:21 - Epoch 156: val_AUC=0.9545606534035374, val_AP=0.9543527438341365
INFO - 11/06/25 18:18:13 - 0:28:22 - Epoch 157: train_loss=0.7244565486907959, train_AUC=0.9964174703035964, train_AP=0.9950324941961608, time=0.5136129856109619
INFO - 11/06/25 18:18:14 - 0:28:22 - Epoch 157: val_AUC=0.9545113728186213, val_AP=0.954373752746062
INFO - 11/06/25 18:18:14 - 0:28:22 - Epoch 158: train_loss=0.723530113697052, train_AUC=0.9965870070949087, train_AP=0.9954255127592555, time=0.4622840881347656
INFO - 11/06/25 18:18:14 - 0:28:23 - Epoch 158: val_AUC=0.9544378592188092, val_AP=0.9543773537592202
INFO - 11/06/25 18:18:15 - 0:28:23 - Epoch 159: train_loss=0.7222269773483276, train_AUC=0.9964774054146958, train_AP=0.9947579661367829, time=0.5054099559783936
INFO - 11/06/25 18:18:15 - 0:28:23 - Epoch 159: val_AUC=0.9543507018206936, val_AP=0.9543533433106387
INFO - 11/06/25 18:18:16 - 0:28:24 - Epoch 160: train_loss=0.7225456237792969, train_AUC=0.9964448340024812, train_AP=0.9951356560616575, time=0.5098931789398193
INFO - 11/06/25 18:18:16 - 0:28:24 - Epoch 160: val_AUC=0.9542492897079332, val_AP=0.9543279450145762
INFO - 11/06/25 18:18:16 - 0:28:24 - Epoch 161: train_loss=0.7210870981216431, train_AUC=0.9964106731008419, train_AP=0.9949636552699452, time=0.4775886535644531
INFO - 11/06/25 18:18:17 - 0:28:25 - Epoch 161: val_AUC=0.9541181463331986, val_AP=0.9542811362009299
INFO - 11/06/25 18:18:17 - 0:28:25 - Epoch 162: train_loss=0.7191426753997803, train_AUC=0.9966766557074309, train_AP=0.995527847558676, time=0.4859011173248291
INFO - 11/06/25 18:18:17 - 0:28:25 - Epoch 162: val_AUC=0.9539827265440708, val_AP=0.9542112605175199
INFO - 11/06/25 18:18:18 - 0:28:26 - Epoch 163: train_loss=0.7196916937828064, train_AUC=0.996557840624417, train_AP=0.9949693346713074, time=0.4666721820831299
INFO - 11/06/25 18:18:18 - 0:28:26 - Epoch 163: val_AUC=0.9538754089066714, val_AP=0.9541715343349381
INFO - 11/06/25 18:18:18 - 0:28:27 - Epoch 164: train_loss=0.7178060412406921, train_AUC=0.9967395114282954, train_AP=0.9954860541222904, time=0.4786036014556885
INFO - 11/06/25 18:18:19 - 0:28:27 - Epoch 164: val_AUC=0.9537582147884112, val_AP=0.9541398371829034
INFO - 11/06/25 18:18:19 - 0:28:27 - Epoch 165: train_loss=0.7170755863189697, train_AUC=0.9965004289708775, train_AP=0.9948066377028598, time=0.5173282623291016
INFO - 11/06/25 18:18:19 - 0:28:28 - Epoch 165: val_AUC=0.9536210640696478, val_AP=0.9540984363137477
INFO - 11/06/25 18:18:20 - 0:28:28 - Epoch 166: train_loss=0.7167984247207642, train_AUC=0.9968074779960983, train_AP=0.9954887450213664, time=0.49228715896606445
INFO - 11/06/25 18:18:20 - 0:28:28 - Epoch 166: val_AUC=0.9534990844400422, val_AP=0.9540661972690626
INFO - 11/06/25 18:18:21 - 0:28:29 - Epoch 167: train_loss=0.7145847082138062, train_AUC=0.9968390992370721, train_AP=0.9954173417922444, time=0.53125
INFO - 11/06/25 18:18:21 - 0:28:29 - Epoch 167: val_AUC=0.9533970614109397, val_AP=0.9540465461404789
INFO - 11/06/25 18:18:21 - 0:28:29 - Epoch 168: train_loss=0.7143251299858093, train_AUC=0.9968384062020709, train_AP=0.9955379215946707, time=0.492748498916626
INFO - 11/06/25 18:18:21 - 0:28:30 - Epoch 168: val_AUC=0.9533097003740437, val_AP=0.9540370664078035
INFO - 11/06/25 18:18:22 - 0:28:30 - Epoch 169: train_loss=0.7135874032974243, train_AUC=0.9968709388677288, train_AP=0.9955634826284144, time=0.44942355155944824
INFO - 11/06/25 18:18:22 - 0:28:30 - Epoch 169: val_AUC=0.9532335394700832, val_AP=0.9540216262670986
INFO - 11/06/25 18:18:23 - 0:28:31 - Epoch 170: train_loss=0.7118978500366211, train_AUC=0.9971705193180412, train_AP=0.9960414713949087, time=0.4691932201385498
INFO - 11/06/25 18:18:23 - 0:28:31 - Epoch 170: val_AUC=0.9531421056575742, val_AP=0.9539968760718748
INFO - 11/06/25 18:18:23 - 0:28:31 - Epoch 171: train_loss=0.7111787796020508, train_AUC=0.9970904351168987, train_AP=0.9957537749357224, time=0.521193265914917
INFO - 11/06/25 18:18:23 - 0:28:32 - Epoch 171: val_AUC=0.9530180896401621, val_AP=0.9539394816853873
INFO - 11/06/25 18:18:24 - 0:28:32 - Epoch 172: train_loss=0.7108785510063171, train_AUC=0.9969973227383359, train_AP=0.9959038230301107, time=0.5172257423400879
INFO - 11/06/25 18:18:24 - 0:28:32 - Epoch 172: val_AUC=0.9528922408737244, val_AP=0.953880672753767
INFO - 11/06/25 18:18:25 - 0:28:33 - Epoch 173: train_loss=0.7090015411376953, train_AUC=0.9972089129287492, train_AP=0.9961541995446848, time=0.5022680759429932
INFO - 11/06/25 18:18:25 - 0:28:33 - Epoch 173: val_AUC=0.9527641520806995, val_AP=0.9538200671536466
INFO - 11/06/25 18:18:25 - 0:28:34 - Epoch 174: train_loss=0.7092140913009644, train_AUC=0.9969897972764378, train_AP=0.9956778054163548, time=0.48583364486694336
INFO - 11/06/25 18:18:26 - 0:28:34 - Epoch 174: val_AUC=0.9526317868732814, val_AP=0.9537536493627877
INFO - 11/06/25 18:18:26 - 0:28:34 - Epoch 175: train_loss=0.7090357542037964, train_AUC=0.9971277494598844, train_AP=0.9960086167486933, time=0.5299222469329834
INFO - 11/06/25 18:18:26 - 0:28:35 - Epoch 175: val_AUC=0.9525318002319854, val_AP=0.9537139679754142
INFO - 11/06/25 18:18:27 - 0:28:35 - Epoch 176: train_loss=0.7065010070800781, train_AUC=0.9971823475850514, train_AP=0.9959413806188127, time=0.4966394901275635
INFO - 11/06/25 18:18:27 - 0:28:35 - Epoch 176: val_AUC=0.952428555370199, val_AP=0.9536714641016054
INFO - 11/06/25 18:18:28 - 0:28:36 - Epoch 177: train_loss=0.7072443962097168, train_AUC=0.9971516492166077, train_AP=0.9960866635708095, time=0.508817195892334
INFO - 11/06/25 18:18:28 - 0:28:36 - Epoch 177: val_AUC=0.9523289760064642, val_AP=0.953626490211824
INFO - 11/06/25 18:18:28 - 0:28:36 - Epoch 178: train_loss=0.7033128142356873, train_AUC=0.9974373511787029, train_AP=0.996456864424187, time=0.43419814109802246
INFO - 11/06/25 18:18:28 - 0:28:37 - Epoch 178: val_AUC=0.9521860215824525, val_AP=0.9535538168628844
INFO - 11/06/25 18:18:29 - 0:28:37 - Epoch 179: train_loss=0.7044548988342285, train_AUC=0.9972707637048318, train_AP=0.9961952371108014, time=0.5148539543151855
INFO - 11/06/25 18:18:29 - 0:28:37 - Epoch 179: val_AUC=0.9520432707972214, val_AP=0.9534643421572657
INFO - 11/06/25 18:18:30 - 0:28:38 - Epoch 180: train_loss=0.7032631635665894, train_AUC=0.9973661140492805, train_AP=0.996272045301531, time=0.5055220127105713
INFO - 11/06/25 18:18:30 - 0:28:38 - Epoch 180: val_AUC=0.9518876907688096, val_AP=0.9533809310495984
INFO - 11/06/25 18:18:30 - 0:28:39 - Epoch 181: train_loss=0.7026979923248291, train_AUC=0.9973319022487555, train_AP=0.9962180050702281, time=0.5203208923339844
INFO - 11/06/25 18:18:31 - 0:28:39 - Epoch 181: val_AUC=0.9517306852689336, val_AP=0.9532948253967657
INFO - 11/06/25 18:18:31 - 0:28:39 - Epoch 182: train_loss=0.7036087512969971, train_AUC=0.9972067744710655, train_AP=0.9959977807003058, time=0.42342710494995117
INFO - 11/06/25 18:18:31 - 0:28:39 - Epoch 182: val_AUC=0.9515840653468702, val_AP=0.9532076343146999
INFO - 11/06/25 18:18:32 - 0:28:40 - Epoch 183: train_loss=0.7013700008392334, train_AUC=0.9973282287229469, train_AP=0.9962914407904502, time=0.5132603645324707
INFO - 11/06/25 18:18:32 - 0:28:40 - Epoch 183: val_AUC=0.9514187106569876, val_AP=0.9531246549926176
INFO - 11/06/25 18:18:32 - 0:28:41 - Epoch 184: train_loss=0.7000015377998352, train_AUC=0.9972477487785648, train_AP=0.9958284503427464, time=0.4949829578399658
INFO - 11/06/25 18:18:33 - 0:28:41 - Epoch 184: val_AUC=0.951262825170405, val_AP=0.9530350009610724
INFO - 11/06/25 18:18:33 - 0:28:41 - Epoch 185: train_loss=0.6995551586151123, train_AUC=0.9973740002063965, train_AP=0.9962330262292662, time=0.50490403175354
INFO - 11/06/25 18:18:33 - 0:28:41 - Epoch 185: val_AUC=0.9511579511983735, val_AP=0.9529781172419738
INFO - 11/06/25 18:18:34 - 0:28:42 - Epoch 186: train_loss=0.6996172666549683, train_AUC=0.9975636517442132, train_AP=0.9965732247491771, time=0.5159778594970703
INFO - 11/06/25 18:18:34 - 0:28:42 - Epoch 186: val_AUC=0.9510546045171969, val_AP=0.9529146130249683
INFO - 11/06/25 18:18:35 - 0:28:43 - Epoch 187: train_loss=0.6977493762969971, train_AUC=0.9976222578484208, train_AP=0.9967121127303089, time=0.46218419075012207
INFO - 11/06/25 18:18:35 - 0:28:43 - Epoch 187: val_AUC=0.9509179628953849, val_AP=0.9528333482958338
INFO - 11/06/25 18:18:35 - 0:28:43 - Epoch 188: train_loss=0.6968601942062378, train_AUC=0.9974617999036853, train_AP=0.9963716190932868, time=0.4509744644165039
INFO - 11/06/25 18:18:35 - 0:28:44 - Epoch 188: val_AUC=0.9507157495862062, val_AP=0.9527298909527994
INFO - 11/06/25 18:18:36 - 0:28:44 - Epoch 189: train_loss=0.6961392164230347, train_AUC=0.9974364718079884, train_AP=0.9964356708645838, time=0.4827415943145752
INFO - 11/06/25 18:18:36 - 0:28:44 - Epoch 189: val_AUC=0.9505029470604335, val_AP=0.952605996971841
INFO - 11/06/25 18:18:37 - 0:28:45 - Epoch 190: train_loss=0.6959937214851379, train_AUC=0.9974958229028072, train_AP=0.9964112935786593, time=0.5137758255004883
INFO - 11/06/25 18:18:37 - 0:28:45 - Epoch 190: val_AUC=0.9504084586662149, val_AP=0.9525652190508082
INFO - 11/06/25 18:18:37 - 0:28:45 - Epoch 191: train_loss=0.6955162286758423, train_AUC=0.997436968468396, train_AP=0.9963531462156674, time=0.47611427307128906
INFO - 11/06/25 18:18:37 - 0:28:46 - Epoch 191: val_AUC=0.9502838317324609, val_AP=0.9524780054050367
INFO - 11/06/25 18:18:38 - 0:28:46 - Epoch 192: train_loss=0.6928355693817139, train_AUC=0.9978218862723244, train_AP=0.9970004549930204, time=0.441892147064209
INFO - 11/06/25 18:18:38 - 0:28:46 - Epoch 192: val_AUC=0.9500883385030432, val_AP=0.9523664941367572
INFO - 11/06/25 18:18:39 - 0:28:47 - Epoch 193: train_loss=0.6938087940216064, train_AUC=0.997626968901343, train_AP=0.9966933964153124, time=0.4703080654144287
INFO - 11/06/25 18:18:39 - 0:28:47 - Epoch 193: val_AUC=0.9498922343572835, val_AP=0.9522567431831346
INFO - 11/06/25 18:18:39 - 0:28:47 - Epoch 194: train_loss=0.6930166482925415, train_AUC=0.9975860294657447, train_AP=0.9963876815920685, time=0.5148234367370605
INFO - 11/06/25 18:18:40 - 0:28:48 - Epoch 194: val_AUC=0.9497260651122783, val_AP=0.952126831810416
INFO - 11/06/25 18:18:40 - 0:28:48 - Epoch 195: train_loss=0.690950334072113, train_AUC=0.997857353285163, train_AP=0.9969712321967331, time=0.503673791885376
INFO - 11/06/25 18:18:40 - 0:28:48 - Epoch 195: val_AUC=0.9496132492278018, val_AP=0.9520601908263787
INFO - 11/06/25 18:18:41 - 0:28:49 - Epoch 196: train_loss=0.6907608509063721, train_AUC=0.9977007536168628, train_AP=0.9966210575667145, time=0.5006768703460693
INFO - 11/06/25 18:18:41 - 0:28:49 - Epoch 196: val_AUC=0.949449727286945, val_AP=0.9519616245984245
INFO - 11/06/25 18:18:41 - 0:28:50 - Epoch 197: train_loss=0.6895983815193176, train_AUC=0.9977185990479946, train_AP=0.9966944159335476, time=0.523115873336792
INFO - 11/06/25 18:18:42 - 0:28:50 - Epoch 197: val_AUC=0.9492581031943593, val_AP=0.9518331987446768
INFO - 11/06/25 18:18:42 - 0:28:50 - Epoch 198: train_loss=0.6892039775848389, train_AUC=0.9978312972825639, train_AP=0.9970025833945941, time=0.513192892074585
INFO - 11/06/25 18:18:42 - 0:28:51 - Epoch 198: val_AUC=0.9490292132049161, val_AP=0.9516969461395288
INFO - 11/06/25 18:18:43 - 0:28:51 - Epoch 199: train_loss=0.6876541376113892, train_AUC=0.9977011166016501, train_AP=0.9966418700417479, time=0.49529361724853516
INFO - 11/06/25 18:18:43 - 0:28:51 - Epoch 199: val_AUC=0.9488744477316269, val_AP=0.9515870340363669
INFO - 11/06/25 18:18:44 - 0:28:52 - Epoch 200: train_loss=0.6864152550697327, train_AUC=0.9979984173454678, train_AP=0.997039674062602, time=0.5265836715698242
INFO - 11/06/25 18:18:44 - 0:28:52 - Epoch 200: val_AUC=0.9487323078627377, val_AP=0.9515056412275549
INFO - 11/06/25 18:18:44 - 0:28:53 - Epoch 201: train_loss=0.6871969699859619, train_AUC=0.9977846603419361, train_AP=0.9966959114176269, time=0.4902360439300537
INFO - 11/06/25 18:18:45 - 0:28:53 - Epoch 201: val_AUC=0.9486089027616678, val_AP=0.9514391416772957
INFO - 11/06/25 18:18:45 - 0:28:53 - Epoch 202: train_loss=0.6860169172286987, train_AUC=0.9976577662496267, train_AP=0.9965359786041109, time=0.4520237445831299
INFO - 11/06/25 18:18:45 - 0:28:53 - Epoch 202: val_AUC=0.9485009742079266, val_AP=0.9513870456659805
INFO - 11/06/25 18:18:46 - 0:28:54 - Epoch 203: train_loss=0.6859779953956604, train_AUC=0.9976686584350533, train_AP=0.9966324223880604, time=0.5252711772918701
INFO - 11/06/25 18:18:46 - 0:28:54 - Epoch 203: val_AUC=0.9484190095987176, val_AP=0.9513515288849663
INFO - 11/06/25 18:18:46 - 0:28:55 - Epoch 204: train_loss=0.6843872666358948, train_AUC=0.997815574986614, train_AP=0.996873007139562, time=0.5404567718505859
INFO - 11/06/25 18:18:47 - 0:28:55 - Epoch 204: val_AUC=0.9483010009253346, val_AP=0.9512925343632969
INFO - 11/06/25 18:18:47 - 0:28:55 - Epoch 205: train_loss=0.6836140155792236, train_AUC=0.997862665966437, train_AP=0.9969705724196716, time=0.4790067672729492
INFO - 11/06/25 18:18:47 - 0:28:56 - Epoch 205: val_AUC=0.9480918638976137, val_AP=0.951177438495818
INFO - 11/06/25 18:18:48 - 0:28:56 - Epoch 206: train_loss=0.6833549737930298, train_AUC=0.9978736784423098, train_AP=0.9969841608625789, time=0.4983961582183838
INFO - 11/06/25 18:18:48 - 0:28:56 - Epoch 206: val_AUC=0.9478631775469508, val_AP=0.9510318001557362
INFO - 11/06/25 18:18:49 - 0:28:57 - Epoch 207: train_loss=0.682040810585022, train_AUC=0.9979654306406147, train_AP=0.9970849275502114, time=0.4774188995361328
INFO - 11/06/25 18:18:49 - 0:28:57 - Epoch 207: val_AUC=0.9476548550743527, val_AP=0.950888169504314
INFO - 11/06/25 18:18:49 - 0:28:57 - Epoch 208: train_loss=0.681865394115448, train_AUC=0.9981165925819354, train_AP=0.997266400134116, time=0.5190694332122803
INFO - 11/06/25 18:18:50 - 0:28:58 - Epoch 208: val_AUC=0.9475231007832762, val_AP=0.9508001586677981
INFO - 11/06/25 18:18:50 - 0:28:58 - Epoch 209: train_loss=0.6811544299125671, train_AUC=0.9980192917006026, train_AP=0.9972419981120781, time=0.5073761940002441
INFO - 11/06/25 18:18:50 - 0:28:58 - Epoch 209: val_AUC=0.9473899210207353, val_AP=0.9507232830491674
INFO - 11/06/25 18:18:51 - 0:28:59 - Epoch 210: train_loss=0.6797946691513062, train_AUC=0.9980109233249773, train_AP=0.9969724442139544, time=0.506359338760376
INFO - 11/06/25 18:18:51 - 0:28:59 - Epoch 210: val_AUC=0.9472005369547368, val_AP=0.9506013176651995
INFO - 11/06/25 18:18:51 - 0:29:00 - Epoch 211: train_loss=0.679694652557373, train_AUC=0.9980191240336849, train_AP=0.9971626016976272, time=0.5229604244232178
INFO - 11/06/25 18:18:52 - 0:29:00 - Epoch 211: val_AUC=0.9470779464087894, val_AP=0.9505284129312671
INFO - 11/06/25 18:18:52 - 0:29:00 - Epoch 212: train_loss=0.6795318126678467, train_AUC=0.9979347845800225, train_AP=0.9970092876420886, time=0.4936103820800781
INFO - 11/06/25 18:18:52 - 0:29:00 - Epoch 212: val_AUC=0.9469889562616481, val_AP=0.9504782046357289
INFO - 11/06/25 18:18:53 - 0:29:01 - Epoch 213: train_loss=0.6778851747512817, train_AUC=0.9980602992949164, train_AP=0.9972795203612559, time=0.4943821430206299
INFO - 11/06/25 18:18:53 - 0:29:01 - Epoch 213: val_AUC=0.9467566044129339, val_AP=0.9503411226893477
INFO - 11/06/25 18:18:54 - 0:29:02 - Epoch 214: train_loss=0.6781718730926514, train_AUC=0.9979225260501131, train_AP=0.9968067205353648, time=0.4985530376434326
INFO - 11/06/25 18:18:54 - 0:29:02 - Epoch 214: val_AUC=0.9464955394961487, val_AP=0.9501838062264917
INFO - 11/06/25 18:18:54 - 0:29:02 - Epoch 215: train_loss=0.6771469116210938, train_AUC=0.997972400265546, train_AP=0.9971575251133206, time=0.5381782054901123
INFO - 11/06/25 18:18:55 - 0:29:03 - Epoch 215: val_AUC=0.9463360903309049, val_AP=0.9500831182506668
INFO - 11/06/25 18:18:55 - 0:29:03 - Epoch 216: train_loss=0.676450788974762, train_AUC=0.9981069295429572, train_AP=0.9973805513123475, time=0.48598694801330566
INFO - 11/06/25 18:18:55 - 0:29:03 - Epoch 216: val_AUC=0.9462277544996025, val_AP=0.9500202104621097
INFO - 11/06/25 18:18:56 - 0:29:04 - Epoch 217: train_loss=0.675946831703186, train_AUC=0.9980709759085915, train_AP=0.997217623808732, time=0.48922085762023926
INFO - 11/06/25 18:18:56 - 0:29:04 - Epoch 217: val_AUC=0.9460522178706876, val_AP=0.9499083697941192
INFO - 11/06/25 18:18:56 - 0:29:05 - Epoch 218: train_loss=0.6741714477539062, train_AUC=0.9982895286791078, train_AP=0.9977235675369713, time=0.5218954086303711
INFO - 11/06/25 18:18:57 - 0:29:05 - Epoch 218: val_AUC=0.9458642592761537, val_AP=0.9497906868098582
INFO - 11/06/25 18:18:57 - 0:29:05 - Epoch 219: train_loss=0.6744397878646851, train_AUC=0.9981429550345732, train_AP=0.9973536780202411, time=0.504655122756958
INFO - 11/06/25 18:18:57 - 0:29:05 - Epoch 219: val_AUC=0.9458208842158767, val_AP=0.949766662693812
INFO - 11/06/25 18:18:58 - 0:29:06 - Epoch 220: train_loss=0.6740620136260986, train_AUC=0.9980280112609272, train_AP=0.9970334963809446, time=0.5131828784942627
INFO - 11/06/25 18:18:58 - 0:29:06 - Epoch 220: val_AUC=0.9457644762736384, val_AP=0.949722223994748
INFO - 11/06/25 18:18:59 - 0:29:07 - Epoch 221: train_loss=0.6737891435623169, train_AUC=0.9981753344752117, train_AP=0.9974902712635636, time=0.4830818176269531
INFO - 11/06/25 18:18:59 - 0:29:07 - Epoch 221: val_AUC=0.9455750922076399, val_AP=0.9495951334542716
INFO - 11/06/25 18:18:59 - 0:29:07 - Epoch 222: train_loss=0.6741673350334167, train_AUC=0.998083867064098, train_AP=0.9970872360031562, time=0.5297179222106934
INFO - 11/06/25 18:18:59 - 0:29:08 - Epoch 222: val_AUC=0.94537898806188, val_AP=0.9494635571834074
INFO - 11/06/25 18:19:00 - 0:29:08 - Epoch 223: train_loss=0.671440064907074, train_AUC=0.9982754256369829, train_AP=0.9974993866173076, time=0.5110180377960205
INFO - 11/06/25 18:19:00 - 0:29:08 - Epoch 223: val_AUC=0.9452873506105905, val_AP=0.9494158495739
INFO - 11/06/25 18:19:01 - 0:29:09 - Epoch 224: train_loss=0.6714473962783813, train_AUC=0.9983828166500204, train_AP=0.9977117515327905, time=0.47952699661254883
INFO - 11/06/25 18:19:01 - 0:29:09 - Epoch 224: val_AUC=0.9452293135581071, val_AP=0.9493813605936088
INFO - 11/06/25 18:19:01 - 0:29:10 - Epoch 225: train_loss=0.6716525554656982, train_AUC=0.9980968700562564, train_AP=0.9972717443201529, time=0.5255608558654785
INFO - 11/06/25 18:19:02 - 0:29:10 - Epoch 225: val_AUC=0.9450769917501858, val_AP=0.9492837452206085
INFO - 11/06/25 18:19:02 - 0:29:10 - Epoch 226: train_loss=0.671245813369751, train_AUC=0.9981661777832802, train_AP=0.9974320341301111, time=0.4910099506378174
INFO - 11/06/25 18:19:02 - 0:29:10 - Epoch 226: val_AUC=0.944873556608323, val_AP=0.9491493279766936
INFO - 11/06/25 18:19:03 - 0:29:11 - Epoch 227: train_loss=0.6695896983146667, train_AUC=0.9982225443365152, train_AP=0.9975987636193165, time=0.4800279140472412
INFO - 11/06/25 18:19:03 - 0:29:11 - Epoch 227: val_AUC=0.9447141074430789, val_AP=0.949037604982373
INFO - 11/06/25 18:19:03 - 0:29:12 - Epoch 228: train_loss=0.6676524877548218, train_AUC=0.99828172124795, train_AP=0.9973626428074394, time=0.5023789405822754
INFO - 11/06/25 18:19:04 - 0:29:12 - Epoch 228: val_AUC=0.9444622062714227, val_AP=0.9488473533430716
INFO - 11/06/25 18:19:04 - 0:29:12 - Epoch 229: train_loss=0.6683319807052612, train_AUC=0.9982667055482961, train_AP=0.9975221422746876, time=0.5141587257385254
INFO - 11/06/25 18:19:04 - 0:29:13 - Epoch 229: val_AUC=0.9443351356723013, val_AP=0.9487649766673398
INFO - 11/06/25 18:19:05 - 0:29:13 - Epoch 230: train_loss=0.6685909032821655, train_AUC=0.9981934011139576, train_AP=0.9972037524739022, time=0.5148277282714844
INFO - 11/06/25 18:19:05 - 0:29:13 - Epoch 230: val_AUC=0.9442475709966245, val_AP=0.9487177015419022
INFO - 11/06/25 18:19:06 - 0:29:14 - Epoch 231: train_loss=0.6670917272567749, train_AUC=0.9983271494721321, train_AP=0.9975438218856013, time=0.4811084270477295
INFO - 11/06/25 18:19:06 - 0:29:14 - Epoch 231: val_AUC=0.9440359903035358, val_AP=0.9486012519747601
INFO - 11/06/25 18:19:06 - 0:29:14 - Epoch 232: train_loss=0.6672531962394714, train_AUC=0.9981494711486715, train_AP=0.9972906657825804, time=0.5000636577606201
INFO - 11/06/25 18:19:06 - 0:29:15 - Epoch 232: val_AUC=0.943994855269846, val_AP=0.9486056628987611
INFO - 11/06/25 18:19:07 - 0:29:15 - Epoch 233: train_loss=0.6663622260093689, train_AUC=0.9983793824722593, train_AP=0.9977439878697774, time=0.516895055770874
INFO - 11/06/25 18:19:07 - 0:29:15 - Epoch 233: val_AUC=0.9439596257607945, val_AP=0.9485836718469155
INFO - 11/06/25 18:19:08 - 0:29:16 - Epoch 234: train_loss=0.6657085418701172, train_AUC=0.9982941601254683, train_AP=0.9975243773691486, time=0.4797055721282959
INFO - 11/06/25 18:19:08 - 0:29:16 - Epoch 234: val_AUC=0.9437781836072411, val_AP=0.9484441993900594
INFO - 11/06/25 18:19:08 - 0:29:17 - Epoch 235: train_loss=0.6650347709655762, train_AUC=0.9980907576108297, train_AP=0.9970754315762279, time=0.4949042797088623
INFO - 11/06/25 18:19:09 - 0:29:17 - Epoch 235: val_AUC=0.943514878663869, val_AP=0.9482494360262677
INFO - 11/06/25 18:19:09 - 0:29:17 - Epoch 236: train_loss=0.6636103391647339, train_AUC=0.9982765853918707, train_AP=0.9975303480359483, time=0.49318623542785645
INFO - 11/06/25 18:19:09 - 0:29:17 - Epoch 236: val_AUC=0.9433753860991281, val_AP=0.948148066763434
INFO - 11/06/25 18:19:10 - 0:29:18 - Epoch 237: train_loss=0.6650468111038208, train_AUC=0.9982201438112123, train_AP=0.9974849734678041, time=0.4668765068054199
INFO - 11/06/25 18:19:10 - 0:29:18 - Epoch 237: val_AUC=0.9433165344915221, val_AP=0.9481350975634373
INFO - 11/06/25 18:19:10 - 0:29:19 - Epoch 238: train_loss=0.6641945838928223, train_AUC=0.9982924920862061, train_AP=0.9976144018229147, time=0.5028245449066162
INFO - 11/06/25 18:19:11 - 0:29:19 - Epoch 238: val_AUC=0.9429994689100599, val_AP=0.947948930059244
INFO - 11/06/25 18:19:11 - 0:29:19 - Epoch 239: train_loss=0.6627631783485413, train_AUC=0.9982174877347564, train_AP=0.997475188842294, time=0.4960036277770996
INFO - 11/06/25 18:19:11 - 0:29:20 - Epoch 239: val_AUC=0.9428113066767454, val_AP=0.9478353068296345
INFO - 11/06/25 18:19:12 - 0:29:20 - Epoch 240: train_loss=0.6622363328933716, train_AUC=0.9983649684009572, train_AP=0.9976563949587666, time=0.514629602432251
INFO - 11/06/25 18:19:12 - 0:29:20 - Epoch 240: val_AUC=0.9427475677384041, val_AP=0.9477745203654552
INFO - 11/06/25 18:19:13 - 0:29:21 - Epoch 241: train_loss=0.6616808176040649, train_AUC=0.99825599159703, train_AP=0.997292384645864, time=0.49936676025390625
INFO - 11/06/25 18:19:13 - 0:29:21 - Epoch 241: val_AUC=0.9425017757301674, val_AP=0.9475758367459794
INFO - 11/06/25 18:19:13 - 0:29:21 - Epoch 242: train_loss=0.6596495509147644, train_AUC=0.9984269019537744, train_AP=0.9977039631562568, time=0.4864366054534912
INFO - 11/06/25 18:19:13 - 0:29:22 - Epoch 242: val_AUC=0.9423058752231881, val_AP=0.9474154383854962
INFO - 11/06/25 18:19:14 - 0:29:22 - Epoch 243: train_loss=0.6606319546699524, train_AUC=0.9984040185896793, train_AP=0.9977510903392394, time=0.48563098907470703
INFO - 11/06/25 18:19:14 - 0:29:22 - Epoch 243: val_AUC=0.9423146316907559, val_AP=0.947437205467241
INFO - 11/06/25 18:19:15 - 0:29:23 - Epoch 244: train_loss=0.6603082418441772, train_AUC=0.9984106338597383, train_AP=0.9978187584096305, time=0.5106348991394043
INFO - 11/06/25 18:19:15 - 0:29:23 - Epoch 244: val_AUC=0.9421641426318601, val_AP=0.9473541319719588
INFO - 11/06/25 18:19:15 - 0:29:24 - Epoch 245: train_loss=0.6594452857971191, train_AUC=0.9983647818891234, train_AP=0.9976430801654917, time=0.5057742595672607
INFO - 11/06/25 18:19:16 - 0:29:24 - Epoch 245: val_AUC=0.9419108159887396, val_AP=0.9471886042982389
INFO - 11/06/25 18:19:16 - 0:29:24 - Epoch 246: train_loss=0.6581969261169434, train_AUC=0.998557181262287, train_AP=0.9979691534704119, time=0.49094700813293457
INFO - 11/06/25 18:19:16 - 0:29:24 - Epoch 246: val_AUC=0.9418273240886758, val_AP=0.9471247884683749
INFO - 11/06/25 18:19:17 - 0:29:25 - Epoch 247: train_loss=0.6582739353179932, train_AUC=0.9984781284240332, train_AP=0.9978331938767411, time=0.5229427814483643
INFO - 11/06/25 18:19:17 - 0:29:25 - Epoch 247: val_AUC=0.9416949588812574, val_AP=0.9470184851858359
INFO - 11/06/25 18:19:18 - 0:29:26 - Epoch 248: train_loss=0.6576671600341797, train_AUC=0.9984976788797767, train_AP=0.9979596516283911, time=0.5042934417724609
INFO - 11/06/25 18:19:18 - 0:29:26 - Epoch 248: val_AUC=0.9417332429720184, val_AP=0.9470003610645118
INFO - 11/06/25 18:19:18 - 0:29:26 - Epoch 249: train_loss=0.6577832698822021, train_AUC=0.9984482187241374, train_AP=0.997671199360386, time=0.40178847312927246
INFO - 11/06/25 18:19:18 - 0:29:27 - Epoch 249: val_AUC=0.9419242561482621, val_AP=0.9471584617716786
INFO - 11/06/25 18:19:19 - 0:29:27 - Epoch 250: train_loss=0.6572193503379822, train_AUC=0.9984517823506216, train_AP=0.997595060390495, time=0.503997802734375
INFO - 11/06/25 18:19:19 - 0:29:27 - Epoch 250: val_AUC=0.9420250573446807, val_AP=0.9472779411392154
INFO - 11/06/25 18:19:20 - 0:29:28 - Epoch 251: train_loss=0.6560803651809692, train_AUC=0.9985299602211788, train_AP=0.9977282676847256, time=0.5163819789886475
INFO - 11/06/25 18:19:20 - 0:29:28 - Epoch 251: val_AUC=0.9418092002371984, val_AP=0.9471602681599341
INFO - 11/06/25 18:19:20 - 0:29:28 - Epoch 252: train_loss=0.6566164493560791, train_AUC=0.9986328561052867, train_AP=0.9981864058261314, time=0.49584174156188965
INFO - 11/06/25 18:19:21 - 0:29:29 - Epoch 252: val_AUC=0.9418358769174628, val_AP=0.9471821709860402
INFO - 11/06/25 18:19:21 - 0:29:29 - Epoch 253: train_loss=0.6570121049880981, train_AUC=0.9984672989375801, train_AP=0.9977526672553514, time=0.48625826835632324
INFO - 11/06/25 18:19:21 - 0:29:29 - Epoch 253: val_AUC=0.9418495207157658, val_AP=0.9471902078598428
INFO - 11/06/25 18:19:22 - 0:29:30 - Epoch 254: train_loss=0.656554639339447, train_AUC=0.9984235885948217, train_AP=0.99762576992388, time=0.4983699321746826
INFO - 11/06/25 18:19:22 - 0:29:30 - Epoch 254: val_AUC=0.9416238889468128, val_AP=0.9470554119762397
INFO - 11/06/25 18:19:22 - 0:29:31 - Epoch 255: train_loss=0.6554092168807983, train_AUC=0.998459638391096, train_AP=0.9976956401269639, time=0.4943580627441406
INFO - 11/06/25 18:19:23 - 0:29:31 - Epoch 255: val_AUC=0.9414469268464335, val_AP=0.9469438770202019
INFO - 11/06/25 18:19:23 - 0:29:31 - Epoch 256: train_loss=0.6552728414535522, train_AUC=0.9985521288874252, train_AP=0.9977825292430678, time=0.4954843521118164
INFO - 11/06/25 18:19:23 - 0:29:31 - Epoch 256: val_AUC=0.9413958135124919, val_AP=0.9469075741147034
INFO - 11/06/25 18:19:24 - 0:29:32 - Epoch 257: train_loss=0.6545703411102295, train_AUC=0.9986551140647341, train_AP=0.9981176394957684, time=0.46062159538269043
INFO - 11/06/25 18:19:24 - 0:29:32 - Epoch 257: val_AUC=0.9412559136701899, val_AP=0.9468224451040405
INFO - 11/06/25 18:19:24 - 0:29:33 - Epoch 258: train_loss=0.6537342071533203, train_AUC=0.998499657948216, train_AP=0.9977609080976053, time=0.4899117946624756
INFO - 11/06/25 18:19:25 - 0:29:33 - Epoch 258: val_AUC=0.941149614226694, val_AP=0.9467484430889712
INFO - 11/06/25 18:19:25 - 0:29:33 - Epoch 259: train_loss=0.652990996837616, train_AUC=0.9986193291540104, train_AP=0.9979819616617206, time=0.5076010227203369
INFO - 11/06/25 18:19:25 - 0:29:34 - Epoch 259: val_AUC=0.9410946317559201, val_AP=0.9466933222962247
INFO - 11/06/25 18:19:26 - 0:29:34 - Epoch 260: train_loss=0.6532092690467834, train_AUC=0.9985315771854345, train_AP=0.997788050728297, time=0.4710121154785156
INFO - 11/06/25 18:19:26 - 0:29:34 - Epoch 260: val_AUC=0.9407345983917424, val_AP=0.9464187181460688
INFO - 11/06/25 18:19:27 - 0:29:35 - Epoch 261: train_loss=0.652176022529602, train_AUC=0.9985008728288867, train_AP=0.9978047022901282, time=0.4435248374938965
INFO - 11/06/25 18:19:27 - 0:29:35 - Epoch 261: val_AUC=0.940149136897392, val_AP=0.9459739783465051
INFO - 11/06/25 18:19:27 - 0:29:35 - Epoch 262: train_loss=0.6515151262283325, train_AUC=0.9984980355242183, train_AP=0.9976290689321661, time=0.49799609184265137
INFO - 11/06/25 18:19:27 - 0:29:36 - Epoch 262: val_AUC=0.9398970320869554, val_AP=0.945755141866449
INFO - 11/06/25 18:19:28 - 0:29:36 - Epoch 263: train_loss=0.6511729955673218, train_AUC=0.9985632051189955, train_AP=0.9978218255629306, time=0.507288932800293
INFO - 11/06/25 18:19:28 - 0:29:36 - Epoch 263: val_AUC=0.9398172056849431, val_AP=0.9458325306178273
INFO - 11/06/25 18:19:29 - 0:29:37 - Epoch 264: train_loss=0.6504538059234619, train_AUC=0.9985927835358323, train_AP=0.9978935168600352, time=0.48769688606262207
INFO - 11/06/25 18:19:29 - 0:29:37 - Epoch 264: val_AUC=0.9396468618449348, val_AP=0.9455206114837585
INFO - 11/06/25 18:19:29 - 0:29:37 - Epoch 265: train_loss=0.6502846479415894, train_AUC=0.9986923024814107, train_AP=0.998067431453825, time=0.5025107860565186
INFO - 11/06/25 18:19:30 - 0:29:38 - Epoch 265: val_AUC=0.9400517975602445, val_AP=0.945794280076748
INFO - 11/06/25 18:19:30 - 0:29:38 - Epoch 266: train_loss=0.6502680778503418, train_AUC=0.9984502039568017, train_AP=0.9977144583338109, time=0.47776293754577637
INFO - 11/06/25 18:19:30 - 0:29:38 - Epoch 266: val_AUC=0.9403165279750811, val_AP=0.9459935161866969
INFO - 11/06/25 18:19:31 - 0:29:39 - Epoch 267: train_loss=0.6499799489974976, train_AUC=0.9985900087540166, train_AP=0.9978504442079132, time=0.5405957698822021
INFO - 11/06/25 18:19:31 - 0:29:39 - Epoch 267: val_AUC=0.9403108260892232, val_AP=0.9459187649572125
INFO - 11/06/25 18:19:31 - 0:29:40 - Epoch 268: train_loss=0.6501573324203491, train_AUC=0.9985127259289174, train_AP=0.997639005582064, time=0.47661757469177246
INFO - 11/06/25 18:19:32 - 0:29:40 - Epoch 268: val_AUC=0.9407761407029936, val_AP=0.9462903677731781
INFO - 11/06/25 18:19:32 - 0:29:40 - Epoch 269: train_loss=0.6502095460891724, train_AUC=0.9987012768884055, train_AP=0.9981844154337008, time=0.46772074699401855
INFO - 11/06/25 18:19:32 - 0:29:41 - Epoch 269: val_AUC=0.9409740775977793, val_AP=0.9464681809709401
INFO - 11/06/25 18:19:33 - 0:29:41 - Epoch 270: train_loss=0.6499155759811401, train_AUC=0.9987765072027285, train_AP=0.9983274025057485, time=0.5045077800750732
INFO - 11/06/25 18:19:33 - 0:29:41 - Epoch 270: val_AUC=0.9406910196926845, val_AP=0.9462577745441151
INFO - 11/06/25 18:19:34 - 0:29:42 - Epoch 271: train_loss=0.6505576372146606, train_AUC=0.9985647102465992, train_AP=0.9978088762421153, time=0.4874546527862549
INFO - 11/06/25 18:19:34 - 0:29:42 - Epoch 271: val_AUC=0.9403912634075774, val_AP=0.9460521095354979
INFO - 11/06/25 18:19:34 - 0:29:42 - Epoch 272: train_loss=0.6504284739494324, train_AUC=0.9985694591654746, train_AP=0.9978165586129246, time=0.4918537139892578
INFO - 11/06/25 18:19:34 - 0:29:43 - Epoch 272: val_AUC=0.9402487162611268, val_AP=0.9459333035829409
INFO - 11/06/25 18:19:35 - 0:29:43 - Epoch 273: train_loss=0.6504522562026978, train_AUC=0.998598345780155, train_AP=0.9979228436509119, time=0.5302002429962158
INFO - 11/06/25 18:19:35 - 0:29:43 - Epoch 273: val_AUC=0.9399655565366419, val_AP=0.9457721064501123
INFO - 11/06/25 18:19:36 - 0:29:44 - Epoch 274: train_loss=0.650115966796875, train_AUC=0.9986554733509863, train_AP=0.9980239021819265, time=0.500969409942627
INFO - 11/06/25 18:19:36 - 0:29:44 - Epoch 274: val_AUC=0.939755503134408, val_AP=0.9456040836483299
INFO - 11/06/25 18:19:36 - 0:29:45 - Epoch 275: train_loss=0.6496913433074951, train_AUC=0.9986953662773146, train_AP=0.9979873864623344, time=0.4859745502471924
INFO - 11/06/25 18:19:37 - 0:29:45 - Epoch 275: val_AUC=0.9397980636395626, val_AP=0.9455888763879526
INFO - 11/06/25 18:19:37 - 0:29:45 - Epoch 276: train_loss=0.6486713886260986, train_AUC=0.9987284024720878, train_AP=0.9980640744814362, time=0.5257117748260498
INFO - 11/06/25 18:19:37 - 0:29:46 - Epoch 276: val_AUC=0.9396359671701703, val_AP=0.9454501147335391
INFO - 11/06/25 18:19:38 - 0:29:46 - Epoch 277: train_loss=0.6485478281974792, train_AUC=0.9986909872119343, train_AP=0.9981424448239884, time=0.49562788009643555
INFO - 11/06/25 18:19:38 - 0:29:46 - Epoch 277: val_AUC=0.9395099147649519, val_AP=0.9453529364773662
INFO - 11/06/25 18:19:39 - 0:29:47 - Epoch 278: train_loss=0.6479697227478027, train_AUC=0.9986068719599381, train_AP=0.9979313636977727, time=0.47687196731567383
INFO - 11/06/25 18:19:39 - 0:29:47 - Epoch 278: val_AUC=0.9395760973686611, val_AP=0.9453594126459595
INFO - 11/06/25 18:19:39 - 0:29:48 - Epoch 279: train_loss=0.6466155648231506, train_AUC=0.9987269574016467, train_AP=0.9982137159086818, time=0.5415740013122559
INFO - 11/06/25 18:19:40 - 0:29:48 - Epoch 279: val_AUC=0.9394256083097655, val_AP=0.945289977406627
INFO - 11/06/25 18:19:40 - 0:29:48 - Epoch 280: train_loss=0.645840048789978, train_AUC=0.9988572076502419, train_AP=0.9984675572222071, time=0.518265962600708
INFO - 11/06/25 18:19:40 - 0:29:48 - Epoch 280: val_AUC=0.9391525287049226, val_AP=0.945047346650401
INFO - 11/06/25 18:19:41 - 0:29:49 - Epoch 281: train_loss=0.6458594799041748, train_AUC=0.9987541787949964, train_AP=0.9982554678438614, time=0.4789729118347168
INFO - 11/06/25 18:19:41 - 0:29:49 - Epoch 281: val_AUC=0.93905050567582, val_AP=0.9449518439117793
INFO - 11/06/25 18:19:41 - 0:29:50 - Epoch 282: train_loss=0.6445170640945435, train_AUC=0.9987429084784015, train_AP=0.9980744736275421, time=0.520491361618042
INFO - 11/06/25 18:19:42 - 0:29:50 - Epoch 282: val_AUC=0.9389892104028463, val_AP=0.9448709431277501
INFO - 11/06/25 18:19:42 - 0:29:50 - Epoch 283: train_loss=0.6437046527862549, train_AUC=0.9987443713370343, train_AP=0.998228818132094, time=0.4957115650177002
INFO - 11/06/25 18:19:42 - 0:29:51 - Epoch 283: val_AUC=0.9389069403354663, val_AP=0.944775999923493
INFO - 11/06/25 18:19:43 - 0:29:51 - Epoch 284: train_loss=0.6431970596313477, train_AUC=0.9987968142730502, train_AP=0.9982083071603034, time=0.4934816360473633
INFO - 11/06/25 18:19:43 - 0:29:51 - Epoch 284: val_AUC=0.9389208895919404, val_AP=0.9447770998823918
INFO - 11/06/25 18:19:44 - 0:29:52 - Epoch 285: train_loss=0.6425384283065796, train_AUC=0.9987122752746213, train_AP=0.9981250480908135, time=0.4898059368133545
INFO - 11/06/25 18:19:44 - 0:29:52 - Epoch 285: val_AUC=0.9388053245839254, val_AP=0.9446973238580896
INFO - 11/06/25 18:19:44 - 0:29:52 - Epoch 286: train_loss=0.6430827379226685, train_AUC=0.9986199166927053, train_AP=0.9978113500105542, time=0.5134108066558838
INFO - 11/06/25 18:19:44 - 0:29:53 - Epoch 286: val_AUC=0.9385485360815338, val_AP=0.9445199679865903
INFO - 11/06/25 18:19:45 - 0:29:53 - Epoch 287: train_loss=0.6420202851295471, train_AUC=0.9988892785273933, train_AP=0.998438278977545, time=0.5048487186431885
INFO - 11/06/25 18:19:45 - 0:29:53 - Epoch 287: val_AUC=0.9383100750694, val_AP=0.94432959405612
INFO - 11/06/25 18:19:46 - 0:29:54 - Epoch 288: train_loss=0.6407688856124878, train_AUC=0.9987530216819194, train_AP=0.9981448964117144, time=0.49774694442749023
INFO - 11/06/25 18:19:46 - 0:29:54 - Epoch 288: val_AUC=0.9380453446545636, val_AP=0.9441360229345265
INFO - 11/06/25 18:19:46 - 0:29:55 - Epoch 289: train_loss=0.6412398815155029, train_AUC=0.9987165963962873, train_AP=0.998111030553917, time=0.5126664638519287
INFO - 11/06/25 18:19:47 - 0:29:55 - Epoch 289: val_AUC=0.9379076848388486, val_AP=0.9440441967673987
INFO - 11/06/25 18:19:47 - 0:29:55 - Epoch 290: train_loss=0.6404767036437988, train_AUC=0.9986482131268802, train_AP=0.9979097790814669, time=0.5716652870178223
INFO - 11/06/25 18:19:47 - 0:29:56 - Epoch 290: val_AUC=0.9379473944010738, val_AP=0.9441030666665102
INFO - 11/06/25 18:19:48 - 0:29:56 - Epoch 291: train_loss=0.6412275433540344, train_AUC=0.9987806638276497, train_AP=0.9980396597480214, time=0.48990345001220703
INFO - 11/06/25 18:19:48 - 0:29:56 - Epoch 291: val_AUC=0.9377494575062885, val_AP=0.9439421201915983
INFO - 11/06/25 18:19:49 - 0:29:57 - Epoch 292: train_loss=0.6399128437042236, train_AUC=0.9987765552836828, train_AP=0.9981061849820855, time=0.4847986698150635
INFO - 11/06/25 18:19:49 - 0:29:57 - Epoch 292: val_AUC=0.9375938774778767, val_AP=0.9438767761507626
INFO - 11/06/25 18:19:49 - 0:29:57 - Epoch 293: train_loss=0.6383666396141052, train_AUC=0.9988213443658015, train_AP=0.9981968234554679, time=0.5065393447875977
INFO - 11/06/25 18:19:50 - 0:29:58 - Epoch 293: val_AUC=0.9375892956053121, val_AP=0.9438410747109378
INFO - 11/06/25 18:19:50 - 0:29:58 - Epoch 294: train_loss=0.6391897797584534, train_AUC=0.9988226844682982, train_AP=0.9981328076652212, time=0.5046641826629639
INFO - 11/06/25 18:19:50 - 0:29:58 - Epoch 294: val_AUC=0.9375781972917672, val_AP=0.9438418531405596
INFO - 11/06/25 18:19:51 - 0:29:59 - Epoch 295: train_loss=0.639140248298645, train_AUC=0.9986168911149957, train_AP=0.9978661731487604, time=0.361161470413208
INFO - 11/06/25 18:19:51 - 0:29:59 - Epoch 295: val_AUC=0.9374413520311746, val_AP=0.9437508210189
INFO - 11/06/25 18:19:51 - 0:29:59 - Epoch 296: train_loss=0.6378000378608704, train_AUC=0.9987463785847877, train_AP=0.9981050430055302, time=0.3748033046722412
INFO - 11/06/25 18:19:51 - 0:29:59 - Epoch 296: val_AUC=0.9374038824955362, val_AP=0.9437398836887319
INFO - 11/06/25 18:19:52 - 0:30:00 - Epoch 297: train_loss=0.6374905109405518, train_AUC=0.998755036678984, train_AP=0.9980949059946145, time=0.38528919219970703
INFO - 11/06/25 18:19:52 - 0:30:00 - Epoch 297: val_AUC=0.93738290770113, val_AP=0.9437116078010712
INFO - 11/06/25 18:19:52 - 0:30:00 - Epoch 298: train_loss=0.6365446448326111, train_AUC=0.9987493215618833, train_AP=0.9981450244085204, time=0.47185707092285156
INFO - 11/06/25 18:19:53 - 0:30:01 - Epoch 298: val_AUC=0.937270295455434, val_AP=0.9436293230804002
INFO - 11/06/25 18:19:53 - 0:30:01 - Epoch 299: train_loss=0.6362069845199585, train_AUC=0.9987567026047978, train_AP=0.9980455708814503, time=0.4859888553619385
INFO - 11/06/25 18:19:53 - 0:30:01 - Epoch 299: val_AUC=0.9373841295338138, val_AP=0.9436798034549139
INFO - 11/06/25 18:19:54 - 0:30:02 - Epoch 300: train_loss=0.6362733840942383, train_AUC=0.9987957726951601, train_AP=0.9981026164946276, time=0.5102822780609131
INFO - 11/06/25 18:19:54 - 0:30:02 - Epoch 300: val_AUC=0.9374313737309232, val_AP=0.943703623847122
INFO - 11/06/25 18:19:54 - 0:30:02 - best_epoch=158
INFO - 11/06/25 18:19:54 - 0:30:02 - test_auc= 95.39%, test_ap= 95.44%
INFO - 11/06/25 18:19:54 - 0:30:02 - 
                                     train iters 6
INFO - 11/06/25 18:19:54 - 0:30:02 - --------------------------Training Start-------------------------
INFO - 11/06/25 18:19:57 - 0:30:05 - Epoch 0: train_loss=6.302222728729248, train_AUC=0.9958369715058443, train_AP=0.9955747778637765, time=2.7382638454437256
INFO - 11/06/25 18:19:57 - 0:30:05 - Epoch 0: val_AUC=0.819169271885467, val_AP=0.8541507957485057
INFO - 11/06/25 18:19:57 - 0:30:06 - Epoch 1: train_loss=2.069171667098999, train_AUC=0.9573546722192915, train_AP=0.968486591190746, time=0.44501209259033203
INFO - 11/06/25 18:19:58 - 0:30:06 - Epoch 1: val_AUC=0.6061839803073154, val_AP=0.686642719385252
INFO - 11/06/25 18:19:58 - 0:30:06 - Epoch 2: train_loss=5.470798969268799, train_AUC=0.632894952408295, train_AP=0.7319387660822922, time=0.4974205493927002
INFO - 11/06/25 18:19:58 - 0:30:06 - Epoch 2: val_AUC=0.6782695631703788, val_AP=0.7259719843466546
INFO - 11/06/25 18:19:59 - 0:30:07 - Epoch 3: train_loss=3.8422746658325195, train_AUC=0.7137157962164898, train_AP=0.7748647662343062, time=0.5055198669433594
INFO - 11/06/25 18:19:59 - 0:30:07 - Epoch 3: val_AUC=0.6528911819520651, val_AP=0.7084164151517214
INFO - 11/06/25 18:19:59 - 0:30:08 - Epoch 4: train_loss=4.690987586975098, train_AUC=0.6628148843891233, train_AP=0.7325624969548657, time=0.4954514503479004
INFO - 11/06/25 18:20:00 - 0:30:08 - Epoch 4: val_AUC=0.7016538116292405, val_AP=0.740674931887561
INFO - 11/06/25 18:20:00 - 0:30:08 - Epoch 5: train_loss=3.8008322715759277, train_AUC=0.7229736059174914, train_AP=0.7748757099495607, time=0.5037643909454346
INFO - 11/06/25 18:20:00 - 0:30:09 - Epoch 5: val_AUC=0.7767035605833519, val_AP=0.791909949862394
INFO - 11/06/25 18:20:01 - 0:30:09 - Epoch 6: train_loss=2.7371559143066406, train_AUC=0.8092764575028725, train_AP=0.8375991912652015, time=0.49313783645629883
INFO - 11/06/25 18:20:01 - 0:30:09 - Epoch 6: val_AUC=0.8197963775104589, val_AP=0.8261702343490009
INFO - 11/06/25 18:20:02 - 0:30:10 - Epoch 7: train_loss=2.467832088470459, train_AUC=0.8594363114944629, train_AP=0.8765754391708002, time=0.5215487480163574
INFO - 11/06/25 18:20:02 - 0:30:10 - Epoch 7: val_AUC=0.8400612871274225, val_AP=0.8427735059016112
INFO - 11/06/25 18:20:02 - 0:30:10 - Epoch 8: train_loss=2.223391532897949, train_AUC=0.8825202585878121, train_AP=0.8952050619795475, time=0.47548675537109375
INFO - 11/06/25 18:20:02 - 0:30:11 - Epoch 8: val_AUC=0.8643173132062192, val_AP=0.8602375894349356
INFO - 11/06/25 18:20:03 - 0:30:11 - Epoch 9: train_loss=1.978546142578125, train_AUC=0.9088599964089973, train_AP=0.9132987387634646, time=0.4743990898132324
INFO - 11/06/25 18:20:03 - 0:30:11 - Epoch 9: val_AUC=0.8785052343312176, val_AP=0.8722529743459431
INFO - 11/06/25 18:20:04 - 0:30:12 - Epoch 10: train_loss=1.7799369096755981, train_AUC=0.9230386321852333, train_AP=0.9236031059144628, time=0.5308322906494141
INFO - 11/06/25 18:20:04 - 0:30:12 - Epoch 10: val_AUC=0.8860119707020813, val_AP=0.877674463520864
INFO - 11/06/25 18:20:04 - 0:30:13 - Epoch 11: train_loss=1.6719577312469482, train_AUC=0.9293260163776933, train_AP=0.9281053733173513, time=0.46869349479675293
INFO - 11/06/25 18:20:05 - 0:30:13 - Epoch 11: val_AUC=0.8863300544774466, val_AP=0.8771806262807728
INFO - 11/06/25 18:20:05 - 0:30:13 - Epoch 12: train_loss=1.568464756011963, train_AUC=0.9282179631338715, train_AP=0.926694612101148, time=0.47019267082214355
INFO - 11/06/25 18:20:05 - 0:30:13 - Epoch 12: val_AUC=0.8901083684135073, val_AP=0.8796744194321404
INFO - 11/06/25 18:20:06 - 0:30:14 - Epoch 13: train_loss=1.5317332744598389, train_AUC=0.9297063485266464, train_AP=0.9274250912931759, time=0.5112190246582031
INFO - 11/06/25 18:20:06 - 0:30:14 - Epoch 13: val_AUC=0.8975069725918492, val_AP=0.8854517276357263
INFO - 11/06/25 18:20:07 - 0:30:15 - Epoch 14: train_loss=1.4318745136260986, train_AUC=0.9367814759287059, train_AP=0.9325259148452818, time=0.47305893898010254
INFO - 11/06/25 18:20:07 - 0:30:15 - Epoch 14: val_AUC=0.9032259641074429, val_AP=0.8911883122788435
INFO - 11/06/25 18:20:07 - 0:30:15 - Epoch 15: train_loss=1.3581583499908447, train_AUC=0.943288919252131, train_AP=0.9365763895082029, time=0.48407769203186035
INFO - 11/06/25 18:20:07 - 0:30:16 - Epoch 15: val_AUC=0.9069433900480913, val_AP=0.8954027025668452
INFO - 11/06/25 18:20:08 - 0:30:16 - Epoch 16: train_loss=1.3542485237121582, train_AUC=0.9461757605126228, train_AP=0.9387251697203111, time=0.5131876468658447
INFO - 11/06/25 18:20:08 - 0:30:16 - Epoch 16: val_AUC=0.9109371538140729, val_AP=0.8993252495396254
INFO - 11/06/25 18:20:09 - 0:30:17 - Epoch 17: train_loss=1.2908484935760498, train_AUC=0.9497359593356043, train_AP=0.9420658470964953, time=0.4646759033203125
INFO - 11/06/25 18:20:09 - 0:30:17 - Epoch 17: val_AUC=0.9148390764899842, val_AP=0.9034532036852557
INFO - 11/06/25 18:20:09 - 0:30:18 - Epoch 18: train_loss=1.279219388961792, train_AUC=0.9522765743991204, train_AP=0.9450786145381102, time=0.5075955390930176
INFO - 11/06/25 18:20:10 - 0:30:18 - Epoch 18: val_AUC=0.917279279998436, val_AP=0.9060619756091166
INFO - 11/06/25 18:20:10 - 0:30:18 - Epoch 19: train_loss=1.264129638671875, train_AUC=0.954500687334326, train_AP=0.9479130627710298, time=0.5156338214874268
INFO - 11/06/25 18:20:10 - 0:30:19 - Epoch 19: val_AUC=0.9193667811388133, val_AP=0.9083769936438343
INFO - 11/06/25 18:20:11 - 0:30:19 - Epoch 20: train_loss=1.2368073463439941, train_AUC=0.9559557242703054, train_AP=0.9485832260944437, time=0.47228336334228516
INFO - 11/06/25 18:20:11 - 0:30:19 - Epoch 20: val_AUC=0.9212133776016892, val_AP=0.9103518219363764
INFO - 11/06/25 18:20:12 - 0:30:20 - Epoch 21: train_loss=1.2056299448013306, train_AUC=0.958064782299696, train_AP=0.9508927884461437, time=0.4877192974090576
INFO - 11/06/25 18:20:12 - 0:30:20 - Epoch 21: val_AUC=0.9227887272087477, val_AP=0.9121232429866377
INFO - 11/06/25 18:20:12 - 0:30:20 - Epoch 22: train_loss=1.1835942268371582, train_AUC=0.9604200216840384, train_AP=0.9538534264154586, time=0.5066871643066406
INFO - 11/06/25 18:20:13 - 0:30:21 - Epoch 22: val_AUC=0.9244037863780319, val_AP=0.9136326502533431
INFO - 11/06/25 18:20:13 - 0:30:21 - Epoch 23: train_loss=1.168137550354004, train_AUC=0.9608199713907262, train_AP=0.9536547298985167, time=0.5010855197906494
INFO - 11/06/25 18:20:13 - 0:30:21 - Epoch 23: val_AUC=0.9263444639575651, val_AP=0.9153279446041954
INFO - 11/06/25 18:20:14 - 0:30:22 - Epoch 24: train_loss=1.148603916168213, train_AUC=0.9628580915197837, train_AP=0.955769303785755, time=0.4795677661895752
INFO - 11/06/25 18:20:14 - 0:30:22 - Epoch 24: val_AUC=0.9284310487234292, val_AP=0.9177127279912272
INFO - 11/06/25 18:20:14 - 0:30:23 - Epoch 25: train_loss=1.1375877857208252, train_AUC=0.9645894197598602, train_AP=0.9579827726467758, time=0.5127644538879395
INFO - 11/06/25 18:20:15 - 0:30:23 - Epoch 25: val_AUC=0.9299950963781621, val_AP=0.9192603430923447
INFO - 11/06/25 18:20:15 - 0:30:23 - Epoch 26: train_loss=1.1238964796066284, train_AUC=0.9656900120019642, train_AP=0.9586859847801389, time=0.47715163230895996
INFO - 11/06/25 18:20:15 - 0:30:24 - Epoch 26: val_AUC=0.9314871577239376, val_AP=0.9207481221489958
INFO - 11/06/25 18:20:16 - 0:30:24 - Epoch 27: train_loss=1.109976053237915, train_AUC=0.9662007131048722, train_AP=0.9586256669669659, time=0.4784362316131592
INFO - 11/06/25 18:20:16 - 0:30:24 - Epoch 27: val_AUC=0.9329136473823457, val_AP=0.9222026768061026
INFO - 11/06/25 18:20:17 - 0:30:25 - Epoch 28: train_loss=1.0914232730865479, train_AUC=0.9681493815243637, train_AP=0.9609641702860816, time=0.44713664054870605
INFO - 11/06/25 18:20:17 - 0:30:25 - Epoch 28: val_AUC=0.9342878018741284, val_AP=0.9236390063385003
INFO - 11/06/25 18:20:17 - 0:30:25 - Epoch 29: train_loss=1.0753142833709717, train_AUC=0.9691223977347619, train_AP=0.9618195994322543, time=0.5051765441894531
INFO - 11/06/25 18:20:17 - 0:30:26 - Epoch 29: val_AUC=0.9356033083970859, val_AP=0.9250115528904738
INFO - 11/06/25 18:20:18 - 0:30:26 - Epoch 30: train_loss=1.0582876205444336, train_AUC=0.9708910676165343, train_AP=0.9636115965597633, time=0.4674835205078125
INFO - 11/06/25 18:20:18 - 0:30:26 - Epoch 30: val_AUC=0.9368970255705145, val_AP=0.9263940289295971
INFO - 11/06/25 18:20:19 - 0:30:27 - Epoch 31: train_loss=1.0486342906951904, train_AUC=0.9710452634132379, train_AP=0.9636701287278443, time=0.4910414218902588
INFO - 11/06/25 18:20:19 - 0:30:27 - Epoch 31: val_AUC=0.9380707995021438, val_AP=0.9276857408677535
INFO - 11/06/25 18:20:19 - 0:30:27 - Epoch 32: train_loss=1.0388448238372803, train_AUC=0.9726137284280167, train_AP=0.9654571052048366, time=0.5026276111602783
INFO - 11/06/25 18:20:20 - 0:30:28 - Epoch 32: val_AUC=0.9392117875900897, val_AP=0.9289805971291585
INFO - 11/06/25 18:20:20 - 0:30:28 - Epoch 33: train_loss=1.030463457107544, train_AUC=0.9736949435171578, train_AP=0.9669261852009327, time=0.47367286682128906
INFO - 11/06/25 18:20:20 - 0:30:28 - Epoch 33: val_AUC=0.940316527975081, val_AP=0.9302142740859372
INFO - 11/06/25 18:20:21 - 0:30:29 - Epoch 34: train_loss=1.0257441997528076, train_AUC=0.9740546956086856, train_AP=0.9672119195249026, time=0.5046613216400146
INFO - 11/06/25 18:20:21 - 0:30:29 - Epoch 34: val_AUC=0.941313543445112, val_AP=0.9313939570927716
INFO - 11/06/25 18:20:22 - 0:30:30 - Epoch 35: train_loss=1.0180442333221436, train_AUC=0.9752224557111641, train_AP=0.9685942106235725, time=0.47950077056884766
INFO - 11/06/25 18:20:22 - 0:30:30 - Epoch 35: val_AUC=0.9422490600033886, val_AP=0.9325111573648147
INFO - 11/06/25 18:20:22 - 0:30:30 - Epoch 36: train_loss=1.0135949850082397, train_AUC=0.9756810613642207, train_AP=0.9690970594943025, time=0.4726572036743164
INFO - 11/06/25 18:20:22 - 0:30:31 - Epoch 36: val_AUC=0.9430964009696463, val_AP=0.9335130621797542
INFO - 11/06/25 18:20:23 - 0:30:31 - Epoch 37: train_loss=1.0037858486175537, train_AUC=0.9770300947661309, train_AP=0.9709187695038982, time=0.479341983795166
INFO - 11/06/25 18:20:23 - 0:30:31 - Epoch 37: val_AUC=0.9438512899294921, val_AP=0.9344305863220976
INFO - 11/06/25 18:20:24 - 0:30:32 - Epoch 38: train_loss=0.9976842403411865, train_AUC=0.9775580178328505, train_AP=0.9716723626693995, time=0.5216126441955566
INFO - 11/06/25 18:20:24 - 0:30:32 - Epoch 38: val_AUC=0.9445566946656415, val_AP=0.9352785542664319
INFO - 11/06/25 18:20:24 - 0:30:33 - Epoch 39: train_loss=0.9918583035469055, train_AUC=0.9781371437696534, train_AP=0.9722417639975748, time=0.4843006134033203
INFO - 11/06/25 18:20:25 - 0:30:33 - Epoch 39: val_AUC=0.9452488628810489, val_AP=0.9361194869917849
INFO - 11/06/25 18:20:25 - 0:30:33 - Epoch 40: train_loss=0.9873864054679871, train_AUC=0.9784865167153886, train_AP=0.9726845856206869, time=0.500004768371582
INFO - 11/06/25 18:20:25 - 0:30:34 - Epoch 40: val_AUC=0.9458868631808053, val_AP=0.9368953021001817
INFO - 11/06/25 18:20:26 - 0:30:34 - Epoch 41: train_loss=0.981879711151123, train_AUC=0.9791754953044189, train_AP=0.9733638487865567, time=0.4638073444366455
INFO - 11/06/25 18:20:26 - 0:30:34 - Epoch 41: val_AUC=0.9464812847815037, val_AP=0.9375675419453819
INFO - 11/06/25 18:20:27 - 0:30:35 - Epoch 42: train_loss=0.9771871566772461, train_AUC=0.9798665808255257, train_AP=0.9743647123984093, time=0.45906853675842285
INFO - 11/06/25 18:20:27 - 0:30:35 - Epoch 42: val_AUC=0.9470720408841509, val_AP=0.9382718187354484
INFO - 11/06/25 18:20:27 - 0:30:35 - Epoch 43: train_loss=0.9720545411109924, train_AUC=0.9800564056661228, train_AP=0.9741077232425465, time=0.49168825149536133
INFO - 11/06/25 18:20:27 - 0:30:36 - Epoch 43: val_AUC=0.9476465058843462, val_AP=0.9389504679520486
INFO - 11/06/25 18:20:28 - 0:30:36 - Epoch 44: train_loss=0.9666184186935425, train_AUC=0.9807648253399347, train_AP=0.9752506574391335, time=0.506882905960083
INFO - 11/06/25 18:20:28 - 0:30:36 - Epoch 44: val_AUC=0.9482144544435611, val_AP=0.9396162021321458
INFO - 11/06/25 18:20:29 - 0:30:37 - Epoch 45: train_loss=0.9611080884933472, train_AUC=0.9811934913525745, train_AP=0.9759368438446355, time=0.48404407501220703
INFO - 11/06/25 18:20:29 - 0:30:37 - Epoch 45: val_AUC=0.9487652973452019, val_AP=0.9402388492012309
INFO - 11/06/25 18:20:29 - 0:30:38 - Epoch 46: train_loss=0.955830991268158, train_AUC=0.9817387952439878, train_AP=0.9764271916074663, time=0.4897942543029785
INFO - 11/06/25 18:20:30 - 0:30:38 - Epoch 46: val_AUC=0.9492872235399914, val_AP=0.940864850548779
INFO - 11/06/25 18:20:30 - 0:30:38 - Epoch 47: train_loss=0.9517858624458313, train_AUC=0.981975836462355, train_AP=0.9765281180525173, time=0.505610466003418
INFO - 11/06/25 18:20:30 - 0:30:38 - Epoch 47: val_AUC=0.9497397089105815, val_AP=0.941412467622957
INFO - 11/06/25 18:20:31 - 0:30:39 - Epoch 48: train_loss=0.9476297497749329, train_AUC=0.9824437426979649, train_AP=0.9773084851092109, time=0.4439277648925781
INFO - 11/06/25 18:20:31 - 0:30:39 - Epoch 48: val_AUC=0.9501659248784684, val_AP=0.9419350174529832
INFO - 11/06/25 18:20:31 - 0:30:40 - Epoch 49: train_loss=0.9436938762664795, train_AUC=0.9828136858383651, train_AP=0.9777175454005759, time=0.42279744148254395
INFO - 11/06/25 18:20:32 - 0:30:40 - Epoch 49: val_AUC=0.950554060394375, val_AP=0.9424062341624313
INFO - 11/06/25 18:20:32 - 0:30:40 - Epoch 50: train_loss=0.9406547546386719, train_AUC=0.9827700913830352, train_AP=0.9771160858557781, time=0.48497724533081055
INFO - 11/06/25 18:20:32 - 0:30:40 - Epoch 50: val_AUC=0.9508949517131724, val_AP=0.9428107326110531
INFO - 11/06/25 18:20:33 - 0:30:41 - Epoch 51: train_loss=0.9366695880889893, train_AUC=0.9832441665988203, train_AP=0.9781441753022339, time=0.5120849609375
INFO - 11/06/25 18:20:33 - 0:30:41 - Epoch 51: val_AUC=0.9512395085300213, val_AP=0.9432416980417508
INFO - 11/06/25 18:20:34 - 0:30:42 - Epoch 52: train_loss=0.9330631494522095, train_AUC=0.983360989580462, train_AP=0.9781847274263238, time=0.46927499771118164
INFO - 11/06/25 18:20:34 - 0:30:42 - Epoch 52: val_AUC=0.9515360065946383, val_AP=0.9436085615290382
INFO - 11/06/25 18:20:34 - 0:30:42 - Epoch 53: train_loss=0.9290269613265991, train_AUC=0.9836357243297074, train_AP=0.9787822387848792, time=0.49942970275878906
INFO - 11/06/25 18:20:34 - 0:30:43 - Epoch 53: val_AUC=0.9518496103168295, val_AP=0.9440141322666971
INFO - 11/06/25 18:20:35 - 0:30:43 - Epoch 54: train_loss=0.9234127998352051, train_AUC=0.9844336427373156, train_AP=0.9797314674074749, time=0.49814820289611816
INFO - 11/06/25 18:20:35 - 0:30:43 - Epoch 54: val_AUC=0.9521528284612074, val_AP=0.9444114299184971
INFO - 11/06/25 18:20:36 - 0:30:44 - Epoch 55: train_loss=0.9213089942932129, train_AUC=0.9843627622523348, train_AP=0.979499986489327, time=0.47224998474121094
INFO - 11/06/25 18:20:36 - 0:30:44 - Epoch 55: val_AUC=0.9524424028072827, val_AP=0.9447935586380425
INFO - 11/06/25 18:20:36 - 0:30:45 - Epoch 56: train_loss=0.9168237447738647, train_AUC=0.9847063445251837, train_AP=0.9797114776769573, time=0.49403953552246094
INFO - 11/06/25 18:20:37 - 0:30:45 - Epoch 56: val_AUC=0.9527407336209256, val_AP=0.9451769453299036
INFO - 11/06/25 18:20:37 - 0:30:45 - Epoch 57: train_loss=0.9147257208824158, train_AUC=0.9850071032230587, train_AP=0.9805671105394411, time=0.5020313262939453
INFO - 11/06/25 18:20:37 - 0:30:46 - Epoch 57: val_AUC=0.9530443590428651, val_AP=0.9455398195210876
INFO - 11/06/25 18:20:38 - 0:30:46 - Epoch 58: train_loss=0.9103735685348511, train_AUC=0.9856355725474689, train_AP=0.9813773337379547, time=0.46993374824523926
INFO - 11/06/25 18:20:38 - 0:30:46 - Epoch 58: val_AUC=0.953335766137966, val_AP=0.9459117859309191
INFO - 11/06/25 18:20:39 - 0:30:47 - Epoch 59: train_loss=0.9079580307006836, train_AUC=0.9853961736011317, train_AP=0.9807775035444811, time=0.47176384925842285
INFO - 11/06/25 18:20:39 - 0:30:47 - Epoch 59: val_AUC=0.953594591028164, val_AP=0.9462442154204824
INFO - 11/06/25 18:20:39 - 0:30:47 - Epoch 60: train_loss=0.9050275087356567, train_AUC=0.9855431787414106, train_AP=0.9809425677407858, time=0.49634385108947754
INFO - 11/06/25 18:20:39 - 0:30:48 - Epoch 60: val_AUC=0.9538464921998202, val_AP=0.9465815697521398
INFO - 11/06/25 18:20:40 - 0:30:48 - Epoch 61: train_loss=0.899735689163208, train_AUC=0.9860709029678465, train_AP=0.981511539119788, time=0.48380017280578613
INFO - 11/06/25 18:20:40 - 0:30:48 - Epoch 61: val_AUC=0.9541403429602888, val_AP=0.9469378054902478
INFO - 11/06/25 18:20:41 - 0:30:49 - Epoch 62: train_loss=0.9014530777931213, train_AUC=0.9854014380253308, train_AP=0.9805718982160321, time=0.4741549491882324
INFO - 11/06/25 18:20:41 - 0:30:49 - Epoch 62: val_AUC=0.9544028333485384, val_AP=0.9472754575152905
INFO - 11/06/25 18:20:41 - 0:30:50 - Epoch 63: train_loss=0.89741450548172, train_AUC=0.9860178423764941, train_AP=0.9814468220686531, time=0.5280544757843018
INFO - 11/06/25 18:20:42 - 0:30:50 - Epoch 63: val_AUC=0.9546412943606719, val_AP=0.9475899082901175
INFO - 11/06/25 18:20:42 - 0:30:50 - Epoch 64: train_loss=0.8962184190750122, train_AUC=0.9855475018004046, train_AP=0.9808281994943681, time=0.4636361598968506
INFO - 11/06/25 18:20:42 - 0:30:50 - Epoch 64: val_AUC=0.9548760898747539, val_AP=0.947881936005336
INFO - 11/06/25 18:20:43 - 0:30:51 - Epoch 65: train_loss=0.8909966349601746, train_AUC=0.9866858699978801, train_AP=0.9824545931134799, time=0.4868500232696533
INFO - 11/06/25 18:20:43 - 0:30:51 - Epoch 65: val_AUC=0.9550697503551459, val_AP=0.9481469065230943
INFO - 11/06/25 18:20:44 - 0:30:52 - Epoch 66: train_loss=0.8897803425788879, train_AUC=0.9863072699961285, train_AP=0.9815493988380641, time=0.4780008792877197
INFO - 11/06/25 18:20:44 - 0:30:52 - Epoch 66: val_AUC=0.9552740000521316, val_AP=0.948434209658307
INFO - 11/06/25 18:20:44 - 0:30:52 - Epoch 67: train_loss=0.8861587047576904, train_AUC=0.9869048250281024, train_AP=0.9823631255502009, time=0.47279930114746094
INFO - 11/06/25 18:20:44 - 0:30:53 - Epoch 67: val_AUC=0.9554518785270237, val_AP=0.9486912163346055
INFO - 11/06/25 18:20:45 - 0:30:53 - Epoch 68: train_loss=0.8834521770477295, train_AUC=0.9876012227021209, train_AP=0.9838500606050868, time=0.45401430130004883
INFO - 11/06/25 18:20:45 - 0:30:53 - Epoch 68: val_AUC=0.955625073309961, val_AP=0.9489684240283228
INFO - 11/06/25 18:20:46 - 0:30:54 - Epoch 69: train_loss=0.8827639818191528, train_AUC=0.9871133399747656, train_AP=0.9828505707121242, time=0.49533748626708984
INFO - 11/06/25 18:20:46 - 0:30:54 - Epoch 69: val_AUC=0.9557934825815534, val_AP=0.9492067546865837
INFO - 11/06/25 18:20:46 - 0:30:55 - Epoch 70: train_loss=0.8807811737060547, train_AUC=0.987157426863606, train_AP=0.9825997040556064, time=0.46309351921081543
INFO - 11/06/25 18:20:47 - 0:30:55 - Epoch 70: val_AUC=0.9559223859297006, val_AP=0.949431522257636
INFO - 11/06/25 18:20:47 - 0:30:55 - Epoch 71: train_loss=0.8787100315093994, train_AUC=0.9873654925263331, train_AP=0.9832095924875535, time=0.49863767623901367
INFO - 11/06/25 18:20:47 - 0:30:55 - Epoch 71: val_AUC=0.9560641185210285, val_AP=0.9496630145074217
INFO - 11/06/25 18:20:48 - 0:30:56 - Epoch 72: train_loss=0.8743551969528198, train_AUC=0.9879965959121103, train_AP=0.9840524511029258, time=0.5037987232208252
INFO - 11/06/25 18:20:48 - 0:30:56 - Epoch 72: val_AUC=0.9561970946447887, val_AP=0.9498933755751983
INFO - 11/06/25 18:20:49 - 0:30:57 - Epoch 73: train_loss=0.8744173049926758, train_AUC=0.9877718857853859, train_AP=0.9838929829848172, time=0.4864003658294678
INFO - 11/06/25 18:20:49 - 0:30:57 - Epoch 73: val_AUC=0.9563457509546587, val_AP=0.950127514125462
INFO - 11/06/25 18:20:49 - 0:30:57 - Epoch 74: train_loss=0.8725670576095581, train_AUC=0.9877588637721905, train_AP=0.9837590360527046, time=0.4835953712463379
INFO - 11/06/25 18:20:49 - 0:30:58 - Epoch 74: val_AUC=0.9564846326030575, val_AP=0.950349614877509
INFO - 11/06/25 18:20:50 - 0:30:58 - Epoch 75: train_loss=0.8716816306114197, train_AUC=0.9877743358006089, train_AP=0.9834361762545221, time=0.4978780746459961
INFO - 11/06/25 18:20:50 - 0:30:58 - Epoch 75: val_AUC=0.9566194414758434, val_AP=0.9505714815886086
INFO - 11/06/25 18:20:51 - 0:30:59 - Epoch 76: train_loss=0.8669060468673706, train_AUC=0.988454992509882, train_AP=0.9846488488696525, time=0.45807528495788574
INFO - 11/06/25 18:20:51 - 0:30:59 - Epoch 76: val_AUC=0.9567748178654746, val_AP=0.9508160489787774
INFO - 11/06/25 18:20:51 - 0:30:59 - Epoch 77: train_loss=0.8633482456207275, train_AUC=0.9886582955163183, train_AP=0.9848269382702575, time=0.49341630935668945
INFO - 11/06/25 18:20:52 - 0:31:00 - Epoch 77: val_AUC=0.9569212341487573, val_AP=0.9510538769399872
INFO - 11/06/25 18:20:52 - 0:31:00 - Epoch 78: train_loss=0.8622312545776367, train_AUC=0.9885765198518589, train_AP=0.9845288680213083, time=0.5063517093658447
INFO - 11/06/25 18:20:52 - 0:31:00 - Epoch 78: val_AUC=0.9570430101395823, val_AP=0.9512530503541891
INFO - 11/06/25 18:20:53 - 0:31:01 - Epoch 79: train_loss=0.8592445850372314, train_AUC=0.9892010444245644, train_AP=0.9858176555713775, time=0.4753837585449219
INFO - 11/06/25 18:20:53 - 0:31:01 - Epoch 79: val_AUC=0.9572154921867874, val_AP=0.9515015089287164
INFO - 11/06/25 18:20:53 - 0:31:02 - Epoch 80: train_loss=0.858686625957489, train_AUC=0.988968599604536, train_AP=0.9853938420221625, time=0.47234344482421875
INFO - 11/06/25 18:20:54 - 0:31:02 - Epoch 80: val_AUC=0.9573633339415345, val_AP=0.9517203887520821
INFO - 11/06/25 18:20:54 - 0:31:02 - Epoch 81: train_loss=0.8567759990692139, train_AUC=0.9890418867790448, train_AP=0.9851125885679802, time=0.5065703392028809
INFO - 11/06/25 18:20:54 - 0:31:03 - Epoch 81: val_AUC=0.9575183030536042, val_AP=0.9519371662982529
INFO - 11/06/25 18:20:55 - 0:31:03 - Epoch 82: train_loss=0.853919267654419, train_AUC=0.9893437899093055, train_AP=0.9856269775835373, time=0.46816396713256836
INFO - 11/06/25 18:20:55 - 0:31:03 - Epoch 82: val_AUC=0.957643846361871, val_AP=0.952115708993657
INFO - 11/06/25 18:20:56 - 0:31:04 - Epoch 83: train_loss=0.8538945913314819, train_AUC=0.9891746643598553, train_AP=0.98533424279705, time=0.47926878929138184
INFO - 11/06/25 18:20:56 - 0:31:04 - Epoch 83: val_AUC=0.9578062482894343, val_AP=0.9523512861338216
INFO - 11/06/25 18:20:56 - 0:31:04 - Epoch 84: train_loss=0.8492287397384644, train_AUC=0.9895450446318625, train_AP=0.9857464432974946, time=0.49224424362182617
INFO - 11/06/25 18:20:57 - 0:31:05 - Epoch 84: val_AUC=0.9579339298048979, val_AP=0.9525480367010971
INFO - 11/06/25 18:20:57 - 0:31:05 - Epoch 85: train_loss=0.8475919365882874, train_AUC=0.9900331261995017, train_AP=0.9866227098947957, time=0.4056985378265381
INFO - 11/06/25 18:20:57 - 0:31:05 - Epoch 85: val_AUC=0.9580508184649872, val_AP=0.9527256710610559
INFO - 11/06/25 18:20:58 - 0:31:06 - Epoch 86: train_loss=0.8467521667480469, train_AUC=0.9896007972282962, train_AP=0.9861093609658679, time=0.4396247863769531
INFO - 11/06/25 18:20:58 - 0:31:06 - Epoch 86: val_AUC=0.958161801600438, val_AP=0.9528970835454249
INFO - 11/06/25 18:20:58 - 0:31:06 - Epoch 87: train_loss=0.8450362682342529, train_AUC=0.989903573212805, train_AP=0.986548994648317, time=0.4930908679962158
INFO - 11/06/25 18:20:59 - 0:31:07 - Epoch 87: val_AUC=0.9582597518539274, val_AP=0.953016757202365
INFO - 11/06/25 18:20:59 - 0:31:07 - Epoch 88: train_loss=0.8422293663024902, train_AUC=0.9899418356135827, train_AP=0.9864955421883783, time=0.49878644943237305
INFO - 11/06/25 18:20:59 - 0:31:07 - Epoch 88: val_AUC=0.9583469092520429, val_AP=0.9531524966724622
INFO - 11/06/25 18:21:00 - 0:31:08 - Epoch 89: train_loss=0.8391482830047607, train_AUC=0.9903720152076205, train_AP=0.9872141954868298, time=0.4515194892883301
INFO - 11/06/25 18:21:00 - 0:31:08 - Epoch 89: val_AUC=0.9584348812052809, val_AP=0.9532968346927924
INFO - 11/06/25 18:21:00 - 0:31:09 - Epoch 90: train_loss=0.8375091552734375, train_AUC=0.9907836096635365, train_AP=0.987716561495854, time=0.49793148040771484
INFO - 11/06/25 18:21:01 - 0:31:09 - Epoch 90: val_AUC=0.9585051365846029, val_AP=0.9534202315197571
INFO - 11/06/25 18:21:01 - 0:31:09 - Epoch 91: train_loss=0.8364592790603638, train_AUC=0.9903836370611563, train_AP=0.9868191175519822, time=0.5161747932434082
INFO - 11/06/25 18:21:01 - 0:31:10 - Epoch 91: val_AUC=0.9585945340093055, val_AP=0.9535427156398617
INFO - 11/06/25 18:21:02 - 0:31:10 - Epoch 92: train_loss=0.8349777460098267, train_AUC=0.9905789098437343, train_AP=0.9874333302503326, time=0.4847588539123535
INFO - 11/06/25 18:21:02 - 0:31:10 - Epoch 92: val_AUC=0.9586515528678856, val_AP=0.9536490342138344
INFO - 11/06/25 18:21:03 - 0:31:11 - Epoch 93: train_loss=0.8335692286491394, train_AUC=0.9902797925908942, train_AP=0.9866746674947, time=0.4919259548187256
INFO - 11/06/25 18:21:03 - 0:31:11 - Epoch 93: val_AUC=0.9587189573042787, val_AP=0.9537658373665135
INFO - 11/06/25 18:21:03 - 0:31:12 - Epoch 94: train_loss=0.8315144777297974, train_AUC=0.990478966094999, train_AP=0.987046031320555, time=0.4747192859649658
INFO - 11/06/25 18:21:04 - 0:31:12 - Epoch 94: val_AUC=0.9587902308775039, val_AP=0.9538881904143508
INFO - 11/06/25 18:21:04 - 0:31:12 - Epoch 95: train_loss=0.8297547101974487, train_AUC=0.9905594481528296, train_AP=0.987046615320383, time=0.44119787216186523
INFO - 11/06/25 18:21:04 - 0:31:12 - Epoch 95: val_AUC=0.9588486752075486, val_AP=0.9539725864841043
INFO - 11/06/25 18:21:05 - 0:31:13 - Epoch 96: train_loss=0.8258196115493774, train_AUC=0.9914107094732912, train_AP=0.9887142972809511, time=0.49463391304016113
INFO - 11/06/25 18:21:05 - 0:31:13 - Epoch 96: val_AUC=0.9589197451419933, val_AP=0.954090562016686
INFO - 11/06/25 18:21:05 - 0:31:14 - Epoch 97: train_loss=0.825620174407959, train_AUC=0.9912580992913568, train_AP=0.9884495333371975, time=0.5088484287261963
INFO - 11/06/25 18:21:06 - 0:31:14 - Epoch 97: val_AUC=0.9589615929114156, val_AP=0.9541867522014364
INFO - 11/06/25 18:21:06 - 0:31:14 - Epoch 98: train_loss=0.8236955404281616, train_AUC=0.9913950019714812, train_AP=0.9885964107469248, time=0.47784876823425293
INFO - 11/06/25 18:21:06 - 0:31:15 - Epoch 98: val_AUC=0.9590136226198699, val_AP=0.9542875823249863
INFO - 11/06/25 18:21:07 - 0:31:15 - Epoch 99: train_loss=0.8227188587188721, train_AUC=0.9912531994370314, train_AP=0.9882280998658228, time=0.5062980651855469
INFO - 11/06/25 18:21:07 - 0:31:15 - Epoch 99: val_AUC=0.9590468157411147, val_AP=0.9543678580124021
INFO - 11/06/25 18:21:08 - 0:31:16 - Epoch 100: train_loss=0.8192857503890991, train_AUC=0.9916705380699656, train_AP=0.9888901759302342, time=0.48728489875793457
INFO - 11/06/25 18:21:08 - 0:31:16 - Epoch 100: val_AUC=0.9590741033377211, val_AP=0.9544563847581945
INFO - 11/06/25 18:21:08 - 0:31:16 - Epoch 101: train_loss=0.819419264793396, train_AUC=0.9914718562948883, train_AP=0.9886968840431739, time=0.46411752700805664
INFO - 11/06/25 18:21:08 - 0:31:17 - Epoch 101: val_AUC=0.9591035291415241, val_AP=0.9545350537508388
INFO - 11/06/25 18:21:09 - 0:31:17 - Epoch 102: train_loss=0.8168154954910278, train_AUC=0.9915572329234231, train_AP=0.9886286127416021, time=0.5769674777984619
INFO - 11/06/25 18:21:09 - 0:31:17 - Epoch 102: val_AUC=0.9591134056223851, val_AP=0.9545882079032283
INFO - 11/06/25 18:21:10 - 0:31:18 - Epoch 103: train_loss=0.8161567449569702, train_AUC=0.9917266490720479, train_AP=0.9887160539337562, time=0.4896254539489746
INFO - 11/06/25 18:21:10 - 0:31:18 - Epoch 103: val_AUC=0.9591040382384757, val_AP=0.9546243769383304
INFO - 11/06/25 18:21:10 - 0:31:19 - Epoch 104: train_loss=0.8142602443695068, train_AUC=0.9919424538310967, train_AP=0.989486699852056, time=0.449115514755249
INFO - 11/06/25 18:21:11 - 0:31:19 - Epoch 104: val_AUC=0.9590859143869983, val_AP=0.9546378127449788
INFO - 11/06/25 18:21:11 - 0:31:19 - Epoch 105: train_loss=0.8128721714019775, train_AUC=0.9917421806292669, train_AP=0.9888495016396198, time=0.4730398654937744
INFO - 11/06/25 18:21:11 - 0:31:19 - Epoch 105: val_AUC=0.9590738996989403, val_AP=0.9546714792484038
INFO - 11/06/25 18:21:12 - 0:31:20 - Epoch 106: train_loss=0.8111885190010071, train_AUC=0.991864196177857, train_AP=0.9889745183095257, time=0.5030717849731445
INFO - 11/06/25 18:21:12 - 0:31:20 - Epoch 106: val_AUC=0.9590441684369665, val_AP=0.9546741075673012
INFO - 11/06/25 18:21:13 - 0:31:21 - Epoch 107: train_loss=0.8115302324295044, train_AUC=0.9920635695789698, train_AP=0.989586499451423, time=0.4668145179748535
INFO - 11/06/25 18:21:13 - 0:31:21 - Epoch 107: val_AUC=0.959012400787186, val_AP=0.9546863326453983
INFO - 11/06/25 18:21:13 - 0:31:21 - Epoch 108: train_loss=0.8076865077018738, train_AUC=0.9924991456877404, train_AP=0.9900423479399144, time=0.5043675899505615
INFO - 11/06/25 18:21:14 - 0:31:22 - Epoch 108: val_AUC=0.9590089389279151, val_AP=0.9547307571252235
INFO - 11/06/25 18:21:14 - 0:31:22 - Epoch 109: train_loss=0.8060108423233032, train_AUC=0.992548743217535, train_AP=0.9900659304840168, time=0.5124781131744385
INFO - 11/06/25 18:21:14 - 0:31:22 - Epoch 109: val_AUC=0.9589808367761863, val_AP=0.9547496652570733
INFO - 11/06/25 18:21:15 - 0:31:23 - Epoch 110: train_loss=0.8046131730079651, train_AUC=0.9927205186792162, train_AP=0.990467434662477, time=0.465038537979126
INFO - 11/06/25 18:21:15 - 0:31:23 - Epoch 110: val_AUC=0.9589580292327544, val_AP=0.9547784897874365
INFO - 11/06/25 18:21:15 - 0:31:24 - Epoch 111: train_loss=0.8032608032226562, train_AUC=0.992830246990221, train_AP=0.9903676228741819, time=0.4978954792022705
INFO - 11/06/25 18:21:16 - 0:31:24 - Epoch 111: val_AUC=0.9589370544383479, val_AP=0.9547963171249436
INFO - 11/06/25 18:21:16 - 0:31:24 - Epoch 112: train_loss=0.8009693026542664, train_AUC=0.9929977081989438, train_AP=0.9908928939782428, time=0.47905564308166504
INFO - 11/06/25 18:21:16 - 0:31:24 - Epoch 112: val_AUC=0.9588818683287935, val_AP=0.954772992306341
INFO - 11/06/25 18:21:17 - 0:31:25 - Epoch 113: train_loss=0.7990928888320923, train_AUC=0.9932033504406754, train_AP=0.9910809625275147, time=0.5227537155151367
INFO - 11/06/25 18:21:17 - 0:31:25 - Epoch 113: val_AUC=0.9588378823521744, val_AP=0.9547752598122239
INFO - 11/06/25 18:21:18 - 0:31:26 - Epoch 114: train_loss=0.7991728782653809, train_AUC=0.992893946681537, train_AP=0.9906190652944966, time=0.44962525367736816
INFO - 11/06/25 18:21:18 - 0:31:26 - Epoch 114: val_AUC=0.9587820853262781, val_AP=0.9547530778453275
INFO - 11/06/25 18:21:18 - 0:31:26 - Epoch 115: train_loss=0.7960155606269836, train_AUC=0.9930726454484022, train_AP=0.9909305110092246, time=0.47161245346069336
INFO - 11/06/25 18:21:18 - 0:31:27 - Epoch 115: val_AUC=0.958745023068201, val_AP=0.9547570529826976
INFO - 11/06/25 18:21:19 - 0:31:27 - Epoch 116: train_loss=0.7957123517990112, train_AUC=0.9931908129355584, train_AP=0.9908027802681066, time=0.5177600383758545
INFO - 11/06/25 18:21:19 - 0:31:27 - Epoch 116: val_AUC=0.958711829946956, val_AP=0.9547594564799045
INFO - 11/06/25 18:21:20 - 0:31:28 - Epoch 117: train_loss=0.7936204671859741, train_AUC=0.9933578697711268, train_AP=0.9912089281676099, time=0.4889259338378906
INFO - 11/06/25 18:21:20 - 0:31:28 - Epoch 117: val_AUC=0.9586706949132662, val_AP=0.9547478372973498
INFO - 11/06/25 18:21:20 - 0:31:28 - Epoch 118: train_loss=0.7928547859191895, train_AUC=0.9931863008990407, train_AP=0.9907435309775584, time=0.4730541706085205
INFO - 11/06/25 18:21:21 - 0:31:29 - Epoch 118: val_AUC=0.9585961631195506, val_AP=0.9547168625584256
INFO - 11/06/25 18:21:21 - 0:31:29 - Epoch 119: train_loss=0.789696455001831, train_AUC=0.9936664809870619, train_AP=0.9915877417627809, time=0.5133790969848633
INFO - 11/06/25 18:21:21 - 0:31:29 - Epoch 119: val_AUC=0.9585407733712157, val_AP=0.9546949322046256
INFO - 11/06/25 18:21:22 - 0:31:30 - Epoch 120: train_loss=0.7901389598846436, train_AUC=0.9934142592200546, train_AP=0.9912549832670798, time=0.49238038063049316
INFO - 11/06/25 18:21:22 - 0:31:30 - Epoch 120: val_AUC=0.9584694997979903, val_AP=0.9546402427167271
INFO - 11/06/25 18:21:22 - 0:31:31 - Epoch 121: train_loss=0.7880140542984009, train_AUC=0.9937159864057241, train_AP=0.9917081829088427, time=0.4760265350341797
INFO - 11/06/25 18:21:23 - 0:31:31 - Epoch 121: val_AUC=0.9583968007533006, val_AP=0.9546125365896702
INFO - 11/06/25 18:21:23 - 0:31:31 - Epoch 122: train_loss=0.7872188091278076, train_AUC=0.9936068368273785, train_AP=0.9915777968297095, time=0.541689395904541
INFO - 11/06/25 18:21:23 - 0:31:32 - Epoch 122: val_AUC=0.9583261380964173, val_AP=0.9545779262330073
INFO - 11/06/25 18:21:24 - 0:31:32 - Epoch 123: train_loss=0.7857400178909302, train_AUC=0.9935475443807568, train_AP=0.9911644527194848, time=0.469714879989624
INFO - 11/06/25 18:21:24 - 0:31:32 - Epoch 123: val_AUC=0.9582560863558758, val_AP=0.9545368527258012
INFO - 11/06/25 18:21:25 - 0:31:33 - Epoch 124: train_loss=0.786170482635498, train_AUC=0.9934940427831419, train_AP=0.9912080541712973, time=0.44924402236938477
INFO - 11/06/25 18:21:25 - 0:31:33 - Epoch 124: val_AUC=0.9581903110297281, val_AP=0.9545219485535504
INFO - 11/06/25 18:21:25 - 0:31:33 - Epoch 125: train_loss=0.7819746136665344, train_AUC=0.9940472020105466, train_AP=0.9920627819254273, time=0.48606228828430176
INFO - 11/06/25 18:21:25 - 0:31:34 - Epoch 125: val_AUC=0.9581204629279672, val_AP=0.9544826546325291
INFO - 11/06/25 18:21:26 - 0:31:34 - Epoch 126: train_loss=0.7812423706054688, train_AUC=0.9940970015507978, train_AP=0.992208156039092, time=0.42235279083251953
INFO - 11/06/25 18:21:26 - 0:31:34 - Epoch 126: val_AUC=0.9580296400318001, val_AP=0.9544406123334931
INFO - 11/06/25 18:21:27 - 0:31:35 - Epoch 127: train_loss=0.7788347601890564, train_AUC=0.9943454860362989, train_AP=0.9925201770470061, time=0.5120429992675781
INFO - 11/06/25 18:21:27 - 0:31:35 - Epoch 127: val_AUC=0.9579404462458784, val_AP=0.9544049089018918
INFO - 11/06/25 18:21:27 - 0:31:36 - Epoch 128: train_loss=0.7787462472915649, train_AUC=0.9941929605684268, train_AP=0.9923414730873368, time=0.5144789218902588
INFO - 11/06/25 18:21:28 - 0:31:36 - Epoch 128: val_AUC=0.9578429032699503, val_AP=0.9543615100950096
INFO - 11/06/25 18:21:28 - 0:31:36 - Epoch 129: train_loss=0.7776495218276978, train_AUC=0.9942716965655198, train_AP=0.9922826274967391, time=0.47131848335266113
INFO - 11/06/25 18:21:28 - 0:31:36 - Epoch 129: val_AUC=0.9577616513964733, val_AP=0.9543117073456862
INFO - 11/06/25 18:21:29 - 0:31:37 - Epoch 130: train_loss=0.7763957977294922, train_AUC=0.9941118964316434, train_AP=0.9920177293839433, time=0.5208740234375
INFO - 11/06/25 18:21:29 - 0:31:37 - Epoch 130: val_AUC=0.9576706248615257, val_AP=0.9542734651527734
INFO - 11/06/25 18:21:29 - 0:31:38 - Epoch 131: train_loss=0.7750349640846252, train_AUC=0.9942619414154092, train_AP=0.9920348888277508, time=0.5168118476867676
INFO - 11/06/25 18:21:30 - 0:31:38 - Epoch 131: val_AUC=0.9575825510888972, val_AP=0.9542216335185268
INFO - 11/06/25 18:21:30 - 0:31:38 - Epoch 132: train_loss=0.7741837501525879, train_AUC=0.994306198084616, train_AP=0.9922484693261864, time=0.4019887447357178
INFO - 11/06/25 18:21:30 - 0:31:38 - Epoch 132: val_AUC=0.9575091393084753, val_AP=0.9541840833102241
INFO - 11/06/25 18:21:31 - 0:31:39 - Epoch 133: train_loss=0.7725379467010498, train_AUC=0.9942404656080435, train_AP=0.9921520805184723, time=0.4865553379058838
INFO - 11/06/25 18:21:31 - 0:31:39 - Epoch 133: val_AUC=0.9574429567047662, val_AP=0.9541553822747795
INFO - 11/06/25 18:21:31 - 0:31:40 - Epoch 134: train_loss=0.7707879543304443, train_AUC=0.9945829309233377, train_AP=0.992804399836918, time=0.4613468647003174
INFO - 11/06/25 18:21:32 - 0:31:40 - Epoch 134: val_AUC=0.9573523374473797, val_AP=0.9541110154083158
INFO - 11/06/25 18:21:32 - 0:31:40 - Epoch 135: train_loss=0.7696914672851562, train_AUC=0.9945206546396153, train_AP=0.9925691157607687, time=0.5071978569030762
INFO - 11/06/25 18:21:32 - 0:31:40 - Epoch 135: val_AUC=0.9572560163041353, val_AP=0.954063801053483
INFO - 11/06/25 18:21:33 - 0:31:41 - Epoch 136: train_loss=0.7685270309448242, train_AUC=0.9946105868064836, train_AP=0.9928147032199348, time=0.49643921852111816
INFO - 11/06/25 18:21:33 - 0:31:41 - Epoch 136: val_AUC=0.9571867791187165, val_AP=0.9540251844759463
INFO - 11/06/25 18:21:33 - 0:31:42 - Epoch 137: train_loss=0.7672097682952881, train_AUC=0.994838690250964, train_AP=0.9929008073320889, time=0.4681131839752197
INFO - 11/06/25 18:21:34 - 0:31:42 - Epoch 137: val_AUC=0.9571081745493881, val_AP=0.9539735384631511
INFO - 11/06/25 18:21:34 - 0:31:42 - Epoch 138: train_loss=0.7656777501106262, train_AUC=0.9950335958218577, train_AP=0.9933681997385883, time=0.4934239387512207
INFO - 11/06/25 18:21:34 - 0:31:43 - Epoch 138: val_AUC=0.9570293663412792, val_AP=0.953931982737969
INFO - 11/06/25 18:21:35 - 0:31:43 - Epoch 139: train_loss=0.7654834985733032, train_AUC=0.9948055570136786, train_AP=0.9930437067263151, time=0.4410996437072754
INFO - 11/06/25 18:21:35 - 0:31:43 - Epoch 139: val_AUC=0.9569407834716992, val_AP=0.9538943993816457
INFO - 11/06/25 18:21:35 - 0:31:44 - Epoch 140: train_loss=0.7655894756317139, train_AUC=0.9946569727750969, train_AP=0.9927005315338726, time=0.42684340476989746
INFO - 11/06/25 18:21:36 - 0:31:44 - Epoch 140: val_AUC=0.9568473132713838, val_AP=0.9538523672926537
INFO - 11/06/25 18:21:36 - 0:31:44 - Epoch 141: train_loss=0.7633310556411743, train_AUC=0.9949574348856931, train_AP=0.9932112095291142, time=0.4191577434539795
INFO - 11/06/25 18:21:36 - 0:31:44 - Epoch 141: val_AUC=0.9567695232571778, val_AP=0.9538238313410287
INFO - 11/06/25 18:21:37 - 0:31:45 - Epoch 142: train_loss=0.7627738118171692, train_AUC=0.994807053159126, train_AP=0.9931041680153374, time=0.4030933380126953
INFO - 11/06/25 18:21:37 - 0:31:45 - Epoch 142: val_AUC=0.9566817549427203, val_AP=0.9537955378513688
INFO - 11/06/25 18:21:37 - 0:31:45 - Epoch 143: train_loss=0.7610479593276978, train_AUC=0.9948309710562828, train_AP=0.993044233133863, time=0.5021450519561768
INFO - 11/06/25 18:21:38 - 0:31:46 - Epoch 143: val_AUC=0.9566114995633985, val_AP=0.9537840381803815
INFO - 11/06/25 18:21:38 - 0:31:46 - Epoch 144: train_loss=0.7598838806152344, train_AUC=0.9951313662410083, train_AP=0.9932706419943933, time=0.45544910430908203
INFO - 11/06/25 18:21:38 - 0:31:46 - Epoch 144: val_AUC=0.9565286185796766, val_AP=0.9537475892655557
INFO - 11/06/25 18:21:39 - 0:31:47 - Epoch 145: train_loss=0.7579754590988159, train_AUC=0.9952138738631464, train_AP=0.9935473530595894, time=0.46638989448547363
INFO - 11/06/25 18:21:39 - 0:31:47 - Epoch 145: val_AUC=0.9564434975693675, val_AP=0.9537074088590607
INFO - 11/06/25 18:21:39 - 0:31:47 - Epoch 146: train_loss=0.7562496662139893, train_AUC=0.9953920407454618, train_AP=0.9938850002773698, time=0.4868485927581787
INFO - 11/06/25 18:21:39 - 0:31:48 - Epoch 146: val_AUC=0.9563716130798005, val_AP=0.9536897206826278
INFO - 11/06/25 18:21:40 - 0:31:48 - Epoch 147: train_loss=0.7559138536453247, train_AUC=0.9951820275399028, train_AP=0.9934747878806972, time=0.5009381771087646
INFO - 11/06/25 18:21:40 - 0:31:48 - Epoch 147: val_AUC=0.9562877139021753, val_AP=0.953681787513116
INFO - 11/06/25 18:21:41 - 0:31:49 - Epoch 148: train_loss=0.7551844716072083, train_AUC=0.9954292346218805, train_AP=0.9938841551587078, time=0.5189054012298584
INFO - 11/06/25 18:21:41 - 0:31:49 - Epoch 148: val_AUC=0.9562064620286984, val_AP=0.9536548230750395
INFO - 11/06/25 18:21:41 - 0:31:50 - Epoch 149: train_loss=0.7532477378845215, train_AUC=0.9956579529037661, train_AP=0.9943003934437514, time=0.4445152282714844
INFO - 11/06/25 18:21:42 - 0:31:50 - Epoch 149: val_AUC=0.9561058644710604, val_AP=0.9536110052520556
INFO - 11/06/25 18:21:42 - 0:31:50 - Epoch 150: train_loss=0.7525641918182373, train_AUC=0.9955116295267631, train_AP=0.9940596126638055, time=0.47069859504699707
INFO - 11/06/25 18:21:42 - 0:31:50 - Epoch 150: val_AUC=0.9560097469665968, val_AP=0.953576262041843
INFO - 11/06/25 18:21:43 - 0:31:51 - Epoch 151: train_loss=0.7517505288124084, train_AUC=0.9952655462710478, train_AP=0.9933623452048413, time=0.4958837032318115
INFO - 11/06/25 18:21:43 - 0:31:51 - Epoch 151: val_AUC=0.95590955668652, val_AP=0.9535264984218642
INFO - 11/06/25 18:21:43 - 0:31:52 - Epoch 152: train_loss=0.7509042024612427, train_AUC=0.9954746982463257, train_AP=0.99378578149301, time=0.4782989025115967
INFO - 11/06/25 18:21:44 - 0:31:52 - Epoch 152: val_AUC=0.9558034608818048, val_AP=0.9535022217959165
INFO - 11/06/25 18:21:44 - 0:31:52 - Epoch 153: train_loss=0.7502264976501465, train_AUC=0.9953916261573061, train_AP=0.993795115005166, time=0.5006103515625
INFO - 11/06/25 18:21:44 - 0:31:53 - Epoch 153: val_AUC=0.9556676338151157, val_AP=0.9534388526319051
INFO - 11/06/25 18:21:45 - 0:31:53 - Epoch 154: train_loss=0.7486242055892944, train_AUC=0.9956328070930061, train_AP=0.9940150238790384, time=0.5158236026763916
INFO - 11/06/25 18:21:45 - 0:31:53 - Epoch 154: val_AUC=0.955539952299652, val_AP=0.953380736935981
INFO - 11/06/25 18:21:46 - 0:31:54 - Epoch 155: train_loss=0.7482697367668152, train_AUC=0.995593038684021, train_AP=0.9940254825610721, time=0.5442848205566406
INFO - 11/06/25 18:21:46 - 0:31:54 - Epoch 155: val_AUC=0.9554057543432078, val_AP=0.95330367031983
INFO - 11/06/25 18:21:46 - 0:31:55 - Epoch 156: train_loss=0.7461013793945312, train_AUC=0.9956533033169724, train_AP=0.9939304258700724, time=0.4976949691772461
INFO - 11/06/25 18:21:47 - 0:31:55 - Epoch 156: val_AUC=0.9552788873828669, val_AP=0.9532415396661306
INFO - 11/06/25 18:21:47 - 0:31:55 - Epoch 157: train_loss=0.7455670237541199, train_AUC=0.9957817564298235, train_AP=0.9942952685304107, time=0.5220119953155518
INFO - 11/06/25 18:21:47 - 0:31:56 - Epoch 157: val_AUC=0.9551261582973843, val_AP=0.953153859638272
INFO - 11/06/25 18:21:48 - 0:31:56 - Epoch 158: train_loss=0.744326114654541, train_AUC=0.9957454583033454, train_AP=0.9943095479504327, time=0.5183017253875732
INFO - 11/06/25 18:21:48 - 0:31:56 - Epoch 158: val_AUC=0.954975465599708, val_AP=0.9530588851110007
INFO - 11/06/25 18:21:49 - 0:31:57 - Epoch 159: train_loss=0.7439727783203125, train_AUC=0.9957110068025314, train_AP=0.9942475131754226, time=0.5181388854980469
INFO - 11/06/25 18:21:49 - 0:31:57 - Epoch 159: val_AUC=0.9548376021452123, val_AP=0.9529746504115889
INFO - 11/06/25 18:21:49 - 0:31:57 - Epoch 160: train_loss=0.7432628870010376, train_AUC=0.9957906926186237, train_AP=0.9941863605144782, time=0.4948997497558594
INFO - 11/06/25 18:21:50 - 0:31:58 - Epoch 160: val_AUC=0.954713178850239, val_AP=0.9528895738569787
INFO - 11/06/25 18:21:50 - 0:31:58 - Epoch 161: train_loss=0.7420002222061157, train_AUC=0.9959965870652148, train_AP=0.9946592021819434, time=0.5112965106964111
INFO - 11/06/25 18:21:50 - 0:31:58 - Epoch 161: val_AUC=0.9545883482777047, val_AP=0.9528231311001318
INFO - 11/06/25 18:21:51 - 0:31:59 - Epoch 162: train_loss=0.7395675182342529, train_AUC=0.9960020078846059, train_AP=0.9946057483405619, time=0.5065016746520996
INFO - 11/06/25 18:21:51 - 0:31:59 - Epoch 162: val_AUC=0.9544877507200669, val_AP=0.9527734504882821
INFO - 11/06/25 18:21:51 - 0:32:00 - Epoch 163: train_loss=0.7389531135559082, train_AUC=0.9960331770237124, train_AP=0.9947323712164889, time=0.4982733726501465
INFO - 11/06/25 18:21:52 - 0:32:00 - Epoch 163: val_AUC=0.9544174953407447, val_AP=0.9527636601176338
INFO - 11/06/25 18:21:52 - 0:32:00 - Epoch 164: train_loss=0.7376189231872559, train_AUC=0.9961262670349448, train_AP=0.9947524178289877, time=0.5252938270568848
INFO - 11/06/25 18:21:52 - 0:32:01 - Epoch 164: val_AUC=0.9543420471725163, val_AP=0.9527289869384503
INFO - 11/06/25 18:21:53 - 0:32:01 - Epoch 165: train_loss=0.7360795140266418, train_AUC=0.9963758073641137, train_AP=0.9951602050609762, time=0.48526978492736816
INFO - 11/06/25 18:21:53 - 0:32:01 - Epoch 165: val_AUC=0.9542448096547589, val_AP=0.9526675759431276
INFO - 11/06/25 18:21:54 - 0:32:02 - Epoch 166: train_loss=0.7361990213394165, train_AUC=0.9962888569208975, train_AP=0.9949801155511181, time=0.5136861801147461
INFO - 11/06/25 18:21:54 - 0:32:02 - Epoch 166: val_AUC=0.9541348447132116, val_AP=0.9525815373862221
INFO - 11/06/25 18:21:54 - 0:32:02 - Epoch 167: train_loss=0.7362591624259949, train_AUC=0.9959793061009646, train_AP=0.9943936546619373, time=0.44371557235717773
INFO - 11/06/25 18:21:54 - 0:32:03 - Epoch 167: val_AUC=0.9540588874480312, val_AP=0.9525383834404074
INFO - 11/06/25 18:21:55 - 0:32:03 - Epoch 168: train_loss=0.7359589338302612, train_AUC=0.9960518828045216, train_AP=0.9944551855173669, time=0.49268531799316406
INFO - 11/06/25 18:21:55 - 0:32:03 - Epoch 168: val_AUC=0.9539639917762514, val_AP=0.952486791738864
INFO - 11/06/25 18:21:56 - 0:32:04 - Epoch 169: train_loss=0.7341195344924927, train_AUC=0.9963290599957995, train_AP=0.9950445122240092, time=0.4929962158203125
INFO - 11/06/25 18:21:56 - 0:32:04 - Epoch 169: val_AUC=0.9538670597166653, val_AP=0.9524214697611773
INFO - 11/06/25 18:21:56 - 0:32:04 - Epoch 170: train_loss=0.7317336201667786, train_AUC=0.9962587843093432, train_AP=0.9949111896229941, time=0.5368571281433105
INFO - 11/06/25 18:21:56 - 0:32:05 - Epoch 170: val_AUC=0.9537387672848596, val_AP=0.9523255064882074
INFO - 11/06/25 18:21:57 - 0:32:05 - Epoch 171: train_loss=0.7324287295341492, train_AUC=0.9962937551901365, train_AP=0.994892261961085, time=0.4762864112854004
INFO - 11/06/25 18:21:57 - 0:32:05 - Epoch 171: val_AUC=0.9536186204042799, val_AP=0.952246565435041
INFO - 11/06/25 18:21:58 - 0:32:06 - Epoch 172: train_loss=0.7303204536437988, train_AUC=0.9964521733047869, train_AP=0.9950367663906248, time=0.5051217079162598
INFO - 11/06/25 18:21:58 - 0:32:06 - Epoch 172: val_AUC=0.9535129318771259, val_AP=0.9521826654036413
INFO - 11/06/25 18:21:58 - 0:32:07 - Epoch 173: train_loss=0.7303823232650757, train_AUC=0.9962931398243692, train_AP=0.9948234276248541, time=0.5263440608978271
INFO - 11/06/25 18:21:59 - 0:32:07 - Epoch 173: val_AUC=0.9534007269089912, val_AP=0.9521091642808233
INFO - 11/06/25 18:21:59 - 0:32:07 - Epoch 174: train_loss=0.7280899286270142, train_AUC=0.9964621371579411, train_AP=0.99508123015793, time=0.5338544845581055
INFO - 11/06/25 18:21:59 - 0:32:08 - Epoch 174: val_AUC=0.9532651034810827, val_AP=0.9520067331910456
INFO - 11/06/25 18:22:00 - 0:32:08 - Epoch 175: train_loss=0.7272682189941406, train_AUC=0.9961889161662143, train_AP=0.9944730217779344, time=0.4872257709503174
INFO - 11/06/25 18:22:00 - 0:32:08 - Epoch 175: val_AUC=0.9531398656309871, val_AP=0.9519266883685232
INFO - 11/06/25 18:22:01 - 0:32:09 - Epoch 176: train_loss=0.7276245951652527, train_AUC=0.9964558396096461, train_AP=0.9952645824359696, time=0.48777055740356445
INFO - 11/06/25 18:22:01 - 0:32:09 - Epoch 176: val_AUC=0.9530219587769942, val_AP=0.9518395607609745
INFO - 11/06/25 18:22:01 - 0:32:09 - Epoch 177: train_loss=0.7258782386779785, train_AUC=0.9964928386965576, train_AP=0.9951194725145359, time=0.5022540092468262
INFO - 11/06/25 18:22:02 - 0:32:10 - Epoch 177: val_AUC=0.9528993682310469, val_AP=0.9517592065658577
INFO - 11/06/25 18:22:02 - 0:32:10 - Epoch 178: train_loss=0.7252482175827026, train_AUC=0.9963928429922121, train_AP=0.9947862313146211, time=0.49726366996765137
INFO - 11/06/25 18:22:02 - 0:32:10 - Epoch 178: val_AUC=0.9527797304474187, val_AP=0.951684888874645
INFO - 11/06/25 18:22:03 - 0:32:11 - Epoch 179: train_loss=0.7245410680770874, train_AUC=0.9965948641921074, train_AP=0.9953711479771442, time=0.4914367198944092
INFO - 11/06/25 18:22:03 - 0:32:11 - Epoch 179: val_AUC=0.952670987338555, val_AP=0.9516084259575424
INFO - 11/06/25 18:22:03 - 0:32:12 - Epoch 180: train_loss=0.7232372760772705, train_AUC=0.9965687539443291, train_AP=0.9950364590085948, time=0.5029091835021973
INFO - 11/06/25 18:22:04 - 0:32:12 - Epoch 180: val_AUC=0.9525955391703266, val_AP=0.9515587057186974
INFO - 11/06/25 18:22:04 - 0:32:12 - Epoch 181: train_loss=0.7233211994171143, train_AUC=0.9963503600346948, train_AP=0.9949814255826126, time=0.4993870258331299
INFO - 11/06/25 18:22:04 - 0:32:12 - Epoch 181: val_AUC=0.9524878142553664, val_AP=0.951487785715257
INFO - 11/06/25 18:22:05 - 0:32:13 - Epoch 182: train_loss=0.7214080095291138, train_AUC=0.9965504835339195, train_AP=0.9951338773850438, time=0.45654940605163574
INFO - 11/06/25 18:22:05 - 0:32:13 - Epoch 182: val_AUC=0.952378867507722, val_AP=0.9514080667510068
INFO - 11/06/25 18:22:06 - 0:32:14 - Epoch 183: train_loss=0.7200369238853455, train_AUC=0.9967792088606335, train_AP=0.9956736093244609, time=0.5074586868286133
INFO - 11/06/25 18:22:06 - 0:32:14 - Epoch 183: val_AUC=0.9522624879445842, val_AP=0.9513211108121337
INFO - 11/06/25 18:22:06 - 0:32:14 - Epoch 184: train_loss=0.7188152074813843, train_AUC=0.9967747766067984, train_AP=0.9954661049360121, time=0.5236539840698242
INFO - 11/06/25 18:22:06 - 0:32:15 - Epoch 184: val_AUC=0.9521267626972851, val_AP=0.9512248995909326
INFO - 11/06/25 18:22:07 - 0:32:15 - Epoch 185: train_loss=0.7181363105773926, train_AUC=0.996897322454852, train_AP=0.9956713429288826, time=0.4876227378845215
INFO - 11/06/25 18:22:07 - 0:32:15 - Epoch 185: val_AUC=0.9519650735054543, val_AP=0.9511020348874083
INFO - 11/06/25 18:22:08 - 0:32:16 - Epoch 186: train_loss=0.7172781229019165, train_AUC=0.9969021127620945, train_AP=0.9957616718277624, time=0.522536039352417
INFO - 11/06/25 18:22:08 - 0:32:16 - Epoch 186: val_AUC=0.9518113262260685, val_AP=0.9509909752087621
INFO - 11/06/25 18:22:08 - 0:32:16 - Epoch 187: train_loss=0.7180303335189819, train_AUC=0.9966337056777858, train_AP=0.9952924496006309, time=0.5289664268493652
INFO - 11/06/25 18:22:09 - 0:32:17 - Epoch 187: val_AUC=0.9516547280037534, val_AP=0.9508783825242065
INFO - 11/06/25 18:22:09 - 0:32:17 - Epoch 188: train_loss=0.716179609298706, train_AUC=0.9969070413240959, train_AP=0.9957169900176777, time=0.49214649200439453
INFO - 11/06/25 18:22:09 - 0:32:17 - Epoch 188: val_AUC=0.9515158463553546, val_AP=0.950769072612799
INFO - 11/06/25 18:22:10 - 0:32:18 - Epoch 189: train_loss=0.7167195081710815, train_AUC=0.996753499111354, train_AP=0.9954810478658382, time=0.5309677124023438
INFO - 11/06/25 18:22:10 - 0:32:18 - Epoch 189: val_AUC=0.9513810374825685, val_AP=0.9506871337460782
INFO - 11/06/25 18:22:11 - 0:32:19 - Epoch 190: train_loss=0.7132722735404968, train_AUC=0.9970394703620177, train_AP=0.9959049604953559, time=0.5348575115203857
INFO - 11/06/25 18:22:11 - 0:32:19 - Epoch 190: val_AUC=0.9512309557012342, val_AP=0.9505862996250255
INFO - 11/06/25 18:22:11 - 0:32:19 - Epoch 191: train_loss=0.7149032354354858, train_AUC=0.9967233754247934, train_AP=0.9952750124075299, time=0.5035810470581055
INFO - 11/06/25 18:22:11 - 0:32:20 - Epoch 191: val_AUC=0.9510753756728226, val_AP=0.95046602602879
INFO - 11/06/25 18:22:12 - 0:32:20 - Epoch 192: train_loss=0.7128810882568359, train_AUC=0.9969482285615359, train_AP=0.9956461746080804, time=0.4486827850341797
INFO - 11/06/25 18:22:12 - 0:32:20 - Epoch 192: val_AUC=0.9509035045419595, val_AP=0.9503259903309271
INFO - 11/06/25 18:22:13 - 0:32:21 - Epoch 193: train_loss=0.7122021317481995, train_AUC=0.9968508257063108, train_AP=0.9955859919629427, time=0.4943351745605469
INFO - 11/06/25 18:22:13 - 0:32:21 - Epoch 193: val_AUC=0.9507522009279412, val_AP=0.9502141213896667
INFO - 11/06/25 18:22:13 - 0:32:21 - Epoch 194: train_loss=0.7110023498535156, train_AUC=0.9967724435357279, train_AP=0.99545651867283, time=0.5013670921325684
INFO - 11/06/25 18:22:14 - 0:32:22 - Epoch 194: val_AUC=0.950582162546104, val_AP=0.9500928783148184
INFO - 11/06/25 18:22:14 - 0:32:22 - Epoch 195: train_loss=0.7103995084762573, train_AUC=0.9970442645439159, train_AP=0.9958503482217781, time=0.49931955337524414
INFO - 11/06/25 18:22:14 - 0:32:22 - Epoch 195: val_AUC=0.9503972585332794, val_AP=0.9499577091700905
INFO - 11/06/25 18:22:15 - 0:32:23 - Epoch 196: train_loss=0.7091747522354126, train_AUC=0.9970901771000558, train_AP=0.995971570678543, time=0.46544384956359863
INFO - 11/06/25 18:22:15 - 0:32:23 - Epoch 196: val_AUC=0.9502532859153644, val_AP=0.949854974728376
INFO - 11/06/25 18:22:15 - 0:32:24 - Epoch 197: train_loss=0.7097219824790955, train_AUC=0.9969378082034965, train_AP=0.9956384320961464, time=0.5095012187957764
INFO - 11/06/25 18:22:16 - 0:32:24 - Epoch 197: val_AUC=0.9501204116109945, val_AP=0.9497641253641067
INFO - 11/06/25 18:22:16 - 0:32:24 - Epoch 198: train_loss=0.7086018323898315, train_AUC=0.9969398797353096, train_AP=0.9956804906130265, time=0.5075604915618896
INFO - 11/06/25 18:22:16 - 0:32:25 - Epoch 198: val_AUC=0.9499912028046762, val_AP=0.9496663215318555
INFO - 11/06/25 18:22:17 - 0:32:25 - Epoch 199: train_loss=0.7064561247825623, train_AUC=0.9971223876409318, train_AP=0.9958567749181826, time=0.505906343460083
INFO - 11/06/25 18:22:17 - 0:32:25 - Epoch 199: val_AUC=0.9498499793102999, val_AP=0.9495683552695325
INFO - 11/06/25 18:22:18 - 0:32:26 - Epoch 200: train_loss=0.706899106502533, train_AUC=0.9970848279617944, train_AP=0.9958231468811212, time=0.5054032802581787
INFO - 11/06/25 18:22:18 - 0:32:26 - Epoch 200: val_AUC=0.949725046918375, val_AP=0.9494795539808045
INFO - 11/06/25 18:22:18 - 0:32:26 - Epoch 201: train_loss=0.7049469947814941, train_AUC=0.9972588302937566, train_AP=0.9961949004392138, time=0.5050022602081299
INFO - 11/06/25 18:22:19 - 0:32:27 - Epoch 201: val_AUC=0.9496148783380468, val_AP=0.9493966581573937
INFO - 11/06/25 18:22:19 - 0:32:27 - Epoch 202: train_loss=0.7050764560699463, train_AUC=0.9970822414530196, train_AP=0.9956696223304392, time=0.46040892601013184
INFO - 11/06/25 18:22:19 - 0:32:27 - Epoch 202: val_AUC=0.949496564206493, val_AP=0.9493129359851256
INFO - 11/06/25 18:22:20 - 0:32:28 - Epoch 203: train_loss=0.7050908803939819, train_AUC=0.9970670334295484, train_AP=0.9957209906312081, time=0.49642109870910645
INFO - 11/06/25 18:22:20 - 0:32:28 - Epoch 203: val_AUC=0.9494026867286164, val_AP=0.9492548296308956
INFO - 11/06/25 18:22:20 - 0:32:28 - Epoch 204: train_loss=0.7034254670143127, train_AUC=0.9971287785332038, train_AP=0.9959575233509448, time=0.5058536529541016
INFO - 11/06/25 18:22:21 - 0:32:29 - Epoch 204: val_AUC=0.9493157329692815, val_AP=0.9492067381759243
INFO - 11/06/25 18:22:21 - 0:32:29 - Epoch 205: train_loss=0.7028599381446838, train_AUC=0.9971448074553132, train_AP=0.9959323509739756, time=0.4871482849121094
INFO - 11/06/25 18:22:21 - 0:32:29 - Epoch 205: val_AUC=0.9491711494350246, val_AP=0.9491120068916613
INFO - 11/06/25 18:22:22 - 0:32:30 - Epoch 206: train_loss=0.7023546695709229, train_AUC=0.9971149717261163, train_AP=0.9959257633430703, time=0.5047242641448975
INFO - 11/06/25 18:22:22 - 0:32:30 - Epoch 206: val_AUC=0.9490308423151612, val_AP=0.9490228380283331
INFO - 11/06/25 18:22:22 - 0:32:31 - Epoch 207: train_loss=0.7021509408950806, train_AUC=0.9971937598549401, train_AP=0.9960920606701027, time=0.5072939395904541
INFO - 11/06/25 18:22:23 - 0:32:31 - Epoch 207: val_AUC=0.9488964407199365, val_AP=0.9489323548468906
INFO - 11/06/25 18:22:23 - 0:32:31 - Epoch 208: train_loss=0.6995644569396973, train_AUC=0.997311158575189, train_AP=0.9960309012806647, time=0.5238254070281982
INFO - 11/06/25 18:22:23 - 0:32:32 - Epoch 208: val_AUC=0.9487956395235179, val_AP=0.9488804365353951
INFO - 11/06/25 18:22:24 - 0:32:32 - Epoch 209: train_loss=0.7009601593017578, train_AUC=0.996936117620783, train_AP=0.9955032501938874, time=0.5028729438781738
INFO - 11/06/25 18:22:24 - 0:32:32 - Epoch 209: val_AUC=0.9486437249931579, val_AP=0.9487643526983559
INFO - 11/06/25 18:22:25 - 0:32:33 - Epoch 210: train_loss=0.6993662118911743, train_AUC=0.9973945455680415, train_AP=0.9962764341029452, time=0.4995079040527344
INFO - 11/06/25 18:22:25 - 0:32:33 - Epoch 210: val_AUC=0.9485064724550039, val_AP=0.948666165822396
INFO - 11/06/25 18:22:25 - 0:32:33 - Epoch 211: train_loss=0.6988940238952637, train_AUC=0.9972227850766209, train_AP=0.9958922224463338, time=0.49939680099487305
INFO - 11/06/25 18:22:25 - 0:32:34 - Epoch 211: val_AUC=0.9483750236220987, val_AP=0.9485852954170463
INFO - 11/06/25 18:22:26 - 0:32:34 - Epoch 212: train_loss=0.6977862119674683, train_AUC=0.9974946185893794, train_AP=0.9963802491144499, time=0.45009660720825195
INFO - 11/06/25 18:22:26 - 0:32:34 - Epoch 212: val_AUC=0.9482531458118835, val_AP=0.9485059057287847
INFO - 11/06/25 18:22:27 - 0:32:35 - Epoch 213: train_loss=0.6976367235183716, train_AUC=0.9972537567844094, train_AP=0.9959361829111708, time=0.4979572296142578
INFO - 11/06/25 18:22:27 - 0:32:35 - Epoch 213: val_AUC=0.9481187442166585, val_AP=0.9484139742030635
INFO - 11/06/25 18:22:27 - 0:32:35 - Epoch 214: train_loss=0.696972131729126, train_AUC=0.9973338723350386, train_AP=0.9960553971028421, time=0.5221610069274902
INFO - 11/06/25 18:22:27 - 0:32:36 - Epoch 214: val_AUC=0.94797680798655, val_AP=0.948318270843079
INFO - 11/06/25 18:22:28 - 0:32:36 - Epoch 215: train_loss=0.6958741545677185, train_AUC=0.9973608790372405, train_AP=0.9961344857816533, time=0.4813234806060791
INFO - 11/06/25 18:22:28 - 0:32:36 - Epoch 215: val_AUC=0.9478707121818348, val_AP=0.9482478773913261
INFO - 11/06/25 18:22:29 - 0:32:37 - Epoch 216: train_loss=0.6951918005943298, train_AUC=0.9973305373132384, train_AP=0.9961520266321461, time=0.5165255069732666
INFO - 11/06/25 18:22:29 - 0:32:37 - Epoch 216: val_AUC=0.9477554526319903, val_AP=0.9481793005740102
INFO - 11/06/25 18:22:29 - 0:32:38 - Epoch 217: train_loss=0.6938009262084961, train_AUC=0.9973631819916691, train_AP=0.9960315981393616, time=0.5063612461090088
INFO - 11/06/25 18:22:30 - 0:32:38 - Epoch 217: val_AUC=0.9476697207053395, val_AP=0.9481309019225279
INFO - 11/06/25 18:22:30 - 0:32:38 - Epoch 218: train_loss=0.6913514137268066, train_AUC=0.9978164769007796, train_AP=0.996797047142657, time=0.4979574680328369
INFO - 11/06/25 18:22:30 - 0:32:38 - Epoch 218: val_AUC=0.9475245262547407, val_AP=0.948016139167601
INFO - 11/06/25 18:22:31 - 0:32:39 - Epoch 219: train_loss=0.6933839321136475, train_AUC=0.9973639107791747, train_AP=0.996249388732202, time=0.5049219131469727
INFO - 11/06/25 18:22:31 - 0:32:39 - Epoch 219: val_AUC=0.9474434780200446, val_AP=0.9479865261396254
INFO - 11/06/25 18:22:32 - 0:32:40 - Epoch 220: train_loss=0.6916162371635437, train_AUC=0.9975023097808673, train_AP=0.9961950966591799, time=0.5535678863525391
INFO - 11/06/25 18:22:32 - 0:32:40 - Epoch 220: val_AUC=0.9473972520168383, val_AP=0.9479730255297449
INFO - 11/06/25 18:22:32 - 0:32:40 - Epoch 221: train_loss=0.6909074187278748, train_AUC=0.9977468338399204, train_AP=0.9966901412902369, time=0.5332353115081787
INFO - 11/06/25 18:22:32 - 0:32:41 - Epoch 221: val_AUC=0.9473259784436132, val_AP=0.9479603626430197
INFO - 11/06/25 18:22:33 - 0:32:41 - Epoch 222: train_loss=0.6900895833969116, train_AUC=0.9975987230138122, train_AP=0.9964918418658585, time=0.43810033798217773
INFO - 11/06/25 18:22:33 - 0:32:41 - Epoch 222: val_AUC=0.9472516502886785, val_AP=0.9479299903172762
INFO - 11/06/25 18:22:34 - 0:32:42 - Epoch 223: train_loss=0.6891680955886841, train_AUC=0.9976589857094358, train_AP=0.9965409679715157, time=0.5143489837646484
INFO - 11/06/25 18:22:34 - 0:32:42 - Epoch 223: val_AUC=0.9471441290124984, val_AP=0.9478566068685091
INFO - 11/06/25 18:22:34 - 0:32:43 - Epoch 224: train_loss=0.6895586252212524, train_AUC=0.997541978153288, train_AP=0.9963389282436644, time=0.5284385681152344
INFO - 11/06/25 18:22:35 - 0:32:43 - Epoch 224: val_AUC=0.9469710360489516, val_AP=0.9477269461578816
INFO - 11/06/25 18:22:35 - 0:32:43 - Epoch 225: train_loss=0.6889006495475769, train_AUC=0.9974772664723617, train_AP=0.9964733299036532, time=0.5254244804382324
INFO - 11/06/25 18:22:35 - 0:32:44 - Epoch 225: val_AUC=0.9468422345201943, val_AP=0.9476361912394751
INFO - 11/06/25 18:22:36 - 0:32:44 - Epoch 226: train_loss=0.6886178255081177, train_AUC=0.997605017039693, train_AP=0.9965409007247717, time=0.4364783763885498
INFO - 11/06/25 18:22:36 - 0:32:44 - Epoch 226: val_AUC=0.9467347132440147, val_AP=0.947566339904449
INFO - 11/06/25 18:22:37 - 0:32:45 - Epoch 227: train_loss=0.687039852142334, train_AUC=0.9975988027964948, train_AP=0.9963326651662975, time=0.5236268043518066
INFO - 11/06/25 18:22:37 - 0:32:45 - Epoch 227: val_AUC=0.9466319774791802, val_AP=0.9474911100855906
INFO - 11/06/25 18:22:37 - 0:32:45 - Epoch 228: train_loss=0.6869016289710999, train_AUC=0.9976273806715673, train_AP=0.9964953859263508, time=0.4884827136993408
INFO - 11/06/25 18:22:37 - 0:32:46 - Epoch 228: val_AUC=0.9465344345032519, val_AP=0.947413268553782
INFO - 11/06/25 18:22:38 - 0:32:46 - Epoch 229: train_loss=0.6862339973449707, train_AUC=0.99770362773076, train_AP=0.9964890780356352, time=0.4625070095062256
INFO - 11/06/25 18:22:38 - 0:32:46 - Epoch 229: val_AUC=0.9464143894420622, val_AP=0.9473316397634788
INFO - 11/06/25 18:22:39 - 0:32:47 - Epoch 230: train_loss=0.6849610805511475, train_AUC=0.9977280984708314, train_AP=0.9965776210819416, time=0.44920945167541504
INFO - 11/06/25 18:22:39 - 0:32:47 - Epoch 230: val_AUC=0.9462964825880695, val_AP=0.9472526814642043
INFO - 11/06/25 18:22:39 - 0:32:47 - Epoch 231: train_loss=0.6848341226577759, train_AUC=0.9977958364339502, train_AP=0.9968952093153567, time=0.5015099048614502
INFO - 11/06/25 18:22:39 - 0:32:48 - Epoch 231: val_AUC=0.9462328454691187, val_AP=0.9472168363743155
INFO - 11/06/25 18:22:40 - 0:32:48 - Epoch 232: train_loss=0.6844085454940796, train_AUC=0.9974307632073541, train_AP=0.9960164348608389, time=0.523303747177124
INFO - 11/06/25 18:22:40 - 0:32:48 - Epoch 232: val_AUC=0.9461509826793, val_AP=0.9471626924626532
INFO - 11/06/25 18:22:41 - 0:32:49 - Epoch 233: train_loss=0.6829748153686523, train_AUC=0.997745744181076, train_AP=0.996842240148984, time=0.541966438293457
INFO - 11/06/25 18:22:41 - 0:32:49 - Epoch 233: val_AUC=0.9460685089731392, val_AP=0.9471148866392747
INFO - 11/06/25 18:22:41 - 0:32:50 - Epoch 234: train_loss=0.682499885559082, train_AUC=0.9978113547821158, train_AP=0.9968285131818035, time=0.5070397853851318
INFO - 11/06/25 18:22:42 - 0:32:50 - Epoch 234: val_AUC=0.9460011045367461, val_AP=0.9470697731545789
INFO - 11/06/25 18:22:42 - 0:32:50 - Epoch 235: train_loss=0.6813104152679443, train_AUC=0.997830481139185, train_AP=0.9967829791871488, time=0.5288553237915039
INFO - 11/06/25 18:22:42 - 0:32:51 - Epoch 235: val_AUC=0.9459291182277886, val_AP=0.9470259758913163
INFO - 11/06/25 18:22:43 - 0:32:51 - Epoch 236: train_loss=0.6812418103218079, train_AUC=0.9977535665824943, train_AP=0.9965709302280716, time=0.48593807220458984
INFO - 11/06/25 18:22:43 - 0:32:51 - Epoch 236: val_AUC=0.9458636483598117, val_AP=0.9469880736506091
INFO - 11/06/25 18:22:44 - 0:32:52 - Epoch 237: train_loss=0.6819907426834106, train_AUC=0.9978696806782706, train_AP=0.9970003554522308, time=0.519676923751831
INFO - 11/06/25 18:22:44 - 0:32:52 - Epoch 237: val_AUC=0.9457923747865865, val_AP=0.9469424512927707
INFO - 11/06/25 18:22:44 - 0:32:52 - Epoch 238: train_loss=0.6805109977722168, train_AUC=0.9977899031032875, train_AP=0.9968384528245542, time=0.5162665843963623
INFO - 11/06/25 18:22:45 - 0:32:53 - Epoch 238: val_AUC=0.9457286358482451, val_AP=0.9469276591477526
INFO - 11/06/25 18:22:45 - 0:32:53 - Epoch 239: train_loss=0.6789426803588867, train_AUC=0.9979515436986033, train_AP=0.9970349254307981, time=0.5025954246520996
INFO - 11/06/25 18:22:45 - 0:32:53 - Epoch 239: val_AUC=0.9456180599903556, val_AP=0.9468572939959461
INFO - 11/06/25 18:22:46 - 0:32:54 - Epoch 240: train_loss=0.6797910928726196, train_AUC=0.9979739955669543, train_AP=0.9969956384576163, time=0.5083446502685547
INFO - 11/06/25 18:22:46 - 0:32:54 - Epoch 240: val_AUC=0.9455396590598077, val_AP=0.9468021109925444
INFO - 11/06/25 18:22:46 - 0:32:55 - Epoch 241: train_loss=0.6788230538368225, train_AUC=0.9978591801853074, train_AP=0.9968515579899153, time=0.45900511741638184
INFO - 11/06/25 18:22:47 - 0:32:55 - Epoch 241: val_AUC=0.9455620593256786, val_AP=0.9468459397172053
INFO - 11/06/25 18:22:47 - 0:32:55 - Epoch 242: train_loss=0.678253173828125, train_AUC=0.9975802643303618, train_AP=0.9963334309314871, time=0.5059182643890381
INFO - 11/06/25 18:22:47 - 0:32:56 - Epoch 242: val_AUC=0.945545055487495, val_AP=0.9468402300780432
INFO - 11/06/25 18:22:48 - 0:32:56 - Epoch 243: train_loss=0.6777998805046082, train_AUC=0.9978443601557644, train_AP=0.9967674519696252, time=0.5506200790405273
INFO - 11/06/25 18:22:48 - 0:32:56 - Epoch 243: val_AUC=0.9453563841572288, val_AP=0.9467127906481206
INFO - 11/06/25 18:22:49 - 0:32:57 - Epoch 244: train_loss=0.6759358644485474, train_AUC=0.9979885112599072, train_AP=0.9971064032906327, time=0.45894455909729004
INFO - 11/06/25 18:22:49 - 0:32:57 - Epoch 244: val_AUC=0.9451089630387467, val_AP=0.9465286389748707
INFO - 11/06/25 18:22:49 - 0:32:57 - Epoch 245: train_loss=0.6761326789855957, train_AUC=0.9980410434891238, train_AP=0.9971486217281704, time=0.5161423683166504
INFO - 11/06/25 18:22:50 - 0:32:58 - Epoch 245: val_AUC=0.9448898477107742, val_AP=0.9463733149767479
INFO - 11/06/25 18:22:50 - 0:32:58 - Epoch 246: train_loss=0.675836980342865, train_AUC=0.9979629577296991, train_AP=0.996894246384216, time=0.517012357711792
INFO - 11/06/25 18:22:50 - 0:32:58 - Epoch 246: val_AUC=0.9447946465808235, val_AP=0.94630138858086
INFO - 11/06/25 18:22:51 - 0:32:59 - Epoch 247: train_loss=0.6746998429298401, train_AUC=0.9980947315985726, train_AP=0.9971152124780475, time=0.5125999450683594
INFO - 11/06/25 18:22:51 - 0:32:59 - Epoch 247: val_AUC=0.9448658183346583, val_AP=0.9463684389095255
INFO - 11/06/25 18:22:51 - 0:33:00 - Epoch 248: train_loss=0.6740289926528931, train_AUC=0.9979335559619363, train_AP=0.9969082586823435, time=0.5199744701385498
INFO - 11/06/25 18:22:52 - 0:33:00 - Epoch 248: val_AUC=0.9449432010713029, val_AP=0.9464441449187395
INFO - 11/06/25 18:22:52 - 0:33:00 - Epoch 249: train_loss=0.6741653680801392, train_AUC=0.9979175208756021, train_AP=0.9968845581402449, time=0.5034041404724121
INFO - 11/06/25 18:22:52 - 0:33:01 - Epoch 249: val_AUC=0.9448998260110257, val_AP=0.9464125347198312
INFO - 11/06/25 18:22:53 - 0:33:01 - Epoch 250: train_loss=0.6734988689422607, train_AUC=0.9979765269499462, train_AP=0.99695377204107, time=0.5322892665863037
INFO - 11/06/25 18:22:53 - 0:33:01 - Epoch 250: val_AUC=0.9447676644423881, val_AP=0.9463294138376688
INFO - 11/06/25 18:22:54 - 0:33:02 - Epoch 251: train_loss=0.6736263036727905, train_AUC=0.9979982560188957, train_AP=0.9970711081637377, time=0.4888005256652832
INFO - 11/06/25 18:22:54 - 0:33:02 - Epoch 251: val_AUC=0.9446287827939894, val_AP=0.9462504985202871
INFO - 11/06/25 18:22:54 - 0:33:02 - Epoch 252: train_loss=0.6729132533073425, train_AUC=0.998025438489568, train_AP=0.9971249518560884, time=0.5135502815246582
INFO - 11/06/25 18:22:54 - 0:33:03 - Epoch 252: val_AUC=0.9444829774270482, val_AP=0.946171779198947
INFO - 11/06/25 18:22:55 - 0:33:03 - Epoch 253: train_loss=0.6728471517562866, train_AUC=0.997897237229335, train_AP=0.9967295571483112, time=0.539933443069458
INFO - 11/06/25 18:22:55 - 0:33:03 - Epoch 253: val_AUC=0.9443748452345269, val_AP=0.9461082848007077
INFO - 11/06/25 18:22:56 - 0:33:04 - Epoch 254: train_loss=0.6713051199913025, train_AUC=0.9980236045445952, train_AP=0.9968717407237585, time=0.543046236038208
INFO - 11/06/25 18:22:56 - 0:33:04 - Epoch 254: val_AUC=0.944307237159353, val_AP=0.9460693898348349
INFO - 11/06/25 18:22:57 - 0:33:05 - Epoch 255: train_loss=0.6708939075469971, train_AUC=0.9978897075405398, train_AP=0.9966621543945677, time=0.5105621814727783
INFO - 11/06/25 18:22:57 - 0:33:05 - Epoch 255: val_AUC=0.9441891266665798, val_AP=0.945995784775883
INFO - 11/06/25 18:22:57 - 0:33:05 - Epoch 256: train_loss=0.6705997586250305, train_AUC=0.9979799190348572, train_AP=0.9971335783869508, time=0.523334264755249
INFO - 11/06/25 18:22:57 - 0:33:06 - Epoch 256: val_AUC=0.9439836551369105, val_AP=0.9458518837633759
INFO - 11/06/25 18:22:58 - 0:33:06 - Epoch 257: train_loss=0.6692986488342285, train_AUC=0.9980800124861976, train_AP=0.9971518350695093, time=0.5269167423248291
INFO - 11/06/25 18:22:58 - 0:33:06 - Epoch 257: val_AUC=0.9438555663438856, val_AP=0.9457861983975866
INFO - 11/06/25 18:22:59 - 0:33:07 - Epoch 258: train_loss=0.6687247157096863, train_AUC=0.9981678386015932, train_AP=0.9973871515965811, time=0.5173299312591553
INFO - 11/06/25 18:22:59 - 0:33:07 - Epoch 258: val_AUC=0.9438007875118926, val_AP=0.9457635007098117
INFO - 11/06/25 18:22:59 - 0:33:08 - Epoch 259: train_loss=0.6670154333114624, train_AUC=0.998170922123017, train_AP=0.9972513293571513, time=0.5214858055114746
INFO - 11/06/25 18:23:00 - 0:33:08 - Epoch 259: val_AUC=0.9437904019340796, val_AP=0.945759581255972
INFO - 11/06/25 18:23:00 - 0:33:08 - Epoch 260: train_loss=0.6689882874488831, train_AUC=0.9981777371139633, train_AP=0.9972126929683661, time=0.4812283515930176
INFO - 11/06/25 18:23:00 - 0:33:09 - Epoch 260: val_AUC=0.9437539505923443, val_AP=0.9457653195855237
INFO - 11/06/25 18:23:01 - 0:33:09 - Epoch 261: train_loss=0.6677236557006836, train_AUC=0.9981873927558715, train_AP=0.997217378022208, time=0.5102567672729492
INFO - 11/06/25 18:23:01 - 0:33:09 - Epoch 261: val_AUC=0.9436315636851776, val_AP=0.9456972869522924
INFO - 11/06/25 18:23:02 - 0:33:10 - Epoch 262: train_loss=0.6672343015670776, train_AUC=0.9982296532729298, train_AP=0.9973971694121114, time=0.5228564739227295
INFO - 11/06/25 18:23:02 - 0:33:10 - Epoch 262: val_AUC=0.9434181502430634, val_AP=0.9455490671262619
INFO - 11/06/25 18:23:02 - 0:33:11 - Epoch 263: train_loss=0.6664423942565918, train_AUC=0.9979981329105182, train_AP=0.9968574648405047, time=0.55672287940979
INFO - 11/06/25 18:23:03 - 0:33:11 - Epoch 263: val_AUC=0.9432265261504778, val_AP=0.9454106605358006
INFO - 11/06/25 18:23:03 - 0:33:11 - Epoch 264: train_loss=0.6661922335624695, train_AUC=0.9982040511334053, train_AP=0.9974398975123732, time=0.5182645320892334
INFO - 11/06/25 18:23:03 - 0:33:12 - Epoch 264: val_AUC=0.9431662490714073, val_AP=0.945384006878633
INFO - 11/06/25 18:23:04 - 0:33:12 - Epoch 265: train_loss=0.6656970977783203, train_AUC=0.9981823125539373, train_AP=0.9973126995885999, time=0.45267558097839355
INFO - 11/06/25 18:23:04 - 0:33:12 - Epoch 265: val_AUC=0.9430860153918335, val_AP=0.9453405507819042
INFO - 11/06/25 18:23:04 - 0:33:13 - Epoch 266: train_loss=0.6648314595222473, train_AUC=0.9982049607968821, train_AP=0.9972649977478852, time=0.5087137222290039
INFO - 11/06/25 18:23:05 - 0:33:13 - Epoch 266: val_AUC=0.9430776662018272, val_AP=0.9453421183446697
INFO - 11/06/25 18:23:05 - 0:33:13 - Epoch 267: train_loss=0.6657602787017822, train_AUC=0.9980287044720493, train_AP=0.9970843550729649, time=0.558368444442749
INFO - 11/06/25 18:23:06 - 0:33:14 - Epoch 267: val_AUC=0.9430253310352019, val_AP=0.9453273564580075
INFO - 11/06/25 18:23:06 - 0:33:14 - Epoch 268: train_loss=0.6640306115150452, train_AUC=0.9980851643692618, train_AP=0.9969319759355837, time=0.4972665309906006
INFO - 11/06/25 18:23:06 - 0:33:14 - Epoch 268: val_AUC=0.9428609945392223, val_AP=0.9452399944470554
INFO - 11/06/25 18:23:07 - 0:33:15 - Epoch 269: train_loss=0.6634713411331177, train_AUC=0.9981041408476051, train_AP=0.9969195356766023, time=0.48346924781799316
INFO - 11/06/25 18:23:07 - 0:33:15 - Epoch 269: val_AUC=0.9426064460634179, val_AP=0.9450656363765884
INFO - 11/06/25 18:23:07 - 0:33:16 - Epoch 270: train_loss=0.6631945371627808, train_AUC=0.9982288565028292, train_AP=0.9972607192212719, time=0.506382942199707
INFO - 11/06/25 18:23:08 - 0:33:16 - Epoch 270: val_AUC=0.9424903719584511, val_AP=0.9449827955049601
INFO - 11/06/25 18:23:08 - 0:33:16 - Epoch 271: train_loss=0.6620891094207764, train_AUC=0.9981954053676588, train_AP=0.9971346330333581, time=0.5281898975372314
INFO - 11/06/25 18:23:08 - 0:33:17 - Epoch 271: val_AUC=0.9424616588903804, val_AP=0.9449790512087172
INFO - 11/06/25 18:23:09 - 0:33:17 - Epoch 272: train_loss=0.6621980667114258, train_AUC=0.9982175375769179, train_AP=0.9973089529357587, time=0.49014735221862793
INFO - 11/06/25 18:23:09 - 0:33:17 - Epoch 272: val_AUC=0.9424372222367032, val_AP=0.9449722363899029
INFO - 11/06/25 18:23:10 - 0:33:18 - Epoch 273: train_loss=0.6622132062911987, train_AUC=0.9980608664036086, train_AP=0.997099748434847, time=0.5106971263885498
INFO - 11/06/25 18:23:10 - 0:33:18 - Epoch 273: val_AUC=0.9424097310013164, val_AP=0.9449772453806266
INFO - 11/06/25 18:23:10 - 0:33:18 - Epoch 274: train_loss=0.6603684425354004, train_AUC=0.99822984630123, train_AP=0.9972426760665637, time=0.5008351802825928
INFO - 11/06/25 18:23:11 - 0:33:19 - Epoch 274: val_AUC=0.9422600564975432, val_AP=0.944891144139447
INFO - 11/06/25 18:23:11 - 0:33:19 - Epoch 275: train_loss=0.6611336469650269, train_AUC=0.9982652828451856, train_AP=0.9974131673280823, time=0.5093474388122559
INFO - 11/06/25 18:23:11 - 0:33:19 - Epoch 275: val_AUC=0.942143473295625, val_AP=0.94481249302795
INFO - 11/06/25 18:23:12 - 0:33:20 - Epoch 276: train_loss=0.6597180366516113, train_AUC=0.9984016383182581, train_AP=0.9974600281727718, time=0.4934237003326416
INFO - 11/06/25 18:23:12 - 0:33:20 - Epoch 276: val_AUC=0.9420973491118092, val_AP=0.9447873405407908
INFO - 11/06/25 18:23:12 - 0:33:21 - Epoch 277: train_loss=0.660023033618927, train_AUC=0.99817353293645, train_AP=0.9971963506369621, time=0.49164319038391113
INFO - 11/06/25 18:23:13 - 0:33:21 - Epoch 277: val_AUC=0.9420097844361326, val_AP=0.9447157528665984
INFO - 11/06/25 18:23:13 - 0:33:21 - Epoch 278: train_loss=0.6593117713928223, train_AUC=0.998227516048091, train_AP=0.9973105025473037, time=0.480288028717041
INFO - 11/06/25 18:23:13 - 0:33:22 - Epoch 278: val_AUC=0.941966002098294, val_AP=0.9447012790581406
INFO - 11/06/25 18:23:14 - 0:33:22 - Epoch 279: train_loss=0.6587448716163635, train_AUC=0.9983967079950496, train_AP=0.9976021779380587, time=0.47152113914489746
INFO - 11/06/25 18:23:14 - 0:33:22 - Epoch 279: val_AUC=0.9418992085782429, val_AP=0.9446759854078977
INFO - 11/06/25 18:23:15 - 0:33:23 - Epoch 280: train_loss=0.6587609648704529, train_AUC=0.9983200259176985, train_AP=0.9974639363872249, time=0.4986732006072998
INFO - 11/06/25 18:23:15 - 0:33:23 - Epoch 280: val_AUC=0.9417531995725213, val_AP=0.9446024622234394
INFO - 11/06/25 18:23:15 - 0:33:23 - Epoch 281: train_loss=0.6563911437988281, train_AUC=0.9984097532561789, train_AP=0.9974218213776191, time=0.49359631538391113
INFO - 11/06/25 18:23:15 - 0:33:24 - Epoch 281: val_AUC=0.9416644130641609, val_AP=0.9445645701381827
INFO - 11/06/25 18:23:16 - 0:33:24 - Epoch 282: train_loss=0.6566339731216431, train_AUC=0.9983097163395869, train_AP=0.9974613614417526, time=0.5115022659301758
INFO - 11/06/25 18:23:16 - 0:33:24 - Epoch 282: val_AUC=0.9414888764352463, val_AP=0.9444337220185727
INFO - 11/06/25 18:23:17 - 0:33:25 - Epoch 283: train_loss=0.6561924815177917, train_AUC=0.9981998385020976, train_AP=0.9971821670335865, time=0.5085239410400391
INFO - 11/06/25 18:23:17 - 0:33:25 - Epoch 283: val_AUC=0.9414628106713239, val_AP=0.9444349402318042
INFO - 11/06/25 18:23:17 - 0:33:25 - Epoch 284: train_loss=0.6567429304122925, train_AUC=0.9983195759292797, train_AP=0.9975146822023757, time=0.494229793548584
INFO - 11/06/25 18:23:18 - 0:33:26 - Epoch 284: val_AUC=0.9414522214547302, val_AP=0.9444318754362859
INFO - 11/06/25 18:23:18 - 0:33:26 - Epoch 285: train_loss=0.6568989157676697, train_AUC=0.998185287232761, train_AP=0.9973059856254636, time=0.4972689151763916
INFO - 11/06/25 18:23:18 - 0:33:26 - Epoch 285: val_AUC=0.9413831879080922, val_AP=0.9443998902487325
INFO - 11/06/25 18:23:19 - 0:33:27 - Epoch 286: train_loss=0.6554384231567383, train_AUC=0.9983151119737163, train_AP=0.9973214475105663, time=0.5147476196289062
INFO - 11/06/25 18:23:19 - 0:33:27 - Epoch 286: val_AUC=0.9412204805223577, val_AP=0.9443004684736352
INFO - 11/06/25 18:23:19 - 0:33:28 - Epoch 287: train_loss=0.6551617383956909, train_AUC=0.998300132554929, train_AP=0.9974037571862286, time=0.49744153022766113
INFO - 11/06/25 18:23:20 - 0:33:28 - Epoch 287: val_AUC=0.9410826170678621, val_AP=0.9441977977336617
INFO - 11/06/25 18:23:20 - 0:33:28 - Epoch 288: train_loss=0.6544904708862305, train_AUC=0.9982737738008262, train_AP=0.9972334755526755, time=0.4873471260070801
INFO - 11/06/25 18:23:20 - 0:33:29 - Epoch 288: val_AUC=0.9410675477980947, val_AP=0.9442396109212075
INFO - 11/06/25 18:23:21 - 0:33:29 - Epoch 289: train_loss=0.6542117595672607, train_AUC=0.9981258237729281, train_AP=0.9969169035362345, time=0.5128345489501953
INFO - 11/06/25 18:23:21 - 0:33:29 - Epoch 289: val_AUC=0.9409793722060759, val_AP=0.944181083094241
INFO - 11/06/25 18:23:22 - 0:33:30 - Epoch 290: train_loss=0.6540042757987976, train_AUC=0.9984265467182986, train_AP=0.9974432231338128, time=0.4747612476348877
INFO - 11/06/25 18:23:22 - 0:33:30 - Epoch 290: val_AUC=0.9409023967469927, val_AP=0.9441226760043319
INFO - 11/06/25 18:23:22 - 0:33:30 - Epoch 291: train_loss=0.6528248190879822, train_AUC=0.998426839783163, train_AP=0.997663572941668, time=0.45036792755126953
INFO - 11/06/25 18:23:22 - 0:33:31 - Epoch 291: val_AUC=0.9409160405452958, val_AP=0.9441571191983201
INFO - 11/06/25 18:23:23 - 0:33:31 - Epoch 292: train_loss=0.6536985039710999, train_AUC=0.9983736041278232, train_AP=0.9976170065308114, time=0.5101161003112793
INFO - 11/06/25 18:23:23 - 0:33:31 - Epoch 292: val_AUC=0.9408767382606317, val_AP=0.9441130354895187
INFO - 11/06/25 18:23:24 - 0:33:32 - Epoch 293: train_loss=0.6530632972717285, train_AUC=0.9983194857554751, train_AP=0.9971759603576176, time=0.558053731918335
INFO - 11/06/25 18:23:24 - 0:33:32 - Epoch 293: val_AUC=0.9406973324948846, val_AP=0.9440219473536219
INFO - 11/06/25 18:23:24 - 0:33:33 - Epoch 294: train_loss=0.652733564376831, train_AUC=0.9983783236345395, train_AP=0.9975911837199378, time=0.48798036575317383
INFO - 11/06/25 18:23:25 - 0:33:33 - Epoch 294: val_AUC=0.940477198973009, val_AP=0.9438664854469202
INFO - 11/06/25 18:23:25 - 0:33:33 - Epoch 295: train_loss=0.6523083448410034, train_AUC=0.9984647657933811, train_AP=0.9978331150160485, time=0.5033872127532959
INFO - 11/06/25 18:23:25 - 0:33:33 - Epoch 295: val_AUC=0.9402945349867716, val_AP=0.9437492312942463
INFO - 11/06/25 18:23:26 - 0:33:34 - Epoch 296: train_loss=0.6514124870300293, train_AUC=0.9984265296345894, train_AP=0.9976801703003235, time=0.5283217430114746
INFO - 11/06/25 18:23:26 - 0:33:34 - Epoch 296: val_AUC=0.94032569172021, val_AP=0.9437849058712157
INFO - 11/06/25 18:23:27 - 0:33:35 - Epoch 297: train_loss=0.6514768600463867, train_AUC=0.9984370746860929, train_AP=0.9976407181029642, time=0.5067086219787598
INFO - 11/06/25 18:23:27 - 0:33:35 - Epoch 297: val_AUC=0.9404621297032414, val_AP=0.9438664091325104
INFO - 11/06/25 18:23:27 - 0:33:35 - Epoch 298: train_loss=0.6499956846237183, train_AUC=0.9984103402665117, train_AP=0.9975532520893803, time=0.49459242820739746
INFO - 11/06/25 18:23:28 - 0:33:36 - Epoch 298: val_AUC=0.9403614303262131, val_AP=0.9438099917896686
INFO - 11/06/25 18:23:28 - 0:33:36 - Epoch 299: train_loss=0.6501933336257935, train_AUC=0.9986003757474803, train_AP=0.9979586305960871, time=0.516819953918457
INFO - 11/06/25 18:23:28 - 0:33:36 - Epoch 299: val_AUC=0.9401187947190763, val_AP=0.9436325000707563
INFO - 11/06/25 18:23:29 - 0:33:37 - Epoch 300: train_loss=0.6509979963302612, train_AUC=0.9982384438099013, train_AP=0.997027270208636, time=0.4930863380432129
INFO - 11/06/25 18:23:29 - 0:33:37 - Epoch 300: val_AUC=0.9398833882886524, val_AP=0.9434867460033789
INFO - 11/06/25 18:23:29 - 0:33:37 - best_epoch=111
INFO - 11/06/25 18:23:29 - 0:33:37 - test_auc= 95.45%, test_ap= 95.11%
INFO - 11/06/25 18:23:29 - 0:33:37 - 
                                     train iters 7
INFO - 11/06/25 18:23:29 - 0:33:37 - --------------------------Training Start-------------------------
INFO - 11/06/25 18:23:32 - 0:33:40 - Epoch 0: train_loss=6.897886276245117, train_AUC=0.9954294058112125, train_AP=0.9951780215009511, time=2.7307183742523193
INFO - 11/06/25 18:23:32 - 0:33:40 - Epoch 0: val_AUC=0.7830805089992049, val_AP=0.8263831382611352
INFO - 11/06/25 18:23:32 - 0:33:41 - Epoch 1: train_loss=2.342320442199707, train_AUC=0.9136494438302356, train_AP=0.9411431653589302, time=0.476651668548584
INFO - 11/06/25 18:23:33 - 0:33:41 - Epoch 1: val_AUC=0.7110440030822766, val_AP=0.7612338670996763
INFO - 11/06/25 18:23:33 - 0:33:41 - Epoch 2: train_loss=3.503009796142578, train_AUC=0.7834666750053014, train_AP=0.8403922709524682, time=0.4930741786956787
INFO - 11/06/25 18:23:33 - 0:33:41 - Epoch 2: val_AUC=0.6490894495562304, val_AP=0.7069841393856475
INFO - 11/06/25 18:23:34 - 0:33:42 - Epoch 3: train_loss=4.856966972351074, train_AUC=0.6570774277851258, train_AP=0.7346101179128137, time=0.5060937404632568
INFO - 11/06/25 18:23:34 - 0:33:42 - Epoch 3: val_AUC=0.6727053371280741, val_AP=0.7220673598020826
INFO - 11/06/25 18:23:35 - 0:33:43 - Epoch 4: train_loss=4.074731826782227, train_AUC=0.6881511663527924, train_AP=0.7537287455824547, time=0.515531063079834
INFO - 11/06/25 18:23:35 - 0:33:43 - Epoch 4: val_AUC=0.7288437634401597, val_AP=0.7595545309420371
INFO - 11/06/25 18:23:35 - 0:33:43 - Epoch 5: train_loss=3.267972469329834, train_AUC=0.7577459597457825, train_AP=0.8015436853501237, time=0.4685637950897217
INFO - 11/06/25 18:23:35 - 0:33:44 - Epoch 5: val_AUC=0.7926749501492265, val_AP=0.8019973271132118
INFO - 11/06/25 18:23:36 - 0:33:44 - Epoch 6: train_loss=2.551286220550537, train_AUC=0.8315244763449369, train_AP=0.8514034017406659, time=0.4890463352203369
INFO - 11/06/25 18:23:36 - 0:33:44 - Epoch 6: val_AUC=0.8320597085195949, val_AP=0.8297487042061338
INFO - 11/06/25 18:23:37 - 0:33:45 - Epoch 7: train_loss=2.128429651260376, train_AUC=0.8756014134845299, train_AP=0.8832913223123622, time=0.5003082752227783
INFO - 11/06/25 18:23:37 - 0:33:45 - Epoch 7: val_AUC=0.8566093817200797, val_AP=0.8491317959706204
INFO - 11/06/25 18:23:37 - 0:33:46 - Epoch 8: train_loss=1.973128080368042, train_AUC=0.9017837634972291, train_AP=0.9036837186789684, time=0.4895956516265869
INFO - 11/06/25 18:23:38 - 0:33:46 - Epoch 8: val_AUC=0.8733157036452971, val_AP=0.8620275405142568
INFO - 11/06/25 18:23:38 - 0:33:46 - Epoch 9: train_loss=1.8325984477996826, train_AUC=0.9150985245398597, train_AP=0.9129100600930118, time=0.48946690559387207
INFO - 11/06/25 18:23:38 - 0:33:46 - Epoch 9: val_AUC=0.8809436050906436, val_AP=0.8688029571158182
INFO - 11/06/25 18:23:39 - 0:33:47 - Epoch 10: train_loss=1.6931324005126953, train_AUC=0.9215460227133048, train_AP=0.9187060748141087, time=0.5212182998657227
INFO - 11/06/25 18:23:39 - 0:33:47 - Epoch 10: val_AUC=0.8837387509937572, val_AP=0.8716188180365089
INFO - 11/06/25 18:23:40 - 0:33:48 - Epoch 11: train_loss=1.5875353813171387, train_AUC=0.9215642040066341, train_AP=0.9192368830753176, time=0.47948455810546875
INFO - 11/06/25 18:23:40 - 0:33:48 - Epoch 11: val_AUC=0.8873051787785583, val_AP=0.8752034744766294
INFO - 11/06/25 18:23:40 - 0:33:48 - Epoch 12: train_loss=1.5591375827789307, train_AUC=0.9224016273466422, train_AP=0.9193360676625754, time=0.47655463218688965
INFO - 11/06/25 18:23:40 - 0:33:49 - Epoch 12: val_AUC=0.8941371580497595, val_AP=0.881218150917169
INFO - 11/06/25 18:23:41 - 0:33:49 - Epoch 13: train_loss=1.507218360900879, train_AUC=0.9274678655503165, train_AP=0.9230454699465416, time=0.5079536437988281
INFO - 11/06/25 18:23:41 - 0:33:49 - Epoch 13: val_AUC=0.9023474664077468, val_AP=0.888802948869557
INFO - 11/06/25 18:23:42 - 0:33:50 - Epoch 14: train_loss=1.4356296062469482, train_AUC=0.9356969034504341, train_AP=0.9302065967317387, time=0.4693005084991455
INFO - 11/06/25 18:23:42 - 0:33:50 - Epoch 14: val_AUC=0.9086423483950007, val_AP=0.8958505971610915
INFO - 11/06/25 18:23:42 - 0:33:50 - Epoch 15: train_loss=1.3925050497055054, train_AUC=0.9418737042658331, train_AP=0.9361843210906011, time=0.46837306022644043
INFO - 11/06/25 18:23:43 - 0:33:51 - Epoch 15: val_AUC=0.9129315920316959, val_AP=0.9008346352836967
INFO - 11/06/25 18:23:43 - 0:33:51 - Epoch 16: train_loss=1.3728151321411133, train_AUC=0.9453554436012392, train_AP=0.9398110630649803, time=0.5251390933990479
INFO - 11/06/25 18:23:43 - 0:33:51 - Epoch 16: val_AUC=0.9163001847411019, val_AP=0.9047723237287476
INFO - 11/06/25 18:23:44 - 0:33:52 - Epoch 17: train_loss=1.3433740139007568, train_AUC=0.9493903513223272, train_AP=0.944511164291956, time=0.46240973472595215
INFO - 11/06/25 18:23:44 - 0:33:52 - Epoch 17: val_AUC=0.9195472050984634, val_AP=0.9082778894884898
INFO - 11/06/25 18:23:44 - 0:33:53 - Epoch 18: train_loss=1.3104008436203003, train_AUC=0.9520575586072525, train_AP=0.9466949587309655, time=0.489668607711792
INFO - 11/06/25 18:23:45 - 0:33:53 - Epoch 18: val_AUC=0.9222248514251459, val_AP=0.9113254161180098
INFO - 11/06/25 18:23:45 - 0:33:53 - Epoch 19: train_loss=1.2676212787628174, train_AUC=0.9550853535003628, train_AP=0.949440850395663, time=0.5388290882110596
INFO - 11/06/25 18:23:45 - 0:33:54 - Epoch 19: val_AUC=0.9241899656583559, val_AP=0.9135736439072234
INFO - 11/06/25 18:23:46 - 0:33:54 - Epoch 20: train_loss=1.2297645807266235, train_AUC=0.9584426343167842, train_AP=0.9528656701871682, time=0.46727919578552246
INFO - 11/06/25 18:23:46 - 0:33:54 - Epoch 20: val_AUC=0.9256647177077766, val_AP=0.9152685915837219
INFO - 11/06/25 18:23:47 - 0:33:55 - Epoch 21: train_loss=1.2066349983215332, train_AUC=0.9589600526636434, train_AP=0.9523514589294677, time=0.5027401447296143
INFO - 11/06/25 18:23:47 - 0:33:55 - Epoch 21: val_AUC=0.9268751466199222, val_AP=0.9166408452348613
INFO - 11/06/25 18:23:47 - 0:33:56 - Epoch 22: train_loss=1.1827471256256104, train_AUC=0.9608811689350882, train_AP=0.9544739858203009, time=0.534698486328125
INFO - 11/06/25 18:23:48 - 0:33:56 - Epoch 22: val_AUC=0.9278986351314366, val_AP=0.9177291457328977
INFO - 11/06/25 18:23:48 - 0:33:56 - Epoch 23: train_loss=1.1664931774139404, train_AUC=0.9618589361778103, train_AP=0.9556240269702629, time=0.5000166893005371
INFO - 11/06/25 18:23:48 - 0:33:56 - Epoch 23: val_AUC=0.9289659059807895, val_AP=0.9189165789714224
INFO - 11/06/25 18:23:49 - 0:33:57 - Epoch 24: train_loss=1.1498546600341797, train_AUC=0.9636057410254437, train_AP=0.9573021447105672, time=0.5054409503936768
INFO - 11/06/25 18:23:49 - 0:33:57 - Epoch 24: val_AUC=0.9299101790066336, val_AP=0.9199790193826602
INFO - 11/06/25 18:23:50 - 0:33:58 - Epoch 25: train_loss=1.1406217813491821, train_AUC=0.9645472497688478, train_AP=0.9580551213753326, time=0.5544278621673584
INFO - 11/06/25 18:23:50 - 0:33:58 - Epoch 25: val_AUC=0.9308430482607619, val_AP=0.9209701400048869
INFO - 11/06/25 18:23:50 - 0:33:58 - Epoch 26: train_loss=1.130523443222046, train_AUC=0.9659985652741852, train_AP=0.9595962397731412, time=0.4651322364807129
INFO - 11/06/25 18:23:51 - 0:33:59 - Epoch 26: val_AUC=0.9316602506874845, val_AP=0.9217626751284475
INFO - 11/06/25 18:23:51 - 0:33:59 - Epoch 27: train_loss=1.1215927600860596, train_AUC=0.9663101752974814, train_AP=0.959546519807212, time=0.4665415287017822
INFO - 11/06/25 18:23:51 - 0:33:59 - Epoch 27: val_AUC=0.9324505727951621, val_AP=0.9225138512539551
INFO - 11/06/25 18:23:52 - 0:34:00 - Epoch 28: train_loss=1.1103242635726929, train_AUC=0.9673819906481086, train_AP=0.9605221904754144, time=0.5229008197784424
INFO - 11/06/25 18:23:52 - 0:34:00 - Epoch 28: val_AUC=0.9332710334423752, val_AP=0.9233054561302914
INFO - 11/06/25 18:23:52 - 0:34:01 - Epoch 29: train_loss=1.0971829891204834, train_AUC=0.9683940790623178, train_AP=0.9616999781251047, time=0.4733774662017822
INFO - 11/06/25 18:23:53 - 0:34:01 - Epoch 29: val_AUC=0.9341326291232781, val_AP=0.9241458887177137
INFO - 11/06/25 18:23:53 - 0:34:01 - Epoch 30: train_loss=1.084291696548462, train_AUC=0.9696662859678931, train_AP=0.9633131621038975, time=0.48502612113952637
INFO - 11/06/25 18:23:53 - 0:34:02 - Epoch 30: val_AUC=0.9349636789870843, val_AP=0.9250093412882214
INFO - 11/06/25 18:23:54 - 0:34:02 - Epoch 31: train_loss=1.0758285522460938, train_AUC=0.969796484965361, train_AP=0.9628804760979495, time=0.5140280723571777
INFO - 11/06/25 18:23:54 - 0:34:02 - Epoch 31: val_AUC=0.9358236455577422, val_AP=0.9259194851698535
INFO - 11/06/25 18:23:55 - 0:34:03 - Epoch 32: train_loss=1.065946102142334, train_AUC=0.9710619621224145, train_AP=0.9646885595267213, time=0.45000362396240234
INFO - 11/06/25 18:23:55 - 0:34:03 - Epoch 32: val_AUC=0.9367335036296577, val_AP=0.9269204055554715
INFO - 11/06/25 18:23:55 - 0:34:03 - Epoch 33: train_loss=1.0603169202804565, train_AUC=0.9714248007294181, train_AP=0.9647672510739398, time=0.3967719078063965
INFO - 11/06/25 18:23:55 - 0:34:04 - Epoch 33: val_AUC=0.9376095576639862, val_AP=0.9278739910014443
INFO - 11/06/25 18:23:56 - 0:34:04 - Epoch 34: train_loss=1.0551655292510986, train_AUC=0.9722017947636095, train_AP=0.9657325792373199, time=0.49221038818359375
INFO - 11/06/25 18:23:56 - 0:34:04 - Epoch 34: val_AUC=0.9385189066389501, val_AP=0.9288896181512475
INFO - 11/06/25 18:23:57 - 0:34:05 - Epoch 35: train_loss=1.0464961528778076, train_AUC=0.9734657606288342, train_AP=0.9668542891110452, time=0.5067548751831055
INFO - 11/06/25 18:23:57 - 0:34:05 - Epoch 35: val_AUC=0.9394091135685332, val_AP=0.9298665451003474
INFO - 11/06/25 18:23:57 - 0:34:05 - Epoch 36: train_loss=1.0397588014602661, train_AUC=0.9741898800551447, train_AP=0.967664631687788, time=0.49376821517944336
INFO - 11/06/25 18:23:58 - 0:34:06 - Epoch 36: val_AUC=0.9402342579077011, val_AP=0.9308025135198144
INFO - 11/06/25 18:23:58 - 0:34:06 - Epoch 37: train_loss=1.0320653915405273, train_AUC=0.9745838409531457, train_AP=0.9681277524378659, time=0.4458656311035156
INFO - 11/06/25 18:23:58 - 0:34:06 - Epoch 37: val_AUC=0.9410539039997916, val_AP=0.9317315399637288
INFO - 11/06/25 18:23:59 - 0:34:07 - Epoch 38: train_loss=1.0219554901123047, train_AUC=0.9758625731310964, train_AP=0.9698617783542279, time=0.4994370937347412
INFO - 11/06/25 18:23:59 - 0:34:07 - Epoch 38: val_AUC=0.9418102184311017, val_AP=0.9325703311682154
INFO - 11/06/25 18:23:59 - 0:34:08 - Epoch 39: train_loss=1.0136457681655884, train_AUC=0.9762695199375465, train_AP=0.9703188679623641, time=0.4969658851623535
INFO - 11/06/25 18:24:00 - 0:34:08 - Epoch 39: val_AUC=0.9425249905511608, val_AP=0.9333744618165178
INFO - 11/06/25 18:24:00 - 0:34:08 - Epoch 40: train_loss=1.0076817274093628, train_AUC=0.9773065588446462, train_AP=0.9718127781306424, time=0.4897894859313965
INFO - 11/06/25 18:24:00 - 0:34:09 - Epoch 40: val_AUC=0.9431456815545621, val_AP=0.9340591937290253
INFO - 11/06/25 18:24:01 - 0:34:09 - Epoch 41: train_loss=1.0015552043914795, train_AUC=0.9773892968326755, train_AP=0.9713666028739444, time=0.4966166019439697
INFO - 11/06/25 18:24:01 - 0:34:09 - Epoch 41: val_AUC=0.9437185174445125, val_AP=0.934702961560369
INFO - 11/06/25 18:24:02 - 0:34:10 - Epoch 42: train_loss=0.9943562746047974, train_AUC=0.9786014102946315, train_AP=0.9731571041213392, time=0.5014879703521729
INFO - 11/06/25 18:24:02 - 0:34:10 - Epoch 42: val_AUC=0.9442648802929792, val_AP=0.9353165470906213
INFO - 11/06/25 18:24:02 - 0:34:10 - Epoch 43: train_loss=0.9907760620117188, train_AUC=0.9787705927310716, train_AP=0.9729875121625362, time=0.47947216033935547
INFO - 11/06/25 18:24:03 - 0:34:11 - Epoch 43: val_AUC=0.9447644062218978, val_AP=0.9358928742998427
INFO - 11/06/25 18:24:03 - 0:34:11 - Epoch 44: train_loss=0.9871770739555359, train_AUC=0.9784738474719792, train_AP=0.9725233830558827, time=0.5096414089202881
INFO - 11/06/25 18:24:03 - 0:34:11 - Epoch 44: val_AUC=0.9452743177286294, val_AP=0.9364996225484319
INFO - 11/06/25 18:24:04 - 0:34:12 - Epoch 45: train_loss=0.9816059470176697, train_AUC=0.9792144926569273, train_AP=0.973534483188593, time=0.5300302505493164
INFO - 11/06/25 18:24:04 - 0:34:12 - Epoch 45: val_AUC=0.9457750654902319, val_AP=0.9370761025495186
INFO - 11/06/25 18:24:04 - 0:34:13 - Epoch 46: train_loss=0.9766181707382202, train_AUC=0.9794264569277328, train_AP=0.9735689239737234, time=0.48358798027038574
INFO - 11/06/25 18:24:05 - 0:34:13 - Epoch 46: val_AUC=0.9461947650171383, val_AP=0.9375508218874801
INFO - 11/06/25 18:24:05 - 0:34:13 - Epoch 47: train_loss=0.9691418409347534, train_AUC=0.9798814658436114, train_AP=0.9741100312573877, time=0.47866225242614746
INFO - 11/06/25 18:24:05 - 0:34:14 - Epoch 47: val_AUC=0.946636457532354, val_AP=0.938029335276714
INFO - 11/06/25 18:24:06 - 0:34:14 - Epoch 48: train_loss=0.9643312096595764, train_AUC=0.9801893093493632, train_AP=0.9745165207408447, time=0.4988527297973633
INFO - 11/06/25 18:24:06 - 0:34:14 - Epoch 48: val_AUC=0.9470435314548606, val_AP=0.9384662979385643
INFO - 11/06/25 18:24:07 - 0:34:15 - Epoch 49: train_loss=0.960716187953949, train_AUC=0.9801942232933455, train_AP=0.9742007067985391, time=0.528587818145752
INFO - 11/06/25 18:24:07 - 0:34:15 - Epoch 49: val_AUC=0.9474538635978573, val_AP=0.9389334276116211
INFO - 11/06/25 18:24:07 - 0:34:15 - Epoch 50: train_loss=0.9567506313323975, train_AUC=0.9805977878776446, train_AP=0.9749731019157848, time=0.41572093963623047
INFO - 11/06/25 18:24:08 - 0:34:16 - Epoch 50: val_AUC=0.9478006604412933, val_AP=0.9393329869406264
INFO - 11/06/25 18:24:08 - 0:34:16 - Epoch 51: train_loss=0.9500846266746521, train_AUC=0.9817145273949766, train_AP=0.9765282366171087, time=0.4504847526550293
INFO - 11/06/25 18:24:08 - 0:34:16 - Epoch 51: val_AUC=0.9481981633411096, val_AP=0.9398031038246303
INFO - 11/06/25 18:24:09 - 0:34:17 - Epoch 52: train_loss=0.9487493634223938, train_AUC=0.9815043320806013, train_AP=0.975978202738899, time=0.489915132522583
INFO - 11/06/25 18:24:09 - 0:34:17 - Epoch 52: val_AUC=0.9485127852572041, val_AP=0.9401932874437574
INFO - 11/06/25 18:24:09 - 0:34:18 - Epoch 53: train_loss=0.9435477256774902, train_AUC=0.9822139169690429, train_AP=0.9767067024021647, time=0.5078403949737549
INFO - 11/06/25 18:24:10 - 0:34:18 - Epoch 53: val_AUC=0.948804192352305, val_AP=0.9406076288542301
INFO - 11/06/25 18:24:10 - 0:34:18 - Epoch 54: train_loss=0.9401569366455078, train_AUC=0.9821623576306386, train_AP=0.9769973984246563, time=0.45773887634277344
INFO - 11/06/25 18:24:10 - 0:34:19 - Epoch 54: val_AUC=0.9491045595537542, val_AP=0.9410223529717597
INFO - 11/06/25 18:24:11 - 0:34:19 - Epoch 55: train_loss=0.9356129169464111, train_AUC=0.9827294365585072, train_AP=0.9774041645606717, time=0.49567484855651855
INFO - 11/06/25 18:24:11 - 0:34:19 - Epoch 55: val_AUC=0.9493806937403068, val_AP=0.9414055067574107
INFO - 11/06/25 18:24:12 - 0:34:20 - Epoch 56: train_loss=0.9326401948928833, train_AUC=0.9825757737030777, train_AP=0.9772328173651041, time=0.5078487396240234
INFO - 11/06/25 18:24:12 - 0:34:20 - Epoch 56: val_AUC=0.9496421659346532, val_AP=0.9417648674574376
INFO - 11/06/25 18:24:12 - 0:34:20 - Epoch 57: train_loss=0.9275000095367432, train_AUC=0.9831701589144792, train_AP=0.9779859431394643, time=0.47474122047424316
INFO - 11/06/25 18:24:13 - 0:34:21 - Epoch 57: val_AUC=0.9499268529499928, val_AP=0.9421569807196607
INFO - 11/06/25 18:24:13 - 0:34:21 - Epoch 58: train_loss=0.9248784780502319, train_AUC=0.9832739790800832, train_AP=0.978068707319113, time=0.48737573623657227
INFO - 11/06/25 18:24:13 - 0:34:21 - Epoch 58: val_AUC=0.9502070599121583, val_AP=0.9425075666653775
INFO - 11/06/25 18:24:14 - 0:34:22 - Epoch 59: train_loss=0.9223757982254028, train_AUC=0.9833055356847559, train_AP=0.9778573936206707, time=0.5013265609741211
INFO - 11/06/25 18:24:14 - 0:34:22 - Epoch 59: val_AUC=0.9504948015092076, val_AP=0.9428638379113043
INFO - 11/06/25 18:24:14 - 0:34:23 - Epoch 60: train_loss=0.9180457592010498, train_AUC=0.9841394128342301, train_AP=0.9793869254184402, time=0.5061287879943848
INFO - 11/06/25 18:24:15 - 0:34:23 - Epoch 60: val_AUC=0.9508045360945666, val_AP=0.9432332216882033
INFO - 11/06/25 18:24:15 - 0:34:23 - Epoch 61: train_loss=0.9142458438873291, train_AUC=0.9844573239282356, train_AP=0.9797617101008254, time=0.4385807514190674
INFO - 11/06/25 18:24:15 - 0:34:24 - Epoch 61: val_AUC=0.9511071433226029, val_AP=0.94358778563821
INFO - 11/06/25 18:24:16 - 0:34:24 - Epoch 62: train_loss=0.9136375784873962, train_AUC=0.9838830488842002, train_AP=0.9785758863448877, time=0.5009431838989258
INFO - 11/06/25 18:24:16 - 0:34:24 - Epoch 62: val_AUC=0.951428688957239, val_AP=0.9439554194378639
INFO - 11/06/25 18:24:17 - 0:34:25 - Epoch 63: train_loss=0.9071664810180664, train_AUC=0.9852232544115477, train_AP=0.9807113027585163, time=0.5072596073150635
INFO - 11/06/25 18:24:17 - 0:34:25 - Epoch 63: val_AUC=0.9517437181508948, val_AP=0.9443302352802692
INFO - 11/06/25 18:24:17 - 0:34:26 - Epoch 64: train_loss=0.9051873087882996, train_AUC=0.9849955762985865, train_AP=0.9803119553816749, time=0.496370792388916
INFO - 11/06/25 18:24:18 - 0:34:26 - Epoch 64: val_AUC=0.9520265724172086, val_AP=0.9446398450347875
INFO - 11/06/25 18:24:18 - 0:34:26 - Epoch 65: train_loss=0.9026445746421814, train_AUC=0.984861915296285, train_AP=0.979822798912301, time=0.5188314914703369
INFO - 11/06/25 18:24:18 - 0:34:26 - Epoch 65: val_AUC=0.9523093248641321, val_AP=0.9449909143427234
INFO - 11/06/25 18:24:19 - 0:34:27 - Epoch 66: train_loss=0.8995649814605713, train_AUC=0.9851597079452511, train_AP=0.9800270925641192, time=0.5070042610168457
INFO - 11/06/25 18:24:19 - 0:34:27 - Epoch 66: val_AUC=0.9525983901132559, val_AP=0.9453502890524652
INFO - 11/06/25 18:24:20 - 0:34:28 - Epoch 67: train_loss=0.8961634635925293, train_AUC=0.9855256603664408, train_AP=0.9808366628928786, time=0.4894077777862549
INFO - 11/06/25 18:24:20 - 0:34:28 - Epoch 67: val_AUC=0.9528920372349438, val_AP=0.9457204381382884
INFO - 11/06/25 18:24:20 - 0:34:28 - Epoch 68: train_loss=0.8938055038452148, train_AUC=0.9856552473444349, train_AP=0.9809911190360388, time=0.5111856460571289
INFO - 11/06/25 18:24:21 - 0:34:29 - Epoch 68: val_AUC=0.9531514730414836, val_AP=0.9460502195219753
INFO - 11/06/25 18:24:21 - 0:34:29 - Epoch 69: train_loss=0.8916298151016235, train_AUC=0.9857980497161661, train_AP=0.98123041796663, time=0.5547432899475098
INFO - 11/06/25 18:24:21 - 0:34:29 - Epoch 69: val_AUC=0.9534137597909528, val_AP=0.9463994186293725
INFO - 11/06/25 18:24:22 - 0:34:30 - Epoch 70: train_loss=0.8884053230285645, train_AUC=0.9857697317952643, train_AP=0.9807422530989516, time=0.4955778121948242
INFO - 11/06/25 18:24:22 - 0:34:30 - Epoch 70: val_AUC=0.9536516098867442, val_AP=0.9467250999223111
INFO - 11/06/25 18:24:23 - 0:34:31 - Epoch 71: train_loss=0.885394275188446, train_AUC=0.9862405170761513, train_AP=0.9815532002850916, time=0.50807785987854
INFO - 11/06/25 18:24:23 - 0:34:31 - Epoch 71: val_AUC=0.9538908854540005, val_AP=0.9470655839446708
INFO - 11/06/25 18:24:23 - 0:34:31 - Epoch 72: train_loss=0.8835871815681458, train_AUC=0.9864063472309614, train_AP=0.9817540620086126, time=0.4967982769012451
INFO - 11/06/25 18:24:24 - 0:34:32 - Epoch 72: val_AUC=0.954161928671037, val_AP=0.9474429803030555
INFO - 11/06/25 18:24:24 - 0:34:32 - Epoch 73: train_loss=0.8803284168243408, train_AUC=0.9867633995680968, train_AP=0.9822000828770924, time=0.48393964767456055
INFO - 11/06/25 18:24:24 - 0:34:32 - Epoch 73: val_AUC=0.9544142371202544, val_AP=0.947774854049078
INFO - 11/06/25 18:24:25 - 0:34:33 - Epoch 74: train_loss=0.8774272203445435, train_AUC=0.9868734709622483, train_AP=0.9820556739313877, time=0.42682433128356934
INFO - 11/06/25 18:24:25 - 0:34:33 - Epoch 74: val_AUC=0.9546584000182461, val_AP=0.9481146094157504
INFO - 11/06/25 18:24:25 - 0:34:34 - Epoch 75: train_loss=0.8768964409828186, train_AUC=0.9868531904861542, train_AP=0.9821050139621872, time=0.5195307731628418
INFO - 11/06/25 18:24:26 - 0:34:34 - Epoch 75: val_AUC=0.9548738498481669, val_AP=0.948417231572497
INFO - 11/06/25 18:24:26 - 0:34:34 - Epoch 76: train_loss=0.8716765642166138, train_AUC=0.9878082157897128, train_AP=0.9840013963664901, time=0.47022247314453125
INFO - 11/06/25 18:24:26 - 0:34:34 - Epoch 76: val_AUC=0.955072295839904, val_AP=0.9486908431135276
INFO - 11/06/25 18:24:27 - 0:34:35 - Epoch 77: train_loss=0.8698447942733765, train_AUC=0.9875969419120979, train_AP=0.9832126455174512, time=0.44484639167785645
INFO - 11/06/25 18:24:27 - 0:34:35 - Epoch 77: val_AUC=0.9552632071967574, val_AP=0.9489623811738741
INFO - 11/06/25 18:24:27 - 0:34:36 - Epoch 78: train_loss=0.8690829277038574, train_AUC=0.9876287859457723, train_AP=0.9835043086336082, time=0.4903585910797119
INFO - 11/06/25 18:24:28 - 0:34:36 - Epoch 78: val_AUC=0.9554301909968851, val_AP=0.949223317458915
INFO - 11/06/25 18:24:28 - 0:34:36 - Epoch 79: train_loss=0.8668037056922913, train_AUC=0.9877138888827208, train_AP=0.9832766378534928, time=0.47898387908935547
INFO - 11/06/25 18:24:28 - 0:34:37 - Epoch 79: val_AUC=0.9556018584889677, val_AP=0.9494848506491584
INFO - 11/06/25 18:24:29 - 0:34:37 - Epoch 80: train_loss=0.863389253616333, train_AUC=0.9884021864129583, train_AP=0.9844086629274372, time=0.4956536293029785
INFO - 11/06/25 18:24:29 - 0:34:37 - Epoch 80: val_AUC=0.9557599840021374, val_AP=0.9497441828754534
INFO - 11/06/25 18:24:30 - 0:34:38 - Epoch 81: train_loss=0.8612570762634277, train_AUC=0.9885839782117658, train_AP=0.9849039914900953, time=0.4882793426513672
INFO - 11/06/25 18:24:30 - 0:34:38 - Epoch 81: val_AUC=0.9559078257568846, val_AP=0.9499952289232488
INFO - 11/06/25 18:24:30 - 0:34:39 - Epoch 82: train_loss=0.8586194515228271, train_AUC=0.9885560077770286, train_AP=0.9844805028329283, time=0.479076623916626
INFO - 11/06/25 18:24:31 - 0:34:39 - Epoch 82: val_AUC=0.9560331654263707, val_AP=0.9501984989578633
INFO - 11/06/25 18:24:31 - 0:34:39 - Epoch 83: train_loss=0.8598002791404724, train_AUC=0.9883627587975509, train_AP=0.9842946328552818, time=0.5066964626312256
INFO - 11/06/25 18:24:31 - 0:34:39 - Epoch 83: val_AUC=0.9561659379113504, val_AP=0.9504226356783186
INFO - 11/06/25 18:24:32 - 0:34:40 - Epoch 84: train_loss=0.8555771112442017, train_AUC=0.9886448492283281, train_AP=0.9841753030192029, time=0.515784502029419
INFO - 11/06/25 18:24:32 - 0:34:40 - Epoch 84: val_AUC=0.9562783465182656, val_AP=0.9506118204091509
INFO - 11/06/25 18:24:33 - 0:34:41 - Epoch 85: train_loss=0.8522796630859375, train_AUC=0.9891148308704067, train_AP=0.9852426668179681, time=0.48577189445495605
INFO - 11/06/25 18:24:33 - 0:34:41 - Epoch 85: val_AUC=0.9563638748061359, val_AP=0.9507610575719411
INFO - 11/06/25 18:24:33 - 0:34:41 - Epoch 86: train_loss=0.8521122932434082, train_AUC=0.9889549553568656, train_AP=0.9851403246877752, time=0.4476964473724365
INFO - 11/06/25 18:24:33 - 0:34:41 - Epoch 86: val_AUC=0.956441766639732, val_AP=0.9508997822406883
INFO - 11/06/25 18:24:34 - 0:34:42 - Epoch 87: train_loss=0.8513489365577698, train_AUC=0.9889106197855799, train_AP=0.9849358899880112, time=0.48396992683410645
INFO - 11/06/25 18:24:34 - 0:34:42 - Epoch 87: val_AUC=0.9565324877165088, val_AP=0.9510431129681761
INFO - 11/06/25 18:24:35 - 0:34:43 - Epoch 88: train_loss=0.8479231595993042, train_AUC=0.9891405300524436, train_AP=0.9851946903339164, time=0.4734797477722168
INFO - 11/06/25 18:24:35 - 0:34:43 - Epoch 88: val_AUC=0.9566508018480627, val_AP=0.9512244282452833
INFO - 11/06/25 18:24:35 - 0:34:43 - Epoch 89: train_loss=0.8462561368942261, train_AUC=0.9893107651623786, train_AP=0.9856213942138499, time=0.5030028820037842
INFO - 11/06/25 18:24:35 - 0:34:44 - Epoch 89: val_AUC=0.9567324609991007, val_AP=0.9513534857869672
INFO - 11/06/25 18:24:36 - 0:34:44 - Epoch 90: train_loss=0.8460320234298706, train_AUC=0.9892979021861861, train_AP=0.9854363119666303, time=0.4984321594238281
INFO - 11/06/25 18:24:36 - 0:34:44 - Epoch 90: val_AUC=0.9568116764847712, val_AP=0.9514862382651353
INFO - 11/06/25 18:24:37 - 0:34:45 - Epoch 91: train_loss=0.840997040271759, train_AUC=0.9899901402412314, train_AP=0.9866463763649468, time=0.49033474922180176
INFO - 11/06/25 18:24:37 - 0:34:45 - Epoch 91: val_AUC=0.956895779301177, val_AP=0.9516141867612627
INFO - 11/06/25 18:24:37 - 0:34:46 - Epoch 92: train_loss=0.8411610126495361, train_AUC=0.9894369359269244, train_AP=0.9855200554524763, time=0.48872828483581543
INFO - 11/06/25 18:24:38 - 0:34:46 - Epoch 92: val_AUC=0.9569794748400214, val_AP=0.9517625416836241
INFO - 11/06/25 18:24:38 - 0:34:46 - Epoch 93: train_loss=0.83754563331604, train_AUC=0.9901850341881582, train_AP=0.9864336750165645, time=0.4769613742828369
INFO - 11/06/25 18:24:38 - 0:34:46 - Epoch 93: val_AUC=0.9570605230747173, val_AP=0.9518930632030372
INFO - 11/06/25 18:24:39 - 0:34:47 - Epoch 94: train_loss=0.8367705941200256, train_AUC=0.9898475585487523, train_AP=0.9861319147891028, time=0.4797508716583252
INFO - 11/06/25 18:24:39 - 0:34:47 - Epoch 94: val_AUC=0.9571491059442975, val_AP=0.9520431619208857
INFO - 11/06/25 18:24:39 - 0:34:48 - Epoch 95: train_loss=0.8329564332962036, train_AUC=0.9903267159037995, train_AP=0.986778069789567, time=0.4922192096710205
INFO - 11/06/25 18:24:40 - 0:34:48 - Epoch 95: val_AUC=0.9572560163041353, val_AP=0.9522115721951113
INFO - 11/06/25 18:24:40 - 0:34:48 - Epoch 96: train_loss=0.8324995636940002, train_AUC=0.990191169705398, train_AP=0.9869096474644223, time=0.5019135475158691
INFO - 11/06/25 18:24:40 - 0:34:49 - Epoch 96: val_AUC=0.9573724976866634, val_AP=0.9523733702544674
INFO - 11/06/25 18:24:41 - 0:34:49 - Epoch 97: train_loss=0.8282846212387085, train_AUC=0.9909004974576003, train_AP=0.9878260388739873, time=0.5085196495056152
INFO - 11/06/25 18:24:41 - 0:34:49 - Epoch 97: val_AUC=0.9574899972630948, val_AP=0.9525476699410338
INFO - 11/06/25 18:24:42 - 0:34:50 - Epoch 98: train_loss=0.8288103342056274, train_AUC=0.9902363110289405, train_AP=0.9868389015877104, time=0.510404109954834
INFO - 11/06/25 18:24:42 - 0:34:50 - Epoch 98: val_AUC=0.9575818383531651, val_AP=0.9526856024984521
INFO - 11/06/25 18:24:42 - 0:34:51 - Epoch 99: train_loss=0.8262209892272949, train_AUC=0.9905380815403052, train_AP=0.9870314208495601, time=0.460984468460083
INFO - 11/06/25 18:24:43 - 0:34:51 - Epoch 99: val_AUC=0.9576841668404386, val_AP=0.9528375309485952
INFO - 11/06/25 18:24:43 - 0:34:51 - Epoch 100: train_loss=0.8257783651351929, train_AUC=0.9904559545150255, train_AP=0.9871084334841389, time=0.47410106658935547
INFO - 11/06/25 18:24:43 - 0:34:51 - Epoch 100: val_AUC=0.9577962699891827, val_AP=0.9529967485641917
INFO - 11/06/25 18:24:44 - 0:34:52 - Epoch 101: train_loss=0.8229435682296753, train_AUC=0.9906787581350439, train_AP=0.9869816172471022, time=0.4965667724609375
INFO - 11/06/25 18:24:44 - 0:34:52 - Epoch 101: val_AUC=0.957912140455369, val_AP=0.9531815063647231
INFO - 11/06/25 18:24:44 - 0:34:53 - Epoch 102: train_loss=0.8221527338027954, train_AUC=0.9908610400777925, train_AP=0.9876194984599043, time=0.3973822593688965
INFO - 11/06/25 18:24:45 - 0:34:53 - Epoch 102: val_AUC=0.9580157925947164, val_AP=0.9533681808718723
INFO - 11/06/25 18:24:45 - 0:34:53 - Epoch 103: train_loss=0.8188033103942871, train_AUC=0.990993022473589, train_AP=0.9875250504651905, time=0.5124707221984863
INFO - 11/06/25 18:24:45 - 0:34:54 - Epoch 103: val_AUC=0.958113742848206, val_AP=0.9535393251931266
INFO - 11/06/25 18:24:46 - 0:34:54 - Epoch 104: train_loss=0.8177634477615356, train_AUC=0.9911266033409665, train_AP=0.9879909949382393, time=0.473041296005249
INFO - 11/06/25 18:24:46 - 0:34:54 - Epoch 104: val_AUC=0.9581974383870505, val_AP=0.953682837223328
INFO - 11/06/25 18:24:47 - 0:34:55 - Epoch 105: train_loss=0.8153985738754272, train_AUC=0.9915886336612658, train_AP=0.9888494948974857, time=0.4899177551269531
INFO - 11/06/25 18:24:47 - 0:34:55 - Epoch 105: val_AUC=0.9582721738195467, val_AP=0.9538356384442089
INFO - 11/06/25 18:24:47 - 0:34:55 - Epoch 106: train_loss=0.8132836818695068, train_AUC=0.991529892648593, train_AP=0.9884762594717293, time=0.5117278099060059
INFO - 11/06/25 18:24:48 - 0:34:56 - Epoch 106: val_AUC=0.958342225560088, val_AP=0.9539817991963124
INFO - 11/06/25 18:24:48 - 0:34:56 - Epoch 107: train_loss=0.8118125796318054, train_AUC=0.9916996749521778, train_AP=0.9889356105384851, time=0.5180976390838623
INFO - 11/06/25 18:24:48 - 0:34:56 - Epoch 107: val_AUC=0.9584161464374616, val_AP=0.9541267256145015
INFO - 11/06/25 18:24:49 - 0:34:57 - Epoch 108: train_loss=0.8103363513946533, train_AUC=0.9919170098479714, train_AP=0.9892474674329922, time=0.5393357276916504
INFO - 11/06/25 18:24:49 - 0:34:57 - Epoch 108: val_AUC=0.9584868090943451, val_AP=0.9542694361024814
INFO - 11/06/25 18:24:50 - 0:34:58 - Epoch 109: train_loss=0.8081505298614502, train_AUC=0.9918137196295894, train_AP=0.98897993749611, time=0.5547149181365967
INFO - 11/06/25 18:24:50 - 0:34:58 - Epoch 109: val_AUC=0.9585450497856092, val_AP=0.9543991543487348
INFO - 11/06/25 18:24:50 - 0:34:59 - Epoch 110: train_loss=0.8066735863685608, train_AUC=0.9919303622636222, train_AP=0.9892213957464772, time=0.537604570388794
INFO - 11/06/25 18:24:51 - 0:34:59 - Epoch 110: val_AUC=0.9585971813134538, val_AP=0.9545361837748149
INFO - 11/06/25 18:24:51 - 0:34:59 - Epoch 111: train_loss=0.8051429390907288, train_AUC=0.9920224940020613, train_AP=0.9892277178248965, time=0.48473048210144043
INFO - 11/06/25 18:24:51 - 0:35:00 - Epoch 111: val_AUC=0.9586478873698341, val_AP=0.9546683570930898
INFO - 11/06/25 18:24:52 - 0:35:00 - Epoch 112: train_loss=0.8031128644943237, train_AUC=0.992375241420636, train_AP=0.9896288197499354, time=0.5383436679840088
INFO - 11/06/25 18:24:52 - 0:35:00 - Epoch 112: val_AUC=0.958709589920369, val_AP=0.9547972037620627
INFO - 11/06/25 18:24:53 - 0:35:01 - Epoch 113: train_loss=0.8005155920982361, train_AUC=0.9924856136289635, train_AP=0.9898712161389742, time=0.4959287643432617
INFO - 11/06/25 18:24:53 - 0:35:01 - Epoch 113: val_AUC=0.9587639614748008, val_AP=0.9549208388935834
INFO - 11/06/25 18:24:53 - 0:35:02 - Epoch 114: train_loss=0.7995356321334839, train_AUC=0.9923170074594927, train_AP=0.9893082984397779, time=0.5206258296966553
INFO - 11/06/25 18:24:54 - 0:35:02 - Epoch 114: val_AUC=0.9588305513560713, val_AP=0.955064403001437
INFO - 11/06/25 18:24:54 - 0:35:02 - Epoch 115: train_loss=0.7989428639411926, train_AUC=0.9923743018166381, train_AP=0.9897286726766523, time=0.5092518329620361
INFO - 11/06/25 18:24:54 - 0:35:03 - Epoch 115: val_AUC=0.9588940866556321, val_AP=0.9551988531699618
INFO - 11/06/25 18:24:55 - 0:35:03 - Epoch 116: train_loss=0.7965900897979736, train_AUC=0.9927767584255388, train_AP=0.9903575901735889, time=0.5306315422058105
INFO - 11/06/25 18:24:55 - 0:35:03 - Epoch 116: val_AUC=0.9589374617159091, val_AP=0.9552868660105958
INFO - 11/06/25 18:24:56 - 0:35:04 - Epoch 117: train_loss=0.7975395917892456, train_AUC=0.9921209562233683, train_AP=0.9890096991888622, time=0.5831661224365234
INFO - 11/06/25 18:24:56 - 0:35:04 - Epoch 117: val_AUC=0.9589993679052249, val_AP=0.9554293237073782
INFO - 11/06/25 18:24:56 - 0:35:05 - Epoch 118: train_loss=0.7924153804779053, train_AUC=0.9930351532234977, train_AP=0.9906909647653781, time=0.5035610198974609
INFO - 11/06/25 18:24:57 - 0:35:05 - Epoch 118: val_AUC=0.9590643286762501, val_AP=0.9555565879862232
INFO - 11/06/25 18:24:57 - 0:35:05 - Epoch 119: train_loss=0.7915713787078857, train_AUC=0.9929131679676699, train_AP=0.9903856526881205, time=0.5660982131958008
INFO - 11/06/25 18:24:57 - 0:35:06 - Epoch 119: val_AUC=0.9591168674816561, val_AP=0.9556779044538671
INFO - 11/06/25 18:24:58 - 0:35:06 - Epoch 120: train_loss=0.7922505140304565, train_AUC=0.9926430993605652, train_AP=0.9898532735357092, time=0.5261688232421875
INFO - 11/06/25 18:24:58 - 0:35:06 - Epoch 120: val_AUC=0.9591596316255913, val_AP=0.9557903917723037
INFO - 11/06/25 18:24:59 - 0:35:07 - Epoch 121: train_loss=0.7882816791534424, train_AUC=0.9929285721896142, train_AP=0.9903082337763375, time=0.5211410522460938
INFO - 11/06/25 18:24:59 - 0:35:07 - Epoch 121: val_AUC=0.9591850864731718, val_AP=0.9558805425833123
INFO - 11/06/25 18:25:00 - 0:35:08 - Epoch 122: train_loss=0.7874512076377869, train_AUC=0.9931446804046495, train_AP=0.9906274753926975, time=0.524768590927124
INFO - 11/06/25 18:25:00 - 0:35:08 - Epoch 122: val_AUC=0.9591909919978105, val_AP=0.9559584649174658
INFO - 11/06/25 18:25:00 - 0:35:08 - Epoch 123: train_loss=0.7869089841842651, train_AUC=0.9928176096246605, train_AP=0.9900013482453565, time=0.5067191123962402
INFO - 11/06/25 18:25:01 - 0:35:09 - Epoch 123: val_AUC=0.9592148177351457, val_AP=0.956044849163908
INFO - 11/06/25 18:25:01 - 0:35:09 - Epoch 124: train_loss=0.7833378911018372, train_AUC=0.9934954196948674, train_AP=0.991108078129778, time=0.5211491584777832
INFO - 11/06/25 18:25:01 - 0:35:09 - Epoch 124: val_AUC=0.9592492326890745, val_AP=0.9561425470474176
INFO - 11/06/25 18:25:02 - 0:35:10 - Epoch 125: train_loss=0.7814218401908875, train_AUC=0.9937665705637467, train_AP=0.9914789487112312, time=0.5063190460205078
INFO - 11/06/25 18:25:02 - 0:35:10 - Epoch 125: val_AUC=0.9592805930612937, val_AP=0.9562445260256213
INFO - 11/06/25 18:25:03 - 0:35:11 - Epoch 126: train_loss=0.7808366417884827, train_AUC=0.993548713646163, train_AP=0.9912088499108926, time=0.5256304740905762
INFO - 11/06/25 18:25:03 - 0:35:11 - Epoch 126: val_AUC=0.9592915895554484, val_AP=0.9563052174467078
INFO - 11/06/25 18:25:03 - 0:35:11 - Epoch 127: train_loss=0.780040442943573, train_AUC=0.9932988092754826, train_AP=0.9907801630424643, time=0.5168423652648926
INFO - 11/06/25 18:25:04 - 0:35:12 - Epoch 127: val_AUC=0.9593109352396095, val_AP=0.9563775906712491
INFO - 11/06/25 18:25:04 - 0:35:12 - Epoch 128: train_loss=0.7780638933181763, train_AUC=0.9937684437836383, train_AP=0.991617816956383, time=0.5263149738311768
INFO - 11/06/25 18:25:04 - 0:35:12 - Epoch 128: val_AUC=0.9593296700074287, val_AP=0.9564755247149251
INFO - 11/06/25 18:25:05 - 0:35:13 - Epoch 129: train_loss=0.7764911651611328, train_AUC=0.9938199877995405, train_AP=0.9914644781169881, time=0.4650585651397705
INFO - 11/06/25 18:25:05 - 0:35:13 - Epoch 129: val_AUC=0.9593321136727964, val_AP=0.9565564610205255
INFO - 11/06/25 18:25:05 - 0:35:14 - Epoch 130: train_loss=0.7742584943771362, train_AUC=0.9940843744002386, train_AP=0.9922219259948917, time=0.46065235137939453
INFO - 11/06/25 18:25:06 - 0:35:14 - Epoch 130: val_AUC=0.9593347609769447, val_AP=0.9566368137893974
INFO - 11/06/25 18:25:06 - 0:35:14 - Epoch 131: train_loss=0.7729829549789429, train_AUC=0.9941508578555265, train_AP=0.9920710929811001, time=0.512047529220581
INFO - 11/06/25 18:25:06 - 0:35:15 - Epoch 131: val_AUC=0.9593139898213194, val_AP=0.9566840125275771
INFO - 11/06/25 18:25:07 - 0:35:15 - Epoch 132: train_loss=0.7720015048980713, train_AUC=0.993883602248432, train_AP=0.9914338924178081, time=0.5073938369750977
INFO - 11/06/25 18:25:07 - 0:35:15 - Epoch 132: val_AUC=0.9593021787720417, val_AP=0.9567474035374274
INFO - 11/06/25 18:25:08 - 0:35:16 - Epoch 133: train_loss=0.7692389488220215, train_AUC=0.9943240185066067, train_AP=0.9922654485133954, time=0.5439944267272949
INFO - 11/06/25 18:25:08 - 0:35:16 - Epoch 133: val_AUC=0.9592700038447003, val_AP=0.9567912532063353
INFO - 11/06/25 18:25:09 - 0:35:17 - Epoch 134: train_loss=0.7707064151763916, train_AUC=0.9941555458366353, train_AP=0.9921499929950663, time=0.5488762855529785
INFO - 11/06/25 18:25:09 - 0:35:17 - Epoch 134: val_AUC=0.9592643019588423, val_AP=0.956848923165367
INFO - 11/06/25 18:25:09 - 0:35:17 - Epoch 135: train_loss=0.7680903077125549, train_AUC=0.9944159499957962, train_AP=0.9925245080110437, time=0.4254610538482666
INFO - 11/06/25 18:25:09 - 0:35:18 - Epoch 135: val_AUC=0.959249639966636, val_AP=0.956885130519952
INFO - 11/06/25 18:25:10 - 0:35:18 - Epoch 136: train_loss=0.7675697803497314, train_AUC=0.9942540670583809, train_AP=0.9923078939687799, time=0.48302125930786133
INFO - 11/06/25 18:25:10 - 0:35:18 - Epoch 136: val_AUC=0.9592539163810293, val_AP=0.9569514924428121
INFO - 11/06/25 18:25:11 - 0:35:19 - Epoch 137: train_loss=0.7660672664642334, train_AUC=0.994318236111394, train_AP=0.9923998336805523, time=0.5197670459747314
INFO - 11/06/25 18:25:11 - 0:35:19 - Epoch 137: val_AUC=0.9592419016929714, val_AP=0.9570128479785676
INFO - 11/06/25 18:25:11 - 0:35:20 - Epoch 138: train_loss=0.7663384675979614, train_AUC=0.9942128907404251, train_AP=0.9919990779736824, time=0.5011670589447021
INFO - 11/06/25 18:25:12 - 0:35:20 - Epoch 138: val_AUC=0.9592315161151586, val_AP=0.9570757188120669
INFO - 11/06/25 18:25:12 - 0:35:20 - Epoch 139: train_loss=0.7647291421890259, train_AUC=0.994401056700037, train_AP=0.9921571834388179, time=0.5145747661590576
INFO - 11/06/25 18:25:12 - 0:35:20 - Epoch 139: val_AUC=0.9592266287844231, val_AP=0.9571410191266523
INFO - 11/06/25 18:25:13 - 0:35:21 - Epoch 140: train_loss=0.7619307041168213, train_AUC=0.9948129880748751, train_AP=0.993029298437395, time=0.48816561698913574
INFO - 11/06/25 18:25:13 - 0:35:21 - Epoch 140: val_AUC=0.95921929778832, val_AP=0.9571986795092253
INFO - 11/06/25 18:25:14 - 0:35:22 - Epoch 141: train_loss=0.7623217105865479, train_AUC=0.9945382300776957, train_AP=0.9927721453317426, time=0.4990358352661133
INFO - 11/06/25 18:25:14 - 0:35:22 - Epoch 141: val_AUC=0.9592233705639328, val_AP=0.9572690571945406
INFO - 11/06/25 18:25:14 - 0:35:22 - Epoch 142: train_loss=0.7606421113014221, train_AUC=0.9948561712883428, train_AP=0.9931062862547825, time=0.48902201652526855
INFO - 11/06/25 18:25:15 - 0:35:23 - Epoch 142: val_AUC=0.9592276469783262, val_AP=0.9573474002751504
INFO - 11/06/25 18:25:15 - 0:35:23 - Epoch 143: train_loss=0.7576375603675842, train_AUC=0.9949505149268024, train_AP=0.9931926215548532, time=0.45688676834106445
INFO - 11/06/25 18:25:15 - 0:35:23 - Epoch 143: val_AUC=0.9592423089705326, val_AP=0.9574096277822866
INFO - 11/06/25 18:25:16 - 0:35:24 - Epoch 144: train_loss=0.7574387192726135, train_AUC=0.9947487050717614, train_AP=0.9926589141640602, time=0.4782426357269287
INFO - 11/06/25 18:25:16 - 0:35:24 - Epoch 144: val_AUC=0.9592361998071133, val_AP=0.9574579160307555
INFO - 11/06/25 18:25:16 - 0:35:25 - Epoch 145: train_loss=0.7564094066619873, train_AUC=0.9948050168514551, train_AP=0.9930438443477162, time=0.5212225914001465
INFO - 11/06/25 18:25:17 - 0:35:25 - Epoch 145: val_AUC=0.9592410871378487, val_AP=0.9575000535145646
INFO - 11/06/25 18:25:17 - 0:35:25 - Epoch 146: train_loss=0.7555445432662964, train_AUC=0.995025705790086, train_AP=0.9931608453866003, time=0.49158430099487305
INFO - 11/06/25 18:25:17 - 0:35:26 - Epoch 146: val_AUC=0.959256970962739, val_AP=0.9575486010942346
INFO - 11/06/25 18:25:18 - 0:35:26 - Epoch 147: train_loss=0.7533072233200073, train_AUC=0.9952237871696563, train_AP=0.9936090049521021, time=0.49178075790405273
INFO - 11/06/25 18:25:18 - 0:35:26 - Epoch 147: val_AUC=0.9592673565405517, val_AP=0.9576059239178171
INFO - 11/06/25 18:25:19 - 0:35:27 - Epoch 148: train_loss=0.7530621290206909, train_AUC=0.9947465685514055, train_AP=0.9925796436049968, time=0.5168018341064453
INFO - 11/06/25 18:25:19 - 0:35:27 - Epoch 148: val_AUC=0.9592673565405518, val_AP=0.9576525044759183
INFO - 11/06/25 18:25:19 - 0:35:27 - Epoch 149: train_loss=0.7500147819519043, train_AUC=0.9953400576606248, train_AP=0.9936177606230725, time=0.45972681045532227
INFO - 11/06/25 18:25:20 - 0:35:28 - Epoch 149: val_AUC=0.9592439380807777, val_AP=0.9576829043434919
INFO - 11/06/25 18:25:20 - 0:35:28 - Epoch 150: train_loss=0.7513329982757568, train_AUC=0.995249280994943, train_AP=0.9937009421328717, time=0.4672837257385254
INFO - 11/06/25 18:25:20 - 0:35:28 - Epoch 150: val_AUC=0.9591954720509847, val_AP=0.9576860845925047
INFO - 11/06/25 18:25:21 - 0:35:29 - Epoch 151: train_loss=0.7491937279701233, train_AUC=0.9954661035555858, train_AP=0.9938898770877229, time=0.5283048152923584
INFO - 11/06/25 18:25:21 - 0:35:29 - Epoch 151: val_AUC=0.9591698135646236, val_AP=0.9576991094526337
INFO - 11/06/25 18:25:21 - 0:35:30 - Epoch 152: train_loss=0.7480723857879639, train_AUC=0.9952766652999512, train_AP=0.9934884891700972, time=0.4613151550292969
INFO - 11/06/25 18:25:22 - 0:35:30 - Epoch 152: val_AUC=0.9591624825685203, val_AP=0.9577288946734345
INFO - 11/06/25 18:25:22 - 0:35:30 - Epoch 153: train_loss=0.7471523284912109, train_AUC=0.9951740184505298, train_AP=0.9932610402248687, time=0.4760267734527588
INFO - 11/06/25 18:25:22 - 0:35:31 - Epoch 153: val_AUC=0.9591630934848622, val_AP=0.9577683754935146
INFO - 11/06/25 18:25:23 - 0:35:31 - Epoch 154: train_loss=0.7455918192863464, train_AUC=0.99544635707749, train_AP=0.9936474652560503, time=0.5138516426086426
INFO - 11/06/25 18:25:23 - 0:35:31 - Epoch 154: val_AUC=0.959166758982914, val_AP=0.9577964106859701
INFO - 11/06/25 18:25:24 - 0:35:32 - Epoch 155: train_loss=0.7451177835464478, train_AUC=0.995603678136226, train_AP=0.9937963421006109, time=0.4718647003173828
INFO - 11/06/25 18:25:24 - 0:35:32 - Epoch 155: val_AUC=0.9591565770438819, val_AP=0.9578183219716371
INFO - 11/06/25 18:25:24 - 0:35:33 - Epoch 156: train_loss=0.7434431910514832, train_AUC=0.9957381751835468, train_AP=0.9940311753214421, time=0.5208084583282471
INFO - 11/06/25 18:25:25 - 0:35:33 - Epoch 156: val_AUC=0.9591465987436302, val_AP=0.957841106279944
INFO - 11/06/25 18:25:25 - 0:35:33 - Epoch 157: train_loss=0.7426941990852356, train_AUC=0.995391980159937, train_AP=0.9936745774236609, time=0.5239682197570801
INFO - 11/06/25 18:25:25 - 0:35:33 - Epoch 157: val_AUC=0.9591286785309334, val_AP=0.9578579932642128
INFO - 11/06/25 18:25:26 - 0:35:34 - Epoch 158: train_loss=0.7408194541931152, train_AUC=0.9957180694191987, train_AP=0.9940168457747214, time=0.4696083068847656
INFO - 11/06/25 18:25:26 - 0:35:34 - Epoch 158: val_AUC=0.9591048527935981, val_AP=0.9578747066576508
INFO - 11/06/25 18:25:27 - 0:35:35 - Epoch 159: train_loss=0.740169882774353, train_AUC=0.9956193569303602, train_AP=0.9937485535224764, time=0.4953789710998535
INFO - 11/06/25 18:25:27 - 0:35:35 - Epoch 159: val_AUC=0.959102612767011, val_AP=0.9579016732059881
INFO - 11/06/25 18:25:27 - 0:35:35 - Epoch 160: train_loss=0.7389689683914185, train_AUC=0.9959497588574939, train_AP=0.9944294956471361, time=0.524167537689209
INFO - 11/06/25 18:25:28 - 0:35:36 - Epoch 160: val_AUC=0.9590918199116372, val_AP=0.9579277968426992
INFO - 11/06/25 18:25:28 - 0:35:36 - Epoch 161: train_loss=0.7387921810150146, train_AUC=0.9956767972915758, train_AP=0.9939187945627341, time=0.4819209575653076
INFO - 11/06/25 18:25:28 - 0:35:36 - Epoch 161: val_AUC=0.9590837761798016, val_AP=0.9579592669244706
INFO - 11/06/25 18:25:29 - 0:35:37 - Epoch 162: train_loss=0.7369197010993958, train_AUC=0.9958973116945811, train_AP=0.9943066170364141, time=0.49510622024536133
INFO - 11/06/25 18:25:29 - 0:35:37 - Epoch 162: val_AUC=0.9590337828591536, val_AP=0.9579589669464885
INFO - 11/06/25 18:25:29 - 0:35:38 - Epoch 163: train_loss=0.7366338968276978, train_AUC=0.9957850678514482, train_AP=0.9941020839132049, time=0.5241303443908691
INFO - 11/06/25 18:25:30 - 0:35:38 - Epoch 163: val_AUC=0.958941127213961, val_AP=0.9579183922246588
INFO - 11/06/25 18:25:30 - 0:35:38 - Epoch 164: train_loss=0.7330962419509888, train_AUC=0.99617429374411, train_AP=0.9946383432831871, time=0.47847533226013184
INFO - 11/06/25 18:25:30 - 0:35:39 - Epoch 164: val_AUC=0.9588588571465808, val_AP=0.9578847809679426
INFO - 11/06/25 18:25:31 - 0:35:39 - Epoch 165: train_loss=0.7331308722496033, train_AUC=0.9962872221684498, train_AP=0.9950652158729143, time=0.5079762935638428
INFO - 11/06/25 18:25:31 - 0:35:39 - Epoch 165: val_AUC=0.9587635541972395, val_AP=0.9578404231979789
INFO - 11/06/25 18:25:32 - 0:35:40 - Epoch 166: train_loss=0.733229398727417, train_AUC=0.996198243342995, train_AP=0.9948698432410058, time=0.5203166007995605
INFO - 11/06/25 18:25:32 - 0:35:40 - Epoch 166: val_AUC=0.9587123390439076, val_AP=0.9578203128172076
INFO - 11/06/25 18:25:32 - 0:35:40 - Epoch 167: train_loss=0.7319344282150269, train_AUC=0.9961727801627122, train_AP=0.9947165771201616, time=0.5131969451904297
INFO - 11/06/25 18:25:33 - 0:35:41 - Epoch 167: val_AUC=0.958694317011821, val_AP=0.9578112432380771
INFO - 11/06/25 18:25:33 - 0:35:41 - Epoch 168: train_loss=0.7300082445144653, train_AUC=0.9962753454682439, train_AP=0.9949106257639462, time=0.51236891746521
INFO - 11/06/25 18:25:33 - 0:35:41 - Epoch 168: val_AUC=0.958663363917163, val_AP=0.9577980015435237
INFO - 11/06/25 18:25:34 - 0:35:42 - Epoch 169: train_loss=0.7288005948066711, train_AUC=0.9964185166367457, train_AP=0.9951231060665003, time=0.48348307609558105
INFO - 11/06/25 18:25:34 - 0:35:42 - Epoch 169: val_AUC=0.9586285416856729, val_AP=0.9577759127702435
INFO - 11/06/25 18:25:34 - 0:35:43 - Epoch 170: train_loss=0.7294068336486816, train_AUC=0.996181715999271, train_AP=0.9945687312975822, time=0.5235087871551514
INFO - 11/06/25 18:25:35 - 0:35:43 - Epoch 170: val_AUC=0.9585865920968604, val_AP=0.9577622530535783
INFO - 11/06/25 18:25:35 - 0:35:43 - Epoch 171: train_loss=0.727084755897522, train_AUC=0.9962678768933357, train_AP=0.9947390856889309, time=0.484332799911499
INFO - 11/06/25 18:25:35 - 0:35:43 - Epoch 171: val_AUC=0.9585208167707127, val_AP=0.9577278607704336
INFO - 11/06/25 18:25:36 - 0:35:44 - Epoch 172: train_loss=0.72525554895401, train_AUC=0.9965686588391446, train_AP=0.9951161758181069, time=0.4942317008972168
INFO - 11/06/25 18:25:36 - 0:35:44 - Epoch 172: val_AUC=0.958435492121623, val_AP=0.957664538257065
INFO - 11/06/25 18:25:36 - 0:35:45 - Epoch 173: train_loss=0.7259124517440796, train_AUC=0.996346164663217, train_AP=0.9949597306737546, time=0.4262526035308838
INFO - 11/06/25 18:25:37 - 0:35:45 - Epoch 173: val_AUC=0.9583882479245136, val_AP=0.9576456381289211
INFO - 11/06/25 18:25:37 - 0:35:45 - Epoch 174: train_loss=0.7249045372009277, train_AUC=0.9964352741702401, train_AP=0.9951961333984951, time=0.5062694549560547
INFO - 11/06/25 18:25:37 - 0:35:46 - Epoch 174: val_AUC=0.9583428364764301, val_AP=0.9576139059237605
INFO - 11/06/25 18:25:38 - 0:35:46 - Epoch 175: train_loss=0.7236945629119873, train_AUC=0.9964108689470735, train_AP=0.9949770849173235, time=0.5097475051879883
INFO - 11/06/25 18:25:38 - 0:35:46 - Epoch 175: val_AUC=0.9582857157984594, val_AP=0.9575874166053753
INFO - 11/06/25 18:25:39 - 0:35:47 - Epoch 176: train_loss=0.7228782176971436, train_AUC=0.9966647788311043, train_AP=0.9953560700454107, time=0.4840888977050781
INFO - 11/06/25 18:25:39 - 0:35:47 - Epoch 176: val_AUC=0.9581968274707086, val_AP=0.9575210099212926
INFO - 11/06/25 18:25:39 - 0:35:47 - Epoch 177: train_loss=0.7226651310920715, train_AUC=0.9963682679886793, train_AP=0.9948394035215085, time=0.4461324214935303
INFO - 11/06/25 18:25:39 - 0:35:48 - Epoch 177: val_AUC=0.9580774951452514, val_AP=0.9574440293404372
INFO - 11/06/25 18:25:40 - 0:35:48 - Epoch 178: train_loss=0.7214432954788208, train_AUC=0.9963797956176342, train_AP=0.9948611665495138, time=0.499786376953125
INFO - 11/06/25 18:25:40 - 0:35:48 - Epoch 178: val_AUC=0.9579481845195429, val_AP=0.9573505511104861
INFO - 11/06/25 18:25:41 - 0:35:49 - Epoch 179: train_loss=0.7193222641944885, train_AUC=0.9966418510845897, train_AP=0.9954064050280917, time=0.5100624561309814
INFO - 11/06/25 18:25:41 - 0:35:49 - Epoch 179: val_AUC=0.9578116447171212, val_AP=0.9572612311078234
INFO - 11/06/25 18:25:41 - 0:35:50 - Epoch 180: train_loss=0.7197784781455994, train_AUC=0.9963971517854283, train_AP=0.9947957211796444, time=0.4792916774749756
INFO - 11/06/25 18:25:42 - 0:35:50 - Epoch 180: val_AUC=0.9576877305190998, val_AP=0.9571749606000024
INFO - 11/06/25 18:25:42 - 0:35:50 - Epoch 181: train_loss=0.7176523208618164, train_AUC=0.9968170237386824, train_AP=0.9955946388714023, time=0.4715104103088379
INFO - 11/06/25 18:25:42 - 0:35:50 - Epoch 181: val_AUC=0.9575936494024424, val_AP=0.9571072186087295
INFO - 11/06/25 18:25:43 - 0:35:51 - Epoch 182: train_loss=0.7180968523025513, train_AUC=0.99672340430859, train_AP=0.9954920886742572, time=0.5003063678741455
INFO - 11/06/25 18:25:43 - 0:35:51 - Epoch 182: val_AUC=0.957499568285785, val_AP=0.9570392742214753
INFO - 11/06/25 18:25:43 - 0:35:52 - Epoch 183: train_loss=0.7176147103309631, train_AUC=0.9966519299445687, train_AP=0.9952915532926487, time=0.5188784599304199
INFO - 11/06/25 18:25:44 - 0:35:52 - Epoch 183: val_AUC=0.957379625043986, val_AP=0.9569556245560946
INFO - 11/06/25 18:25:44 - 0:35:52 - Epoch 184: train_loss=0.7162814140319824, train_AUC=0.996759308805277, train_AP=0.9953554631043154, time=0.49659132957458496
INFO - 11/06/25 18:25:44 - 0:35:53 - Epoch 184: val_AUC=0.9572325978443614, val_AP=0.956849830710934
INFO - 11/06/25 18:25:45 - 0:35:53 - Epoch 185: train_loss=0.7144949436187744, train_AUC=0.9968940946905653, train_AP=0.9955899568743741, time=0.5206325054168701
INFO - 11/06/25 18:25:45 - 0:35:53 - Epoch 185: val_AUC=0.9571210037925686, val_AP=0.9567850527957132
INFO - 11/06/25 18:25:46 - 0:35:54 - Epoch 186: train_loss=0.7137606739997864, train_AUC=0.9969382562545875, train_AP=0.9959085552542318, time=0.48764681816101074
INFO - 11/06/25 18:25:46 - 0:35:54 - Epoch 186: val_AUC=0.9570332354781113, val_AP=0.9567138989275454
INFO - 11/06/25 18:25:46 - 0:35:54 - Epoch 187: train_loss=0.7135785222053528, train_AUC=0.9968485026741211, train_AP=0.9956000114495792, time=0.4347267150878906
INFO - 11/06/25 18:25:46 - 0:35:55 - Epoch 187: val_AUC=0.9570102242958987, val_AP=0.9567046801065383
INFO - 11/06/25 18:25:47 - 0:35:55 - Epoch 188: train_loss=0.7125582695007324, train_AUC=0.9969878735099018, train_AP=0.9957531139989517, time=0.5262293815612793
INFO - 11/06/25 18:25:47 - 0:35:55 - Epoch 188: val_AUC=0.9569782530073375, val_AP=0.9566777972339772
INFO - 11/06/25 18:25:48 - 0:35:56 - Epoch 189: train_loss=0.7110573053359985, train_AUC=0.9971457252203428, train_AP=0.9960335033002125, time=0.448089599609375
INFO - 11/06/25 18:25:48 - 0:35:56 - Epoch 189: val_AUC=0.9568908919704413, val_AP=0.9566076305531397
INFO - 11/06/25 18:25:48 - 0:35:56 - Epoch 190: train_loss=0.709735095500946, train_AUC=0.9970807491822278, train_AP=0.9958418316640546, time=0.4891369342803955
INFO - 11/06/25 18:25:49 - 0:35:57 - Epoch 190: val_AUC=0.9567416247442297, val_AP=0.9564997094910341
INFO - 11/06/25 18:25:49 - 0:35:57 - Epoch 191: train_loss=0.7096900939941406, train_AUC=0.9970598336148466, train_AP=0.995842076561035, time=0.5065906047821045
INFO - 11/06/25 18:25:49 - 0:35:57 - Epoch 191: val_AUC=0.9565705681684892, val_AP=0.9563730939763979
INFO - 11/06/25 18:25:50 - 0:35:58 - Epoch 192: train_loss=0.707527756690979, train_AUC=0.9971873103144708, train_AP=0.9960137058282488, time=0.481997013092041
INFO - 11/06/25 18:25:50 - 0:35:58 - Epoch 192: val_AUC=0.9564471630674192, val_AP=0.9562846686601543
INFO - 11/06/25 18:25:51 - 0:35:59 - Epoch 193: train_loss=0.7061647772789001, train_AUC=0.9971920410929128, train_AP=0.9959514933425919, time=0.5687894821166992
INFO - 11/06/25 18:25:51 - 0:35:59 - Epoch 193: val_AUC=0.9563775186044389, val_AP=0.9562359402570785
INFO - 11/06/25 18:25:51 - 0:35:59 - Epoch 194: train_loss=0.7069004774093628, train_AUC=0.9972099909636267, train_AP=0.9961430281086062, time=0.5319178104400635
INFO - 11/06/25 18:25:51 - 0:36:00 - Epoch 194: val_AUC=0.9563408636239231, val_AP=0.9561896484352047
INFO - 11/06/25 18:25:52 - 0:36:00 - Epoch 195: train_loss=0.7057368755340576, train_AUC=0.9972686919968979, train_AP=0.9961038807456537, time=0.493206262588501
INFO - 11/06/25 18:25:52 - 0:36:00 - Epoch 195: val_AUC=0.9563060413924331, val_AP=0.9561624828967781
INFO - 11/06/25 18:25:53 - 0:36:01 - Epoch 196: train_loss=0.7047213912010193, train_AUC=0.9973628649743876, train_AP=0.996308462430856, time=0.5007569789886475
INFO - 11/06/25 18:25:53 - 0:36:01 - Epoch 196: val_AUC=0.9562264186292015, val_AP=0.9561121803216993
INFO - 11/06/25 18:25:53 - 0:36:02 - Epoch 197: train_loss=0.7044633626937866, train_AUC=0.9973792760784418, train_AP=0.9965052998755882, time=0.4678685665130615
INFO - 11/06/25 18:25:54 - 0:36:02 - Epoch 197: val_AUC=0.956114213661067, val_AP=0.9560301961189037
INFO - 11/06/25 18:25:54 - 0:36:02 - Epoch 198: train_loss=0.704043984413147, train_AUC=0.9971434421675546, train_AP=0.9958924017452456, time=0.4827461242675781
INFO - 11/06/25 18:25:54 - 0:36:02 - Epoch 198: val_AUC=0.9559747210963261, val_AP=0.9559297215521033
INFO - 11/06/25 18:25:55 - 0:36:03 - Epoch 199: train_loss=0.7027962803840637, train_AUC=0.99707032424505, train_AP=0.9956154228058447, time=0.5112640857696533
INFO - 11/06/25 18:25:55 - 0:36:03 - Epoch 199: val_AUC=0.955848465052327, val_AP=0.9558482783364811
INFO - 11/06/25 18:25:56 - 0:36:04 - Epoch 200: train_loss=0.7014145851135254, train_AUC=0.9974022550760836, train_AP=0.9963681420306225, time=0.5110912322998047
INFO - 11/06/25 18:25:56 - 0:36:04 - Epoch 200: val_AUC=0.9557327982249216, val_AP=0.9557741472324837
INFO - 11/06/25 18:25:56 - 0:36:04 - Epoch 201: train_loss=0.7011092901229858, train_AUC=0.9973947498680672, train_AP=0.9961894471868062, time=0.49527835845947266
INFO - 11/06/25 18:25:56 - 0:36:05 - Epoch 201: val_AUC=0.9556212041731289, val_AP=0.9557048454243298
INFO - 11/06/25 18:25:57 - 0:36:05 - Epoch 202: train_loss=0.700492262840271, train_AUC=0.9973412773303697, train_AP=0.9960186083229999, time=0.48812413215637207
INFO - 11/06/25 18:25:57 - 0:36:05 - Epoch 202: val_AUC=0.9555147010908522, val_AP=0.9556255158219815
INFO - 11/06/25 18:25:58 - 0:36:06 - Epoch 203: train_loss=0.6988238096237183, train_AUC=0.9974795815791194, train_AP=0.9963173423715588, time=0.41716885566711426
INFO - 11/06/25 18:25:58 - 0:36:06 - Epoch 203: val_AUC=0.9554132889780915, val_AP=0.9555490280911901
INFO - 11/06/25 18:25:58 - 0:36:06 - Epoch 204: train_loss=0.6996833086013794, train_AUC=0.9973018426701338, train_AP=0.9962693675019236, time=0.5215692520141602
INFO - 11/06/25 18:25:59 - 0:36:07 - Epoch 204: val_AUC=0.9553676738912276, val_AP=0.9555025402632018
INFO - 11/06/25 18:25:59 - 0:36:07 - Epoch 205: train_loss=0.6970402002334595, train_AUC=0.9975790499780535, train_AP=0.996551137324441, time=0.5138881206512451
INFO - 11/06/25 18:25:59 - 0:36:07 - Epoch 205: val_AUC=0.9553403862946214, val_AP=0.9554828971843062
INFO - 11/06/25 18:26:00 - 0:36:08 - Epoch 206: train_loss=0.6980329751968384, train_AUC=0.9974180053752266, train_AP=0.9959521805182427, time=0.5097994804382324
INFO - 11/06/25 18:26:00 - 0:36:08 - Epoch 206: val_AUC=0.9552699272765186, val_AP=0.9554375119619821
INFO - 11/06/25 18:26:01 - 0:36:09 - Epoch 207: train_loss=0.6965985894203186, train_AUC=0.9974352600974907, train_AP=0.9963171367890868, time=0.5492331981658936
INFO - 11/06/25 18:26:01 - 0:36:09 - Epoch 207: val_AUC=0.9551312492669002, val_AP=0.955333978055095
INFO - 11/06/25 18:26:01 - 0:36:09 - Epoch 208: train_loss=0.6947444677352905, train_AUC=0.9975291280339075, train_AP=0.9965580274235344, time=0.47409820556640625
INFO - 11/06/25 18:26:01 - 0:36:10 - Epoch 208: val_AUC=0.9550113060251013, val_AP=0.9552690929544572
INFO - 11/06/25 18:26:02 - 0:36:10 - Epoch 209: train_loss=0.6951161623001099, train_AUC=0.9975458163519622, train_AP=0.9964741361029976, time=0.49418067932128906
INFO - 11/06/25 18:26:02 - 0:36:10 - Epoch 209: val_AUC=0.9549479743643212, val_AP=0.9552190658539849
INFO - 11/06/25 18:26:03 - 0:36:11 - Epoch 210: train_loss=0.6942648887634277, train_AUC=0.997569126632663, train_AP=0.9963819765391732, time=0.5573782920837402
INFO - 11/06/25 18:26:03 - 0:36:11 - Epoch 210: val_AUC=0.9548714061827992, val_AP=0.9551614667099168
INFO - 11/06/25 18:26:03 - 0:36:12 - Epoch 211: train_loss=0.6942026615142822, train_AUC=0.9975732984039652, train_AP=0.9965920879814263, time=0.5071005821228027
INFO - 11/06/25 18:26:04 - 0:36:12 - Epoch 211: val_AUC=0.9547581830207614, val_AP=0.955073074286086
INFO - 11/06/25 18:26:04 - 0:36:12 - Epoch 212: train_loss=0.692511796951294, train_AUC=0.9976334850154414, train_AP=0.9967336595264564, time=0.4915328025817871
INFO - 11/06/25 18:26:04 - 0:36:13 - Epoch 212: val_AUC=0.954681207561678, val_AP=0.955014894543942
INFO - 11/06/25 18:26:05 - 0:36:13 - Epoch 213: train_loss=0.6924194693565369, train_AUC=0.9977575455016172, train_AP=0.9966565698348311, time=0.5195419788360596
INFO - 11/06/25 18:26:05 - 0:36:13 - Epoch 213: val_AUC=0.9546005666045434, val_AP=0.9549625533682871
INFO - 11/06/25 18:26:06 - 0:36:14 - Epoch 214: train_loss=0.6916390061378479, train_AUC=0.9977978567146363, train_AP=0.9968452276432418, time=0.5141894817352295
INFO - 11/06/25 18:26:06 - 0:36:14 - Epoch 214: val_AUC=0.954550471464505, val_AP=0.9549223280153281
INFO - 11/06/25 18:26:06 - 0:36:14 - Epoch 215: train_loss=0.691176176071167, train_AUC=0.9976027103867294, train_AP=0.9964769569566952, time=0.39513254165649414
INFO - 11/06/25 18:26:06 - 0:36:15 - Epoch 215: val_AUC=0.9544712559788348, val_AP=0.9548816743594849
INFO - 11/06/25 18:26:07 - 0:36:15 - Epoch 216: train_loss=0.6896415948867798, train_AUC=0.9977063716914512, train_AP=0.9968136088792265, time=0.5087697505950928
INFO - 11/06/25 18:26:07 - 0:36:15 - Epoch 216: val_AUC=0.9543311524977518, val_AP=0.9547796127711883
INFO - 11/06/25 18:26:08 - 0:36:16 - Epoch 217: train_loss=0.6908692717552185, train_AUC=0.9975111764019865, train_AP=0.9962070629474713, time=0.5344738960266113
INFO - 11/06/25 18:26:08 - 0:36:16 - Epoch 217: val_AUC=0.9542475587782976, val_AP=0.95471762480628
INFO - 11/06/25 18:26:08 - 0:36:17 - Epoch 218: train_loss=0.6891297101974487, train_AUC=0.9977914924165916, train_AP=0.99673827675171, time=0.48825502395629883
INFO - 11/06/25 18:26:09 - 0:36:17 - Epoch 218: val_AUC=0.9541732306233628, val_AP=0.9546547354070212
INFO - 11/06/25 18:26:09 - 0:36:17 - Epoch 219: train_loss=0.6874542236328125, train_AUC=0.9979317239542913, train_AP=0.9970994424051637, time=0.4985368251800537
INFO - 11/06/25 18:26:09 - 0:36:18 - Epoch 219: val_AUC=0.954094524234644, val_AP=0.9545841640911662
INFO - 11/06/25 18:26:10 - 0:36:18 - Epoch 220: train_loss=0.6870583295822144, train_AUC=0.9977635253281478, train_AP=0.9967608895632025, time=0.5193896293640137
INFO - 11/06/25 18:26:10 - 0:36:18 - Epoch 220: val_AUC=0.953997999452619, val_AP=0.9545069049896184
INFO - 11/06/25 18:26:11 - 0:36:19 - Epoch 221: train_loss=0.6859297752380371, train_AUC=0.9978111564701941, train_AP=0.9968344726995253, time=0.49449992179870605
INFO - 11/06/25 18:26:11 - 0:36:19 - Epoch 221: val_AUC=0.9539001510185197, val_AP=0.9544288027503115
INFO - 11/06/25 18:26:11 - 0:36:19 - Epoch 222: train_loss=0.686314582824707, train_AUC=0.9980324104040686, train_AP=0.9972713632217431, time=0.5091564655303955
INFO - 11/06/25 18:26:12 - 0:36:20 - Epoch 222: val_AUC=0.9538192046032139, val_AP=0.9543770850979594
INFO - 11/06/25 18:26:12 - 0:36:20 - Epoch 223: train_loss=0.6855593919754028, train_AUC=0.9976548919596088, train_AP=0.9963728479289417, time=0.4868044853210449
INFO - 11/06/25 18:26:12 - 0:36:20 - Epoch 223: val_AUC=0.953686330298844, val_AP=0.9542794410192894
INFO - 11/06/25 18:26:13 - 0:36:21 - Epoch 224: train_loss=0.685192346572876, train_AUC=0.9977976946835814, train_AP=0.996828024428387, time=0.504711389541626
INFO - 11/06/25 18:26:13 - 0:36:21 - Epoch 224: val_AUC=0.953565470682532, val_AP=0.9541852244942433
INFO - 11/06/25 18:26:13 - 0:36:22 - Epoch 225: train_loss=0.6837987899780273, train_AUC=0.9978215597445246, train_AP=0.9967768540611172, time=0.484133243560791
INFO - 11/06/25 18:26:14 - 0:36:22 - Epoch 225: val_AUC=0.9534542839083007, val_AP=0.9541084475603742
INFO - 11/06/25 18:26:14 - 0:36:22 - Epoch 226: train_loss=0.6842259168624878, train_AUC=0.9978016501786495, train_AP=0.9968175224088238, time=0.5371952056884766
INFO - 11/06/25 18:26:14 - 0:36:23 - Epoch 226: val_AUC=0.9534278108668172, val_AP=0.9540741146061651
INFO - 11/06/25 18:26:15 - 0:36:23 - Epoch 227: train_loss=0.681839644908905, train_AUC=0.9978593441536902, train_AP=0.9967381275988826, time=0.4920616149902344
INFO - 11/06/25 18:26:15 - 0:36:23 - Epoch 227: val_AUC=0.9532980929635472, val_AP=0.9539801310350017
INFO - 11/06/25 18:26:16 - 0:36:24 - Epoch 228: train_loss=0.6820708513259888, train_AUC=0.9978828895555414, train_AP=0.9968981321553744, time=0.4990215301513672
INFO - 11/06/25 18:26:16 - 0:36:24 - Epoch 228: val_AUC=0.9531278509429291, val_AP=0.95386578921919
INFO - 11/06/25 18:26:16 - 0:36:24 - Epoch 229: train_loss=0.6816498637199402, train_AUC=0.9979770426313906, train_AP=0.9969388084839931, time=0.48780179023742676
INFO - 11/06/25 18:26:16 - 0:36:25 - Epoch 229: val_AUC=0.952996911206975, val_AP=0.9537658272137949
INFO - 11/06/25 18:26:17 - 0:36:25 - Epoch 230: train_loss=0.6797205805778503, train_AUC=0.9982874164634102, train_AP=0.9976630125342358, time=0.5454387664794922
INFO - 11/06/25 18:26:17 - 0:36:25 - Epoch 230: val_AUC=0.9528716733568793, val_AP=0.9536763894565792
INFO - 11/06/25 18:26:18 - 0:36:26 - Epoch 231: train_loss=0.6802487373352051, train_AUC=0.997990655705695, train_AP=0.9970709291932021, time=0.5143885612487793
INFO - 11/06/25 18:26:18 - 0:36:26 - Epoch 231: val_AUC=0.9527515264762996, val_AP=0.9535912288188748
INFO - 11/06/25 18:26:18 - 0:36:27 - Epoch 232: train_loss=0.6787674427032471, train_AUC=0.9981665099469428, train_AP=0.9974122604522014, time=0.4159982204437256
INFO - 11/06/25 18:26:19 - 0:36:27 - Epoch 232: val_AUC=0.9526539835003713, val_AP=0.953524626246482
INFO - 11/06/25 18:26:19 - 0:36:27 - Epoch 233: train_loss=0.6800322532653809, train_AUC=0.9979016693070496, train_AP=0.9967924942274194, time=0.5396280288696289
INFO - 11/06/25 18:26:19 - 0:36:27 - Epoch 233: val_AUC=0.9525613278551786, val_AP=0.9534627705541637
INFO - 11/06/25 18:26:20 - 0:36:28 - Epoch 234: train_loss=0.6778872609138489, train_AUC=0.9980510186140036, train_AP=0.9970926392206318, time=0.4490480422973633
INFO - 11/06/25 18:26:20 - 0:36:28 - Epoch 234: val_AUC=0.9524281480926378, val_AP=0.9533730836941743
INFO - 11/06/25 18:26:20 - 0:36:29 - Epoch 235: train_loss=0.6773627400398254, train_AUC=0.998033811268211, train_AP=0.9972023019444543, time=0.5129172801971436
INFO - 11/06/25 18:26:21 - 0:36:29 - Epoch 235: val_AUC=0.9522542405739681, val_AP=0.9532438734774602
INFO - 11/06/25 18:26:21 - 0:36:29 - Epoch 236: train_loss=0.6775574684143066, train_AUC=0.9980214150119051, train_AP=0.997118108149583, time=0.5059146881103516
INFO - 11/06/25 18:26:21 - 0:36:30 - Epoch 236: val_AUC=0.9521420356058337, val_AP=0.9531555948008925
INFO - 11/06/25 18:26:22 - 0:36:30 - Epoch 237: train_loss=0.676468014717102, train_AUC=0.9980904597907059, train_AP=0.997328563393674, time=0.4884157180786133
INFO - 11/06/25 18:26:22 - 0:36:30 - Epoch 237: val_AUC=0.9520011175696282, val_AP=0.9530504749205028
INFO - 11/06/25 18:26:23 - 0:36:31 - Epoch 238: train_loss=0.676399827003479, train_AUC=0.9978590757457252, train_AP=0.9967847860205408, time=0.5331966876983643
INFO - 11/06/25 18:26:23 - 0:36:31 - Epoch 238: val_AUC=0.9519413495875092, val_AP=0.9530071515973715
INFO - 11/06/25 18:26:23 - 0:36:32 - Epoch 239: train_loss=0.6748843193054199, train_AUC=0.9980358539162275, train_AP=0.9970171228885567, time=0.4959735870361328
INFO - 11/06/25 18:26:24 - 0:36:32 - Epoch 239: val_AUC=0.9518274136897393, val_AP=0.9529132216812873
INFO - 11/06/25 18:26:24 - 0:36:32 - Epoch 240: train_loss=0.6753605604171753, train_AUC=0.9980481925810606, train_AP=0.9971281119280229, time=0.5294098854064941
INFO - 11/06/25 18:26:24 - 0:36:33 - Epoch 240: val_AUC=0.9517215215238046, val_AP=0.9528387673109433
INFO - 11/06/25 18:26:25 - 0:36:33 - Epoch 241: train_loss=0.6722769737243652, train_AUC=0.9983367813377444, train_AP=0.997618726261661, time=0.43543100357055664
INFO - 11/06/25 18:26:25 - 0:36:33 - Epoch 241: val_AUC=0.9515639051075864, val_AP=0.95272795972396
INFO - 11/06/25 18:26:26 - 0:36:34 - Epoch 242: train_loss=0.6735451817512512, train_AUC=0.9980040082974666, train_AP=0.9967862947883027, time=0.5113303661346436
INFO - 11/06/25 18:26:26 - 0:36:34 - Epoch 242: val_AUC=0.9514971115875354, val_AP=0.9526883768557293
INFO - 11/06/25 18:26:26 - 0:36:34 - Epoch 243: train_loss=0.6720528602600098, train_AUC=0.9981419224388394, train_AP=0.9972022965088871, time=0.4795553684234619
INFO - 11/06/25 18:26:26 - 0:36:35 - Epoch 243: val_AUC=0.9513983467789233, val_AP=0.9526159105881853
INFO - 11/06/25 18:26:27 - 0:36:35 - Epoch 244: train_loss=0.6716263294219971, train_AUC=0.9982470901040099, train_AP=0.9974522344325424, time=0.45696163177490234
INFO - 11/06/25 18:26:27 - 0:36:35 - Epoch 244: val_AUC=0.9511492965501962, val_AP=0.9524704454165622
INFO - 11/06/25 18:26:28 - 0:36:36 - Epoch 245: train_loss=0.6709988117218018, train_AUC=0.9983397410463076, train_AP=0.9975341784695057, time=0.4914524555206299
INFO - 11/06/25 18:26:28 - 0:36:36 - Epoch 245: val_AUC=0.9509454541307719, val_AP=0.9523184142901587
INFO - 11/06/25 18:26:28 - 0:36:36 - Epoch 246: train_loss=0.6715269088745117, train_AUC=0.9982287177197083, train_AP=0.9973136807490132, time=0.5194439888000488
INFO - 11/06/25 18:26:29 - 0:36:37 - Epoch 246: val_AUC=0.9507994451250505, val_AP=0.9522236394828689
INFO - 11/06/25 18:26:29 - 0:36:37 - Epoch 247: train_loss=0.6706479787826538, train_AUC=0.9982238574925432, train_AP=0.9974798734489043, time=0.5143148899078369
INFO - 11/06/25 18:26:29 - 0:36:37 - Epoch 247: val_AUC=0.9506852037691094, val_AP=0.9521402048295754
INFO - 11/06/25 18:26:30 - 0:36:38 - Epoch 248: train_loss=0.6711603999137878, train_AUC=0.9981439587465102, train_AP=0.9973361965709248, time=0.4324021339416504
INFO - 11/06/25 18:26:30 - 0:36:38 - Epoch 248: val_AUC=0.9505646496109685, val_AP=0.9520473287534024
INFO - 11/06/25 18:26:30 - 0:36:39 - Epoch 249: train_loss=0.6699759364128113, train_AUC=0.9981540275676086, train_AP=0.9972160435867876, time=0.48935866355895996
INFO - 11/06/25 18:26:31 - 0:36:39 - Epoch 249: val_AUC=0.95035632713837, val_AP=0.9518787275981478
INFO - 11/06/25 18:26:31 - 0:36:39 - Epoch 250: train_loss=0.6689569354057312, train_AUC=0.9981540564514054, train_AP=0.9972606404458713, time=0.5123164653778076
INFO - 11/06/25 18:26:31 - 0:36:39 - Epoch 250: val_AUC=0.9501834378136038, val_AP=0.9517163674978866
INFO - 11/06/25 18:26:32 - 0:36:40 - Epoch 251: train_loss=0.6680622696876526, train_AUC=0.9983070245106265, train_AP=0.9975204995633232, time=0.48301267623901367
INFO - 11/06/25 18:26:32 - 0:36:40 - Epoch 251: val_AUC=0.9501111460464753, val_AP=0.951666938586116
INFO - 11/06/25 18:26:32 - 0:36:41 - Epoch 252: train_loss=0.6695914268493652, train_AUC=0.9981004805308501, train_AP=0.9971361568631185, time=0.45388317108154297
INFO - 11/06/25 18:26:33 - 0:36:41 - Epoch 252: val_AUC=0.950015232180792, val_AP=0.9516182467455909
INFO - 11/06/25 18:26:33 - 0:36:41 - Epoch 253: train_loss=0.6672031879425049, train_AUC=0.9982673608934651, train_AP=0.9974845626635106, time=0.5010507106781006
INFO - 11/06/25 18:26:33 - 0:36:41 - Epoch 253: val_AUC=0.9497926549935486, val_AP=0.9514681203530168
INFO - 11/06/25 18:26:34 - 0:36:42 - Epoch 254: train_loss=0.6672869324684143, train_AUC=0.9982131914461106, train_AP=0.9972842806994953, time=0.5187456607818604
INFO - 11/06/25 18:26:34 - 0:36:42 - Epoch 254: val_AUC=0.9497363488707008, val_AP=0.951446564783447
INFO - 11/06/25 18:26:35 - 0:36:43 - Epoch 255: train_loss=0.665674090385437, train_AUC=0.9983058719766879, train_AP=0.9972700648843581, time=0.5243723392486572
INFO - 11/06/25 18:26:35 - 0:36:43 - Epoch 255: val_AUC=0.949787360385252, val_AP=0.9514804745759333
INFO - 11/06/25 18:26:35 - 0:36:43 - Epoch 256: train_loss=0.6656777858734131, train_AUC=0.9981755100675616, train_AP=0.9970791384374543, time=0.5025417804718018
INFO - 11/06/25 18:26:36 - 0:36:44 - Epoch 256: val_AUC=0.9497403198269232, val_AP=0.9514227183431875
INFO - 11/06/25 18:26:36 - 0:36:44 - Epoch 257: train_loss=0.6651321649551392, train_AUC=0.9982729990458147, train_AP=0.9974695686493203, time=0.5130369663238525
INFO - 11/06/25 18:26:36 - 0:36:44 - Epoch 257: val_AUC=0.9496647698393047, val_AP=0.9513555662099107
INFO - 11/06/25 18:26:37 - 0:36:45 - Epoch 258: train_loss=0.6646525859832764, train_AUC=0.9983813837319085, train_AP=0.997680753208035, time=0.46773552894592285
INFO - 11/06/25 18:26:37 - 0:36:45 - Epoch 258: val_AUC=0.949560506783615, val_AP=0.951287087314838
INFO - 11/06/25 18:26:37 - 0:36:46 - Epoch 259: train_loss=0.6638488173484802, train_AUC=0.9983394500948917, train_AP=0.9975837411157656, time=0.489703893661499
INFO - 11/06/25 18:26:38 - 0:36:46 - Epoch 259: val_AUC=0.9494540037013386, val_AP=0.9512218556984117
INFO - 11/06/25 18:26:38 - 0:36:46 - Epoch 260: train_loss=0.6631426811218262, train_AUC=0.998312132715754, train_AP=0.9974319202618891, time=0.5094163417816162
INFO - 11/06/25 18:26:38 - 0:36:47 - Epoch 260: val_AUC=0.9493084019731783, val_AP=0.9511224813375024
INFO - 11/06/25 18:26:39 - 0:36:47 - Epoch 261: train_loss=0.6619092226028442, train_AUC=0.9984252966134856, train_AP=0.9975314105267683, time=0.5295331478118896
INFO - 11/06/25 18:26:39 - 0:36:47 - Epoch 261: val_AUC=0.949337725957591, val_AP=0.9511243265475892
INFO - 11/06/25 18:26:40 - 0:36:48 - Epoch 262: train_loss=0.661594033241272, train_AUC=0.9985232574191258, train_AP=0.9979069555757601, time=0.5094845294952393
INFO - 11/06/25 18:26:40 - 0:36:48 - Epoch 262: val_AUC=0.9496653807556465, val_AP=0.951329703478459
INFO - 11/06/25 18:26:40 - 0:36:49 - Epoch 263: train_loss=0.6609402894973755, train_AUC=0.9985222449011533, train_AP=0.9976825722543678, time=0.5238134860992432
INFO - 11/06/25 18:26:41 - 0:36:49 - Epoch 263: val_AUC=0.9500380397242242, val_AP=0.9515955723320008
INFO - 11/06/25 18:26:41 - 0:36:49 - Epoch 264: train_loss=0.6623483896255493, train_AUC=0.9982739442856753, train_AP=0.9971987264856702, time=0.5470795631408691
INFO - 11/06/25 18:26:41 - 0:36:50 - Epoch 264: val_AUC=0.950306639275893, val_AP=0.9518242550772427
INFO - 11/06/25 18:26:42 - 0:36:50 - Epoch 265: train_loss=0.6622647643089294, train_AUC=0.9985208878910682, train_AP=0.9979332276798807, time=0.499295711517334
INFO - 11/06/25 18:26:42 - 0:36:50 - Epoch 265: val_AUC=0.9498437683274903, val_AP=0.9515446933195593
INFO - 11/06/25 18:26:43 - 0:36:51 - Epoch 266: train_loss=0.6630120277404785, train_AUC=0.9983421091653997, train_AP=0.9973177477558672, time=0.5139362812042236
INFO - 11/06/25 18:26:43 - 0:36:51 - Epoch 266: val_AUC=0.94945135639719, val_AP=0.9512787747817611
INFO - 11/06/25 18:26:43 - 0:36:52 - Epoch 267: train_loss=0.6635816097259521, train_AUC=0.99823655579587, train_AP=0.9972772936081843, time=0.5780205726623535
INFO - 11/06/25 18:26:44 - 0:36:52 - Epoch 267: val_AUC=0.949508578894551, val_AP=0.951297205528767
INFO - 11/06/25 18:26:44 - 0:36:52 - Epoch 268: train_loss=0.661994457244873, train_AUC=0.9984314867281462, train_AP=0.9978197980287381, time=0.4767918586730957
INFO - 11/06/25 18:26:44 - 0:36:52 - Epoch 268: val_AUC=0.9497081448995817, val_AP=0.9514432569453979
INFO - 11/06/25 18:26:45 - 0:36:53 - Epoch 269: train_loss=0.6614483594894409, train_AUC=0.9983092880140156, train_AP=0.99756217887128, time=0.5327606201171875
INFO - 11/06/25 18:26:45 - 0:36:53 - Epoch 269: val_AUC=0.949642776850995, val_AP=0.9514268196032004
INFO - 11/06/25 18:26:46 - 0:36:54 - Epoch 270: train_loss=0.6603938341140747, train_AUC=0.9984255046120464, train_AP=0.9976899217561037, time=0.5265049934387207
INFO - 11/06/25 18:26:46 - 0:36:54 - Epoch 270: val_AUC=0.9496454241551434, val_AP=0.9514226967447121
INFO - 11/06/25 18:26:46 - 0:36:54 - Epoch 271: train_loss=0.6602674722671509, train_AUC=0.9984657790158366, train_AP=0.9977115162568514, time=0.5039138793945312
INFO - 11/06/25 18:26:47 - 0:36:55 - Epoch 271: val_AUC=0.9498012078223358, val_AP=0.9515828086780374
INFO - 11/06/25 18:26:47 - 0:36:55 - Epoch 272: train_loss=0.6581459641456604, train_AUC=0.9983919904256611, train_AP=0.9974687077568904, time=0.5047812461853027
INFO - 11/06/25 18:26:47 - 0:36:55 - Epoch 272: val_AUC=0.9495332191870087, val_AP=0.9513750410099326
INFO - 11/06/25 18:26:48 - 0:36:56 - Epoch 273: train_loss=0.6582441329956055, train_AUC=0.998375003406879, train_AP=0.9974730101444091, time=0.5236868858337402
INFO - 11/06/25 18:26:48 - 0:36:56 - Epoch 273: val_AUC=0.949008645688071, val_AP=0.9509870358736756
INFO - 11/06/25 18:26:49 - 0:36:57 - Epoch 274: train_loss=0.65660560131073, train_AUC=0.9985599393126351, train_AP=0.9979318024899994, time=0.5231838226318359
INFO - 11/06/25 18:26:49 - 0:36:57 - Epoch 274: val_AUC=0.9487003365741766, val_AP=0.950738778355558
INFO - 11/06/25 18:26:49 - 0:36:57 - Epoch 275: train_loss=0.6569341421127319, train_AUC=0.998530459523397, train_AP=0.9978334323235802, time=0.4900858402252197
INFO - 11/06/25 18:26:49 - 0:36:58 - Epoch 275: val_AUC=0.9488636548762528, val_AP=0.9508629751791683
INFO - 11/06/25 18:26:50 - 0:36:58 - Epoch 276: train_loss=0.6568456888198853, train_AUC=0.9983825559913668, train_AP=0.9974587696443014, time=0.5047457218170166
INFO - 11/06/25 18:26:50 - 0:36:58 - Epoch 276: val_AUC=0.9488017486869372, val_AP=0.9508452498443681
INFO - 11/06/25 18:26:51 - 0:36:59 - Epoch 277: train_loss=0.6556376218795776, train_AUC=0.9984961637132923, train_AP=0.9977475350954723, time=0.5176901817321777
INFO - 11/06/25 18:26:51 - 0:36:59 - Epoch 277: val_AUC=0.9483983402624823, val_AP=0.9505028102281463
INFO - 11/06/25 18:26:51 - 0:37:00 - Epoch 278: train_loss=0.6545199155807495, train_AUC=0.9983753528303715, train_AP=0.9974485189065542, time=0.4919414520263672
INFO - 11/06/25 18:26:52 - 0:37:00 - Epoch 278: val_AUC=0.9482067161698965, val_AP=0.9504735413843121
INFO - 11/06/25 18:26:52 - 0:37:00 - Epoch 279: train_loss=0.6549859046936035, train_AUC=0.9983466562499391, train_AP=0.9974044282394512, time=0.5148584842681885
INFO - 11/06/25 18:26:52 - 0:37:00 - Epoch 279: val_AUC=0.9484168713915209, val_AP=0.9505173290061844
INFO - 11/06/25 18:26:53 - 0:37:01 - Epoch 280: train_loss=0.6537051796913147, train_AUC=0.9984278098560442, train_AP=0.9974777414591582, time=0.5605082511901855
INFO - 11/06/25 18:26:53 - 0:37:01 - Epoch 280: val_AUC=0.9487465625773828, val_AP=0.9506660631969179
INFO - 11/06/25 18:26:54 - 0:37:02 - Epoch 281: train_loss=0.6545642018318176, train_AUC=0.9983735305093655, train_AP=0.9972894374809828, time=0.5129475593566895
INFO - 11/06/25 18:26:54 - 0:37:02 - Epoch 281: val_AUC=0.9488141706525565, val_AP=0.9507249748095329
INFO - 11/06/25 18:26:54 - 0:37:03 - Epoch 282: train_loss=0.6542670726776123, train_AUC=0.9985200824910527, train_AP=0.9977334200373531, time=0.515897274017334
INFO - 11/06/25 18:26:55 - 0:37:03 - Epoch 282: val_AUC=0.9485543275684551, val_AP=0.950524179705327
INFO - 11/06/25 18:26:55 - 0:37:03 - Epoch 283: train_loss=0.6546555757522583, train_AUC=0.9983156866555991, train_AP=0.9975195516552382, time=0.5551848411560059
INFO - 11/06/25 18:26:55 - 0:37:04 - Epoch 283: val_AUC=0.9486097173167901, val_AP=0.9506123815163238
INFO - 11/06/25 18:26:56 - 0:37:04 - Epoch 284: train_loss=0.6556819677352905, train_AUC=0.9983633472098044, train_AP=0.9975823369790394, time=0.5153474807739258
INFO - 11/06/25 18:26:56 - 0:37:04 - Epoch 284: val_AUC=0.9488513347300239, val_AP=0.9507762381908931
INFO - 11/06/25 18:26:57 - 0:37:05 - Epoch 285: train_loss=0.6552244424819946, train_AUC=0.9984177653396039, train_AP=0.9978456037366804, time=0.5008444786071777
INFO - 11/06/25 18:26:57 - 0:37:05 - Epoch 285: val_AUC=0.9487201913552895, val_AP=0.9507002531972291
INFO - 11/06/25 18:26:57 - 0:37:05 - Epoch 286: train_loss=0.6547760963439941, train_AUC=0.9981833847768313, train_AP=0.9970701170030666, time=0.534351110458374
INFO - 11/06/25 18:26:58 - 0:37:06 - Epoch 286: val_AUC=0.9484889595198686, val_AP=0.9505396585686516
INFO - 11/06/25 18:26:58 - 0:37:06 - Epoch 287: train_loss=0.6546146273612976, train_AUC=0.9984700148950781, train_AP=0.9975868744024237, time=0.5052504539489746
INFO - 11/06/25 18:26:58 - 0:37:06 - Epoch 287: val_AUC=0.948671623506106, val_AP=0.9506482793067084
INFO - 11/06/25 18:26:59 - 0:37:07 - Epoch 288: train_loss=0.6531204581260681, train_AUC=0.9985671613185466, train_AP=0.9978612273792542, time=0.7231743335723877
INFO - 11/06/25 18:26:59 - 0:37:07 - Epoch 288: val_AUC=0.9487249768666345, val_AP=0.9506981399923796
INFO - 11/06/25 18:27:00 - 0:37:08 - Epoch 289: train_loss=0.6525889039039612, train_AUC=0.9984909595223769, train_AP=0.9978009451699665, time=0.5083258152008057
INFO - 11/06/25 18:27:00 - 0:37:08 - Epoch 289: val_AUC=0.9483822527988115, val_AP=0.9504267644113695
INFO - 11/06/25 18:27:01 - 0:37:09 - Epoch 290: train_loss=0.6516185402870178, train_AUC=0.9984479290055663, train_AP=0.9975901060991315, time=0.5590653419494629
INFO - 11/06/25 18:27:01 - 0:37:09 - Epoch 290: val_AUC=0.9482348183216255, val_AP=0.9502749280235271
INFO - 11/06/25 18:27:01 - 0:37:09 - Epoch 291: train_loss=0.6490300297737122, train_AUC=0.9985088400015302, train_AP=0.9977982453240266, time=0.5453071594238281
INFO - 11/06/25 18:27:01 - 0:37:10 - Epoch 291: val_AUC=0.9483394886548762, val_AP=0.9503316891319928
INFO - 11/06/25 18:27:02 - 0:37:10 - Epoch 292: train_loss=0.6496094465255737, train_AUC=0.9985900362288477, train_AP=0.9979082947256852, time=0.49978137016296387
INFO - 11/06/25 18:27:02 - 0:37:10 - Epoch 292: val_AUC=0.9483152556399796, val_AP=0.9503183813709886
INFO - 11/06/25 18:27:03 - 0:37:11 - Epoch 293: train_loss=0.6487809419631958, train_AUC=0.9986609795889226, train_AP=0.9978454876624722, time=0.5108473300933838
INFO - 11/06/25 18:27:03 - 0:37:11 - Epoch 293: val_AUC=0.9480570416661237, val_AP=0.9501320151108776
INFO - 11/06/25 18:27:03 - 0:37:12 - Epoch 294: train_loss=0.6492558717727661, train_AUC=0.9983872353425609, train_AP=0.9973197696079716, time=0.503777027130127
INFO - 11/06/25 18:27:04 - 0:37:12 - Epoch 294: val_AUC=0.9477917003349451, val_AP=0.9498908568742715
INFO - 11/06/25 18:27:04 - 0:37:12 - Epoch 295: train_loss=0.6471384763717651, train_AUC=0.9986217687781115, train_AP=0.9979372862623924, time=0.5182952880859375
INFO - 11/06/25 18:27:04 - 0:37:13 - Epoch 295: val_AUC=0.9475200462015667, val_AP=0.9496702197225965
INFO - 11/06/25 18:27:05 - 0:37:13 - Epoch 296: train_loss=0.6477615833282471, train_AUC=0.9986386288138602, train_AP=0.9979986047477394, time=0.4976537227630615
INFO - 11/06/25 18:27:05 - 0:37:13 - Epoch 296: val_AUC=0.9471414817083501, val_AP=0.9494215020871997
INFO - 11/06/25 18:27:06 - 0:37:14 - Epoch 297: train_loss=0.6474299430847168, train_AUC=0.9985841227998254, train_AP=0.9977757815797372, time=0.5393240451812744
INFO - 11/06/25 18:27:06 - 0:37:14 - Epoch 297: val_AUC=0.94683765264763, val_AP=0.9493214613397346
INFO - 11/06/25 18:27:06 - 0:37:14 - Epoch 298: train_loss=0.6462807655334473, train_AUC=0.9986794067467657, train_AP=0.9979706040642498, time=0.40807104110717773
INFO - 11/06/25 18:27:06 - 0:37:15 - Epoch 298: val_AUC=0.9466383921007702, val_AP=0.9491802469286531
INFO - 11/06/25 18:27:07 - 0:37:15 - Epoch 299: train_loss=0.6472511291503906, train_AUC=0.9985148296908207, train_AP=0.9977688188189269, time=0.4456820487976074
INFO - 11/06/25 18:27:07 - 0:37:15 - Epoch 299: val_AUC=0.9465360636134968, val_AP=0.9490807186826262
INFO - 11/06/25 18:27:08 - 0:37:16 - Epoch 300: train_loss=0.6465346813201904, train_AUC=0.9984231563945948, train_AP=0.9974077201331532, time=0.5370547771453857
INFO - 11/06/25 18:27:08 - 0:37:16 - Epoch 300: val_AUC=0.9464114366797428, val_AP=0.9489742354111308
INFO - 11/06/25 18:27:08 - 0:37:16 - best_epoch=161
INFO - 11/06/25 18:27:08 - 0:37:16 - test_auc= 95.71%, test_ap= 95.67%
INFO - 11/06/25 18:27:08 - 0:37:16 - 
                                     train iters 8
INFO - 11/06/25 18:27:08 - 0:37:16 - --------------------------Training Start-------------------------
INFO - 11/06/25 18:27:11 - 0:37:19 - Epoch 0: train_loss=6.004637718200684, train_AUC=0.9959137529152768, train_AP=0.9957029513995487, time=2.790860652923584
INFO - 11/06/25 18:27:11 - 0:37:19 - Epoch 0: val_AUC=0.7681363752622867, val_AP=0.815794632567335
INFO - 11/06/25 18:27:11 - 0:37:20 - Epoch 1: train_loss=2.542142868041992, train_AUC=0.8961309700567626, train_AP=0.9281187833046587, time=0.4788014888763428
INFO - 11/06/25 18:27:12 - 0:37:20 - Epoch 1: val_AUC=0.618645859127579, val_AP=0.6907915417211115
INFO - 11/06/25 18:27:12 - 0:37:20 - Epoch 2: train_loss=5.412088871002197, train_AUC=0.6314688517530367, train_AP=0.7267417133442915, time=0.49097752571105957
INFO - 11/06/25 18:27:12 - 0:37:21 - Epoch 2: val_AUC=0.6080869847124295, val_AP=0.6708797572723109
INFO - 11/06/25 18:27:13 - 0:37:21 - Epoch 3: train_loss=6.105887413024902, train_AUC=0.5999415949551973, train_AP=0.6853664562515132, time=0.5525567531585693
INFO - 11/06/25 18:27:13 - 0:37:21 - Epoch 3: val_AUC=0.6138574968395261, val_AP=0.6788281123075517
INFO - 11/06/25 18:27:14 - 0:37:22 - Epoch 4: train_loss=5.6454949378967285, train_AUC=0.6056715773484237, train_AP=0.6880173552153505, time=0.4675285816192627
INFO - 11/06/25 18:27:14 - 0:37:22 - Epoch 4: val_AUC=0.6669469415084257, val_AP=0.7114627370417281
INFO - 11/06/25 18:27:14 - 0:37:22 - Epoch 5: train_loss=4.054666519165039, train_AUC=0.6793363467380489, train_AP=0.7373788208707805, time=0.5101144313812256
INFO - 11/06/25 18:27:15 - 0:37:23 - Epoch 5: val_AUC=0.7176556451928215, val_AP=0.7440743764281283
INFO - 11/06/25 18:27:15 - 0:37:23 - Epoch 6: train_loss=3.3725497722625732, train_AUC=0.7319093582906884, train_AP=0.7735249811572532, time=0.5205252170562744
INFO - 11/06/25 18:27:15 - 0:37:23 - Epoch 6: val_AUC=0.783735818595316, val_AP=0.7921595956790425
INFO - 11/06/25 18:27:16 - 0:37:24 - Epoch 7: train_loss=2.7308459281921387, train_AUC=0.8083772700381721, train_AP=0.8286216811884919, time=0.4726731777191162
INFO - 11/06/25 18:27:16 - 0:37:24 - Epoch 7: val_AUC=0.8372162497230512, val_AP=0.8333140731918647
INFO - 11/06/25 18:27:16 - 0:37:25 - Epoch 8: train_loss=2.283449172973633, train_AUC=0.8702416304873394, train_AP=0.8744796944734274, time=0.49303364753723145
INFO - 11/06/25 18:27:17 - 0:37:25 - Epoch 8: val_AUC=0.859918919183099, val_AP=0.8535579727307125
INFO - 11/06/25 18:27:17 - 0:37:25 - Epoch 9: train_loss=2.074556827545166, train_AUC=0.8963707691493571, train_AP=0.8965066277708044, time=0.560981273651123
INFO - 11/06/25 18:27:17 - 0:37:26 - Epoch 9: val_AUC=0.8734669054399248, val_AP=0.8649381779460649
INFO - 11/06/25 18:27:18 - 0:37:26 - Epoch 10: train_loss=1.884159803390503, train_AUC=0.9099057333896949, train_AP=0.9073042035977958, time=0.4982457160949707
INFO - 11/06/25 18:27:18 - 0:37:26 - Epoch 10: val_AUC=0.8798476211732201, val_AP=0.870643784485288
INFO - 11/06/25 18:27:19 - 0:37:27 - Epoch 11: train_loss=1.7359120845794678, train_AUC=0.9182219536840062, train_AP=0.9152623671115592, time=0.5222952365875244
INFO - 11/06/25 18:27:19 - 0:37:27 - Epoch 11: val_AUC=0.8830600229378722, val_AP=0.8734255852200263
INFO - 11/06/25 18:27:19 - 0:37:28 - Epoch 12: train_loss=1.6486687660217285, train_AUC=0.9208848866953748, train_AP=0.9168103413483455, time=0.4971954822540283
INFO - 11/06/25 18:27:20 - 0:37:28 - Epoch 12: val_AUC=0.8886446128582415, val_AP=0.8761687643222519
INFO - 11/06/25 18:27:20 - 0:37:28 - Epoch 13: train_loss=1.5567165613174438, train_AUC=0.9237188445419504, train_AP=0.9173166891761559, time=0.4944775104522705
INFO - 11/06/25 18:27:20 - 0:37:29 - Epoch 13: val_AUC=0.8924238431688148, val_AP=0.8785397874839008
INFO - 11/06/25 18:27:21 - 0:37:29 - Epoch 14: train_loss=1.5055404901504517, train_AUC=0.9277444016622032, train_AP=0.919552007191342, time=0.506119966506958
INFO - 11/06/25 18:27:21 - 0:37:29 - Epoch 14: val_AUC=0.8958658476586426, val_AP=0.8810737468424751
INFO - 11/06/25 18:27:22 - 0:37:30 - Epoch 15: train_loss=1.4644702672958374, train_AUC=0.9299061305278107, train_AP=0.9207684935545641, time=0.5311360359191895
INFO - 11/06/25 18:27:22 - 0:37:30 - Epoch 15: val_AUC=0.8982889455095205, val_AP=0.8829165295639978
INFO - 11/06/25 18:27:22 - 0:37:31 - Epoch 16: train_loss=1.450553297996521, train_AUC=0.9323831834502867, train_AP=0.9230346907571537, time=0.4728686809539795
INFO - 11/06/25 18:27:23 - 0:37:31 - Epoch 16: val_AUC=0.9004029196913814, val_AP=0.8848933802892234
INFO - 11/06/25 18:27:23 - 0:37:31 - Epoch 17: train_loss=1.4390288591384888, train_AUC=0.9343758626744709, train_AP=0.9248564400441528, time=0.499833345413208
INFO - 11/06/25 18:27:23 - 0:37:31 - Epoch 17: val_AUC=0.9028345703710461, val_AP=0.8872529818720705
INFO - 11/06/25 18:27:24 - 0:37:32 - Epoch 18: train_loss=1.4213662147521973, train_AUC=0.9363126508713422, train_AP=0.9266369263712294, time=0.5270094871520996
INFO - 11/06/25 18:27:24 - 0:37:32 - Epoch 18: val_AUC=0.9050477166390805, val_AP=0.8893352007904987
INFO - 11/06/25 18:27:25 - 0:37:33 - Epoch 19: train_loss=1.4002838134765625, train_AUC=0.9376077163079921, train_AP=0.926696681045698, time=0.4545776844024658
INFO - 11/06/25 18:27:25 - 0:37:33 - Epoch 19: val_AUC=0.9068774110831629, val_AP=0.8912265376585253
INFO - 11/06/25 18:27:25 - 0:37:33 - Epoch 20: train_loss=1.3799958229064941, train_AUC=0.9397830311253146, train_AP=0.9300254302995158, time=0.5052680969238281
INFO - 11/06/25 18:27:25 - 0:37:34 - Epoch 20: val_AUC=0.9087855064577932, val_AP=0.8932705004393714
INFO - 11/06/25 18:27:26 - 0:37:34 - Epoch 21: train_loss=1.3508265018463135, train_AUC=0.9415334748029761, train_AP=0.9311603984210208, time=0.5203051567077637
INFO - 11/06/25 18:27:26 - 0:37:34 - Epoch 21: val_AUC=0.9108742294308539, val_AP=0.895442803720464
INFO - 11/06/25 18:27:27 - 0:37:35 - Epoch 22: train_loss=1.3135673999786377, train_AUC=0.9438592081560944, train_AP=0.9330744881735153, time=0.46973228454589844
INFO - 11/06/25 18:27:27 - 0:37:35 - Epoch 22: val_AUC=0.9128538020174901, val_AP=0.8975088012096105
INFO - 11/06/25 18:27:27 - 0:37:36 - Epoch 23: train_loss=1.2853007316589355, train_AUC=0.9450585572694565, train_AP=0.9343378431159185, time=0.476076602935791
INFO - 11/06/25 18:27:28 - 0:37:36 - Epoch 23: val_AUC=0.9145743460751476, val_AP=0.8992502340546328
INFO - 11/06/25 18:27:28 - 0:37:36 - Epoch 24: train_loss=1.2560615539550781, train_AUC=0.9472401669932631, train_AP=0.9362321332588504, time=0.5624797344207764
INFO - 11/06/25 18:27:28 - 0:37:37 - Epoch 24: val_AUC=0.9159715117491432, val_AP=0.900646598275789
INFO - 11/06/25 18:27:29 - 0:37:37 - Epoch 25: train_loss=1.2425366640090942, train_AUC=0.9477564016328177, train_AP=0.9367895496948859, time=0.4679737091064453
INFO - 11/06/25 18:27:29 - 0:37:37 - Epoch 25: val_AUC=0.9170963105540278, val_AP=0.9017943018595362
INFO - 11/06/25 18:27:30 - 0:37:38 - Epoch 26: train_loss=1.223894476890564, train_AUC=0.9502273089991732, train_AP=0.9395957859661488, time=0.488614559173584
INFO - 11/06/25 18:27:30 - 0:37:38 - Epoch 26: val_AUC=0.9180438418003621, val_AP=0.9027656539567304
INFO - 11/06/25 18:27:30 - 0:37:39 - Epoch 27: train_loss=1.2155033349990845, train_AUC=0.9501653273654018, train_AP=0.9396250870320783, time=0.496873140335083
INFO - 11/06/25 18:27:31 - 0:37:39 - Epoch 27: val_AUC=0.9189175539887136, val_AP=0.90368978689976
INFO - 11/06/25 18:27:31 - 0:37:39 - Epoch 28: train_loss=1.2123663425445557, train_AUC=0.9501020338084476, train_AP=0.9392942828777228, time=0.5210142135620117
INFO - 11/06/25 18:27:31 - 0:37:40 - Epoch 28: val_AUC=0.9197007487390687, val_AP=0.9045709243505342
INFO - 11/06/25 18:27:32 - 0:37:40 - Epoch 29: train_loss=1.2030668258666992, train_AUC=0.9508756570683339, train_AP=0.940201531443327, time=0.4890294075012207
INFO - 11/06/25 18:27:32 - 0:37:40 - Epoch 29: val_AUC=0.9204702996911207, val_AP=0.9054441640218066
INFO - 11/06/25 18:27:33 - 0:37:41 - Epoch 30: train_loss=1.1918814182281494, train_AUC=0.9513625515823749, train_AP=0.9401634483567097, time=0.5284581184387207
INFO - 11/06/25 18:27:33 - 0:37:41 - Epoch 30: val_AUC=0.9213292480678752, val_AP=0.9063781844952351
INFO - 11/06/25 18:27:33 - 0:37:42 - Epoch 31: train_loss=1.1823084354400635, train_AUC=0.9524353715255427, train_AP=0.9415959844322362, time=0.4862520694732666
INFO - 11/06/25 18:27:34 - 0:37:42 - Epoch 31: val_AUC=0.9221511341865527, val_AP=0.9073390336392314
INFO - 11/06/25 18:27:34 - 0:37:42 - Epoch 32: train_loss=1.1687285900115967, train_AUC=0.9530863407992584, train_AP=0.9421129842841576, time=0.5152695178985596
INFO - 11/06/25 18:27:34 - 0:37:42 - Epoch 32: val_AUC=0.9230096752857461, val_AP=0.9083634414186791
INFO - 11/06/25 18:27:35 - 0:37:43 - Epoch 33: train_loss=1.1518473625183105, train_AUC=0.9551161062901063, train_AP=0.9439462335591887, time=0.4924600124359131
INFO - 11/06/25 18:27:35 - 0:37:43 - Epoch 33: val_AUC=0.9238305432105202, val_AP=0.9093096780217245
INFO - 11/06/25 18:27:36 - 0:37:44 - Epoch 34: train_loss=1.140030026435852, train_AUC=0.9553744035171909, train_AP=0.9444992348339488, time=0.5005114078521729
INFO - 11/06/25 18:27:36 - 0:37:44 - Epoch 34: val_AUC=0.9245496935643629, val_AP=0.9101634949807621
INFO - 11/06/25 18:27:36 - 0:37:44 - Epoch 35: train_loss=1.1301679611206055, train_AUC=0.9565001538985048, train_AP=0.9454227623206632, time=0.5167064666748047
INFO - 11/06/25 18:27:37 - 0:37:45 - Epoch 35: val_AUC=0.9253000006516442, val_AP=0.9110666525619481
INFO - 11/06/25 18:27:37 - 0:37:45 - Epoch 36: train_loss=1.1234462261199951, train_AUC=0.9574092777415285, train_AP=0.9465293478473892, time=0.48484158515930176
INFO - 11/06/25 18:27:37 - 0:37:45 - Epoch 36: val_AUC=0.9260244456137836, val_AP=0.9119644725772925
INFO - 11/06/25 18:27:38 - 0:37:46 - Epoch 37: train_loss=1.117332935333252, train_AUC=0.9581533884537244, train_AP=0.9476232679376364, time=0.4406859874725342
INFO - 11/06/25 18:27:38 - 0:37:46 - Epoch 37: val_AUC=0.9268207750654902, val_AP=0.9129560984614205
INFO - 11/06/25 18:27:38 - 0:37:47 - Epoch 38: train_loss=1.1125497817993164, train_AUC=0.9590522618951957, train_AP=0.9480296122166345, time=0.4792172908782959
INFO - 11/06/25 18:27:39 - 0:37:47 - Epoch 38: val_AUC=0.9276854253281028, val_AP=0.9140490279383142
INFO - 11/06/25 18:27:39 - 0:37:47 - Epoch 39: train_loss=1.10676908493042, train_AUC=0.9600571478528924, train_AP=0.9494323951109578, time=0.5327396392822266
INFO - 11/06/25 18:27:39 - 0:37:48 - Epoch 39: val_AUC=0.9286057707972213, val_AP=0.9152922313449647
INFO - 11/06/25 18:27:40 - 0:37:48 - Epoch 40: train_loss=1.102294683456421, train_AUC=0.9600388068180773, train_AP=0.9488270565233443, time=0.4587430953979492
INFO - 11/06/25 18:27:40 - 0:37:48 - Epoch 40: val_AUC=0.9295609384978301, val_AP=0.9165925873715584
INFO - 11/06/25 18:27:41 - 0:37:49 - Epoch 41: train_loss=1.0949037075042725, train_AUC=0.961476442675481, train_AP=0.9515072929504788, time=0.5089378356933594
INFO - 11/06/25 18:27:41 - 0:37:49 - Epoch 41: val_AUC=0.930585852480809, val_AP=0.9179474437396864
INFO - 11/06/25 18:27:41 - 0:37:50 - Epoch 42: train_loss=1.085308313369751, train_AUC=0.9629123511409428, train_AP=0.9530369312914508, time=0.4985849857330322
INFO - 11/06/25 18:27:42 - 0:37:50 - Epoch 42: val_AUC=0.9316753199572522, val_AP=0.9193928253719019
INFO - 11/06/25 18:27:42 - 0:37:50 - Epoch 43: train_loss=1.0721156597137451, train_AUC=0.9648786321599846, train_AP=0.9551609726603268, time=0.45445942878723145
INFO - 11/06/25 18:27:42 - 0:37:50 - Epoch 43: val_AUC=0.932776394844192, val_AP=0.9209288650836821
INFO - 11/06/25 18:27:43 - 0:37:51 - Epoch 44: train_loss=1.0657503604888916, train_AUC=0.9658513789056938, train_AP=0.9570100182793422, time=0.49257493019104004
INFO - 11/06/25 18:27:43 - 0:37:51 - Epoch 44: val_AUC=0.9338076216293708, val_AP=0.9223232488031519
INFO - 11/06/25 18:27:43 - 0:37:52 - Epoch 45: train_loss=1.0571539402008057, train_AUC=0.9673950404883764, train_AP=0.9583481317774125, time=0.44647645950317383
INFO - 11/06/25 18:27:44 - 0:37:52 - Epoch 45: val_AUC=0.9347797931681633, val_AP=0.923657244637667
INFO - 11/06/25 18:27:44 - 0:37:52 - Epoch 46: train_loss=1.0549037456512451, train_AUC=0.9679165805882557, train_AP=0.9593193618972603, time=0.5247483253479004
INFO - 11/06/25 18:27:44 - 0:37:53 - Epoch 46: val_AUC=0.935723658916446, val_AP=0.9249382977756317
INFO - 11/06/25 18:27:45 - 0:37:53 - Epoch 47: train_loss=1.0452557802200317, train_AUC=0.9696688832200312, train_AP=0.9613989253212107, time=0.5386862754821777
INFO - 11/06/25 18:27:45 - 0:37:53 - Epoch 47: val_AUC=0.9366176331634714, val_AP=0.9261188189387256
INFO - 11/06/25 18:27:46 - 0:37:54 - Epoch 48: train_loss=1.042862892150879, train_AUC=0.9702504678019722, train_AP=0.9622445663046296, time=0.46161341667175293
INFO - 11/06/25 18:27:46 - 0:37:54 - Epoch 48: val_AUC=0.9374568285785037, val_AP=0.9272295494398277
INFO - 11/06/25 18:27:46 - 0:37:55 - Epoch 49: train_loss=1.0339505672454834, train_AUC=0.9714488605798688, train_AP=0.9636162059319703, time=0.498549222946167
INFO - 11/06/25 18:27:47 - 0:37:55 - Epoch 49: val_AUC=0.9382652745376585, val_AP=0.9282980892316333
INFO - 11/06/25 18:27:47 - 0:37:55 - Epoch 50: train_loss=1.026975393295288, train_AUC=0.9720215915736231, train_AP=0.9641693330888764, time=0.5384864807128906
INFO - 11/06/25 18:27:47 - 0:37:56 - Epoch 50: val_AUC=0.9390639458353427, val_AP=0.9292913300075438
INFO - 11/06/25 18:27:48 - 0:37:56 - Epoch 51: train_loss=1.0223617553710938, train_AUC=0.9723553519466117, train_AP=0.9645416652016591, time=0.4950680732727051
INFO - 11/06/25 18:27:48 - 0:37:56 - Epoch 51: val_AUC=0.9398145583807948, val_AP=0.9302328710436871
INFO - 11/06/25 18:27:49 - 0:37:57 - Epoch 52: train_loss=1.0127339363098145, train_AUC=0.9739649679179638, train_AP=0.9663407699338783, time=0.5331032276153564
INFO - 11/06/25 18:27:49 - 0:37:57 - Epoch 52: val_AUC=0.9405081520676668, val_AP=0.9311651579691334
INFO - 11/06/25 18:27:49 - 0:37:58 - Epoch 53: train_loss=1.0080366134643555, train_AUC=0.9743854256487054, train_AP=0.9670237114512779, time=0.5183415412902832
INFO - 11/06/25 18:27:50 - 0:37:58 - Epoch 53: val_AUC=0.9412056148913709, val_AP=0.9320587507676555
INFO - 11/06/25 18:27:50 - 0:37:58 - Epoch 54: train_loss=1.0034418106079102, train_AUC=0.9748450337808542, train_AP=0.9672044672087114, time=0.5109376907348633
INFO - 11/06/25 18:27:50 - 0:37:59 - Epoch 54: val_AUC=0.9418476879667401, val_AP=0.9329109921463046
INFO - 11/06/25 18:27:51 - 0:37:59 - Epoch 55: train_loss=1.0016862154006958, train_AUC=0.9748978789765761, train_AP=0.9674507130322134, time=0.5181114673614502
INFO - 11/06/25 18:27:51 - 0:37:59 - Epoch 55: val_AUC=0.9424520878676901, val_AP=0.9337236594229898
INFO - 11/06/25 18:27:52 - 0:38:00 - Epoch 56: train_loss=0.993279218673706, train_AUC=0.9762244893939317, train_AP=0.9691983542151286, time=0.4836916923522949
INFO - 11/06/25 18:27:52 - 0:38:00 - Epoch 56: val_AUC=0.9430354111548437, val_AP=0.9345248985865697
INFO - 11/06/25 18:27:52 - 0:38:00 - Epoch 57: train_loss=0.988258421421051, train_AUC=0.9772535237907973, train_AP=0.9708299648266863, time=0.5222415924072266
INFO - 11/06/25 18:27:53 - 0:38:01 - Epoch 57: val_AUC=0.9436150689439455, val_AP=0.9352896527609241
INFO - 11/06/25 18:27:53 - 0:38:01 - Epoch 58: train_loss=0.9851945042610168, train_AUC=0.9773088713095933, train_AP=0.9705195161645499, time=0.4796314239501953
INFO - 11/06/25 18:27:53 - 0:38:01 - Epoch 58: val_AUC=0.9441529807830156, val_AP=0.936011499505341
INFO - 11/06/25 18:27:54 - 0:38:02 - Epoch 59: train_loss=0.9783147573471069, train_AUC=0.9779714113618385, train_AP=0.9710502145573453, time=0.5545518398284912
INFO - 11/06/25 18:27:54 - 0:38:02 - Epoch 59: val_AUC=0.9446255245734989, val_AP=0.936662178562848
INFO - 11/06/25 18:27:55 - 0:38:03 - Epoch 60: train_loss=0.9751462936401367, train_AUC=0.9786418988612076, train_AP=0.9723953513801897, time=0.45485854148864746
INFO - 11/06/25 18:27:55 - 0:38:03 - Epoch 60: val_AUC=0.9450420676993053, val_AP=0.9372445440402918
INFO - 11/06/25 18:27:55 - 0:38:03 - Epoch 61: train_loss=0.9712216854095459, train_AUC=0.9786212198239422, train_AP=0.9719329085799076, time=0.505929708480835
INFO - 11/06/25 18:27:55 - 0:38:04 - Epoch 61: val_AUC=0.9454867129768405, val_AP=0.9378648133944846
INFO - 11/06/25 18:27:56 - 0:38:04 - Epoch 62: train_loss=0.9668842554092407, train_AUC=0.9796849477114796, train_AP=0.9735247857418526, time=0.5162627696990967
INFO - 11/06/25 18:27:56 - 0:38:04 - Epoch 62: val_AUC=0.945909874363018, val_AP=0.9384575275547826
INFO - 11/06/25 18:27:57 - 0:38:05 - Epoch 63: train_loss=0.9613508582115173, train_AUC=0.980186749434816, train_AP=0.9740247956697093, time=0.5217635631561279
INFO - 11/06/25 18:27:57 - 0:38:05 - Epoch 63: val_AUC=0.9463658215928787, val_AP=0.9390529556108359
INFO - 11/06/25 18:27:58 - 0:38:06 - Epoch 64: train_loss=0.958001971244812, train_AUC=0.9804396948818285, train_AP=0.9743628435740604, time=0.544701099395752
INFO - 11/06/25 18:27:58 - 0:38:06 - Epoch 64: val_AUC=0.9468056813590688, val_AP=0.9396309894642819
INFO - 11/06/25 18:27:58 - 0:38:06 - Epoch 65: train_loss=0.9530397057533264, train_AUC=0.9810485380185892, train_AP=0.9749610634597528, time=0.46863508224487305
INFO - 11/06/25 18:27:58 - 0:38:07 - Epoch 65: val_AUC=0.947219882638898, val_AP=0.9401606349107164
INFO - 11/06/25 18:27:59 - 0:38:07 - Epoch 66: train_loss=0.9492228627204895, train_AUC=0.9817856031978269, train_AP=0.9764933181242967, time=0.4391591548919678
INFO - 11/06/25 18:27:59 - 0:38:07 - Epoch 66: val_AUC=0.9476204401204239, val_AP=0.9406551809058782
INFO - 11/06/25 18:28:00 - 0:38:08 - Epoch 67: train_loss=0.9448180794715881, train_AUC=0.9818877514495129, train_AP=0.9762866952510396, time=0.5011224746704102
INFO - 11/06/25 18:28:00 - 0:38:08 - Epoch 67: val_AUC=0.9480519506966076, val_AP=0.9412070398345732
INFO - 11/06/25 18:28:00 - 0:38:08 - Epoch 68: train_loss=0.9430026412010193, train_AUC=0.981843046200853, train_AP=0.9759029216800671, time=0.5264923572540283
INFO - 11/06/25 18:28:01 - 0:38:09 - Epoch 68: val_AUC=0.9484690029193656, val_AP=0.9417321714519469
INFO - 11/06/25 18:28:01 - 0:38:09 - Epoch 69: train_loss=0.9399107694625854, train_AUC=0.9820420268527783, train_AP=0.9761276933290414, time=0.5258545875549316
INFO - 11/06/25 18:28:01 - 0:38:09 - Epoch 69: val_AUC=0.9488821860052914, val_AP=0.9422415008987371
INFO - 11/06/25 18:28:02 - 0:38:10 - Epoch 70: train_loss=0.9343047142028809, train_AUC=0.9830216784109969, train_AP=0.9772456695127142, time=0.5150351524353027
INFO - 11/06/25 18:28:02 - 0:38:10 - Epoch 70: val_AUC=0.9492988309504881, val_AP=0.9427901067210616
INFO - 11/06/25 18:28:03 - 0:38:11 - Epoch 71: train_loss=0.9332224130630493, train_AUC=0.9827747915164732, train_AP=0.9771882178320984, time=0.549065351486206
INFO - 11/06/25 18:28:03 - 0:38:11 - Epoch 71: val_AUC=0.9497067194281169, val_AP=0.9433333835198308
INFO - 11/06/25 18:28:03 - 0:38:11 - Epoch 72: train_loss=0.9266251921653748, train_AUC=0.983491016155753, train_AP=0.9779928540416731, time=0.45354127883911133
INFO - 11/06/25 18:28:04 - 0:38:12 - Epoch 72: val_AUC=0.9501013713850044, val_AP=0.9438312703290632
INFO - 11/06/25 18:28:04 - 0:38:12 - Epoch 73: train_loss=0.9234586954116821, train_AUC=0.9840300628305145, train_AP=0.978955016483141, time=0.4475102424621582
INFO - 11/06/25 18:28:04 - 0:38:12 - Epoch 73: val_AUC=0.9504752521862659, val_AP=0.9443063284833269
INFO - 11/06/25 18:28:05 - 0:38:13 - Epoch 74: train_loss=0.9211885929107666, train_AUC=0.9843070027871934, train_AP=0.9790018633356353, time=0.4491090774536133
INFO - 11/06/25 18:28:05 - 0:38:13 - Epoch 74: val_AUC=0.950854020318263, val_AP=0.9448028954121822
INFO - 11/06/25 18:28:05 - 0:38:13 - Epoch 75: train_loss=0.9180376529693604, train_AUC=0.984376372332587, train_AP=0.9790187671379086, time=0.4931011199951172
INFO - 11/06/25 18:28:06 - 0:38:14 - Epoch 75: val_AUC=0.9512297338685505, val_AP=0.9453026738477996
INFO - 11/06/25 18:28:06 - 0:38:14 - Epoch 76: train_loss=0.9149975180625916, train_AUC=0.9848685118975486, train_AP=0.9799278932462969, time=0.5068953037261963
INFO - 11/06/25 18:28:06 - 0:38:14 - Epoch 76: val_AUC=0.951588138122483, val_AP=0.9457853712605496
INFO - 11/06/25 18:28:07 - 0:38:15 - Epoch 77: train_loss=0.9129178524017334, train_AUC=0.9848150002610532, train_AP=0.9796969818205453, time=0.4719736576080322
INFO - 11/06/25 18:28:07 - 0:38:15 - Epoch 77: val_AUC=0.9519734226954607, val_AP=0.946267441500505
INFO - 11/06/25 18:28:08 - 0:38:16 - Epoch 78: train_loss=0.9086666703224182, train_AUC=0.9853836919262805, train_AP=0.9803395804176855, time=0.5511562824249268
INFO - 11/06/25 18:28:08 - 0:38:16 - Epoch 78: val_AUC=0.9523432307211094, val_AP=0.9467304495218445
INFO - 11/06/25 18:28:08 - 0:38:16 - Epoch 79: train_loss=0.904197096824646, train_AUC=0.9858229498385331, train_AP=0.9809509369053943, time=0.5384528636932373
INFO - 11/06/25 18:28:09 - 0:38:17 - Epoch 79: val_AUC=0.9527097805262676, val_AP=0.9471816236510868
INFO - 11/06/25 18:28:09 - 0:38:17 - Epoch 80: train_loss=0.9032686948776245, train_AUC=0.9858566013990736, train_AP=0.9808613361049912, time=0.48825860023498535
INFO - 11/06/25 18:28:09 - 0:38:17 - Epoch 80: val_AUC=0.9531203163080452, val_AP=0.9476785438504923
INFO - 11/06/25 18:28:10 - 0:38:18 - Epoch 81: train_loss=0.899692714214325, train_AUC=0.9860119708642013, train_AP=0.98099061128588, time=0.5411620140075684
INFO - 11/06/25 18:28:10 - 0:38:18 - Epoch 81: val_AUC=0.9535035644932164, val_AP=0.9481518850478282
INFO - 11/06/25 18:28:10 - 0:38:19 - Epoch 82: train_loss=0.8958434462547302, train_AUC=0.9864888002556789, train_AP=0.9818862773783655, time=0.3935565948486328
INFO - 11/06/25 18:28:11 - 0:38:19 - Epoch 82: val_AUC=0.9539132857198713, val_AP=0.9486473658923186
INFO - 11/06/25 18:28:11 - 0:38:19 - Epoch 83: train_loss=0.8925716280937195, train_AUC=0.9865096786615899, train_AP=0.9816424573752685, time=0.5161888599395752
INFO - 11/06/25 18:28:11 - 0:38:20 - Epoch 83: val_AUC=0.9543183232545712, val_AP=0.9490931817209205
INFO - 11/06/25 18:28:12 - 0:38:20 - Epoch 84: train_loss=0.8925367593765259, train_AUC=0.9863357975006775, train_AP=0.9814530038073762, time=0.5179171562194824
INFO - 11/06/25 18:28:12 - 0:38:20 - Epoch 84: val_AUC=0.9546910840425393, val_AP=0.9495148987338928
INFO - 11/06/25 18:28:13 - 0:38:21 - Epoch 85: train_loss=0.8881216049194336, train_AUC=0.9869446256671777, train_AP=0.9825893465351171, time=0.5361855030059814
INFO - 11/06/25 18:28:13 - 0:38:21 - Epoch 85: val_AUC=0.9550770813512494, val_AP=0.9499431266880751
INFO - 11/06/25 18:28:13 - 0:38:22 - Epoch 86: train_loss=0.885894775390625, train_AUC=0.9868795617448275, train_AP=0.9822796941794385, time=0.5181128978729248
INFO - 11/06/25 18:28:14 - 0:38:22 - Epoch 86: val_AUC=0.955442816601285, val_AP=0.9503522529888788
INFO - 11/06/25 18:28:14 - 0:38:22 - Epoch 87: train_loss=0.8838597536087036, train_AUC=0.9872907454872435, train_AP=0.9830188374403284, time=0.4919092655181885
INFO - 11/06/25 18:28:14 - 0:38:23 - Epoch 87: val_AUC=0.9557755623688566, val_AP=0.9507187188739433
INFO - 11/06/25 18:28:15 - 0:38:23 - Epoch 88: train_loss=0.8791617155075073, train_AUC=0.987669209876047, train_AP=0.983416490336507, time=0.5499989986419678
INFO - 11/06/25 18:28:15 - 0:38:23 - Epoch 88: val_AUC=0.9561284683757121, val_AP=0.951109979863469
INFO - 11/06/25 18:28:16 - 0:38:24 - Epoch 89: train_loss=0.8787072896957397, train_AUC=0.9873934115338225, train_AP=0.9828793026212544, time=0.5228934288024902
INFO - 11/06/25 18:28:16 - 0:38:24 - Epoch 89: val_AUC=0.9564606032269416, val_AP=0.9514681425730905
INFO - 11/06/25 18:28:16 - 0:38:25 - Epoch 90: train_loss=0.8753757476806641, train_AUC=0.9879361583286199, train_AP=0.9837720204032077, time=0.48848533630371094
INFO - 11/06/25 18:28:17 - 0:38:25 - Epoch 90: val_AUC=0.9567935526332938, val_AP=0.9518297518648962
INFO - 11/06/25 18:28:17 - 0:38:25 - Epoch 91: train_loss=0.8724822998046875, train_AUC=0.9880051976476788, train_AP=0.9837654463851384, time=0.4996798038482666
INFO - 11/06/25 18:28:17 - 0:38:25 - Epoch 91: val_AUC=0.9571425895033169, val_AP=0.9522298042362606
INFO - 11/06/25 18:28:18 - 0:38:26 - Epoch 92: train_loss=0.8692689538002014, train_AUC=0.9883011244738231, train_AP=0.9842378227430618, time=0.5139589309692383
INFO - 11/06/25 18:28:18 - 0:38:26 - Epoch 92: val_AUC=0.9575103611411592, val_AP=0.9526274743854637
INFO - 11/06/25 18:28:19 - 0:38:27 - Epoch 93: train_loss=0.8678322434425354, train_AUC=0.9879607451322405, train_AP=0.9834567721838007, time=0.49959254264831543
INFO - 11/06/25 18:28:19 - 0:38:27 - Epoch 93: val_AUC=0.9578642853419177, val_AP=0.9529757697933481
INFO - 11/06/25 18:28:19 - 0:38:28 - Epoch 94: train_loss=0.8656858205795288, train_AUC=0.9884918415419468, train_AP=0.9843945933661852, time=0.5000710487365723
INFO - 11/06/25 18:28:20 - 0:38:28 - Epoch 94: val_AUC=0.9582082312424246, val_AP=0.9533420744222502
INFO - 11/06/25 18:28:20 - 0:38:28 - Epoch 95: train_loss=0.8614501953125, train_AUC=0.9890449618466742, train_AP=0.9853320442675226, time=0.5311074256896973
INFO - 11/06/25 18:28:20 - 0:38:28 - Epoch 95: val_AUC=0.9585418933845092, val_AP=0.9537004700869212
INFO - 11/06/25 18:28:21 - 0:38:29 - Epoch 96: train_loss=0.8596831560134888, train_AUC=0.9883638512743266, train_AP=0.9838612223042733, time=0.5139069557189941
INFO - 11/06/25 18:28:21 - 0:38:29 - Epoch 96: val_AUC=0.9588586535078002, val_AP=0.9540422428375835
INFO - 11/06/25 18:28:22 - 0:38:30 - Epoch 97: train_loss=0.8574516773223877, train_AUC=0.9886365794803016, train_AP=0.9839939447318541, time=0.48345470428466797
INFO - 11/06/25 18:28:22 - 0:38:30 - Epoch 97: val_AUC=0.9591268457819078, val_AP=0.9543327763786551
INFO - 11/06/25 18:28:22 - 0:38:30 - Epoch 98: train_loss=0.8542894124984741, train_AUC=0.9894079408218853, train_AP=0.9857318175302692, time=0.5102877616882324
INFO - 11/06/25 18:28:23 - 0:38:31 - Epoch 98: val_AUC=0.9593830233679574, val_AP=0.9546110544269826
INFO - 11/06/25 18:28:23 - 0:38:31 - Epoch 99: train_loss=0.8543174266815186, train_AUC=0.9890968806474516, train_AP=0.9850661436530441, time=0.4839472770690918
INFO - 11/06/25 18:28:23 - 0:38:31 - Epoch 99: val_AUC=0.9596212807413103, val_AP=0.9548497550730184
INFO - 11/06/25 18:28:24 - 0:38:32 - Epoch 100: train_loss=0.8503652215003967, train_AUC=0.9893494708589881, train_AP=0.985381098444119, time=0.5015196800231934
INFO - 11/06/25 18:28:24 - 0:38:32 - Epoch 100: val_AUC=0.9598917130420049, val_AP=0.9551505583157394
INFO - 11/06/25 18:28:25 - 0:38:33 - Epoch 101: train_loss=0.8483004570007324, train_AUC=0.9893388963953258, train_AP=0.9853848199893925, time=0.5086159706115723
INFO - 11/06/25 18:28:25 - 0:38:33 - Epoch 101: val_AUC=0.9601128647577839, val_AP=0.9553963424372474
INFO - 11/06/25 18:28:25 - 0:38:33 - Epoch 102: train_loss=0.8457983732223511, train_AUC=0.9896483343218825, train_AP=0.9856628857799804, time=0.5533251762390137
INFO - 11/06/25 18:28:26 - 0:38:34 - Epoch 102: val_AUC=0.960329332781608, val_AP=0.9556070953245154
INFO - 11/06/25 18:28:26 - 0:38:34 - Epoch 103: train_loss=0.8458665609359741, train_AUC=0.9894375262835505, train_AP=0.9854287436904097, time=0.5010068416595459
INFO - 11/06/25 18:28:26 - 0:38:34 - Epoch 103: val_AUC=0.9605462080829933, val_AP=0.9558183814734579
INFO - 11/06/25 18:28:27 - 0:38:35 - Epoch 104: train_loss=0.8418587446212769, train_AUC=0.9900207972213078, train_AP=0.9862323292859856, time=0.548954963684082
INFO - 11/06/25 18:28:27 - 0:38:35 - Epoch 104: val_AUC=0.9607199119628823, val_AP=0.9559496330126895
INFO - 11/06/25 18:28:27 - 0:38:36 - Epoch 105: train_loss=0.8398455381393433, train_AUC=0.9901759549893397, train_AP=0.986612152126002, time=0.5099005699157715
INFO - 11/06/25 18:28:28 - 0:38:36 - Epoch 105: val_AUC=0.96086469913592, val_AP=0.9560724817497336
INFO - 11/06/25 18:28:28 - 0:38:36 - Epoch 106: train_loss=0.8390243053436279, train_AUC=0.9899104653446232, train_AP=0.986031998146745, time=0.5148613452911377
INFO - 11/06/25 18:28:28 - 0:38:37 - Epoch 106: val_AUC=0.9609844387389384, val_AP=0.9561670645720232
INFO - 11/06/25 18:28:29 - 0:38:37 - Epoch 107: train_loss=0.8379065990447998, train_AUC=0.9900489754784851, train_AP=0.9863462631542189, time=0.5055251121520996
INFO - 11/06/25 18:28:29 - 0:38:37 - Epoch 107: val_AUC=0.9611190439729437, val_AP=0.9562727464270325
INFO - 11/06/25 18:28:30 - 0:38:38 - Epoch 108: train_loss=0.835097074508667, train_AUC=0.9900755741089974, train_AP=0.9862010065655146, time=0.5208897590637207
INFO - 11/06/25 18:28:30 - 0:38:38 - Epoch 108: val_AUC=0.9612736058074521, val_AP=0.9563969231333557
INFO - 11/06/25 18:28:30 - 0:38:39 - Epoch 109: train_loss=0.8342846632003784, train_AUC=0.9900555770111286, train_AP=0.986340541021677, time=0.4829680919647217
INFO - 11/06/25 18:28:31 - 0:38:39 - Epoch 109: val_AUC=0.9613797016121675, val_AP=0.9564664054087042
INFO - 11/06/25 18:28:31 - 0:38:39 - Epoch 110: train_loss=0.8320700526237488, train_AUC=0.9901589505346071, train_AP=0.9862400501267898, time=0.5089054107666016
INFO - 11/06/25 18:28:31 - 0:38:40 - Epoch 110: val_AUC=0.9614759209360214, val_AP=0.9565378436604394
INFO - 11/06/25 18:28:32 - 0:38:40 - Epoch 111: train_loss=0.8283429145812988, train_AUC=0.9908785202345678, train_AP=0.9874415002293946, time=0.46523332595825195
INFO - 11/06/25 18:28:32 - 0:38:40 - Epoch 111: val_AUC=0.9615550346023015, val_AP=0.9565834287550392
INFO - 11/06/25 18:28:33 - 0:38:41 - Epoch 112: train_loss=0.8280318975448608, train_AUC=0.9906933957035293, train_AP=0.9873079839026417, time=0.5088484287261963
INFO - 11/06/25 18:28:33 - 0:38:41 - Epoch 112: val_AUC=0.9616552248823782, val_AP=0.9566634763652458
INFO - 11/06/25 18:28:33 - 0:38:42 - Epoch 113: train_loss=0.8260855674743652, train_AUC=0.9907857896857083, train_AP=0.9870987074541047, time=0.470717191696167
INFO - 11/06/25 18:28:34 - 0:38:42 - Epoch 113: val_AUC=0.9617260911780421, val_AP=0.9567197536971861
INFO - 11/06/25 18:28:34 - 0:38:42 - Epoch 114: train_loss=0.8253311514854431, train_AUC=0.990807055909427, train_AP=0.9874305993239441, time=0.49078369140625
INFO - 11/06/25 18:28:34 - 0:38:42 - Epoch 114: val_AUC=0.9618028629983448, val_AP=0.9567703107031998
INFO - 11/06/25 18:28:35 - 0:38:43 - Epoch 115: train_loss=0.8248583078384399, train_AUC=0.99059761967532, train_AP=0.9868758886867496, time=0.4364316463470459
INFO - 11/06/25 18:28:35 - 0:38:43 - Epoch 115: val_AUC=0.9618837075942602, val_AP=0.9568243446000951
INFO - 11/06/25 18:28:35 - 0:38:44 - Epoch 116: train_loss=0.8216946721076965, train_AUC=0.9907454598038938, train_AP=0.9869703248171777, time=0.5359005928039551
INFO - 11/06/25 18:28:36 - 0:38:44 - Epoch 116: val_AUC=0.961983286957995, val_AP=0.9569034321822275
INFO - 11/06/25 18:28:36 - 0:38:44 - Epoch 117: train_loss=0.8196308016777039, train_AUC=0.9911117810218544, train_AP=0.9877199719825677, time=0.4894547462463379
INFO - 11/06/25 18:28:36 - 0:38:45 - Epoch 117: val_AUC=0.9620398985390138, val_AP=0.9569291326083891
INFO - 11/06/25 18:28:37 - 0:38:45 - Epoch 118: train_loss=0.8208373785018921, train_AUC=0.9907618432569961, train_AP=0.9871562678987966, time=0.5166757106781006
INFO - 11/06/25 18:28:37 - 0:38:45 - Epoch 118: val_AUC=0.9621084229887005, val_AP=0.9570129708185676
INFO - 11/06/25 18:28:38 - 0:38:46 - Epoch 119: train_loss=0.8165727853775024, train_AUC=0.9914869646340368, train_AP=0.9882464220741647, time=0.5395262241363525
INFO - 11/06/25 18:28:38 - 0:38:46 - Epoch 119: val_AUC=0.9622133987801224, val_AP=0.957111038851312
INFO - 11/06/25 18:28:38 - 0:38:47 - Epoch 120: train_loss=0.8154265880584717, train_AUC=0.9912185767468855, train_AP=0.987698223472539, time=0.4934852123260498
INFO - 11/06/25 18:28:39 - 0:38:47 - Epoch 120: val_AUC=0.9622938360984764, val_AP=0.9571981206067453
INFO - 11/06/25 18:28:39 - 0:38:47 - Epoch 121: train_loss=0.8135015368461609, train_AUC=0.9913304546111789, train_AP=0.9881499381678945, time=0.5119197368621826
INFO - 11/06/25 18:28:39 - 0:38:48 - Epoch 121: val_AUC=0.9623991173480693, val_AP=0.9573263803457929
INFO - 11/06/25 18:28:40 - 0:38:48 - Epoch 122: train_loss=0.8108718395233154, train_AUC=0.9916727610655911, train_AP=0.9885551200589945, time=0.5302634239196777
INFO - 11/06/25 18:28:40 - 0:38:48 - Epoch 122: val_AUC=0.962508878650836, val_AP=0.9574527966841694
INFO - 11/06/25 18:28:41 - 0:38:49 - Epoch 123: train_loss=0.8106296062469482, train_AUC=0.9913686698116059, train_AP=0.9878754042688394, time=0.5000455379486084
INFO - 11/06/25 18:28:41 - 0:38:49 - Epoch 123: val_AUC=0.9625892141497998, val_AP=0.9575396421129837
INFO - 11/06/25 18:28:41 - 0:38:50 - Epoch 124: train_loss=0.8078017234802246, train_AUC=0.9921089562386639, train_AP=0.9892344672937795, time=0.5195600986480713
INFO - 11/06/25 18:28:42 - 0:38:50 - Epoch 124: val_AUC=0.9627131283478215, val_AP=0.9576735228310709
INFO - 11/06/25 18:28:42 - 0:38:50 - Epoch 125: train_loss=0.8069585561752319, train_AUC=0.9920591781851398, train_AP=0.9890959179376315, time=0.5414586067199707
INFO - 11/06/25 18:28:42 - 0:38:51 - Epoch 125: val_AUC=0.9627980457193501, val_AP=0.9577827613739862
INFO - 11/06/25 18:28:43 - 0:38:51 - Epoch 126: train_loss=0.8062223196029663, train_AUC=0.9917599207402128, train_AP=0.9884594909963942, time=0.5257210731506348
INFO - 11/06/25 18:28:43 - 0:38:51 - Epoch 126: val_AUC=0.9628799085091685, val_AP=0.9578675840444423
INFO - 11/06/25 18:28:44 - 0:38:52 - Epoch 127: train_loss=0.8049036860466003, train_AUC=0.9920171934731163, train_AP=0.9890084049956137, time=0.5353937149047852
INFO - 11/06/25 18:28:44 - 0:38:52 - Epoch 127: val_AUC=0.962977451485097, val_AP=0.9579600817769551
INFO - 11/06/25 18:28:44 - 0:38:53 - Epoch 128: train_loss=0.8038638830184937, train_AUC=0.9919311000332843, train_AP=0.9888018136598893, time=0.47859621047973633
INFO - 11/06/25 18:28:45 - 0:38:53 - Epoch 128: val_AUC=0.9630813072632252, val_AP=0.958068072672239
INFO - 11/06/25 18:28:45 - 0:38:53 - Epoch 129: train_loss=0.8002783060073853, train_AUC=0.9925187722276314, train_AP=0.9896380415700747, time=0.5034832954406738
INFO - 11/06/25 18:28:45 - 0:38:53 - Epoch 129: val_AUC=0.9631582827223084, val_AP=0.9581603427832172
INFO - 11/06/25 18:28:46 - 0:38:54 - Epoch 130: train_loss=0.7981605529785156, train_AUC=0.9925033438771497, train_AP=0.9894536357026164, time=0.5363795757293701
INFO - 11/06/25 18:28:46 - 0:38:54 - Epoch 130: val_AUC=0.9632417746223723, val_AP=0.9582681344822533
INFO - 11/06/25 18:28:47 - 0:38:55 - Epoch 131: train_loss=0.7981038093566895, train_AUC=0.992267300558736, train_AP=0.9892823732869387, time=0.5062558650970459
INFO - 11/06/25 18:28:47 - 0:38:55 - Epoch 131: val_AUC=0.9633262847163392, val_AP=0.9583769318916134
INFO - 11/06/25 18:28:47 - 0:38:56 - Epoch 132: train_loss=0.7964298725128174, train_AUC=0.9926065358201743, train_AP=0.9896956389940456, time=0.5674619674682617
INFO - 11/06/25 18:28:48 - 0:38:56 - Epoch 132: val_AUC=0.9634270859127579, val_AP=0.9585061960729276
INFO - 11/06/25 18:28:48 - 0:38:56 - Epoch 133: train_loss=0.7949254512786865, train_AUC=0.9926810033556942, train_AP=0.9895394908272547, time=0.5065872669219971
INFO - 11/06/25 18:28:48 - 0:38:57 - Epoch 133: val_AUC=0.9635370508543054, val_AP=0.9586286192801196
INFO - 11/06/25 18:28:49 - 0:38:57 - Epoch 134: train_loss=0.7936434745788574, train_AUC=0.9928578326012027, train_AP=0.9899408972978168, time=0.5491271018981934
INFO - 11/06/25 18:28:49 - 0:38:57 - Epoch 134: val_AUC=0.9636272628341305, val_AP=0.9587194884206652
INFO - 11/06/25 18:28:50 - 0:38:58 - Epoch 135: train_loss=0.7927747964859009, train_AUC=0.9928536115161011, train_AP=0.9901620986265254, time=0.5202937126159668
INFO - 11/06/25 18:28:50 - 0:38:58 - Epoch 135: val_AUC=0.9637221585059104, val_AP=0.9588369820520852
INFO - 11/06/25 18:28:50 - 0:38:59 - Epoch 136: train_loss=0.7900882363319397, train_AUC=0.9928493856757401, train_AP=0.9900099867598711, time=0.519636869430542
INFO - 11/06/25 18:28:51 - 0:38:59 - Epoch 136: val_AUC=0.9638044285732905, val_AP=0.9589467193764507
INFO - 11/06/25 18:28:51 - 0:38:59 - Epoch 137: train_loss=0.7890779376029968, train_AUC=0.9931307744416012, train_AP=0.9905531490673714, time=0.5082879066467285
INFO - 11/06/25 18:28:51 - 0:39:00 - Epoch 137: val_AUC=0.9638704075382188, val_AP=0.9590596042651538
INFO - 11/06/25 18:28:52 - 0:39:00 - Epoch 138: train_loss=0.7866803407669067, train_AUC=0.9934174836380477, train_AP=0.9909555235511098, time=0.5274136066436768
INFO - 11/06/25 18:28:52 - 0:39:00 - Epoch 138: val_AUC=0.9639123571270315, val_AP=0.9591237473165117
INFO - 11/06/25 18:28:53 - 0:39:01 - Epoch 139: train_loss=0.786730170249939, train_AUC=0.9933146751098128, train_AP=0.9908294359095663, time=0.4896864891052246
INFO - 11/06/25 18:28:53 - 0:39:01 - Epoch 139: val_AUC=0.9639241681763089, val_AP=0.9591719211583389
INFO - 11/06/25 18:28:53 - 0:39:02 - Epoch 140: train_loss=0.7852785587310791, train_AUC=0.9932829112110623, train_AP=0.9906097413433913, time=0.5336668491363525
INFO - 11/06/25 18:28:54 - 0:39:02 - Epoch 140: val_AUC=0.963986888920747, val_AP=0.9592783386215236
INFO - 11/06/25 18:28:54 - 0:39:02 - Epoch 141: train_loss=0.7841371297836304, train_AUC=0.9933179520117782, train_AP=0.9908106379008242, time=0.4654390811920166
INFO - 11/06/25 18:28:54 - 0:39:02 - Epoch 141: val_AUC=0.9640168238215017, val_AP=0.9593492465605391
INFO - 11/06/25 18:28:55 - 0:39:03 - Epoch 142: train_loss=0.7810642123222351, train_AUC=0.9935001974975394, train_AP=0.9910919007359312, time=0.49137091636657715
INFO - 11/06/25 18:28:55 - 0:39:03 - Epoch 142: val_AUC=0.9640496096651853, val_AP=0.959421848843854
INFO - 11/06/25 18:28:56 - 0:39:04 - Epoch 143: train_loss=0.7797589302062988, train_AUC=0.993675486391302, train_AP=0.9912894834737905, time=0.5536859035491943
INFO - 11/06/25 18:28:56 - 0:39:04 - Epoch 143: val_AUC=0.9641033703032752, val_AP=0.9595055801289751
INFO - 11/06/25 18:28:56 - 0:39:04 - Epoch 144: train_loss=0.7795317769050598, train_AUC=0.9937503301206623, train_AP=0.9914798444594638, time=0.47453951835632324
INFO - 11/06/25 18:28:57 - 0:39:05 - Epoch 144: val_AUC=0.9641355452306168, val_AP=0.9595533333247808
INFO - 11/06/25 18:28:57 - 0:39:05 - Epoch 145: train_loss=0.7786450982093811, train_AUC=0.993709011673292, train_AP=0.9913561126756509, time=0.5123283863067627
INFO - 11/06/25 18:28:57 - 0:39:05 - Epoch 145: val_AUC=0.964130861538662, val_AP=0.9595590248680691
INFO - 11/06/25 18:28:58 - 0:39:06 - Epoch 146: train_loss=0.7745352983474731, train_AUC=0.994067157896169, train_AP=0.9918226026355175, time=0.5114922523498535
INFO - 11/06/25 18:28:58 - 0:39:06 - Epoch 146: val_AUC=0.9641424689491588, val_AP=0.9595930178215959
INFO - 11/06/25 18:28:59 - 0:39:07 - Epoch 147: train_loss=0.7736724615097046, train_AUC=0.9942302218990782, train_AP=0.9921742873531897, time=0.5147547721862793
INFO - 11/06/25 18:28:59 - 0:39:07 - Epoch 147: val_AUC=0.9641639528405166, val_AP=0.959656824351355
INFO - 11/06/25 18:28:59 - 0:39:07 - Epoch 148: train_loss=0.7741419076919556, train_AUC=0.9941301821645547, train_AP=0.9918800764681993, time=0.46054744720458984
INFO - 11/06/25 18:29:00 - 0:39:08 - Epoch 148: val_AUC=0.9642076333589646, val_AP=0.9597315616165045
INFO - 11/06/25 18:29:00 - 0:39:08 - Epoch 149: train_loss=0.7729496955871582, train_AUC=0.9938546236987399, train_AP=0.9913617893819325, time=0.5096232891082764
INFO - 11/06/25 18:29:00 - 0:39:08 - Epoch 149: val_AUC=0.9642448992558226, val_AP=0.9598484348108078
INFO - 11/06/25 18:29:01 - 0:39:09 - Epoch 150: train_loss=0.7687805891036987, train_AUC=0.9944206886996703, train_AP=0.9921098593793898, time=0.5349419116973877
INFO - 11/06/25 18:29:01 - 0:39:09 - Epoch 150: val_AUC=0.9642638376624222, val_AP=0.9599229230308902
INFO - 11/06/25 18:29:02 - 0:39:10 - Epoch 151: train_loss=0.7683615684509277, train_AUC=0.9942224981252584, train_AP=0.9918346420861606, time=0.4944300651550293
INFO - 11/06/25 18:29:02 - 0:39:10 - Epoch 151: val_AUC=0.9642693359094995, val_AP=0.9599813080667434
INFO - 11/06/25 18:29:02 - 0:39:10 - Epoch 152: train_loss=0.7694329023361206, train_AUC=0.9942826972413048, train_AP=0.9919133083223627, time=0.5144548416137695
INFO - 11/06/25 18:29:03 - 0:39:11 - Epoch 152: val_AUC=0.9642218880736098, val_AP=0.9599925445130899
INFO - 11/06/25 18:29:03 - 0:39:11 - Epoch 153: train_loss=0.7657466530799866, train_AUC=0.9944919413277152, train_AP=0.9922658472099346, time=0.5142152309417725
INFO - 11/06/25 18:29:03 - 0:39:11 - Epoch 153: val_AUC=0.96435486419737, val_AP=0.9602770579235329
INFO - 11/06/25 18:29:04 - 0:39:12 - Epoch 154: train_loss=0.7644971013069153, train_AUC=0.9946205372744636, train_AP=0.9924911090415012, time=0.4793069362640381
INFO - 11/06/25 18:29:04 - 0:39:12 - Epoch 154: val_AUC=0.9643495695890731, val_AP=0.9603277280667488
INFO - 11/06/25 18:29:05 - 0:39:13 - Epoch 155: train_loss=0.7645993232727051, train_AUC=0.9947575676421041, train_AP=0.9926299955266378, time=0.4939298629760742
INFO - 11/06/25 18:29:05 - 0:39:13 - Epoch 155: val_AUC=0.9644017011169179, val_AP=0.9605424247389258
INFO - 11/06/25 18:29:05 - 0:39:13 - Epoch 156: train_loss=0.7648662328720093, train_AUC=0.9947876337371921, train_AP=0.9929051726169296, time=0.5404396057128906
INFO - 11/06/25 18:29:06 - 0:39:14 - Epoch 156: val_AUC=0.9645980089014584, val_AP=0.9607607771427189
INFO - 11/06/25 18:29:06 - 0:39:14 - Epoch 157: train_loss=0.7642879486083984, train_AUC=0.9946459557200856, train_AP=0.9924231751017611, time=0.5163953304290771
INFO - 11/06/25 18:29:06 - 0:39:14 - Epoch 157: val_AUC=0.964650751345645, val_AP=0.9607983591608373
INFO - 11/06/25 18:29:07 - 0:39:15 - Epoch 158: train_loss=0.7629512548446655, train_AUC=0.9949914647535227, train_AP=0.993108924935943, time=0.5138716697692871
INFO - 11/06/25 18:29:07 - 0:39:15 - Epoch 158: val_AUC=0.9647644836046345, val_AP=0.9609312031478932
INFO - 11/06/25 18:29:08 - 0:39:16 - Epoch 159: train_loss=0.7625651359558105, train_AUC=0.9948041686541067, train_AP=0.9929057754530225, time=0.5432274341583252
INFO - 11/06/25 18:29:08 - 0:39:16 - Epoch 159: val_AUC=0.9648659975367853, val_AP=0.9610536271998065
INFO - 11/06/25 18:29:08 - 0:39:17 - Epoch 160: train_loss=0.7623111009597778, train_AUC=0.9949764337313669, train_AP=0.9930092637772374, time=0.5107018947601318
INFO - 11/06/25 18:29:09 - 0:39:17 - Epoch 160: val_AUC=0.9649224054790236, val_AP=0.9611358341708696
INFO - 11/06/25 18:29:09 - 0:39:17 - Epoch 161: train_loss=0.7609438896179199, train_AUC=0.9948664997113706, train_AP=0.992843300413267, time=0.5317456722259521
INFO - 11/06/25 18:29:09 - 0:39:18 - Epoch 161: val_AUC=0.9649319765017137, val_AP=0.9611834972352058
INFO - 11/06/25 18:29:10 - 0:39:18 - Epoch 162: train_loss=0.759714663028717, train_AUC=0.9949654526049808, train_AP=0.9929197720867653, time=0.5424203872680664
INFO - 11/06/25 18:29:10 - 0:39:18 - Epoch 162: val_AUC=0.9649448057448943, val_AP=0.9612142771336807
INFO - 11/06/25 18:29:11 - 0:39:19 - Epoch 163: train_loss=0.7584258317947388, train_AUC=0.9951178283702479, train_AP=0.9932572401211187, time=0.4899106025695801
INFO - 11/06/25 18:29:11 - 0:39:19 - Epoch 163: val_AUC=0.9649283110036623, val_AP=0.9612738960699947
INFO - 11/06/25 18:29:11 - 0:39:20 - Epoch 164: train_loss=0.7565370798110962, train_AUC=0.9953721843680419, train_AP=0.9937313875854334, time=0.49950361251831055
INFO - 11/06/25 18:29:12 - 0:39:20 - Epoch 164: val_AUC=0.9648824922780175, val_AP=0.961282934487809
INFO - 11/06/25 18:29:12 - 0:39:20 - Epoch 165: train_loss=0.7547178268432617, train_AUC=0.995391084586117, train_AP=0.9937584840210711, time=0.5488717555999756
INFO - 11/06/25 18:29:12 - 0:39:21 - Epoch 165: val_AUC=0.964865590259224, val_AP=0.9612983273932444
INFO - 11/06/25 18:29:13 - 0:39:21 - Epoch 166: train_loss=0.7535819411277771, train_AUC=0.995417476274793, train_AP=0.9936680764194097, time=0.5124588012695312
INFO - 11/06/25 18:29:13 - 0:39:21 - Epoch 166: val_AUC=0.9648705794093498, val_AP=0.9613220128342141
INFO - 11/06/25 18:29:14 - 0:39:22 - Epoch 167: train_loss=0.7529569864273071, train_AUC=0.9954456133197237, train_AP=0.9937470042640804, time=0.5195317268371582
INFO - 11/06/25 18:29:14 - 0:39:22 - Epoch 167: val_AUC=0.9649583477238073, val_AP=0.9615248750408883
INFO - 11/06/25 18:29:14 - 0:39:23 - Epoch 168: train_loss=0.7517035007476807, train_AUC=0.9955594290402099, train_AP=0.9936128085653474, time=0.4989013671875
INFO - 11/06/25 18:29:15 - 0:39:23 - Epoch 168: val_AUC=0.9649641514290555, val_AP=0.9615353110496312
INFO - 11/06/25 18:29:15 - 0:39:23 - Epoch 169: train_loss=0.7490932941436768, train_AUC=0.9956633399079806, train_AP=0.9938952857690873, time=0.41788673400878906
INFO - 11/06/25 18:29:15 - 0:39:23 - Epoch 169: val_AUC=0.964974740645649, val_AP=0.9615665578983987
INFO - 11/06/25 18:29:16 - 0:39:24 - Epoch 170: train_loss=0.7484512329101562, train_AUC=0.9956630072159558, train_AP=0.9938713043573595, time=0.5021951198577881
INFO - 11/06/25 18:29:16 - 0:39:24 - Epoch 170: val_AUC=0.9649643550678361, val_AP=0.9615735343085505
INFO - 11/06/25 18:29:16 - 0:39:25 - Epoch 171: train_loss=0.7466806173324585, train_AUC=0.9957543494052434, train_AP=0.99403010334204, time=0.503685474395752
INFO - 11/06/25 18:29:17 - 0:39:25 - Epoch 171: val_AUC=0.9649590604595395, val_AP=0.9615611665090424
INFO - 11/06/25 18:29:17 - 0:39:25 - Epoch 172: train_loss=0.7461371421813965, train_AUC=0.9957930024417601, train_AP=0.994141765402887, time=0.5444509983062744
INFO - 11/06/25 18:29:17 - 0:39:26 - Epoch 172: val_AUC=0.9649514240052652, val_AP=0.9615960144173311
INFO - 11/06/25 18:29:18 - 0:39:26 - Epoch 173: train_loss=0.7432848215103149, train_AUC=0.9960086372443219, train_AP=0.9946549832207526, time=0.5279250144958496
INFO - 11/06/25 18:29:18 - 0:39:26 - Epoch 173: val_AUC=0.9649325874180559, val_AP=0.9616548725790561
INFO - 11/06/25 18:29:19 - 0:39:27 - Epoch 174: train_loss=0.7424156665802002, train_AUC=0.9962870282595461, train_AP=0.994950400110947, time=0.51072096824646
INFO - 11/06/25 18:29:19 - 0:39:27 - Epoch 174: val_AUC=0.9648930814946108, val_AP=0.9616401303502562
INFO - 11/06/25 18:29:19 - 0:39:28 - Epoch 175: train_loss=0.7416203022003174, train_AUC=0.9961107435792785, train_AP=0.9946075424099018, time=0.5194945335388184
INFO - 11/06/25 18:29:20 - 0:39:28 - Epoch 175: val_AUC=0.964874143088011, val_AP=0.9616202274459983
INFO - 11/06/25 18:29:20 - 0:39:28 - Epoch 176: train_loss=0.7414184808731079, train_AUC=0.9962104678816068, train_AP=0.9945600551326126, time=0.5388579368591309
INFO - 11/06/25 18:29:20 - 0:39:29 - Epoch 176: val_AUC=0.9648368771911533, val_AP=0.9616344164604161
INFO - 11/06/25 18:29:21 - 0:39:29 - Epoch 177: train_loss=0.7401820421218872, train_AUC=0.9960912172520725, train_AP=0.9946427532439522, time=0.5102910995483398
INFO - 11/06/25 18:29:21 - 0:39:29 - Epoch 177: val_AUC=0.964818142423334, val_AP=0.9616465340898376
INFO - 11/06/25 18:29:22 - 0:39:30 - Epoch 178: train_loss=0.7394144535064697, train_AUC=0.9962222975575828, train_AP=0.9949000042780782, time=0.5222640037536621
INFO - 11/06/25 18:29:22 - 0:39:30 - Epoch 178: val_AUC=0.9648252697806566, val_AP=0.9617002338824641
INFO - 11/06/25 18:29:22 - 0:39:31 - Epoch 179: train_loss=0.7381018400192261, train_AUC=0.9963288328000811, train_AP=0.9950125926308611, time=0.5446386337280273
INFO - 11/06/25 18:29:23 - 0:39:31 - Epoch 179: val_AUC=0.9648523537384822, val_AP=0.961760709637261
INFO - 11/06/25 18:29:23 - 0:39:31 - Epoch 180: train_loss=0.7373939752578735, train_AUC=0.9960738883829888, train_AP=0.9944973798235769, time=0.4473128318786621
INFO - 11/06/25 18:29:23 - 0:39:32 - Epoch 180: val_AUC=0.9648769940309402, val_AP=0.9618029946323527
INFO - 11/06/25 18:29:24 - 0:39:32 - Epoch 181: train_loss=0.7354722619056702, train_AUC=0.9963909678349926, train_AP=0.9952216908997523, time=0.4956648349761963
INFO - 11/06/25 18:29:24 - 0:39:32 - Epoch 181: val_AUC=0.9648877868863142, val_AP=0.9618644331681194
INFO - 11/06/25 18:29:25 - 0:39:33 - Epoch 182: train_loss=0.7336744070053101, train_AUC=0.9962468089815386, train_AP=0.9947418771590034, time=0.5119600296020508
INFO - 11/06/25 18:29:25 - 0:39:33 - Epoch 182: val_AUC=0.9648161060355277, val_AP=0.9618081896505838
INFO - 11/06/25 18:29:25 - 0:39:34 - Epoch 183: train_loss=0.7330816388130188, train_AUC=0.9965919869080372, train_AP=0.9952312289400559, time=0.5352234840393066
INFO - 11/06/25 18:29:26 - 0:39:34 - Epoch 183: val_AUC=0.9647847456633085, val_AP=0.9617912773004789
INFO - 11/06/25 18:29:26 - 0:39:34 - Epoch 184: train_loss=0.7326392531394958, train_AUC=0.9963975589765143, train_AP=0.9949999626265299, time=0.5377166271209717
INFO - 11/06/25 18:29:26 - 0:39:34 - Epoch 184: val_AUC=0.9648002222106373, val_AP=0.9618635579780579
INFO - 11/06/25 18:29:27 - 0:39:35 - Epoch 185: train_loss=0.7322439551353455, train_AUC=0.9963044654428675, train_AP=0.9947279753122774, time=0.5013599395751953
INFO - 11/06/25 18:29:27 - 0:39:35 - Epoch 185: val_AUC=0.9647672327281732, val_AP=0.9618459115036362
INFO - 11/06/25 18:29:28 - 0:39:36 - Epoch 186: train_loss=0.7299367189407349, train_AUC=0.9965504111483069, train_AP=0.9951500820054723, time=0.528069019317627
INFO - 11/06/25 18:29:28 - 0:39:36 - Epoch 186: val_AUC=0.964740556047909, val_AP=0.9618244506147273
INFO - 11/06/25 18:29:28 - 0:39:36 - Epoch 187: train_loss=0.7294775247573853, train_AUC=0.9967204403731297, train_AP=0.9952618659438026, time=0.48975062370300293
INFO - 11/06/25 18:29:28 - 0:39:37 - Epoch 187: val_AUC=0.9646947373222641, val_AP=0.9618170542345952
INFO - 11/06/25 18:29:29 - 0:39:37 - Epoch 188: train_loss=0.7297878265380859, train_AUC=0.9963316843705272, train_AP=0.9948712565514218, time=0.49942827224731445
INFO - 11/06/25 18:29:29 - 0:39:37 - Epoch 188: val_AUC=0.9647063447327607, val_AP=0.9618840792643083
INFO - 11/06/25 18:29:30 - 0:39:38 - Epoch 189: train_loss=0.7275216579437256, train_AUC=0.9967269337676562, train_AP=0.9954422284072678, time=0.5169763565063477
INFO - 11/06/25 18:29:30 - 0:39:38 - Epoch 189: val_AUC=0.9647106211471542, val_AP=0.961959080312099
INFO - 11/06/25 18:29:31 - 0:39:39 - Epoch 190: train_loss=0.7275123000144958, train_AUC=0.996587622460676, train_AP=0.9950848287468963, time=0.5270051956176758
INFO - 11/06/25 18:29:31 - 0:39:39 - Epoch 190: val_AUC=0.9646628678530934, val_AP=0.9619582403244904
INFO - 11/06/25 18:29:31 - 0:39:39 - Epoch 191: train_loss=0.7260308265686035, train_AUC=0.9966256655911674, train_AP=0.995235071533806, time=0.5274429321289062
INFO - 11/06/25 18:29:31 - 0:39:40 - Epoch 191: val_AUC=0.9646155218365938, val_AP=0.9619302937327472
INFO - 11/06/25 18:29:32 - 0:39:40 - Epoch 192: train_loss=0.7247289419174194, train_AUC=0.9967602647885011, train_AP=0.9954737619404121, time=0.5646920204162598
INFO - 11/06/25 18:29:32 - 0:39:40 - Epoch 192: val_AUC=0.9645566702289878, val_AP=0.9619303598861231
INFO - 11/06/25 18:29:33 - 0:39:41 - Epoch 193: train_loss=0.7233717441558838, train_AUC=0.9967213165736714, train_AP=0.9955122769758937, time=0.45459699630737305
INFO - 11/06/25 18:29:33 - 0:39:41 - Epoch 193: val_AUC=0.9645560593126459, val_AP=0.961976369700519
INFO - 11/06/25 18:29:33 - 0:39:42 - Epoch 194: train_loss=0.7227144837379456, train_AUC=0.9965220528957621, train_AP=0.9949395995012295, time=0.4821348190307617
INFO - 11/06/25 18:29:34 - 0:39:42 - Epoch 194: val_AUC=0.964525106217988, val_AP=0.9620016421104673
INFO - 11/06/25 18:29:34 - 0:39:42 - Epoch 195: train_loss=0.7226975560188293, train_AUC=0.9967026999099423, train_AP=0.9951405555685229, time=0.49295902252197266
INFO - 11/06/25 18:29:34 - 0:39:43 - Epoch 195: val_AUC=0.9645458773736137, val_AP=0.9620470226773731
INFO - 11/06/25 18:29:35 - 0:39:43 - Epoch 196: train_loss=0.7222882509231567, train_AUC=0.9968509745283124, train_AP=0.9954887413236093, time=0.49892234802246094
INFO - 11/06/25 18:29:35 - 0:39:43 - Epoch 196: val_AUC=0.964593732487065, val_AP=0.9620923428968272
INFO - 11/06/25 18:29:36 - 0:39:44 - Epoch 197: train_loss=0.7208248376846313, train_AUC=0.9968280141994661, train_AP=0.995518042318668, time=0.4549565315246582
INFO - 11/06/25 18:29:36 - 0:39:44 - Epoch 197: val_AUC=0.9646371075473419, val_AP=0.962178829457002
INFO - 11/06/25 18:29:37 - 0:39:45 - Epoch 198: train_loss=0.7198433876037598, train_AUC=0.9968789261181336, train_AP=0.9955527363711972, time=0.6463279724121094
INFO - 11/06/25 18:29:37 - 0:39:45 - Epoch 198: val_AUC=0.9646977919039739, val_AP=0.962283742027032
INFO - 11/06/25 18:29:37 - 0:39:45 - Epoch 199: train_loss=0.7178516983985901, train_AUC=0.997049377328182, train_AP=0.9958425429856628, time=0.5139296054840088
INFO - 11/06/25 18:29:37 - 0:39:46 - Epoch 199: val_AUC=0.9646810935239609, val_AP=0.9623278877658085
INFO - 11/06/25 18:29:38 - 0:39:46 - Epoch 200: train_loss=0.7190724611282349, train_AUC=0.996698555613471, train_AP=0.9951779595837678, time=0.48606038093566895
INFO - 11/06/25 18:29:38 - 0:39:46 - Epoch 200: val_AUC=0.9646030998709744, val_AP=0.9623182911310466
INFO - 11/06/25 18:29:39 - 0:39:47 - Epoch 201: train_loss=0.716698408126831, train_AUC=0.9969793968200388, train_AP=0.9955212187663637, time=0.5838582515716553
INFO - 11/06/25 18:29:39 - 0:39:47 - Epoch 201: val_AUC=0.9645120733360267, val_AP=0.962233889207235
INFO - 11/06/25 18:29:40 - 0:39:48 - Epoch 202: train_loss=0.7157460451126099, train_AUC=0.9969200709104818, train_AP=0.9955507478636992, time=0.498460054397583
INFO - 11/06/25 18:29:40 - 0:39:48 - Epoch 202: val_AUC=0.964461163640866, val_AP=0.9622115270703234
INFO - 11/06/25 18:29:40 - 0:39:48 - Epoch 203: train_loss=0.7148120403289795, train_AUC=0.9969877426522129, train_AP=0.9957626900641638, time=0.402601957321167
INFO - 11/06/25 18:29:40 - 0:39:49 - Epoch 203: val_AUC=0.9644230831888856, val_AP=0.9621706389203901
INFO - 11/06/25 18:29:41 - 0:39:49 - Epoch 204: train_loss=0.7152054309844971, train_AUC=0.9971775646748787, train_AP=0.9960463274284157, time=0.4739854335784912
INFO - 11/06/25 18:29:41 - 0:39:49 - Epoch 204: val_AUC=0.9643845954593439, val_AP=0.9621123213068201
INFO - 11/06/25 18:29:41 - 0:39:50 - Epoch 205: train_loss=0.7134328484535217, train_AUC=0.9969868199558033, train_AP=0.9956290957369065, time=0.4901614189147949
INFO - 11/06/25 18:29:42 - 0:39:50 - Epoch 205: val_AUC=0.9643190237719766, val_AP=0.962111922566621
INFO - 11/06/25 18:29:42 - 0:39:50 - Epoch 206: train_loss=0.7127786874771118, train_AUC=0.9970504419778853, train_AP=0.9958397969334802, time=0.4491727352142334
INFO - 11/06/25 18:29:42 - 0:39:51 - Epoch 206: val_AUC=0.9642744268790159, val_AP=0.9620595215167946
INFO - 11/06/25 18:29:43 - 0:39:51 - Epoch 207: train_loss=0.711825966835022, train_AUC=0.9971109250005193, train_AP=0.9958244755460802, time=0.5240457057952881
INFO - 11/06/25 18:29:43 - 0:39:51 - Epoch 207: val_AUC=0.9641899167850488, val_AP=0.9619994040498857
INFO - 11/06/25 18:29:44 - 0:39:52 - Epoch 208: train_loss=0.7120093107223511, train_AUC=0.9970957860163672, train_AP=0.9958112335044245, time=0.5070228576660156
INFO - 11/06/25 18:29:44 - 0:39:52 - Epoch 208: val_AUC=0.9641470508217234, val_AP=0.9621004823869476
INFO - 11/06/25 18:29:44 - 0:39:52 - Epoch 209: train_loss=0.7120662927627563, train_AUC=0.9971994665182466, train_AP=0.9958424490485229, time=0.5082831382751465
INFO - 11/06/25 18:29:45 - 0:39:53 - Epoch 209: val_AUC=0.9642015241955454, val_AP=0.9621267118881167
INFO - 11/06/25 18:29:45 - 0:39:53 - Epoch 210: train_loss=0.7091896533966064, train_AUC=0.9971913892701582, train_AP=0.9958655182823136, time=0.5745575428009033
INFO - 11/06/25 18:29:45 - 0:39:54 - Epoch 210: val_AUC=0.9642094661079903, val_AP=0.9621503731914209
INFO - 11/06/25 18:29:46 - 0:39:54 - Epoch 211: train_loss=0.7090761065483093, train_AUC=0.9972517817667463, train_AP=0.9962053007927021, time=0.5041124820709229
INFO - 11/06/25 18:29:46 - 0:39:54 - Epoch 211: val_AUC=0.9641567236638037, val_AP=0.9621581853667629
INFO - 11/06/25 18:29:47 - 0:39:55 - Epoch 212: train_loss=0.706766664981842, train_AUC=0.9973459290306121, train_AP=0.9960679320106505, time=0.49358391761779785
INFO - 11/06/25 18:29:47 - 0:39:55 - Epoch 212: val_AUC=0.9641033703032752, val_AP=0.9620967173943882
INFO - 11/06/25 18:29:47 - 0:39:55 - Epoch 213: train_loss=0.707112193107605, train_AUC=0.9972761769510323, train_AP=0.9959331890705194, time=0.515923261642456
INFO - 11/06/25 18:29:48 - 0:39:56 - Epoch 213: val_AUC=0.9640270057605338, val_AP=0.9621094815886156
INFO - 11/06/25 18:29:48 - 0:39:56 - Epoch 214: train_loss=0.7053885459899902, train_AUC=0.99751464087251, train_AP=0.99646367471557, time=0.5028464794158936
INFO - 11/06/25 18:29:48 - 0:39:56 - Epoch 214: val_AUC=0.9639860743656243, val_AP=0.9621087548905009
INFO - 11/06/25 18:29:49 - 0:39:57 - Epoch 215: train_loss=0.705437183380127, train_AUC=0.9974511537588934, train_AP=0.9964321448858353, time=0.47770166397094727
INFO - 11/06/25 18:29:49 - 0:39:57 - Epoch 215: val_AUC=0.9640158056275983, val_AP=0.9621167977237997
INFO - 11/06/25 18:29:49 - 0:39:58 - Epoch 216: train_loss=0.7041789889335632, train_AUC=0.9973629940708695, train_AP=0.9962174796059974, time=0.4836394786834717
INFO - 11/06/25 18:29:50 - 0:39:58 - Epoch 216: val_AUC=0.9640369840607853, val_AP=0.9621725020787164
INFO - 11/06/25 18:29:50 - 0:39:58 - Epoch 217: train_loss=0.7037043571472168, train_AUC=0.9974121847618196, train_AP=0.9962945375167873, time=0.4639768600463867
INFO - 11/06/25 18:29:50 - 0:39:58 - Epoch 217: val_AUC=0.9640644752961723, val_AP=0.9621772095265251
INFO - 11/06/25 18:29:51 - 0:39:59 - Epoch 218: train_loss=0.7041499614715576, train_AUC=0.9972589472379093, train_AP=0.9961025176669025, time=0.5020418167114258
INFO - 11/06/25 18:29:51 - 0:39:59 - Epoch 218: val_AUC=0.9639972744985599, val_AP=0.9621303805556833
INFO - 11/06/25 18:29:51 - 0:40:00 - Epoch 219: train_loss=0.7027283310890198, train_AUC=0.9974029459976362, train_AP=0.9959550904296448, time=0.4591562747955322
INFO - 11/06/25 18:29:52 - 0:40:00 - Epoch 219: val_AUC=0.963872036648464, val_AP=0.9620665284760158
INFO - 11/06/25 18:29:52 - 0:40:00 - Epoch 220: train_loss=0.7012932300567627, train_AUC=0.9975738686828305, train_AP=0.9966225971922706, time=0.4966771602630615
INFO - 11/06/25 18:29:52 - 0:40:00 - Epoch 220: val_AUC=0.9638013739915807, val_AP=0.9619873793796005
INFO - 11/06/25 18:29:53 - 0:40:01 - Epoch 221: train_loss=0.700798749923706, train_AUC=0.997492695703447, train_AP=0.9963589874372952, time=0.5638434886932373
INFO - 11/06/25 18:29:53 - 0:40:01 - Epoch 221: val_AUC=0.9636979254910139, val_AP=0.9619188672602305
INFO - 11/06/25 18:29:54 - 0:40:02 - Epoch 222: train_loss=0.6997636556625366, train_AUC=0.9974414590181869, train_AP=0.9964053460588885, time=0.5371594429016113
INFO - 11/06/25 18:29:54 - 0:40:02 - Epoch 222: val_AUC=0.9636003825150854, val_AP=0.9618276548498937
INFO - 11/06/25 18:29:54 - 0:40:03 - Epoch 223: train_loss=0.6989877223968506, train_AUC=0.997539874743626, train_AP=0.9964820966498912, time=0.5126657485961914
INFO - 11/06/25 18:29:55 - 0:40:03 - Epoch 223: val_AUC=0.9635274798316151, val_AP=0.96173410095817
INFO - 11/06/25 18:29:55 - 0:40:03 - Epoch 224: train_loss=0.6983108520507812, train_AUC=0.9976690978562295, train_AP=0.9966373406251436, time=0.4895310401916504
INFO - 11/06/25 18:29:55 - 0:40:03 - Epoch 224: val_AUC=0.9633234337734102, val_AP=0.9616053201789647
INFO - 11/06/25 18:29:56 - 0:40:04 - Epoch 225: train_loss=0.6981327533721924, train_AUC=0.9974543068479982, train_AP=0.9962774737014162, time=0.5070536136627197
INFO - 11/06/25 18:29:56 - 0:40:04 - Epoch 225: val_AUC=0.9631656137184117, val_AP=0.9614298785707609
INFO - 11/06/25 18:29:56 - 0:40:05 - Epoch 226: train_loss=0.6961230039596558, train_AUC=0.9978445655125144, train_AP=0.9968438051430426, time=0.45087361335754395
INFO - 11/06/25 18:29:57 - 0:40:05 - Epoch 226: val_AUC=0.9629422219760455, val_AP=0.9612392247448223
INFO - 11/06/25 18:29:57 - 0:40:05 - Epoch 227: train_loss=0.6962448358535767, train_AUC=0.9976187639657383, train_AP=0.996563453418362, time=0.5012860298156738
INFO - 11/06/25 18:29:57 - 0:40:06 - Epoch 227: val_AUC=0.9628098567686272, val_AP=0.9611132961264474
INFO - 11/06/25 18:29:58 - 0:40:06 - Epoch 228: train_loss=0.6957573890686035, train_AUC=0.9975613776735814, train_AP=0.9965333791469175, time=0.4773845672607422
INFO - 11/06/25 18:29:58 - 0:40:06 - Epoch 228: val_AUC=0.9628139295442402, val_AP=0.9611043355516242
INFO - 11/06/25 18:29:59 - 0:40:07 - Epoch 229: train_loss=0.6958427429199219, train_AUC=0.9975478989793802, train_AP=0.9964465365331666, time=0.476621150970459
INFO - 11/06/25 18:29:59 - 0:40:07 - Epoch 229: val_AUC=0.9627565034080987, val_AP=0.9611364925352646
INFO - 11/06/25 18:29:59 - 0:40:08 - Epoch 230: train_loss=0.6949135661125183, train_AUC=0.997746070532755, train_AP=0.996674586876653, time=0.5166313648223877
INFO - 11/06/25 18:30:00 - 0:40:08 - Epoch 230: val_AUC=0.9626785097551122, val_AP=0.9610309382439082
INFO - 11/06/25 18:30:00 - 0:40:08 - Epoch 231: train_loss=0.6944994926452637, train_AUC=0.997722415055459, train_AP=0.9966442251350717, time=0.5716285705566406
INFO - 11/06/25 18:30:00 - 0:40:09 - Epoch 231: val_AUC=0.9625327043881714, val_AP=0.9608614753941909
INFO - 11/06/25 18:30:01 - 0:40:09 - Epoch 232: train_loss=0.6937981843948364, train_AUC=0.9975827476323994, train_AP=0.9964427093235273, time=0.5190713405609131
INFO - 11/06/25 18:30:01 - 0:40:09 - Epoch 232: val_AUC=0.9623620550899922, val_AP=0.9607059004547354
INFO - 11/06/25 18:30:02 - 0:40:10 - Epoch 233: train_loss=0.6920043230056763, train_AUC=0.9977840250745285, train_AP=0.9968713400291334, time=0.5483055114746094
INFO - 11/06/25 18:30:02 - 0:40:10 - Epoch 233: val_AUC=0.9622115660310965, val_AP=0.9605463111266265
INFO - 11/06/25 18:30:02 - 0:40:11 - Epoch 234: train_loss=0.6920176148414612, train_AUC=0.9978700619796119, train_AP=0.9970575719747217, time=0.5271680355072021
INFO - 11/06/25 18:30:03 - 0:40:11 - Epoch 234: val_AUC=0.961986137900924, val_AP=0.9603656435016164
INFO - 11/06/25 18:30:03 - 0:40:11 - Epoch 235: train_loss=0.690985918045044, train_AUC=0.9978968055574702, train_AP=0.9970590350954209, time=0.4954383373260498
INFO - 11/06/25 18:30:03 - 0:40:12 - Epoch 235: val_AUC=0.9618283178459252, val_AP=0.9601388623678365
INFO - 11/06/25 18:30:04 - 0:40:12 - Epoch 236: train_loss=0.691834568977356, train_AUC=0.9976383998400272, train_AP=0.9965552420189323, time=0.5133054256439209
INFO - 11/06/25 18:30:04 - 0:40:12 - Epoch 236: val_AUC=0.9616702941521459, val_AP=0.9599702438170699
INFO - 11/06/25 18:30:05 - 0:40:13 - Epoch 237: train_loss=0.6889345645904541, train_AUC=0.9977262921768104, train_AP=0.9965759760279125, time=0.4810028076171875
INFO - 11/06/25 18:30:05 - 0:40:13 - Epoch 237: val_AUC=0.9615450563020501, val_AP=0.9598824403081072
INFO - 11/06/25 18:30:05 - 0:40:13 - Epoch 238: train_loss=0.689443826675415, train_AUC=0.9977916699462691, train_AP=0.996822085938403, time=0.4764118194580078
INFO - 11/06/25 18:30:05 - 0:40:14 - Epoch 238: val_AUC=0.9614772445880958, val_AP=0.9598008317146254
INFO - 11/06/25 18:30:06 - 0:40:14 - Epoch 239: train_loss=0.6889923810958862, train_AUC=0.9978606842561869, train_AP=0.996966976312701, time=0.5113246440887451
INFO - 11/06/25 18:30:06 - 0:40:14 - Epoch 239: val_AUC=0.9613894762736384, val_AP=0.9597628369645413
INFO - 11/06/25 18:30:07 - 0:40:15 - Epoch 240: train_loss=0.6869180202484131, train_AUC=0.9981001844719334, train_AP=0.9971838217799289, time=0.5571496486663818
INFO - 11/06/25 18:30:07 - 0:40:15 - Epoch 240: val_AUC=0.9614381459422123, val_AP=0.9597893525607963
INFO - 11/06/25 18:30:08 - 0:40:16 - Epoch 241: train_loss=0.6865566968917847, train_AUC=0.997832832174568, train_AP=0.9966583691685343, time=0.501436710357666
INFO - 11/06/25 18:30:08 - 0:40:16 - Epoch 241: val_AUC=0.9613827561938771, val_AP=0.9597473495847119
INFO - 11/06/25 18:30:08 - 0:40:16 - Epoch 242: train_loss=0.6854029893875122, train_AUC=0.9978564073408195, train_AP=0.9968907337078119, time=0.517784833908081
INFO - 11/06/25 18:30:08 - 0:40:17 - Epoch 242: val_AUC=0.9613444721031161, val_AP=0.959692620063923
INFO - 11/06/25 18:30:09 - 0:40:17 - Epoch 243: train_loss=0.6853446960449219, train_AUC=0.9978712324778631, train_AP=0.9969292559744969, time=0.44693613052368164
INFO - 11/06/25 18:30:09 - 0:40:17 - Epoch 243: val_AUC=0.9612377653820589, val_AP=0.9596041967964853
INFO - 11/06/25 18:30:10 - 0:40:18 - Epoch 244: train_loss=0.6836416721343994, train_AUC=0.9980361915396322, train_AP=0.9969373617479406, time=0.43265366554260254
INFO - 11/06/25 18:30:10 - 0:40:18 - Epoch 244: val_AUC=0.9611086583951308, val_AP=0.9594622219378689
INFO - 11/06/25 18:30:10 - 0:40:18 - Epoch 245: train_loss=0.6840659379959106, train_AUC=0.9980990462037724, train_AP=0.9972283033609515, time=0.5609850883483887
INFO - 11/06/25 18:30:11 - 0:40:19 - Epoch 245: val_AUC=0.9610353484340992, val_AP=0.9593727438254214
INFO - 11/06/25 18:30:11 - 0:40:19 - Epoch 246: train_loss=0.6828005313873291, train_AUC=0.9979465483868522, train_AP=0.997069304854737, time=0.5381956100463867
INFO - 11/06/25 18:30:11 - 0:40:19 - Epoch 246: val_AUC=0.9609742567999062, val_AP=0.9593399444301443
INFO - 11/06/25 18:30:12 - 0:40:20 - Epoch 247: train_loss=0.6826410293579102, train_AUC=0.9979562920891164, train_AP=0.9970815521377998, time=0.5206329822540283
INFO - 11/06/25 18:30:12 - 0:40:20 - Epoch 247: val_AUC=0.9609428964276872, val_AP=0.9593112424310021
INFO - 11/06/25 18:30:13 - 0:40:21 - Epoch 248: train_loss=0.6819344758987427, train_AUC=0.9981365174703123, train_AP=0.9973763278937662, time=0.5326550006866455
INFO - 11/06/25 18:30:13 - 0:40:21 - Epoch 248: val_AUC=0.9609428964276873, val_AP=0.9593226990107065
INFO - 11/06/25 18:30:13 - 0:40:21 - Epoch 249: train_loss=0.680649995803833, train_AUC=0.9981586789156095, train_AP=0.9972672759658843, time=0.4912118911743164
INFO - 11/06/25 18:30:13 - 0:40:22 - Epoch 249: val_AUC=0.9608579790561587, val_AP=0.9592793111273182
INFO - 11/06/25 18:30:14 - 0:40:22 - Epoch 250: train_loss=0.680108904838562, train_AUC=0.9980589753955251, train_AP=0.9972228422607681, time=0.5159165859222412
INFO - 11/06/25 18:30:14 - 0:40:22 - Epoch 250: val_AUC=0.9607488286697338, val_AP=0.9591795665785312
INFO - 11/06/25 18:30:15 - 0:40:23 - Epoch 251: train_loss=0.6805620193481445, train_AUC=0.9980446522025104, train_AP=0.9971287166589534, time=0.5542492866516113
INFO - 11/06/25 18:30:15 - 0:40:23 - Epoch 251: val_AUC=0.960591619531077, val_AP=0.9590583143805775
INFO - 11/06/25 18:30:15 - 0:40:24 - Epoch 252: train_loss=0.6804828643798828, train_AUC=0.9979049032355612, train_AP=0.9970250263564895, time=0.5350098609924316
INFO - 11/06/25 18:30:16 - 0:40:24 - Epoch 252: val_AUC=0.9606195180440251, val_AP=0.9590588108567707
INFO - 11/06/25 18:30:16 - 0:40:24 - Epoch 253: train_loss=0.6792819499969482, train_AUC=0.99802105502117, train_AP=0.9971199626960361, time=0.5194246768951416
INFO - 11/06/25 18:30:16 - 0:40:25 - Epoch 253: val_AUC=0.9604466287192587, val_AP=0.9589809486633707
INFO - 11/06/25 18:30:17 - 0:40:25 - Epoch 254: train_loss=0.6790484189987183, train_AUC=0.9977615797226436, train_AP=0.9967159648074779, time=0.5290994644165039
INFO - 11/06/25 18:30:17 - 0:40:25 - Epoch 254: val_AUC=0.9605531318015352, val_AP=0.9589877832423663
INFO - 11/06/25 18:30:18 - 0:40:26 - Epoch 255: train_loss=0.678183913230896, train_AUC=0.9980473688644913, train_AP=0.99707230515611, time=0.49857521057128906
INFO - 11/06/25 18:30:18 - 0:40:26 - Epoch 255: val_AUC=0.9602541900715507, val_AP=0.9588565588953659
INFO - 11/06/25 18:30:18 - 0:40:27 - Epoch 256: train_loss=0.678905725479126, train_AUC=0.9977790600555396, train_AP=0.9967100242078267, time=0.5090863704681396
INFO - 11/06/25 18:30:19 - 0:40:27 - Epoch 256: val_AUC=0.96031100529135, val_AP=0.9588478561741492
INFO - 11/06/25 18:30:19 - 0:40:27 - Epoch 257: train_loss=0.6770651936531067, train_AUC=0.9978679076710641, train_AP=0.9966905746248649, time=0.5742499828338623
INFO - 11/06/25 18:30:19 - 0:40:27 - Epoch 257: val_AUC=0.9601918766046735, val_AP=0.9587457558772551
INFO - 11/06/25 18:30:20 - 0:40:28 - Epoch 258: train_loss=0.6764547228813171, train_AUC=0.9981207530815123, train_AP=0.997325586557281, time=0.43839144706726074
INFO - 11/06/25 18:30:20 - 0:40:28 - Epoch 258: val_AUC=0.960024892804546, val_AP=0.9586544315112862
INFO - 11/06/25 18:30:21 - 0:40:29 - Epoch 259: train_loss=0.6756654977798462, train_AUC=0.9980831368676265, train_AP=0.997191266905172, time=0.5240895748138428
INFO - 11/06/25 18:30:21 - 0:40:29 - Epoch 259: val_AUC=0.9600332419945523, val_AP=0.9586122554894413
INFO - 11/06/25 18:30:21 - 0:40:29 - Epoch 260: train_loss=0.6753329634666443, train_AUC=0.9980980076199344, train_AP=0.9972917123649615, time=0.5151224136352539
INFO - 11/06/25 18:30:21 - 0:40:30 - Epoch 260: val_AUC=0.9598049629214509, val_AP=0.9584458111160052
INFO - 11/06/25 18:30:22 - 0:40:30 - Epoch 261: train_loss=0.6728259325027466, train_AUC=0.9981683470620885, train_AP=0.997332284718278, time=0.5021488666534424
INFO - 11/06/25 18:30:22 - 0:40:30 - Epoch 261: val_AUC=0.9597823590167994, val_AP=0.9584117803575826
INFO - 11/06/25 18:30:23 - 0:40:31 - Epoch 262: train_loss=0.6733516454696655, train_AUC=0.9981475188505802, train_AP=0.9971672391502273, time=0.5421187877655029
INFO - 11/06/25 18:30:23 - 0:40:31 - Epoch 262: val_AUC=0.9598055738377929, val_AP=0.958407133338164
INFO - 11/06/25 18:30:24 - 0:40:32 - Epoch 263: train_loss=0.6736828088760376, train_AUC=0.9980524120810761, train_AP=0.9970170743254885, time=0.534229040145874
INFO - 11/06/25 18:30:24 - 0:40:32 - Epoch 263: val_AUC=0.9596668958281744, val_AP=0.958325179064765
INFO - 11/06/25 18:30:24 - 0:40:32 - Epoch 264: train_loss=0.6728243827819824, train_AUC=0.9980618488049395, train_AP=0.9971894583305229, time=0.5202322006225586
INFO - 11/06/25 18:30:24 - 0:40:33 - Epoch 264: val_AUC=0.9598194212748764, val_AP=0.9584001021637953
INFO - 11/06/25 18:30:25 - 0:40:33 - Epoch 265: train_loss=0.6721888780593872, train_AUC=0.9981921552360417, train_AP=0.9974778898542219, time=0.5322434902191162
INFO - 11/06/25 18:30:25 - 0:40:33 - Epoch 265: val_AUC=0.959626575349607, val_AP=0.958273219048474
INFO - 11/06/25 18:30:26 - 0:40:34 - Epoch 266: train_loss=0.6716936230659485, train_AUC=0.9982781625528456, train_AP=0.9974734202247549, time=0.4866030216217041
INFO - 11/06/25 18:30:26 - 0:40:34 - Epoch 266: val_AUC=0.9595290323736789, val_AP=0.958218536256079
INFO - 11/06/25 18:30:26 - 0:40:35 - Epoch 267: train_loss=0.6701275706291199, train_AUC=0.9982685976131039, train_AP=0.9975624209961899, time=0.4701979160308838
INFO - 11/06/25 18:30:27 - 0:40:35 - Epoch 267: val_AUC=0.9594948210585306, val_AP=0.9581559257879754
INFO - 11/06/25 18:30:27 - 0:40:35 - Epoch 268: train_loss=0.6700536012649536, train_AUC=0.9981124481093433, train_AP=0.9969068153107048, time=0.48407864570617676
INFO - 11/06/25 18:30:27 - 0:40:35 - Epoch 268: val_AUC=0.9593714159574609, val_AP=0.9580839468703737
INFO - 11/06/25 18:30:28 - 0:40:36 - Epoch 269: train_loss=0.6693382263183594, train_AUC=0.9981972382559074, train_AP=0.9971815350448751, time=0.5139844417572021
INFO - 11/06/25 18:30:28 - 0:40:36 - Epoch 269: val_AUC=0.9594654970741179, val_AP=0.9581306267473939
INFO - 11/06/25 18:30:28 - 0:40:37 - Epoch 270: train_loss=0.6699018478393555, train_AUC=0.9981084991307414, train_AP=0.997286114850694, time=0.4745039939880371
INFO - 11/06/25 18:30:29 - 0:40:37 - Epoch 270: val_AUC=0.9593850597557636, val_AP=0.9580815284647403
INFO - 11/06/25 18:30:29 - 0:40:37 - Epoch 271: train_loss=0.668587327003479, train_AUC=0.9979748923736192, train_AP=0.9968537660871483, time=0.49120354652404785
INFO - 11/06/25 18:30:29 - 0:40:37 - Epoch 271: val_AUC=0.9592428180674842, val_AP=0.9579772814854524
INFO - 11/06/25 18:30:30 - 0:40:38 - Epoch 272: train_loss=0.6683023571968079, train_AUC=0.9983318846535919, train_AP=0.9975937408089713, time=0.5185744762420654
INFO - 11/06/25 18:30:30 - 0:40:38 - Epoch 272: val_AUC=0.9592888404319095, val_AP=0.9580120415900364
INFO - 11/06/25 18:30:31 - 0:40:39 - Epoch 273: train_loss=0.6678776741027832, train_AUC=0.9982106160329408, train_AP=0.9973830654220474, time=0.5327532291412354
INFO - 11/06/25 18:30:31 - 0:40:39 - Epoch 273: val_AUC=0.9591765336443848, val_AP=0.957960430785807
INFO - 11/06/25 18:30:31 - 0:40:40 - Epoch 274: train_loss=0.6665632724761963, train_AUC=0.9983905162953025, train_AP=0.9976249932842207, time=0.541273832321167
INFO - 11/06/25 18:30:32 - 0:40:40 - Epoch 274: val_AUC=0.9592439380807776, val_AP=0.9579793488897961
INFO - 11/06/25 18:30:32 - 0:40:40 - Epoch 275: train_loss=0.6666046380996704, train_AUC=0.9983416662218092, train_AP=0.9976661276250981, time=0.5048446655273438
INFO - 11/06/25 18:30:32 - 0:40:40 - Epoch 275: val_AUC=0.959127253059469, val_AP=0.9579164892675555
INFO - 11/06/25 18:30:33 - 0:40:41 - Epoch 276: train_loss=0.6654391288757324, train_AUC=0.9983554707393275, train_AP=0.9975719661893925, time=0.5571293830871582
INFO - 11/06/25 18:30:33 - 0:40:41 - Epoch 276: val_AUC=0.9590105680381602, val_AP=0.9578711317718789
INFO - 11/06/25 18:30:34 - 0:40:42 - Epoch 277: train_loss=0.6652837991714478, train_AUC=0.9982893242029613, train_AP=0.9974253789439211, time=0.5237026214599609
INFO - 11/06/25 18:30:34 - 0:40:42 - Epoch 277: val_AUC=0.9590256373079279, val_AP=0.9578484539243773
INFO - 11/06/25 18:30:34 - 0:40:42 - Epoch 278: train_loss=0.6647360324859619, train_AUC=0.9981709786577654, train_AP=0.9972539796698601, time=0.507256269454956
INFO - 11/06/25 18:30:35 - 0:40:43 - Epoch 278: val_AUC=0.9588521370668195, val_AP=0.9577706423426244
INFO - 11/06/25 18:30:35 - 0:40:43 - Epoch 279: train_loss=0.6643273830413818, train_AUC=0.9981405485211658, train_AP=0.9972472729687996, time=0.5068976879119873
INFO - 11/06/25 18:30:35 - 0:40:43 - Epoch 279: val_AUC=0.9589399053812768, val_AP=0.9578225419742331
INFO - 11/06/25 18:30:36 - 0:40:44 - Epoch 280: train_loss=0.6634342670440674, train_AUC=0.9983641850160309, train_AP=0.9975886907191654, time=0.5166053771972656
INFO - 11/06/25 18:30:36 - 0:40:44 - Epoch 280: val_AUC=0.9587704779157815, val_AP=0.9577102334935691
INFO - 11/06/25 18:30:37 - 0:40:45 - Epoch 281: train_loss=0.6636137962341309, train_AUC=0.9984210232205324, train_AP=0.9977190507642696, time=0.5242698192596436
INFO - 11/06/25 18:30:37 - 0:40:45 - Epoch 281: val_AUC=0.9589001958190514, val_AP=0.9578226700158313
INFO - 11/06/25 18:30:37 - 0:40:45 - Epoch 282: train_loss=0.6630074977874756, train_AUC=0.9982837316658761, train_AP=0.997481641637135, time=0.5126781463623047
INFO - 11/06/25 18:30:37 - 0:40:46 - Epoch 282: val_AUC=0.9588036710370265, val_AP=0.9578070495240539
INFO - 11/06/25 18:30:38 - 0:40:46 - Epoch 283: train_loss=0.6624985933303833, train_AUC=0.9984968689006227, train_AP=0.9978758130864107, time=0.4978187084197998
INFO - 11/06/25 18:30:38 - 0:40:46 - Epoch 283: val_AUC=0.9586702876357049, val_AP=0.9577048798535739
INFO - 11/06/25 18:30:39 - 0:40:47 - Epoch 284: train_loss=0.6625447273254395, train_AUC=0.9981680002804068, train_AP=0.9973048488460821, time=0.5185956954956055
INFO - 11/06/25 18:30:39 - 0:40:47 - Epoch 284: val_AUC=0.9585908685112537, val_AP=0.9574113530173314
INFO - 11/06/25 18:30:39 - 0:40:48 - Epoch 285: train_loss=0.6628627181053162, train_AUC=0.9983000765485426, train_AP=0.9976035984271786, time=0.5485424995422363
INFO - 11/06/25 18:30:40 - 0:40:48 - Epoch 285: val_AUC=0.9579534791278396, val_AP=0.9568991973080634
INFO - 11/06/25 18:30:40 - 0:40:48 - Epoch 286: train_loss=0.6644947528839111, train_AUC=0.9983317125836564, train_AP=0.9974163242869112, time=0.5055947303771973
INFO - 11/06/25 18:30:40 - 0:40:49 - Epoch 286: val_AUC=0.9578303794849405, val_AP=0.9566801671118086
INFO - 11/06/25 18:30:41 - 0:40:49 - Epoch 287: train_loss=0.6648711562156677, train_AUC=0.998481225330631, train_AP=0.9976929327387871, time=0.4922354221343994
INFO - 11/06/25 18:30:41 - 0:40:49 - Epoch 287: val_AUC=0.9573350281510249, val_AP=0.9563273239288528
INFO - 11/06/25 18:30:42 - 0:40:50 - Epoch 288: train_loss=0.6655193567276001, train_AUC=0.998374272329804, train_AP=0.9978274811896011, time=0.5382423400878906
INFO - 11/06/25 18:30:42 - 0:40:50 - Epoch 288: val_AUC=0.9569778457297761, val_AP=0.9559953234190739
INFO - 11/06/25 18:30:42 - 0:40:51 - Epoch 289: train_loss=0.6657423973083496, train_AUC=0.9983910423678689, train_AP=0.997659753559518, time=0.47741127014160156
INFO - 11/06/25 18:30:43 - 0:40:51 - Epoch 289: val_AUC=0.957039751919092, val_AP=0.9560007461405784
INFO - 11/06/25 18:30:43 - 0:40:51 - Epoch 290: train_loss=0.6654664278030396, train_AUC=0.9983788824655584, train_AP=0.9974471076209508, time=0.5181770324707031
INFO - 11/06/25 18:30:43 - 0:40:51 - Epoch 290: val_AUC=0.9571238547354977, val_AP=0.9561223552899688
INFO - 11/06/25 18:30:44 - 0:40:52 - Epoch 291: train_loss=0.6645523309707642, train_AUC=0.9983741442900466, train_AP=0.9975083686745383, time=0.49346160888671875
INFO - 11/06/25 18:30:44 - 0:40:52 - Epoch 291: val_AUC=0.957015722542976, val_AP=0.956139131578761
INFO - 11/06/25 18:30:45 - 0:40:53 - Epoch 292: train_loss=0.6653869152069092, train_AUC=0.9982854229530723, train_AP=0.9974576090428617, time=0.517559289932251
INFO - 11/06/25 18:30:45 - 0:40:53 - Epoch 292: val_AUC=0.9570914761693755, val_AP=0.9561981394176275
INFO - 11/06/25 18:30:45 - 0:40:53 - Epoch 293: train_loss=0.6647971272468567, train_AUC=0.9984199349706537, train_AP=0.9976388085998061, time=0.5239226818084717
INFO - 11/06/25 18:30:46 - 0:40:54 - Epoch 293: val_AUC=0.9572063284416583, val_AP=0.9562920348068173
INFO - 11/06/25 18:30:46 - 0:40:54 - Epoch 294: train_loss=0.664298415184021, train_AUC=0.9984641870607218, train_AP=0.9977503822757585, time=0.4046897888183594
INFO - 11/06/25 18:30:46 - 0:40:54 - Epoch 294: val_AUC=0.9571696734611425, val_AP=0.956294524693862
INFO - 11/06/25 18:30:47 - 0:40:55 - Epoch 295: train_loss=0.663361668586731, train_AUC=0.9983564654691082, train_AP=0.997469246190944, time=0.5185227394104004
INFO - 11/06/25 18:30:47 - 0:40:55 - Epoch 295: val_AUC=0.9574492695069661, val_AP=0.9564440188281758
INFO - 11/06/25 18:30:47 - 0:40:55 - Epoch 296: train_loss=0.6617166996002197, train_AUC=0.9984130435433184, train_AP=0.9975949916895737, time=0.4711325168609619
INFO - 11/06/25 18:30:47 - 0:40:56 - Epoch 296: val_AUC=0.9575519034524106, val_AP=0.9564488251218386
INFO - 11/06/25 18:30:48 - 0:40:56 - Epoch 297: train_loss=0.660868763923645, train_AUC=0.9984697022808146, train_AP=0.9976892630249115, time=0.5091981887817383
INFO - 11/06/25 18:30:48 - 0:40:56 - Epoch 297: val_AUC=0.9574317565718307, val_AP=0.9563968506530408
INFO - 11/06/25 18:30:49 - 0:40:57 - Epoch 298: train_loss=0.6602618098258972, train_AUC=0.9984121446232049, train_AP=0.9976991180845171, time=0.45476436614990234
INFO - 11/06/25 18:30:49 - 0:40:57 - Epoch 298: val_AUC=0.9576744939983579, val_AP=0.9564483310897218
INFO - 11/06/25 18:30:49 - 0:40:58 - Epoch 299: train_loss=0.6617250442504883, train_AUC=0.998463829359556, train_AP=0.997814931969205, time=0.44510722160339355
INFO - 11/06/25 18:30:50 - 0:40:58 - Epoch 299: val_AUC=0.9586708985520469, val_AP=0.957464657447278
INFO - 11/06/25 18:30:50 - 0:40:58 - Epoch 300: train_loss=0.6624481678009033, train_AUC=0.9984242488713706, train_AP=0.9977046875095811, time=0.5234878063201904
INFO - 11/06/25 18:30:50 - 0:40:58 - Epoch 300: val_AUC=0.9593062515476548, val_AP=0.9582005991406624
INFO - 11/06/25 18:30:50 - 0:40:58 - best_epoch=199
INFO - 11/06/25 18:30:50 - 0:40:58 - test_auc= 96.16%, test_ap= 96.12%
INFO - 11/06/25 18:30:50 - 0:40:58 - 
                                     train iters 9
INFO - 11/06/25 18:30:50 - 0:40:59 - --------------------------Training Start-------------------------
INFO - 11/06/25 18:30:53 - 0:41:01 - Epoch 0: train_loss=5.974123001098633, train_AUC=0.9955794715772224, train_AP=0.9950543718781162, time=2.733604907989502
INFO - 11/06/25 18:30:53 - 0:41:01 - Epoch 0: val_AUC=0.7683223992884046, val_AP=0.8202588553925305
INFO - 11/06/25 18:30:54 - 0:41:02 - Epoch 1: train_loss=2.4127328395843506, train_AUC=0.9138578569791271, train_AP=0.9416348622690515, time=0.5036542415618896
INFO - 11/06/25 18:30:54 - 0:41:02 - Epoch 1: val_AUC=0.6707471466134056, val_AP=0.7362127844930982
INFO - 11/06/25 18:30:55 - 0:41:03 - Epoch 2: train_loss=3.895376205444336, train_AUC=0.7476695177280065, train_AP=0.8179695561199836, time=0.5292882919311523
INFO - 11/06/25 18:30:55 - 0:41:03 - Epoch 2: val_AUC=0.6288250490362184, val_AP=0.6957233845882032
INFO - 11/06/25 18:30:55 - 0:41:03 - Epoch 3: train_loss=4.574084281921387, train_AUC=0.6580925408964411, train_AP=0.740963030311013, time=0.48668527603149414
INFO - 11/06/25 18:30:55 - 0:41:04 - Epoch 3: val_AUC=0.6378585671649573, val_AP=0.7027233009378662
INFO - 11/06/25 18:30:56 - 0:41:04 - Epoch 4: train_loss=4.450352668762207, train_AUC=0.6552473565873277, train_AP=0.7360350636332973, time=0.5268383026123047
INFO - 11/06/25 18:30:56 - 0:41:04 - Epoch 4: val_AUC=0.6951034647916694, val_AP=0.7434707247277355
INFO - 11/06/25 18:30:57 - 0:41:05 - Epoch 5: train_loss=3.574888229370117, train_AUC=0.7225542290395586, train_AP=0.7849082674560021, time=0.49556899070739746
INFO - 11/06/25 18:30:57 - 0:41:05 - Epoch 5: val_AUC=0.7766534654433135, val_AP=0.8014402569668272
INFO - 11/06/25 18:30:57 - 0:41:06 - Epoch 6: train_loss=2.8615448474884033, train_AUC=0.8150670426808171, train_AP=0.852500988459757, time=0.5246467590332031
INFO - 11/06/25 18:30:58 - 0:41:06 - Epoch 6: val_AUC=0.8372584029506445, val_AP=0.8456363950017227
INFO - 11/06/25 18:30:58 - 0:41:06 - Epoch 7: train_loss=2.334080219268799, train_AUC=0.8825827847868248, train_AP=0.9009634797325091, time=0.4632854461669922
INFO - 11/06/25 18:30:58 - 0:41:07 - Epoch 7: val_AUC=0.8812655580028411, val_AP=0.8798162112355074
INFO - 11/06/25 18:30:59 - 0:41:07 - Epoch 8: train_loss=2.0495986938476562, train_AUC=0.9306866691674494, train_AP=0.9369895044249781, time=0.5226643085479736
INFO - 11/06/25 18:30:59 - 0:41:07 - Epoch 8: val_AUC=0.9000533737244066, val_AP=0.8939498126560436
INFO - 11/06/25 18:31:00 - 0:41:08 - Epoch 9: train_loss=1.6405444145202637, train_AUC=0.9461106087060372, train_AP=0.9492942972192574, time=0.50813889503479
INFO - 11/06/25 18:31:00 - 0:41:08 - Epoch 9: val_AUC=0.9092632430371828, val_AP=0.901298020553385
INFO - 11/06/25 18:31:00 - 0:41:09 - Epoch 10: train_loss=1.4507837295532227, train_AUC=0.9534542004316371, train_AP=0.9537048195217679, time=0.4729015827178955
INFO - 11/06/25 18:31:01 - 0:41:09 - Epoch 10: val_AUC=0.9191464439781567, val_AP=0.9096209590738039
INFO - 11/06/25 18:31:01 - 0:41:09 - Epoch 11: train_loss=1.2922558784484863, train_AUC=0.9623947297269027, train_AP=0.9602631027931776, time=0.5084357261657715
INFO - 11/06/25 18:31:01 - 0:41:09 - Epoch 11: val_AUC=0.9261155739681215, val_AP=0.9162625092921922
INFO - 11/06/25 18:31:02 - 0:41:10 - Epoch 12: train_loss=1.17697012424469, train_AUC=0.9677906916168492, train_AP=0.9642098695697202, time=0.5249736309051514
INFO - 11/06/25 18:31:02 - 0:41:10 - Epoch 12: val_AUC=0.9296246774361715, val_AP=0.9202626048731692
INFO - 11/06/25 18:31:03 - 0:41:11 - Epoch 13: train_loss=1.1359477043151855, train_AUC=0.9700677321722697, train_AP=0.966338418219098, time=0.4752364158630371
INFO - 11/06/25 18:31:03 - 0:41:11 - Epoch 13: val_AUC=0.9321585547837192, val_AP=0.9226223373474116
INFO - 11/06/25 18:31:03 - 0:41:11 - Epoch 14: train_loss=1.1346514225006104, train_AUC=0.969956518459181, train_AP=0.965397837587596, time=0.451446533203125
INFO - 11/06/25 18:31:03 - 0:41:12 - Epoch 14: val_AUC=0.9345851144938679, val_AP=0.9244835074756164
INFO - 11/06/25 18:31:04 - 0:41:12 - Epoch 15: train_loss=1.1514079570770264, train_AUC=0.9713664170656697, train_AP=0.9663440530174704, time=0.5103697776794434
INFO - 11/06/25 18:31:04 - 0:41:12 - Epoch 15: val_AUC=0.9363567718854672, val_AP=0.9260989497840216
INFO - 11/06/25 18:31:05 - 0:41:13 - Epoch 16: train_loss=1.1785931587219238, train_AUC=0.9720776002495717, train_AP=0.9668546249206803, time=0.5530312061309814
INFO - 11/06/25 18:31:05 - 0:41:13 - Epoch 16: val_AUC=0.9378718444134552, val_AP=0.9275673236495344
INFO - 11/06/25 18:31:06 - 0:41:14 - Epoch 17: train_loss=1.1770637035369873, train_AUC=0.9721485557619759, train_AP=0.965941449538124, time=0.4883873462677002
INFO - 11/06/25 18:31:06 - 0:41:14 - Epoch 17: val_AUC=0.9392682973517184, val_AP=0.9292322894841347
INFO - 11/06/25 18:31:06 - 0:41:14 - Epoch 18: train_loss=1.1420783996582031, train_AUC=0.9734300813905378, train_AP=0.9678738519179448, time=0.48861050605773926
INFO - 11/06/25 18:31:06 - 0:41:15 - Epoch 18: val_AUC=0.9402633782533332, val_AP=0.9304671200512926
INFO - 11/06/25 18:31:07 - 0:41:15 - Epoch 19: train_loss=1.0969164371490479, train_AUC=0.9742625738789753, train_AP=0.9683015533199142, time=0.5155167579650879
INFO - 11/06/25 18:31:07 - 0:41:15 - Epoch 19: val_AUC=0.9408427305842642, val_AP=0.9312616515755641
INFO - 11/06/25 18:31:08 - 0:41:16 - Epoch 20: train_loss=1.059239387512207, train_AUC=0.9755039943557511, train_AP=0.9699089354236174, time=0.45369839668273926
INFO - 11/06/25 18:31:08 - 0:41:16 - Epoch 20: val_AUC=0.9412109094996677, val_AP=0.9318238325546021
INFO - 11/06/25 18:31:08 - 0:41:17 - Epoch 21: train_loss=1.0402286052703857, train_AUC=0.9761693667812847, train_AP=0.970125452091191, time=0.5206458568572998
INFO - 11/06/25 18:31:09 - 0:41:17 - Epoch 21: val_AUC=0.9414905055454913, val_AP=0.9321955006248617
INFO - 11/06/25 18:31:09 - 0:41:17 - Epoch 22: train_loss=1.0377572774887085, train_AUC=0.9765483376932556, train_AP=0.9708582597539659, time=0.5505855083465576
INFO - 11/06/25 18:31:09 - 0:41:18 - Epoch 22: val_AUC=0.9419914569458744, val_AP=0.9328019718113771
INFO - 11/06/25 18:31:10 - 0:41:18 - Epoch 23: train_loss=1.0456581115722656, train_AUC=0.9760645140199469, train_AP=0.970034850265198, time=0.5014102458953857
INFO - 11/06/25 18:31:10 - 0:41:18 - Epoch 23: val_AUC=0.9423111698314847, val_AP=0.9331647813903728
INFO - 11/06/25 18:31:11 - 0:41:19 - Epoch 24: train_loss=1.0478938817977905, train_AUC=0.9772395685139496, train_AP=0.9712226738763994, time=0.49689698219299316
INFO - 11/06/25 18:31:11 - 0:41:19 - Epoch 24: val_AUC=0.9427805572208682, val_AP=0.9336551274297891
INFO - 11/06/25 18:31:11 - 0:41:19 - Epoch 25: train_loss=1.049588680267334, train_AUC=0.9771893735827003, train_AP=0.9706701413062009, time=0.4533717632293701
INFO - 11/06/25 18:31:12 - 0:41:20 - Epoch 25: val_AUC=0.9432880250622321, val_AP=0.9341593815747501
INFO - 11/06/25 18:31:12 - 0:41:20 - Epoch 26: train_loss=1.0472056865692139, train_AUC=0.9777953168919399, train_AP=0.9716611083898024, time=0.5033471584320068
INFO - 11/06/25 18:31:12 - 0:41:20 - Epoch 26: val_AUC=0.9439763241408072, val_AP=0.9348620261498409
INFO - 11/06/25 18:31:13 - 0:41:21 - Epoch 27: train_loss=1.0360406637191772, train_AUC=0.9784173558730385, train_AP=0.9726277377795929, time=0.49702906608581543
INFO - 11/06/25 18:31:13 - 0:41:21 - Epoch 27: val_AUC=0.9446823397932983, val_AP=0.9355576656012933
INFO - 11/06/25 18:31:14 - 0:41:22 - Epoch 28: train_loss=1.019790530204773, train_AUC=0.9790101170753556, train_AP=0.973255643247654, time=0.4957137107849121
INFO - 11/06/25 18:31:14 - 0:41:22 - Epoch 28: val_AUC=0.9455431209190789, val_AP=0.9364391434989182
INFO - 11/06/25 18:31:14 - 0:41:22 - Epoch 29: train_loss=1.0016660690307617, train_AUC=0.9795672899176636, train_AP=0.9737327053166123, time=0.5309302806854248
INFO - 11/06/25 18:31:15 - 0:41:23 - Epoch 29: val_AUC=0.946408585736814, val_AP=0.9372844969188588
INFO - 11/06/25 18:31:15 - 0:41:23 - Epoch 30: train_loss=0.9880847930908203, train_AUC=0.9792169844127591, train_AP=0.9731788605270724, time=0.477738618850708
INFO - 11/06/25 18:31:15 - 0:41:23 - Epoch 30: val_AUC=0.9473013381511554, val_AP=0.9382296126238896
INFO - 11/06/25 18:31:16 - 0:41:24 - Epoch 31: train_loss=0.9727756381034851, train_AUC=0.9804980243003976, train_AP=0.974621651599277, time=0.51814866065979
INFO - 11/06/25 18:31:16 - 0:41:24 - Epoch 31: val_AUC=0.948107136806162, val_AP=0.939056855049393
INFO - 11/06/25 18:31:17 - 0:41:25 - Epoch 32: train_loss=0.9689788222312927, train_AUC=0.9807626949838038, train_AP=0.9752100639685649, time=0.5421216487884521
INFO - 11/06/25 18:31:17 - 0:41:25 - Epoch 32: val_AUC=0.9488238434946369, val_AP=0.9398034760963965
INFO - 11/06/25 18:31:17 - 0:41:25 - Epoch 33: train_loss=0.9683541059494019, train_AUC=0.9804878462844577, train_AP=0.9741718266212535, time=0.5014803409576416
INFO - 11/06/25 18:31:18 - 0:41:26 - Epoch 33: val_AUC=0.949466222028177, val_AP=0.9404817742876745
INFO - 11/06/25 18:31:18 - 0:41:26 - Epoch 34: train_loss=0.9706556797027588, train_AUC=0.9812120553562106, train_AP=0.9756227730989923, time=0.475663423538208
INFO - 11/06/25 18:31:18 - 0:41:26 - Epoch 34: val_AUC=0.9500366142527598, val_AP=0.9411104381405621
INFO - 11/06/25 18:31:19 - 0:41:27 - Epoch 35: train_loss=0.970615029335022, train_AUC=0.9814159242384943, train_AP=0.975850713530898, time=0.5312821865081787
INFO - 11/06/25 18:31:19 - 0:41:27 - Epoch 35: val_AUC=0.9505630205007235, val_AP=0.9416955659925458
INFO - 11/06/25 18:31:19 - 0:41:28 - Epoch 36: train_loss=0.9664059281349182, train_AUC=0.9817777684679586, train_AP=0.9764557410245647, time=0.4464139938354492
INFO - 11/06/25 18:31:20 - 0:41:28 - Epoch 36: val_AUC=0.9510537899620742, val_AP=0.9423079264319377
INFO - 11/06/25 18:31:20 - 0:41:28 - Epoch 37: train_loss=0.9594459533691406, train_AUC=0.9817642630034092, train_AP=0.9758375963010556, time=0.508246898651123
INFO - 11/06/25 18:31:20 - 0:41:29 - Epoch 37: val_AUC=0.9515337665680511, val_AP=0.9429139073402033
INFO - 11/06/25 18:31:21 - 0:41:29 - Epoch 38: train_loss=0.9480999112129211, train_AUC=0.9825456646345361, train_AP=0.9769725766969957, time=0.6040465831756592
INFO - 11/06/25 18:31:21 - 0:41:29 - Epoch 38: val_AUC=0.9518738433317259, val_AP=0.943374398345872
INFO - 11/06/25 18:31:22 - 0:41:30 - Epoch 39: train_loss=0.9410556554794312, train_AUC=0.9827392315118988, train_AP=0.9772604803055974, time=0.5054309368133545
INFO - 11/06/25 18:31:22 - 0:41:30 - Epoch 39: val_AUC=0.9522122909851556, val_AP=0.9438480728679003
INFO - 11/06/25 18:31:22 - 0:41:31 - Epoch 40: train_loss=0.9371340274810791, train_AUC=0.9833170066028416, train_AP=0.9780988706275614, time=0.524113655090332
INFO - 11/06/25 18:31:23 - 0:41:31 - Epoch 40: val_AUC=0.9525106217987983, val_AP=0.9442534466010718
INFO - 11/06/25 18:31:23 - 0:41:31 - Epoch 41: train_loss=0.9325884580612183, train_AUC=0.9838281524105471, train_AP=0.9787357098091314, time=0.487579345703125
INFO - 11/06/25 18:31:23 - 0:41:32 - Epoch 41: val_AUC=0.9527670030236286, val_AP=0.9445819772990427
INFO - 11/06/25 18:31:24 - 0:41:32 - Epoch 42: train_loss=0.9319469332695007, train_AUC=0.9841768715961996, train_AP=0.9792297941569046, time=0.49101901054382324
INFO - 11/06/25 18:31:24 - 0:41:32 - Epoch 42: val_AUC=0.9530132023094268, val_AP=0.9448664968789627
INFO - 11/06/25 18:31:25 - 0:41:33 - Epoch 43: train_loss=0.9301266670227051, train_AUC=0.9842701726000448, train_AP=0.9793149217287453, time=0.46556735038757324
INFO - 11/06/25 18:31:25 - 0:41:33 - Epoch 43: val_AUC=0.9532883183020762, val_AP=0.945162398638994
INFO - 11/06/25 18:31:25 - 0:41:33 - Epoch 44: train_loss=0.9289404153823853, train_AUC=0.9842542157113067, train_AP=0.9791233188912154, time=0.5203680992126465
INFO - 11/06/25 18:31:26 - 0:41:34 - Epoch 44: val_AUC=0.9536082348264672, val_AP=0.9454984103078589
INFO - 11/06/25 18:31:26 - 0:41:34 - Epoch 45: train_loss=0.9210919141769409, train_AUC=0.9848747294870404, train_AP=0.9797425812717333, time=0.4515073299407959
INFO - 11/06/25 18:31:26 - 0:41:34 - Epoch 45: val_AUC=0.9539269295181744, val_AP=0.9458561030374015
INFO - 11/06/25 18:31:27 - 0:41:35 - Epoch 46: train_loss=0.914847731590271, train_AUC=0.9852384943128678, train_AP=0.9804588499817112, time=0.7411556243896484
INFO - 11/06/25 18:31:27 - 0:41:35 - Epoch 46: val_AUC=0.9542804464413717, val_AP=0.9462654354887621
INFO - 11/06/25 18:31:28 - 0:41:36 - Epoch 47: train_loss=0.9111201763153076, train_AUC=0.9850219857754543, train_AP=0.9800228319327751, time=0.5070240497589111
INFO - 11/06/25 18:31:28 - 0:41:36 - Epoch 47: val_AUC=0.9546889458353425, val_AP=0.9466983304814625
INFO - 11/06/25 18:31:28 - 0:41:37 - Epoch 48: train_loss=0.9078340530395508, train_AUC=0.985172967369166, train_AP=0.9800753554563076, time=0.5051803588867188
INFO - 11/06/25 18:31:29 - 0:41:37 - Epoch 48: val_AUC=0.9551729952169323, val_AP=0.947222606488262
INFO - 11/06/25 18:31:29 - 0:41:37 - Epoch 49: train_loss=0.9055792093276978, train_AUC=0.9851137610455726, train_AP=0.9798783322693065, time=0.47913527488708496
INFO - 11/06/25 18:31:29 - 0:41:38 - Epoch 49: val_AUC=0.955624055116058, val_AP=0.9477603351189581
INFO - 11/06/25 18:31:30 - 0:41:38 - Epoch 50: train_loss=0.900436282157898, train_AUC=0.9857806576197468, train_AP=0.9808332688718554, time=0.5009064674377441
INFO - 11/06/25 18:31:30 - 0:41:38 - Epoch 50: val_AUC=0.9559877539782872, val_AP=0.9482003196293102
INFO - 11/06/25 18:31:31 - 0:41:39 - Epoch 51: train_loss=0.8986250162124634, train_AUC=0.9858577637957721, train_AP=0.9809067500745068, time=0.47649669647216797
INFO - 11/06/25 18:31:31 - 0:41:39 - Epoch 51: val_AUC=0.9563355690156266, val_AP=0.9486587209376556
INFO - 11/06/25 18:31:31 - 0:41:39 - Epoch 52: train_loss=0.8956378698348999, train_AUC=0.9862908733339727, train_AP=0.9817161284232935, time=0.4944429397583008
INFO - 11/06/25 18:31:32 - 0:41:40 - Epoch 52: val_AUC=0.9566436744907402, val_AP=0.9490358874560592
INFO - 11/06/25 18:31:32 - 0:41:40 - Epoch 53: train_loss=0.8922423124313354, train_AUC=0.986570857889398, train_AP=0.9819979001578394, time=0.5583314895629883
INFO - 11/06/25 18:31:32 - 0:41:40 - Epoch 53: val_AUC=0.9569450598860927, val_AP=0.9494077465526147
INFO - 11/06/25 18:31:33 - 0:41:41 - Epoch 54: train_loss=0.8880869150161743, train_AUC=0.9868635224315961, train_AP=0.9823124510820384, time=0.5490176677703857
INFO - 11/06/25 18:31:33 - 0:41:41 - Epoch 54: val_AUC=0.9572172231164228, val_AP=0.9497689436437482
INFO - 11/06/25 18:31:34 - 0:41:42 - Epoch 55: train_loss=0.8841474056243896, train_AUC=0.9875202635332818, train_AP=0.983203846958265, time=0.5114343166351318
INFO - 11/06/25 18:31:34 - 0:41:42 - Epoch 55: val_AUC=0.9574657642481983, val_AP=0.9501486037608073
INFO - 11/06/25 18:31:34 - 0:41:43 - Epoch 56: train_loss=0.8814609050750732, train_AUC=0.9872204985084633, train_AP=0.9827018628197387, time=0.5509223937988281
INFO - 11/06/25 18:31:35 - 0:41:43 - Epoch 56: val_AUC=0.9577105380625318, val_AP=0.9504863776536061
INFO - 11/06/25 18:31:35 - 0:41:43 - Epoch 57: train_loss=0.879131555557251, train_AUC=0.9873223461220942, train_AP=0.9828471868498164, time=0.5291061401367188
INFO - 11/06/25 18:31:35 - 0:41:44 - Epoch 57: val_AUC=0.9579268024475752, val_AP=0.9508206105304069
INFO - 11/06/25 18:31:36 - 0:41:44 - Epoch 58: train_loss=0.8798498511314392, train_AUC=0.9868905062381055, train_AP=0.982189885190155, time=0.5041732788085938
INFO - 11/06/25 18:31:36 - 0:41:44 - Epoch 58: val_AUC=0.9581369576691995, val_AP=0.9510901389277533
INFO - 11/06/25 18:31:37 - 0:41:45 - Epoch 59: train_loss=0.8756297826766968, train_AUC=0.9878833571630763, train_AP=0.9838134921111917, time=0.5402188301086426
INFO - 11/06/25 18:31:37 - 0:41:45 - Epoch 59: val_AUC=0.958372567738404, val_AP=0.9513924282961418
INFO - 11/06/25 18:31:37 - 0:41:46 - Epoch 60: train_loss=0.8713429570198059, train_AUC=0.9886850324015896, train_AP=0.9849914552662745, time=0.4948585033416748
INFO - 11/06/25 18:31:38 - 0:41:46 - Epoch 60: val_AUC=0.95860227228297, val_AP=0.9516694553899674
INFO - 11/06/25 18:31:38 - 0:41:46 - Epoch 61: train_loss=0.870945930480957, train_AUC=0.9882199462108184, train_AP=0.9841077310088652, time=0.49941158294677734
INFO - 11/06/25 18:31:38 - 0:41:46 - Epoch 61: val_AUC=0.958871890028542, val_AP=0.9520093356571596
INFO - 11/06/25 18:31:39 - 0:41:47 - Epoch 62: train_loss=0.866402268409729, train_AUC=0.9887067176164819, train_AP=0.9849014727206774, time=0.5041444301605225
INFO - 11/06/25 18:31:39 - 0:41:47 - Epoch 62: val_AUC=0.9590926344667597, val_AP=0.9522785757091137
INFO - 11/06/25 18:31:40 - 0:41:48 - Epoch 63: train_loss=0.8637559413909912, train_AUC=0.9884947050886014, train_AP=0.9841440728512949, time=0.5019681453704834
INFO - 11/06/25 18:31:40 - 0:41:48 - Epoch 63: val_AUC=0.9593178589581514, val_AP=0.9525627759648474
INFO - 11/06/25 18:31:40 - 0:41:48 - Epoch 64: train_loss=0.8611645698547363, train_AUC=0.9890919239061362, train_AP=0.9852857721072305, time=0.48269057273864746
INFO - 11/06/25 18:31:40 - 0:41:49 - Epoch 64: val_AUC=0.959468958933389, val_AP=0.9527727832829552
INFO - 11/06/25 18:31:41 - 0:41:49 - Epoch 65: train_loss=0.8582903146743774, train_AUC=0.98922268842721, train_AP=0.9854624809178354, time=0.5015997886657715
INFO - 11/06/25 18:31:41 - 0:41:49 - Epoch 65: val_AUC=0.9596062114715428, val_AP=0.952990202150425
INFO - 11/06/25 18:31:42 - 0:41:50 - Epoch 66: train_loss=0.8543017506599426, train_AUC=0.9897276430635306, train_AP=0.986161385801512, time=0.5170691013336182
INFO - 11/06/25 18:31:42 - 0:41:50 - Epoch 66: val_AUC=0.9597055871964968, val_AP=0.9531698037561479
INFO - 11/06/25 18:31:43 - 0:41:51 - Epoch 67: train_loss=0.854519248008728, train_AUC=0.9894441522969731, train_AP=0.9855905064643575, time=0.5258595943450928
INFO - 11/06/25 18:31:43 - 0:41:51 - Epoch 67: val_AUC=0.9597749262013058, val_AP=0.9532631242342642
INFO - 11/06/25 18:31:43 - 0:41:51 - Epoch 68: train_loss=0.8495253920555115, train_AUC=0.9900249431028655, train_AP=0.9866277780039706, time=0.509829044342041
INFO - 11/06/25 18:31:43 - 0:41:52 - Epoch 68: val_AUC=0.9598296032139086, val_AP=0.9533541417182582
INFO - 11/06/25 18:31:44 - 0:41:52 - Epoch 69: train_loss=0.8475379943847656, train_AUC=0.9904744714944317, train_AP=0.9872704841749846, time=0.5126075744628906
INFO - 11/06/25 18:31:44 - 0:41:52 - Epoch 69: val_AUC=0.9598758292171149, val_AP=0.9534619004449904
INFO - 11/06/25 18:31:45 - 0:41:53 - Epoch 70: train_loss=0.8465332984924316, train_AUC=0.9905146574856245, train_AP=0.9875338997306652, time=0.4634706974029541
INFO - 11/06/25 18:31:45 - 0:41:53 - Epoch 70: val_AUC=0.9599359026574046, val_AP=0.9535890194428909
INFO - 11/06/25 18:31:45 - 0:41:54 - Epoch 71: train_loss=0.8446831703186035, train_AUC=0.9903356795674308, train_AP=0.9871303467702672, time=0.4896364212036133
INFO - 11/06/25 18:31:46 - 0:41:54 - Epoch 71: val_AUC=0.9599976052079396, val_AP=0.9537110362966108
INFO - 11/06/25 18:31:46 - 0:41:54 - Epoch 72: train_loss=0.8432998061180115, train_AUC=0.9903302661451097, train_AP=0.9870208330869609, time=0.5196502208709717
INFO - 11/06/25 18:31:46 - 0:41:55 - Epoch 72: val_AUC=0.9600764134160488, val_AP=0.953820724586308
INFO - 11/06/25 18:31:47 - 0:41:55 - Epoch 73: train_loss=0.8401052951812744, train_AUC=0.990790131237377, train_AP=0.9876168111455244, time=0.4591042995452881
INFO - 11/06/25 18:31:47 - 0:41:55 - Epoch 73: val_AUC=0.9601666253958736, val_AP=0.9539800135092955
INFO - 11/06/25 18:31:48 - 0:41:56 - Epoch 74: train_loss=0.8386300802230835, train_AUC=0.9906208126596265, train_AP=0.9873026422489666, time=0.49028515815734863
INFO - 11/06/25 18:31:48 - 0:41:56 - Epoch 74: val_AUC=0.9602751648659569, val_AP=0.9541538342039223
INFO - 11/06/25 18:31:48 - 0:41:56 - Epoch 75: train_loss=0.8382452726364136, train_AUC=0.9904626083555206, train_AP=0.9870087097314248, time=0.4566926956176758
INFO - 11/06/25 18:31:48 - 0:41:57 - Epoch 75: val_AUC=0.9604040682141042, val_AP=0.954326664607206
INFO - 11/06/25 18:31:49 - 0:41:57 - Epoch 76: train_loss=0.8340066075325012, train_AUC=0.9912648674341938, train_AP=0.9881591304848165, time=0.523540735244751
INFO - 11/06/25 18:31:49 - 0:41:57 - Epoch 76: val_AUC=0.9605808266757028, val_AP=0.9545753721339699
INFO - 11/06/25 18:31:50 - 0:41:58 - Epoch 77: train_loss=0.8308615684509277, train_AUC=0.991400406411646, train_AP=0.9885737318980595, time=0.565821647644043
INFO - 11/06/25 18:31:50 - 0:41:58 - Epoch 77: val_AUC=0.9606608567164957, val_AP=0.9547212915010802
INFO - 11/06/25 18:31:50 - 0:41:59 - Epoch 78: train_loss=0.8278070688247681, train_AUC=0.9916448216280992, train_AP=0.9887177454422706, time=0.4233574867248535
INFO - 11/06/25 18:31:51 - 0:41:59 - Epoch 78: val_AUC=0.9607289738886209, val_AP=0.9548105677643741
INFO - 11/06/25 18:31:51 - 0:41:59 - Epoch 79: train_loss=0.8272255659103394, train_AUC=0.991533603159751, train_AP=0.9884357714811062, time=0.4813416004180908
INFO - 11/06/25 18:31:51 - 0:42:00 - Epoch 79: val_AUC=0.9608115494141719, val_AP=0.954953756625574
INFO - 11/06/25 18:31:52 - 0:42:00 - Epoch 80: train_loss=0.8241487741470337, train_AUC=0.9917941906605727, train_AP=0.9889127701649734, time=0.5144026279449463
INFO - 11/06/25 18:31:52 - 0:42:00 - Epoch 80: val_AUC=0.9608119566917334, val_AP=0.9550219697852468
INFO - 11/06/25 18:31:53 - 0:42:01 - Epoch 81: train_loss=0.8237946629524231, train_AUC=0.9916932553522295, train_AP=0.9887966504180719, time=0.5477492809295654
INFO - 11/06/25 18:31:53 - 0:42:01 - Epoch 81: val_AUC=0.9608398552046814, val_AP=0.9551594297072508
INFO - 11/06/25 18:31:53 - 0:42:02 - Epoch 82: train_loss=0.8206493854522705, train_AUC=0.9920767490440816, train_AP=0.9891580010580985, time=0.46554017066955566
INFO - 11/06/25 18:31:54 - 0:42:02 - Epoch 82: val_AUC=0.9608437243415135, val_AP=0.9552670948875518
INFO - 11/06/25 18:31:54 - 0:42:02 - Epoch 83: train_loss=0.8197523355484009, train_AUC=0.991829929956032, train_AP=0.9888033392251308, time=0.46575236320495605
INFO - 11/06/25 18:31:54 - 0:42:02 - Epoch 83: val_AUC=0.9608414843149266, val_AP=0.9553614435523696
INFO - 11/06/25 18:31:55 - 0:42:03 - Epoch 84: train_loss=0.8169774413108826, train_AUC=0.9922358589608883, train_AP=0.9892258581478497, time=0.5120158195495605
INFO - 11/06/25 18:31:55 - 0:42:03 - Epoch 84: val_AUC=0.960867550078849, val_AP=0.9554919088592274
INFO - 11/06/25 18:31:55 - 0:42:04 - Epoch 85: train_loss=0.8143875598907471, train_AUC=0.9923865103282652, train_AP=0.989664054885512, time=0.5009028911590576
INFO - 11/06/25 18:31:56 - 0:42:04 - Epoch 85: val_AUC=0.9608681609951909, val_AP=0.9555850112010631
INFO - 11/06/25 18:31:56 - 0:42:04 - Epoch 86: train_loss=0.8147341012954712, train_AUC=0.992149752840365, train_AP=0.9894782262099588, time=0.49185991287231445
INFO - 11/06/25 18:31:56 - 0:42:05 - Epoch 86: val_AUC=0.9609050196144873, val_AP=0.955702283202988
INFO - 11/06/25 18:31:57 - 0:42:05 - Epoch 87: train_loss=0.8111547827720642, train_AUC=0.9927263671196958, train_AP=0.9903074237226023, time=0.4679713249206543
INFO - 11/06/25 18:31:57 - 0:42:05 - Epoch 87: val_AUC=0.9609891224308933, val_AP=0.9558441973680741
INFO - 11/06/25 18:31:58 - 0:42:06 - Epoch 88: train_loss=0.8101931810379028, train_AUC=0.992500319003923, train_AP=0.9898834061262167, time=0.5065133571624756
INFO - 11/06/25 18:31:58 - 0:42:06 - Epoch 88: val_AUC=0.9610243519399444, val_AP=0.9559342571737801
INFO - 11/06/25 18:31:58 - 0:42:07 - Epoch 89: train_loss=0.808606743812561, train_AUC=0.9927484373344642, train_AP=0.9901686369073437, time=0.5005021095275879
INFO - 11/06/25 18:31:59 - 0:42:07 - Epoch 89: val_AUC=0.9610681342777828, val_AP=0.9560353356835918
INFO - 11/06/25 18:31:59 - 0:42:07 - Epoch 90: train_loss=0.8074604272842407, train_AUC=0.9924848415157626, train_AP=0.9899561445296271, time=0.5040373802185059
INFO - 11/06/25 18:31:59 - 0:42:07 - Epoch 90: val_AUC=0.9611068256461051, val_AP=0.9561308755284164
INFO - 11/06/25 18:32:00 - 0:42:08 - Epoch 91: train_loss=0.8049861192703247, train_AUC=0.9928777886629458, train_AP=0.9902550836325047, time=0.4956214427947998
INFO - 11/06/25 18:32:00 - 0:42:08 - Epoch 91: val_AUC=0.9611353350753952, val_AP=0.9562237071116972
INFO - 11/06/25 18:32:00 - 0:42:09 - Epoch 92: train_loss=0.8022810220718384, train_AUC=0.9931256762753543, train_AP=0.9906145553069184, time=0.48246216773986816
INFO - 11/06/25 18:32:01 - 0:42:09 - Epoch 92: val_AUC=0.9611125275319632, val_AP=0.9562664045522397
INFO - 11/06/25 18:32:01 - 0:42:09 - Epoch 93: train_loss=0.8001173734664917, train_AUC=0.9934429572094525, train_AP=0.991259397224292, time=0.5398998260498047
INFO - 11/06/25 18:32:01 - 0:42:10 - Epoch 93: val_AUC=0.9611176185014794, val_AP=0.9563512114414634
INFO - 11/06/25 18:32:02 - 0:42:10 - Epoch 94: train_loss=0.7976824045181274, train_AUC=0.9935488027632432, train_AP=0.991458137374624, time=0.505239725112915
INFO - 11/06/25 18:32:02 - 0:42:10 - Epoch 94: val_AUC=0.9611300404670984, val_AP=0.9564223740330472
INFO - 11/06/25 18:32:03 - 0:42:11 - Epoch 95: train_loss=0.7975406646728516, train_AUC=0.9932477811171454, train_AP=0.9908758754238587, time=0.49560999870300293
INFO - 11/06/25 18:32:03 - 0:42:11 - Epoch 95: val_AUC=0.9611220985546534, val_AP=0.9564867012403089
INFO - 11/06/25 18:32:03 - 0:42:12 - Epoch 96: train_loss=0.7953442335128784, train_AUC=0.9935697176261418, train_AP=0.9914170382244993, time=0.5147953033447266
INFO - 11/06/25 18:32:04 - 0:42:12 - Epoch 96: val_AUC=0.9611153784748921, val_AP=0.956528843399397
INFO - 11/06/25 18:32:04 - 0:42:12 - Epoch 97: train_loss=0.793246328830719, train_AUC=0.9934398210279362, train_AP=0.9909607674642124, time=0.45615148544311523
INFO - 11/06/25 18:32:04 - 0:42:12 - Epoch 97: val_AUC=0.9611506079839434, val_AP=0.9566046229110001
INFO - 11/06/25 18:32:05 - 0:42:13 - Epoch 98: train_loss=0.7913217544555664, train_AUC=0.993730889035881, train_AP=0.9914382531758454, time=0.4773545265197754
INFO - 11/06/25 18:32:05 - 0:42:13 - Epoch 98: val_AUC=0.9611980558198335, val_AP=0.9566791591542276
INFO - 11/06/25 18:32:05 - 0:42:14 - Epoch 99: train_loss=0.7896870374679565, train_AUC=0.9938755383855177, train_AP=0.9916983258217054, time=0.5064475536346436
INFO - 11/06/25 18:32:06 - 0:42:14 - Epoch 99: val_AUC=0.9612538528457297, val_AP=0.9567603741256487
INFO - 11/06/25 18:32:06 - 0:42:14 - Epoch 100: train_loss=0.7891237139701843, train_AUC=0.9938234661836004, train_AP=0.9915608694881939, time=0.5096309185028076
INFO - 11/06/25 18:32:06 - 0:42:15 - Epoch 100: val_AUC=0.9613248209607842, val_AP=0.9568598465254324
INFO - 11/06/25 18:32:07 - 0:42:15 - Epoch 101: train_loss=0.7860254049301147, train_AUC=0.9941492567421348, train_AP=0.9921763651108376, time=0.5102767944335938
INFO - 11/06/25 18:32:07 - 0:42:15 - Epoch 101: val_AUC=0.9613513958216582, val_AP=0.956903921364462
INFO - 11/06/25 18:32:08 - 0:42:16 - Epoch 102: train_loss=0.7841118574142456, train_AUC=0.9941290127230279, train_AP=0.9920550642193064, time=0.5046336650848389
INFO - 11/06/25 18:32:08 - 0:42:16 - Epoch 102: val_AUC=0.9613762397528967, val_AP=0.95695240851731
INFO - 11/06/25 18:32:08 - 0:42:17 - Epoch 103: train_loss=0.783528745174408, train_AUC=0.9940927730686262, train_AP=0.9920075182208394, time=0.4854717254638672
INFO - 11/06/25 18:32:09 - 0:42:17 - Epoch 103: val_AUC=0.961365039619961, val_AP=0.9569779762965996
INFO - 11/06/25 18:32:09 - 0:42:17 - Epoch 104: train_loss=0.7817501425743103, train_AUC=0.9943591822395794, train_AP=0.9924023525264518, time=0.5147218704223633
INFO - 11/06/25 18:32:09 - 0:42:18 - Epoch 104: val_AUC=0.9613770543080191, val_AP=0.9569982010884791
INFO - 11/06/25 18:32:10 - 0:42:18 - Epoch 105: train_loss=0.7794369459152222, train_AUC=0.9944850173180482, train_AP=0.992581177239883, time=0.5012698173522949
INFO - 11/06/25 18:32:10 - 0:42:18 - Epoch 105: val_AUC=0.9613607632055677, val_AP=0.9570352269664759
INFO - 11/06/25 18:32:11 - 0:42:19 - Epoch 106: train_loss=0.7790766954421997, train_AUC=0.9947076781041693, train_AP=0.9929018655276264, time=0.5086624622344971
INFO - 11/06/25 18:32:11 - 0:42:19 - Epoch 106: val_AUC=0.9613864216919288, val_AP=0.9570883388100944
INFO - 11/06/25 18:32:11 - 0:42:20 - Epoch 107: train_loss=0.7763651609420776, train_AUC=0.9946413735875245, train_AP=0.9927450416963244, time=0.5515644550323486
INFO - 11/06/25 18:32:12 - 0:42:20 - Epoch 107: val_AUC=0.9613974181860835, val_AP=0.9571316193556154
INFO - 11/06/25 18:32:12 - 0:42:20 - Epoch 108: train_loss=0.7761448621749878, train_AUC=0.9945376363747759, train_AP=0.9924850173000401, time=0.4848332405090332
INFO - 11/06/25 18:32:12 - 0:42:21 - Epoch 108: val_AUC=0.9613878471633932, val_AP=0.957167349638922
INFO - 11/06/25 18:32:13 - 0:42:21 - Epoch 109: train_loss=0.7725423574447632, train_AUC=0.9947607029430171, train_AP=0.9927679203093125, time=0.5129616260528564
INFO - 11/06/25 18:32:13 - 0:42:21 - Epoch 109: val_AUC=0.9613823489163158, val_AP=0.9571700492811944
INFO - 11/06/25 18:32:14 - 0:42:22 - Epoch 110: train_loss=0.7709639072418213, train_AUC=0.9950816945643941, train_AP=0.9932611602453435, time=0.5648748874664307
INFO - 11/06/25 18:32:14 - 0:42:22 - Epoch 110: val_AUC=0.9613701305894773, val_AP=0.9571886841370121
INFO - 11/06/25 18:32:14 - 0:42:23 - Epoch 111: train_loss=0.770943820476532, train_AUC=0.9947589732615056, train_AP=0.9927306597157748, time=0.5002760887145996
INFO - 11/06/25 18:32:15 - 0:42:23 - Epoch 111: val_AUC=0.9613301155690809, val_AP=0.9571867104429782
INFO - 11/06/25 18:32:15 - 0:42:23 - Epoch 112: train_loss=0.7696276903152466, train_AUC=0.9946928587791092, train_AP=0.9925889645829953, time=0.531531810760498
INFO - 11/06/25 18:32:15 - 0:42:24 - Epoch 112: val_AUC=0.9612691257542779, val_AP=0.9571627769917805
INFO - 11/06/25 18:32:16 - 0:42:24 - Epoch 113: train_loss=0.7658940553665161, train_AUC=0.9952990831770049, train_AP=0.9936107301541579, time=0.5464811325073242
INFO - 11/06/25 18:32:16 - 0:42:24 - Epoch 113: val_AUC=0.9611852265766527, val_AP=0.957096902308751
INFO - 11/06/25 18:32:17 - 0:42:25 - Epoch 114: train_loss=0.7651623487472534, train_AUC=0.9951445823392281, train_AP=0.9934354761483823, time=0.4863007068634033
INFO - 11/06/25 18:32:17 - 0:42:25 - Epoch 114: val_AUC=0.9611504043451629, val_AP=0.9571136467903296
INFO - 11/06/25 18:32:17 - 0:42:26 - Epoch 115: train_loss=0.76637864112854, train_AUC=0.9946950532431793, train_AP=0.9928105817872047, time=0.4762258529663086
INFO - 11/06/25 18:32:18 - 0:42:26 - Epoch 115: val_AUC=0.961164048143466, val_AP=0.9571274942506293
INFO - 11/06/25 18:32:18 - 0:42:26 - Epoch 116: train_loss=0.7631653547286987, train_AUC=0.9950845422601845, train_AP=0.9931993097530631, time=0.49501967430114746
INFO - 11/06/25 18:32:18 - 0:42:26 - Epoch 116: val_AUC=0.9611675100027369, val_AP=0.957154925162397
INFO - 11/06/25 18:32:19 - 0:42:27 - Epoch 117: train_loss=0.7610533237457275, train_AUC=0.9953014220600587, train_AP=0.9933497253698014, time=0.5465869903564453
INFO - 11/06/25 18:32:19 - 0:42:27 - Epoch 117: val_AUC=0.9611561062310209, val_AP=0.9571531488237707
INFO - 11/06/25 18:32:20 - 0:42:28 - Epoch 118: train_loss=0.760418176651001, train_AUC=0.9952602661721054, train_AP=0.9933300708094643, time=0.5285773277282715
INFO - 11/06/25 18:32:20 - 0:42:28 - Epoch 118: val_AUC=0.961115989391234, val_AP=0.9571341216415025
INFO - 11/06/25 18:32:20 - 0:42:28 - Epoch 119: train_loss=0.7572989463806152, train_AUC=0.9954207471886541, train_AP=0.9936264875372085, time=0.5029942989349365
INFO - 11/06/25 18:32:21 - 0:42:29 - Epoch 119: val_AUC=0.9610363666280024, val_AP=0.9570832779742372
INFO - 11/06/25 18:32:21 - 0:42:29 - Epoch 120: train_loss=0.7564958333969116, train_AUC=0.9955619093481954, train_AP=0.9939483760310712, time=0.5220718383789062
INFO - 11/06/25 18:32:21 - 0:42:29 - Epoch 120: val_AUC=0.9609571511423322, val_AP=0.957036382959309
INFO - 11/06/25 18:32:22 - 0:42:30 - Epoch 121: train_loss=0.7539020776748657, train_AUC=0.995722058553323, train_AP=0.9938513808237834, time=0.4958961009979248
INFO - 11/06/25 18:32:22 - 0:42:30 - Epoch 121: val_AUC=0.960890968538623, val_AP=0.9570015292516629
INFO - 11/06/25 18:32:22 - 0:42:31 - Epoch 122: train_loss=0.7533408999443054, train_AUC=0.9956910931858802, train_AP=0.9940361740004002, time=0.46044349670410156
INFO - 11/06/25 18:32:23 - 0:42:31 - Epoch 122: val_AUC=0.9608624591093328, val_AP=0.9570207228317728
INFO - 11/06/25 18:32:23 - 0:42:31 - Epoch 123: train_loss=0.7511641383171082, train_AUC=0.9958950885228348, train_AP=0.9943562225615006, time=0.565751314163208
INFO - 11/06/25 18:32:23 - 0:42:32 - Epoch 123: val_AUC=0.960844742535417, val_AP=0.9570424423999474
INFO - 11/06/25 18:32:24 - 0:42:32 - Epoch 124: train_loss=0.7507608532905579, train_AUC=0.9958282167213772, train_AP=0.994218278476518, time=0.5682828426361084
INFO - 11/06/25 18:32:24 - 0:42:32 - Epoch 124: val_AUC=0.9608127712468557, val_AP=0.957043697164419
INFO - 11/06/25 18:32:25 - 0:42:33 - Epoch 125: train_loss=0.7495900392532349, train_AUC=0.9957511359067345, train_AP=0.9939244018386238, time=0.5375373363494873
INFO - 11/06/25 18:32:25 - 0:42:33 - Epoch 125: val_AUC=0.9607805963195142, val_AP=0.9570725020962393
INFO - 11/06/25 18:32:26 - 0:42:34 - Epoch 126: train_loss=0.7468701601028442, train_AUC=0.996152376049878, train_AP=0.9947756714808741, time=0.45574355125427246
INFO - 11/06/25 18:32:26 - 0:42:34 - Epoch 126: val_AUC=0.9607015844726245, val_AP=0.957053909047288
INFO - 11/06/25 18:32:26 - 0:42:34 - Epoch 127: train_loss=0.745233416557312, train_AUC=0.9960067369018406, train_AP=0.9944863005726878, time=0.4879634380340576
INFO - 11/06/25 18:32:26 - 0:42:35 - Epoch 127: val_AUC=0.9605840848961931, val_AP=0.9570124608386488
INFO - 11/06/25 18:32:27 - 0:42:35 - Epoch 128: train_loss=0.7457723617553711, train_AUC=0.9959832940022438, train_AP=0.9943467638944665, time=0.43587732315063477
INFO - 11/06/25 18:32:27 - 0:42:35 - Epoch 128: val_AUC=0.9605111822127228, val_AP=0.9570041188668685
INFO - 11/06/25 18:32:28 - 0:42:36 - Epoch 129: train_loss=0.7438991069793701, train_AUC=0.9961152321917417, train_AP=0.9947905041193827, time=0.5484154224395752
INFO - 11/06/25 18:32:28 - 0:42:36 - Epoch 129: val_AUC=0.9604480541907233, val_AP=0.956975423969796
INFO - 11/06/25 18:32:28 - 0:42:36 - Epoch 130: train_loss=0.7421290874481201, train_AUC=0.9961906255938439, train_AP=0.99474175709557, time=0.5315146446228027
INFO - 11/06/25 18:32:29 - 0:42:37 - Epoch 130: val_AUC=0.9604298285198555, val_AP=0.9569815320968773
INFO - 11/06/25 18:32:29 - 0:42:37 - Epoch 131: train_loss=0.7411532998085022, train_AUC=0.9961229728731497, train_AP=0.994408323548365, time=0.5286910533905029
INFO - 11/06/25 18:32:29 - 0:42:37 - Epoch 131: val_AUC=0.9603547876291885, val_AP=0.9569132613738648
INFO - 11/06/25 18:32:30 - 0:42:38 - Epoch 132: train_loss=0.739289402961731, train_AUC=0.9964143115786287, train_AP=0.9950547976158914, time=0.48903417587280273
INFO - 11/06/25 18:32:30 - 0:42:38 - Epoch 132: val_AUC=0.9602851431662083, val_AP=0.956873604107457
INFO - 11/06/25 18:32:31 - 0:42:39 - Epoch 133: train_loss=0.7395710945129395, train_AUC=0.9960750137943377, train_AP=0.9944145105614424, time=0.5088517665863037
INFO - 11/06/25 18:32:31 - 0:42:39 - Epoch 133: val_AUC=0.9602004294334607, val_AP=0.9568517200469677
INFO - 11/06/25 18:32:31 - 0:42:39 - Epoch 134: train_loss=0.7376355528831482, train_AUC=0.9960685607314543, train_AP=0.9943556001098017, time=0.4783039093017578
INFO - 11/06/25 18:32:32 - 0:42:40 - Epoch 134: val_AUC=0.9601055337616807, val_AP=0.9568247227888032
INFO - 11/06/25 18:32:32 - 0:42:40 - Epoch 135: train_loss=0.734736979007721, train_AUC=0.996676448413353, train_AP=0.9953064977158945, time=0.45496082305908203
INFO - 11/06/25 18:32:32 - 0:42:40 - Epoch 135: val_AUC=0.9600126744777072, val_AP=0.956793905592937
INFO - 11/06/25 18:32:33 - 0:42:41 - Epoch 136: train_loss=0.7347617149353027, train_AUC=0.996259349304587, train_AP=0.9946111307998589, time=0.48070549964904785
INFO - 11/06/25 18:32:33 - 0:42:41 - Epoch 136: val_AUC=0.9599294880358143, val_AP=0.9567645117367329
INFO - 11/06/25 18:32:33 - 0:42:42 - Epoch 137: train_loss=0.7340320348739624, train_AUC=0.9965325074212196, train_AP=0.9951713218217662, time=0.4934542179107666
INFO - 11/06/25 18:32:34 - 0:42:42 - Epoch 137: val_AUC=0.959841414263186, val_AP=0.956716462002988
INFO - 11/06/25 18:32:34 - 0:42:42 - Epoch 138: train_loss=0.7316279411315918, train_AUC=0.9967067559699371, train_AP=0.995401776681656, time=0.5725059509277344
INFO - 11/06/25 18:32:34 - 0:42:43 - Epoch 138: val_AUC=0.9597560896140964, val_AP=0.9566421583651328
INFO - 11/06/25 18:32:35 - 0:42:43 - Epoch 139: train_loss=0.7296828031539917, train_AUC=0.996714696548353, train_AP=0.9954864244479721, time=0.48833441734313965
INFO - 11/06/25 18:32:35 - 0:42:43 - Epoch 139: val_AUC=0.9596296299313167, val_AP=0.956552176911484
INFO - 11/06/25 18:32:36 - 0:42:44 - Epoch 140: train_loss=0.7280793190002441, train_AUC=0.9967812738759805, train_AP=0.9954914251418078, time=0.5226254463195801
INFO - 11/06/25 18:32:36 - 0:42:44 - Epoch 140: val_AUC=0.9594785299560792, val_AP=0.9564362675504703
INFO - 11/06/25 18:32:36 - 0:42:44 - Epoch 141: train_loss=0.728279173374176, train_AUC=0.9965955535285737, train_AP=0.9951165869543688, time=0.509915828704834
INFO - 11/06/25 18:32:37 - 0:42:45 - Epoch 141: val_AUC=0.9593522739120801, val_AP=0.9563400390149017
INFO - 11/06/25 18:32:37 - 0:42:45 - Epoch 142: train_loss=0.72591233253479, train_AUC=0.9970038656227824, train_AP=0.9958857957856766, time=0.494671106338501
INFO - 11/06/25 18:32:37 - 0:42:45 - Epoch 142: val_AUC=0.959247196301268, val_AP=0.95626822709116
INFO - 11/06/25 18:32:38 - 0:42:46 - Epoch 143: train_loss=0.7257765531539917, train_AUC=0.9967728220191379, train_AP=0.9952808484065842, time=0.4935154914855957
INFO - 11/06/25 18:32:38 - 0:42:46 - Epoch 143: val_AUC=0.9591525042682688, val_AP=0.9562126805878761
INFO - 11/06/25 18:32:38 - 0:42:47 - Epoch 144: train_loss=0.723736047744751, train_AUC=0.9968310251591566, train_AP=0.9955875713306968, time=0.5090396404266357
INFO - 11/06/25 18:32:39 - 0:42:47 - Epoch 144: val_AUC=0.9590531285433148, val_AP=0.9561720250112293
INFO - 11/06/25 18:32:39 - 0:42:47 - Epoch 145: train_loss=0.7246350049972534, train_AUC=0.9968402225349725, train_AP=0.9955708920617063, time=0.5390877723693848
INFO - 11/06/25 18:32:39 - 0:42:48 - Epoch 145: val_AUC=0.9589551782898253, val_AP=0.9561217716557486
INFO - 11/06/25 18:32:40 - 0:42:48 - Epoch 146: train_loss=0.7223682403564453, train_AUC=0.9968814555637976, train_AP=0.9954919163284275, time=0.5114703178405762
INFO - 11/06/25 18:32:40 - 0:42:48 - Epoch 146: val_AUC=0.9588362532419293, val_AP=0.9560611581272052
INFO - 11/06/25 18:32:41 - 0:42:49 - Epoch 147: train_loss=0.7202795147895813, train_AUC=0.9971086754106664, train_AP=0.9960183970633739, time=0.502800464630127
INFO - 11/06/25 18:32:41 - 0:42:49 - Epoch 147: val_AUC=0.9586715094683887, val_AP=0.9559439071869045
INFO - 11/06/25 18:32:41 - 0:42:50 - Epoch 148: train_loss=0.7204539775848389, train_AUC=0.9968627540098854, train_AP=0.9956293446785153, time=0.5632150173187256
INFO - 11/06/25 18:32:42 - 0:42:50 - Epoch 148: val_AUC=0.9585116530255836, val_AP=0.9558447122198925
INFO - 11/06/25 18:32:42 - 0:42:50 - Epoch 149: train_loss=0.7194555997848511, train_AUC=0.9969625107184247, train_AP=0.995839575954687, time=0.5454006195068359
INFO - 11/06/25 18:32:42 - 0:42:51 - Epoch 149: val_AUC=0.9583674767688879, val_AP=0.9557449312928467
INFO - 11/06/25 18:32:43 - 0:42:51 - Epoch 150: train_loss=0.7182807922363281, train_AUC=0.9970770673787459, train_AP=0.9959672393732579, time=0.5222854614257812
INFO - 11/06/25 18:32:43 - 0:42:51 - Epoch 150: val_AUC=0.9582562899946565, val_AP=0.9556844167916158
INFO - 11/06/25 18:32:44 - 0:42:52 - Epoch 151: train_loss=0.7181858420372009, train_AUC=0.9969874215841551, train_AP=0.9957898813921913, time=0.4950063228607178
INFO - 11/06/25 18:32:44 - 0:42:52 - Epoch 151: val_AUC=0.9581548778818961, val_AP=0.9556230126945947
INFO - 11/06/25 18:32:44 - 0:42:53 - Epoch 152: train_loss=0.7150440216064453, train_AUC=0.9972341895971982, train_AP=0.9960708514954332, time=0.5150926113128662
INFO - 11/06/25 18:32:45 - 0:42:53 - Epoch 152: val_AUC=0.9580374801248551, val_AP=0.9555508958809126
INFO - 11/06/25 18:32:45 - 0:42:53 - Epoch 153: train_loss=0.7164329886436462, train_AUC=0.9969982903455269, train_AP=0.9957859417416018, time=0.46188879013061523
INFO - 11/06/25 18:32:45 - 0:42:53 - Epoch 153: val_AUC=0.9578879074404723, val_AP=0.9554681530773096
INFO - 11/06/25 18:32:46 - 0:42:54 - Epoch 154: train_loss=0.7126389741897583, train_AUC=0.9971585254975618, train_AP=0.9957998952082767, time=0.49214887619018555
INFO - 11/06/25 18:32:46 - 0:42:54 - Epoch 154: val_AUC=0.9576525010100483, val_AP=0.9553233077583405
INFO - 11/06/25 18:32:46 - 0:42:55 - Epoch 155: train_loss=0.7131073474884033, train_AUC=0.9970737004790968, train_AP=0.995800675816025, time=0.5326969623565674
INFO - 11/06/25 18:32:47 - 0:42:55 - Epoch 155: val_AUC=0.9574262583247533, val_AP=0.9551674875930429
INFO - 11/06/25 18:32:47 - 0:42:55 - Epoch 156: train_loss=0.7110838890075684, train_AUC=0.997487624483669, train_AP=0.9965608914243188, time=0.48964953422546387
INFO - 11/06/25 18:32:47 - 0:42:56 - Epoch 156: val_AUC=0.957346431922741, val_AP=0.9551202591102497
INFO - 11/06/25 18:32:48 - 0:42:56 - Epoch 157: train_loss=0.7106527090072632, train_AUC=0.9972970801899637, train_AP=0.9961671094650999, time=0.5503571033477783
INFO - 11/06/25 18:32:48 - 0:42:56 - Epoch 157: val_AUC=0.9572484816692515, val_AP=0.9550644201582894
INFO - 11/06/25 18:32:49 - 0:42:57 - Epoch 158: train_loss=0.7106850147247314, train_AUC=0.9971865658522218, train_AP=0.9958520749696073, time=0.5127806663513184
INFO - 11/06/25 18:32:49 - 0:42:57 - Epoch 158: val_AUC=0.9571071563554847, val_AP=0.9549757156500586
INFO - 11/06/25 18:32:49 - 0:42:58 - Epoch 159: train_loss=0.7083209156990051, train_AUC=0.9972129105166676, train_AP=0.995871190474046, time=0.4449903964996338
INFO - 11/06/25 18:32:50 - 0:42:58 - Epoch 159: val_AUC=0.9568847828070222, val_AP=0.954809742450299
INFO - 11/06/25 18:32:50 - 0:42:58 - Epoch 160: train_loss=0.7094258069992065, train_AUC=0.9972353919732982, train_AP=0.9961015404566469, time=0.47788357734680176
INFO - 11/06/25 18:32:50 - 0:42:58 - Epoch 160: val_AUC=0.9567210572273847, val_AP=0.9547648631987279
INFO - 11/06/25 18:32:51 - 0:42:59 - Epoch 161: train_loss=0.706449031829834, train_AUC=0.9973865558519468, train_AP=0.9962933860056267, time=0.5431225299835205
INFO - 11/06/25 18:32:51 - 0:42:59 - Epoch 161: val_AUC=0.9566251433617017, val_AP=0.9547370777174602
INFO - 11/06/25 18:32:52 - 0:43:00 - Epoch 162: train_loss=0.7063435316085815, train_AUC=0.9973031014048617, train_AP=0.9961229259767249, time=0.518803596496582
INFO - 11/06/25 18:32:52 - 0:43:00 - Epoch 162: val_AUC=0.9565448078627377, val_AP=0.9547049254915795
INFO - 11/06/25 18:32:52 - 0:43:00 - Epoch 163: train_loss=0.7035529613494873, train_AUC=0.9976125159073636, train_AP=0.9965236360935931, time=0.5177230834960938
INFO - 11/06/25 18:32:52 - 0:43:01 - Epoch 163: val_AUC=0.95636204205711, val_AP=0.9545735866110757
INFO - 11/06/25 18:32:53 - 0:43:01 - Epoch 164: train_loss=0.7037739753723145, train_AUC=0.9974599324957772, train_AP=0.9964276103737995, time=0.5507135391235352
INFO - 11/06/25 18:32:53 - 0:43:01 - Epoch 164: val_AUC=0.9561818217362406, val_AP=0.954470156895906
INFO - 11/06/25 18:32:54 - 0:43:02 - Epoch 165: train_loss=0.7035356760025024, train_AUC=0.997467261406961, train_AP=0.9963836431711937, time=0.5460190773010254
INFO - 11/06/25 18:32:54 - 0:43:02 - Epoch 165: val_AUC=0.9561076972200862, val_AP=0.9544312482656068
INFO - 11/06/25 18:32:54 - 0:43:03 - Epoch 166: train_loss=0.7026714086532593, train_AUC=0.9974090100098671, train_AP=0.996247611542555, time=0.49455809593200684
INFO - 11/06/25 18:32:55 - 0:43:03 - Epoch 166: val_AUC=0.9560274635405127, val_AP=0.9544239492224382
INFO - 11/06/25 18:32:55 - 0:43:03 - Epoch 167: train_loss=0.7010278701782227, train_AUC=0.9976724936396753, train_AP=0.9964445946229189, time=0.5263373851776123
INFO - 11/06/25 18:32:55 - 0:43:04 - Epoch 167: val_AUC=0.955855388770869, val_AP=0.9542858455033296
INFO - 11/06/25 18:32:56 - 0:43:04 - Epoch 168: train_loss=0.7000974416732788, train_AUC=0.9977560069110781, train_AP=0.9968791841250917, time=0.5575048923492432
INFO - 11/06/25 18:32:56 - 0:43:04 - Epoch 168: val_AUC=0.9557032706017282, val_AP=0.9541641442758046
INFO - 11/06/25 18:32:57 - 0:43:05 - Epoch 169: train_loss=0.699074387550354, train_AUC=0.9976135937661202, train_AP=0.9965985159313937, time=0.4748225212097168
INFO - 11/06/25 18:32:57 - 0:43:05 - Epoch 169: val_AUC=0.9556250733099612, val_AP=0.9541292380914572
INFO - 11/06/25 18:32:57 - 0:43:06 - Epoch 170: train_loss=0.6981488466262817, train_AUC=0.9977113779226866, train_AP=0.9966988114369899, time=0.49919891357421875
INFO - 11/06/25 18:32:58 - 0:43:06 - Epoch 170: val_AUC=0.9555389341057487, val_AP=0.9541033002510949
INFO - 11/06/25 18:32:58 - 0:43:06 - Epoch 171: train_loss=0.6978135704994202, train_AUC=0.9976961408392978, train_AP=0.9968004071915975, time=0.5565915107727051
INFO - 11/06/25 18:32:58 - 0:43:06 - Epoch 171: val_AUC=0.9553794849405048, val_AP=0.9540330408853976
INFO - 11/06/25 18:32:59 - 0:43:07 - Epoch 172: train_loss=0.6964523792266846, train_AUC=0.9974940650419819, train_AP=0.9963453297279735, time=0.5095722675323486
INFO - 11/06/25 18:32:59 - 0:43:07 - Epoch 172: val_AUC=0.9551689224413195, val_AP=0.9539171312604109
INFO - 11/06/25 18:33:00 - 0:43:08 - Epoch 173: train_loss=0.6960679292678833, train_AUC=0.997590502051223, train_AP=0.9965888871455537, time=0.5084967613220215
INFO - 11/06/25 18:33:00 - 0:43:08 - Epoch 173: val_AUC=0.955097852506875, val_AP=0.9538697922230476
INFO - 11/06/25 18:33:00 - 0:43:08 - Epoch 174: train_loss=0.6942993402481079, train_AUC=0.997849571039267, train_AP=0.9969615549881481, time=0.5321168899536133
INFO - 11/06/25 18:33:01 - 0:43:09 - Epoch 174: val_AUC=0.9549819820406886, val_AP=0.9537846108805749
INFO - 11/06/25 18:33:01 - 0:43:09 - Epoch 175: train_loss=0.6925790905952454, train_AUC=0.997836489497271, train_AP=0.9968262553838682, time=0.5251128673553467
INFO - 11/06/25 18:33:01 - 0:43:09 - Epoch 175: val_AUC=0.9547453537775809, val_AP=0.9536152876797358
INFO - 11/06/25 18:33:02 - 0:43:10 - Epoch 176: train_loss=0.6919325590133667, train_AUC=0.9977617778584446, train_AP=0.9966191520636759, time=0.5660386085510254
INFO - 11/06/25 18:33:02 - 0:43:10 - Epoch 176: val_AUC=0.9545940501635627, val_AP=0.9535038007642904
INFO - 11/06/25 18:33:03 - 0:43:11 - Epoch 177: train_loss=0.6919967532157898, train_AUC=0.9977313818892632, train_AP=0.996707180378993, time=0.5119457244873047
INFO - 11/06/25 18:33:03 - 0:43:11 - Epoch 177: val_AUC=0.9545366240274211, val_AP=0.9534765932715019
INFO - 11/06/25 18:33:03 - 0:43:12 - Epoch 178: train_loss=0.6906851530075073, train_AUC=0.9979301168527954, train_AP=0.99702013152703, time=0.5395874977111816
INFO - 11/06/25 18:33:04 - 0:43:12 - Epoch 178: val_AUC=0.9543661783680225, val_AP=0.9533941382403652
INFO - 11/06/25 18:33:04 - 0:43:12 - Epoch 179: train_loss=0.6886796355247498, train_AUC=0.9979240549540129, train_AP=0.9969732590956883, time=0.516289472579956
INFO - 11/06/25 18:33:04 - 0:43:12 - Epoch 179: val_AUC=0.9540370980985026, val_AP=0.9531370751336228
INFO - 11/06/25 18:33:05 - 0:43:13 - Epoch 180: train_loss=0.6886818408966064, train_AUC=0.9978894039084325, train_AP=0.9968611057071808, time=0.4869701862335205
INFO - 11/06/25 18:33:05 - 0:43:13 - Epoch 180: val_AUC=0.9540167342204382, val_AP=0.9531739498060156
INFO - 11/06/25 18:33:06 - 0:43:14 - Epoch 181: train_loss=0.6876448392868042, train_AUC=0.9980563675761442, train_AP=0.9972042640375613, time=0.5276212692260742
INFO - 11/06/25 18:33:06 - 0:43:14 - Epoch 181: val_AUC=0.9540348580719153, val_AP=0.9532132742800323
INFO - 11/06/25 18:33:06 - 0:43:14 - Epoch 182: train_loss=0.6875612139701843, train_AUC=0.9980743723965202, train_AP=0.9971316917125542, time=0.47432971000671387
INFO - 11/06/25 18:33:06 - 0:43:15 - Epoch 182: val_AUC=0.9537980261700271, val_AP=0.9530335038217285
INFO - 11/06/25 18:33:07 - 0:43:15 - Epoch 183: train_loss=0.6867376565933228, train_AUC=0.997862799818178, train_AP=0.9968175935314562, time=0.44243860244750977
INFO - 11/06/25 18:33:07 - 0:43:15 - Epoch 183: val_AUC=0.9535510123291063, val_AP=0.9528606980190435
INFO - 11/06/25 18:33:08 - 0:43:16 - Epoch 184: train_loss=0.6843845248222351, train_AUC=0.9982512215436693, train_AP=0.997535963856627, time=0.49088239669799805
INFO - 11/06/25 18:33:08 - 0:43:16 - Epoch 184: val_AUC=0.9535789108420545, val_AP=0.952935915824045
INFO - 11/06/25 18:33:08 - 0:43:16 - Epoch 185: train_loss=0.6842007637023926, train_AUC=0.9980440718847647, train_AP=0.9972655406414065, time=0.526254415512085
INFO - 11/06/25 18:33:09 - 0:43:17 - Epoch 185: val_AUC=0.9534603930717199, val_AP=0.9528697642895224
INFO - 11/06/25 18:33:09 - 0:43:17 - Epoch 186: train_loss=0.6842641830444336, train_AUC=0.997905045717217, train_AP=0.9969147857530773, time=0.5229537487030029
INFO - 11/06/25 18:33:09 - 0:43:17 - Epoch 186: val_AUC=0.9532013645427414, val_AP=0.9526838581566885
INFO - 11/06/25 18:33:10 - 0:43:18 - Epoch 187: train_loss=0.6836215257644653, train_AUC=0.9980005137103014, train_AP=0.9969942775674823, time=0.5224337577819824
INFO - 11/06/25 18:33:10 - 0:43:18 - Epoch 187: val_AUC=0.9530895668521681, val_AP=0.9526028200446257
INFO - 11/06/25 18:33:11 - 0:43:19 - Epoch 188: train_loss=0.6823542714118958, train_AUC=0.9980966521949358, train_AP=0.9973327999383849, time=0.5311732292175293
INFO - 11/06/25 18:33:11 - 0:43:19 - Epoch 188: val_AUC=0.9530806067458197, val_AP=0.9526303233038629
INFO - 11/06/25 18:33:11 - 0:43:19 - Epoch 189: train_loss=0.6810073852539062, train_AUC=0.9981313076435341, train_AP=0.9972998653920717, time=0.47072696685791016
INFO - 11/06/25 18:33:11 - 0:43:20 - Epoch 189: val_AUC=0.9529054773944664, val_AP=0.9525257998791002
INFO - 11/06/25 18:33:12 - 0:43:20 - Epoch 190: train_loss=0.6803827285766602, train_AUC=0.998152548681991, train_AP=0.9973295986132689, time=0.5109424591064453
INFO - 11/06/25 18:33:12 - 0:43:20 - Epoch 190: val_AUC=0.9527568210845964, val_AP=0.9524380300084465
INFO - 11/06/25 18:33:13 - 0:43:21 - Epoch 191: train_loss=0.6808313131332397, train_AUC=0.9980123310578275, train_AP=0.9970329483936204, time=0.5185775756835938
INFO - 11/06/25 18:33:13 - 0:43:21 - Epoch 191: val_AUC=0.9527995852285316, val_AP=0.9525164077418475
INFO - 11/06/25 18:33:13 - 0:43:22 - Epoch 192: train_loss=0.6789860725402832, train_AUC=0.9983146112625324, train_AP=0.9976502525235453, time=0.48255181312561035
INFO - 11/06/25 18:33:14 - 0:43:22 - Epoch 192: val_AUC=0.9526472634206102, val_AP=0.9524434147946322
INFO - 11/06/25 18:33:14 - 0:43:22 - Epoch 193: train_loss=0.6782375574111938, train_AUC=0.9981848328413244, train_AP=0.9973086622968896, time=0.5261218547821045
INFO - 11/06/25 18:33:14 - 0:43:22 - Epoch 193: val_AUC=0.952396584081638, val_AP=0.9522644495692992
INFO - 11/06/25 18:33:15 - 0:43:23 - Epoch 194: train_loss=0.6776708960533142, train_AUC=0.9982774379922369, train_AP=0.9975779761003991, time=0.5244276523590088
INFO - 11/06/25 18:33:15 - 0:43:23 - Epoch 194: val_AUC=0.9524136897392123, val_AP=0.9523038199602204
INFO - 11/06/25 18:33:16 - 0:43:24 - Epoch 195: train_loss=0.6759489178657532, train_AUC=0.9983245328467156, train_AP=0.9975766063050915, time=0.4904193878173828
INFO - 11/06/25 18:33:16 - 0:43:24 - Epoch 195: val_AUC=0.9522813245317937, val_AP=0.9522231003266901
INFO - 11/06/25 18:33:16 - 0:43:24 - Epoch 196: train_loss=0.6757935285568237, train_AUC=0.9981769162153252, train_AP=0.9973099563549762, time=0.4423034191131592
INFO - 11/06/25 18:33:16 - 0:43:25 - Epoch 196: val_AUC=0.9521477374916915, val_AP=0.952158863674931
INFO - 11/06/25 18:33:17 - 0:43:25 - Epoch 197: train_loss=0.6753156185150146, train_AUC=0.9982492364871257, train_AP=0.9974758441478672, time=0.47470998764038086
INFO - 11/06/25 18:33:17 - 0:43:25 - Epoch 197: val_AUC=0.9521788942251299, val_AP=0.9522244420705146
INFO - 11/06/25 18:33:18 - 0:43:26 - Epoch 198: train_loss=0.6742144823074341, train_AUC=0.9984530704975084, train_AP=0.9978672627279868, time=0.5260283946990967
INFO - 11/06/25 18:33:18 - 0:43:26 - Epoch 198: val_AUC=0.9520821658043241, val_AP=0.9521630778094465
INFO - 11/06/25 18:33:18 - 0:43:26 - Epoch 199: train_loss=0.6741042137145996, train_AUC=0.9982664572180924, train_AP=0.9975127872672952, time=0.47766947746276855
INFO - 11/06/25 18:33:19 - 0:43:27 - Epoch 199: val_AUC=0.9519801427752218, val_AP=0.9520874478308514
INFO - 11/06/25 18:33:19 - 0:43:27 - Epoch 200: train_loss=0.6717448234558105, train_AUC=0.9983770914940392, train_AP=0.9976764805915367, time=0.4709925651550293
INFO - 11/06/25 18:33:19 - 0:43:27 - Epoch 200: val_AUC=0.9520080412881702, val_AP=0.9521237450171336
INFO - 11/06/25 18:33:20 - 0:43:28 - Epoch 201: train_loss=0.672144889831543, train_AUC=0.9983174929496201, train_AP=0.9974641587853376, time=0.50881028175354
INFO - 11/06/25 18:33:20 - 0:43:28 - Epoch 201: val_AUC=0.9519935829347443, val_AP=0.9521133911929086
INFO - 11/06/25 18:33:20 - 0:43:29 - Epoch 202: train_loss=0.6712937355041504, train_AUC=0.9985734863416725, train_AP=0.998066914348646, time=0.4682750701904297
INFO - 11/06/25 18:33:21 - 0:43:29 - Epoch 202: val_AUC=0.9518359665185261, val_AP=0.9520337028530383
INFO - 11/06/25 18:33:21 - 0:43:29 - Epoch 203: train_loss=0.6711057424545288, train_AUC=0.9983622829123425, train_AP=0.9976330000281058, time=0.5255336761474609
INFO - 11/06/25 18:33:21 - 0:43:29 - Epoch 203: val_AUC=0.9519667026156994, val_AP=0.9521724727632913
INFO - 11/06/25 18:33:22 - 0:43:30 - Epoch 204: train_loss=0.6699516177177429, train_AUC=0.9984179323020389, train_AP=0.9978072763872126, time=0.5021681785583496
INFO - 11/06/25 18:33:22 - 0:43:30 - Epoch 204: val_AUC=0.9518844325483196, val_AP=0.9521219588553224
INFO - 11/06/25 18:33:23 - 0:43:31 - Epoch 205: train_loss=0.6694947481155396, train_AUC=0.9983136508762904, train_AP=0.9973962081092629, time=0.5050702095031738
INFO - 11/06/25 18:33:23 - 0:43:31 - Epoch 205: val_AUC=0.9517386271813787, val_AP=0.9520079370208052
INFO - 11/06/25 18:33:23 - 0:43:31 - Epoch 206: train_loss=0.6688610911369324, train_AUC=0.9982278549043408, train_AP=0.9973596643227057, time=0.5092062950134277
INFO - 11/06/25 18:33:23 - 0:43:32 - Epoch 206: val_AUC=0.9518917635444226, val_AP=0.9521456979038868
INFO - 11/06/25 18:33:24 - 0:43:32 - Epoch 207: train_loss=0.6684184074401855, train_AUC=0.99830901203286, train_AP=0.9975688260366884, time=0.4822213649749756
INFO - 11/06/25 18:33:24 - 0:43:32 - Epoch 207: val_AUC=0.951796664233862, val_AP=0.9520974468065704
INFO - 11/06/25 18:33:25 - 0:43:33 - Epoch 208: train_loss=0.6681179404258728, train_AUC=0.9984078303702465, train_AP=0.9976102413031817, time=0.4885234832763672
INFO - 11/06/25 18:33:25 - 0:43:33 - Epoch 208: val_AUC=0.9516072801678636, val_AP=0.9519886145488642
INFO - 11/06/25 18:33:25 - 0:43:34 - Epoch 209: train_loss=0.666454017162323, train_AUC=0.9985420149794244, train_AP=0.9978807963794608, time=0.4949936866760254
INFO - 11/06/25 18:33:26 - 0:43:34 - Epoch 209: val_AUC=0.9516252003805601, val_AP=0.9520660132719886
INFO - 11/06/25 18:33:26 - 0:43:34 - Epoch 210: train_loss=0.6665158271789551, train_AUC=0.9983887968287924, train_AP=0.997571075140969, time=0.5294725894927979
INFO - 11/06/25 18:33:26 - 0:43:35 - Epoch 210: val_AUC=0.9514842823443549, val_AP=0.9519726621016538
INFO - 11/06/25 18:33:27 - 0:43:35 - Epoch 211: train_loss=0.6654192805290222, train_AUC=0.9985376234094736, train_AP=0.9979191765636795, time=0.5043511390686035
INFO - 11/06/25 18:33:27 - 0:43:35 - Epoch 211: val_AUC=0.9514858096352097, val_AP=0.9519748775150648
INFO - 11/06/25 18:33:28 - 0:43:36 - Epoch 212: train_loss=0.6654222011566162, train_AUC=0.9982995059174361, train_AP=0.9973410958310184, time=0.487321138381958
INFO - 11/06/25 18:33:28 - 0:43:36 - Epoch 212: val_AUC=0.9513720773762202, val_AP=0.9518826084846359
INFO - 11/06/25 18:33:28 - 0:43:37 - Epoch 213: train_loss=0.6635792851448059, train_AUC=0.9984276321502459, train_AP=0.9975425509950892, time=0.5617601871490479
INFO - 11/06/25 18:33:29 - 0:43:37 - Epoch 213: val_AUC=0.951203057188286, val_AP=0.9517665066341526
INFO - 11/06/25 18:33:29 - 0:43:37 - Epoch 214: train_loss=0.6637604236602783, train_AUC=0.998296404960062, train_AP=0.9974169109404458, time=0.4872713088989258
INFO - 11/06/25 18:33:29 - 0:43:37 - Epoch 214: val_AUC=0.9511704749833829, val_AP=0.9518027353660414
INFO - 11/06/25 18:33:30 - 0:43:38 - Epoch 215: train_loss=0.6625706553459167, train_AUC=0.9984910576216134, train_AP=0.9976835640441666, time=0.4405369758605957
INFO - 11/06/25 18:33:30 - 0:43:38 - Epoch 215: val_AUC=0.951018560453023, val_AP=0.9517375230379527
INFO - 11/06/25 18:33:30 - 0:43:39 - Epoch 216: train_loss=0.6630164384841919, train_AUC=0.9983841750690712, train_AP=0.9975834184567165, time=0.5276007652282715
INFO - 11/06/25 18:33:31 - 0:43:39 - Epoch 216: val_AUC=0.9508799842627951, val_AP=0.9516380646252433
INFO - 11/06/25 18:33:31 - 0:43:39 - Epoch 217: train_loss=0.6616358757019043, train_AUC=0.9983851826556639, train_AP=0.99759451175158, time=0.5140457153320312
INFO - 11/06/25 18:33:31 - 0:43:39 - Epoch 217: val_AUC=0.9509094100665981, val_AP=0.9516918476587637
INFO - 11/06/25 18:33:32 - 0:43:40 - Epoch 218: train_loss=0.6617988348007202, train_AUC=0.9983110921945881, train_AP=0.9974507120482369, time=0.5188901424407959
INFO - 11/06/25 18:33:32 - 0:43:40 - Epoch 218: val_AUC=0.9506927384039933, val_AP=0.9515441673472864
INFO - 11/06/25 18:33:33 - 0:43:41 - Epoch 219: train_loss=0.6604512929916382, train_AUC=0.9983730891508616, train_AP=0.9975616851773437, time=0.499178409576416
INFO - 11/06/25 18:33:33 - 0:43:41 - Epoch 219: val_AUC=0.9507151386698642, val_AP=0.9516016818437609
INFO - 11/06/25 18:33:33 - 0:43:41 - Epoch 220: train_loss=0.6593403816223145, train_AUC=0.9986266871251115, train_AP=0.997993101431887, time=0.486757755279541
INFO - 11/06/25 18:33:33 - 0:43:42 - Epoch 220: val_AUC=0.9505770715765877, val_AP=0.9515245649759695
INFO - 11/06/25 18:33:34 - 0:43:42 - Epoch 221: train_loss=0.6597038507461548, train_AUC=0.9983993730536619, train_AP=0.9976591764975645, time=0.4951498508453369
INFO - 11/06/25 18:33:34 - 0:43:42 - Epoch 221: val_AUC=0.9504675139126014, val_AP=0.9514693307726916
INFO - 11/06/25 18:33:35 - 0:43:43 - Epoch 222: train_loss=0.6585206985473633, train_AUC=0.9984018080986243, train_AP=0.9974591756531517, time=0.5221860408782959
INFO - 11/06/25 18:33:35 - 0:43:43 - Epoch 222: val_AUC=0.9506068028385617, val_AP=0.9515920613945761
INFO - 11/06/25 18:33:35 - 0:43:44 - Epoch 223: train_loss=0.6568248271942139, train_AUC=0.9986136286549289, train_AP=0.9979117360103882, time=0.5079696178436279
INFO - 11/06/25 18:33:36 - 0:43:44 - Epoch 223: val_AUC=0.9502705952117191, val_AP=0.9513594588710446
INFO - 11/06/25 18:33:36 - 0:43:44 - Epoch 224: train_loss=0.6577027440071106, train_AUC=0.9986861526983931, train_AP=0.9981141962978803, time=0.49089956283569336
INFO - 11/06/25 18:33:36 - 0:43:44 - Epoch 224: val_AUC=0.9505239218548399, val_AP=0.9515787318187474
INFO - 11/06/25 18:33:37 - 0:43:45 - Epoch 225: train_loss=0.6576075553894043, train_AUC=0.998498291779854, train_AP=0.997747112427507, time=0.5444059371948242
INFO - 11/06/25 18:33:37 - 0:43:45 - Epoch 225: val_AUC=0.9502361802577904, val_AP=0.9513989070811049
INFO - 11/06/25 18:33:38 - 0:43:46 - Epoch 226: train_loss=0.6553545594215393, train_AUC=0.9987404362719687, train_AP=0.9982731924799134, time=0.5158629417419434
INFO - 11/06/25 18:33:38 - 0:43:46 - Epoch 226: val_AUC=0.950283831732461, val_AP=0.9514742943649828
INFO - 11/06/25 18:33:38 - 0:43:46 - Epoch 227: train_loss=0.656013011932373, train_AUC=0.9986588576865858, train_AP=0.998005044518201, time=0.4964864253997803
INFO - 11/06/25 18:33:39 - 0:43:47 - Epoch 227: val_AUC=0.9502842390100222, val_AP=0.9515311099492461
INFO - 11/06/25 18:33:39 - 0:43:47 - Epoch 228: train_loss=0.654594898223877, train_AUC=0.9986180709476448, train_AP=0.9979274302422738, time=0.5398397445678711
INFO - 11/06/25 18:33:39 - 0:43:47 - Epoch 228: val_AUC=0.9498684086199481, val_AP=0.9512222967674935
INFO - 11/06/25 18:33:40 - 0:43:48 - Epoch 229: train_loss=0.652873158454895, train_AUC=0.9985966879558941, train_AP=0.9978267960850629, time=0.5335514545440674
INFO - 11/06/25 18:33:40 - 0:43:48 - Epoch 229: val_AUC=0.9501288626203912, val_AP=0.9514424970776606
INFO - 11/06/25 18:33:41 - 0:43:49 - Epoch 230: train_loss=0.654955267906189, train_AUC=0.99863739174198, train_AP=0.9980089767084551, time=0.5021376609802246
INFO - 11/06/25 18:33:41 - 0:43:49 - Epoch 230: val_AUC=0.9497557963742523, val_AP=0.951173126147031
INFO - 11/06/25 18:33:41 - 0:43:50 - Epoch 231: train_loss=0.6531219482421875, train_AUC=0.9986443587251007, train_AP=0.9979986176469562, time=0.5329232215881348
INFO - 11/06/25 18:33:42 - 0:43:50 - Epoch 231: val_AUC=0.9499040454065608, val_AP=0.9513187422596754
INFO - 11/06/25 18:33:42 - 0:43:50 - Epoch 232: train_loss=0.6523447632789612, train_AUC=0.9987770493022796, train_AP=0.9981734495325305, time=0.49007081985473633
INFO - 11/06/25 18:33:42 - 0:43:50 - Epoch 232: val_AUC=0.9496692498924787, val_AP=0.9511669538780768
INFO - 11/06/25 18:33:43 - 0:43:51 - Epoch 233: train_loss=0.6522930860519409, train_AUC=0.9986287084625219, train_AP=0.9979057394053195, time=0.49440670013427734
INFO - 11/06/25 18:33:43 - 0:43:51 - Epoch 233: val_AUC=0.9496625298127174, val_AP=0.9512151888005616
INFO - 11/06/25 18:33:44 - 0:43:52 - Epoch 234: train_loss=0.6518611907958984, train_AUC=0.9987990788331637, train_AP=0.9982936635300931, time=0.527794361114502
INFO - 11/06/25 18:33:44 - 0:43:52 - Epoch 234: val_AUC=0.9504084586662149, val_AP=0.9518145834011664
INFO - 11/06/25 18:33:44 - 0:43:52 - Epoch 235: train_loss=0.6542725563049316, train_AUC=0.9985803569867638, train_AP=0.9978643272897276, time=0.5131161212921143
INFO - 11/06/25 18:33:44 - 0:43:53 - Epoch 235: val_AUC=0.950065530959611, val_AP=0.9515867362467182
INFO - 11/06/25 18:33:45 - 0:43:53 - Epoch 236: train_loss=0.6541278958320618, train_AUC=0.9986209390734379, train_AP=0.997994581943659, time=0.5025322437286377
INFO - 11/06/25 18:33:45 - 0:43:53 - Epoch 236: val_AUC=0.9498339936660193, val_AP=0.951368555059854
INFO - 11/06/25 18:33:46 - 0:43:54 - Epoch 237: train_loss=0.6535773277282715, train_AUC=0.9986968206821533, train_AP=0.9980388436482668, time=0.5402729511260986
INFO - 11/06/25 18:33:46 - 0:43:54 - Epoch 237: val_AUC=0.9503254758631026, val_AP=0.9517789053161729
INFO - 11/06/25 18:33:46 - 0:43:55 - Epoch 238: train_loss=0.6535403728485107, train_AUC=0.9986705570332349, train_AP=0.9980518053717029, time=0.5182280540466309
INFO - 11/06/25 18:33:47 - 0:43:55 - Epoch 238: val_AUC=0.9499701261908796, val_AP=0.9515971273232475
INFO - 11/06/25 18:33:47 - 0:43:55 - Epoch 239: train_loss=0.6537067890167236, train_AUC=0.9985965384294098, train_AP=0.9978813937291063, time=0.5049583911895752
INFO - 11/06/25 18:33:47 - 0:43:55 - Epoch 239: val_AUC=0.9496847264398075, val_AP=0.9514239116331359
INFO - 11/06/25 18:33:48 - 0:43:56 - Epoch 240: train_loss=0.652132511138916, train_AUC=0.9987734134663034, train_AP=0.9982144189155572, time=0.4340693950653076
INFO - 11/06/25 18:33:48 - 0:43:56 - Epoch 240: val_AUC=0.9497220941560557, val_AP=0.9515764815035465
INFO - 11/06/25 18:33:48 - 0:43:57 - Epoch 241: train_loss=0.6534227728843689, train_AUC=0.9986177067300126, train_AP=0.9977931575233463, time=0.5141463279724121
INFO - 11/06/25 18:33:49 - 0:43:57 - Epoch 241: val_AUC=0.9502459549192613, val_AP=0.9520462015686634
INFO - 11/06/25 18:33:49 - 0:43:57 - Epoch 242: train_loss=0.6544598340988159, train_AUC=0.9986952687064402, train_AP=0.9979598234290983, time=0.5109376907348633
INFO - 11/06/25 18:33:49 - 0:43:58 - Epoch 242: val_AUC=0.9496554024553949, val_AP=0.9516799216331806
INFO - 11/06/25 18:33:50 - 0:43:58 - Epoch 243: train_loss=0.6538774967193604, train_AUC=0.9987635616259221, train_AP=0.9981657351229706, time=0.4840667247772217
INFO - 11/06/25 18:33:50 - 0:43:58 - Epoch 243: val_AUC=0.9492095353451757, val_AP=0.951350658062931
INFO - 11/06/25 18:33:51 - 0:43:59 - Epoch 244: train_loss=0.6541649103164673, train_AUC=0.9988147500541071, train_AP=0.998356094805713, time=0.4877595901489258
INFO - 11/06/25 18:33:51 - 0:43:59 - Epoch 244: val_AUC=0.9495586740345893, val_AP=0.9516831636858288
INFO - 11/06/25 18:33:51 - 0:44:00 - Epoch 245: train_loss=0.654133677482605, train_AUC=0.9988004287984201, train_AP=0.9982398026196908, time=0.5230586528778076
INFO - 11/06/25 18:33:52 - 0:44:00 - Epoch 245: val_AUC=0.9493327368074652, val_AP=0.9515638756177236
INFO - 11/06/25 18:33:52 - 0:44:00 - Epoch 246: train_loss=0.6539413332939148, train_AUC=0.99868889313667, train_AP=0.9980535556285031, time=0.5124757289886475
INFO - 11/06/25 18:33:52 - 0:44:00 - Epoch 246: val_AUC=0.9488589711842977, val_AP=0.9512506103561926
INFO - 11/06/25 18:33:53 - 0:44:01 - Epoch 247: train_loss=0.652664065361023, train_AUC=0.9987703741511785, train_AP=0.9981714278027131, time=0.469681978225708
INFO - 11/06/25 18:33:53 - 0:44:01 - Epoch 247: val_AUC=0.9488461419411174, val_AP=0.9511911027227521
INFO - 11/06/25 18:33:53 - 0:44:02 - Epoch 248: train_loss=0.651451826095581, train_AUC=0.9987065543455371, train_AP=0.9980730637132768, time=0.433335542678833
INFO - 11/06/25 18:33:54 - 0:44:02 - Epoch 248: val_AUC=0.9488673203743043, val_AP=0.9512346472162422
INFO - 11/06/25 18:33:54 - 0:44:02 - Epoch 249: train_loss=0.6505023241043091, train_AUC=0.9987152467832722, train_AP=0.9979759043038681, time=0.4450981616973877
INFO - 11/06/25 18:33:54 - 0:44:02 - Epoch 249: val_AUC=0.9486317103050999, val_AP=0.9510183544066668
INFO - 11/06/25 18:33:55 - 0:44:03 - Epoch 250: train_loss=0.6489349007606506, train_AUC=0.9988209674674781, train_AP=0.9982912292811073, time=0.48435497283935547
INFO - 11/06/25 18:33:55 - 0:44:03 - Epoch 250: val_AUC=0.9485520875418681, val_AP=0.9509598026337107
INFO - 11/06/25 18:33:55 - 0:44:04 - Epoch 251: train_loss=0.6489473581314087, train_AUC=0.9987173715035403, train_AP=0.9979841683925702, time=0.5277540683746338
INFO - 11/06/25 18:33:56 - 0:44:04 - Epoch 251: val_AUC=0.9485636949523648, val_AP=0.9508913203466411
INFO - 11/06/25 18:33:56 - 0:44:04 - Epoch 252: train_loss=0.6470803022384644, train_AUC=0.998652039349346, train_AP=0.9977400339445448, time=0.5140731334686279
INFO - 11/06/25 18:33:56 - 0:44:05 - Epoch 252: val_AUC=0.9480829037912654, val_AP=0.9504770017031117
INFO - 11/06/25 18:33:57 - 0:44:05 - Epoch 253: train_loss=0.6471763849258423, train_AUC=0.9987883541385341, train_AP=0.9981774822127225, time=0.5341558456420898
INFO - 11/06/25 18:33:57 - 0:44:05 - Epoch 253: val_AUC=0.9478817086759896, val_AP=0.950331571482062
INFO - 11/06/25 18:33:58 - 0:44:06 - Epoch 254: train_loss=0.6457947492599487, train_AUC=0.9988713054087454, train_AP=0.9983543410396196, time=0.5382585525512695
INFO - 11/06/25 18:33:58 - 0:44:06 - Epoch 254: val_AUC=0.947921418238215, val_AP=0.950354323486382
INFO - 11/06/25 18:33:58 - 0:44:07 - Epoch 255: train_loss=0.6461741924285889, train_AUC=0.9988102441818143, train_AP=0.9981644314951462, time=0.45571231842041016
INFO - 11/06/25 18:33:59 - 0:44:07 - Epoch 255: val_AUC=0.9479910627011952, val_AP=0.9503984394430798
INFO - 11/06/25 18:33:59 - 0:44:07 - Epoch 256: train_loss=0.6445313692092896, train_AUC=0.9988775147205636, train_AP=0.9984086945126047, time=0.45108461380004883
INFO - 11/06/25 18:33:59 - 0:44:07 - Epoch 256: val_AUC=0.9477756128712742, val_AP=0.9501974422330717
INFO - 11/06/25 18:34:00 - 0:44:08 - Epoch 257: train_loss=0.6439674496650696, train_AUC=0.9988037345841823, train_AP=0.9980717776953506, time=0.5046029090881348
INFO - 11/06/25 18:34:00 - 0:44:08 - Epoch 257: val_AUC=0.9478741740411056, val_AP=0.950278729401117
INFO - 11/06/25 18:34:00 - 0:44:09 - Epoch 258: train_loss=0.6429637670516968, train_AUC=0.9987868032195453, train_AP=0.9981514718466856, time=0.5237081050872803
INFO - 11/06/25 18:34:01 - 0:44:09 - Epoch 258: val_AUC=0.9480423796739171, val_AP=0.9503930175099801
INFO - 11/06/25 18:34:01 - 0:44:09 - Epoch 259: train_loss=0.6429283618927002, train_AUC=0.9989326889365793, train_AP=0.9984523221414398, time=0.5128476619720459
INFO - 11/06/25 18:34:01 - 0:44:10 - Epoch 259: val_AUC=0.9477703182629775, val_AP=0.9501350602984691
INFO - 11/06/25 18:34:02 - 0:44:10 - Epoch 260: train_loss=0.6419132947921753, train_AUC=0.9988196095767894, train_AP=0.998128294361813, time=0.48317551612854004
INFO - 11/06/25 18:34:02 - 0:44:10 - Epoch 260: val_AUC=0.9476566878233784, val_AP=0.9500266470945918
INFO - 11/06/25 18:34:03 - 0:44:11 - Epoch 261: train_loss=0.6418145895004272, train_AUC=0.9987925968864834, train_AP=0.9980966163133324, time=0.4771864414215088
INFO - 11/06/25 18:34:03 - 0:44:11 - Epoch 261: val_AUC=0.947728979590507, val_AP=0.9500877565356974
INFO - 11/06/25 18:34:03 - 0:44:11 - Epoch 262: train_loss=0.6410366296768188, train_AUC=0.9988913118410119, train_AP=0.9983308451093716, time=0.4675633907318115
INFO - 11/06/25 18:34:03 - 0:44:12 - Epoch 262: val_AUC=0.9474257614461286, val_AP=0.9498481717139864
INFO - 11/06/25 18:34:04 - 0:44:12 - Epoch 263: train_loss=0.6410223841667175, train_AUC=0.998773550664338, train_AP=0.9981139937057086, time=0.5152623653411865
INFO - 11/06/25 18:34:04 - 0:44:12 - Epoch 263: val_AUC=0.9474394052444316, val_AP=0.9498422981453969
INFO - 11/06/25 18:34:05 - 0:44:13 - Epoch 264: train_loss=0.6393468976020813, train_AUC=0.9988775177146156, train_AP=0.9983593483260818, time=0.4933145046234131
INFO - 11/06/25 18:34:05 - 0:44:13 - Epoch 264: val_AUC=0.9473141673943359, val_AP=0.9497582553559876
INFO - 11/06/25 18:34:05 - 0:44:13 - Epoch 265: train_loss=0.6392017602920532, train_AUC=0.9988853253218942, train_AP=0.9982094073473196, time=0.4634063243865967
INFO - 11/06/25 18:34:06 - 0:44:14 - Epoch 265: val_AUC=0.947146165400305, val_AP=0.9496518331211712
INFO - 11/06/25 18:34:06 - 0:44:14 - Epoch 266: train_loss=0.6385735869407654, train_AUC=0.99892598948082, train_AP=0.9983439133314501, time=0.5051465034484863
INFO - 11/06/25 18:34:06 - 0:44:14 - Epoch 266: val_AUC=0.947115212305647, val_AP=0.9496116377934702
INFO - 11/06/25 18:34:07 - 0:44:15 - Epoch 267: train_loss=0.6373497247695923, train_AUC=0.9988932467031527, train_AP=0.9983004295759121, time=0.5170862674713135
INFO - 11/06/25 18:34:07 - 0:44:15 - Epoch 267: val_AUC=0.9468327653168946, val_AP=0.9493796218135838
INFO - 11/06/25 18:34:07 - 0:44:16 - Epoch 268: train_loss=0.6380475759506226, train_AUC=0.9988392871916869, train_AP=0.9982513025097987, time=0.525470495223999
INFO - 11/06/25 18:34:08 - 0:44:16 - Epoch 268: val_AUC=0.9468590347195976, val_AP=0.9494127847769367
INFO - 11/06/25 18:34:08 - 0:44:16 - Epoch 269: train_loss=0.637322187423706, train_AUC=0.9987670660758472, train_AP=0.9979151217050777, time=0.521230936050415
INFO - 11/06/25 18:34:08 - 0:44:17 - Epoch 269: val_AUC=0.9466295338138122, val_AP=0.9492503666433374
INFO - 11/06/25 18:34:09 - 0:44:17 - Epoch 270: train_loss=0.6364368200302124, train_AUC=0.9989087308839002, train_AP=0.9982808702028868, time=0.5382487773895264
INFO - 11/06/25 18:34:09 - 0:44:17 - Epoch 270: val_AUC=0.9464971686063939, val_AP=0.9491494744994249
INFO - 11/06/25 18:34:10 - 0:44:18 - Epoch 271: train_loss=0.6357499361038208, train_AUC=0.9990395954415383, train_AP=0.9985196862702316, time=0.5192384719848633
INFO - 11/06/25 18:34:10 - 0:44:18 - Epoch 271: val_AUC=0.9465855478371933, val_AP=0.9492310177875845
INFO - 11/06/25 18:34:10 - 0:44:19 - Epoch 272: train_loss=0.6353085041046143, train_AUC=0.9988213003356236, train_AP=0.9980078806192938, time=0.49849867820739746
INFO - 11/06/25 18:34:11 - 0:44:19 - Epoch 272: val_AUC=0.946065861668991, val_AP=0.948847093109672
INFO - 11/06/25 18:34:11 - 0:44:19 - Epoch 273: train_loss=0.6349503993988037, train_AUC=0.9989737592298665, train_AP=0.9983879873614243, time=0.5159027576446533
INFO - 11/06/25 18:34:11 - 0:44:20 - Epoch 273: val_AUC=0.9463088027342985, val_AP=0.9490644435901797
INFO - 11/06/25 18:34:12 - 0:44:20 - Epoch 274: train_loss=0.6352348327636719, train_AUC=0.9988250818234284, train_AP=0.9982601220743474, time=0.4767274856567383
INFO - 11/06/25 18:34:12 - 0:44:20 - Epoch 274: val_AUC=0.945765901745103, val_AP=0.9487127807244309
INFO - 11/06/25 18:34:13 - 0:44:21 - Epoch 275: train_loss=0.633710503578186, train_AUC=0.9989932006668895, train_AP=0.9983558297549368, time=0.5000202655792236
INFO - 11/06/25 18:34:13 - 0:44:21 - Epoch 275: val_AUC=0.9459636350011077, val_AP=0.9488809748452457
INFO - 11/06/25 18:34:13 - 0:44:21 - Epoch 276: train_loss=0.633673906326294, train_AUC=0.9989250981338971, train_AP=0.9983102625517871, time=0.5000338554382324
INFO - 11/06/25 18:34:13 - 0:44:22 - Epoch 276: val_AUC=0.9458216987709994, val_AP=0.948771055109416
INFO - 11/06/25 18:34:14 - 0:44:22 - Epoch 277: train_loss=0.6334844827651978, train_AUC=0.9988948907899982, train_AP=0.998369624327772, time=0.3979363441467285
INFO - 11/06/25 18:34:14 - 0:44:22 - Epoch 277: val_AUC=0.9458276042956378, val_AP=0.9487691197794159
INFO - 11/06/25 18:34:15 - 0:44:23 - Epoch 278: train_loss=0.631811261177063, train_AUC=0.9990246850620702, train_AP=0.998501173901747, time=0.5173983573913574
INFO - 11/06/25 18:34:15 - 0:44:23 - Epoch 278: val_AUC=0.9457718072697416, val_AP=0.9487227907863647
INFO - 11/06/25 18:34:15 - 0:44:23 - Epoch 279: train_loss=0.6318811178207397, train_AUC=0.9989295818149803, train_AP=0.9983326020928708, time=0.4376821517944336
INFO - 11/06/25 18:34:15 - 0:44:24 - Epoch 279: val_AUC=0.9455687794054399, val_AP=0.948614585032276
INFO - 11/06/25 18:34:16 - 0:44:24 - Epoch 280: train_loss=0.6313728094100952, train_AUC=0.9990030801582226, train_AP=0.9986012590508461, time=0.5296761989593506
INFO - 11/06/25 18:34:16 - 0:44:24 - Epoch 280: val_AUC=0.9457129556621354, val_AP=0.9487228230062216
INFO - 11/06/25 18:34:17 - 0:44:25 - Epoch 281: train_loss=0.6306003928184509, train_AUC=0.9991353561472457, train_AP=0.9987554002704115, time=0.5057580471038818
INFO - 11/06/25 18:34:17 - 0:44:25 - Epoch 281: val_AUC=0.9453431476364869, val_AP=0.9484784116339275
INFO - 11/06/25 18:34:17 - 0:44:26 - Epoch 282: train_loss=0.6314865350723267, train_AUC=0.9989849196471373, train_AP=0.9985141495276844, time=0.4768202304840088
INFO - 11/06/25 18:34:18 - 0:44:26 - Epoch 282: val_AUC=0.9457599962204642, val_AP=0.9487761726011505
INFO - 11/06/25 18:34:18 - 0:44:26 - Epoch 283: train_loss=0.630385160446167, train_AUC=0.9990502445803825, train_AP=0.9984415494362394, time=0.5132057666778564
INFO - 11/06/25 18:34:18 - 0:44:27 - Epoch 283: val_AUC=0.9449425901549608, val_AP=0.9482026934856888
INFO - 11/06/25 18:34:19 - 0:44:27 - Epoch 284: train_loss=0.6306876540184021, train_AUC=0.9989625063492221, train_AP=0.9984047751060637, time=0.5211467742919922
INFO - 11/06/25 18:34:19 - 0:44:27 - Epoch 284: val_AUC=0.9459210744959532, val_AP=0.9489171016424179
INFO - 11/06/25 18:34:20 - 0:44:28 - Epoch 285: train_loss=0.6301860809326172, train_AUC=0.9990337741236484, train_AP=0.9985915532247196, time=0.5312390327453613
INFO - 11/06/25 18:34:20 - 0:44:28 - Epoch 285: val_AUC=0.9448383270992715, val_AP=0.9481347798439974
INFO - 11/06/25 18:34:20 - 0:44:28 - Epoch 286: train_loss=0.6296664476394653, train_AUC=0.9988790799053301, train_AP=0.9980246218822432, time=0.4593541622161865
INFO - 11/06/25 18:34:20 - 0:44:29 - Epoch 286: val_AUC=0.9454091266014155, val_AP=0.9485554038389474
INFO - 11/06/25 18:34:21 - 0:44:29 - Epoch 287: train_loss=0.6281734704971313, train_AUC=0.9990917831786427, train_AP=0.9985410256129994, time=0.5139555931091309
INFO - 11/06/25 18:34:21 - 0:44:29 - Epoch 287: val_AUC=0.9450831009136049, val_AP=0.948348572966971
INFO - 11/06/25 18:34:22 - 0:44:30 - Epoch 288: train_loss=0.6278365850448608, train_AUC=0.9990803904581529, train_AP=0.9986727680935462, time=0.4935460090637207
INFO - 11/06/25 18:34:22 - 0:44:30 - Epoch 288: val_AUC=0.94478721376533, val_AP=0.9481059226325432
INFO - 11/06/25 18:34:22 - 0:44:31 - Epoch 289: train_loss=0.6268811821937561, train_AUC=0.998941965390595, train_AP=0.9984342791904901, time=0.5052280426025391
INFO - 11/06/25 18:34:23 - 0:44:31 - Epoch 289: val_AUC=0.9452637285120359, val_AP=0.9484124976374043
INFO - 11/06/25 18:34:23 - 0:44:31 - Epoch 290: train_loss=0.627488374710083, train_AUC=0.998968971388314, train_AP=0.9983178948616591, time=0.44940829277038574
INFO - 11/06/25 18:34:23 - 0:44:31 - Epoch 290: val_AUC=0.9443587577708559, val_AP=0.9478001836436861
INFO - 11/06/25 18:34:24 - 0:44:32 - Epoch 291: train_loss=0.6276102066040039, train_AUC=0.9988572553789549, train_AP=0.9981875158314989, time=0.5146875381469727
INFO - 11/06/25 18:34:24 - 0:44:32 - Epoch 291: val_AUC=0.9451877712468559, val_AP=0.9484022936277174
INFO - 11/06/25 18:34:25 - 0:44:33 - Epoch 292: train_loss=0.6263951063156128, train_AUC=0.9990146761220138, train_AP=0.9982800552989061, time=0.5103025436401367
INFO - 11/06/25 18:34:25 - 0:44:33 - Epoch 292: val_AUC=0.9444540607201971, val_AP=0.9478933659782062
INFO - 11/06/25 18:34:25 - 0:44:33 - Epoch 293: train_loss=0.6251206398010254, train_AUC=0.999028098633708, train_AP=0.9984590045178412, time=0.4959144592285156
INFO - 11/06/25 18:34:25 - 0:44:34 - Epoch 293: val_AUC=0.9448208141641361, val_AP=0.9481669516500304
INFO - 11/06/25 18:34:26 - 0:44:34 - Epoch 294: train_loss=0.624691367149353, train_AUC=0.9990567152553371, train_AP=0.9985710554494965, time=0.5030355453491211
INFO - 11/06/25 18:34:26 - 0:44:34 - Epoch 294: val_AUC=0.9448692801939292, val_AP=0.948233660344783
INFO - 11/06/25 18:34:27 - 0:44:35 - Epoch 295: train_loss=0.6242748498916626, train_AUC=0.9990645263850298, train_AP=0.9984441280858827, time=0.42235660552978516
INFO - 11/06/25 18:34:27 - 0:44:35 - Epoch 295: val_AUC=0.9444266713042005, val_AP=0.9479548316582572
INFO - 11/06/25 18:34:27 - 0:44:35 - Epoch 296: train_loss=0.6244986057281494, train_AUC=0.9990810915947069, train_AP=0.9987341227087682, time=0.4559330940246582
INFO - 11/06/25 18:34:27 - 0:44:36 - Epoch 296: val_AUC=0.9449987944584186, val_AP=0.9483441887764388
INFO - 11/06/25 18:34:28 - 0:44:36 - Epoch 297: train_loss=0.6247051358222961, train_AUC=0.9990780274465615, train_AP=0.998596957309275, time=0.5030391216278076
INFO - 11/06/25 18:34:28 - 0:44:36 - Epoch 297: val_AUC=0.9440750889494194, val_AP=0.9476989276460116
INFO - 11/06/25 18:34:29 - 0:44:37 - Epoch 298: train_loss=0.6251928210258484, train_AUC=0.998920610049796, train_AP=0.9982915888311902, time=0.5202980041503906
INFO - 11/06/25 18:34:29 - 0:44:37 - Epoch 298: val_AUC=0.9448090031148587, val_AP=0.9482885296759525
INFO - 11/06/25 18:34:29 - 0:44:38 - Epoch 299: train_loss=0.6234564781188965, train_AUC=0.99919075016191, train_AP=0.9987256595397301, time=0.5031623840332031
INFO - 11/06/25 18:34:30 - 0:44:38 - Epoch 299: val_AUC=0.9441280350323866, val_AP=0.9478442750730519
INFO - 11/06/25 18:34:30 - 0:44:38 - Epoch 300: train_loss=0.6236334443092346, train_AUC=0.9988608931522588, train_AP=0.9981005376451445, time=0.494340181350708
INFO - 11/06/25 18:34:30 - 0:44:39 - Epoch 300: val_AUC=0.9443212882352174, val_AP=0.9479673606043519
INFO - 11/06/25 18:34:30 - 0:44:39 - best_epoch=110
INFO - 11/06/25 18:34:30 - 0:44:39 - test_auc= 95.83%, test_ap= 95.69%
INFO - 11/06/25 18:34:30 - 0:44:39 - ----LP Task----
INFO - 11/06/25 18:34:30 - 0:44:39 - test AUC: 0.9589093366548177~0.004067966823291173
INFO - 11/06/25 18:34:30 - 0:44:39 - test AP: 0.9579632671453254~0.003764291719037955
